time_wall_s,pid,event,frame_idx,mapping_iteration,gaussian_count,retained_keyframes,window_keyframes,cuda_allocated_bytes,cuda_reserved_bytes,cuda_peak_allocated_bytes,cuda_peak_reserved_bytes,mapping_enqueue_ms,count_before,count_after,attempted_growth,admitted_growth,rejected_growth,protected_rows,policy_wall_ms,row_ceiling,row_violation
1791253981.155693,382892,tracking_feedback_accumulate,1,,21497,,,24059392,69206016,62274560,69206016,,,,,,,,273.41299992986023,,
1791253981.164019,382892,frontend_frame,1,0,21497,1,1,25312256,73400320,62274560,73400320,,,,,,,,,,
1791253981.7930164,382892,tracking_feedback_accumulate,2,,21497,,,29472768,96468992,74750464,96468992,,,,,,,,3.3790001180022955,,
1791253981.7985203,382892,frontend_frame,2,0,21497,1,1,30552064,98566144,74750464,98566144,,,,,,,,,,
1791253982.3097093,382892,tracking_feedback_accumulate,3,,21497,,,34384896,102760448,79815680,102760448,,,,,,,,3.3909999765455723,,
1791253982.3147206,382892,frontend_frame,3,0,21497,1,1,35464192,104857600,79815680,104857600,,,,,,,,,,
1791253982.879666,382892,tracking_feedback_accumulate,4,,21497,,,34385920,104857600,79816704,104857600,,,,,,,,5.750300129875541,,
1791253982.8855524,382892,frontend_frame,4,0,21497,1,1,35465216,104857600,79816704,104857600,,,,,,,,,,
1791253983.3855948,382892,tracking_feedback_accumulate,5,,21497,,,39461888,106954752,84892672,106954752,,,,,,,,3.0274998862296343,,
1791253983.3902836,382892,frontend_frame,5,0,21497,1,1,40541696,109051904,84892672,109051904,,,,,,,,,,
1791253983.9486575,382892,tracking_feedback_accumulate,6,,21497,,,34388480,109051904,84892672,109051904,,,,,,,,2.7417000383138657,,
1791253983.954835,382892,frontend_frame,6,0,21497,2,2,39463424,109051904,84892672,109051904,,,,,,,,,,
1791253987.1516008,382892,tracking_feedback_accumulate,7,,10462,,,42912256,109051904,84892672,109051904,,,,,,,,2.767800120636821,,
1791253987.1576,382892,frontend_frame,7,0,10462,2,2,26078208,109051904,84892672,109051904,,,,,,,,,,
1791253987.6971421,382892,tracking_feedback_accumulate,8,,10462,,,29911040,109051904,84892672,109051904,,,,,,,,3.059400012716651,,
1791253987.7026625,382892,frontend_frame,8,0,10462,2,2,28390400,109051904,84892672,109051904,,,,,,,,,,
1791253988.3110056,382892,tracking_feedback_accumulate,9,,10462,,,32468992,109051904,84892672,109051904,,,,,,,,2.967699896544218,,
1791253988.3160288,382892,frontend_frame,9,0,10462,2,2,25916416,109051904,84892672,109051904,,,,,,,,,,
1791253988.9606874,382892,tracking_feedback_accumulate,10,,10462,,,29913088,109051904,84892672,109051904,,,,,,,,2.6645998004823923,,
1791253988.9671948,382892,frontend_frame,10,0,10462,2,2,28392448,50331648,84892672,109051904,,,,,,,,,,
1791253989.6044905,382892,tracking_feedback_accumulate,11,,10462,,,32471040,96468992,84892672,109051904,,,,,,,,3.1665998976677656,,
1791253989.6102066,382892,frontend_frame,11,0,10462,3,3,29996544,96468992,84892672,109051904,,,,,,,,,,
1791253993.8002133,382892,tracking_feedback_accumulate,12,,10764,,,34180608,96468992,84892672,109051904,,,,,,,,3.227700013667345,,
1791253993.804218,382892,frontend_frame,12,0,10764,3,3,32736256,96468992,84892672,109051904,,,,,,,,,,
1791253994.4016771,382892,tracking_feedback_accumulate,13,,10764,,,31544832,96468992,84892672,109051904,,,,,,,,3.1066001392900944,,
1791253994.406895,382892,frontend_frame,13,0,10764,3,3,30098432,96468992,84892672,109051904,,,,,,,,,,
1791253994.9703586,382892,tracking_feedback_accumulate,14,,10764,,,34095104,96468992,84892672,109051904,,,,,,,,2.7703000232577324,,
1791253994.9753628,382892,frontend_frame,14,0,10764,3,3,32648704,96468992,84892672,109051904,,,,,,,,,,
1791253995.5252285,382892,tracking_feedback_accumulate,15,,10764,,,36645376,96468992,84892672,109051904,,,,,,,,2.914499957114458,,
1791253995.5304005,382892,frontend_frame,15,0,10764,3,3,30100480,96468992,84892672,109051904,,,,,,,,,,
1791253996.1929672,382892,tracking_feedback_accumulate,16,,10764,,,34097152,96468992,84892672,109051904,,,,,,,,4.215799970552325,,
1791253996.2044928,382892,frontend_frame,16,0,10764,4,4,36646912,96468992,84892672,109051904,,,,,,,,,,
1791254001.532593,382892,tracking_feedback_accumulate,17,,11386,,,35585024,96468992,84892672,109051904,,,,,,,,2.727600047364831,,
1791254001.536595,382892,frontend_frame,17,0,11386,4,4,34281984,96468992,84892672,109051904,,,,,,,,,,
1791254002.0201142,382892,tracking_feedback_accumulate,18,,11386,,,38278656,96468992,84892672,109051904,,,,,,,,2.6746001094579697,,
1791254002.0246758,382892,frontend_frame,18,0,11386,4,4,36971520,96468992,84892672,109051904,,,,,,,,,,
1791254002.635339,382892,tracking_feedback_accumulate,19,,11386,,,41132032,96468992,84892672,109051904,,,,,,,,2.8880999889224768,,
1791254002.6398468,382892,frontend_frame,19,0,11386,4,4,34447872,96468992,84892672,109051904,,,,,,,,,,
1791254003.156545,382892,tracking_feedback_accumulate,20,,11386,,,38280704,96468992,84892672,109051904,,,,,,,,2.8204000554978848,,
1791254003.1617098,382892,frontend_frame,20,0,11386,4,4,36973568,73400320,84892672,109051904,,,,,,,,,,
1791254003.6415093,382892,tracking_feedback_accumulate,21,,11386,,,41134080,96468992,84892672,109051904,,,,,,,,3.1338001135736704,,
1791254003.647018,382892,frontend_frame,21,0,11386,5,5,38446080,96468992,84892672,109051904,,,,,,,,,,
1791254009.7950785,382892,tracking_feedback_accumulate,22,,12315,,,39655424,96468992,84892672,109051904,,,,,,,,3.2059000805020332,,
1791254009.8015935,382892,frontend_frame,22,0,12315,5,5,38578688,96468992,84892672,109051904,,,,,,,,,,
1791254010.3967311,382892,tracking_feedback_accumulate,23,,12315,,,42575360,96468992,84892672,109051904,,,,,,,,2.842299873009324,,
1791254010.4014003,382892,frontend_frame,23,0,12315,5,5,41491456,96468992,84892672,109051904,,,,,,,,,,
1791254011.026448,382892,tracking_feedback_accumulate,24,,12315,,,45488128,98566144,84892672,109051904,,,,,,,,2.792899962514639,,
1791254011.0311959,382892,frontend_frame,24,0,12315,5,5,41492480,98566144,84892672,109051904,,,,,,,,,,
1791254011.572154,382892,tracking_feedback_accumulate,25,,12315,,,45489152,98566144,84892672,109051904,,,,,,,,5.770399933680892,,
1791254011.5786588,382892,frontend_frame,25,0,12315,5,5,44405248,98566144,84892672,109051904,,,,,,,,,,
1791254012.153677,382892,tracking_feedback_accumulate,26,,12315,,,48565760,100663296,85244416,109051904,,,,,,,,2.739100018516183,,
1791254012.1603496,382892,frontend_frame,26,0,12315,6,6,45654528,100663296,85244416,109051904,,,,,,,,,,
1791254019.2378764,382892,tracking_feedback_accumulate,27,,13380,,,49558528,100663296,86843392,109051904,,,,,,,,2.8789001516997814,,
1791254019.2425556,382892,frontend_frame,27,0,13380,6,6,48734720,100663296,86843392,109051904,,,,,,,,,,
1791254019.7371662,382892,tracking_feedback_accumulate,28,,13380,,,52731392,102760448,91129856,109051904,,,,,,,,2.825200092047453,,
1791254019.7426825,382892,frontend_frame,28,0,13380,6,6,51899392,102760448,91129856,109051904,,,,,,,,,,
1791254020.214116,382892,tracking_feedback_accumulate,29,,13380,,,49732608,102760448,91129856,109051904,,,,,,,,2.7916000690311193,,
1791254020.2186248,382892,frontend_frame,29,0,13380,6,6,48900608,102760448,91129856,109051904,,,,,,,,,,
1791254020.7387698,382892,tracking_feedback_accumulate,30,,13380,,,52733440,102760448,91129856,109051904,,,,,,,,2.989299828186631,,
1791254020.743778,382892,frontend_frame,30,0,13380,6,6,51901440,79691776,91129856,109051904,,,,,,,,,,
1791254021.2579165,382892,tracking_feedback_accumulate,31,,13380,,,49570816,100663296,91129856,109051904,,,,,,,,2.820200053974986,,
1791254021.2645895,382892,frontend_frame,31,0,13380,7,7,52734976,100663296,91129856,109051904,,,,,,,,,,
1791254029.3248234,382892,tracking_feedback_accumulate,32,,15024,,,56842240,102760448,95264768,109051904,,,,,,,,3.177100094035268,,
1791254029.3313386,382892,frontend_frame,32,0,15024,7,7,56413184,102760448,95264768,109051904,,,,,,,,,,
1791254029.8035114,382892,tracking_feedback_accumulate,33,,15024,,,60491776,104857600,98929152,109051904,,,,,,,,2.5326001923531294,,
1791254029.8131897,382892,frontend_frame,33,0,15024,7,7,53332480,104857600,98929152,109051904,,,,,,,,,,
1791254030.3386636,382892,tracking_feedback_accumulate,34,,15024,,,57247232,104857600,98929152,109051904,,,,,,,,2.672000089660287,,
1791254030.3423593,382892,frontend_frame,34,0,15024,7,7,56805888,104857600,98929152,109051904,,,,,,,,,,
1791254030.846912,382892,tracking_feedback_accumulate,35,,15024,,,60802560,106954752,98929152,109051904,,,,,,,,2.759200055152178,,
1791254030.8524427,382892,frontend_frame,35,0,15024,7,7,60361216,106954752,98929152,109051904,,,,,,,,,,
1791254031.2361453,382892,tracking_feedback_accumulate,36,,15024,,,47871488,106954752,98929152,109051904,,,,,,,,2.652799943462014,,
1791254031.243162,382892,frontend_frame,36,0,15024,8,7,51426304,106954752,98929152,109051904,,,,,,,,,,
1791254040.2555258,382892,tracking_feedback_accumulate,37,,16693,,,55697408,127926272,98929152,127926272,,,,,,,,2.65339994803071,,
1791254040.2605445,382892,frontend_frame,37,0,16693,8,7,55661568,127926272,98929152,127926272,,,,,,,,,,
1791254040.711728,382892,tracking_feedback_accumulate,38,,16693,,,51993088,127926272,98929152,127926272,,,,,,,,2.6666000485420227,,
1791254040.716234,382892,frontend_frame,38,0,16693,8,7,51944448,127926272,98929152,127926272,,,,,,,,,,
1791254041.2253852,382892,tracking_feedback_accumulate,39,,16693,,,56023040,127926272,98929152,127926272,,,,,,,,3.493000054731965,,
1791254041.2303953,382892,frontend_frame,39,0,16693,8,7,55974400,127926272,98929152,127926272,,,,,,,,,,
1791254041.8125708,382892,tracking_feedback_accumulate,40,,16693,,,60052992,127926272,98929152,127926272,,,,,,,,5.435599945485592,,
1791254041.8222604,382892,frontend_frame,40,0,16693,8,7,52110336,77594624,98929152,127926272,,,,,,,,,,
1791254042.3161788,382892,tracking_feedback_accumulate,41,,16693,,,55943168,119537664,98929152,127926272,,,,,,,,2.74379993788898,,
1791254042.3231905,382892,frontend_frame,41,0,16693,9,7,59890688,119537664,98929152,127926272,,,,,,,,,,
1791254052.1952205,382892,tracking_feedback_accumulate,42,,15737,,,63825408,121634816,102607872,127926272,,,,,,,,2.64739990234375,,
1791254052.200232,382892,frontend_frame,42,0,15737,9,7,55643136,121634816,102607872,127926272,,,,,,,,,,
1791254052.7111244,382892,tracking_feedback_accumulate,43,,15737,,,59803648,121634816,102607872,127926272,,,,,,,,2.754699904471636,,
1791254052.7171264,382892,frontend_frame,43,0,15737,9,7,59523584,121634816,102607872,127926272,,,,,,,,,,
1791254053.1634007,382892,tracking_feedback_accumulate,44,,15737,,,63438336,121634816,102607872,127926272,,,,,,,,2.901999978348613,,
1791254053.1679168,382892,frontend_frame,44,0,15737,9,7,63158272,123731968,102607872,127926272,,,,,,,,,,
1791254053.6112742,382892,tracking_feedback_accumulate,45,,15737,,,55926272,123731968,102607872,127926272,,,,,,,,2.857800107449293,,
1791254053.6152792,382892,frontend_frame,45,0,15737,9,7,55646208,123731968,102607872,127926272,,,,,,,,,,
1791254054.1167433,382892,tracking_feedback_accumulate,46,,15737,,,59724800,123731968,102607872,127926272,,,,,,,,2.7495999820530415,,
1791254054.1258204,382892,frontend_frame,46,0,15737,10,7,63440896,123731968,102607872,127926272,,,,,,,,,,
1791254063.784459,382892,tracking_feedback_accumulate,47,,17169,,,60022784,123731968,102607872,127926272,,,,,,,,2.772699808701873,,
1791254063.7901158,382892,frontend_frame,47,0,17169,10,7,60098048,123731968,102607872,127926272,,,,,,,,,,
1791254064.296322,382892,tracking_feedback_accumulate,48,,17169,,,64176640,123731968,102964224,127926272,,,,,,,,2.7538000140339136,,
1791254064.3013337,382892,frontend_frame,48,0,17169,10,7,64240640,123731968,102964224,127926272,,,,,,,,,,
1791254064.8073385,382892,tracking_feedback_accumulate,49,,17169,,,68319232,123731968,107024896,127926272,,,,,,,,2.999299904331565,,
1791254064.8133469,382892,frontend_frame,49,0,17169,10,7,60263936,123731968,107024896,127926272,,,,,,,,,,
1791254065.275158,382892,tracking_feedback_accumulate,50,,17169,,,64178688,123731968,107024896,127926272,,,,,,,,2.5722000282257795,,
1791254065.2796729,382892,frontend_frame,50,0,17169,10,7,64242688,79691776,107024896,127926272,,,,,,,,,,
1791254065.7633224,382892,tracking_feedback_accumulate,51,,17169,,,68157440,123731968,107026944,127926272,,,,,,,,2.7239001356065273,,
1791254065.7716339,382892,frontend_frame,51,0,17169,11,7,72217600,125829120,107026944,127926272,,,,,,,,,,
1791254075.5462162,382892,tracking_feedback_accumulate,52,,18597,,,64211456,125829120,107026944,127926272,,,,,,,,3.1620999798178673,,
1791254075.5502288,382892,frontend_frame,52,0,18597,11,7,64620544,125829120,107026944,127926272,,,,,,,,,,
1791254076.0246346,382892,tracking_feedback_accumulate,53,,18597,,,68699136,125829120,108770816,127926272,,,,,,,,3.035800065845251,,
1791254076.0300121,382892,frontend_frame,53,0,18597,11,7,69097472,125829120,108770816,127926272,,,,,,,,,,
1791254076.4997222,382892,tracking_feedback_accumulate,54,,18597,,,64142336,125829120,108770816,127926272,,,,,,,,2.7316000778228045,,
1791254076.504227,382892,frontend_frame,54,0,18597,11,7,64540672,125829120,108770816,127926272,,,,,,,,,,
1791254076.9341102,382892,tracking_feedback_accumulate,55,,18597,,,68701184,125829120,108772864,127926272,,,,,,,,2.719499869272113,,
1791254076.9400241,382892,frontend_frame,55,0,18597,11,7,69099520,125829120,108772864,127926272,,,,,,,,,,
1791254077.3915548,382892,tracking_feedback_accumulate,56,,18597,,,73014272,125829120,113167872,127926272,,,,,,,,2.8707999736070633,,
1791254077.399567,382892,frontend_frame,56,0,18597,12,7,68620800,125829120,113167872,127926272,,,,,,,,,,
1791254087.39126,382892,tracking_feedback_accumulate,57,,20272,,,72648192,125829120,113479680,127926272,,,,,,,,2.84920004196465,,
1791254087.3957703,382892,frontend_frame,57,0,20272,12,7,73458176,125829120,113479680,127926272,,,,,,,,,,
1791254087.8753645,382892,tracking_feedback_accumulate,58,,20272,,,77536768,125829120,118374912,127926272,,,,,,,,4.0293000638484955,,
1791254087.880373,382892,frontend_frame,58,0,20272,12,7,69147136,125829120,118374912,127926272,,,,,,,,,,
1791254088.4603798,382892,tracking_feedback_accumulate,59,,20272,,,73061888,125829120,118374912,127926272,,,,,,,,3.225899999961257,,
1791254088.4643838,382892,frontend_frame,59,0,20272,12,7,73859072,125829120,118374912,127926272,,,,,,,,,,
1791254088.96718,382892,tracking_feedback_accumulate,60,,20272,,,77937664,127926272,118669824,127926272,,,,,,,,2.79699987731874,,
1791254088.9736946,382892,frontend_frame,60,0,20272,12,7,78734848,106954752,118669824,127926272,,,,,,,,,,
1791254089.4417999,382892,tracking_feedback_accumulate,61,,20272,,,73063936,127926272,118669824,127926272,,,,,,,,3.975499887019396,,
1791254089.4488082,382892,frontend_frame,61,0,20272,13,8,77857280,127926272,118669824,127926272,,,,,,,,,,
1791254100.3361015,382892,tracking_feedback_accumulate,62,,21474,,,82015232,148897792,123689984,148897792,,,,,,,,3.2227998599410057,,
1791254100.3431308,382892,frontend_frame,62,0,21474,13,8,83103744,150994944,123689984,150994944,,,,,,,,,,
1791254100.8658934,382892,tracking_feedback_accumulate,63,,21474,,,72357888,153092096,128321536,153092096,,,,,,,,2.8478000313043594,,
1791254100.8710904,382892,frontend_frame,63,0,21474,13,8,73437184,153092096,128321536,153092096,,,,,,,,,,
1791254101.4244063,382892,tracking_feedback_accumulate,64,,21474,,,77515776,153092096,128321536,153092096,,,,,,,,3.02239996381104,,
1791254101.428907,382892,frontend_frame,64,0,21474,13,8,78595072,153092096,128321536,153092096,,,,,,,,,,
1791254101.8601573,382892,tracking_feedback_accumulate,65,,21474,,,82509824,153092096,128321536,153092096,,,,,,,,3.3379998058080673,,
1791254101.8661613,382892,frontend_frame,65,0,21474,13,8,73439232,153092096,128321536,153092096,,,,,,,,,,
1791254102.427695,382892,tracking_feedback_accumulate,66,,21474,,,77599744,153092096,128321536,153092096,,,,,,,,3.1121999491006136,,
1791254102.4795518,382892,frontend_frame,66,0,21474,14,8,82675200,153092096,128321536,153092096,,,,,,,,,,
1791254113.6834943,382892,tracking_feedback_accumulate,67,,22560,,,86581760,153092096,128321536,153092096,,,,,,,,2.948000095784664,,
1791254113.6889997,382892,frontend_frame,67,0,22560,14,8,77772800,153092096,128321536,153092096,,,,,,,,,,
1791254114.2845085,382892,tracking_feedback_accumulate,68,,22560,,,81851392,153092096,128321536,153092096,,,,,,,,3.2232000958174467,,
1791254114.2895136,382892,frontend_frame,68,0,22560,14,8,83184128,153092096,128321536,153092096,,,,,,,,,,
1791254114.808708,382892,tracking_feedback_accumulate,69,,22560,,,87262720,153092096,128788480,153092096,,,,,,,,2.777799963951111,,
1791254114.813272,382892,frontend_frame,69,0,22560,14,8,88595456,153092096,128788480,153092096,,,,,,,,,,
1791254115.3416789,382892,tracking_feedback_accumulate,70,,22560,,,81771520,153092096,128788480,153092096,,,,,,,,2.8849998489022255,,
1791254115.3477287,382892,frontend_frame,70,0,22560,14,8,83104256,104857600,128788480,153092096,,,,,,,,,,
1791254116.0078948,382892,tracking_feedback_accumulate,71,,22560,,,87182848,150994944,128790528,153092096,,,,,,,,2.8180000372231007,,
1791254116.0563393,382892,frontend_frame,71,0,22560,15,8,92511744,153092096,128790528,153092096,,,,,,,,,,
1791254127.226216,382892,tracking_feedback_accumulate,72,,23692,,,85847040,153092096,128790528,153092096,,,,,,,,3.1600999645888805,,
1791254127.231373,382892,frontend_frame,72,0,23692,15,8,87460352,153092096,128790528,153092096,,,,,,,,,,
1791254127.7468069,382892,tracking_feedback_accumulate,73,,23692,,,91538944,153092096,133499392,153092096,,,,,,,,3.4885001368820667,,
1791254127.751317,382892,frontend_frame,73,0,23692,15,8,93143552,153092096,133499392,153092096,,,,,,,,,,
1791254128.336277,382892,tracking_feedback_accumulate,74,,23692,,,97222144,157286400,139100672,157286400,,,,,,,,2.5637999642640352,,
1791254128.3412852,382892,frontend_frame,74,0,23692,15,8,87626240,157286400,139100672,157286400,,,,,,,,,,
1791254128.870048,382892,tracking_feedback_accumulate,75,,23692,,,91540992,157286400,139100672,157286400,,,,,,,,2.9126000590622425,,
1791254128.8750513,382892,frontend_frame,75,0,23692,15,8,93145600,157286400,139100672,157286400,,,,,,,,,,
1791254129.3874145,382892,tracking_feedback_accumulate,76,,23692,,,97224192,157286400,139102720,157286400,,,,,,,,2.876400016248226,,
1791254129.4396613,382892,frontend_frame,76,0,23692,16,8,102824960,159383552,139102720,159383552,,,,,,,,,,
1791254140.5096796,382892,tracking_feedback_accumulate,77,,24318,,,89896960,159383552,139102720,159383552,,,,,,,,2.932499861344695,,
1791254140.515297,382892,frontend_frame,77,0,24318,16,8,91644928,159383552,139102720,159383552,,,,,,,,,,
1791254141.0018024,382892,tracking_feedback_accumulate,78,,24318,,,95723520,159383552,139102720,159383552,,,,,,,,2.7949002105742693,,
1791254141.0068066,382892,frontend_frame,78,0,24318,16,8,97467392,159383552,139102720,159383552,,,,,,,,,,
1791254141.4813168,382892,tracking_feedback_accumulate,79,,24318,,,89903104,159383552,139102720,159383552,,,,,,,,3.4006000496447086,,
1791254141.4863172,382892,frontend_frame,79,0,24318,16,8,91646976,159383552,139102720,159383552,,,,,,,,,,
1791254141.9377787,382892,tracking_feedback_accumulate,80,,24318,,,95725568,159383552,139102720,159383552,,,,,,,,2.885800087824464,,
1791254141.9434536,382892,frontend_frame,80,0,24318,16,8,97469440,132120576,139102720,159383552,,,,,,,,,,
1791254142.4958396,382892,tracking_feedback_accumulate,81,,24318,,,101384192,159383552,143483904,159383552,,,,,,,,2.923100022599101,,
1791254142.501357,382892,frontend_frame,81,0,24318,16,8,91649536,159383552,143483904,159383552,,,,,,,,,,
1791254143.1352365,382892,tracking_feedback_accumulate,82,,24318,,,95728128,159383552,143483904,159383552,,,,,,,,2.8094002045691013,,
1791254143.1849492,382892,frontend_frame,82,0,24318,17,8,101467648,159383552,143483904,159383552,,,,,,,,,,
1791254154.4512343,382892,tracking_feedback_accumulate,83,,25026,,,105596416,159383552,147258880,159383552,,,,,,,,3.324700053781271,,
1791254154.457234,382892,frontend_frame,83,0,25026,17,8,96039936,159383552,147258880,159383552,,,,,,,,,,
1791254154.9194849,382892,tracking_feedback_accumulate,84,,25026,,,99954688,159383552,147258880,159383552,,,,,,,,2.9392000287771225,,
1791254154.923501,382892,frontend_frame,84,0,25026,17,8,101871616,159383552,147258880,159383552,,,,,,,,,,
1791254155.4498537,382892,tracking_feedback_accumulate,85,,25026,,,105786368,159383552,147656192,159383552,,,,,,,,3.4977998584508896,,
1791254155.4550946,382892,frontend_frame,85,0,25026,17,8,107703296,161480704,147656192,161480704,,,,,,,,,,
1791254156.1521478,382892,tracking_feedback_accumulate,86,,25026,,,99956736,161480704,147656192,161480704,,,,,,,,2.9136999510228634,,
1791254156.156652,382892,frontend_frame,86,0,25026,17,8,101873664,161480704,147656192,161480704,,,,,,,,,,
1791254156.8486598,382892,tracking_feedback_accumulate,87,,25026,,,105952256,161480704,147658240,161480704,,,,,,,,2.8504999354481697,,
1791254156.8990982,382892,frontend_frame,87,0,25026,18,8,111865344,161480704,147658240,161480704,,,,,,,,,,
1791254168.492167,382892,tracking_feedback_accumulate,88,,25645,,,103999488,182452224,147658240,182452224,,,,,,,,3.612800035625696,,
1791254168.4976766,382892,frontend_frame,88,0,25645,18,8,106069504,182452224,147658240,182452224,,,,,,,,,,
1791254169.241505,382892,tracking_feedback_accumulate,89,,25645,,,110148096,182452224,152463872,182452224,,,,,,,,3.092900151386857,,
1791254169.246672,382892,frontend_frame,89,0,25645,18,8,112214016,182452224,152463872,182452224,,,,,,,,,,
1791254169.9794934,382892,tracking_feedback_accumulate,90,,25645,,,116128768,188743680,158557696,188743680,,,,,,,,2.64139985665679,,
1791254169.988699,382892,frontend_frame,90,0,25645,18,8,94830592,134217728,158557696,188743680,,,,,,,,,,
1791254170.7732503,382892,tracking_feedback_accumulate,91,,25645,,,98909184,176160768,158557696,188743680,,,,,,,,3.612599801272154,,
1791254170.7802672,382892,frontend_frame,91,0,25645,18,8,100975104,176160768,158557696,188743680,,,,,,,,,,
1791254171.53105,382892,tracking_feedback_accumulate,92,,25645,,,104889856,176160768,158557696,188743680,,,,,,,,2.808900084346533,,
1791254171.5788546,382892,frontend_frame,92,0,25645,19,8,110951936,178257920,158557696,188743680,,,,,,,,,,
1791254182.9663994,382892,tracking_feedback_accumulate,93,,25997,,,96870912,178257920,158557696,188743680,,,,,,,,2.6332999113947153,,
1791254182.971079,382892,frontend_frame,93,0,25997,19,8,99021824,178257920,158557696,188743680,,,,,,,,,,
1791254183.5361397,382892,tracking_feedback_accumulate,94,,25997,,,102936576,178257920,158557696,188743680,,,,,,,,2.81360000371933,,
1791254183.5446575,382892,frontend_frame,94,0,25997,19,8,105084928,178257920,158557696,188743680,,,,,,,,,,
1791254184.0774858,382892,tracking_feedback_accumulate,95,,25997,,,96875520,178257920,158557696,188743680,,,,,,,,2.74649984203279,,
1791254184.0815067,382892,frontend_frame,95,0,25997,19,8,99023872,178257920,158557696,188743680,,,,,,,,,,
1791254184.5793371,382892,tracking_feedback_accumulate,96,,25997,,,102856704,178257920,158557696,188743680,,,,,,,,3.1192998867481947,,
1791254184.583992,382892,frontend_frame,96,0,25997,19,8,105005056,178257920,158557696,188743680,,,,,,,,,,
1791254185.060392,382892,tracking_feedback_accumulate,97,,25997,,,109083648,178257920,158557696,188743680,,,,,,,,2.6000000070780516,,
1791254185.108711,382892,frontend_frame,97,0,25997,20,8,102940160,178257920,158557696,188743680,,,,,,,,,,
1791254196.6278124,382892,tracking_feedback_accumulate,98,,26552,,,106892800,178257920,158557696,188743680,,,,,,,,3.0519000720232725,,
1791254196.6333263,382892,frontend_frame,98,0,26552,20,8,109173760,178257920,158557696,188743680,,,,,,,,,,
1791254197.2326777,382892,tracking_feedback_accumulate,99,,26552,,,113334272,178257920,158557696,188743680,,,,,,,,2.597999991849065,,
1791254197.2387967,382892,frontend_frame,99,0,26552,20,8,103194624,178257920,158557696,188743680,,,,,,,,,,
1791254197.8587267,382892,tracking_feedback_accumulate,100,,26552,,,107027456,178257920,158557696,188743680,,,,,,,,3.0702000949531794,,
1791254197.8639803,382892,frontend_frame,100,0,26552,20,8,109304832,132120576,158557696,188743680,,,,,,,,,,
1791254198.4398699,382892,tracking_feedback_accumulate,101,,26552,,,113383424,178257920,158557696,188743680,,,,,,,,2.97919986769557,,
1791254198.4443777,382892,frontend_frame,101,0,26552,20,8,115660800,180355072,158557696,188743680,,,,,,,,,,
1791254199.1152446,382892,tracking_feedback_accumulate,102,,26552,,,107193344,180355072,158557696,188743680,,,,,,,,6.277299951761961,,
1791254199.1671815,382892,frontend_frame,102,0,26552,21,8,113466880,180355072,158557696,188743680,,,,,,,,,,
1791254211.0270877,382892,tracking_feedback_accumulate,103,,26923,,,117409280,180355072,160426496,188743680,,,,,,,,2.7154998388141394,,
1791254211.0366101,382892,frontend_frame,103,0,26923,21,8,119779840,180355072,160426496,188743680,,,,,,,,,,
1791254211.640791,382892,tracking_feedback_accumulate,104,,26923,,,123694592,184549376,167014912,188743680,,,,,,,,2.839399967342615,,
1791254211.6448164,382892,frontend_frame,104,0,26923,21,8,113425920,184549376,167014912,188743680,,,,,,,,,,
1791254212.2276378,382892,tracking_feedback_accumulate,105,,26923,,,117504512,184549376,167014912,188743680,,,,,,,,3.299300093203783,,
1791254212.2321522,382892,frontend_frame,105,0,26923,21,8,119872512,184549376,167014912,188743680,,,,,,,,,,
1791254212.7431548,382892,tracking_feedback_accumulate,106,,26923,,,123951104,184549376,167014912,188743680,,,,,,,,2.7459999546408653,,
1791254212.7478943,382892,frontend_frame,106,0,26923,21,8,126319104,186646528,167014912,188743680,,,,,,,,,,
1791254213.1105282,382892,tracking_feedback_accumulate,107,,26923,,,111060992,186646528,167014912,188743680,,,,,,,,3.311099950224161,,
1791254213.1640625,382892,frontend_frame,107,0,26923,22,8,117425152,186646528,167014912,188743680,,,,,,,,,,
1791254224.7004416,382892,tracking_feedback_accumulate,108,,24494,,,121348096,186646528,167014912,188743680,,,,,,,,3.7002000026404858,,
1791254224.7089489,382892,frontend_frame,108,0,24494,22,8,123122176,186646528,167014912,188743680,,,,,,,,,,
1791254225.3417425,382892,tracking_feedback_accumulate,109,,24494,,,115047424,186646528,167014912,188743680,,,,,,,,3.3640998881310225,,
1791254225.3472455,382892,frontend_frame,109,0,24494,22,8,116841472,186646528,167014912,188743680,,,,,,,,,,
1791254225.944052,382892,tracking_feedback_accumulate,110,,24494,,,120756224,186646528,167014912,188743680,,,,,,,,3.092499915510416,,
1791254225.9480634,382892,frontend_frame,110,0,24494,22,8,122550272,157286400,167014912,188743680,,,,,,,,,,
1791254226.412707,382892,tracking_feedback_accumulate,111,,24494,,,126628864,182452224,168907264,188743680,,,,,,,,2.7420001570135355,,
1791254226.4182274,382892,frontend_frame,111,0,24494,22,8,116843520,182452224,168907264,188743680,,,,,,,,,,
1791254227.0562577,382892,tracking_feedback_accumulate,112,,24494,,,120758272,182452224,168907264,188743680,,,,,,,,2.9474999755620956,,
1791254227.108341,382892,frontend_frame,112,0,24494,23,8,126548480,182452224,168907264,188743680,,,,,,,,,,
1791254239.1436114,382892,tracking_feedback_accumulate,113,,23746,,,130579968,182452224,172706304,188743680,,,,,,,,2.880200045183301,,
1791254239.1486242,382892,frontend_frame,113,0,23746,23,8,120609280,182452224,172706304,188743680,,,,,,,,,,
1791254239.6616478,382892,tracking_feedback_accumulate,114,,23746,,,124442112,182452224,172706304,188743680,,,,,,,,2.8611000161617994,,
1791254239.6666532,382892,frontend_frame,114,0,23746,23,8,126056960,182452224,172706304,188743680,,,,,,,,,,
1791254240.1469972,382892,tracking_feedback_accumulate,115,,23746,,,130217472,182452224,172706304,188743680,,,,,,,,3.2244999893009663,,
1791254240.1515355,382892,frontend_frame,115,0,23746,23,8,131832320,184549376,172706304,188743680,,,,,,,,,,
1791254240.7076313,382892,tracking_feedback_accumulate,116,,23746,,,124444160,184549376,172706304,188743680,,,,,,,,2.914800075814128,,
1791254240.711659,382892,frontend_frame,116,0,23746,23,8,126059008,184549376,172706304,188743680,,,,,,,,,,
1791254241.3076432,382892,tracking_feedback_accumulate,117,,23746,,,130137600,184549376,172706304,188743680,,,,,,,,2.923899795860052,,
1791254241.365419,382892,frontend_frame,117,0,23746,24,8,135748608,184549376,172706304,188743680,,,,,,,,,,
1791254253.4533162,382892,tracking_feedback_accumulate,118,,23907,,,116735488,205520896,172706304,205520896,,,,,,,,3.348900005221367,,
1791254253.4588232,382892,frontend_frame,118,0,23907,24,8,118389248,205520896,172706304,205520896,,,,,,,,,,
1791254254.1705241,382892,tracking_feedback_accumulate,119,,23907,,,122304000,205520896,172706304,205520896,,,,,,,,3.02570010535419,,
1791254254.175029,382892,frontend_frame,119,0,23907,24,8,123957248,205520896,172706304,205520896,,,,,,,,,,
1791254254.7944965,382892,tracking_feedback_accumulate,120,,23907,,,127872000,205520896,172706304,205520896,,,,,,,,3.0690000858157873,,
1791254254.8025181,382892,frontend_frame,120,0,23907,24,8,118227456,153092096,172706304,205520896,,,,,,,,,,
1791254255.475338,382892,tracking_feedback_accumulate,121,,23907,,,122387968,195035136,172706304,205520896,,,,,,,,2.940800040960312,,
1791254255.4808466,382892,frontend_frame,121,0,23907,24,8,124041216,195035136,172706304,205520896,,,,,,,,,,
1791254256.0448601,382892,tracking_feedback_accumulate,122,,23907,,,127955968,197132288,172706304,205520896,,,,,,,,2.787400037050247,,
1791254256.0980544,382892,frontend_frame,122,0,23907,25,8,133605376,199229440,172706304,205520896,,,,,,,,,,
1791254268.0394392,382892,tracking_feedback_accumulate,123,,24223,,,120596992,199229440,172706304,205520896,,,,,,,,3.202300053089857,,
1791254268.0489557,382892,frontend_frame,123,0,24223,25,8,122324480,199229440,172706304,205520896,,,,,,,,,,
1791254268.4524748,382892,tracking_feedback_accumulate,124,,24223,,,126403072,199229440,172706304,205520896,,,,,,,,2.8338998090475798,,
1791254268.456982,382892,frontend_frame,124,0,24223,25,8,128128512,199229440,172706304,205520896,,,,,,,,,,
1791254268.948136,382892,tracking_feedback_accumulate,125,,24223,,,120601088,199229440,172706304,205520896,,,,,,,,2.9196999967098236,,
1791254268.9526417,382892,frontend_frame,125,0,24223,25,8,122326528,199229440,172706304,205520896,,,,,,,,,,
1791254269.4368083,382892,tracking_feedback_accumulate,126,,24223,,,126405120,199229440,172706304,205520896,,,,,,,,2.8812000527977943,,
1791254269.442361,382892,frontend_frame,126,0,24223,25,8,128130560,199229440,172706304,205520896,,,,,,,,,,
1791254269.9758105,382892,tracking_feedback_accumulate,127,,24223,,,132209152,199229440,174267392,205520896,,,,,,,,3.6241000052541494,,
1791254270.0357492,382892,frontend_frame,127,0,24223,26,8,126488576,199229440,174267392,205520896,,,,,,,,,,
1791254282.1018057,382892,tracking_feedback_accumulate,128,,24434,,,130336256,199229440,174267392,205520896,,,,,,,,2.9552998021245003,,
1791254282.1093152,382892,frontend_frame,128,0,24434,26,8,132111360,199229440,174267392,205520896,,,,,,,,,,
1791254282.6527517,382892,tracking_feedback_accumulate,129,,24434,,,136271872,199229440,178492928,205520896,,,,,,,,2.8858999721705914,,
1791254282.6590438,382892,frontend_frame,129,0,24434,26,8,138045952,199229440,178492928,205520896,,,,,,,,,,
1791254283.1995037,382892,tracking_feedback_accumulate,130,,24434,,,124700160,199229440,178492928,205520896,,,,,,,,2.963300095871091,,
1791254283.2055123,382892,frontend_frame,130,0,24434,26,8,126474240,153092096,178492928,205520896,,,,,,,,,,
1791254283.8083923,382892,tracking_feedback_accumulate,131,,24434,,,130552832,195035136,178492928,205520896,,,,,,,,3.517699893563986,,
1791254283.8158958,382892,frontend_frame,131,0,24434,26,8,132326912,195035136,178492928,205520896,,,,,,,,,,
1791254284.363361,382892,tracking_feedback_accumulate,132,,24434,,,124620288,195035136,178492928,205520896,,,,,,,,2.887799870222807,,
1791254284.4164164,382892,frontend_frame,132,0,24434,27,8,130390528,195035136,178492928,205520896,,,,,,,,,,
1791254296.4330804,382892,tracking_feedback_accumulate,133,,24836,,,134582784,195035136,178492928,205520896,,,,,,,,2.9192999936640263,,
1791254296.4405844,382892,frontend_frame,133,0,24836,27,8,136462336,195035136,178492928,205520896,,,,,,,,,,
1791254297.1630273,382892,tracking_feedback_accumulate,134,,24836,,,140295168,199229440,182815232,205520896,,,,,,,,3.487400012090802,,
1791254297.168025,382892,frontend_frame,134,0,24836,27,8,130529792,199229440,182815232,205520896,,,,,,,,,,
1791254297.9092882,382892,tracking_feedback_accumulate,135,,24836,,,134608384,199229440,182815232,205520896,,,,,,,,3.9531998336315155,,
1791254297.9147952,382892,frontend_frame,135,0,24836,27,8,136484864,199229440,182815232,205520896,,,,,,,,,,
1791254298.5125268,382892,tracking_feedback_accumulate,136,,24836,,,140563456,199229440,182901248,205520896,,,,,,,,3.0571999959647655,,
1791254298.5190327,382892,frontend_frame,136,0,24836,27,8,142439936,201326592,182901248,205520896,,,,,,,,,,
1791254299.3121936,382892,tracking_feedback_accumulate,137,,24836,,,134610432,201326592,182901248,205520896,,,,,,,,3.5029000137001276,,
1791254299.3679116,382892,frontend_frame,137,0,24836,28,8,140483072,201326592,182901248,205520896,,,,,,,,,,
1791254311.3630593,382892,tracking_feedback_accumulate,138,,25281,,,144591360,201326592,187606016,205520896,,,,,,,,2.9230001382529736,,
1791254311.367566,382892,frontend_frame,138,0,25281,28,8,146571776,201326592,187606016,205520896,,,,,,,,,,
1791254311.962503,382892,tracking_feedback_accumulate,139,,25281,,,150404608,205520896,193992704,205520896,,,,,,,,3.010899992659688,,
1791254311.9690483,382892,frontend_frame,139,0,25281,28,8,140536832,205520896,193992704,205520896,,,,,,,,,,
1791254312.5785291,382892,tracking_feedback_accumulate,140,,25281,,,144615424,205520896,193992704,205520896,,,,,,,,3.2524000853300095,,
1791254312.5845363,382892,frontend_frame,140,0,25281,28,8,146592768,180355072,193992704,205520896,,,,,,,,,,
1791254313.0526147,382892,tracking_feedback_accumulate,141,,25281,,,150671360,205520896,194095616,205520896,,,,,,,,2.846699906513095,,
1791254313.057618,382892,frontend_frame,141,0,25281,28,8,140702720,205520896,194095616,205520896,,,,,,,,,,
1791254313.8481061,382892,tracking_feedback_accumulate,142,,25281,,,144617472,205520896,194095616,205520896,,,,,,,,3.0324000399559736,,
1791254313.9022055,382892,frontend_frame,142,0,25281,29,8,150590976,205520896,194095616,205520896,,,,,,,,,,
1791254326.0743082,382892,tracking_feedback_accumulate,143,,25472,,,154682368,228589568,197718528,228589568,,,,,,,,2.937499899417162,,
1791254326.0803163,382892,frontend_frame,143,0,25472,29,8,156698624,230686720,197718528,230686720,,,,,,,,,,
1791254326.5710387,382892,tracking_feedback_accumulate,144,,25472,,,148547072,230686720,197718528,230686720,,,,,,,,3.19099985063076,,
1791254326.5760388,382892,frontend_frame,144,0,25472,29,8,150562816,230686720,197718528,230686720,,,,,,,,,,
1791254327.2061167,382892,tracking_feedback_accumulate,145,,25472,,,154723328,230686720,197770752,230686720,,,,,,,,2.989100059494376,,
1791254327.2101178,382892,frontend_frame,145,0,25472,29,8,156739072,230686720,197770752,230686720,,,,,,,,,,
1791254327.8595412,382892,tracking_feedback_accumulate,146,,25472,,,136785920,234881024,203783168,234881024,,,,,,,,3.2749997917562723,,
1791254327.8647482,382892,frontend_frame,146,0,25472,29,8,138801664,234881024,203783168,234881024,,,,,,,,,,
1791254328.489773,382892,tracking_feedback_accumulate,147,,25472,,,142880256,234881024,203783168,234881024,,,,,,,,3.7351998034864664,,
1791254328.5409865,382892,frontend_frame,147,0,25472,30,8,148892160,234881024,203783168,234881024,,,,,,,,,,
1791254340.8101056,382892,tracking_feedback_accumulate,148,,25959,,,152760832,234881024,203783168,234881024,,,,,,,,3.013799898326397,,
1791254340.8161235,382892,frontend_frame,148,0,25959,30,8,142878208,234881024,203783168,234881024,,,,,,,,,,
1791254341.6018136,382892,tracking_feedback_accumulate,149,,25959,,,146956800,234881024,203783168,234881024,,,,,,,,6.307600066065788,,
1791254341.607332,382892,frontend_frame,149,0,25959,30,8,149093376,234881024,203783168,234881024,,,,,,,,,,
1791254342.2564871,382892,tracking_feedback_accumulate,150,,25959,,,153008128,234881024,203783168,234881024,,,,,,,,3.035099944099784,,
1791254342.2619877,382892,frontend_frame,150,0,25959,30,8,142880256,180355072,203783168,234881024,,,,,,,,,,
1791254343.0163984,382892,tracking_feedback_accumulate,151,,25959,,,147040768,222298112,203783168,234881024,,,,,,,,2.9729001689702272,,
1791254343.0209439,382892,frontend_frame,151,0,25959,30,8,149177344,222298112,203783168,234881024,,,,,,,,,,
1791254343.7796319,382892,tracking_feedback_accumulate,152,,25959,,,153092096,224395264,203783168,234881024,,,,,,,,2.702300203964114,,
1791254343.8302636,382892,frontend_frame,152,0,25959,31,8,159224832,224395264,203783168,234881024,,,,,,,,,,
1791254356.09913,382892,tracking_feedback_accumulate,153,,26515,,,150915072,224395264,203783168,234881024,,,,,,,,3.5733000840991735,,
1791254356.105487,382892,frontend_frame,153,0,26515,31,8,153188352,224395264,203783168,234881024,,,,,,,,,,
1791254356.6348274,382892,tracking_feedback_accumulate,154,,26515,,,157348864,224395264,203783168,234881024,,,,,,,,3.612200031057,,
1791254356.640332,382892,frontend_frame,154,0,26515,31,8,159618048,226492416,203783168,234881024,,,,,,,,,,
1791254357.40627,382892,tracking_feedback_accumulate,155,,26515,,,163450880,230686720,206740480,234881024,,,,,,,,2.9617000836879015,,
1791254357.411282,382892,frontend_frame,155,0,26515,31,8,153190400,230686720,206740480,234881024,,,,,,,,,,
1791254358.2118273,382892,tracking_feedback_accumulate,156,,26515,,,157350912,230686720,206740480,234881024,,,,,,,,2.838699845597148,,
1791254358.2168384,382892,frontend_frame,156,0,26515,31,8,159620096,230686720,206740480,234881024,,,,,,,,,,
1791254358.9417214,382892,tracking_feedback_accumulate,157,,26515,,,163452928,230686720,206740480,234881024,,,,,,,,2.831100020557642,,
1791254358.9990504,382892,frontend_frame,157,0,26515,32,8,169718272,232783872,206740480,234881024,,,,,,,,,,
1791254371.440699,382892,tracking_feedback_accumulate,158,,27544,,,155071488,232783872,206740480,234881024,,,,,,,,6.20370008982718,,
1791254371.4463565,382892,frontend_frame,158,0,27544,32,8,157590016,232783872,206740480,234881024,,,,,,,,,,
1791254372.0838134,382892,tracking_feedback_accumulate,159,,27544,,,161504768,232783872,206740480,234881024,,,,,,,,3.2230999786406755,,
1791254372.0894856,382892,frontend_frame,159,0,27544,32,8,164015616,232783872,206740480,234881024,,,,,,,,,,
1791254372.7297325,382892,tracking_feedback_accumulate,160,,27544,,,155081216,232783872,206740480,234881024,,,,,,,,2.9347999952733517,,
1791254372.7357984,382892,frontend_frame,160,0,27544,32,8,157592064,199229440,206740480,234881024,,,,,,,,,,
1791254373.333111,382892,tracking_feedback_accumulate,161,,27544,,,161670656,224395264,206740480,234881024,,,,,,,,2.7677000034600496,,
1791254373.3386433,382892,frontend_frame,161,0,27544,32,8,164181504,228589568,206740480,234881024,,,,,,,,,,
1791254373.9167829,382892,tracking_feedback_accumulate,162,,27544,,,168096256,230686720,211378688,234881024,,,,,,,,3.240399993956089,,
1791254373.9689078,382892,frontend_frame,162,0,27544,33,8,161590272,230686720,211378688,234881024,,,,,,,,,,
1791254386.287172,382892,tracking_feedback_accumulate,163,,28150,,,165544960,230686720,211378688,234881024,,,,,,,,2.996399998664856,,
1791254386.292172,382892,frontend_frame,163,0,28150,33,8,168199168,230686720,211378688,234881024,,,,,,,,,,
1791254387.016685,382892,tracking_feedback_accumulate,164,,28150,,,172277760,232783872,216060416,234881024,,,,,,,,3.367000026628375,,
1791254387.0226843,382892,frontend_frame,164,0,28150,33,8,161775616,232783872,216060416,234881024,,,,,,,,,,
1791254387.5512195,382892,tracking_feedback_accumulate,165,,28150,,,165690368,232783872,216060416,234881024,,,,,,,,2.9842001385986805,,
1791254387.5567458,382892,frontend_frame,165,0,28150,33,8,168340480,232783872,216060416,234881024,,,,,,,,,,
1791254388.0994442,382892,tracking_feedback_accumulate,166,,28150,,,172419072,232783872,216060416,234881024,,,,,,,,3.3706999383866787,,
1791254388.1029506,382892,frontend_frame,166,0,28150,33,8,175069184,234881024,216060416,234881024,,,,,,,,,,
1791254388.6291518,382892,tracking_feedback_accumulate,167,,28150,,,165692416,234881024,216060416,234881024,,,,,,,,2.7364999987185,,
1791254388.6813364,382892,frontend_frame,167,0,28150,34,8,172338688,234881024,216060416,234881024,,,,,,,,,,
1791254400.824978,382892,tracking_feedback_accumulate,168,,29199,,,176572928,255852544,219238400,255852544,,,,,,,,5.759300198405981,,
1791254400.8313172,382892,frontend_frame,168,0,29199,34,8,179484672,257949696,219238400,257949696,,,,,,,,,,
1791254401.3940346,382892,tracking_feedback_accumulate,169,,29199,,,183317504,262144000,226368000,262144000,,,,,,,,3.144199959933758,,
1791254401.399761,382892,frontend_frame,169,0,29199,34,8,172676096,262144000,226368000,262144000,,,,,,,,,,
1791254401.9267173,382892,tracking_feedback_accumulate,170,,29199,,,176754688,262144000,226368000,262144000,,,,,,,,2.877600025385618,,
1791254401.935157,382892,frontend_frame,170,0,29199,34,8,179658240,213909504,226368000,262144000,,,,,,,,,,
1791254402.5391624,382892,tracking_feedback_accumulate,171,,29199,,,183736832,262144000,227059200,262144000,,,,,,,,2.9315000865608454,,
1791254402.5446723,382892,frontend_frame,171,0,29199,34,8,172841984,262144000,227059200,262144000,,,,,,,,,,
1791254403.32736,382892,tracking_feedback_accumulate,172,,29199,,,176756736,262144000,227059200,262144000,,,,,,,,2.74679996073246,,
1791254403.3364077,382892,frontend_frame,172,0,29199,35,8,183656448,262144000,227059200,262144000,,,,,,,,,,
1791254415.6686823,382892,tracking_feedback_accumulate,173,,28602,,,187697664,262144000,230166016,262144000,,,,,,,,2.983100013807416,,
1791254415.6787288,382892,frontend_frame,173,0,28602,35,8,163876352,262144000,230166016,262144000,,,,,,,,,,
1791254416.3180468,382892,tracking_feedback_accumulate,174,,28602,,,167791104,262144000,230166016,262144000,,,,,,,,2.900300081819296,,
1791254416.3230455,382892,frontend_frame,174,0,28602,35,8,170551808,262144000,230166016,262144000,,,,,,,,,,
1791254416.8585844,382892,tracking_feedback_accumulate,175,,28602,,,174630400,262144000,230166016,262144000,,,,,,,,2.8701999690383673,,
1791254416.865267,382892,frontend_frame,175,0,28602,35,8,177391104,262144000,230166016,262144000,,,,,,,,,,
1791254417.407109,382892,tracking_feedback_accumulate,176,,28602,,,167711232,262144000,230166016,262144000,,,,,,,,2.7627001982182264,,
1791254417.4126804,382892,frontend_frame,176,0,28602,35,8,170471936,262144000,230166016,262144000,,,,,,,,,,
1791254417.8636618,382892,tracking_feedback_accumulate,177,,28602,,,174632448,262144000,230166016,262144000,,,,,,,,3.7632000166922808,,
1791254417.8717983,382892,frontend_frame,177,0,28602,36,8,181389312,262144000,230166016,262144000,,,,,,,,,,
1791254429.6974154,382892,tracking_feedback_accumulate,178,,28076,,,185273344,262144000,230166016,262144000,,,,,,,,3.773899981752038,,
1791254429.7029173,382892,frontend_frame,178,0,28076,36,8,174395904,262144000,230166016,262144000,,,,,,,,,,
1791254430.2511187,382892,tracking_feedback_accumulate,179,,28076,,,178474496,262144000,230166016,262144000,,,,,,,,2.8923999052494764,,
1791254430.256636,382892,frontend_frame,179,0,28076,36,8,181114368,262144000,230166016,262144000,,,,,,,,,,
1791254430.9118226,382892,tracking_feedback_accumulate,180,,28076,,,184947200,262144000,230166016,262144000,,,,,,,,3.6325000692158937,,
1791254430.9175444,382892,frontend_frame,180,0,28076,36,8,187587072,234881024,230166016,262144000,,,,,,,,,,
1791254431.634515,382892,tracking_feedback_accumulate,181,,28076,,,171841024,255852544,230166016,262144000,,,,,,,,3.007400082424283,,
1791254431.6390212,382892,frontend_frame,181,0,28076,36,8,174480896,255852544,230166016,262144000,,,,,,,,,,
1791254432.3722594,382892,tracking_feedback_accumulate,182,,28076,,,178395648,255852544,230166016,262144000,,,,,,,,2.9217000119388103,,
1791254432.424397,382892,frontend_frame,182,0,28076,37,8,185031680,255852544,230166016,262144000,,,,,,,,,,
1791254444.8388696,382892,tracking_feedback_accumulate,183,,28182,,,175848448,255852544,230166016,262144000,,,,,,,,5.735900020226836,,
1791254444.8470743,382892,frontend_frame,183,0,28182,37,8,178510848,255852544,230166016,262144000,,,,,,,,,,
1791254445.6410015,382892,tracking_feedback_accumulate,184,,28182,,,182425600,255852544,230166016,262144000,,,,,,,,3.7185000255703926,,
1791254445.6464038,382892,frontend_frame,184,0,28182,37,8,185087488,255852544,230166016,262144000,,,,,,,,,,
1791254446.4259992,382892,tracking_feedback_accumulate,185,,28182,,,189166080,255852544,232587776,262144000,,,,,,,,4.871300188824534,,
1791254446.431669,382892,frontend_frame,185,0,28182,37,8,178512896,255852544,232587776,262144000,,,,,,,,,,
1791254447.2514458,382892,tracking_feedback_accumulate,186,,28182,,,182427648,255852544,232587776,262144000,,,,,,,,2.9120000544935465,,
1791254447.256356,382892,frontend_frame,186,0,28182,37,8,185089536,255852544,232587776,262144000,,,,,,,,,,
1791254448.0259557,382892,tracking_feedback_accumulate,187,,28182,,,189168128,255852544,232720896,262144000,,,,,,,,3.615400055423379,,
1791254448.0792308,382892,frontend_frame,187,0,28182,38,8,195826176,257949696,232720896,262144000,,,,,,,,,,
1791254460.182128,382892,tracking_feedback_accumulate,188,,28735,,,179806208,257949696,232720896,262144000,,,,,,,,3.1469000969082117,,
1791254460.1884515,382892,frontend_frame,188,0,28735,38,8,182600704,257949696,232720896,262144000,,,,,,,,,,
1791254460.7717113,382892,tracking_feedback_accumulate,189,,28735,,,186515456,278921216,232720896,278921216,,,,,,,,2.890900010243058,,
1791254460.7767348,382892,frontend_frame,189,0,28735,38,8,189306368,278921216,232720896,278921216,,,,,,,,,,
1791254461.2925541,382892,tracking_feedback_accumulate,190,,28735,,,179893760,278921216,232720896,278921216,,,,,,,,3.1664001289755106,,
1791254461.2981436,382892,frontend_frame,190,0,28735,38,8,182684672,232783872,232720896,278921216,,,,,,,,,,
1791254461.8680274,382892,tracking_feedback_accumulate,191,,28735,,,186599424,274726912,232720896,278921216,,,,,,,,3.1232000328600407,,
1791254461.8725355,382892,frontend_frame,191,0,28735,38,8,189390336,274726912,232720896,278921216,,,,,,,,,,
1791254462.4068894,382892,tracking_feedback_accumulate,192,,28735,,,193468928,276824064,237070336,278921216,,,,,,,,2.9484000988304615,,
1791254462.4568903,382892,frontend_frame,192,0,28735,39,8,186682880,276824064,237070336,278921216,,,,,,,,,,
1791254474.5245922,382892,tracking_feedback_accumulate,193,,28950,,,190614528,276824064,237070336,278921216,,,,,,,,3.2860999926924706,,
1791254474.5292828,382892,frontend_frame,193,0,28950,39,8,193459200,276824064,237070336,278921216,,,,,,,,,,
1791254475.2487483,382892,tracking_feedback_accumulate,194,,28950,,,197537792,276824064,241318400,278921216,,,,,,,,5.7091000489890575,,
1791254475.25627,382892,frontend_frame,194,0,28950,39,8,200380928,281018368,241318400,281018368,,,,,,,,,,
1791254475.8303645,382892,tracking_feedback_accumulate,195,,28950,,,183749632,281018368,241318400,281018368,,,,,,,,2.9074999038130045,,
1791254475.8363845,382892,frontend_frame,195,0,28950,39,8,186592768,281018368,241318400,281018368,,,,,,,,,,
1791254476.466345,382892,tracking_feedback_accumulate,196,,28950,,,190753280,281018368,241318400,281018368,,,,,,,,2.9911999590694904,,
1791254476.4708586,382892,frontend_frame,196,0,28950,39,8,193596416,281018368,241318400,281018368,,,,,,,,,,
1791254477.0906146,382892,tracking_feedback_accumulate,197,,28950,,,197429248,281018368,241318400,281018368,,,,,,,,3.1882000621408224,,
1791254477.1448061,382892,frontend_frame,197,0,28950,40,8,190590976,281018368,241318400,281018368,,,,,,,,,,
1791254489.392064,382892,tracking_feedback_accumulate,198,,29920,,,194816512,281018368,241318400,281018368,,,,,,,,3.005299950018525,,
1791254489.397089,382892,frontend_frame,198,0,29920,40,8,197894656,281018368,241318400,281018368,,,,,,,,,,
1791254489.8754253,382892,tracking_feedback_accumulate,199,,29920,,,187904000,281018368,245265920,281018368,,,,,,,,3.0153999105095863,,
1791254489.8809285,382892,frontend_frame,199,0,29920,40,8,190974976,281018368,245265920,281018368,,,,,,,,,,
1791254490.406116,382892,tracking_feedback_accumulate,200,,29920,,,194889728,281018368,245265920,281018368,,,,,,,,3.0440001282840967,,
1791254490.4121394,382892,frontend_frame,200,0,29920,40,8,197960704,232783872,245265920,281018368,,,,,,,,,,
1791254490.9359658,382892,tracking_feedback_accumulate,201,,29920,,,202121216,278921216,245675008,281018368,,,,,,,,2.848499920219183,,
1791254490.9454894,382892,frontend_frame,201,0,29920,40,8,191058944,278921216,245675008,281018368,,,,,,,,,,
1791254491.5071027,382892,tracking_feedback_accumulate,202,,29920,,,194891776,278921216,245675008,281018368,,,,,,,,3.573700087144971,,
1791254491.5609984,382892,frontend_frame,202,0,29920,41,8,201958912,278921216,245675008,281018368,,,,,,,,,,
1791254503.8385203,382892,tracking_feedback_accumulate,203,,30437,,,206073344,278921216,249809408,281018368,,,,,,,,3.129800083115697,,
1791254503.84454,382892,frontend_frame,203,0,30437,41,8,195137536,278921216,249809408,281018368,,,,,,,,,,
1791254504.4854827,382892,tracking_feedback_accumulate,204,,30437,,,199216128,278921216,249809408,281018368,,,,,,,,3.1926999799907207,,
1791254504.4960065,382892,frontend_frame,204,0,30437,41,8,202409984,278921216,249809408,281018368,,,,,,,,,,
1791254505.1215894,382892,tracking_feedback_accumulate,205,,30437,,,206242816,281018368,249891840,281018368,,,,,,,,3.894899971783161,,
1791254505.1271958,382892,frontend_frame,205,0,30437,41,8,209436672,283115520,249891840,283115520,,,,,,,,,,
1791254505.6925945,382892,tracking_feedback_accumulate,206,,30437,,,199218176,283115520,249891840,283115520,,,,,,,,6.8789999932050705,,
1791254505.699711,382892,frontend_frame,206,0,30437,41,8,202412032,283115520,249891840,283115520,,,,,,,,,,
1791254506.2642689,382892,tracking_feedback_accumulate,207,,30437,,,206244864,283115520,249891840,283115520,,,,,,,,2.7920000720769167,,
1791254506.3362803,382892,frontend_frame,207,0,30437,42,8,213434880,283115520,249891840,283115520,,,,,,,,,,
1791254518.5316184,382892,tracking_feedback_accumulate,208,,31571,,,217670656,287309824,261307392,287309824,,,,,,,,3.121900139376521,,
1791254518.5375104,382892,frontend_frame,208,0,31571,42,8,206757888,287309824,261307392,287309824,,,,,,,,,,
1791254519.0007193,382892,tracking_feedback_accumulate,209,,31571,,,210672640,287309824,261307392,287309824,,,,,,,,3.517800010740757,,
1791254519.006897,382892,frontend_frame,209,0,31571,42,8,214130176,287309824,261307392,287309824,,,,,,,,,,
1791254519.4906921,382892,tracking_feedback_accumulate,210,,31571,,,218208768,289406976,262070784,289406976,,,,,,,,3.0987001955509186,,
1791254519.4964833,382892,frontend_frame,210,0,31571,42,8,206759936,264241152,262070784,289406976,,,,,,,,,,
1791254520.02676,382892,tracking_feedback_accumulate,211,,31571,,,210592768,285212672,262070784,289406976,,,,,,,,3.5609998740255833,,
1791254520.0327592,382892,frontend_frame,211,0,31571,42,8,214050304,285212672,262070784,289406976,,,,,,,,,,
1791254520.6320653,382892,tracking_feedback_accumulate,212,,31571,,,218210816,289406976,262136320,289406976,,,,,,,,3.0546998605132103,,
1791254520.685518,382892,frontend_frame,212,0,31571,43,8,225664512,291504128,262136320,291504128,,,,,,,,,,
1791254532.703713,382892,tracking_feedback_accumulate,213,,32520,,,214739968,312475648,262136320,312475648,,,,,,,,2.9260001610964537,,
1791254532.7077122,382892,frontend_frame,213,0,32520,43,8,218436096,312475648,262136320,312475648,,,,,,,,,,
1791254533.358412,382892,tracking_feedback_accumulate,214,,32520,,,222514688,312475648,267820544,312475648,,,,,,,,2.941400045529008,,
1791254533.3629174,382892,frontend_frame,214,0,32520,43,8,226203648,312475648,267820544,312475648,,,,,,,,,,
1791254534.0839858,382892,tracking_feedback_accumulate,215,,32520,,,230118400,316669952,275506176,316669952,,,,,,,,2.903599990531802,,
1791254534.0894942,382892,frontend_frame,215,0,32520,43,8,218438144,316669952,275506176,316669952,,,,,,,,,,
1791254534.8024657,382892,tracking_feedback_accumulate,216,,32520,,,222516736,316669952,275506176,316669952,,,,,,,,4.136999836191535,,
1791254534.8064694,382892,frontend_frame,216,0,32520,43,8,226205696,316669952,275506176,316669952,,,,,,,,,,
1791254535.4504566,382892,tracking_feedback_accumulate,217,,32520,,,230038528,316669952,275508224,316669952,,,,,,,,3.2010001596063375,,
1791254535.503762,382892,frontend_frame,217,0,32520,44,8,237723648,320864256,275508224,320864256,,,,,,,,,,
1791254547.6960375,382892,tracking_feedback_accumulate,218,,33498,,,218813440,320864256,275508224,320864256,,,,,,,,2.92899995110929,,
1791254547.7016845,382892,frontend_frame,218,0,33498,44,8,222737408,320864256,275508224,320864256,,,,,,,,,,
1791254548.2330742,382892,tracking_feedback_accumulate,219,,33498,,,226816000,320864256,275508224,320864256,,,,,,,,2.8993000742048025,,
1791254548.2377274,382892,frontend_frame,219,0,33498,44,8,230732800,320864256,275508224,320864256,,,,,,,,,,
1791254548.8281484,382892,tracking_feedback_accumulate,220,,33498,,,218740736,320864256,275508224,320864256,,,,,,,,5.549400113523006,,
1791254548.8347461,382892,frontend_frame,220,0,33498,44,8,222657536,264241152,275508224,320864256,,,,,,,,,,
1791254549.4471004,382892,tracking_feedback_accumulate,221,,33498,,,226818048,312475648,275508224,320864256,,,,,,,,2.9042998794466257,,
1791254549.4526057,382892,frontend_frame,221,0,33498,44,8,230734848,314572800,275508224,320864256,,,,,,,,,,
1791254549.9680073,382892,tracking_feedback_accumulate,222,,33498,,,234649600,320864256,279704576,320864256,,,,,,,,5.698100198060274,,
1791254550.018484,382892,frontend_frame,222,0,33498,45,8,226737664,320864256,279704576,320864256,,,,,,,,,,
1791254562.2787595,382892,tracking_feedback_accumulate,223,,33607,,,230824960,320864256,279704576,320864256,,,,,,,,3.5113999620079994,,
1791254562.284818,382892,frontend_frame,223,0,33607,45,8,234766336,320864256,279704576,320864256,,,,,,,,,,
1791254562.8701937,382892,tracking_feedback_accumulate,224,,33607,,,238681088,320864256,283751936,320864256,,,,,,,,3.1726001761853695,,
1791254562.8762014,382892,frontend_frame,224,0,33607,45,8,226772992,320864256,283751936,320864256,,,,,,,,,,
1791254563.392958,382892,tracking_feedback_accumulate,225,,33607,,,230687744,320864256,283751936,320864256,,,,,,,,3.02509986795485,,
1791254563.3986955,382892,frontend_frame,225,0,33607,45,8,234628608,320864256,283751936,320864256,,,,,,,,,,
1791254563.894788,382892,tracking_feedback_accumulate,226,,33607,,,238707200,320864256,283751936,320864256,,,,,,,,2.7848000172525644,,
1791254563.900802,382892,frontend_frame,226,0,33607,45,8,242648064,322961408,283751936,322961408,,,,,,,,,,
1791254564.4975052,382892,tracking_feedback_accumulate,227,,33607,,,222753280,322961408,283751936,322961408,,,,,,,,3.4129999112337828,,
1791254564.5477386,382892,frontend_frame,227,0,33607,46,8,230690304,322961408,283751936,322961408,,,,,,,,,,
1791254576.8786523,382892,tracking_feedback_accumulate,228,,33743,,,234779648,322961408,283751936,322961408,,,,,,,,3.7823000457137823,,
1791254576.883164,382892,frontend_frame,228,0,33743,46,8,238751232,322961408,283751936,322961408,,,,,,,,,,
1791254577.3959506,382892,tracking_feedback_accumulate,229,,33743,,,212283904,322961408,283751936,322961408,,,,,,,,3.5172998905181885,,
1791254577.4014556,382892,frontend_frame,229,0,33743,46,8,216254976,322961408,283751936,322961408,,,,,,,,,,
1791254577.9931777,382892,tracking_feedback_accumulate,230,,33743,,,220087808,322961408,283751936,322961408,,,,,,,,2.9337999876588583,,
1791254577.9987144,382892,frontend_frame,230,0,33743,46,8,224058880,257949696,283751936,322961408,,,,,,,,,,
1791254578.5610187,382892,tracking_feedback_accumulate,231,,33743,,,228137472,306184192,283751936,322961408,,,,,,,,2.935500117018819,,
1791254578.5660434,382892,frontend_frame,231,0,33743,46,8,216175104,306184192,283751936,322961408,,,,,,,,,,
1791254579.0916145,382892,tracking_feedback_accumulate,232,,33743,,,220089856,306184192,283751936,322961408,,,,,,,,2.817800035700202,,
1791254579.1425285,382892,frontend_frame,232,0,33743,47,8,228057088,306184192,283751936,322961408,,,,,,,,,,
1791254591.4720109,382892,tracking_feedback_accumulate,233,,34916,,,232215552,327155712,283751936,327155712,,,,,,,,3.3924998715519905,,
1791254591.4788995,382892,frontend_frame,233,0,34916,47,8,236475392,331350016,283751936,331350016,,,,,,,,,,
1791254591.9883246,382892,tracking_feedback_accumulate,234,,34916,,,216373760,331350016,283751936,331350016,,,,,,,,2.7098997961729765,,
1791254591.991864,382892,frontend_frame,234,0,34916,47,8,220624896,331350016,283751936,331350016,,,,,,,,,,
1791254592.585953,382892,tracking_feedback_accumulate,235,,34916,,,224457728,331350016,283751936,331350016,,,,,,,,3.391799982637167,,
1791254592.5929573,382892,frontend_frame,235,0,34916,47,8,228708864,331350016,283751936,331350016,,,,,,,,,,
1791254593.0675428,382892,tracking_feedback_accumulate,236,,34916,,,216293888,331350016,283751936,331350016,,,,,,,,6.714199902489781,,
1791254593.0770674,382892,frontend_frame,236,0,34916,47,8,220545024,331350016,283751936,331350016,,,,,,,,,,
1791254593.5826194,382892,tracking_feedback_accumulate,237,,34916,,,224459776,331350016,283751936,331350016,,,,,,,,3.214299911633134,,
1791254593.632455,382892,frontend_frame,237,0,34916,48,8,232707072,331350016,283751936,331350016,,,,,,,,,,
1791254606.095741,382892,tracking_feedback_accumulate,238,,34796,,,236861440,331350016,283751936,331350016,,,,,,,,3.2112000044435263,,
1791254606.1022954,382892,frontend_frame,238,0,34796,48,8,224587264,331350016,283751936,331350016,,,,,,,,,,
1791254606.6691728,382892,tracking_feedback_accumulate,239,,34796,,,228502016,331350016,283751936,331350016,,,,,,,,6.338900187984109,,
1791254606.6787887,382892,frontend_frame,239,0,34796,48,8,232722944,331350016,283751936,331350016,,,,,,,,,,
1791254607.2060819,382892,tracking_feedback_accumulate,240,,34796,,,236801536,331350016,283751936,331350016,,,,,,,,2.863700035959482,,
1791254607.2117743,382892,frontend_frame,240,0,34796,48,8,241022464,287309824,283751936,331350016,,,,,,,,,,
1791254607.765347,382892,tracking_feedback_accumulate,241,,34796,,,220287488,329252864,283751936,331350016,,,,,,,,2.9884001705795527,,
1791254607.7693534,382892,frontend_frame,241,0,34796,48,8,224508416,329252864,283751936,331350016,,,,,,,,,,
1791254608.398412,382892,tracking_feedback_accumulate,242,,34796,,,228587008,329252864,283751936,331350016,,,,,,,,2.840799978002906,,
1791254608.402927,382892,frontend_frame,242,0,34796,48,8,232808448,329252864,283751936,331350016,,,,,,,,,,
1791254608.8611574,382892,tracking_feedback_accumulate,243,,34796,,,220290048,329252864,283751936,331350016,,,,,,,,3.2897000201046467,,
1791254608.8655996,382892,frontend_frame,243,0,34796,48,8,224510976,329252864,283751936,331350016,,,,,,,,,,
1791254609.3400311,382892,tracking_feedback_accumulate,244,,34796,,,228425728,329252864,283751936,331350016,,,,,,,,3.2912997994571924,,
1791254609.3460455,382892,frontend_frame,244,0,34796,48,8,232646656,329252864,283751936,331350016,,,,,,,,,,
1791254609.9603674,382892,tracking_feedback_accumulate,245,,34796,,,236725248,329252864,283751936,331350016,,,,,,,,3.6464000586420298,,
1791254610.0148866,382892,frontend_frame,245,0,34796,49,8,228508672,329252864,283751936,331350016,,,,,,,,,,
1791254622.0529218,382892,tracking_feedback_accumulate,246,,32000,,,232243200,329252864,283751936,331350016,,,,,,,,3.3531999215483665,,
1791254622.0584497,382892,frontend_frame,246,0,32000,49,8,235776512,329252864,283751936,331350016,,,,,,,,,,
1791254622.584609,382892,tracking_feedback_accumulate,247,,32000,,,239937024,329252864,285157376,331350016,,,,,,,,2.634800039231777,,
1791254622.589307,382892,frontend_frame,247,0,32000,49,8,243493376,329252864,285157376,331350016,,,,,,,,,,
1791254623.0523863,382892,tracking_feedback_accumulate,248,,32000,,,224087552,329252864,285157376,331350016,,,,,,,,2.968700136989355,,
1791254623.0575821,382892,frontend_frame,248,0,32000,49,8,227643904,329252864,285157376,331350016,,,,,,,,,,
1791254623.480919,382892,tracking_feedback_accumulate,249,,32000,,,231722496,329252864,285157376,331350016,,,,,,,,2.81029986217618,,
1791254623.4871683,382892,frontend_frame,249,0,32000,49,8,235278848,329252864,285157376,331350016,,,,,,,,,,
1791254623.991718,382892,tracking_feedback_accumulate,250,,32000,,,224007680,329252864,285157376,331350016,,,,,,,,6.238200003281236,,
1791254623.997255,382892,frontend_frame,250,0,32000,49,8,227564544,278921216,285157376,331350016,,,,,,,,,,
1791254624.475648,382892,tracking_feedback_accumulate,251,,32000,,,231725056,320864256,285157376,331350016,,,,,,,,5.8431001380085945,,
1791254624.4798605,382892,frontend_frame,251,0,32000,49,8,235281408,320864256,285157376,331350016,,,,,,,,,,
1791254625.023745,382892,tracking_feedback_accumulate,252,,32000,,,239114240,325058560,285157376,331350016,,,,,,,,3.1592000741511583,,
1791254625.0836096,382892,frontend_frame,252,0,32000,50,8,231562240,325058560,285157376,331350016,,,,,,,,,,
1791254637.1724687,382892,tracking_feedback_accumulate,253,,31498,,,228062208,325058560,285157376,331350016,,,,,,,,2.9719998128712177,,
1791254637.1772573,382892,frontend_frame,253,0,31498,50,8,231505408,325058560,285157376,331350016,,,,,,,,,,
1791254637.7828228,382892,tracking_feedback_accumulate,254,,31498,,,235420160,325058560,285157376,331350016,,,,,,,,3.1552999280393124,,
1791254637.788975,382892,frontend_frame,254,0,31498,50,8,238867456,325058560,285157376,331350016,,,,,,,,,,
1791254638.396032,382892,tracking_feedback_accumulate,255,,31498,,,243027968,325058560,288203264,331350016,,,,,,,,2.733000088483095,,
1791254638.4025378,382892,frontend_frame,255,0,31498,50,8,231589376,325058560,288203264,331350016,,,,,,,,,,
1791254639.0560308,382892,tracking_feedback_accumulate,256,,31498,,,235504128,325058560,288203264,331350016,,,,,,,,2.8921999037265778,,
1791254639.0610769,382892,frontend_frame,256,0,31498,50,8,238951424,325058560,288203264,331350016,,,,,,,,,,
1791254639.8618693,382892,tracking_feedback_accumulate,257,,31498,,,243030016,325058560,288205312,331350016,,,,,,,,3.10880015604198,,
1791254639.9180093,382892,frontend_frame,257,0,31498,51,8,250473472,327155712,288205312,331350016,,,,,,,,,,
1791254652.2908175,382892,tracking_feedback_accumulate,258,,30941,,,232024576,327155712,288205312,331350016,,,,,,,,3.0336000490933657,,
1791254652.2948241,382892,frontend_frame,258,0,30941,51,8,235332096,327155712,288205312,331350016,,,,,,,,,,
1791254653.0152934,382892,tracking_feedback_accumulate,259,,30941,,,239410688,327155712,288205312,331350016,,,,,,,,2.9929999727755785,,
1791254653.0192971,382892,frontend_frame,259,0,30941,51,8,242723328,327155712,288205312,331350016,,,,,,,,,,
1791254653.7672088,382892,tracking_feedback_accumulate,260,,30941,,,246638080,327155712,291840512,331350016,,,,,,,,3.0237999744713306,,
1791254653.7747347,382892,frontend_frame,260,0,30941,51,8,235334144,299892736,291840512,331350016,,,,,,,,,,
1791254654.256246,382892,tracking_feedback_accumulate,261,,30941,,,239248896,320864256,291840512,331350016,,,,,,,,2.7634999714791775,,
1791254654.2612498,382892,frontend_frame,261,0,30941,51,8,242561536,320864256,291840512,331350016,,,,,,,,,,
1791254654.9353788,382892,tracking_feedback_accumulate,262,,30941,,,246640128,325058560,291842560,331350016,,,,,,,,3.265799954533577,,
1791254654.9456367,382892,frontend_frame,262,0,30941,52,8,239332352,325058560,291842560,331350016,,,,,,,,,,
1791254667.372261,382892,tracking_feedback_accumulate,263,,30045,,,243355136,325058560,291842560,331350016,,,,,,,,4.053100012242794,,
1791254667.377014,382892,frontend_frame,263,0,30045,52,8,246448640,325058560,291842560,331350016,,,,,,,,,,
1791254668.1332512,382892,tracking_feedback_accumulate,264,,30045,,,250281472,325058560,294350336,331350016,,,,,,,,2.9947999864816666,,
1791254668.140794,382892,frontend_frame,264,0,30045,52,8,253382656,327155712,294350336,331350016,,,,,,,,,,
1791254668.630981,382892,tracking_feedback_accumulate,265,,30045,,,243349504,327155712,294350336,331350016,,,,,,,,2.6485000271350145,,
1791254668.6354995,382892,frontend_frame,265,0,30045,52,8,246450688,327155712,294350336,331350016,,,,,,,,,,
1791254669.2996495,382892,tracking_feedback_accumulate,266,,30045,,,250283520,327155712,294350336,331350016,,,,,,,,3.4326999448239803,,
1791254669.305686,382892,frontend_frame,266,0,30045,52,8,253384704,327155712,294350336,331350016,,,,,,,,,,
1791254669.9854538,382892,tracking_feedback_accumulate,267,,30045,,,257545216,333447168,301006336,333447168,,,,,,,,2.7898000553250313,,
1791254670.0356233,382892,frontend_frame,267,0,30045,53,8,250448896,333447168,301006336,333447168,,,,,,,,,,
1791254682.3140166,382892,tracking_feedback_accumulate,268,,30210,,,254379008,333447168,301006336,333447168,,,,,,,,3.0912000220268965,,
1791254682.3205252,382892,frontend_frame,268,0,30210,53,8,257525248,333447168,301006336,333447168,,,,,,,,,,
1791254683.0750763,382892,tracking_feedback_accumulate,269,,30210,,,261440000,354418688,305012736,354418688,,,,,,,,3.148699877783656,,
1791254683.0831006,382892,frontend_frame,269,0,30210,53,8,250347520,354418688,305012736,354418688,,,,,,,,,,
1791254683.8211179,382892,tracking_feedback_accumulate,270,,30210,,,254508032,354418688,305012736,354418688,,,,,,,,5.888500018045306,,
1791254683.8273244,382892,frontend_frame,270,0,30210,53,8,257653248,306184192,305012736,354418688,,,,,,,,,,
1791254684.6046016,382892,tracking_feedback_accumulate,271,,30210,,,261568000,354418688,305012736,354418688,,,,,,,,3.626100020483136,,
1791254684.6116176,382892,frontend_frame,271,0,30210,53,8,264713216,356515840,305012736,356515840,,,,,,,,,,
1791254685.3961403,382892,tracking_feedback_accumulate,272,,30210,,,247369216,356515840,305012736,356515840,,,,,,,,3.1856000423431396,,
1791254685.4495466,382892,frontend_frame,272,0,30210,54,8,254510592,356515840,305012736,356515840,,,,,,,,,,
1791254698.116869,382892,tracking_feedback_accumulate,273,,30604,,,258370560,356515840,305012736,356515840,,,,,,,,5.845099920406938,,
1791254698.1228957,382892,frontend_frame,273,0,30604,54,8,261608960,356515840,305012736,356515840,,,,,,,,,,
1791254698.7908096,382892,tracking_feedback_accumulate,274,,30604,,,251315200,356515840,305012736,356515840,,,,,,,,2.974800067022443,,
1791254698.796269,382892,frontend_frame,274,0,30604,54,8,254551040,356515840,305012736,356515840,,,,,,,,,,
1791254699.39146,382892,tracking_feedback_accumulate,275,,30604,,,258629632,356515840,305012736,356515840,,,,,,,,2.9279000591486692,,
1791254699.3965106,382892,frontend_frame,275,0,30604,54,8,261865472,356515840,305012736,356515840,,,,,,,,,,
1791254699.8940828,382892,tracking_feedback_accumulate,276,,30604,,,265698304,356515840,308591616,356515840,,,,,,,,3.1162998639047146,,
1791254699.8992162,382892,frontend_frame,276,0,30604,54,8,254471168,356515840,308591616,356515840,,,,,,,,,,
1791254700.6415055,382892,tracking_feedback_accumulate,277,,30604,,,258631680,356515840,308591616,356515840,,,,,,,,3.1395000405609608,,
1791254700.6996555,382892,frontend_frame,277,0,30604,55,8,265863680,356515840,308591616,356515840,,,,,,,,,,
1791254713.3986812,382892,tracking_feedback_accumulate,278,,31163,,,255353344,356515840,308591616,356515840,,,,,,,,4.0923000779002905,,
1791254713.403921,382892,frontend_frame,278,0,31163,55,8,258721792,356515840,308591616,356515840,,,,,,,,,,
1791254714.166112,382892,tracking_feedback_accumulate,279,,31163,,,262800384,356515840,308591616,356515840,,,,,,,,3.168300027027726,,
1791254714.171202,382892,frontend_frame,279,0,31163,55,8,266165248,356515840,308591616,356515840,,,,,,,,,,
1791254714.8952441,382892,tracking_feedback_accumulate,280,,31163,,,269998080,356515840,313083904,356515840,,,,,,,,3.207799978554249,,
1791254714.9019866,382892,frontend_frame,280,0,31163,55,8,258641920,308281344,313083904,356515840,,,,,,,,,,
1791254715.6492856,382892,tracking_feedback_accumulate,281,,31163,,,262802432,350224384,313083904,356515840,,,,,,,,3.113499842584133,,
1791254715.6554601,382892,frontend_frame,281,0,31163,55,8,266167296,352321536,313083904,356515840,,,,,,,,,,
1791254716.4159105,382892,tracking_feedback_accumulate,282,,31163,,,270082048,356515840,313083904,356515840,,,,,,,,3.110300051048398,,
1791254716.4787931,382892,frontend_frame,282,0,31163,56,8,255413760,356515840,313083904,356515840,,,,,,,,,,
1791254729.1339068,382892,tracking_feedback_accumulate,283,,31615,,,259358208,356515840,313083904,356515840,,,,,,,,3.3478999976068735,,
1791254729.140532,382892,frontend_frame,283,0,31615,56,8,262827008,356515840,313083904,356515840,,,,,,,,,,
1791254729.8891478,382892,tracking_feedback_accumulate,284,,31615,,,266987520,356515840,313083904,356515840,,,,,,,,2.9279999434947968,,
1791254729.8938324,382892,frontend_frame,284,0,31615,56,8,270453248,356515840,313083904,356515840,,,,,,,,,,
1791254730.6351843,382892,tracking_feedback_accumulate,285,,31615,,,259445248,356515840,313083904,356515840,,,,,,,,3.4411000087857246,,
1791254730.6411893,382892,frontend_frame,285,0,31615,56,8,262910976,356515840,313083904,356515840,,,,,,,,,,
1791254731.4274538,382892,tracking_feedback_accumulate,286,,31615,,,266989568,356515840,313083904,356515840,,,,,,,,3.4989998675882816,,
1791254731.4321036,382892,frontend_frame,286,0,31615,56,8,270455296,356515840,313083904,356515840,,,,,,,,,,
1791254732.1720488,382892,tracking_feedback_accumulate,287,,31615,,,274370048,356515840,317177344,356515840,,,,,,,,3.6178999580442905,,
1791254732.2263017,382892,frontend_frame,287,0,31615,57,8,266909184,356515840,317177344,356515840,,,,,,,,,,
1791254744.8504832,382892,tracking_feedback_accumulate,288,,32042,,,271019520,356515840,317177344,356515840,,,,,,,,4.995600087568164,,
1791254744.8564956,382892,frontend_frame,288,0,32042,57,8,274592768,356515840,317177344,356515840,,,,,,,,,,
1791254745.4105098,382892,tracking_feedback_accumulate,289,,32042,,,278507520,358612992,321600000,358612992,,,,,,,,3.193599870428443,,
1791254745.4165273,382892,frontend_frame,289,0,32042,57,8,267050496,358612992,321600000,358612992,,,,,,,,,,
1791254746.205657,382892,tracking_feedback_accumulate,290,,32042,,,270965248,358612992,321600000,358612992,,,,,,,,2.93929991312325,,
1791254746.2112513,382892,frontend_frame,290,0,32042,57,8,274535424,333447168,321600000,358612992,,,,,,,,,,
1791254746.713234,382892,tracking_feedback_accumulate,291,,32042,,,278695936,358612992,321805312,358612992,,,,,,,,6.204299861565232,,
1791254746.722952,382892,frontend_frame,291,0,32042,57,8,282266112,360710144,321805312,360710144,,,,,,,,,,
1791254747.5008595,382892,tracking_feedback_accumulate,292,,32042,,,263483392,360710144,321805312,360710144,,,,,,,,2.956500044092536,,
1791254747.557441,382892,frontend_frame,292,0,32042,58,8,271049728,360710144,321805312,360710144,,,,,,,,,,
1791254760.0875013,382892,tracking_feedback_accumulate,293,,32410,,,274992128,381681664,321805312,381681664,,,,,,,,3.2314001582562923,,
1791254760.0932436,382892,frontend_frame,293,0,32410,58,8,278653440,381681664,321805312,381681664,,,,,,,,,,
1791254760.6788638,382892,tracking_feedback_accumulate,294,,32410,,,282813952,381681664,326310912,381681664,,,,,,,,2.8148998972028494,,
1791254760.6860425,382892,frontend_frame,294,0,32410,58,8,271252480,381681664,326310912,381681664,,,,,,,,,,
1791254761.4180627,382892,tracking_feedback_accumulate,295,,32410,,,275167232,381681664,326310912,381681664,,,,,,,,3.948099911212921,,
1791254761.4243367,382892,frontend_frame,295,0,32410,58,8,278825984,381681664,326310912,381681664,,,,,,,,,,
1791254762.064811,382892,tracking_feedback_accumulate,296,,32410,,,282904576,381681664,326401536,381681664,,,,,,,,3.1384998001158237,,
1791254762.0703201,382892,frontend_frame,296,0,32410,58,8,271254528,381681664,326401536,381681664,,,,,,,,,,
1791254762.6131341,382892,tracking_feedback_accumulate,297,,32410,,,275087360,381681664,326401536,381681664,,,,,,,,3.028600011020899,,
1791254762.6649394,382892,frontend_frame,297,0,32410,59,8,282742272,381681664,326401536,381681664,,,,,,,,,,
1791254774.4842608,382892,tracking_feedback_accumulate,298,,32760,,,286925824,381681664,330889216,381681664,,,,,,,,2.8792000375688076,,
1791254774.4892604,382892,frontend_frame,298,0,32760,59,8,290665472,383778816,330889216,383778816,,,,,,,,,,
1791254775.0819433,382892,tracking_feedback_accumulate,299,,32760,,,279110656,383778816,330889216,383778816,,,,,,,,3.759699873626232,,
1791254775.0869467,382892,frontend_frame,299,0,32760,59,8,282848256,383778816,330889216,383778816,,,,,,,,,,
1791254775.5405538,382892,tracking_feedback_accumulate,300,,32760,,,287008768,383778816,330992640,383778816,,,,,,,,2.877600025385618,,
1791254775.54606,382892,frontend_frame,300,0,32760,59,8,290746368,339738624,330992640,383778816,,,,,,,,,,
1791254775.9571674,382892,tracking_feedback_accumulate,301,,32760,,,294661120,387973120,338726912,387973120,,,,,,,,3.350100014358759,,
1791254775.961888,382892,frontend_frame,301,0,32760,59,8,282932224,387973120,338726912,387973120,,,,,,,,,,
1791254776.5682428,382892,tracking_feedback_accumulate,302,,32760,,,286846976,387973120,338726912,387973120,,,,,,,,2.9335999861359596,,
1791254776.6183467,382892,frontend_frame,302,0,32760,60,8,294580736,387973120,338726912,387973120,,,,,,,,,,
1791254788.3194163,382892,tracking_feedback_accumulate,303,,33064,,,283216384,387973120,338726912,387973120,,,,,,,,3.2136000227183104,,
1791254788.3249285,382892,frontend_frame,303,0,33064,60,8,287030272,387973120,338726912,387973120,,,,,,,,,,
1791254788.994982,382892,tracking_feedback_accumulate,304,,33064,,,290945024,387973120,338726912,387973120,,,,,,,,3.305599791929126,,
1791254789.0004854,382892,frontend_frame,304,0,33064,60,8,294756864,387973120,338726912,387973120,,,,,,,,,,
1791254789.6338286,382892,tracking_feedback_accumulate,305,,33064,,,298917376,390070272,343128576,390070272,,,,,,,,3.0004000291228294,,
1791254789.6383321,382892,frontend_frame,305,0,33064,60,8,287114240,390070272,343128576,390070272,,,,,,,,,,
1791254790.349231,382892,tracking_feedback_accumulate,306,,33064,,,290947072,390070272,343128576,390070272,,,,,,,,3.13479988835752,,
1791254790.3531704,382892,frontend_frame,306,0,33064,60,8,294758912,390070272,343128576,390070272,,,,,,,,,,
1791254790.9593227,382892,tracking_feedback_accumulate,307,,33064,,,298837504,390070272,343229952,390070272,,,,,,,,3.3843000419437885,,
1791254791.0113313,382892,frontend_frame,307,0,33064,61,8,291030528,390070272,343229952,390070272,,,,,,,,,,
1791254802.802148,382892,tracking_feedback_accumulate,308,,31492,,,295011840,390070272,343229952,390070272,,,,,,,,2.9571999330073595,,
1791254802.8076532,382892,frontend_frame,308,0,31492,61,8,298446336,390070272,343229952,390070272,,,,,,,,,,
1791254803.527439,382892,tracking_feedback_accumulate,309,,31492,,,302279168,390070272,346257920,390070272,,,,,,,,3.23150004260242,,
1791254803.532591,382892,frontend_frame,309,0,31492,61,8,305726464,390070272,346257920,390070272,,,,,,,,,,
1791254804.1537385,382892,tracking_feedback_accumulate,310,,31492,,,279539200,390070272,346257920,390070272,,,,,,,,2.978099975734949,,
1791254804.1587384,382892,frontend_frame,310,0,31492,61,8,282986496,354418688,346257920,390070272,,,,,,,,,,
1791254804.742203,382892,tracking_feedback_accumulate,311,,31492,,,286901248,375390208,346257920,390070272,,,,,,,,2.9315000865608454,,
1791254804.7487142,382892,frontend_frame,311,0,31492,61,8,290348544,375390208,346257920,390070272,,,,,,,,,,
1791254805.516789,382892,tracking_feedback_accumulate,312,,31492,,,294427136,379584512,346257920,390070272,,,,,,,,3.1183999963104725,,
1791254805.5718095,382892,frontend_frame,312,0,31492,62,8,286984704,379584512,346257920,390070272,,,,,,,,,,
1791254817.5469308,382892,tracking_feedback_accumulate,313,,30308,,,290823168,379584512,346257920,390070272,,,,,,,,2.9033999890089035,,
1791254817.5519342,382892,frontend_frame,313,0,30308,62,8,293976576,379584512,346257920,390070272,,,,,,,,,,
1791254817.9879856,382892,tracking_feedback_accumulate,314,,30308,,,298055168,379584512,346257920,390070272,,,,,,,,2.8693999629467726,,
1791254817.994299,382892,frontend_frame,314,0,30308,62,8,286616576,379584512,346257920,390070272,,,,,,,,,,
1791254818.6486979,382892,tracking_feedback_accumulate,315,,30308,,,290449408,379584512,346257920,390070272,,,,,,,,2.874499885365367,,
1791254818.65372,382892,frontend_frame,315,0,30308,62,8,293613056,379584512,346257920,390070272,,,,,,,,,,
1791254819.392785,382892,tracking_feedback_accumulate,316,,30308,,,297773568,379584512,346257920,390070272,,,,,,,,3.110000165179372,,
1791254819.3985343,382892,frontend_frame,316,0,30308,62,8,300937216,381681664,346257920,390070272,,,,,,,,,,
1791254819.9368668,382892,tracking_feedback_accumulate,317,,30308,,,283292160,381681664,346257920,390070272,,,,,,,,3.0467999167740345,,
1791254819.9895675,382892,frontend_frame,317,0,30308,63,8,290451968,381681664,346257920,390070272,,,,,,,,,,
1791254831.6224728,382892,tracking_feedback_accumulate,318,,29920,,,294508032,402653184,346257920,402653184,,,,,,,,3.4340000711381435,,
1791254831.6284788,382892,frontend_frame,318,0,29920,63,8,297575424,402653184,346257920,402653184,,,,,,,,,,
1791254832.3582518,382892,tracking_feedback_accumulate,319,,29920,,,287428096,402653184,346257920,402653184,,,,,,,,3.3610998652875423,,
1791254832.363252,382892,frontend_frame,319,0,29920,63,8,290499072,402653184,346257920,402653184,,,,,,,,,,
1791254833.0444868,382892,tracking_feedback_accumulate,320,,29920,,,294413824,402653184,346257920,402653184,,,,,,,,3.0068999622017145,,
1791254833.050742,382892,frontend_frame,320,0,29920,63,8,297484800,354418688,346257920,402653184,,,,,,,,,,
1791254833.5661764,382892,tracking_feedback_accumulate,321,,29920,,,301563392,400556032,346257920,402653184,,,,,,,,3.4146998077630997,,
1791254833.570687,382892,frontend_frame,321,0,29920,63,8,290501120,400556032,346257920,402653184,,,,,,,,,,
1791254834.2812438,382892,tracking_feedback_accumulate,322,,29920,,,294415872,400556032,346257920,402653184,,,,,,,,3.0272998847067356,,
1791254834.3309736,382892,frontend_frame,322,0,29920,64,8,301483008,400556032,346257920,402653184,,,,,,,,,,
1791254846.085294,382892,tracking_feedback_accumulate,323,,29547,,,291241984,400556032,346257920,402653184,,,,,,,,2.9015999753028154,,
1791254846.0900064,382892,frontend_frame,323,0,29547,64,8,294220800,400556032,346257920,402653184,,,,,,,,,,
1791254846.6154506,382892,tracking_feedback_accumulate,324,,29547,,,298381312,400556032,346257920,402653184,,,,,,,,2.8455997817218304,,
1791254846.6204689,382892,frontend_frame,324,0,29547,64,8,301363712,400556032,346257920,402653184,,,,,,,,,,
1791254847.3409843,382892,tracking_feedback_accumulate,325,,29547,,,305278464,400556032,350344704,402653184,,,,,,,,3.555099945515394,,
1791254847.3454924,382892,frontend_frame,325,0,29547,64,8,294304768,400556032,350344704,402653184,,,,,,,,,,
1791254847.9675338,382892,tracking_feedback_accumulate,326,,29547,,,298219520,400556032,350344704,402653184,,,,,,,,3.1659998930990696,,
1791254847.9725459,382892,frontend_frame,326,0,29547,64,8,301201920,400556032,350344704,402653184,,,,,,,,,,
1791254848.5348234,382892,tracking_feedback_accumulate,327,,29547,,,305362432,400556032,350346752,402653184,,,,,,,,2.939400030300021,,
1791254848.5862665,382892,frontend_frame,327,0,29547,65,8,312340992,402653184,350346752,402653184,,,,,,,,,,
1791254860.3965573,382892,tracking_feedback_accumulate,328,,29325,,,295311872,402653184,350346752,402653184,,,,,,,,3.028299892321229,,
1791254860.4025607,382892,frontend_frame,328,0,29325,65,8,298243584,402653184,350346752,402653184,,,,,,,,,,
1791254861.1022193,382892,tracking_feedback_accumulate,329,,29325,,,302322176,402653184,350346752,402653184,,,,,,,,2.9556001536548138,,
1791254861.106734,382892,frontend_frame,329,0,29325,65,8,305255936,402653184,350346752,402653184,,,,,,,,,,
1791254861.7535157,382892,tracking_feedback_accumulate,330,,29325,,,309088768,402653184,354216960,402653184,,,,,,,,3.1187001150101423,,
1791254861.7590394,382892,frontend_frame,330,0,29325,65,8,298163712,354418688,354216960,402653184,,,,,,,,,,
1791254862.4052846,382892,tracking_feedback_accumulate,331,,29325,,,302324224,396361728,354216960,402653184,,,,,,,,3.2620998099446297,,
1791254862.4099364,382892,frontend_frame,331,0,29325,65,8,305257984,396361728,354216960,402653184,,,,,,,,,,
1791254862.9665208,382892,tracking_feedback_accumulate,332,,29325,,,309172736,400556032,354216960,402653184,,,,,,,,2.93629989027977,,
1791254863.0182807,382892,frontend_frame,332,0,29325,66,8,302243840,400556032,354216960,402653184,,,,,,,,,,
1791254874.701606,382892,tracking_feedback_accumulate,333,,29855,,,306194432,400556032,354216960,402653184,,,,,,,,3.526100190356374,,
1791254874.7066545,382892,frontend_frame,333,0,29855,66,8,309252608,400556032,354216960,402653184,,,,,,,,,,
1791254875.2870338,382892,tracking_feedback_accumulate,334,,29855,,,313413120,402653184,357337088,402653184,,,,,,,,3.2432000152766705,,
1791254875.2925377,382892,frontend_frame,334,0,29855,66,8,316467712,404750336,357337088,404750336,,,,,,,,,,
1791254875.8679905,382892,tracking_feedback_accumulate,335,,29855,,,299352576,404750336,357337088,404750336,,,,,,,,3.054200205951929,,
1791254875.873063,382892,frontend_frame,335,0,29855,66,8,302407168,404750336,357337088,404750336,,,,,,,,,,
1791254876.4071195,382892,tracking_feedback_accumulate,336,,29855,,,306321920,404750336,357337088,404750336,,,,,,,,2.8291000053286552,,
1791254876.4111197,382892,frontend_frame,336,0,29855,66,8,309376512,404750336,357337088,404750336,,,,,,,,,,
1791254876.9160883,382892,tracking_feedback_accumulate,337,,29855,,,299436544,404750336,357337088,404750336,,,,,,,,3.3306998666375875,,
1791254876.9689467,382892,frontend_frame,337,0,29855,67,8,306487296,404750336,357337088,404750336,,,,,,,,,,
1791254888.9376285,382892,tracking_feedback_accumulate,338,,30361,,,310437888,404750336,357337088,404750336,,,,,,,,3.06229991838336,,
1791254888.9426317,382892,frontend_frame,338,0,30361,67,8,313616896,404750336,357337088,404750336,,,,,,,,,,
1791254889.6485715,382892,tracking_feedback_accumulate,339,,30361,,,317695488,404750336,361568768,404750336,,,,,,,,3.325199941173196,,
1791254889.6555724,382892,frontend_frame,339,0,30361,67,8,306649600,404750336,361568768,404750336,,,,,,,,,,
1791254890.325559,382892,tracking_feedback_accumulate,340,,30361,,,310564352,404750336,361568768,404750336,,,,,,,,2.8893998824059963,,
1791254890.3312197,382892,frontend_frame,340,0,30361,67,8,313739776,375390208,361568768,404750336,,,,,,,,,,
1791254891.0521307,382892,tracking_feedback_accumulate,341,,30361,,,317818368,400556032,361568768,404750336,,,,,,,,3.526699962094426,,
1791254891.0571408,382892,frontend_frame,341,0,30361,67,8,320993792,404750336,361568768,404750336,,,,,,,,,,
1791254891.7237172,382892,tracking_feedback_accumulate,342,,30361,,,303313408,404750336,361568768,404750336,,,,,,,,3.110799938440323,,
1791254891.7756996,382892,frontend_frame,342,0,30361,68,8,310484992,404750336,361568768,404750336,,,,,,,,,,
1791254903.686,382892,tracking_feedback_accumulate,343,,30259,,,314641920,404750336,361568768,404750336,,,,,,,,3.1812998931854963,,
1791254903.6915078,382892,frontend_frame,343,0,30259,68,8,317793792,404750336,361568768,404750336,,,,,,,,,,
1791254904.2752354,382892,tracking_feedback_accumulate,344,,30259,,,307388416,425721856,361568768,425721856,,,,,,,,2.9319999739527702,,
1791254904.281254,382892,frontend_frame,344,0,30259,68,8,310541824,425721856,361568768,425721856,,,,,,,,,,
1791254904.8932028,382892,tracking_feedback_accumulate,345,,30259,,,314620416,425721856,361568768,425721856,,,,,,,,2.7805999852716923,,
1791254904.8982332,382892,frontend_frame,345,0,30259,68,8,317773824,425721856,361568768,425721856,,,,,,,,,,
1791254905.5988133,382892,tracking_feedback_accumulate,346,,30259,,,321688576,425721856,364430848,425721856,,,,,,,,3.994600148871541,,
1791254905.6038113,382892,frontend_frame,346,0,30259,68,8,310543872,425721856,364430848,425721856,,,,,,,,,,
1791254906.3094568,382892,tracking_feedback_accumulate,347,,30259,,,314622464,425721856,364430848,425721856,,,,,,,,2.9407001566141844,,
1791254906.3151028,382892,frontend_frame,347,0,30259,68,8,317776384,425721856,364430848,425721856,,,,,,,,,,
1791254907.0107293,382892,tracking_feedback_accumulate,348,,30259,,,321609216,425721856,364430848,425721856,,,,,,,,3.023700090125203,,
1791254907.0162911,382892,frontend_frame,348,0,30259,68,8,324762624,425721856,364430848,425721856,,,,,,,,,,
1791254907.651549,382892,tracking_feedback_accumulate,349,,30259,,,307394048,425721856,364430848,425721856,,,,,,,,3.6961000878363848,,
1791254907.6568532,382892,frontend_frame,349,0,30259,68,8,310547456,425721856,364430848,425721856,,,,,,,,,,
1791254908.2645931,382892,tracking_feedback_accumulate,350,,30259,,,314462208,425721856,364430848,425721856,,,,,,,,3.459800034761429,,
1791254908.2711055,382892,frontend_frame,350,0,30259,68,8,317615616,375390208,364430848,425721856,,,,,,,,,,
1791254908.7509508,382892,tracking_feedback_accumulate,351,,30259,,,321694208,402653184,364430848,425721856,,,,,,,,2.9953999910503626,,
1791254908.80376,382892,frontend_frame,351,0,30259,69,8,314545152,402653184,364430848,425721856,,,,,,,,,,
1791254920.7103066,382892,tracking_feedback_accumulate,352,,30849,,,318665728,423624704,364430848,425721856,,,,,,,,2.6428999844938517,,
1791254920.715994,382892,frontend_frame,352,0,30849,69,8,321966592,423624704,364430848,425721856,,,,,,,,,,
1791254921.427755,382892,tracking_feedback_accumulate,353,,30849,,,325881344,423624704,368710656,425721856,,,,,,,,2.8426998760551214,,
1791254921.4344285,382892,frontend_frame,353,0,30849,69,8,314736640,423624704,368710656,425721856,,,,,,,,,,
1791254922.136457,382892,tracking_feedback_accumulate,354,,30849,,,318815232,423624704,368710656,425721856,,,,,,,,2.901799976825714,,
1791254922.1414592,382892,frontend_frame,354,0,30849,69,8,322111488,423624704,368710656,425721856,,,,,,,,,,
1791254922.854667,382892,tracking_feedback_accumulate,355,,30849,,,326026240,423624704,369551872,425721856,,,,,,,,2.914200071245432,,
1791254922.8603454,382892,frontend_frame,355,0,30849,69,8,329322496,427819008,369551872,427819008,,,,,,,,,,
1791254923.5324993,382892,tracking_feedback_accumulate,356,,30849,,,311525376,427819008,369551872,427819008,,,,,,,,2.9236997943371534,,
1791254923.5837193,382892,frontend_frame,356,0,30849,70,8,318817792,427819008,369551872,427819008,,,,,,,,,,
1791254935.622602,382892,tracking_feedback_accumulate,357,,31840,,,315505664,427819008,369551872,427819008,,,,,,,,2.9700000304728746,,
1791254935.6276088,382892,frontend_frame,357,0,31840,70,8,319036928,427819008,369551872,427819008,,,,,,,,,,
1791254936.186176,382892,tracking_feedback_accumulate,358,,31840,,,323115520,427819008,369551872,427819008,,,,,,,,2.9036998748779297,,
1791254936.190186,382892,frontend_frame,358,0,31840,70,8,326639616,427819008,369551872,427819008,,,,,,,,,,
1791254936.8720942,382892,tracking_feedback_accumulate,359,,31840,,,330554368,427819008,374524416,427819008,,,,,,,,3.2118000090122223,,
1791254936.87728,382892,frontend_frame,359,0,31840,70,8,319038976,427819008,374524416,427819008,,,,,,,,,,
1791254937.6115346,382892,tracking_feedback_accumulate,360,,31840,,,323117568,427819008,374524416,427819008,,,,,,,,2.9331000987440348,,
1791254937.6172242,382892,frontend_frame,360,0,31840,70,8,326641664,377487360,374524416,427819008,,,,,,,,,,
1791254938.3421416,382892,tracking_feedback_accumulate,361,,31840,,,330556416,425721856,374590976,427819008,,,,,,,,3.0177999287843704,,
1791254938.3924465,382892,frontend_frame,361,0,31840,71,8,338076672,427819008,374590976,427819008,,,,,,,,,,
1791254950.4383419,382892,tracking_feedback_accumulate,362,,32730,,,319656448,427819008,374590976,427819008,,,,,,,,3.035500179976225,,
1791254950.4438443,382892,frontend_frame,362,0,32730,71,8,323398656,427819008,374590976,427819008,,,,,,,,,,
1791254951.1662238,382892,tracking_feedback_accumulate,363,,32730,,,327313408,427819008,374590976,427819008,,,,,,,,2.7256999164819717,,
1791254951.170736,382892,frontend_frame,363,0,32730,71,8,331048960,427819008,374590976,427819008,,,,,,,,,,
1791254951.7831519,382892,tracking_feedback_accumulate,364,,32730,,,319665152,427819008,374590976,427819008,,,,,,,,3.002400044351816,,
1791254951.7891624,382892,frontend_frame,364,0,32730,71,8,323400704,427819008,374590976,427819008,,,,,,,,,,
1791254952.4310784,382892,tracking_feedback_accumulate,365,,32730,,,327233536,427819008,374590976,427819008,,,,,,,,3.5623000003397465,,
1791254952.436108,382892,frontend_frame,365,0,32730,71,8,330969088,427819008,374590976,427819008,,,,,,,,,,
1791254952.9868014,382892,tracking_feedback_accumulate,366,,32730,,,335047680,427819008,379158016,427819008,,,,,,,,3.060899907723069,,
1791254953.0399675,382892,frontend_frame,366,0,32730,72,8,327316992,427819008,379158016,427819008,,,,,,,,,,
1791254964.8879597,382892,tracking_feedback_accumulate,367,,33443,,,331444224,448790528,379158016,448790528,,,,,,,,2.9013999737799168,,
1791254964.8919597,382892,frontend_frame,367,0,33443,72,8,335351808,448790528,379158016,448790528,,,,,,,,,,
1791254965.5213041,382892,tracking_feedback_accumulate,368,,33443,,,339266560,448790528,384305152,448790528,,,,,,,,2.9048998840153217,,
1791254965.5270004,382892,frontend_frame,368,0,33443,72,8,327539712,448790528,384305152,448790528,,,,,,,,,,
1791254966.123733,382892,tracking_feedback_accumulate,369,,33443,,,331454464,448790528,384305152,448790528,,,,,,,,2.9996999073773623,,
1791254966.128446,382892,frontend_frame,369,0,33443,72,8,335356928,448790528,384305152,448790528,,,,,,,,,,
1791254966.7113986,382892,tracking_feedback_accumulate,370,,33443,,,339517440,448790528,384305152,448790528,,,,,,,,3.1006999779492617,,
1791254966.7166893,382892,frontend_frame,370,0,33443,72,8,343419904,408944640,384305152,450887680,,,,,,,,,,
1791254967.3016913,382892,tracking_feedback_accumulate,371,,33443,,,331456512,450887680,384305152,450887680,,,,,,,,2.8556000906974077,,
1791254967.3523116,382892,frontend_frame,371,0,33443,73,8,339355136,450887680,384305152,450887680,,,,,,,,,,
1791254979.371044,382892,tracking_feedback_accumulate,372,,34266,,,343490048,450887680,389134336,450887680,,,,,,,,2.9670000076293945,,
1791254979.376061,382892,frontend_frame,372,0,34266,73,8,347594240,452984832,389134336,452984832,,,,,,,,,,
1791254979.9590838,382892,tracking_feedback_accumulate,373,,34266,,,351508992,459276288,397284864,459276288,,,,,,,,3.9532999508082867,,
1791254979.9646013,382892,frontend_frame,373,0,34266,73,8,339615232,459276288,397284864,459276288,,,,,,,,,,
1791254980.5530653,382892,tracking_feedback_accumulate,374,,34266,,,343775744,459276288,397284864,459276288,,,,,,,,2.9818001203238964,,
1791254980.5575974,382892,frontend_frame,374,0,34266,73,8,347873792,459276288,397284864,459276288,,,,,,,,,,
1791254981.2022464,382892,tracking_feedback_accumulate,375,,34266,,,351788544,459276288,398460416,459276288,,,,,,,,2.905000001192093,,
1791254981.2083116,382892,frontend_frame,375,0,34266,73,8,339699200,459276288,398460416,459276288,,,,,,,,,,
1791254981.8688245,382892,tracking_feedback_accumulate,376,,34266,,,343613952,459276288,398460416,459276288,,,,,,,,2.898900071159005,,
1791254981.9281306,382892,frontend_frame,376,0,34266,74,8,351708160,459276288,398460416,459276288,,,,,,,,,,
1791254994.0601413,382892,tracking_feedback_accumulate,377,,32957,,,355704320,459276288,400882688,459276288,,,,,,,,2.903599990531802,,
1791254994.0646567,382892,frontend_frame,377,0,32957,74,8,359480832,459276288,400882688,459276288,,,,,,,,,,
1791254994.7211342,382892,tracking_feedback_accumulate,378,,32957,,,347518464,459276288,400882688,459276288,,,,,,,,2.7867997996509075,,
1791254994.7264009,382892,frontend_frame,378,0,32957,74,8,351306240,459276288,400882688,459276288,,,,,,,,,,
1791254995.3965552,382892,tracking_feedback_accumulate,379,,32957,,,355466752,459276288,400882688,459276288,,,,,,,,2.9543000273406506,,
1791254995.4015574,382892,frontend_frame,379,0,32957,74,8,359254528,459276288,400882688,459276288,,,,,,,,,,
1791254995.9943414,382892,tracking_feedback_accumulate,380,,32957,,,363087360,465567744,408491008,465567744,,,,,,,,3.4173999447375536,,
1791254996.0003967,382892,frontend_frame,380,0,32957,74,8,351308288,413138944,408491008,465567744,,,,,,,,,,
1791254996.5608768,382892,tracking_feedback_accumulate,381,,32957,,,355468800,457179136,408491008,465567744,,,,,,,,3.2602001447230577,,
1791254996.6115353,382892,frontend_frame,381,0,32957,75,8,363252736,459276288,408491008,465567744,,,,,,,,,,
1791255008.6695437,382892,tracking_feedback_accumulate,382,,31255,,,351411200,459276288,408491008,465567744,,,,,,,,2.966000000014901,,
1791255008.6750517,382892,frontend_frame,382,0,31255,75,8,354784256,459276288,408491008,465567744,,,,,,,,,,
1791255009.2559319,382892,tracking_feedback_accumulate,383,,31255,,,358862848,459276288,408491008,465567744,,,,,,,,3.4209999721497297,,
1791255009.2609344,382892,frontend_frame,383,0,31255,75,8,362249728,459276288,408491008,465567744,,,,,,,,,,
1791255009.9086323,382892,tracking_feedback_accumulate,384,,31255,,,366328320,463470592,411479040,465567744,,,,,,,,3.8415000308305025,,
1791255009.9131367,382892,frontend_frame,384,0,31255,75,8,354950144,463470592,411479040,465567744,,,,,,,,,,
1791255010.5273025,382892,tracking_feedback_accumulate,385,,31255,,,358864896,463470592,411479040,465567744,,,,,,,,3.070899983868003,,
1791255010.5318103,382892,frontend_frame,385,0,31255,75,8,362251776,463470592,411479040,465567744,,,,,,,,,,
1791255011.167413,382892,tracking_feedback_accumulate,386,,31255,,,366166528,463470592,411504640,465567744,,,,,,,,2.8943000361323357,,
1791255011.2212367,382892,frontend_frame,386,0,31255,76,8,358784512,463470592,411504640,465567744,,,,,,,,,,
1791255023.1772122,382892,tracking_feedback_accumulate,387,,30801,,,362834432,463470592,411504640,465567744,,,,,,,,2.8301000129431486,,
1791255023.181717,382892,frontend_frame,387,0,30801,76,8,366106624,463470592,411504640,465567744,,,,,,,,,,
1791255023.7546258,382892,tracking_feedback_accumulate,388,,30801,,,370021376,463470592,415389696,465567744,,,,,,,,3.454099874943495,,
1791255023.759636,382892,frontend_frame,388,0,30801,76,8,373297664,465567744,415389696,465567744,,,,,,,,,,
1791255024.2807178,382892,tracking_feedback_accumulate,389,,30801,,,339539968,465567744,415389696,465567744,,,,,,,,2.9893999453634024,,
1791255024.2857246,382892,frontend_frame,389,0,30801,76,8,342816256,465567744,415389696,465567744,,,,,,,,,,
1791255024.833372,382892,tracking_feedback_accumulate,390,,30801,,,346649088,465567744,415389696,465567744,,,,,,,,2.8693999629467726,,
1791255024.841086,382892,frontend_frame,390,0,30801,76,8,349925376,402653184,415389696,465567744,,,,,,,,,,
1791255025.401681,382892,tracking_feedback_accumulate,391,,30801,,,354003968,448790528,415389696,465567744,,,,,,,,2.9563000425696373,,
1791255025.453482,382892,frontend_frame,391,0,30801,77,8,346732544,448790528,415389696,465567744,,,,,,,,,,
1791255037.2600808,382892,tracking_feedback_accumulate,392,,30194,,,350773760,448790528,415389696,465567744,,,,,,,,2.8807998169213533,,
1791255037.264604,382892,frontend_frame,392,0,30194,77,8,353901568,448790528,415389696,465567744,,,,,,,,,,
1791255037.7482636,382892,tracking_feedback_accumulate,393,,30194,,,357816320,448790528,415389696,465567744,,,,,,,,2.9418999329209328,,
1791255037.7547722,382892,frontend_frame,393,0,30194,77,8,346548736,448790528,415389696,465567744,,,,,,,,,,
1791255038.2745688,382892,tracking_feedback_accumulate,394,,30194,,,350463488,448790528,415389696,465567744,,,,,,,,3.0013001523911953,,
1791255038.2785866,382892,frontend_frame,394,0,30194,77,8,353596928,448790528,415389696,465567744,,,,,,,,,,
1791255038.859463,382892,tracking_feedback_accumulate,395,,30194,,,357675520,448790528,415389696,465567744,,,,,,,,2.8335999231785536,,
1791255038.8644655,382892,frontend_frame,395,0,30194,77,8,360808960,450887680,415389696,465567744,,,,,,,,,,
1791255039.4400024,382892,tracking_feedback_accumulate,396,,30194,,,343336448,450887680,415389696,465567744,,,,,,,,2.917699981480837,,
1791255039.4961486,382892,frontend_frame,396,0,30194,78,8,350466048,450887680,415389696,465567744,,,,,,,,,,
1791255051.8171897,382892,tracking_feedback_accumulate,397,,30158,,,354545152,471859200,415389696,471859200,,,,,,,,3.613600041717291,,
1791255051.822694,382892,frontend_frame,397,0,30158,78,8,357669888,471859200,415389696,471859200,,,,,,,,,,
1791255052.4014423,382892,tracking_feedback_accumulate,398,,30158,,,361748480,471859200,415389696,471859200,,,,,,,,3.609300125390291,,
1791255052.4064674,382892,frontend_frame,398,0,30158,78,8,350623744,471859200,415389696,471859200,,,,,,,,,,
1791255052.9496884,382892,tracking_feedback_accumulate,399,,30158,,,354538496,471859200,415389696,471859200,,,,,,,,3.206200199201703,,
1791255052.9546893,382892,frontend_frame,399,0,30158,78,8,357663744,471859200,415389696,471859200,,,,,,,,,,
1791255053.5115936,382892,tracking_feedback_accumulate,400,,30158,,,361578496,471859200,415389696,471859200,,,,,,,,2.737100003287196,,
1791255053.5183058,382892,frontend_frame,400,0,30158,78,8,350461952,423624704,415389696,471859200,,,,,,,,,,
1791255054.0974956,382892,tracking_feedback_accumulate,401,,30158,,,354540544,465567744,415389696,471859200,,,,,,,,3.3681001514196396,,
1791255054.1484919,382892,frontend_frame,401,0,30158,79,8,361661952,465567744,415389696,471859200,,,,,,,,,,
1791255065.9546301,382892,tracking_feedback_accumulate,402,,30179,,,365581312,469762048,415389696,471859200,,,,,,,,3.26079991646111,,
1791255065.9601386,382892,frontend_frame,402,0,30179,79,8,368714240,471859200,415389696,471859200,,,,,,,,,,
1791255066.4372592,382892,tracking_feedback_accumulate,403,,30179,,,358542848,471859200,415389696,471859200,,,,,,,,2.786999801173806,,
1791255066.4432595,382892,frontend_frame,403,0,30179,79,8,361676288,471859200,415389696,471859200,,,,,,,,,,
1791255066.99511,382892,tracking_feedback_accumulate,404,,30179,,,365754880,471859200,415389696,471859200,,,,,,,,2.687700092792511,,
1791255066.999119,382892,frontend_frame,404,0,30179,79,8,368888320,471859200,415389696,471859200,,,,,,,,,,
1791255067.5483756,382892,tracking_feedback_accumulate,405,,30179,,,372721152,476053504,417931264,476053504,,,,,,,,3.196100005879998,,
1791255067.553055,382892,frontend_frame,405,0,30179,79,8,361596416,476053504,417931264,476053504,,,,,,,,,,
1791255068.010695,382892,tracking_feedback_accumulate,406,,30179,,,365675008,476053504,417931264,476053504,,,,,,,,3.284499980509281,,
1791255068.0613205,382892,frontend_frame,406,0,30179,80,8,372804608,476053504,417931264,476053504,,,,,,,,,,
1791255079.9986188,382892,tracking_feedback_accumulate,407,,30416,,,362478592,476053504,417931264,476053504,,,,,,,,2.979299984872341,,
1791255080.0031238,382892,frontend_frame,407,0,30416,80,8,365665792,476053504,417931264,476053504,,,,,,,,,,
1791255080.6082656,382892,tracking_feedback_accumulate,408,,30416,,,369744384,476053504,417931264,476053504,,,,,,,,2.7173999696969986,,
1791255080.6133165,382892,frontend_frame,408,0,30416,80,8,372930048,476053504,417931264,476053504,,,,,,,,,,
1791255081.223214,382892,tracking_feedback_accumulate,409,,30416,,,377008640,476053504,422076416,476053504,,,,,,,,2.954999916255474,,
1791255081.228224,382892,frontend_frame,409,0,30416,80,8,365831680,476053504,422076416,476053504,,,,,,,,,,
1791255081.7191477,382892,tracking_feedback_accumulate,410,,30416,,,369664512,476053504,422076416,476053504,,,,,,,,2.9756000731140375,,
1791255081.7246528,382892,frontend_frame,410,0,30416,80,8,372850176,429916160,422076416,476053504,,,,,,,,,,
1791255082.151482,382892,tracking_feedback_accumulate,411,,30416,,,377010688,478150656,422078464,478150656,,,,,,,,2.820399822667241,,
1791255082.2040062,382892,frontend_frame,411,0,30416,81,8,384192512,480247808,422078464,480247808,,,,,,,,,,
1791255094.0252187,382892,tracking_feedback_accumulate,412,,30508,,,366492160,480247808,422078464,480247808,,,,,,,,2.868899842724204,,
1791255094.0297313,382892,frontend_frame,412,0,30508,81,8,369705984,480247808,422078464,480247808,,,,,,,,,,
1791255094.5139282,382892,tracking_feedback_accumulate,413,,30508,,,373866496,480247808,422078464,480247808,,,,,,,,2.9551000334322453,,
1791255094.5189366,382892,frontend_frame,413,0,30508,81,8,377080320,480247808,422078464,480247808,,,,,,,,,,
1791255094.927001,382892,tracking_feedback_accumulate,414,,30508,,,366576128,480247808,422078464,480247808,,,,,,,,3.182800021022558,,
1791255094.9320188,382892,frontend_frame,414,0,30508,81,8,369789952,480247808,422078464,480247808,,,,,,,,,,
1791255095.4378517,382892,tracking_feedback_accumulate,415,,30508,,,373704704,480247808,422078464,480247808,,,,,,,,2.938500139862299,,
1791255095.4423592,382892,frontend_frame,415,0,30508,81,8,376918528,480247808,422078464,480247808,,,,,,,,,,
1791255095.9072783,382892,tracking_feedback_accumulate,416,,30508,,,380997120,480247808,426158592,480247808,,,,,,,,2.809199970215559,,
1791255095.9158924,382892,frontend_frame,416,0,30508,81,8,362671616,480247808,426158592,480247808,,,,,,,,,,
1791255096.3462365,382892,tracking_feedback_accumulate,417,,30508,,,366750208,480247808,426158592,480247808,,,,,,,,3.3450000919401646,,
1791255096.3972213,382892,frontend_frame,417,0,30508,82,8,373959680,480247808,426158592,480247808,,,,,,,,,,
1791255108.0731058,382892,tracking_feedback_accumulate,418,,30942,,,377904128,480247808,426158592,480247808,,,,,,,,3.100200090557337,,
1791255108.0789325,382892,frontend_frame,418,0,30942,82,8,366800896,480247808,426158592,480247808,,,,,,,,,,
1791255108.5889914,382892,tracking_feedback_accumulate,419,,30942,,,370715648,480247808,426158592,480247808,,,,,,,,2.857599873095751,,
1791255108.5944958,382892,frontend_frame,419,0,30942,82,8,374028288,480247808,426158592,480247808,,,,,,,,,,
1791255109.1496756,382892,tracking_feedback_accumulate,420,,30942,,,378188800,480247808,426158592,480247808,,,,,,,,3.0243999790400267,,
1791255109.1546826,382892,frontend_frame,420,0,30942,82,8,381501440,450887680,426158592,480247808,,,,,,,,,,
1791255109.7189035,382892,tracking_feedback_accumulate,421,,30942,,,370717696,471859200,426158592,480247808,,,,,,,,2.8304001316428185,,
1791255109.7234085,382892,frontend_frame,421,0,30942,82,8,374030336,471859200,426158592,480247808,,,,,,,,,,
1791255110.2530665,382892,tracking_feedback_accumulate,422,,30942,,,378108928,471859200,426158592,480247808,,,,,,,,2.929799957200885,,
1791255110.258819,382892,frontend_frame,422,0,30942,82,8,381422080,473956352,426158592,480247808,,,,,,,,,,
1791255110.7130396,382892,tracking_feedback_accumulate,423,,30942,,,385336832,478150656,430096384,480247808,,,,,,,,2.830799901857972,,
1791255110.768274,382892,frontend_frame,423,0,30942,83,8,378028544,478150656,430096384,480247808,,,,,,,,,,
1791255122.624415,382892,tracking_feedback_accumulate,424,,30937,,,382109696,499122176,430096384,499122176,,,,,,,,3.368699923157692,,
1791255122.6296513,382892,frontend_frame,424,0,30937,83,8,385421824,499122176,430096384,499122176,,,,,,,,,,
1791255123.1356852,382892,tracking_feedback_accumulate,425,,30937,,,389336576,499122176,433708032,499122176,,,,,,,,2.8861998580396175,,
1791255123.1421897,382892,frontend_frame,425,0,30937,83,8,392649216,503316480,433708032,503316480,,,,,,,,,,
1791255123.6244256,382892,tracking_feedback_accumulate,426,,30937,,,374802944,503316480,433708032,503316480,,,,,,,,3.9496999233961105,,
1791255123.6289577,382892,frontend_frame,426,0,30937,83,8,378115584,503316480,433708032,503316480,,,,,,,,,,
1791255123.9575946,382892,tracking_feedback_accumulate,427,,30937,,,382194176,503316480,433708032,503316480,,,,,,,,3.391799982637167,,
1791255123.9615977,382892,frontend_frame,427,0,30937,83,8,385506816,503316480,433708032,503316480,,,,,,,,,,
1791255124.485999,382892,tracking_feedback_accumulate,428,,30937,,,374804992,503316480,433708032,503316480,,,,,,,,3.414199920371175,,
1791255124.49202,382892,frontend_frame,428,0,30937,83,8,378118144,503316480,433708032,503316480,,,,,,,,,,
1791255125.0424762,382892,tracking_feedback_accumulate,429,,30937,,,382032896,503316480,433708032,503316480,,,,,,,,3.44299990683794,,
1791255125.0475044,382892,frontend_frame,429,0,30937,83,8,385345536,503316480,433708032,503316480,,,,,,,,,,
1791255125.5488913,382892,tracking_feedback_accumulate,430,,30937,,,389424128,503316480,433708032,503316480,,,,,,,,3.049100050702691,,
1791255125.5560925,382892,frontend_frame,430,0,30937,83,8,378120192,448790528,433708032,503316480,,,,,,,,,,
1791255126.1560888,382892,tracking_feedback_accumulate,431,,30937,,,382034944,492830720,433708032,503316480,,,,,,,,2.6944000273942947,,
1791255126.1631036,382892,frontend_frame,431,0,30937,83,8,385347584,494927872,433708032,503316480,,,,,,,,,,
1791255126.6515746,382892,tracking_feedback_accumulate,432,,30937,,,389508096,499122176,433713664,503316480,,,,,,,,2.9106999281793833,,
1791255126.7026622,382892,frontend_frame,432,0,30937,84,8,396816384,503316480,433713664,503316480,,,,,,,,,,
1791255138.4799142,382892,tracking_feedback_accumulate,433,,30984,,,378812928,503316480,433713664,503316480,,,,,,,,3.0037001706659794,,
1791255138.4844182,382892,frontend_frame,433,0,30984,84,8,382139392,503316480,433713664,503316480,,,,,,,,,,
1791255139.0183222,382892,tracking_feedback_accumulate,434,,30984,,,386054144,503316480,433713664,503316480,,,,,,,,2.9094000346958637,,
1791255139.0238569,382892,frontend_frame,434,0,30984,84,8,389380608,503316480,433713664,503316480,,,,,,,,,,
1791255139.5870452,382892,tracking_feedback_accumulate,435,,30984,,,378814976,503316480,433713664,503316480,,,,,,,,2.931399969384074,,
1791255139.5930467,382892,frontend_frame,435,0,30984,84,8,382141440,503316480,433713664,503316480,,,,,,,,,,
1791255140.0325189,382892,tracking_feedback_accumulate,436,,30984,,,386056192,503316480,433713664,503316480,,,,,,,,3.1723000574856997,,
1791255140.0371923,382892,frontend_frame,436,0,30984,84,8,389382656,503316480,433713664,503316480,,,,,,,,,,
1791255140.6444166,382892,tracking_feedback_accumulate,437,,30984,,,393461248,503316480,438668800,503316480,,,,,,,,3.0100999865680933,,
1791255140.6489432,382892,frontend_frame,437,0,30984,84,8,382144000,503316480,438668800,503316480,,,,,,,,,,
1791255141.2144985,382892,tracking_feedback_accumulate,438,,30984,,,386058752,503316480,438668800,503316480,,,,,,,,3.322300035506487,,
1791255141.264425,382892,frontend_frame,438,0,30984,85,8,393380864,503316480,438668800,503316480,,,,,,,,,,
1791255153.3144665,382892,tracking_feedback_accumulate,439,,31145,,,382907904,503316480,438668800,503316480,,,,,,,,3.0331998132169247,,
1791255153.3189728,382892,frontend_frame,439,0,31145,85,8,386267136,503316480,438668800,503316480,,,,,,,,,,
1791255153.8276565,382892,tracking_feedback_accumulate,440,,31145,,,390181888,503316480,438668800,503316480,,,,,,,,2.9002998489886522,,
1791255153.8326657,382892,frontend_frame,440,0,31145,85,8,393540608,452984832,438668800,503316480,,,,,,,,,,
1791255154.4089234,382892,tracking_feedback_accumulate,441,,31145,,,397619200,501219328,442757632,503316480,,,,,,,,2.8502000495791435,,
1791255154.4134269,382892,frontend_frame,441,0,31145,85,8,386269184,501219328,442757632,503316480,,,,,,,,,,
1791255154.8799286,382892,tracking_feedback_accumulate,442,,31145,,,390183936,501219328,442757632,503316480,,,,,,,,2.8965999372303486,,
1791255154.8854482,382892,frontend_frame,442,0,31145,85,8,393542656,501219328,442757632,503316480,,,,,,,,,,
1791255155.3740852,382892,tracking_feedback_accumulate,443,,31145,,,397457408,501219328,442759680,503316480,,,,,,,,3.7400999572128057,,
1791255155.4296248,382892,frontend_frame,443,0,31145,86,8,382795264,501219328,442759680,503316480,,,,,,,,,,
1791255167.3935826,382892,tracking_feedback_accumulate,444,,31225,,,386962432,501219328,442759680,503316480,,,,,,,,3.0024999286979437,,
1791255167.3987682,382892,frontend_frame,444,0,31225,86,8,390337536,501219328,442759680,503316480,,,,,,,,,,
1791255167.8883731,382892,tracking_feedback_accumulate,445,,31225,,,394252288,501219328,442759680,503316480,,,,,,,,2.9533999040722847,,
1791255167.8933735,382892,frontend_frame,445,0,31225,86,8,397627392,501219328,442759680,503316480,,,,,,,,,,
1791255168.4144971,382892,tracking_feedback_accumulate,446,,31225,,,386800640,501219328,442759680,503316480,,,,,,,,3.0605001375079155,,
1791255168.4191825,382892,frontend_frame,446,0,31225,86,8,390175744,501219328,442759680,503316480,,,,,,,,,,
1791255168.9417908,382892,tracking_feedback_accumulate,447,,31225,,,394336256,501219328,442759680,503316480,,,,,,,,3.066499950364232,,
1791255168.9466004,382892,frontend_frame,447,0,31225,86,8,397711360,501219328,442759680,503316480,,,,,,,,,,
1791255169.4880111,382892,tracking_feedback_accumulate,448,,31225,,,401544192,501219328,446853632,503316480,,,,,,,,3.3344998955726624,,
1791255169.5429738,382892,frontend_frame,448,0,31225,87,8,394173952,501219328,446853632,503316480,,,,,,,,,,
1791255181.7004902,382892,tracking_feedback_accumulate,449,,31616,,,398280192,501219328,446853632,503316480,,,,,,,,3.619600087404251,,
1791255181.706557,382892,frontend_frame,449,0,31616,87,8,401748480,501219328,446853632,503316480,,,,,,,,,,
1791255182.3046606,382892,tracking_feedback_accumulate,450,,31616,,,405827072,503316480,451163136,503316480,,,,,,,,2.9285000637173653,,
1791255182.3112187,382892,frontend_frame,450,0,31616,87,8,394460672,476053504,451163136,503316480,,,,,,,,,,
1791255182.8569596,382892,tracking_feedback_accumulate,451,,31616,,,398293504,497025024,451163136,503316480,,,,,,,,3.0294000171124935,,
1791255182.8624637,382892,frontend_frame,451,0,31616,87,8,401759232,499122176,451163136,503316480,,,,,,,,,,
1791255183.391927,382892,tracking_feedback_accumulate,452,,31616,,,405837824,503316480,451232768,503316480,,,,,,,,2.8148998972028494,,
1791255183.3976715,382892,frontend_frame,452,0,31616,87,8,409303552,505413632,451232768,505413632,,,,,,,,,,
1791255183.9903655,382892,tracking_feedback_accumulate,453,,31616,,,390998016,505413632,451232768,505413632,,,,,,,,3.0509999487549067,,
1791255184.041013,382892,frontend_frame,453,0,31616,88,8,398459904,505413632,451232768,505413632,,,,,,,,,,
1791255195.9754448,382892,tracking_feedback_accumulate,454,,28380,,,402087424,526385152,451232768,526385152,,,,,,,,2.6959998067468405,,
1791255195.9799523,382892,frontend_frame,454,0,28380,88,8,404769792,526385152,451232768,526385152,,,,,,,,,,
1791255196.5215912,382892,tracking_feedback_accumulate,455,,28380,,,394764800,526385152,451232768,526385152,,,,,,,,2.885600086301565,,
1791255196.5262785,382892,frontend_frame,455,0,28380,88,8,397473280,526385152,451232768,526385152,,,,,,,,,,
1791255197.1777995,382892,tracking_feedback_accumulate,456,,28380,,,401306112,526385152,451232768,526385152,,,,,,,,3.132699988782406,,
1791255197.1839588,382892,frontend_frame,456,0,28380,88,8,404014592,526385152,451232768,526385152,,,,,,,,,,
1791255197.6346948,382892,tracking_feedback_accumulate,457,,28380,,,408175104,526385152,452395520,526385152,,,,,,,,3.5354001447558403,,
1791255197.6398692,382892,frontend_frame,457,0,28380,88,8,397475328,526385152,452395520,526385152,,,,,,,,,,
1791255198.1269755,382892,tracking_feedback_accumulate,458,,28380,,,401390080,526385152,452395520,526385152,,,,,,,,2.8256000950932503,,
1791255198.177361,382892,frontend_frame,458,0,28380,89,8,408094720,526385152,452395520,526385152,,,,,,,,,,
1791255210.1635008,382892,tracking_feedback_accumulate,459,,28149,,,411995136,526385152,457019392,526385152,,,,,,,,3.533500013872981,,
1791255210.1680093,382892,frontend_frame,459,0,28149,89,8,401234432,526385152,457019392,526385152,,,,,,,,,,
1791255210.8469007,382892,tracking_feedback_accumulate,460,,28149,,,405394944,526385152,457019392,526385152,,,,,,,,3.28439986333251,,
1791255210.8516357,382892,frontend_frame,460,0,28149,89,8,408045056,478150656,457019392,526385152,,,,,,,,,,
1791255211.419861,382892,tracking_feedback_accumulate,461,,28149,,,411959808,522190848,457019392,526385152,,,,,,,,2.88909999653697,,
1791255211.426022,382892,frontend_frame,461,0,28149,89,8,414609920,524288000,457019392,526385152,,,,,,,,,,
1791255211.9634485,382892,tracking_feedback_accumulate,462,,28149,,,405233152,524288000,457019392,526385152,,,,,,,,2.72019999101758,,
1791255211.968673,382892,frontend_frame,462,0,28149,89,8,407883264,524288000,457019392,526385152,,,,,,,,,,
1791255212.5931609,382892,tracking_feedback_accumulate,463,,28149,,,411961856,524288000,457019392,526385152,,,,,,,,2.947700209915638,,
1791255212.6433003,382892,frontend_frame,463,0,28149,90,8,418608128,524288000,457019392,526385152,,,,,,,,,,
1791255224.4956157,382892,tracking_feedback_accumulate,464,,28182,,,409238528,524288000,457019392,526385152,,,,,,,,3.630199935287237,,
1791255224.5008504,382892,frontend_frame,464,0,28182,90,8,411900416,524288000,457019392,526385152,,,,,,,,,,
1791255225.0465295,382892,tracking_feedback_accumulate,465,,28182,,,415979008,524288000,459635712,526385152,,,,,,,,3.4850998781621456,,
1791255225.0510335,382892,frontend_frame,465,0,28182,90,8,418640896,524288000,459635712,526385152,,,,,,,,,,
1791255225.5216715,382892,tracking_feedback_accumulate,466,,28182,,,422719488,528482304,466318848,528482304,,,,,,,,2.84920004196465,,
1791255225.5273962,382892,frontend_frame,466,0,28182,90,8,412066304,528482304,466318848,528482304,,,,,,,,,,
1791255225.958495,382892,tracking_feedback_accumulate,467,,28182,,,415981056,528482304,466318848,528482304,,,,,,,,2.9130999464541674,,
1791255225.9639986,382892,frontend_frame,467,0,28182,90,8,418642944,528482304,466318848,528482304,,,,,,,,,,
1791255226.482901,382892,tracking_feedback_accumulate,468,,28182,,,422721536,528482304,466511872,528482304,,,,,,,,3.1051000114530325,,
1791255226.489092,382892,frontend_frame,468,0,28182,90,8,412068864,528482304,466511872,528482304,,,,,,,,,,
1791255227.219722,382892,tracking_feedback_accumulate,469,,28182,,,415983616,528482304,466511872,528482304,,,,,,,,3.1051000114530325,,
1791255227.2253416,382892,frontend_frame,469,0,28182,90,8,418645504,528482304,466511872,528482304,,,,,,,,,,
1791255227.9500453,382892,tracking_feedback_accumulate,470,,28182,,,422724096,528482304,467576832,528482304,,,,,,,,3.1735000666230917,,
1791255228.0047667,382892,frontend_frame,470,0,28182,91,8,429381632,530579456,467576832,530579456,,,,,,,,,,
1791255240.0003343,382892,tracking_feedback_accumulate,471,,28442,,,406615040,530579456,467576832,530579456,,,,,,,,2.9696000274270773,,
1791255240.0048435,382892,frontend_frame,471,0,28442,91,8,409338880,530579456,467576832,530579456,,,,,,,,,,
1791255240.7386484,382892,tracking_feedback_accumulate,472,,28442,,,413499392,530579456,467576832,530579456,,,,,,,,2.870399970561266,,
1791255240.7436633,382892,frontend_frame,472,0,28442,91,8,416221696,530579456,467576832,530579456,,,,,,,,,,
1791255241.4772096,382892,tracking_feedback_accumulate,473,,28442,,,420136448,530579456,467576832,530579456,,,,,,,,3.1548000406473875,,
1791255241.4822304,382892,frontend_frame,473,0,28442,91,8,409422848,530579456,467576832,530579456,,,,,,,,,,
1791255242.109541,382892,tracking_feedback_accumulate,474,,28442,,,413337600,530579456,467576832,530579456,,,,,,,,2.82990001142025,,
1791255242.1151006,382892,frontend_frame,474,0,28442,91,8,416059904,530579456,467576832,530579456,,,,,,,,,,
1791255242.672006,382892,tracking_feedback_accumulate,475,,28442,,,420138496,530579456,467576832,530579456,,,,,,,,2.9027999844402075,,
1791255242.7219594,382892,frontend_frame,475,0,28442,92,8,426856960,530579456,467576832,530579456,,,,,,,,,,
1791255254.5316129,382892,tracking_feedback_accumulate,476,,28672,,,410632704,530579456,467576832,530579456,,,,,,,,2.9118999373167753,,
1791255254.536131,382892,frontend_frame,476,0,28672,92,8,413404672,530579456,467576832,530579456,,,,,,,,,,
1791255255.069212,382892,tracking_feedback_accumulate,477,,28672,,,417565184,530579456,467576832,530579456,,,,,,,,2.9399001505225897,,
1791255255.074218,382892,frontend_frame,477,0,28672,92,8,420336128,530579456,467576832,530579456,,,,,,,,,,
1791255255.696624,382892,tracking_feedback_accumulate,478,,28672,,,410635776,530579456,467576832,530579456,,,,,,,,3.0419998802244663,,
1791255255.702285,382892,frontend_frame,478,0,28672,92,8,413406720,530579456,467576832,530579456,,,,,,,,,,
1791255256.207375,382892,tracking_feedback_accumulate,479,,28672,,,417485312,530579456,467576832,530579456,,,,,,,,2.9823998920619488,,
1791255256.2118812,382892,frontend_frame,479,0,28672,92,8,420256256,530579456,467576832,530579456,,,,,,,,,,
1791255256.8077157,382892,tracking_feedback_accumulate,480,,28672,,,424334848,530579456,468762624,530579456,,,,,,,,2.88279983215034,,
1791255256.859364,382892,frontend_frame,480,0,28672,93,8,417568768,530579456,468762624,530579456,,,,,,,,,,
1791255268.7594264,382892,tracking_feedback_accumulate,481,,28608,,,421484032,551550976,468762624,551550976,,,,,,,,2.87279998883605,,
1791255268.7644365,382892,frontend_frame,481,0,28608,93,8,424243712,551550976,468762624,551550976,,,,,,,,,,
1791255269.342781,382892,tracking_feedback_accumulate,482,,28608,,,428322304,551550976,473215488,551550976,,,,,,,,3.6447998136281967,,
1791255269.3478005,382892,frontend_frame,482,0,28608,93,8,431083008,551550976,473215488,551550976,,,,,,,,,,
1791255269.9321735,382892,tracking_feedback_accumulate,483,,28608,,,414636544,551550976,473215488,551550976,,,,,,,,3.0109998770058155,,
1791255269.9379427,382892,frontend_frame,483,0,28608,93,8,417397248,551550976,473215488,551550976,,,,,,,,,,
1791255270.451481,382892,tracking_feedback_accumulate,484,,28608,,,421557760,551550976,473215488,551550976,,,,,,,,3.0427000019699335,,
1791255270.4561894,382892,frontend_frame,484,0,28608,93,8,424318464,551550976,473215488,551550976,,,,,,,,,,
1791255270.988442,382892,tracking_feedback_accumulate,485,,28608,,,414638592,551550976,473215488,551550976,,,,,,,,2.8808999340981245,,
1791255271.0434613,382892,frontend_frame,485,0,28608,94,8,421395456,551550976,473215488,551550976,,,,,,,,,,
1791255282.808821,382892,tracking_feedback_accumulate,486,,28957,,,425581568,551550976,473215488,551550976,,,,,,,,2.9400999192148447,,
1791255282.8143394,382892,frontend_frame,486,0,28957,94,8,428427264,551550976,473215488,551550976,,,,,,,,,,
1791255283.2755125,382892,tracking_feedback_accumulate,487,,28957,,,432260096,551550976,475968512,551550976,,,,,,,,2.981400117278099,,
1791255283.2825274,382892,frontend_frame,487,0,28957,94,8,421508096,551550976,475968512,551550976,,,,,,,,,,
1791255283.9414303,382892,tracking_feedback_accumulate,488,,28957,,,425586688,551550976,475968512,551550976,,,,,,,,4.131000023335218,,
1791255283.9554675,382892,frontend_frame,488,0,28957,94,8,428429824,551550976,475968512,551550976,,,,,,,,,,
1791255284.5227022,382892,tracking_feedback_accumulate,489,,28957,,,432508416,551550976,475968512,551550976,,,,,,,,3.042600117623806,,
1791255284.5279024,382892,frontend_frame,489,0,28957,94,8,435351552,551550976,475968512,551550976,,,,,,,,,,
1791255285.1196985,382892,tracking_feedback_accumulate,490,,28957,,,418749952,551550976,475968512,551550976,,,,,,,,2.7547997888177633,,
1791255285.1696374,382892,frontend_frame,490,0,28957,95,8,425589248,551550976,475968512,551550976,,,,,,,,,,
1791255297.2140133,382892,tracking_feedback_accumulate,491,,29038,,,422835712,551550976,475968512,551550976,,,,,,,,3.0803000554442406,,
1791255297.2192774,382892,frontend_frame,491,0,29038,95,8,425697280,551550976,475968512,551550976,,,,,,,,,,
1791255297.8483255,382892,tracking_feedback_accumulate,492,,29038,,,429530112,551550976,475968512,551550976,,,,,,,,2.6645001489669085,,
1791255297.8538294,382892,frontend_frame,492,0,29038,95,8,432391680,551550976,475968512,551550976,,,,,,,,,,
1791255298.448569,382892,tracking_feedback_accumulate,493,,29038,,,436470272,551550976,479413760,551550976,,,,,,,,2.637299941852689,,
1791255298.4545755,382892,frontend_frame,493,0,29038,95,8,425617408,551550976,479413760,551550976,,,,,,,,,,
1791255299.1437962,382892,tracking_feedback_accumulate,494,,29038,,,429532160,551550976,479413760,551550976,,,,,,,,3.27139999717474,,
1791255299.1483023,382892,frontend_frame,494,0,29038,95,8,432393728,551550976,479413760,551550976,,,,,,,,,,
1791255299.7102466,382892,tracking_feedback_accumulate,495,,29038,,,436554240,551550976,479413760,551550976,,,,,,,,2.7412998024374247,,
1791255299.7172759,382892,frontend_frame,495,0,29038,96,8,443411968,551550976,479413760,551550976,,,,,,,,,,
1791255311.8475194,382892,tracking_feedback_accumulate,496,,29262,,,426772480,551550976,479413760,551550976,,,,,,,,2.806000178679824,,
1791255311.8530276,382892,frontend_frame,496,0,29262,96,8,429687808,551550976,479413760,551550976,,,,,,,,,,
1791255312.4093397,382892,tracking_feedback_accumulate,497,,29262,,,433766400,551550976,479413760,551550976,,,,,,,,2.8999000787734985,,
1791255312.414637,382892,frontend_frame,497,0,29262,96,8,436680192,551550976,479413760,551550976,,,,,,,,,,
1791255313.0223129,382892,tracking_feedback_accumulate,498,,29262,,,426694144,551550976,479413760,551550976,,,,,,,,5.817699944600463,,
1791255313.0305555,382892,frontend_frame,498,0,29262,96,8,429607936,551550976,479413760,551550976,,,,,,,,,,
1791255313.629036,382892,tracking_feedback_accumulate,499,,29262,,,433686528,551550976,479413760,551550976,,,,,,,,2.655899850651622,,
1791255313.6337466,382892,frontend_frame,499,0,29262,96,8,436600320,551550976,479413760,551550976,,,,,,,,,,
1791255314.354482,382892,tracking_feedback_accumulate,500,,29262,,,440515072,551550976,483693056,551550976,,,,,,,,3.334400011226535,,
1791255314.4216855,382892,frontend_frame,500,0,29262,97,8,433606144,551550976,483693056,551550976,,,,,,,,,,
1791255326.4938636,382892,tracking_feedback_accumulate,501,,29559,,,437705728,551550976,483693056,551550976,,,,,,,,5.420299945399165,,
1791255326.5020707,382892,frontend_frame,501,0,29559,97,8,440689664,551550976,483693056,551550976,,,,,,,,,,
1791255327.2163866,382892,tracking_feedback_accumulate,502,,29559,,,444768256,551550976,488148480,551550976,,,,,,,,5.728599848225713,,
1791255327.225903,382892,frontend_frame,502,0,29559,97,8,433863168,551550976,488148480,551550976,,,,,,,,,,
1791255327.9487865,382892,tracking_feedback_accumulate,503,,29559,,,437777920,551550976,488148480,551550976,,,,,,,,2.889900002628565,,
1791255327.953807,382892,frontend_frame,503,0,29559,97,8,440760320,551550976,488148480,551550976,,,,,,,,,,
1791255328.6951501,382892,tracking_feedback_accumulate,504,,29559,,,444675072,551550976,488174592,551550976,,,,,,,,2.870500087738037,,
1791255328.700662,382892,frontend_frame,504,0,29559,97,8,447657472,551550976,488174592,551550976,,,,,,,,,,
1791255329.4923344,382892,tracking_feedback_accumulate,505,,29559,,,437779968,551550976,488174592,551550976,,,,,,,,3.3758000936359167,,
1791255329.5413806,382892,frontend_frame,505,0,29559,98,8,444758528,551550976,488174592,551550976,,,,,,,,,,
1791255341.489547,382892,tracking_feedback_accumulate,506,,30103,,,448877056,572522496,492758528,572522496,,,,,,,,2.649500034749508,,
1791255341.4940486,382892,frontend_frame,506,0,30103,98,8,451996160,572522496,492758528,572522496,,,,,,,,,,
1791255342.1458142,382892,tracking_feedback_accumulate,507,,30103,,,455828992,574619648,499807744,574619648,,,,,,,,3.0712999869138002,,
1791255342.1518233,382892,frontend_frame,507,0,30103,98,8,444855296,574619648,499807744,574619648,,,,,,,,,,
1791255342.8418055,382892,tracking_feedback_accumulate,508,,30103,,,449015808,574619648,499807744,574619648,,,,,,,,2.7058999985456467,,
1791255342.8454814,382892,frontend_frame,508,0,30103,98,8,452130816,574619648,499807744,574619648,,,,,,,,,,
1791255343.5743115,382892,tracking_feedback_accumulate,509,,30103,,,456045568,574619648,499834880,574619648,,,,,,,,2.9372000135481358,,
1791255343.5789864,382892,frontend_frame,509,0,30103,98,8,459160576,578813952,499834880,578813952,,,,,,,,,,
1791255344.2909434,382892,tracking_feedback_accumulate,510,,30103,,,441907200,578813952,499834880,578813952,,,,,,,,2.727700164541602,,
1791255344.3436384,382892,frontend_frame,510,0,30103,99,8,449018368,578813952,499834880,578813952,,,,,,,,,,
1791255356.5249455,382892,tracking_feedback_accumulate,511,,30583,,,452882944,578813952,499834880,578813952,,,,,,,,6.010999903082848,,
1791255356.531473,382892,frontend_frame,511,0,30583,99,8,456110080,578813952,499834880,578813952,,,,,,,,,,
1791255357.2635944,382892,tracking_feedback_accumulate,512,,30583,,,445940224,578813952,499834880,578813952,,,,,,,,5.923599936068058,,
1791255357.2686224,382892,frontend_frame,512,0,30583,99,8,449164288,578813952,499834880,578813952,,,,,,,,,,
1791255357.9145167,382892,tracking_feedback_accumulate,513,,30583,,,452997120,578813952,499834880,578813952,,,,,,,,5.6328000500798225,,
1791255357.9191856,382892,frontend_frame,513,0,30583,99,8,456221184,578813952,499834880,578813952,,,,,,,,,,
1791255358.6502898,382892,tracking_feedback_accumulate,514,,30583,,,460381696,578813952,505465344,578813952,,,,,,,,3.2589000184088945,,
1791255358.6552954,382892,frontend_frame,514,0,30583,99,8,449166336,578813952,505465344,578813952,,,,,,,,,,
1791255359.3306873,382892,tracking_feedback_accumulate,515,,30583,,,452999168,578813952,505465344,578813952,,,,,,,,2.6165000163018703,,
1791255359.3820634,382892,frontend_frame,515,0,30583,100,8,460219392,578813952,505465344,578813952,,,,,,,,,,
1791255371.478851,382892,tracking_feedback_accumulate,516,,30707,,,449951232,578813952,505465344,578813952,,,,,,,,3.197999903932214,,
1791255371.4848583,382892,frontend_frame,516,0,30707,100,8,453206016,578813952,505465344,578813952,,,,,,,,,,
1791255372.0862749,382892,tracking_feedback_accumulate,517,,30707,,,457120768,578813952,505465344,578813952,,,,,,,,2.714799949899316,,
1791255372.0902746,382892,frontend_frame,517,0,30707,100,8,460375040,578813952,505465344,578813952,,,,,,,,,,
1791255372.6717935,382892,tracking_feedback_accumulate,518,,30707,,,464289792,578813952,509549568,578813952,,,,,,,,2.907099900767207,,
1791255372.675473,382892,frontend_frame,518,0,30707,100,8,453044224,578813952,509549568,578813952,,,,,,,,,,
1791255373.17515,382892,tracking_feedback_accumulate,519,,30707,,,457204736,578813952,509549568,578813952,,,,,,,,2.67730001360178,,
1791255373.1791685,382892,frontend_frame,519,0,30707,100,8,460459008,578813952,509549568,578813952,,,,,,,,,,
1791255373.6102948,382892,tracking_feedback_accumulate,520,,30707,,,464291840,578813952,509551616,578813952,,,,,,,,2.8335999231785536,,
1791255373.6607869,382892,frontend_frame,520,0,30707,101,8,471542272,578813952,509551616,578813952,,,,,,,,,,
1791255385.6872368,382892,tracking_feedback_accumulate,521,,28333,,,453804032,578813952,509551616,578813952,,,,,,,,2.984600141644478,,
1791255385.6912365,382892,frontend_frame,521,0,28333,101,8,456484864,578813952,509551616,578813952,,,,,,,,,,
1791255386.3782442,382892,tracking_feedback_accumulate,522,,28333,,,460399616,578813952,509551616,578813952,,,,,,,,3.6917999386787415,,
1791255386.3837528,382892,frontend_frame,522,0,28333,101,8,463099904,578813952,509551616,578813952,,,,,,,,,,
1791255386.9198215,382892,tracking_feedback_accumulate,523,,28333,,,453786624,578813952,509551616,578813952,,,,,,,,2.98519991338253,,
1791255386.9254916,382892,frontend_frame,523,0,28333,101,8,456486912,578813952,509551616,578813952,,,,,,,,,,
1791255387.6234186,382892,tracking_feedback_accumulate,524,,28333,,,460401664,578813952,509551616,578813952,,,,,,,,2.661700127646327,,
1791255387.6284928,382892,frontend_frame,524,0,28333,101,8,463101952,578813952,509551616,578813952,,,,,,,,,,
1791255388.3561683,382892,tracking_feedback_accumulate,525,,28333,,,467180544,578813952,512049152,578813952,,,,,,,,2.9320998582988977,,
1791255388.4122512,382892,frontend_frame,525,0,28333,102,8,453507072,578813952,512049152,578813952,,,,,,,,,,
1791255400.5848145,382892,tracking_feedback_accumulate,526,,27536,,,457372160,578813952,512049152,578813952,,,,,,,,2.7773999609053135,,
1791255400.5888205,382892,frontend_frame,526,0,27536,102,8,459876352,578813952,512049152,578813952,,,,,,,,,,
1791255401.1553261,382892,tracking_feedback_accumulate,527,,27536,,,463954944,578813952,512049152,578813952,,,,,,,,2.8164000250399113,,
1791255401.161348,382892,frontend_frame,527,0,27536,102,8,466465792,578813952,512049152,578813952,,,,,,,,,,
1791255401.7324438,382892,tracking_feedback_accumulate,528,,27536,,,450589696,578813952,512049152,578813952,,,,,,,,2.7288999408483505,,
1791255401.736622,382892,frontend_frame,528,0,27536,102,8,453100544,578813952,512049152,578813952,,,,,,,,,,
1791255402.3623114,382892,tracking_feedback_accumulate,529,,27536,,,457261056,578813952,512049152,578813952,,,,,,,,4.1779999155551195,,
1791255402.3695002,382892,frontend_frame,529,0,27536,102,8,459771904,578813952,512049152,578813952,,,,,,,,,,
1791255402.9409454,382892,tracking_feedback_accumulate,530,,27536,,,450591744,578813952,512049152,578813952,,,,,,,,6.240400020033121,,
1791255402.9980292,382892,frontend_frame,530,0,27536,103,8,457098752,578813952,512049152,578813952,,,,,,,,,,
1791255414.8871706,382892,tracking_feedback_accumulate,531,,27628,,,461184000,599785472,512049152,599785472,,,,,,,,2.598899882286787,,
1791255414.8913934,382892,frontend_frame,531,0,27628,103,8,463713280,599785472,512049152,599785472,,,,,,,,,,
1791255415.4595108,382892,tracking_feedback_accumulate,532,,27628,,,467791872,599785472,513818624,599785472,,,,,,,,2.7929998468607664,,
1791255415.464019,382892,frontend_frame,532,0,27628,103,8,457289728,599785472,513818624,599785472,,,,,,,,,,
1791255415.9025395,382892,tracking_feedback_accumulate,533,,27628,,,461122560,599785472,513818624,599785472,,,,,,,,2.8856999706476927,,
1791255415.9127338,382892,frontend_frame,533,0,27628,103,8,463651840,599785472,513818624,599785472,,,,,,,,,,
1791255416.347126,382892,tracking_feedback_accumulate,534,,27628,,,467730432,599785472,513839104,599785472,,,,,,,,3.144199959933758,,
1791255416.3541377,382892,frontend_frame,534,0,27628,103,8,470259712,599785472,513839104,599785472,,,,,,,,,,
1791255416.7805438,382892,tracking_feedback_accumulate,535,,27628,,,454599680,599785472,513839104,599785472,,,,,,,,3.2830999698489904,,
1791255416.8284245,382892,frontend_frame,535,0,27628,104,8,461125120,599785472,513839104,599785472,,,,,,,,,,
1791255428.6601887,382892,tracking_feedback_accumulate,536,,27601,,,465286144,599785472,513839104,599785472,,,,,,,,3.1858000438660383,,
1791255428.6646984,382892,frontend_frame,536,0,27601,104,8,467806720,599785472,513839104,599785472,,,,,,,,,,
1791255429.1956773,382892,tracking_feedback_accumulate,537,,27601,,,458679808,599785472,513839104,599785472,,,,,,,,3.0943998135626316,,
1791255429.1986988,382892,frontend_frame,537,0,27601,104,8,461200896,599785472,513839104,599785472,,,,,,,,,,
1791255429.6211948,382892,tracking_feedback_accumulate,538,,27601,,,465115648,599785472,513839104,599785472,,,,,,,,3.188599832355976,,
1791255429.627706,382892,frontend_frame,538,0,27601,104,8,467636736,599785472,513839104,599785472,,,,,,,,,,
1791255430.166262,382892,tracking_feedback_accumulate,539,,27601,,,471715328,599785472,517820416,599785472,,,,,,,,2.8711999766528606,,
1791255430.1712635,382892,frontend_frame,539,0,27601,104,8,461202944,599785472,517820416,599785472,,,,,,,,,,
1791255430.6164403,382892,tracking_feedback_accumulate,540,,27601,,,465117696,599785472,517820416,599785472,,,,,,,,2.866600174456835,,
1791255430.621942,382892,frontend_frame,540,0,27601,104,8,467639296,545259520,517820416,599785472,,,,,,,,,,
1791255431.0756695,382892,tracking_feedback_accumulate,541,,27601,,,471799808,589299712,517822976,599785472,,,,,,,,3.438700223341584,,
1791255431.1285846,382892,frontend_frame,541,0,27601,105,8,478316544,591396864,517822976,599785472,,,,,,,,,,
1791255443.1556826,382892,tracking_feedback_accumulate,542,,27928,,,462624768,591396864,517822976,599785472,,,,,,,,2.984199905768037,,
1791255443.1611958,382892,frontend_frame,542,0,27928,105,8,465228288,591396864,517822976,599785472,,,,,,,,,,
1791255443.718823,382892,tracking_feedback_accumulate,543,,27928,,,469306880,591396864,517822976,599785472,,,,,,,,2.754200017079711,,
1791255443.722845,382892,frontend_frame,543,0,27928,105,8,471908352,591396864,517822976,599785472,,,,,,,,,,
1791255444.1562517,382892,tracking_feedback_accumulate,544,,27928,,,475986944,591396864,522043392,599785472,,,,,,,,6.16810005158186,,
1791255444.163771,382892,frontend_frame,544,0,27928,105,8,465394176,591396864,522043392,599785472,,,,,,,,,,
1791255444.6484551,382892,tracking_feedback_accumulate,545,,27928,,,469227008,591396864,522043392,599785472,,,,,,,,2.9940998647361994,,
1791255444.6534684,382892,frontend_frame,545,0,27928,105,8,471828480,591396864,522043392,599785472,,,,,,,,,,
1791255445.1286237,382892,tracking_feedback_accumulate,546,,27928,,,475907072,591396864,522045440,599785472,,,,,,,,2.961000194773078,,
1791255445.132129,382892,frontend_frame,546,0,27928,105,8,478509056,591396864,522045440,599785472,,,,,,,,,,
1791255445.5964901,382892,tracking_feedback_accumulate,547,,27928,,,462796288,591396864,522045440,599785472,,,,,,,,5.694400053471327,,
1791255445.6022303,382892,frontend_frame,547,0,27928,105,8,465397760,591396864,522045440,599785472,,,,,,,,,,
1791255445.9509933,382892,tracking_feedback_accumulate,548,,27928,,,469230592,591396864,522045440,599785472,,,,,,,,6.01789983920753,,
1791255445.9571657,382892,frontend_frame,548,0,27928,105,8,471832064,591396864,522045440,599785472,,,,,,,,,,
1791255446.4389248,382892,tracking_feedback_accumulate,549,,27928,,,475910656,591396864,522049024,599785472,,,,,,,,3.213300136849284,,
1791255446.4434283,382892,frontend_frame,549,0,27928,105,8,465317888,591396864,522049024,599785472,,,,,,,,,,
1791255446.9603746,382892,tracking_feedback_accumulate,550,,27928,,,469396480,591396864,522049024,599785472,,,,,,,,2.9939000960439444,,
1791255447.0166578,382892,frontend_frame,550,0,27928,106,8,475993600,591396864,522049024,599785472,,,,,,,,,,
1791255459.1065848,382892,tracking_feedback_accumulate,551,,28386,,,479940096,591396864,526095360,599785472,,,,,,,,3.3784001134335995,,
1791255459.1158254,382892,frontend_frame,551,0,28386,106,8,469459456,591396864,526095360,599785472,,,,,,,,,,
1791255459.5984566,382892,tracking_feedback_accumulate,552,,28386,,,473538048,591396864,526095360,599785472,,,,,,,,2.7208998799324036,,
1791255459.6029947,382892,frontend_frame,552,0,28386,106,8,476248576,591396864,526095360,599785472,,,,,,,,,,
1791255460.0925107,382892,tracking_feedback_accumulate,553,,28386,,,480163328,591396864,526346752,599785472,,,,,,,,3.803499974310398,,
1791255460.0982242,382892,frontend_frame,553,0,28386,106,8,482873856,591396864,526346752,599785472,,,,,,,,,,
1791255460.597057,382892,tracking_feedback_accumulate,554,,28386,,,466670080,591396864,526346752,599785472,,,,,,,,5.388600053265691,,
1791255460.6015627,382892,frontend_frame,554,0,28386,106,8,469380608,591396864,526346752,599785472,,,,,,,,,,
1791255461.1471198,382892,tracking_feedback_accumulate,555,,28386,,,473459200,591396864,526346752,599785472,,,,,,,,3.110000165179372,,
1791255461.150624,382892,frontend_frame,555,0,28386,106,8,476170240,591396864,526346752,599785472,,,,,,,,,,
1791255461.7180462,382892,tracking_feedback_accumulate,556,,28386,,,480084992,591396864,526350336,599785472,,,,,,,,2.9996999073773623,,
1791255461.7225513,382892,frontend_frame,556,0,28386,106,8,469383168,591396864,526350336,599785472,,,,,,,,,,
1791255462.2876394,382892,tracking_feedback_accumulate,557,,28386,,,473543680,591396864,526350336,599785472,,,,,,,,2.987900050356984,,
1791255462.2921422,382892,frontend_frame,557,0,28386,106,8,476254208,591396864,526350336,599785472,,,,,,,,,,
1791255462.9171813,382892,tracking_feedback_accumulate,558,,28386,,,480168960,591396864,526352384,599785472,,,,,,,,2.828399883583188,,
1791255462.97705,382892,frontend_frame,558,0,28386,107,8,486875136,593494016,526352384,599785472,,,,,,,,,,
1791255475.0262463,382892,tracking_feedback_accumulate,559,,28799,,,470699008,593494016,526352384,599785472,,,,,,,,6.241000024601817,,
1791255475.03366,382892,frontend_frame,559,0,28799,107,8,473502720,593494016,526352384,599785472,,,,,,,,,,
1791255475.6583843,382892,tracking_feedback_accumulate,560,,28799,,,477581312,593494016,526352384,599785472,,,,,,,,3.1611998565495014,,
1791255475.6648932,382892,frontend_frame,560,0,28799,107,8,480382464,566231040,526352384,599785472,,,,,,,,,,
1791255476.2996666,382892,tracking_feedback_accumulate,561,,28799,,,470867456,587202560,526352384,599785472,,,,,,,,2.7929998468607664,,
1791255476.3046885,382892,frontend_frame,561,0,28799,107,8,473668608,587202560,526352384,599785472,,,,,,,,,,
1791255476.825381,382892,tracking_feedback_accumulate,562,,28799,,,477501440,587202560,526352384,599785472,,,,,,,,5.275600124150515,,
1791255476.833922,382892,frontend_frame,562,0,28799,107,8,480302592,587202560,526352384,599785472,,,,,,,,,,
1791255477.2662318,382892,tracking_feedback_accumulate,563,,28799,,,484463104,589299712,530080256,599785472,,,,,,,,2.7074001263827085,,
1791255477.2717373,382892,frontend_frame,563,0,28799,107,8,473671168,589299712,530080256,599785472,,,,,,,,,,
1791255477.761597,382892,tracking_feedback_accumulate,564,,28799,,,477504000,589299712,530080256,599785472,,,,,,,,3.1510000117123127,,
1791255477.766293,382892,frontend_frame,564,0,28799,107,8,480305152,589299712,530080256,599785472,,,,,,,,,,
1791255478.23526,382892,tracking_feedback_accumulate,565,,28799,,,484383744,591396864,530181632,599785472,,,,,,,,3.0620999168604612,,
1791255478.2407672,382892,frontend_frame,565,0,28799,107,8,487184896,593494016,530181632,599785472,,,,,,,,,,
1791255478.8894305,382892,tracking_feedback_accumulate,566,,28799,,,470709248,593494016,530181632,599785472,,,,,,,,3.279399825260043,,
1791255478.8939607,382892,frontend_frame,566,0,28799,107,8,473510400,593494016,530181632,599785472,,,,,,,,,,
1791255479.2554264,382892,tracking_feedback_accumulate,567,,28799,,,477588992,593494016,530181632,599785472,,,,,,,,2.889299998059869,,
1791255479.2604296,382892,frontend_frame,567,0,28799,107,8,480390144,593494016,530181632,599785472,,,,,,,,,,
1791255479.6624336,382892,tracking_feedback_accumulate,568,,28799,,,484468736,593494016,530258432,599785472,,,,,,,,3.0442997813224792,,
1791255479.7127197,382892,frontend_frame,568,0,28799,108,8,477671936,593494016,530258432,599785472,,,,,,,,,,
1791255491.6674654,382892,tracking_feedback_accumulate,569,,29386,,,481628672,614465536,530258432,614465536,,,,,,,,2.7185999788343906,,
1791255491.673661,382892,frontend_frame,569,0,29386,108,8,484577280,614465536,530258432,614465536,,,,,,,,,,
1791255492.0780025,382892,tracking_feedback_accumulate,570,,29386,,,488492032,614465536,534853120,614465536,,,,,,,,3.39740002527833,,
1791255492.0845106,382892,frontend_frame,570,0,29386,108,8,491436032,572522496,534853120,616562688,,,,,,,,,,
1791255492.528495,382892,tracking_feedback_accumulate,571,,29386,,,495514624,620756992,541793792,620756992,,,,,,,,3.3420000690966845,,
1791255492.5345135,382892,frontend_frame,571,0,29386,108,8,477782528,620756992,541793792,620756992,,,,,,,,,,
1791255493.0698802,382892,tracking_feedback_accumulate,572,,29386,,,481861120,620756992,541793792,620756992,,,,,,,,2.7766001876443624,,
1791255493.0753942,382892,frontend_frame,572,0,29386,108,8,484805120,620756992,541793792,620756992,,,,,,,,,,
1791255493.5044408,382892,tracking_feedback_accumulate,573,,29386,,,488719872,620756992,541793792,620756992,,,,,,,,3.1667998991906643,,
1791255493.508612,382892,frontend_frame,573,0,29386,108,8,491664384,620756992,541793792,620756992,,,,,,,,,,
1791255494.014275,382892,tracking_feedback_accumulate,574,,29386,,,474760192,620756992,541793792,620756992,,,,,,,,3.088500117883086,,
1791255494.017788,382892,frontend_frame,574,0,29386,108,8,477704192,620756992,541793792,620756992,,,,,,,,,,
1791255494.4825575,382892,tracking_feedback_accumulate,575,,29386,,,481782784,620756992,541793792,620756992,,,,,,,,3.0048999469727278,,
1791255494.4882653,382892,frontend_frame,575,0,29386,108,8,484726784,620756992,541793792,620756992,,,,,,,,,,
1791255494.9162388,382892,tracking_feedback_accumulate,576,,29386,,,474762240,620756992,541793792,620756992,,,,,,,,2.918599871918559,,
1791255494.9207554,382892,frontend_frame,576,0,29386,108,8,477706240,620756992,541793792,620756992,,,,,,,,,,
1791255495.4367487,382892,tracking_feedback_accumulate,577,,29386,,,481784832,620756992,541793792,620756992,,,,,,,,2.780900103971362,,
1791255495.4407547,382892,frontend_frame,577,0,29386,108,8,484728832,620756992,541793792,620756992,,,,,,,,,,
1791255495.899614,382892,tracking_feedback_accumulate,578,,29386,,,488807424,620756992,541793792,620756992,,,,,,,,2.867500064894557,,
1791255495.9553838,382892,frontend_frame,578,0,29386,109,8,481867776,620756992,541793792,620756992,,,,,,,,,,
1791255508.057336,382892,tracking_feedback_accumulate,579,,29759,,,485810176,620756992,541793792,620756992,,,,,,,,2.9023000970482826,,
1791255508.0648656,382892,frontend_frame,579,0,29759,109,8,488844800,620756992,541793792,620756992,,,,,,,,,,
1791255508.5418887,382892,tracking_feedback_accumulate,580,,29759,,,492923392,620756992,541793792,620756992,,,,,,,,2.933700103312731,,
1791255508.5494132,382892,frontend_frame,580,0,29759,109,8,481988096,572522496,541793792,620756992,,,,,,,,,,
1791255509.045678,382892,tracking_feedback_accumulate,581,,29759,,,485820928,614465536,541793792,620756992,,,,,,,,3.3400999382138252,,
1791255509.0491824,382892,frontend_frame,581,0,29759,109,8,488853504,614465536,541793792,620756992,,,,,,,,,,
1791255509.4991078,382892,tracking_feedback_accumulate,582,,29759,,,493014016,614465536,541793792,620756992,,,,,,,,3.288900014013052,,
1791255509.5046268,382892,frontend_frame,582,0,29759,109,8,496046592,616562688,541793792,620756992,,,,,,,,,,
1791255510.0189538,382892,tracking_feedback_accumulate,583,,29759,,,485904896,616562688,541793792,620756992,,,,,,,,2.8586999978870153,,
1791255510.0229633,382892,frontend_frame,583,0,29759,109,8,488937984,616562688,541793792,620756992,,,,,,,,,,
1791255510.557306,382892,tracking_feedback_accumulate,584,,29759,,,493016576,616562688,541793792,620756992,,,,,,,,3.2821998465806246,,
1791255510.5623832,382892,frontend_frame,584,0,29759,109,8,496049152,616562688,541793792,620756992,,,,,,,,,,
1791255510.9536197,382892,tracking_feedback_accumulate,585,,29759,,,499963904,620756992,546279936,620756992,,,,,,,,3.260500030592084,,
1791255510.9581285,382892,frontend_frame,585,0,29759,109,8,488940032,620756992,546279936,620756992,,,,,,,,,,
1791255511.3647256,382892,tracking_feedback_accumulate,586,,29759,,,492854784,620756992,546279936,620756992,,,,,,,,2.856600098311901,,
1791255511.368739,382892,frontend_frame,586,0,29759,109,8,495887360,620756992,546279936,620756992,,,,,,,,,,
1791255511.6647794,382892,tracking_feedback_accumulate,587,,29759,,,500047872,620756992,546281984,620756992,,,,,,,,2.8582001104950905,,
1791255511.6692858,382892,frontend_frame,587,0,29759,109,8,503080448,622854144,546281984,622854144,,,,,,,,,,
1791255512.1017907,382892,tracking_feedback_accumulate,588,,29759,,,485910528,622854144,546281984,622854144,,,,,,,,5.225799977779388,,
1791255512.1055007,382892,frontend_frame,588,0,29759,109,8,488943104,622854144,546281984,622854144,,,,,,,,,,
1791255512.50618,382892,tracking_feedback_accumulate,589,,29759,,,493021696,622854144,546281984,622854144,,,,,,,,2.7579001616686583,,
1791255512.5106819,382892,frontend_frame,589,0,29759,109,8,496054272,622854144,546281984,622854144,,,,,,,,,,
1791255512.9378057,382892,tracking_feedback_accumulate,590,,29759,,,499969024,622854144,546285056,622854144,,,,,,,,2.743199933320284,,
1791255512.9438155,382892,frontend_frame,590,0,29759,109,8,488945152,574619648,546285056,622854144,,,,,,,,,,
1791255513.3495376,382892,tracking_feedback_accumulate,591,,29759,,,493023744,616562688,546285056,622854144,,,,,,,,2.951500006020069,,
1791255513.354548,382892,frontend_frame,591,0,29759,109,8,496056320,616562688,546285056,622854144,,,,,,,,,,
1791255513.355211,382892,frontend_complete,592,0,29759,109,8,496056320,616562688,546285056,622854144,,,,,,,,,,
