time_wall_s,pid,event,frame_idx,mapping_iteration,gaussian_count,retained_keyframes,window_keyframes,cuda_allocated_bytes,cuda_reserved_bytes,cuda_peak_allocated_bytes,cuda_peak_reserved_bytes,mapping_enqueue_ms,count_before,count_after,attempted_growth,admitted_growth,rejected_growth,protected_rows,policy_wall_ms,row_ceiling,row_violation
1791252661.1670728,444548,backend_start,,0,0,0,0,0,0,0,0,,,,,,,,,3200000,0
1791252661.4084659,444548,retention_insert_plan,0,0,0,1,0,15892992,23068672,15915520,23068672,,0,0,7926,7926,0,0,1.092999940738082,3200000,0
1791252661.6815917,444548,keyframe_insert,0,0,7926,1,0,9059328,153092096,143417344,153092096,,0,7926,,,,,,3200000,0
1791252662.0774724,444548,retention_densify_plan,0,1,7926,1,0,16347136,155189248,143417344,155189248,,7926,7926,331,331,0,390,2.5730999186635017,3200000,0
1791252662.0882945,444548,upstream_init_densify_prune,0,1,8257,1,0,16735744,155189248,143417344,155189248,,7926,8257,,,,,,3200000,0
1791252662.0892937,444548,initialize_iteration,0,1,8257,1,0,16735744,155189248,143417344,155189248,406.14990005269647,,,,,,,,3200000,0
1791252662.1975882,444548,initialize_iteration,0,2,8257,1,0,16630784,157286400,143417344,157286400,107.99690010026097,,,,,,,,3200000,0
1791252662.2061062,444548,initialize_iteration,0,3,8257,1,0,16794624,157286400,143417344,157286400,7.412600098177791,,,,,,,,3200000,0
1791252662.2157812,444548,initialize_iteration,0,4,8257,1,0,16630784,157286400,143417344,157286400,9.623000165447593,,,,,,,,3200000,0
1791252662.222571,444548,initialize_iteration,0,5,8257,1,0,16794624,157286400,143417344,157286400,5.760000087320805,,,,,,,,3200000,0
1791252662.229611,444548,initialize_iteration,0,6,8257,1,0,16630784,157286400,143417344,157286400,6.83309999294579,,,,,,,,3200000,0
1791252662.2388096,444548,initialize_iteration,0,7,8257,1,0,16794624,157286400,143417344,157286400,9.10310004837811,,,,,,,,3200000,0
1791252662.2448125,444548,initialize_iteration,0,8,8257,1,0,16630784,157286400,143417344,157286400,5.497199948877096,,,,,,,,3200000,0
1791252662.2513335,444548,initialize_iteration,0,9,8257,1,0,16794624,157286400,143417344,157286400,5.7621002197265625,,,,,,,,3200000,0
1791252662.2568448,444548,initialize_iteration,0,10,8257,1,0,16630784,157286400,143417344,157286400,6.3529999461025,,,,,,,,3200000,0
1791252662.263707,444548,initialize_iteration,0,11,8257,1,0,16794624,157286400,143417344,157286400,5.673900013789535,,,,,,,,3200000,0
1791252662.269515,444548,initialize_iteration,0,12,8257,1,0,16630784,157286400,143417344,157286400,5.347799975425005,,,,,,,,3200000,0
1791252662.2769926,444548,initialize_iteration,0,13,8257,1,0,16794624,157286400,143417344,157286400,6.196299800649285,,,,,,,,3200000,0
1791252662.283057,444548,initialize_iteration,0,14,8257,1,0,16630784,157286400,143417344,157286400,5.500799976289272,,,,,,,,3200000,0
1791252662.2885685,444548,initialize_iteration,0,15,8257,1,0,16794624,157286400,143417344,157286400,6.001800065860152,,,,,,,,3200000,0
1791252662.2973952,444548,initialize_iteration,0,16,8257,1,0,16630784,157286400,143417344,157286400,7.4402999598532915,,,,,,,,3200000,0
1791252662.306919,444548,initialize_iteration,0,17,8257,1,0,16794624,157286400,143417344,157286400,9.001800091937184,,,,,,,,3200000,0
1791252662.3126206,444548,initialize_iteration,0,18,8257,1,0,16630784,157286400,143417344,157286400,5.109499907121062,,,,,,,,3200000,0
1791252662.3177187,444548,initialize_iteration,0,19,8257,1,0,16794624,157286400,143417344,157286400,5.368800135329366,,,,,,,,3200000,0
1791252662.3260715,444548,initialize_iteration,0,20,8257,1,0,16630784,157286400,143417344,157286400,7.289400091394782,,,,,,,,3200000,0
1791252662.3341415,444548,initialize_iteration,0,21,8257,1,0,16794624,157286400,143417344,157286400,8.170600049197674,,,,,,,,3200000,0
1791252662.3411524,444548,initialize_iteration,0,22,8257,1,0,16630784,157286400,143417344,157286400,6.063099950551987,,,,,,,,3200000,0
1791252662.3471594,444548,initialize_iteration,0,23,8257,1,0,16794624,157286400,143417344,157286400,5.624599987640977,,,,,,,,3200000,0
1791252662.3536692,444548,initialize_iteration,0,24,8257,1,0,16630784,157286400,143417344,157286400,5.50420000217855,,,,,,,,3200000,0
1791252662.359852,444548,initialize_iteration,0,25,8257,1,0,16794624,157286400,143417344,157286400,5.4299000184983015,,,,,,,,3200000,0
1791252662.3658705,444548,initialize_iteration,0,26,8257,1,0,16630784,157286400,143417344,157286400,5.531500093638897,,,,,,,,3200000,0
1791252662.3735657,444548,initialize_iteration,0,27,8257,1,0,16794624,157286400,143417344,157286400,7.3558001313358545,,,,,,,,3200000,0
1791252662.3803904,444548,initialize_iteration,0,28,8257,1,0,16630784,157286400,143417344,157286400,7.075099973008037,,,,,,,,3200000,0
1791252662.389989,444548,initialize_iteration,0,29,8257,1,0,16794624,157286400,143417344,157286400,8.392099989578128,,,,,,,,3200000,0
1791252662.3959975,444548,initialize_iteration,0,30,8257,1,0,16630784,157286400,143417344,157286400,5.4790000431239605,,,,,,,,3200000,0
1791252662.4015062,444548,initialize_iteration,0,31,8257,1,0,16794624,157286400,143417344,157286400,5.549000110477209,,,,,,,,3200000,0
1791252662.409052,444548,initialize_iteration,0,32,8257,1,0,16630784,157286400,143417344,157286400,6.950899958610535,,,,,,,,3200000,0
1791252662.4165668,444548,initialize_iteration,0,33,8257,1,0,16794624,157286400,143417344,157286400,7.390100043267012,,,,,,,,3200000,0
1791252662.42726,444548,initialize_iteration,0,34,8257,1,0,16630784,157286400,143417344,157286400,10.179500095546246,,,,,,,,3200000,0
1791252662.4385161,444548,initialize_iteration,0,35,8257,1,0,16794624,157286400,143417344,157286400,10.26739994995296,,,,,,,,3200000,0
1791252662.448531,444548,initialize_iteration,0,36,8257,1,0,16630784,157286400,143417344,157286400,9.635500144213438,,,,,,,,3200000,0
1791252662.4578035,444548,initialize_iteration,0,37,8257,1,0,16794624,157286400,143417344,157286400,8.799799950793386,,,,,,,,3200000,0
1791252662.4633145,444548,initialize_iteration,0,38,8257,1,0,16630784,157286400,143417344,157286400,5.489500006660819,,,,,,,,3200000,0
1791252662.4684758,444548,initialize_iteration,0,39,8257,1,0,16794624,157286400,143417344,157286400,4.991499939933419,,,,,,,,3200000,0
1791252662.474475,444548,initialize_iteration,0,40,8257,1,0,16630784,157286400,143417344,157286400,5.128399934619665,,,,,,,,3200000,0
1791252662.4804878,444548,initialize_iteration,0,41,8257,1,0,16794624,157286400,143417344,157286400,5.209400085732341,,,,,,,,3200000,0
1791252662.4859946,444548,initialize_iteration,0,42,8257,1,0,16630784,157286400,143417344,157286400,5.027299979701638,,,,,,,,3200000,0
1791252662.4925086,444548,initialize_iteration,0,43,8257,1,0,16794624,157286400,143417344,157286400,6.069499999284744,,,,,,,,3200000,0
1791252662.49866,444548,initialize_iteration,0,44,8257,1,0,16630784,157286400,143417344,157286400,5.910499952733517,,,,,,,,3200000,0
1791252662.5038886,444548,initialize_iteration,0,45,8257,1,0,16794624,157286400,143417344,157286400,5.226300098001957,,,,,,,,3200000,0
1791252662.5094206,444548,initialize_iteration,0,46,8257,1,0,16630784,157286400,143417344,157286400,5.226499866694212,,,,,,,,3200000,0
1791252662.5159297,444548,initialize_iteration,0,47,8257,1,0,16794624,157286400,143417344,157286400,5.43310004286468,,,,,,,,3200000,0
1791252662.5214376,444548,initialize_iteration,0,48,8257,1,0,16630784,157286400,143417344,157286400,5.89250004850328,,,,,,,,3200000,0
1791252662.527594,444548,initialize_iteration,0,49,8257,1,0,16794624,157286400,143417344,157286400,5.356800043955445,,,,,,,,3200000,0
1791252662.5321212,444548,initialize_iteration,0,50,8257,1,0,16630784,157286400,143417344,157286400,5.044899880886078,,,,,,,,3200000,0
1791252662.5393047,444548,initialize_iteration,0,51,8257,1,0,16794624,157286400,143417344,157286400,5.4784000385552645,,,,,,,,3200000,0
1791252662.5443044,444548,initialize_iteration,0,52,8257,1,0,16630784,157286400,143417344,157286400,5.178299965336919,,,,,,,,3200000,0
1791252662.552315,444548,initialize_iteration,0,53,8257,1,0,16794624,157286400,143417344,157286400,7.023199927061796,,,,,,,,3200000,0
1791252662.5633485,444548,initialize_iteration,0,54,8257,1,0,16630784,157286400,143417344,157286400,10.361999971792102,,,,,,,,3200000,0
1791252662.5718684,444548,initialize_iteration,0,55,8257,1,0,16794624,157286400,143417344,157286400,8.961699903011322,,,,,,,,3200000,0
1791252662.5788746,444548,initialize_iteration,0,56,8257,1,0,16630784,157286400,143417344,157286400,6.015300052240491,,,,,,,,3200000,0
1791252662.5848832,444548,initialize_iteration,0,57,8257,1,0,16794624,157286400,143417344,157286400,5.315399961546063,,,,,,,,3200000,0
1791252662.5917983,444548,initialize_iteration,0,58,8257,1,0,16630784,157286400,143417344,157286400,6.529300007969141,,,,,,,,3200000,0
1791252662.597314,444548,initialize_iteration,0,59,8257,1,0,16794624,157286400,143417344,157286400,5.48629998229444,,,,,,,,3200000,0
1791252662.6043177,444548,initialize_iteration,0,60,8257,1,0,16630784,157286400,143417344,157286400,7.134200073778629,,,,,,,,3200000,0
1791252662.616603,444548,initialize_iteration,0,61,8257,1,0,16794624,157286400,143417344,157286400,10.805300204083323,,,,,,,,3200000,0
1791252662.62361,444548,initialize_iteration,0,62,8257,1,0,16630784,157286400,143417344,157286400,6.415000185370445,,,,,,,,3200000,0
1791252662.6298048,444548,initialize_iteration,0,63,8257,1,0,16794624,157286400,143417344,157286400,5.359700182452798,,,,,,,,3200000,0
1791252662.635819,444548,initialize_iteration,0,64,8257,1,0,16630784,157286400,143417344,157286400,5.6622999254614115,,,,,,,,3200000,0
1791252662.642328,444548,initialize_iteration,0,65,8257,1,0,16794624,157286400,143417344,157286400,5.8206000830978155,,,,,,,,3200000,0
1791252662.6483395,444548,initialize_iteration,0,66,8257,1,0,16630784,157286400,143417344,157286400,5.627600010484457,,,,,,,,3200000,0
1791252662.654845,444548,initialize_iteration,0,67,8257,1,0,16794624,157286400,143417344,157286400,6.300099892541766,,,,,,,,3200000,0
1791252662.661038,444548,initialize_iteration,0,68,8257,1,0,16630784,157286400,143417344,157286400,5.630499916151166,,,,,,,,3200000,0
1791252662.6680717,444548,initialize_iteration,0,69,8257,1,0,16794624,157286400,143417344,157286400,5.973400082439184,,,,,,,,3200000,0
1791252662.673072,444548,initialize_iteration,0,70,8257,1,0,16630784,157286400,143417344,157286400,5.194100085645914,,,,,,,,3200000,0
1791252662.6785955,444548,initialize_iteration,0,71,8257,1,0,16794624,157286400,143417344,157286400,5.296500166878104,,,,,,,,3200000,0
1791252662.6846027,444548,initialize_iteration,0,72,8257,1,0,16630784,157286400,143417344,157286400,5.607100203633308,,,,,,,,3200000,0
1791252662.6946328,444548,initialize_iteration,0,73,8257,1,0,16794624,157286400,143417344,157286400,9.578099939972162,,,,,,,,3200000,0
1791252662.7013614,444548,initialize_iteration,0,74,8257,1,0,16630784,157286400,143417344,157286400,5.4160000290721655,,,,,,,,3200000,0
1791252662.7079182,444548,initialize_iteration,0,75,8257,1,0,16794624,157286400,143417344,157286400,5.46369981020689,,,,,,,,3200000,0
1791252662.7129178,444548,initialize_iteration,0,76,8257,1,0,16630784,157286400,143417344,157286400,5.305500002577901,,,,,,,,3200000,0
1791252662.7186048,444548,initialize_iteration,0,77,8257,1,0,16794624,157286400,143417344,157286400,5.057299975305796,,,,,,,,3200000,0
1791252662.7258985,444548,initialize_iteration,0,78,8257,1,0,16630784,157286400,143417344,157286400,6.038899999111891,,,,,,,,3200000,0
1791252662.7310078,444548,initialize_iteration,0,79,8257,1,0,16794624,157286400,143417344,157286400,5.447400035336614,,,,,,,,3200000,0
1791252662.7370212,444548,initialize_iteration,0,80,8257,1,0,16630784,157286400,143417344,157286400,5.629900144413114,,,,,,,,3200000,0
1791252662.7445495,444548,initialize_iteration,0,81,8257,1,0,16794624,157286400,143417344,157286400,6.2865999061614275,,,,,,,,3200000,0
1791252662.7505875,444548,initialize_iteration,0,82,8257,1,0,16630784,157286400,143417344,157286400,6.007200106978416,,,,,,,,3200000,0
1791252662.7571297,444548,initialize_iteration,0,83,8257,1,0,16794624,157286400,143417344,157286400,6.436999887228012,,,,,,,,3200000,0
1791252662.7641487,444548,initialize_iteration,0,84,8257,1,0,16630784,157286400,143417344,157286400,6.118200020864606,,,,,,,,3200000,0
1791252662.7701654,444548,initialize_iteration,0,85,8257,1,0,16794624,157286400,143417344,157286400,5.2957001607865095,,,,,,,,3200000,0
1791252662.777384,444548,initialize_iteration,0,86,8257,1,0,16630784,157286400,143417344,157286400,6.857899948954582,,,,,,,,3200000,0
1791252662.788552,444548,initialize_iteration,0,87,8257,1,0,16794624,157286400,143417344,157286400,10.643600020557642,,,,,,,,3200000,0
1791252662.7976148,444548,initialize_iteration,0,88,8257,1,0,16630784,157286400,143417344,157286400,8.33109999075532,,,,,,,,3200000,0
1791252662.8036141,444548,initialize_iteration,0,89,8257,1,0,16794624,157286400,143417344,157286400,5.297999829053879,,,,,,,,3200000,0
1791252662.808793,444548,initialize_iteration,0,90,8257,1,0,16630784,157286400,143417344,157286400,5.506400018930435,,,,,,,,3200000,0
1791252662.814799,444548,initialize_iteration,0,91,8257,1,0,16794624,157286400,143417344,157286400,5.109200021252036,,,,,,,,3200000,0
1791252662.8203106,444548,initialize_iteration,0,92,8257,1,0,16630784,157286400,143417344,157286400,5.546600092202425,,,,,,,,3200000,0
1791252662.8273208,444548,initialize_iteration,0,93,8257,1,0,16794624,157286400,143417344,157286400,6.086300127208233,,,,,,,,3200000,0
1791252662.8339806,444548,initialize_iteration,0,94,8257,1,0,16630784,157286400,143417344,157286400,6.231300067156553,,,,,,,,3200000,0
1791252662.8406901,444548,initialize_iteration,0,95,8257,1,0,16794624,157286400,143417344,157286400,5.790900206193328,,,,,,,,3200000,0
1791252662.846328,444548,initialize_iteration,0,96,8257,1,0,16630784,157286400,143417344,157286400,5.174000049009919,,,,,,,,3200000,0
1791252662.8513553,444548,initialize_iteration,0,97,8257,1,0,16794624,157286400,143417344,157286400,5.43470005504787,,,,,,,,3200000,0
1791252662.8583074,444548,initialize_iteration,0,98,8257,1,0,16630784,157286400,143417344,157286400,5.8077999856323,,,,,,,,3200000,0
1791252662.8638194,444548,initialize_iteration,0,99,8257,1,0,16794624,157286400,143417344,157286400,5.2680999506264925,,,,,,,,3200000,0
1791252662.8703365,444548,initialize_iteration,0,100,8257,1,0,16630784,157286400,143417344,157286400,6.633999990299344,,,,,,,,3200000,0
1791252662.879347,444548,retention_densify_plan,0,101,8257,1,0,17342464,157286400,143417344,157286400,,8257,8257,53,53,0,111,3.1010000966489315,3200000,0
1791252662.8913755,444548,upstream_init_densify_prune,0,101,8310,1,0,17728512,157286400,143417344,157286400,,8257,8310,,,,,,3200000,0
1791252662.8913755,444548,initialize_iteration,0,101,8310,1,0,17728512,157286400,143417344,157286400,20.349500002339482,,,,,,,,3200000,0
1791252662.8979278,444548,initialize_iteration,0,102,8310,1,0,16638976,157286400,143417344,157286400,5.664900178089738,,,,,,,,3200000,0
1791252662.9029303,444548,initialize_iteration,0,103,8310,1,0,16802816,157286400,143417344,157286400,5.345399957150221,,,,,,,,3200000,0
1791252662.909951,444548,initialize_iteration,0,104,8310,1,0,16638976,157286400,143417344,157286400,5.568400025367737,,,,,,,,3200000,0
1791252662.9159672,444548,initialize_iteration,0,105,8310,1,0,16802816,157286400,143417344,157286400,5.4576999973505735,,,,,,,,3200000,0
1791252662.9221437,444548,initialize_iteration,0,106,8310,1,0,16638976,157286400,143417344,157286400,5.777999991551042,,,,,,,,3200000,0
1791252662.927655,444548,initialize_iteration,0,107,8310,1,0,16802816,157286400,143417344,157286400,5.657400004565716,,,,,,,,3200000,0
1791252662.9331954,444548,initialize_iteration,0,108,8310,1,0,16638976,157286400,143417344,157286400,5.037400173023343,,,,,,,,3200000,0
1791252662.9419913,444548,initialize_iteration,0,109,8310,1,0,16802816,157286400,143417344,157286400,7.806200068444014,,,,,,,,3200000,0
1791252662.953469,444548,initialize_iteration,0,110,8310,1,0,16638976,157286400,143417344,157286400,11.473200051113963,,,,,,,,3200000,0
1791252662.9646773,444548,initialize_iteration,0,111,8310,1,0,16802816,157286400,143417344,157286400,10.761199984699488,,,,,,,,3200000,0
1791252662.974698,444548,initialize_iteration,0,112,8310,1,0,16638976,157286400,143417344,157286400,8.788299979642034,,,,,,,,3200000,0
1791252662.9803462,444548,initialize_iteration,0,113,8310,1,0,16802816,157286400,143417344,157286400,5.174000049009919,,,,,,,,3200000,0
1791252662.9853642,444548,initialize_iteration,0,114,8310,1,0,16638976,157286400,143417344,157286400,4.951799986883998,,,,,,,,3200000,0
1791252662.9920719,444548,initialize_iteration,0,115,8310,1,0,16802816,157286400,143417344,157286400,5.85560011677444,,,,,,,,3200000,0
1791252662.9985898,444548,initialize_iteration,0,116,8310,1,0,16638976,157286400,143417344,157286400,6.7998000886291265,,,,,,,,3200000,0
1791252663.0082796,444548,initialize_iteration,0,117,8310,1,0,16802816,157286400,143417344,157286400,8.658899925649166,,,,,,,,3200000,0
1791252663.0133212,444548,initialize_iteration,0,118,8310,1,0,16638976,157286400,143417344,157286400,5.072399973869324,,,,,,,,3200000,0
1791252663.0194864,444548,initialize_iteration,0,119,8310,1,0,16802816,157286400,143417344,157286400,5.074699874967337,,,,,,,,3200000,0
1791252663.0266762,444548,initialize_iteration,0,120,8310,1,0,16638976,157286400,143417344,157286400,6.828400073572993,,,,,,,,3200000,0
1791252663.0316823,444548,initialize_iteration,0,121,8310,1,0,16802816,157286400,143417344,157286400,5.5518001317977905,,,,,,,,3200000,0
1791252663.0387127,444548,initialize_iteration,0,122,8310,1,0,16638976,157286400,143417344,157286400,5.987500073388219,,,,,,,,3200000,0
1791252663.0447125,444548,initialize_iteration,0,123,8310,1,0,16802816,157286400,143417344,157286400,5.445300135761499,,,,,,,,3200000,0
1791252663.0507314,444548,initialize_iteration,0,124,8310,1,0,16638976,157286400,143417344,157286400,5.869499873369932,,,,,,,,3200000,0
1791252663.058259,444548,initialize_iteration,0,125,8310,1,0,16802816,157286400,143417344,157286400,7.04980012960732,,,,,,,,3200000,0
1791252663.0672529,444548,initialize_iteration,0,126,8310,1,0,16638976,157286400,143417344,157286400,8.066500071436167,,,,,,,,3200000,0
1791252663.0774553,444548,initialize_iteration,0,127,8310,1,0,16802816,157286400,143417344,157286400,9.589599911123514,,,,,,,,3200000,0
1791252663.0829651,444548,initialize_iteration,0,128,8310,1,0,16638976,157286400,143417344,157286400,5.254999967291951,,,,,,,,3200000,0
1791252663.0904877,444548,initialize_iteration,0,129,8310,1,0,16802816,157286400,143417344,157286400,6.858800072222948,,,,,,,,3200000,0
1791252663.095989,444548,initialize_iteration,0,130,8310,1,0,16638976,157286400,143417344,157286400,5.683499854058027,,,,,,,,3200000,0
1791252663.104497,444548,initialize_iteration,0,131,8310,1,0,16802816,157286400,143417344,157286400,7.275199983268976,,,,,,,,3200000,0
1791252663.113014,444548,initialize_iteration,0,132,8310,1,0,16638976,157286400,143417344,157286400,8.162999991327524,,,,,,,,3200000,0
1791252663.120215,444548,initialize_iteration,0,133,8310,1,0,16802816,157286400,143417344,157286400,7.09209986962378,,,,,,,,3200000,0
1791252663.1272347,444548,initialize_iteration,0,134,8310,1,0,16638976,157286400,143417344,157286400,5.800300044938922,,,,,,,,3200000,0
1791252663.1335008,444548,initialize_iteration,0,135,8310,1,0,16802816,157286400,143417344,157286400,5.809199996292591,,,,,,,,3200000,0
1791252663.140238,444548,initialize_iteration,0,136,8310,1,0,16638976,157286400,143417344,157286400,6.086800014600158,,,,,,,,3200000,0
1791252663.1467443,444548,initialize_iteration,0,137,8310,1,0,16802816,157286400,143417344,157286400,5.960499867796898,,,,,,,,3200000,0
1791252663.1527548,444548,initialize_iteration,0,138,8310,1,0,16638976,157286400,143417344,157286400,5.734100006520748,,,,,,,,3200000,0
1791252663.1597645,444548,initialize_iteration,0,139,8310,1,0,16802816,157286400,143417344,157286400,6.451099878177047,,,,,,,,3200000,0
1791252663.1662838,444548,initialize_iteration,0,140,8310,1,0,16638976,157286400,143417344,157286400,5.651199957355857,,,,,,,,3200000,0
1791252663.1720324,444548,initialize_iteration,0,141,8310,1,0,16802816,157286400,143417344,157286400,5.981199909001589,,,,,,,,3200000,0
1791252663.1787694,444548,initialize_iteration,0,142,8310,1,0,16638976,157286400,143417344,157286400,5.433199927210808,,,,,,,,3200000,0
1791252663.1857796,444548,initialize_iteration,0,143,8310,1,0,16802816,157286400,143417344,157286400,6.9546999875456095,,,,,,,,3200000,0
1791252663.1973097,444548,initialize_iteration,0,144,8310,1,0,16638976,157286400,143417344,157286400,10.794200003147125,,,,,,,,3200000,0
1791252663.2074914,444548,initialize_iteration,0,145,8310,1,0,16802816,157286400,143417344,157286400,9.83919994905591,,,,,,,,3200000,0
1791252663.2139978,444548,initialize_iteration,0,146,8310,1,0,16638976,157286400,143417344,157286400,6.251000100746751,,,,,,,,3200000,0
1791252663.2210145,444548,initialize_iteration,0,147,8310,1,0,16802816,157286400,143417344,157286400,5.527300061658025,,,,,,,,3200000,0
1791252663.2272377,444548,initialize_iteration,0,148,8310,1,0,16638976,157286400,143417344,157286400,6.296699866652489,,,,,,,,3200000,0
1791252663.2337444,444548,initialize_iteration,0,149,8310,1,0,16802816,157286400,143417344,157286400,6.264799972996116,,,,,,,,3200000,0
1791252663.2409525,444548,initialize_iteration,0,150,8310,1,0,16638976,157286400,143417344,157286400,6.26750010997057,,,,,,,,3200000,0
1791252663.2469559,444548,initialize_iteration,0,151,8310,1,0,16802816,157286400,143417344,157286400,5.662099923938513,,,,,,,,3200000,0
1791252663.2529743,444548,initialize_iteration,0,152,8310,1,0,16638976,157286400,143417344,157286400,5.502999993041158,,,,,,,,3200000,0
1791252663.2632558,444548,initialize_iteration,0,153,8310,1,0,16802816,157286400,143417344,157286400,9.842999977990985,,,,,,,,3200000,0
1791252663.2759435,444548,initialize_iteration,0,154,8310,1,0,16638976,157286400,143417344,157286400,11.327699990943074,,,,,,,,3200000,0
1791252663.2901309,444548,initialize_iteration,0,155,8310,1,0,16802816,157286400,143417344,157286400,14.377700164914131,,,,,,,,3200000,0
1791252663.2971447,444548,initialize_iteration,0,156,8310,1,0,16638976,157286400,143417344,157286400,5.923300050199032,,,,,,,,3200000,0
1791252663.3027208,444548,initialize_iteration,0,157,8310,1,0,16802816,157286400,143417344,157286400,5.485699977725744,,,,,,,,3200000,0
1791252663.3095064,444548,initialize_iteration,0,158,8310,1,0,16638976,157286400,143417344,157286400,6.284000119194388,,,,,,,,3200000,0
1791252663.3165379,444548,initialize_iteration,0,159,8310,1,0,16802816,157286400,143417344,157286400,6.566599942743778,,,,,,,,3200000,0
1791252663.323544,444548,initialize_iteration,0,160,8310,1,0,16638976,157286400,143417344,157286400,6.1703999526798725,,,,,,,,3200000,0
1791252663.3302646,444548,initialize_iteration,0,161,8310,1,0,16802816,157286400,143417344,157286400,5.89189981110394,,,,,,,,3200000,0
1791252663.3368251,444548,initialize_iteration,0,162,8310,1,0,16638976,157286400,143417344,157286400,5.945000099018216,,,,,,,,3200000,0
1791252663.343841,444548,initialize_iteration,0,163,8310,1,0,16802816,157286400,143417344,157286400,6.808699807152152,,,,,,,,3200000,0
1791252663.3533776,444548,initialize_iteration,0,164,8310,1,0,16638976,157286400,143417344,157286400,8.27630003914237,,,,,,,,3200000,0
1791252663.364407,444548,initialize_iteration,0,165,8310,1,0,16802816,157286400,143417344,157286400,11.095700087025762,,,,,,,,3200000,0
1791252663.3720672,444548,initialize_iteration,0,166,8310,1,0,16638976,157286400,143417344,157286400,6.354999961331487,,,,,,,,3200000,0
1791252663.379078,444548,initialize_iteration,0,167,8310,1,0,16802816,157286400,143417344,157286400,7.6003000140190125,,,,,,,,3200000,0
1791252663.387321,444548,initialize_iteration,0,168,8310,1,0,16638976,157286400,143417344,157286400,6.84799998998642,,,,,,,,3200000,0
1791252663.3943508,444548,initialize_iteration,0,169,8310,1,0,16802816,157286400,143417344,157286400,6.403799867257476,,,,,,,,3200000,0
1791252663.4013736,444548,initialize_iteration,0,170,8310,1,0,16638976,157286400,143417344,157286400,6.361200008541346,,,,,,,,3200000,0
1791252663.4086244,444548,initialize_iteration,0,171,8310,1,0,16802816,157286400,143417344,157286400,6.418399978429079,,,,,,,,3200000,0
1791252663.4141269,444548,initialize_iteration,0,172,8310,1,0,16638976,157286400,143417344,157286400,5.698299966752529,,,,,,,,3200000,0
1791252663.42074,444548,initialize_iteration,0,173,8310,1,0,16802816,157286400,143417344,157286400,6.38829986564815,,,,,,,,3200000,0
1791252663.428053,444548,initialize_iteration,0,174,8310,1,0,16638976,157286400,143417344,157286400,6.004400085657835,,,,,,,,3200000,0
1791252663.43456,444548,initialize_iteration,0,175,8310,1,0,16802816,157286400,143417344,157286400,6.184199824929237,,,,,,,,3200000,0
1791252663.4417481,444548,initialize_iteration,0,176,8310,1,0,16638976,157286400,143417344,157286400,6.3442999962717295,,,,,,,,3200000,0
1791252663.4484446,444548,initialize_iteration,0,177,8310,1,0,16802816,157286400,143417344,157286400,6.743399892002344,,,,,,,,3200000,0
1791252663.4539516,444548,initialize_iteration,0,178,8310,1,0,16638976,157286400,143417344,157286400,5.413099890574813,,,,,,,,3200000,0
1791252663.4612823,444548,initialize_iteration,0,179,8310,1,0,16802816,157286400,143417344,157286400,6.699499906972051,,,,,,,,3200000,0
1791252663.4689896,444548,initialize_iteration,0,180,8310,1,0,16638976,157286400,143417344,157286400,6.247099954634905,,,,,,,,3200000,0
1791252663.475993,444548,initialize_iteration,0,181,8310,1,0,16802816,157286400,143417344,157286400,6.440300028771162,,,,,,,,3200000,0
1791252663.4815044,444548,initialize_iteration,0,182,8310,1,0,16638976,157286400,143417344,157286400,5.855099996551871,,,,,,,,3200000,0
1791252663.491029,444548,initialize_iteration,0,183,8310,1,0,16802816,157286400,143417344,157286400,8.463699836283922,,,,,,,,3200000,0
1791252663.4973092,444548,initialize_iteration,0,184,8310,1,0,16638976,157286400,143417344,157286400,5.914300214499235,,,,,,,,3200000,0
1791252663.5068293,444548,initialize_iteration,0,185,8310,1,0,16802816,157286400,143417344,157286400,8.758399868384004,,,,,,,,3200000,0
1791252663.513851,444548,initialize_iteration,0,186,8310,1,0,16638976,157286400,143417344,157286400,6.367699941620231,,,,,,,,3200000,0
1791252663.5203748,444548,initialize_iteration,0,187,8310,1,0,16802816,157286400,143417344,157286400,6.614400073885918,,,,,,,,3200000,0
1791252663.5273867,444548,initialize_iteration,0,188,8310,1,0,16638976,157286400,143417344,157286400,6.303400034084916,,,,,,,,3200000,0
1791252663.5349016,444548,initialize_iteration,0,189,8310,1,0,16802816,157286400,143417344,157286400,6.991799920797348,,,,,,,,3200000,0
1791252663.5423121,444548,initialize_iteration,0,190,8310,1,0,16638976,157286400,143417344,157286400,6.648699985817075,,,,,,,,3200000,0
1791252663.548847,444548,initialize_iteration,0,191,8310,1,0,16802816,157286400,143417344,157286400,5.731699988245964,,,,,,,,3200000,0
1791252663.556876,444548,initialize_iteration,0,192,8310,1,0,16638976,157286400,143417344,157286400,7.956299930810928,,,,,,,,3200000,0
1791252663.568144,444548,initialize_iteration,0,193,8310,1,0,16802816,157286400,143417344,157286400,10.961099993437529,,,,,,,,3200000,0
1791252663.5769591,444548,initialize_iteration,0,194,8310,1,0,16638976,157286400,143417344,157286400,7.656299974769354,,,,,,,,3200000,0
1791252663.5834768,444548,initialize_iteration,0,195,8310,1,0,16802816,157286400,143417344,157286400,6.435200106352568,,,,,,,,3200000,0
1791252663.591491,444548,initialize_iteration,0,196,8310,1,0,16638976,157286400,143417344,157286400,7.60070001706481,,,,,,,,3200000,0
1791252663.5976915,444548,initialize_iteration,0,197,8310,1,0,16802816,157286400,143417344,157286400,6.0339998453855515,,,,,,,,3200000,0
1791252663.6042018,444548,initialize_iteration,0,198,8310,1,0,16638976,157286400,143417344,157286400,6.40650000423193,,,,,,,,3200000,0
1791252663.612216,444548,initialize_iteration,0,199,8310,1,0,16802816,157286400,143417344,157286400,7.007500156760216,,,,,,,,3200000,0
1791252663.6198485,444548,initialize_iteration,0,200,8310,1,0,16638976,157286400,143417344,157286400,6.381099810823798,,,,,,,,3200000,0
1791252663.6380925,444548,retention_densify_plan,0,201,8310,1,0,17352704,157286400,143417344,157286400,,8310,8310,4867,4867,0,4883,11.810299940407276,3200000,0
1791252663.6516333,444548,upstream_init_densify_prune,0,201,13177,1,0,18610176,157286400,143417344,157286400,,8310,13177,,,,,,3200000,0
1791252663.6526334,444548,initialize_iteration,0,201,13177,1,0,18610176,157286400,143417344,157286400,32.755599822849035,,,,,,,,3200000,0
1791252663.6611602,444548,initialize_iteration,0,202,13177,1,0,17791488,159383552,143417344,159383552,7.645200006663799,,,,,,,,3200000,0
1791252663.667166,444548,initialize_iteration,0,203,13177,1,0,17955328,159383552,143417344,159383552,6.275900173932314,,,,,,,,3200000,0
1791252663.6748013,444548,initialize_iteration,0,204,13177,1,0,17791488,159383552,143417344,159383552,6.435400107875466,,,,,,,,3200000,0
1791252663.6809797,444548,initialize_iteration,0,205,13177,1,0,17955328,159383552,143417344,159383552,6.103200139477849,,,,,,,,3200000,0
1791252663.687492,444548,initialize_iteration,0,206,13177,1,0,17791488,159383552,143417344,159383552,5.948599893599749,,,,,,,,3200000,0
1791252663.694504,444548,initialize_iteration,0,207,13177,1,0,17955328,159383552,143417344,159383552,6.15020003169775,,,,,,,,3200000,0
1791252663.7010267,444548,initialize_iteration,0,208,13177,1,0,17791488,159383552,143417344,159383552,5.857399897649884,,,,,,,,3200000,0
1791252663.7087047,444548,initialize_iteration,0,209,13177,1,0,17955328,159383552,143417344,159383552,7.2201997973024845,,,,,,,,3200000,0
1791252663.715712,444548,initialize_iteration,0,210,13177,1,0,17791488,159383552,143417344,159383552,6.753799971193075,,,,,,,,3200000,0
1791252663.7230608,444548,initialize_iteration,0,211,13177,1,0,17955328,159383552,143417344,159383552,7.307499879971147,,,,,,,,3200000,0
1791252663.7302687,444548,initialize_iteration,0,212,13177,1,0,17791488,159383552,143417344,159383552,6.014499813318253,,,,,,,,3200000,0
1791252663.7357855,444548,initialize_iteration,0,213,13177,1,0,17955328,159383552,143417344,159383552,5.676500033587217,,,,,,,,3200000,0
1791252663.7430608,444548,initialize_iteration,0,214,13177,1,0,17791488,159383552,143417344,159383552,6.905600195750594,,,,,,,,3200000,0
1791252663.7495906,444548,initialize_iteration,0,215,13177,1,0,17955328,159383552,143417344,159383552,5.994899896904826,,,,,,,,3200000,0
1791252663.756604,444548,initialize_iteration,0,216,13177,1,0,17791488,159383552,143417344,159383552,6.191200111061335,,,,,,,,3200000,0
1791252663.7622993,444548,initialize_iteration,0,217,13177,1,0,17955328,159383552,143417344,159383552,5.866700084879994,,,,,,,,3200000,0
1791252663.769818,444548,initialize_iteration,0,218,13177,1,0,17791488,159383552,143417344,159383552,6.078599952161312,,,,,,,,3200000,0
1791252663.7758257,444548,initialize_iteration,0,219,13177,1,0,17955328,159383552,143417344,159383552,6.046799942851067,,,,,,,,3200000,0
1791252663.7824736,444548,initialize_iteration,0,220,13177,1,0,17791488,159383552,143417344,159383552,5.850000074133277,,,,,,,,3200000,0
1791252663.7890167,444548,initialize_iteration,0,221,13177,1,0,17955328,159383552,143417344,159383552,6.372400093823671,,,,,,,,3200000,0
1791252663.796027,444548,initialize_iteration,0,222,13177,1,0,17791488,159383552,143417344,159383552,5.741200176998973,,,,,,,,3200000,0
1791252663.8015456,444548,initialize_iteration,0,223,13177,1,0,17955328,159383552,143417344,159383552,5.719600012525916,,,,,,,,3200000,0
1791252663.807202,444548,initialize_iteration,0,224,13177,1,0,17791488,159383552,143417344,159383552,6.029200041666627,,,,,,,,3200000,0
1791252663.814212,444548,initialize_iteration,0,225,13177,1,0,17955328,159383552,143417344,159383552,5.714799975976348,,,,,,,,3200000,0
1791252663.819222,444548,initialize_iteration,0,226,13177,1,0,17791488,159383552,143417344,159383552,5.393099971115589,,,,,,,,3200000,0
1791252663.826733,444548,initialize_iteration,0,227,13177,1,0,17955328,159383552,143417344,159383552,6.724199978634715,,,,,,,,3200000,0
1791252663.832736,444548,initialize_iteration,0,228,13177,1,0,17791488,159383552,143417344,159383552,5.628599785268307,,,,,,,,3200000,0
1791252663.8392496,444548,initialize_iteration,0,229,13177,1,0,17955328,159383552,143417344,159383552,5.961099872365594,,,,,,,,3200000,0
1791252663.8457534,444548,initialize_iteration,0,230,13177,1,0,17791488,159383552,143417344,159383552,5.797300022095442,,,,,,,,3200000,0
1791252663.8513176,444548,initialize_iteration,0,231,13177,1,0,17955328,159383552,143417344,159383552,5.822400096803904,,,,,,,,3200000,0
1791252663.857325,444548,initialize_iteration,0,232,13177,1,0,17791488,159383552,143417344,159383552,6.024299887940288,,,,,,,,3200000,0
1791252663.8638358,444548,initialize_iteration,0,233,13177,1,0,17955328,159383552,143417344,159383552,5.6952000595629215,,,,,,,,3200000,0
1791252663.8713665,444548,initialize_iteration,0,234,13177,1,0,17791488,159383552,143417344,159383552,6.3281001057475805,,,,,,,,3200000,0
1791252663.881883,444548,initialize_iteration,0,235,13177,1,0,17955328,159383552,143417344,159383552,9.819200029596686,,,,,,,,3200000,0
1791252663.890583,444548,initialize_iteration,0,236,13177,1,0,17791488,159383552,143417344,159383552,8.32809996791184,,,,,,,,3200000,0
1791252663.8965967,444548,initialize_iteration,0,237,13177,1,0,17955328,159383552,143417344,159383552,5.819000070914626,,,,,,,,3200000,0
1791252663.903104,444548,initialize_iteration,0,238,13177,1,0,17791488,159383552,143417344,159383552,6.065200082957745,,,,,,,,3200000,0
1791252663.9098601,444548,initialize_iteration,0,239,13177,1,0,17955328,159383552,143417344,159383552,5.922399926930666,,,,,,,,3200000,0
1791252663.9168723,444548,initialize_iteration,0,240,13177,1,0,17791488,159383552,143417344,159383552,6.171999964863062,,,,,,,,3200000,0
1791252663.9233944,444548,initialize_iteration,0,241,13177,1,0,17955328,159383552,143417344,159383552,6.805199896916747,,,,,,,,3200000,0
1791252663.9294062,444548,initialize_iteration,0,242,13177,1,0,17791488,159383552,143417344,159383552,6.514400010928512,,,,,,,,3200000,0
1791252663.9369285,444548,initialize_iteration,0,243,13177,1,0,17955328,159383552,143417344,159383552,6.011199904605746,,,,,,,,3200000,0
1791252663.9457984,444548,initialize_iteration,0,244,13177,1,0,17791488,159383552,143417344,159383552,8.295099949464202,,,,,,,,3200000,0
1791252663.9569867,444548,initialize_iteration,0,245,13177,1,0,17955328,159383552,143417344,159383552,10.29399991966784,,,,,,,,3200000,0
1791252663.962492,444548,initialize_iteration,0,246,13177,1,0,17791488,159383552,143417344,159383552,5.817800061777234,,,,,,,,3200000,0
1791252663.9686637,444548,initialize_iteration,0,247,13177,1,0,17955328,159383552,143417344,159383552,5.883999867364764,,,,,,,,3200000,0
1791252663.975689,444548,initialize_iteration,0,248,13177,1,0,17791488,159383552,143417344,159383552,6.330100120976567,,,,,,,,3200000,0
1791252663.9823728,444548,initialize_iteration,0,249,13177,1,0,17955328,159383552,143417344,159383552,5.659099901095033,,,,,,,,3200000,0
1791252663.9889486,444548,initialize_iteration,0,250,13177,1,0,17791488,159383552,143417344,159383552,5.899699870496988,,,,,,,,3200000,0
1791252663.9944527,444548,initialize_iteration,0,251,13177,1,0,17955328,159383552,143417344,159383552,5.5933000985533,,,,,,,,3200000,0
1791252663.9999633,444548,initialize_iteration,0,252,13177,1,0,17791488,159383552,143417344,159383552,5.48029993660748,,,,,,,,3200000,0
1791252664.0071988,444548,initialize_iteration,0,253,13177,1,0,17955328,159383552,143417344,159383552,6.84070005081594,,,,,,,,3200000,0
1791252664.0137117,444548,initialize_iteration,0,254,13177,1,0,17791488,159383552,143417344,159383552,5.85199985653162,,,,,,,,3200000,0
1791252664.0197964,444548,initialize_iteration,0,255,13177,1,0,17955328,159383552,143417344,159383552,5.822500213980675,,,,,,,,3200000,0
1791252664.0268085,444548,initialize_iteration,0,256,13177,1,0,17791488,159383552,143417344,159383552,6.661699851974845,,,,,,,,3200000,0
1791252664.0328271,444548,initialize_iteration,0,257,13177,1,0,17955328,159383552,143417344,159383552,5.716599989682436,,,,,,,,3200000,0
1791252664.0392094,444548,initialize_iteration,0,258,13177,1,0,17791488,159383552,143417344,159383552,5.9201999101787806,,,,,,,,3200000,0
1791252664.0457141,444548,initialize_iteration,0,259,13177,1,0,17955328,159383552,143417344,159383552,5.6281001307070255,,,,,,,,3200000,0
1791252664.0522332,444548,initialize_iteration,0,260,13177,1,0,17791488,159383552,143417344,159383552,5.9576998464763165,,,,,,,,3200000,0
1791252664.0592482,444548,initialize_iteration,0,261,13177,1,0,17955328,159383552,143417344,159383552,6.723599974066019,,,,,,,,3200000,0
1791252664.0642478,444548,initialize_iteration,0,262,13177,1,0,17791488,159383552,143417344,159383552,5.833799950778484,,,,,,,,3200000,0
1791252664.0720773,444548,initialize_iteration,0,263,13177,1,0,17955328,159383552,143417344,159383552,6.0264000203460455,,,,,,,,3200000,0
1791252664.0782564,444548,initialize_iteration,0,264,13177,1,0,17791488,159383552,143417344,159383552,6.227100035175681,,,,,,,,3200000,0
1791252664.0857623,444548,initialize_iteration,0,265,13177,1,0,17955328,159383552,143417344,159383552,6.589299999177456,,,,,,,,3200000,0
1791252664.0957835,444548,initialize_iteration,0,266,13177,1,0,17791488,159383552,143417344,159383552,9.186899987980723,,,,,,,,3200000,0
1791252664.1022992,444548,initialize_iteration,0,267,13177,1,0,17955328,159383552,143417344,159383552,6.132900016382337,,,,,,,,3200000,0
1791252664.1083093,444548,initialize_iteration,0,268,13177,1,0,17791488,159383552,143417344,159383552,6.135300034657121,,,,,,,,3200000,0
1791252664.115824,444548,initialize_iteration,0,269,13177,1,0,17955328,159383552,143417344,159383552,6.241499911993742,,,,,,,,3200000,0
1791252664.1228397,444548,initialize_iteration,0,270,13177,1,0,17791488,159383552,143417344,159383552,6.956700002774596,,,,,,,,3200000,0
1791252664.1290438,444548,initialize_iteration,0,271,13177,1,0,17955328,159383552,143417344,159383552,5.718700122088194,,,,,,,,3200000,0
1791252664.1345477,444548,initialize_iteration,0,272,13177,1,0,17791488,159383552,143417344,159383552,5.602600052952766,,,,,,,,3200000,0
1791252664.1412144,444548,initialize_iteration,0,273,13177,1,0,17955328,159383552,143417344,159383552,5.87460002861917,,,,,,,,3200000,0
1791252664.147221,444548,initialize_iteration,0,274,13177,1,0,17791488,159383552,143417344,159383552,5.739400163292885,,,,,,,,3200000,0
1791252664.1547434,444548,initialize_iteration,0,275,13177,1,0,17955328,159383552,143417344,159383552,7.216199999675155,,,,,,,,3200000,0
1791252664.1647747,444548,initialize_iteration,0,276,13177,1,0,17791488,159383552,143417344,159383552,8.86470009572804,,,,,,,,3200000,0
1791252664.1709514,444548,initialize_iteration,0,277,13177,1,0,17955328,159383552,143417344,159383552,6.192000117152929,,,,,,,,3200000,0
1791252664.1776063,444548,initialize_iteration,0,278,13177,1,0,17791488,159383552,143417344,159383552,6.184399826452136,,,,,,,,3200000,0
1791252664.1841135,444548,initialize_iteration,0,279,13177,1,0,17955328,159383552,143417344,159383552,5.667499965056777,,,,,,,,3200000,0
1791252664.1911275,444548,initialize_iteration,0,280,13177,1,0,17791488,159383552,143417344,159383552,6.895999889820814,,,,,,,,3200000,0
1791252664.1973145,444548,initialize_iteration,0,281,13177,1,0,17955328,159383552,143417344,159383552,5.528199952095747,,,,,,,,3200000,0
1791252664.2033687,444548,initialize_iteration,0,282,13177,1,0,17791488,159383552,143417344,159383552,5.833200179040432,,,,,,,,3200000,0
1791252664.209567,444548,initialize_iteration,0,283,13177,1,0,17955328,159383552,143417344,159383552,5.973299965262413,,,,,,,,3200000,0
1791252664.2150745,444548,initialize_iteration,0,284,13177,1,0,17791488,159383552,143417344,159383552,5.685899872332811,,,,,,,,3200000,0
1791252664.2220857,444548,initialize_iteration,0,285,13177,1,0,17955328,159383552,143417344,159383552,5.804099841043353,,,,,,,,3200000,0
1791252664.227779,444548,initialize_iteration,0,286,13177,1,0,17791488,159383552,143417344,159383552,6.006000097841024,,,,,,,,3200000,0
1791252664.2337818,444548,initialize_iteration,0,287,13177,1,0,17955328,159383552,143417344,159383552,5.544800078496337,,,,,,,,3200000,0
1791252664.240891,444548,initialize_iteration,0,288,13177,1,0,17791488,159383552,143417344,159383552,6.38859998434782,,,,,,,,3200000,0
1791252664.2474024,444548,initialize_iteration,0,289,13177,1,0,17955328,159383552,143417344,159383552,6.4518998842686415,,,,,,,,3200000,0
1791252664.2544174,444548,initialize_iteration,0,290,13177,1,0,17791488,159383552,143417344,159383552,6.447100080549717,,,,,,,,3200000,0
1791252664.2624366,444548,initialize_iteration,0,291,13177,1,0,17955328,159383552,143417344,159383552,7.039999822154641,,,,,,,,3200000,0
1791252664.268454,444548,initialize_iteration,0,292,13177,1,0,17791488,159383552,143417344,159383552,6.394099909812212,,,,,,,,3200000,0
1791252664.2766154,444548,initialize_iteration,0,293,13177,1,0,17955328,159383552,143417344,159383552,7.064200006425381,,,,,,,,3200000,0
1791252664.2836354,444548,initialize_iteration,0,294,13177,1,0,17791488,159383552,143417344,159383552,6.673600059002638,,,,,,,,3200000,0
1791252664.2926688,444548,initialize_iteration,0,295,13177,1,0,17955328,159383552,143417344,159383552,8.62409989349544,,,,,,,,3200000,0
1791252664.3036132,444548,initialize_iteration,0,296,13177,1,0,17791488,159383552,143417344,159383552,10.666399961337447,,,,,,,,3200000,0
1791252664.3133166,444548,initialize_iteration,0,297,13177,1,0,17955328,159383552,143417344,159383552,9.104599943384528,,,,,,,,3200000,0
1791252664.3198454,444548,initialize_iteration,0,298,13177,1,0,17791488,159383552,143417344,159383552,6.623399909585714,,,,,,,,3200000,0
1791252664.3290086,444548,initialize_iteration,0,299,13177,1,0,17955328,159383552,143417344,159383552,7.483199937269092,,,,,,,,3200000,0
1791252664.3360207,444548,initialize_iteration,0,300,13177,1,0,17791488,159383552,143417344,159383552,6.586599862203002,,,,,,,,3200000,0
1791252664.351069,444548,retention_densify_plan,0,301,13177,1,0,18825728,159383552,143417344,159383552,,13177,13177,2296,2296,0,2344,9.026899933815002,3200000,0
1791252664.36733,444548,upstream_init_densify_prune,0,301,15473,1,0,19846656,159383552,143417344,159383552,,13177,15473,,,,,,3200000,0
1791252664.36733,444548,initialize_iteration,0,301,15473,1,0,19846656,159383552,143417344,159383552,31.433399999514222,,,,,,,,3200000,0
1791252664.3758519,444548,initialize_iteration,0,302,15473,1,0,18337792,159383552,143417344,159383552,7.509599905461073,,,,,,,,3200000,0
1791252664.3818762,444548,initialize_iteration,0,303,15473,1,0,18501632,159383552,143417344,159383552,6.066000089049339,,,,,,,,3200000,0
1791252664.388532,444548,initialize_iteration,0,304,15473,1,0,18337792,159383552,143417344,159383552,6.1552999541163445,,,,,,,,3200000,0
1791252664.396071,444548,initialize_iteration,0,305,15473,1,0,18501632,159383552,143417344,159383552,7.016200106590986,,,,,,,,3200000,0
1791252664.402734,444548,initialize_iteration,0,306,15473,1,0,18337792,159383552,143417344,159383552,6.413399940356612,,,,,,,,3200000,0
1791252664.4102988,444548,initialize_iteration,0,307,15473,1,0,18501632,159383552,143417344,159383552,6.869300035759807,,,,,,,,3200000,0
1791252664.417309,444548,initialize_iteration,0,308,15473,1,0,18337792,159383552,143417344,159383552,6.366099929437041,,,,,,,,3200000,0
1791252664.4233253,444548,initialize_iteration,0,309,15473,1,0,18501632,159383552,143417344,159383552,6.286799907684326,,,,,,,,3200000,0
1791252664.429996,444548,initialize_iteration,0,310,15473,1,0,18337792,159383552,143417344,159383552,5.838799988850951,,,,,,,,3200000,0
1791252664.436011,444548,initialize_iteration,0,311,15473,1,0,18501632,159383552,143417344,159383552,6.028999807313085,,,,,,,,3200000,0
1791252664.4430294,444548,initialize_iteration,0,312,15473,1,0,18337792,159383552,143417344,159383552,6.290300050750375,,,,,,,,3200000,0
1791252664.4500499,444548,initialize_iteration,0,313,15473,1,0,18501632,159383552,143417344,159383552,6.06539985165,,,,,,,,3200000,0
1791252664.457227,444548,initialize_iteration,0,314,15473,1,0,18337792,159383552,143417344,159383552,7.446400122717023,,,,,,,,3200000,0
1791252664.4642298,444548,initialize_iteration,0,315,15473,1,0,18501632,159383552,143417344,159383552,6.348500028252602,,,,,,,,3200000,0
1791252664.4733036,444548,initialize_iteration,0,316,15473,1,0,18337792,159383552,143417344,159383552,8.321400033310056,,,,,,,,3200000,0
1791252664.481817,444548,initialize_iteration,0,317,15473,1,0,18501632,159383552,143417344,159383552,7.531400071457028,,,,,,,,3200000,0
1791252664.4885402,444548,initialize_iteration,0,318,15473,1,0,18337792,159383552,143417344,159383552,6.467300001531839,,,,,,,,3200000,0
1791252664.4966245,444548,initialize_iteration,0,319,15473,1,0,18501632,159383552,143417344,159383552,7.452599937096238,,,,,,,,3200000,0
1791252664.5033472,444548,initialize_iteration,0,320,15473,1,0,18337792,159383552,143417344,159383552,6.438700016587973,,,,,,,,3200000,0
1791252664.5103588,444548,initialize_iteration,0,321,15473,1,0,18501632,159383552,143417344,159383552,6.544699892401695,,,,,,,,3200000,0
1791252664.517373,444548,initialize_iteration,0,322,15473,1,0,18337792,159383552,143417344,159383552,6.263599963858724,,,,,,,,3200000,0
1791252664.523883,444548,initialize_iteration,0,323,15473,1,0,18501632,159383552,143417344,159383552,6.3622999005019665,,,,,,,,3200000,0
1791252664.531115,444548,initialize_iteration,0,324,15473,1,0,18337792,159383552,143417344,159383552,6.401299964636564,,,,,,,,3200000,0
1791252664.53766,444548,initialize_iteration,0,325,15473,1,0,18501632,159383552,143417344,159383552,6.135999923571944,,,,,,,,3200000,0
1791252664.5446627,444548,initialize_iteration,0,326,15473,1,0,18337792,159383552,143417344,159383552,7.159400032833219,,,,,,,,3200000,0
1791252664.5516818,444548,initialize_iteration,0,327,15473,1,0,18501632,159383552,143417344,159383552,6.038899999111891,,,,,,,,3200000,0
1791252664.5583344,444548,initialize_iteration,0,328,15473,1,0,18337792,159383552,143417344,159383552,6.43279985524714,,,,,,,,3200000,0
1791252664.5643344,444548,initialize_iteration,0,329,15473,1,0,18501632,159383552,143417344,159383552,6.145899882540107,,,,,,,,3200000,0
1791252664.5718465,444548,initialize_iteration,0,330,15473,1,0,18337792,159383552,143417344,159383552,5.99429989233613,,,,,,,,3200000,0
1791252664.5783644,444548,initialize_iteration,0,331,15473,1,0,18501632,159383552,143417344,159383552,6.2472999561578035,,,,,,,,3200000,0
1791252664.5848706,444548,initialize_iteration,0,332,15473,1,0,18337792,159383552,143417344,159383552,6.569599965587258,,,,,,,,3200000,0
1791252664.5935333,444548,initialize_iteration,0,333,15473,1,0,18501632,159383552,143417344,159383552,7.340600015595555,,,,,,,,3200000,0
1791252664.600794,444548,initialize_iteration,0,334,15473,1,0,18337792,159383552,143417344,159383552,7.132999831810594,,,,,,,,3200000,0
1791252664.6108296,444548,initialize_iteration,0,335,15473,1,0,18501632,159383552,143417344,159383552,9.574800031259656,,,,,,,,3200000,0
1791252664.6185877,444548,initialize_iteration,0,336,15473,1,0,18337792,159383552,143417344,159383552,6.796100176870823,,,,,,,,3200000,0
1791252664.6260998,444548,initialize_iteration,0,337,15473,1,0,18501632,159383552,143417344,159383552,7.162800058722496,,,,,,,,3200000,0
1791252664.6328163,444548,initialize_iteration,0,338,15473,1,0,18337792,159383552,143417344,159383552,6.330000003799796,,,,,,,,3200000,0
1791252664.6403306,444548,initialize_iteration,0,339,15473,1,0,18501632,159383552,143417344,159383552,6.382100051268935,,,,,,,,3200000,0
1791252664.64734,444548,initialize_iteration,0,340,15473,1,0,18337792,159383552,143417344,159383552,6.590300006791949,,,,,,,,3200000,0
1791252664.65435,444548,initialize_iteration,0,341,15473,1,0,18501632,159383552,143417344,159383552,6.313899997621775,,,,,,,,3200000,0
1791252664.6610432,444548,initialize_iteration,0,342,15473,1,0,18337792,159383552,143417344,159383552,6.8882000632584095,,,,,,,,3200000,0
1791252664.6680593,444548,initialize_iteration,0,343,15473,1,0,18501632,159383552,143417344,159383552,6.056800018996,,,,,,,,3200000,0
1791252664.6740687,444548,initialize_iteration,0,344,15473,1,0,18337792,159383552,143417344,159383552,5.880899960175157,,,,,,,,3200000,0
1791252664.6807332,444548,initialize_iteration,0,345,15473,1,0,18501632,159383552,143417344,159383552,5.880200071260333,,,,,,,,3200000,0
1791252664.6872497,444548,initialize_iteration,0,346,15473,1,0,18337792,159383552,143417344,159383552,6.1028997879475355,,,,,,,,3200000,0
1791252664.6939547,444548,initialize_iteration,0,347,15473,1,0,18501632,159383552,143417344,159383552,6.499600131064653,,,,,,,,3200000,0
1791252664.7004662,444548,initialize_iteration,0,348,15473,1,0,18337792,159383552,143417344,159383552,5.993400001898408,,,,,,,,3200000,0
1791252664.7069764,444548,initialize_iteration,0,349,15473,1,0,18501632,159383552,143417344,159383552,6.163000129163265,,,,,,,,3200000,0
1791252664.7124808,444548,initialize_iteration,0,350,15473,1,0,18337792,159383552,143417344,159383552,5.90150011703372,,,,,,,,3200000,0
1791252664.7190402,444548,initialize_iteration,0,351,15473,1,0,18501632,159383552,143417344,159383552,6.058600032702088,,,,,,,,3200000,0
1791252664.7265544,444548,initialize_iteration,0,352,15473,1,0,18337792,159383552,143417344,159383552,6.397800054401159,,,,,,,,3200000,0
1791252664.7325594,444548,initialize_iteration,0,353,15473,1,0,18501632,159383552,143417344,159383552,5.856100004166365,,,,,,,,3200000,0
1791252664.7392516,444548,initialize_iteration,0,354,15473,1,0,18337792,159383552,143417344,159383552,6.053899880498648,,,,,,,,3200000,0
1791252664.744756,444548,initialize_iteration,0,355,15473,1,0,18501632,159383552,143417344,159383552,5.761299980804324,,,,,,,,3200000,0
1791252664.7519433,444548,initialize_iteration,0,356,15473,1,0,18337792,159383552,143417344,159383552,6.114999996498227,,,,,,,,3200000,0
1791252664.7587402,444548,initialize_iteration,0,357,15473,1,0,18501632,159383552,143417344,159383552,6.891899975016713,,,,,,,,3200000,0
1791252664.7657707,444548,initialize_iteration,0,358,15473,1,0,18337792,159383552,143417344,159383552,6.436900002881885,,,,,,,,3200000,0
1791252664.7727964,444548,initialize_iteration,0,359,15473,1,0,18501632,159383552,143417344,159383552,6.162599893286824,,,,,,,,3200000,0
1791252664.7794623,444548,initialize_iteration,0,360,15473,1,0,18337792,159383552,143417344,159383552,6.227999925613403,,,,,,,,3200000,0
1791252664.787488,444548,initialize_iteration,0,361,15473,1,0,18501632,159383552,143417344,159383552,7.801000028848648,,,,,,,,3200000,0
1791252664.795994,444548,initialize_iteration,0,362,15473,1,0,18337792,159383552,143417344,159383552,7.320399861782789,,,,,,,,3200000,0
1791252664.8020616,444548,initialize_iteration,0,363,15473,1,0,18501632,159383552,143417344,159383552,5.928099853917956,,,,,,,,3200000,0
1791252664.809441,444548,initialize_iteration,0,364,15473,1,0,18337792,159383552,143417344,159383552,6.799400085583329,,,,,,,,3200000,0
1791252664.8149488,444548,initialize_iteration,0,365,15473,1,0,18501632,159383552,143417344,159383552,6.100400118157268,,,,,,,,3200000,0
1791252664.8216064,444548,initialize_iteration,0,366,15473,1,0,18337792,159383552,143417344,159383552,5.906800040975213,,,,,,,,3200000,0
1791252664.8286204,444548,initialize_iteration,0,367,15473,1,0,18501632,159383552,143417344,159383552,6.100500002503395,,,,,,,,3200000,0
1791252664.8346336,444548,initialize_iteration,0,368,15473,1,0,18337792,159383552,143417344,159383552,5.780000006780028,,,,,,,,3200000,0
1791252664.84054,444548,initialize_iteration,0,369,15473,1,0,18501632,159383552,143417344,159383552,6.0841001104563475,,,,,,,,3200000,0
1791252664.847057,444548,initialize_iteration,0,370,15473,1,0,18337792,159383552,143417344,159383552,6.0415000189095736,,,,,,,,3200000,0
1791252664.8535843,444548,initialize_iteration,0,371,15473,1,0,18501632,159383552,143417344,159383552,5.753600038588047,,,,,,,,3200000,0
1791252664.860107,444548,initialize_iteration,0,372,15473,1,0,18337792,159383552,143417344,159383552,6.5033999271690845,,,,,,,,3200000,0
1791252664.8671312,444548,initialize_iteration,0,373,15473,1,0,18501632,159383552,143417344,159383552,5.810100119560957,,,,,,,,3200000,0
1791252664.8731596,444548,initialize_iteration,0,374,15473,1,0,18337792,159383552,143417344,159383552,6.4258999191224575,,,,,,,,3200000,0
1791252664.8806818,444548,initialize_iteration,0,375,15473,1,0,18501632,159383552,143417344,159383552,6.949899950996041,,,,,,,,3200000,0
1791252664.8882089,444548,initialize_iteration,0,376,15473,1,0,18337792,159383552,143417344,159383552,6.867400137707591,,,,,,,,3200000,0
1791252664.896223,444548,initialize_iteration,0,377,15473,1,0,18501632,159383552,143417344,159383552,7.436499930918217,,,,,,,,3200000,0
1791252664.9042583,444548,initialize_iteration,0,378,15473,1,0,18337792,159383552,143417344,159383552,7.1119999047368765,,,,,,,,3200000,0
1791252664.9117756,444548,initialize_iteration,0,379,15473,1,0,18501632,159383552,143417344,159383552,7.10869999602437,,,,,,,,3200000,0
1791252664.9182901,444548,initialize_iteration,0,380,15473,1,0,18337792,159383552,143417344,159383552,6.437399890273809,,,,,,,,3200000,0
1791252664.9258966,444548,initialize_iteration,0,381,15473,1,0,18501632,159383552,143417344,159383552,6.4160998445004225,,,,,,,,3200000,0
1791252664.9319105,444548,initialize_iteration,0,382,15473,1,0,18337792,159383552,143417344,159383552,6.202699849382043,,,,,,,,3200000,0
1791252664.938434,444548,initialize_iteration,0,383,15473,1,0,18501632,159383552,143417344,159383552,6.290700053796172,,,,,,,,3200000,0
1791252664.944865,444548,initialize_iteration,0,384,15473,1,0,18337792,159383552,143417344,159383552,5.9710000641644,,,,,,,,3200000,0
1791252664.9508874,444548,initialize_iteration,0,385,15473,1,0,18501632,159383552,143417344,159383552,5.965100135654211,,,,,,,,3200000,0
1791252664.9589238,444548,initialize_iteration,0,386,15473,1,0,18337792,159383552,143417344,159383552,6.903300061821938,,,,,,,,3200000,0
1791252664.9649622,444548,initialize_iteration,0,387,15473,1,0,18501632,159383552,143417344,159383552,5.99159998819232,,,,,,,,3200000,0
1791252664.9716592,444548,initialize_iteration,0,388,15473,1,0,18337792,159383552,143417344,159383552,5.952500039711595,,,,,,,,3200000,0
1791252664.9783158,444548,initialize_iteration,0,389,15473,1,0,18501632,159383552,143417344,159383552,6.367899943143129,,,,,,,,3200000,0
1791252664.9843404,444548,initialize_iteration,0,390,15473,1,0,18337792,159383552,143417344,159383552,6.264100084081292,,,,,,,,3200000,0
1791252664.9913695,444548,initialize_iteration,0,391,15473,1,0,18501632,159383552,143417344,159383552,6.612999830394983,,,,,,,,3200000,0
1791252664.998564,444548,initialize_iteration,0,392,15473,1,0,18337792,159383552,143417344,159383552,5.969099933281541,,,,,,,,3200000,0
1791252665.0040677,444548,initialize_iteration,0,393,15473,1,0,18501632,159383552,143417344,159383552,5.855099996551871,,,,,,,,3200000,0
1791252665.0117297,444548,initialize_iteration,0,394,15473,1,0,18337792,159383552,143417344,159383552,6.322500063106418,,,,,,,,3200000,0
1791252665.017788,444548,initialize_iteration,0,395,15473,1,0,18501632,159383552,143417344,159383552,5.907800048589706,,,,,,,,3200000,0
1791252665.0258358,444548,initialize_iteration,0,396,15473,1,0,18337792,159383552,143417344,159383552,7.828400004655123,,,,,,,,3200000,0
1791252665.0336053,444548,initialize_iteration,0,397,15473,1,0,18501632,159383552,143417344,159383552,7.192600052803755,,,,,,,,3200000,0
1791252665.0408711,444548,initialize_iteration,0,398,15473,1,0,18337792,159383552,143417344,159383552,7.3998000007122755,,,,,,,,3200000,0
1791252665.0509214,444548,initialize_iteration,0,399,15473,1,0,18501632,159383552,143417344,159383552,9.465500013902783,,,,,,,,3200000,0
1791252665.0579302,444548,initialize_iteration,0,400,15473,1,0,18337792,159383552,143417344,159383552,6.743700010702014,,,,,,,,3200000,0
1791252665.0739622,444548,retention_densify_plan,0,401,15473,1,0,19524608,159383552,143417344,159383552,,15473,15473,966,966,0,1013,7.490799995139241,3200000,0
1791252665.0916889,444548,upstream_init_densify_prune,0,401,16439,1,0,20412928,159383552,143417344,159383552,,15473,16439,,,,,,3200000,0
1791252665.092689,444548,initialize_iteration,0,401,16439,1,0,20412928,159383552,143417344,159383552,33.5856000892818,,,,,,,,3200000,0
1791252665.1002064,444548,initialize_iteration,0,402,16439,1,0,18570752,159383552,143417344,159383552,7.202300010249019,,,,,,,,3200000,0
1791252665.1072295,444548,initialize_iteration,0,403,16439,1,0,18734592,159383552,143417344,159383552,6.87599997036159,,,,,,,,3200000,0
1791252665.1147501,444548,initialize_iteration,0,404,16439,1,0,18570752,159383552,143417344,159383552,6.53250003233552,,,,,,,,3200000,0
1791252665.120263,444548,initialize_iteration,0,405,16439,1,0,18734592,159383552,143417344,159383552,6.372499978169799,,,,,,,,3200000,0
1791252665.1294959,444548,initialize_iteration,0,406,16439,1,0,18570752,159383552,143417344,159383552,7.510799914598465,,,,,,,,3200000,0
1791252665.1374576,444548,initialize_iteration,0,407,16439,1,0,18734592,159383552,143417344,159383552,7.278699893504381,,,,,,,,3200000,0
1791252665.144994,444548,initialize_iteration,0,408,16439,1,0,18570752,159383552,143417344,159383552,6.763699930161238,,,,,,,,3200000,0
1791252665.151511,444548,initialize_iteration,0,409,16439,1,0,18734592,159383552,143417344,159383552,6.718300050124526,,,,,,,,3200000,0
1791252665.1601892,444548,initialize_iteration,0,410,16439,1,0,18570752,159383552,143417344,159383552,7.668300066143274,,,,,,,,3200000,0
1791252665.1666973,444548,initialize_iteration,0,411,16439,1,0,18734592,159383552,143417344,159383552,6.06440007686615,,,,,,,,3200000,0
1791252665.172944,444548,initialize_iteration,0,412,16439,1,0,18570752,159383552,143417344,159383552,6.33209990337491,,,,,,,,3200000,0
1791252665.179461,444548,initialize_iteration,0,413,16439,1,0,18734592,159383552,143417344,159383552,6.0171999502927065,,,,,,,,3200000,0
1791252665.1869743,444548,initialize_iteration,0,414,16439,1,0,18570752,159383552,143417344,159383552,6.682399893179536,,,,,,,,3200000,0
1791252665.1934872,444548,initialize_iteration,0,415,16439,1,0,18734592,159383552,143417344,159383552,6.690700072795153,,,,,,,,3200000,0
1791252665.1996343,444548,initialize_iteration,0,416,16439,1,0,18570752,159383552,143417344,159383552,5.9641997795552015,,,,,,,,3200000,0
1791252665.206642,444548,initialize_iteration,0,417,16439,1,0,18734592,159383552,143417344,159383552,6.047199945896864,,,,,,,,3200000,0
1791252665.2128003,444548,initialize_iteration,0,418,16439,1,0,18570752,159383552,143417344,159383552,5.9241000562906265,,,,,,,,3200000,0
1791252665.218973,444548,initialize_iteration,0,419,16439,1,0,18734592,159383552,143417344,159383552,5.926699843257666,,,,,,,,3200000,0
1791252665.2276297,444548,initialize_iteration,0,420,16439,1,0,18570752,159383552,143417344,159383552,7.992299972102046,,,,,,,,3200000,0
1791252665.23514,444548,initialize_iteration,0,421,16439,1,0,18734592,159383552,143417344,159383552,7.118500070646405,,,,,,,,3200000,0
1791252665.2423284,444548,initialize_iteration,0,422,16439,1,0,18570752,159383552,143417344,159383552,6.7635998129844666,,,,,,,,3200000,0
1791252665.2498436,444548,initialize_iteration,0,423,16439,1,0,18734592,159383552,143417344,159383552,7.057799957692623,,,,,,,,3200000,0
1791252665.2574925,444548,initialize_iteration,0,424,16439,1,0,18570752,159383552,143417344,159383552,7.3830001056194305,,,,,,,,3200000,0
1791252665.2645051,444548,initialize_iteration,0,425,16439,1,0,18734592,159383552,143417344,159383552,7.048600120469928,,,,,,,,3200000,0
1791252665.2715297,444548,initialize_iteration,0,426,16439,1,0,18570752,159383552,143417344,159383552,5.972200073301792,,,,,,,,3200000,0
1791252665.2780068,444548,initialize_iteration,0,427,16439,1,0,18734592,159383552,143417344,159383552,6.485899910330772,,,,,,,,3200000,0
1791252665.284513,444548,initialize_iteration,0,428,16439,1,0,18570752,159383552,143417344,159383552,6.0455999337136745,,,,,,,,3200000,0
1791252665.2920418,444548,initialize_iteration,0,429,16439,1,0,18734592,159383552,143417344,159383552,7.005899911746383,,,,,,,,3200000,0
1791252665.2992156,444548,initialize_iteration,0,430,16439,1,0,18570752,159383552,143417344,159383552,6.248200079426169,,,,,,,,3200000,0
1791252665.30572,444548,initialize_iteration,0,431,16439,1,0,18734592,159383552,143417344,159383552,6.074000149965286,,,,,,,,3200000,0
1791252665.312518,444548,initialize_iteration,0,432,16439,1,0,18570752,159383552,143417344,159383552,6.354699842631817,,,,,,,,3200000,0
1791252665.319239,444548,initialize_iteration,0,433,16439,1,0,18734592,159383552,143417344,159383552,6.383700063452125,,,,,,,,3200000,0
1791252665.3268142,444548,initialize_iteration,0,434,16439,1,0,18570752,159383552,143417344,159383552,6.725500104948878,,,,,,,,3200000,0
1791252665.3343205,444548,initialize_iteration,0,435,16439,1,0,18734592,159383552,143417344,159383552,6.7951001692563295,,,,,,,,3200000,0
1791252665.3418393,444548,initialize_iteration,0,436,16439,1,0,18570752,159383552,143417344,159383552,8.04059999063611,,,,,,,,3200000,0
1791252665.3528657,444548,initialize_iteration,0,437,16439,1,0,18734592,159383552,143417344,159383552,11.083799879997969,,,,,,,,3200000,0
1791252665.3620648,444548,initialize_iteration,0,438,16439,1,0,18570752,159383552,143417344,159383552,8.117599878460169,,,,,,,,3200000,0
1791252665.3687496,444548,initialize_iteration,0,439,16439,1,0,18734592,159383552,143417344,159383552,6.259000161662698,,,,,,,,3200000,0
1791252665.3772695,444548,initialize_iteration,0,440,16439,1,0,18570752,159383552,143417344,159383552,7.407900178804994,,,,,,,,3200000,0
1791252665.3837779,444548,initialize_iteration,0,441,16439,1,0,18734592,159383552,143417344,159383552,6.347599904984236,,,,,,,,3200000,0
1791252665.3919988,444548,initialize_iteration,0,442,16439,1,0,18570752,159383552,143417344,159383552,8.10600002296269,,,,,,,,3200000,0
1791252665.3986702,444548,initialize_iteration,0,443,16439,1,0,18734592,159383552,143417344,159383552,5.9489000122994184,,,,,,,,3200000,0
1791252665.405689,444548,initialize_iteration,0,444,16439,1,0,18570752,159383552,143417344,159383552,6.534799933433533,,,,,,,,3200000,0
1791252665.4127822,444548,initialize_iteration,0,445,16439,1,0,18734592,159383552,143417344,159383552,6.73130014911294,,,,,,,,3200000,0
1791252665.4208102,444548,initialize_iteration,0,446,16439,1,0,18570752,159383552,143417344,159383552,6.785599980503321,,,,,,,,3200000,0
1791252665.428486,444548,initialize_iteration,0,447,16439,1,0,18734592,159383552,143417344,159383552,7.29420012794435,,,,,,,,3200000,0
1791252665.4349902,444548,initialize_iteration,0,448,16439,1,0,18570752,159383552,143417344,159383552,6.726299878209829,,,,,,,,3200000,0
1791252665.4425886,444548,initialize_iteration,0,449,16439,1,0,18734592,159383552,143417344,159383552,6.9275000132620335,,,,,,,,3200000,0
1791252665.4496138,444548,initialize_iteration,0,450,16439,1,0,18570752,159383552,143417344,159383552,6.481399992480874,,,,,,,,3200000,0
1791252665.4572864,444548,initialize_iteration,0,451,16439,1,0,18734592,159383552,143417344,159383552,7.256300188601017,,,,,,,,3200000,0
1791252665.4642909,444548,initialize_iteration,0,452,16439,1,0,18570752,159383552,143417344,159383552,6.973900133743882,,,,,,,,3200000,0
1791252665.472812,444548,initialize_iteration,0,453,16439,1,0,18734592,159383552,143417344,159383552,6.940700113773346,,,,,,,,3200000,0
1791252665.4799733,444548,initialize_iteration,0,454,16439,1,0,18570752,159383552,143417344,159383552,6.904399953782558,,,,,,,,3200000,0
1791252665.4869835,444548,initialize_iteration,0,455,16439,1,0,18734592,159383552,143417344,159383552,6.0501000843942165,,,,,,,,3200000,0
1791252665.4934986,444548,initialize_iteration,0,456,16439,1,0,18570752,159383552,143417344,159383552,6.8039000034332275,,,,,,,,3200000,0
1791252665.500518,444548,initialize_iteration,0,457,16439,1,0,18734592,159383552,143417344,159383552,6.179900141432881,,,,,,,,3200000,0
1791252665.5065389,444548,initialize_iteration,0,458,16439,1,0,18570752,159383552,143417344,159383552,6.353100063279271,,,,,,,,3200000,0
1791252665.513542,444548,initialize_iteration,0,459,16439,1,0,18734592,159383552,143417344,159383552,6.313999881967902,,,,,,,,3200000,0
1791252665.520789,444548,initialize_iteration,0,460,16439,1,0,18570752,159383552,143417344,159383552,6.534600164741278,,,,,,,,3200000,0
1791252665.5287309,444548,initialize_iteration,0,461,16439,1,0,18734592,159383552,143417344,159383552,7.315600058063865,,,,,,,,3200000,0
1791252665.536232,444548,initialize_iteration,0,462,16439,1,0,18570752,159383552,143417344,159383552,6.606800016015768,,,,,,,,3200000,0
1791252665.5432606,444548,initialize_iteration,0,463,16439,1,0,18734592,159383552,143417344,159383552,7.0010998751968145,,,,,,,,3200000,0
1791252665.5507798,444548,initialize_iteration,0,464,16439,1,0,18570752,159383552,143417344,159383552,6.750799948349595,,,,,,,,3200000,0
1791252665.5580544,444548,initialize_iteration,0,465,16439,1,0,18734592,159383552,143417344,159383552,6.95009995251894,,,,,,,,3200000,0
1791252665.566249,444548,initialize_iteration,0,466,16439,1,0,18570752,159383552,143417344,159383552,7.074799854308367,,,,,,,,3200000,0
1791252665.5772877,444548,initialize_iteration,0,467,16439,1,0,18734592,159383552,143417344,159383552,10.579800000414252,,,,,,,,3200000,0
1791252665.5847976,444548,initialize_iteration,0,468,16439,1,0,18570752,159383552,143417344,159383552,6.944600027054548,,,,,,,,3200000,0
1791252665.5919857,444548,initialize_iteration,0,469,16439,1,0,18734592,159383552,143417344,159383552,7.4182001408189535,,,,,,,,3200000,0
1791252665.6001437,444548,initialize_iteration,0,470,16439,1,0,18570752,159383552,143417344,159383552,6.932599935680628,,,,,,,,3200000,0
1791252665.6073816,444548,initialize_iteration,0,471,16439,1,0,18734592,159383552,143417344,159383552,7.008099928498268,,,,,,,,3200000,0
1791252665.6143844,444548,initialize_iteration,0,472,16439,1,0,18570752,159383552,143417344,159383552,6.90590008161962,,,,,,,,3200000,0
1791252665.6229637,444548,initialize_iteration,0,473,16439,1,0,18734592,159383552,143417344,159383552,7.379799848422408,,,,,,,,3200000,0
1791252665.6309776,444548,initialize_iteration,0,474,16439,1,0,18570752,159383552,143417344,159383552,6.907900096848607,,,,,,,,3200000,0
1791252665.6376777,444548,initialize_iteration,0,475,16439,1,0,18734592,159383552,143417344,159383552,6.4067000057548285,,,,,,,,3200000,0
1791252665.6441867,444548,initialize_iteration,0,476,16439,1,0,18570752,159383552,143417344,159383552,6.981099955737591,,,,,,,,3200000,0
1791252665.6527035,444548,initialize_iteration,0,477,16439,1,0,18734592,159383552,143417344,159383552,6.808700039982796,,,,,,,,3200000,0
1791252665.664257,444548,initialize_iteration,0,478,16439,1,0,18570752,159383552,143417344,159383552,11.576599907130003,,,,,,,,3200000,0
1791252665.6722932,444548,initialize_iteration,0,479,16439,1,0,18734592,159383552,143417344,159383552,7.632700027897954,,,,,,,,3200000,0
1791252665.680813,444548,initialize_iteration,0,480,16439,1,0,18570752,159383552,143417344,159383552,7.744800066575408,,,,,,,,3200000,0
1791252665.6873376,444548,initialize_iteration,0,481,16439,1,0,18734592,159383552,143417344,159383552,6.451399996876717,,,,,,,,3200000,0
1791252665.6958477,444548,initialize_iteration,0,482,16439,1,0,18570752,159383552,143417344,159383552,7.575999945402145,,,,,,,,3200000,0
1791252665.7032418,444548,initialize_iteration,0,483,16439,1,0,18734592,159383552,143417344,159383552,6.965999957174063,,,,,,,,3200000,0
1791252665.7102582,444548,initialize_iteration,0,484,16439,1,0,18570752,159383552,143417344,159383552,7.259800098836422,,,,,,,,3200000,0
1791252665.717796,444548,initialize_iteration,0,485,16439,1,0,18734592,159383552,143417344,159383552,6.752900080755353,,,,,,,,3200000,0
1791252665.7259548,444548,initialize_iteration,0,486,16439,1,0,18570752,159383552,143417344,159383552,7.234999909996986,,,,,,,,3200000,0
1791252665.7320201,444548,initialize_iteration,0,487,16439,1,0,18734592,159383552,143417344,159383552,6.296300096437335,,,,,,,,3200000,0
1791252665.7391937,444548,initialize_iteration,0,488,16439,1,0,18570752,159383552,143417344,159383552,6.562000140547752,,,,,,,,3200000,0
1791252665.7472246,444548,initialize_iteration,0,489,16439,1,0,18734592,159383552,143417344,159383552,7.40820006467402,,,,,,,,3200000,0
1791252665.754735,444548,initialize_iteration,0,490,16439,1,0,18570752,159383552,143417344,159383552,6.504399934783578,,,,,,,,3200000,0
1791252665.7638755,444548,initialize_iteration,0,491,16439,1,0,18734592,159383552,143417344,159383552,8.430099813267589,,,,,,,,3200000,0
1791252665.7716231,444548,initialize_iteration,0,492,16439,1,0,18570752,159383552,143417344,159383552,7.641700096428394,,,,,,,,3200000,0
1791252665.780895,444548,initialize_iteration,0,493,16439,1,0,18734592,159383552,143417344,159383552,7.778099970892072,,,,,,,,3200000,0
1791252665.7867842,444548,initialize_iteration,0,494,16439,1,0,18570752,159383552,143417344,159383552,6.1085999477654696,,,,,,,,3200000,0
1791252665.7947967,444548,initialize_iteration,0,495,16439,1,0,18734592,159383552,143417344,159383552,7.366399979218841,,,,,,,,3200000,0
1791252665.8013172,444548,initialize_iteration,0,496,16439,1,0,18570752,159383552,143417344,159383552,6.43180008046329,,,,,,,,3200000,0
1791252665.8093352,444548,initialize_iteration,0,497,16439,1,0,18734592,159383552,143417344,159383552,6.966200191527605,,,,,,,,3200000,0
1791252665.815841,444548,initialize_iteration,0,498,16439,1,0,18570752,159383552,143417344,159383552,6.168799940496683,,,,,,,,3200000,0
1791252665.8230317,444548,initialize_iteration,0,499,16439,1,0,18734592,159383552,143417344,159383552,6.365200038999319,,,,,,,,3200000,0
1791252665.8295448,444548,initialize_iteration,0,500,16439,1,0,18702848,159383552,143417344,159383552,6.5772999078035355,,,,,,,,3200000,0
1791252665.8391957,444548,retention_densify_plan,0,501,16439,1,0,19822592,159383552,143417344,159383552,,16439,16439,923,923,0,974,4.3836000841110945,3200000,0
1791252665.8537257,444548,upstream_init_densify_prune,0,501,17362,1,0,20741632,159383552,143417344,159383552,,16439,17362,,,,,,3200000,0
1791252665.8537257,444548,initialize_iteration,0,501,17362,1,0,20741632,159383552,143417344,159383552,23.91470014117658,,,,,,,,3200000,0
1791252665.8627336,444548,initialize_iteration,0,502,17362,1,0,18784256,161480704,143417344,161480704,8.439400000497699,,,,,,,,3200000,0
1791252665.8694503,444548,initialize_iteration,0,503,17362,1,0,18948096,161480704,143417344,161480704,6.035699974745512,,,,,,,,3200000,0
1791252665.876985,444548,initialize_iteration,0,504,17362,1,0,18784256,161480704,143417344,161480704,6.919400067999959,,,,,,,,3200000,0
1791252665.883155,444548,initialize_iteration,0,505,17362,1,0,18948096,161480704,143417344,161480704,5.883699981495738,,,,,,,,3200000,0
1791252665.8896623,444548,initialize_iteration,0,506,17362,1,0,18784256,161480704,143417344,161480704,6.338900187984109,,,,,,,,3200000,0
1791252665.8966684,444548,initialize_iteration,0,507,17362,1,0,18948096,161480704,143417344,161480704,5.888600135222077,,,,,,,,3200000,0
1791252665.9028254,444548,initialize_iteration,0,508,17362,1,0,18784256,161480704,143417344,161480704,6.1645000241696835,,,,,,,,3200000,0
1791252665.9093387,444548,initialize_iteration,0,509,17362,1,0,18948096,161480704,143417344,161480704,6.277299951761961,,,,,,,,3200000,0
1791252665.9158437,444548,initialize_iteration,0,510,17362,1,0,18784256,161480704,143417344,161480704,5.929199978709221,,,,,,,,3200000,0
1791252665.9228559,444548,initialize_iteration,0,511,17362,1,0,18948096,161480704,143417344,161480704,5.96830016002059,,,,,,,,3200000,0
1791252665.930073,444548,initialize_iteration,0,512,17362,1,0,18784256,161480704,143417344,161480704,6.813200190663338,,,,,,,,3200000,0
1791252665.9366288,444548,initialize_iteration,0,513,17362,1,0,18948096,161480704,143417344,161480704,6.405599880963564,,,,,,,,3200000,0
1791252665.9432726,444548,initialize_iteration,0,514,17362,1,0,18784256,161480704,143417344,161480704,6.792400032281876,,,,,,,,3200000,0
1791252665.9506195,444548,initialize_iteration,0,515,17362,1,0,18948096,161480704,143417344,161480704,6.499000126495957,,,,,,,,3200000,0
1791252665.959638,444548,initialize_iteration,0,516,17362,1,0,18784256,161480704,143417344,161480704,8.429500041529536,,,,,,,,3200000,0
1791252665.9722397,444548,initialize_iteration,0,517,17362,1,0,18948096,161480704,143417344,161480704,12.16679997742176,,,,,,,,3200000,0
1791252665.982369,444548,initialize_iteration,0,518,17362,1,0,18784256,161480704,143417344,161480704,8.856099797412753,,,,,,,,3200000,0
1791252665.9924278,444548,initialize_iteration,0,519,17362,1,0,18948096,161480704,143417344,161480704,10.038699954748154,,,,,,,,3200000,0
1791252666.0001173,444548,initialize_iteration,0,520,17362,1,0,18784256,161480704,143417344,161480704,7.90460011921823,,,,,,,,3200000,0
1791252666.0082836,444548,initialize_iteration,0,521,17362,1,0,18948096,161480704,143417344,161480704,6.856400053948164,,,,,,,,3200000,0
1791252666.0158176,444548,initialize_iteration,0,522,17362,1,0,18784256,161480704,143417344,161480704,6.699899910017848,,,,,,,,3200000,0
1791252666.0223308,444548,initialize_iteration,0,523,17362,1,0,18948096,161480704,143417344,161480704,6.903199944645166,,,,,,,,3200000,0
1791252666.0314932,444548,initialize_iteration,0,524,17362,1,0,18784256,161480704,143417344,161480704,8.261800045147538,,,,,,,,3200000,0
1791252666.037638,444548,initialize_iteration,0,525,17362,1,0,18948096,161480704,143417344,161480704,6.526200100779533,,,,,,,,3200000,0
1791252666.0461586,444548,initialize_iteration,0,526,17362,1,0,18784256,161480704,143417344,161480704,7.05979997292161,,,,,,,,3200000,0
1791252666.05269,444548,initialize_iteration,0,527,17362,1,0,18948096,161480704,143417344,161480704,6.76960009150207,,,,,,,,3200000,0
1791252666.06141,444548,initialize_iteration,0,528,17362,1,0,18784256,161480704,143417344,161480704,7.757399929687381,,,,,,,,3200000,0
1791252666.0694187,444548,initialize_iteration,0,529,17362,1,0,18948096,161480704,143417344,161480704,6.915200036019087,,,,,,,,3200000,0
1791252666.077614,444548,initialize_iteration,0,530,17362,1,0,18784256,161480704,143417344,161480704,7.814900018274784,,,,,,,,3200000,0
1791252666.0851476,444548,initialize_iteration,0,531,17362,1,0,18948096,161480704,143417344,161480704,7.048900006338954,,,,,,,,3200000,0
1791252666.0946636,444548,initialize_iteration,0,532,17362,1,0,18784256,161480704,143417344,161480704,9.441300062462687,,,,,,,,3200000,0
1791252666.107429,444548,initialize_iteration,0,533,17362,1,0,18948096,161480704,143417344,161480704,11.861099861562252,,,,,,,,3200000,0
1791252666.1159413,444548,initialize_iteration,0,534,17362,1,0,18784256,161480704,143417344,161480704,8.084699977189302,,,,,,,,3200000,0
1791252666.1245167,444548,initialize_iteration,0,535,17362,1,0,18948096,161480704,143417344,161480704,7.668300066143274,,,,,,,,3200000,0
1791252666.1320279,444548,initialize_iteration,0,536,17362,1,0,18784256,161480704,143417344,161480704,7.170200115069747,,,,,,,,3200000,0
1791252666.139845,444548,initialize_iteration,0,537,17362,1,0,18948096,161480704,143417344,161480704,7.860100129619241,,,,,,,,3200000,0
1791252666.14738,444548,initialize_iteration,0,538,17362,1,0,18784256,161480704,143417344,161480704,6.826299941167235,,,,,,,,3200000,0
1791252666.1549103,444548,initialize_iteration,0,539,17362,1,0,18948096,161480704,143417344,161480704,7.064400007948279,,,,,,,,3200000,0
1791252666.1630878,444548,initialize_iteration,0,540,17362,1,0,18784256,161480704,143417344,161480704,7.58580002002418,,,,,,,,3200000,0
1791252666.1695952,444548,initialize_iteration,0,541,17362,1,0,18948096,161480704,143417344,161480704,6.759299896657467,,,,,,,,3200000,0
1791252666.1771085,444548,initialize_iteration,0,542,17362,1,0,18784256,161480704,143417344,161480704,7.160600041970611,,,,,,,,3200000,0
1791252666.185121,444548,initialize_iteration,0,543,17362,1,0,18948096,161480704,143417344,161480704,6.984600098803639,,,,,,,,3200000,0
1791252666.1936276,444548,initialize_iteration,0,544,17362,1,0,18784256,161480704,143417344,161480704,7.749899988994002,,,,,,,,3200000,0
1791252666.199637,444548,initialize_iteration,0,545,17362,1,0,18948096,161480704,143417344,161480704,6.753799971193075,,,,,,,,3200000,0
1791252666.207658,444548,initialize_iteration,0,546,17362,1,0,18784256,161480704,143417344,161480704,6.877199979498982,,,,,,,,3200000,0
1791252666.214699,444548,initialize_iteration,0,547,17362,1,0,18948096,161480704,143417344,161480704,6.947000045329332,,,,,,,,3200000,0
1791252666.222364,444548,initialize_iteration,0,548,17362,1,0,18784256,161480704,143417344,161480704,6.811399944126606,,,,,,,,3200000,0
1791252666.2305536,444548,initialize_iteration,0,549,17362,1,0,18948096,161480704,143417344,161480704,7.777199847623706,,,,,,,,3200000,0
1791252666.2382286,444548,initialize_iteration,0,550,17362,1,0,18784256,161480704,143417344,161480704,7.392300060018897,,,,,,,,3200000,0
1791252666.2482877,444548,initialize_iteration,0,551,17362,1,0,18948096,161480704,143417344,161480704,9.646099992096424,,,,,,,,3200000,0
1791252666.2607572,444548,initialize_iteration,0,552,17362,1,0,18784256,161480704,143417344,161480704,12.122999876737595,,,,,,,,3200000,0
1791252666.269273,444548,initialize_iteration,0,553,17362,1,0,18948096,161480704,143417344,161480704,7.380499970167875,,,,,,,,3200000,0
1791252666.2772913,444548,initialize_iteration,0,554,17362,1,0,18784256,161480704,143417344,161480704,7.822900079190731,,,,,,,,3200000,0
1791252666.2857995,444548,initialize_iteration,0,555,17362,1,0,18948096,161480704,143417344,161480704,7.212100084871054,,,,,,,,3200000,0
1791252666.2943192,444548,initialize_iteration,0,556,17362,1,0,18784256,161480704,143417344,161480704,7.973800180479884,,,,,,,,3200000,0
1791252666.301522,444548,initialize_iteration,0,557,17362,1,0,18948096,161480704,143417344,161480704,7.590500172227621,,,,,,,,3200000,0
1791252666.308559,444548,initialize_iteration,0,558,17362,1,0,18784256,161480704,143417344,161480704,6.8073999136686325,,,,,,,,3200000,0
1791252666.3165648,444548,initialize_iteration,0,559,17362,1,0,18948096,161480704,143417344,161480704,6.8743000738322735,,,,,,,,3200000,0
1791252666.3238575,444548,initialize_iteration,0,560,17362,1,0,18784256,161480704,143417344,161480704,7.28459982201457,,,,,,,,3200000,0
1791252666.3320491,444548,initialize_iteration,0,561,17362,1,0,18948096,161480704,143417344,161480704,7.505299989134073,,,,,,,,3200000,0
1791252666.33909,444548,initialize_iteration,0,562,17362,1,0,18784256,161480704,143417344,161480704,6.736899958923459,,,,,,,,3200000,0
1791252666.3481097,444548,initialize_iteration,0,563,17362,1,0,18948096,161480704,143417344,161480704,8.239600108936429,,,,,,,,3200000,0
1791252666.3561215,444548,initialize_iteration,0,564,17362,1,0,18784256,161480704,143417344,161480704,7.375800050795078,,,,,,,,3200000,0
1791252666.3642948,444548,initialize_iteration,0,565,17362,1,0,18948096,161480704,143417344,161480704,7.701799971982837,,,,,,,,3200000,0
1791252666.3723826,444548,initialize_iteration,0,566,17362,1,0,18784256,161480704,143417344,161480704,7.278000004589558,,,,,,,,3200000,0
1791252666.381979,444548,initialize_iteration,0,567,17362,1,0,18948096,161480704,143417344,161480704,8.803100092336535,,,,,,,,3200000,0
1791252666.3932638,444548,initialize_iteration,0,568,17362,1,0,18784256,161480704,143417344,161480704,10.980900144204497,,,,,,,,3200000,0
1791252666.401277,444548,initialize_iteration,0,569,17362,1,0,18948096,161480704,143417344,161480704,7.382300216704607,,,,,,,,3200000,0
1791252666.407798,444548,initialize_iteration,0,570,17362,1,0,18784256,161480704,143417344,161480704,6.775300018489361,,,,,,,,3200000,0
1791252666.4163115,444548,initialize_iteration,0,571,17362,1,0,18948096,161480704,143417344,161480704,7.452499819919467,,,,,,,,3200000,0
1791252666.4234567,444548,initialize_iteration,0,572,17362,1,0,18784256,161480704,143417344,161480704,7.135200081393123,,,,,,,,3200000,0
1791252666.430625,444548,initialize_iteration,0,573,17362,1,0,18948096,161480704,143417344,161480704,7.020900025963783,,,,,,,,3200000,0
1791252666.4386337,444548,initialize_iteration,0,574,17362,1,0,18784256,161480704,143417344,161480704,7.017000112682581,,,,,,,,3200000,0
1791252666.4466412,444548,initialize_iteration,0,575,17362,1,0,18948096,161480704,143417344,161480704,7.101499941200018,,,,,,,,3200000,0
1791252666.454165,444548,initialize_iteration,0,576,17362,1,0,18784256,161480704,143417344,161480704,7.008600048720837,,,,,,,,3200000,0
1791252666.4621806,444548,initialize_iteration,0,577,17362,1,0,18948096,161480704,143417344,161480704,7.623399840667844,,,,,,,,3200000,0
1791252666.4691887,444548,initialize_iteration,0,578,17362,1,0,18784256,161480704,143417344,161480704,6.7044999450445175,,,,,,,,3200000,0
1791252666.4766965,444548,initialize_iteration,0,579,17362,1,0,18948096,161480704,143417344,161480704,7.093300111591816,,,,,,,,3200000,0
1791252666.4839013,444548,initialize_iteration,0,580,17362,1,0,18784256,161480704,143417344,161480704,6.883400026708841,,,,,,,,3200000,0
1791252666.4922094,444548,initialize_iteration,0,581,17362,1,0,18948096,161480704,143417344,161480704,7.596899988129735,,,,,,,,3200000,0
1791252666.5003355,444548,initialize_iteration,0,582,17362,1,0,18784256,161480704,143417344,161480704,7.475699996575713,,,,,,,,3200000,0
1791252666.5068486,444548,initialize_iteration,0,583,17362,1,0,18948096,161480704,143417344,161480704,6.824500160291791,,,,,,,,3200000,0
1791252666.5148659,444548,initialize_iteration,0,584,17362,1,0,18784256,161480704,143417344,161480704,7.27790012024343,,,,,,,,3200000,0
1791252666.5223777,444548,initialize_iteration,0,585,17362,1,0,18948096,161480704,143417344,161480704,7.162600057199597,,,,,,,,3200000,0
1791252666.53039,444548,initialize_iteration,0,586,17362,1,0,18784256,161480704,143417344,161480704,7.557599805295467,,,,,,,,3200000,0
1791252666.5368986,444548,initialize_iteration,0,587,17362,1,0,18948096,161480704,143417344,161480704,6.437600124627352,,,,,,,,3200000,0
1791252666.5449994,444548,initialize_iteration,0,588,17362,1,0,18784256,161480704,143417344,161480704,7.2465999983251095,,,,,,,,3200000,0
1791252666.5521693,444548,initialize_iteration,0,589,17362,1,0,18948096,161480704,143417344,161480704,6.789800012484193,,,,,,,,3200000,0
1791252666.5604136,444548,initialize_iteration,0,590,17362,1,0,18784256,161480704,143417344,161480704,7.600600132718682,,,,,,,,3200000,0
1791252666.566858,444548,initialize_iteration,0,591,17362,1,0,18948096,161480704,143417344,161480704,6.82140002027154,,,,,,,,3200000,0
1791252666.5752354,444548,initialize_iteration,0,592,17362,1,0,18784256,161480704,143417344,161480704,7.192600052803755,,,,,,,,3200000,0
1791252666.5833206,444548,initialize_iteration,0,593,17362,1,0,18948096,161480704,143417344,161480704,7.927699945867062,,,,,,,,3200000,0
1791252666.5918388,444548,initialize_iteration,0,594,17362,1,0,18784256,161480704,143417344,161480704,7.323599886149168,,,,,,,,3200000,0
1791252666.6028552,444548,initialize_iteration,0,595,17362,1,0,18948096,161480704,143417344,161480704,11.264300206676126,,,,,,,,3200000,0
1791252666.6126375,444548,initialize_iteration,0,596,17362,1,0,18784256,161480704,143417344,161480704,8.685499895364046,,,,,,,,3200000,0
1791252666.621686,444548,initialize_iteration,0,597,17362,1,0,18948096,161480704,143417344,161480704,8.766000159084797,,,,,,,,3200000,0
1791252666.6316981,444548,initialize_iteration,0,598,17362,1,0,18784256,161480704,143417344,161480704,9.16070002131164,,,,,,,,3200000,0
1791252666.642429,444548,initialize_iteration,0,599,17362,1,0,18948096,161480704,143417344,161480704,9.527900023385882,,,,,,,,3200000,0
1791252666.6526904,444548,initialize_iteration,0,600,17362,1,0,18784256,161480704,143417344,161480704,10.086100082844496,,,,,,,,3200000,0
1791252666.66674,444548,retention_densify_plan,0,601,17362,1,0,20094976,161480704,143417344,161480704,,17362,17362,532,532,0,589,6.521000061184168,3200000,0
1791252666.6826022,444548,upstream_init_densify_prune,0,601,17887,1,0,20990464,161480704,143417344,161480704,,17362,17887,,,,,,3200000,0
1791252666.6836035,444548,initialize_iteration,0,601,17887,1,0,20990464,161480704,143417344,161480704,30.67830018699169,,,,,,,,3200000,0
1791252666.6916327,444548,initialize_iteration,0,602,17887,1,0,18912256,161480704,143417344,161480704,7.9888999462127686,,,,,,,,3200000,0
1791252666.7006505,444548,initialize_iteration,0,603,17887,1,0,19076096,161480704,143417344,161480704,8.055799873545766,,,,,,,,3200000,0
1791252666.7092214,444548,initialize_iteration,0,604,17887,1,0,18912256,161480704,143417344,161480704,8.422299986705184,,,,,,,,3200000,0
1791252666.7173765,444548,initialize_iteration,0,605,17887,1,0,19076096,161480704,143417344,161480704,7.666299818083644,,,,,,,,3200000,0
1791252666.7258837,444548,initialize_iteration,0,606,17887,1,0,18912256,161480704,143417344,161480704,7.266300031915307,,,,,,,,3200000,0
1791252666.7328923,444548,initialize_iteration,0,607,17887,1,0,19076096,161480704,143417344,161480704,7.2051000315696,,,,,,,,3200000,0
1791252666.7395382,444548,initialize_iteration,0,608,17887,1,0,18912256,161480704,143417344,161480704,6.985799875110388,,,,,,,,3200000,0
1791252666.7480729,444548,initialize_iteration,0,609,17887,1,0,19076096,161480704,143417344,161480704,7.331299828365445,,,,,,,,3200000,0
1791252666.7560797,444548,initialize_iteration,0,610,17887,1,0,18912256,161480704,143417344,161480704,7.140999892726541,,,,,,,,3200000,0
1791252666.7645893,444548,initialize_iteration,0,611,17887,1,0,19076096,161480704,143417344,161480704,7.90890003554523,,,,,,,,3200000,0
1791252666.7721488,444548,initialize_iteration,0,612,17887,1,0,18912256,161480704,143417344,161480704,7.053200155496597,,,,,,,,3200000,0
1791252666.7800508,444548,initialize_iteration,0,613,17887,1,0,19076096,161480704,143417344,161480704,7.362400181591511,,,,,,,,3200000,0
1791252666.7875848,444548,initialize_iteration,0,614,17887,1,0,18912256,161480704,143417344,161480704,7.048700004816055,,,,,,,,3200000,0
1791252666.7945995,444548,initialize_iteration,0,615,17887,1,0,19076096,161480704,143417344,161480704,7.791500072926283,,,,,,,,3200000,0
1791252666.8027875,444548,initialize_iteration,0,616,17887,1,0,18912256,161480704,143417344,161480704,7.015699986368418,,,,,,,,3200000,0
1791252666.8106492,444548,initialize_iteration,0,617,17887,1,0,19076096,161480704,143417344,161480704,7.482599932700396,,,,,,,,3200000,0
1791252666.818159,444548,initialize_iteration,0,618,17887,1,0,18912256,161480704,143417344,161480704,6.741599878296256,,,,,,,,3200000,0
1791252666.8267121,444548,initialize_iteration,0,619,17887,1,0,19076096,161480704,143417344,161480704,7.969400146976113,,,,,,,,3200000,0
1791252666.833719,444548,initialize_iteration,0,620,17887,1,0,18912256,161480704,143417344,161480704,7.439399836584926,,,,,,,,3200000,0
1791252666.8413868,444548,initialize_iteration,0,621,17887,1,0,19076096,161480704,143417344,161480704,6.724700098857284,,,,,,,,3200000,0
1791252666.8516276,444548,initialize_iteration,0,622,17887,1,0,18912256,161480704,143417344,161480704,9.695899905636907,,,,,,,,3200000,0
1791252666.862709,444548,initialize_iteration,0,623,17887,1,0,19076096,161480704,143417344,161480704,11.151199927553535,,,,,,,,3200000,0
1791252666.86989,444548,initialize_iteration,0,624,17887,1,0,18912256,161480704,143417344,161480704,6.697299890220165,,,,,,,,3200000,0
1791252666.8774056,444548,initialize_iteration,0,625,17887,1,0,19076096,161480704,143417344,161480704,6.835700012743473,,,,,,,,3200000,0
1791252666.8849201,444548,initialize_iteration,0,626,17887,1,0,18912256,161480704,143417344,161480704,6.735500181093812,,,,,,,,3200000,0
1791252666.891929,444548,initialize_iteration,0,627,17887,1,0,19076096,161480704,143417344,161480704,6.92349998280406,,,,,,,,3200000,0
1791252666.8999522,444548,initialize_iteration,0,628,17887,1,0,18912256,161480704,143417344,161480704,7.554600015282631,,,,,,,,3200000,0
1791252666.9109836,444548,initialize_iteration,0,629,17887,1,0,19076096,161480704,143417344,161480704,10.454999981448054,,,,,,,,3200000,0
1791252666.9185615,444548,initialize_iteration,0,630,17887,1,0,18912256,161480704,143417344,161480704,7.177500054240227,,,,,,,,3200000,0
1791252666.927246,444548,initialize_iteration,0,631,17887,1,0,19076096,161480704,143417344,161480704,8.031700039282441,,,,,,,,3200000,0
1791252666.9348767,444548,initialize_iteration,0,632,17887,1,0,18912256,161480704,143417344,161480704,7.22300005145371,,,,,,,,3200000,0
1791252666.942395,444548,initialize_iteration,0,633,17887,1,0,19076096,161480704,143417344,161480704,7.074499968439341,,,,,,,,3200000,0
1791252666.9499073,444548,initialize_iteration,0,634,17887,1,0,18912256,161480704,143417344,161480704,6.854499923065305,,,,,,,,3200000,0
1791252666.9569132,444548,initialize_iteration,0,635,17887,1,0,19076096,161480704,143417344,161480704,6.674000062048435,,,,,,,,3200000,0
1791252666.9645429,444548,initialize_iteration,0,636,17887,1,0,18912256,161480704,143417344,161480704,7.429700111970305,,,,,,,,3200000,0
1791252666.971262,444548,initialize_iteration,0,637,17887,1,0,19076096,161480704,143417344,161480704,6.729199783876538,,,,,,,,3200000,0
1791252666.979655,444548,initialize_iteration,0,638,17887,1,0,18912256,161480704,143417344,161480704,6.924299988895655,,,,,,,,3200000,0
1791252666.986666,444548,initialize_iteration,0,639,17887,1,0,19076096,161480704,143417344,161480704,6.632099859416485,,,,,,,,3200000,0
1791252666.993731,444548,initialize_iteration,0,640,17887,1,0,18912256,161480704,143417344,161480704,7.287600077688694,,,,,,,,3200000,0
1791252667.001404,444548,initialize_iteration,0,641,17887,1,0,19076096,161480704,143417344,161480704,6.719900062307715,,,,,,,,3200000,0
1791252667.0084157,444548,initialize_iteration,0,642,17887,1,0,18912256,161480704,143417344,161480704,6.75129983574152,,,,,,,,3200000,0
1791252667.015473,444548,initialize_iteration,0,643,17887,1,0,19076096,161480704,143417344,161480704,6.6148999612778425,,,,,,,,3200000,0
1791252667.0225072,444548,initialize_iteration,0,644,17887,1,0,18912256,161480704,143417344,161480704,6.602799985557795,,,,,,,,3200000,0
1791252667.0301764,444548,initialize_iteration,0,645,17887,1,0,19076096,161480704,143417344,161480704,7.303100079298019,,,,,,,,3200000,0
1791252667.0373244,444548,initialize_iteration,0,646,17887,1,0,18912256,161480704,143417344,161480704,6.860699970275164,,,,,,,,3200000,0
1791252667.0438323,444548,initialize_iteration,0,647,17887,1,0,19076096,161480704,143417344,161480704,6.731499917805195,,,,,,,,3200000,0
1791252667.0513644,444548,initialize_iteration,0,648,17887,1,0,18912256,161480704,143417344,161480704,6.6049001179635525,,,,,,,,3200000,0
1791252667.0583777,444548,initialize_iteration,0,649,17887,1,0,19076096,161480704,143417344,161480704,7.206199923530221,,,,,,,,3200000,0
1791252667.0658786,444548,initialize_iteration,0,650,17887,1,0,18912256,161480704,143417344,161480704,7.044499972835183,,,,,,,,3200000,0
1791252667.0738893,444548,initialize_iteration,0,651,17887,1,0,19076096,161480704,143417344,161480704,6.9784000515937805,,,,,,,,3200000,0
1791252667.0814342,444548,initialize_iteration,0,652,17887,1,0,18912256,161480704,143417344,161480704,7.826699875295162,,,,,,,,3200000,0
1791252667.089651,444548,initialize_iteration,0,653,17887,1,0,19076096,161480704,143417344,161480704,6.83770002797246,,,,,,,,3200000,0
1791252667.0976636,444548,initialize_iteration,0,654,17887,1,0,18912256,161480704,143417344,161480704,8.253899868577719,,,,,,,,3200000,0
1791252667.1061914,444548,initialize_iteration,0,655,17887,1,0,19076096,161480704,143417344,161480704,6.992099806666374,,,,,,,,3200000,0
1791252667.1137846,444548,initialize_iteration,0,656,17887,1,0,18912256,161480704,143417344,161480704,7.620700169354677,,,,,,,,3200000,0
1791252667.1210072,444548,initialize_iteration,0,657,17887,1,0,19076096,161480704,143417344,161480704,6.734600057825446,,,,,,,,3200000,0
1791252667.128521,444548,initialize_iteration,0,658,17887,1,0,18912256,161480704,143417344,161480704,7.226200075820088,,,,,,,,3200000,0
1791252667.1360989,444548,initialize_iteration,0,659,17887,1,0,19076096,161480704,143417344,161480704,6.980099948123097,,,,,,,,3200000,0
1791252667.1432643,444548,initialize_iteration,0,660,17887,1,0,18912256,161480704,143417344,161480704,7.259800098836422,,,,,,,,3200000,0
1791252667.152297,444548,initialize_iteration,0,661,17887,1,0,19076096,161480704,143417344,161480704,7.8269001096487045,,,,,,,,3200000,0
1791252667.160446,444548,initialize_iteration,0,662,17887,1,0,18912256,161480704,143417344,161480704,7.748299976810813,,,,,,,,3200000,0
1791252667.1676068,444548,initialize_iteration,0,663,17887,1,0,19076096,161480704,143417344,161480704,7.3668998666107655,,,,,,,,3200000,0
1791252667.1756139,444548,initialize_iteration,0,664,17887,1,0,18912256,161480704,143417344,161480704,6.903999950736761,,,,,,,,3200000,0
1791252667.182717,444548,initialize_iteration,0,665,17887,1,0,19076096,161480704,143417344,161480704,6.995399948209524,,,,,,,,3200000,0
1791252667.189828,444548,initialize_iteration,0,666,17887,1,0,18912256,161480704,143417344,161480704,6.7667001858353615,,,,,,,,3200000,0
1791252667.1985116,444548,initialize_iteration,0,667,17887,1,0,19076096,161480704,143417344,161480704,8.148600114509463,,,,,,,,3200000,0
1791252667.2060215,444548,initialize_iteration,0,668,17887,1,0,18912256,161480704,143417344,161480704,6.794600049033761,,,,,,,,3200000,0
1791252667.2130363,444548,initialize_iteration,0,669,17887,1,0,19076096,161480704,143417344,161480704,6.993999937549233,,,,,,,,3200000,0
1791252667.2202387,444548,initialize_iteration,0,670,17887,1,0,18912256,161480704,143417344,161480704,7.1131999138742685,,,,,,,,3200000,0
1791252667.2299917,444548,initialize_iteration,0,671,17887,1,0,19076096,161480704,143417344,161480704,8.574499981477857,,,,,,,,3200000,0
1791252667.2385135,444548,initialize_iteration,0,672,17887,1,0,18912256,161480704,143417344,161480704,7.83309992402792,,,,,,,,3200000,0
1791252667.2470212,444548,initialize_iteration,0,673,17887,1,0,19076096,161480704,143417344,161480704,7.896100170910358,,,,,,,,3200000,0
1791252667.255049,444548,initialize_iteration,0,674,17887,1,0,18912256,161480704,143417344,161480704,7.4547999538481236,,,,,,,,3200000,0
1791252667.262639,444548,initialize_iteration,0,675,17887,1,0,19076096,161480704,143417344,161480704,7.923000026494265,,,,,,,,3200000,0
1791252667.271346,444548,initialize_iteration,0,676,17887,1,0,18912256,161480704,143417344,161480704,7.6419999822974205,,,,,,,,3200000,0
1791252667.2788763,444548,initialize_iteration,0,677,17887,1,0,19076096,161480704,143417344,161480704,7.053200155496597,,,,,,,,3200000,0
1791252667.2858827,444548,initialize_iteration,0,678,17887,1,0,18912256,161480704,143417344,161480704,6.741699995473027,,,,,,,,3200000,0
1791252667.293432,444548,initialize_iteration,0,679,17887,1,0,19076096,161480704,143417344,161480704,7.0674000307917595,,,,,,,,3200000,0
1791252667.301119,444548,initialize_iteration,0,680,17887,1,0,18912256,161480704,143417344,161480704,6.840900052338839,,,,,,,,3200000,0
1791252667.308168,444548,initialize_iteration,0,681,17887,1,0,19076096,161480704,143417344,161480704,6.849199999123812,,,,,,,,3200000,0
1791252667.315695,444548,initialize_iteration,0,682,17887,1,0,18912256,161480704,143417344,161480704,7.384099997580051,,,,,,,,3200000,0
1791252667.3234625,444548,initialize_iteration,0,683,17887,1,0,19076096,161480704,143417344,161480704,7.251099916175008,,,,,,,,3200000,0
1791252667.3314977,444548,initialize_iteration,0,684,17887,1,0,18912256,161480704,143417344,161480704,8.046799805015326,,,,,,,,3200000,0
1791252667.3395097,444548,initialize_iteration,0,685,17887,1,0,19076096,161480704,143417344,161480704,6.954600103199482,,,,,,,,3200000,0
1791252667.3476708,444548,initialize_iteration,0,686,17887,1,0,18912256,161480704,143417344,161480704,7.8131998889148235,,,,,,,,3200000,0
1791252667.3541977,444548,initialize_iteration,0,687,17887,1,0,19076096,161480704,143417344,161480704,7.240299833938479,,,,,,,,3200000,0
1791252667.3637238,444548,initialize_iteration,0,688,17887,1,0,18912256,161480704,143417344,161480704,7.979799993336201,,,,,,,,3200000,0
1791252667.3722389,444548,initialize_iteration,0,689,17887,1,0,19076096,161480704,143417344,161480704,7.664799923077226,,,,,,,,3200000,0
1791252667.3807979,444548,initialize_iteration,0,690,17887,1,0,18912256,161480704,143417344,161480704,7.824299857020378,,,,,,,,3200000,0
1791252667.38847,444548,initialize_iteration,0,691,17887,1,0,19076096,161480704,143417344,161480704,7.572300033643842,,,,,,,,3200000,0
1791252667.3959868,444548,initialize_iteration,0,692,17887,1,0,18912256,161480704,143417344,161480704,7.147500058636069,,,,,,,,3200000,0
1791252667.4050283,444548,initialize_iteration,0,693,17887,1,0,19076096,161480704,143417344,161480704,8.218999952077866,,,,,,,,3200000,0
1791252667.4157164,444548,initialize_iteration,0,694,17887,1,0,18912256,161480704,143417344,161480704,10.60379995033145,,,,,,,,3200000,0
1791252667.4232259,444548,initialize_iteration,0,695,17887,1,0,19076096,161480704,143417344,161480704,7.526499917730689,,,,,,,,3200000,0
1791252667.4312499,444548,initialize_iteration,0,696,17887,1,0,18912256,161480704,143417344,161480704,7.476900005713105,,,,,,,,3200000,0
1791252667.4412768,444548,initialize_iteration,0,697,17887,1,0,19076096,161480704,143417344,161480704,9.342700010165572,,,,,,,,3200000,0
1791252667.4502995,444548,initialize_iteration,0,698,17887,1,0,18912256,161480704,143417344,161480704,8.553799940273166,,,,,,,,3200000,0
1791252667.4593294,444548,initialize_iteration,0,699,17887,1,0,19076096,161480704,143417344,161480704,7.543800165876746,,,,,,,,3200000,0
1791252667.4668372,444548,initialize_iteration,0,700,17887,1,0,18912256,161480704,143417344,161480704,7.459100103005767,,,,,,,,3200000,0
1791252667.480412,444548,retention_densify_plan,0,701,17887,1,0,20258304,161480704,143417344,161480704,,17887,17887,771,771,0,818,6.809199927374721,3200000,0
1791252667.4945705,444548,upstream_init_densify_prune,0,701,18655,1,0,21220352,161480704,143417344,161480704,,17887,18655,,,,,,3200000,0
1791252667.4945705,444548,initialize_iteration,0,701,18655,1,0,21220352,161480704,143417344,161480704,28.02460012026131,,,,,,,,3200000,0
1791252667.5025826,444548,initialize_iteration,0,702,18655,1,0,19094528,161480704,143417344,161480704,7.070299936458468,,,,,,,,3200000,0
1791252667.5102794,444548,initialize_iteration,0,703,18655,1,0,19258368,161480704,143417344,161480704,6.82010012678802,,,,,,,,3200000,0
1791252667.5174346,444548,initialize_iteration,0,704,18655,1,0,19094528,161480704,143417344,161480704,6.808900041505694,,,,,,,,3200000,0
1791252667.5239453,444548,initialize_iteration,0,705,18655,1,0,19258368,161480704,143417344,161480704,7.030499866232276,,,,,,,,3200000,0
1791252667.5329764,444548,initialize_iteration,0,706,18655,1,0,19094528,161480704,143417344,161480704,7.304599974304438,,,,,,,,3200000,0
1791252667.5390399,444548,initialize_iteration,0,707,18655,1,0,19258368,161480704,143417344,161480704,6.8102998193353415,,,,,,,,3200000,0
1791252667.5471926,444548,initialize_iteration,0,708,18655,1,0,19094528,161480704,143417344,161480704,7.377099944278598,,,,,,,,3200000,0
1791252667.554713,444548,initialize_iteration,0,709,18655,1,0,19258368,161480704,143417344,161480704,6.9870001170784235,,,,,,,,3200000,0
1791252667.5623062,444548,initialize_iteration,0,710,18655,1,0,19094528,161480704,143417344,161480704,7.467399816960096,,,,,,,,3200000,0
1791252667.5704541,444548,initialize_iteration,0,711,18655,1,0,19258368,161480704,143417344,161480704,6.854099920019507,,,,,,,,3200000,0
1791252667.5786383,444548,initialize_iteration,0,712,18655,1,0,19094528,161480704,143417344,161480704,7.794600212946534,,,,,,,,3200000,0
1791252667.585667,444548,initialize_iteration,0,713,18655,1,0,19258368,161480704,143417344,161480704,7.266799919307232,,,,,,,,3200000,0
1791252667.5952709,444548,initialize_iteration,0,714,18655,1,0,19094528,161480704,143417344,161480704,8.426100015640259,,,,,,,,3200000,0
1791252667.6028075,444548,initialize_iteration,0,715,18655,1,0,19258368,161480704,143417344,161480704,7.525299908593297,,,,,,,,3200000,0
1791252667.61084,444548,initialize_iteration,0,716,18655,1,0,19094528,161480704,143417344,161480704,7.668799953535199,,,,,,,,3200000,0
1791252667.6193514,444548,initialize_iteration,0,717,18655,1,0,19258368,161480704,143417344,161480704,7.346400059759617,,,,,,,,3200000,0
1791252667.6268718,444548,initialize_iteration,0,718,18655,1,0,19094528,161480704,143417344,161480704,7.244499865919352,,,,,,,,3200000,0
1791252667.6348817,444548,initialize_iteration,0,719,18655,1,0,19258368,161480704,143417344,161480704,7.4628000147640705,,,,,,,,3200000,0
1791252667.644587,444548,initialize_iteration,0,720,18655,1,0,19094528,161480704,143417344,161480704,9.589399909600616,,,,,,,,3200000,0
1791252667.6527119,444548,initialize_iteration,0,721,18655,1,0,19258368,161480704,143417344,161480704,7.765999995172024,,,,,,,,3200000,0
1791252667.6617255,444548,initialize_iteration,0,722,18655,1,0,19094528,161480704,143417344,161480704,8.245900040492415,,,,,,,,3200000,0
1791252667.6694126,444548,initialize_iteration,0,723,18655,1,0,19258368,161480704,143417344,161480704,7.261000107973814,,,,,,,,3200000,0
1791252667.6784246,444548,initialize_iteration,0,724,18655,1,0,19094528,161480704,143417344,161480704,7.793700089678168,,,,,,,,3200000,0
1791252667.68745,444548,initialize_iteration,0,725,18655,1,0,19258368,161480704,143417344,161480704,8.773499866947532,,,,,,,,3200000,0
1791252667.6996439,444548,initialize_iteration,0,726,18655,1,0,19094528,161480704,143417344,161480704,11.691099964082241,,,,,,,,3200000,0
1791252667.7118535,444548,initialize_iteration,0,727,18655,1,0,19258368,161480704,143417344,161480704,11.801199987530708,,,,,,,,3200000,0
1791252667.7208705,444548,initialize_iteration,0,728,18655,1,0,19094528,161480704,143417344,161480704,7.849500048905611,,,,,,,,3200000,0
1791252667.728149,444548,initialize_iteration,0,729,18655,1,0,19258368,161480704,143417344,161480704,7.520999992266297,,,,,,,,3200000,0
1791252667.7356632,444548,initialize_iteration,0,730,18655,1,0,19094528,161480704,143417344,161480704,7.073899963870645,,,,,,,,3200000,0
1791252667.743677,444548,initialize_iteration,0,731,18655,1,0,19258368,161480704,143417344,161480704,6.970499875023961,,,,,,,,3200000,0
1791252667.7509449,444548,initialize_iteration,0,732,18655,1,0,19094528,161480704,143417344,161480704,7.035300135612488,,,,,,,,3200000,0
1791252667.758502,444548,initialize_iteration,0,733,18655,1,0,19258368,161480704,143417344,161480704,6.98569999076426,,,,,,,,3200000,0
1791252667.7706826,444548,initialize_iteration,0,734,18655,1,0,19094528,161480704,143417344,161480704,11.139000067487359,,,,,,,,3200000,0
1791252667.778204,444548,initialize_iteration,0,735,18655,1,0,19258368,161480704,143417344,161480704,7.663800148293376,,,,,,,,3200000,0
1791252667.7857273,444548,initialize_iteration,0,736,18655,1,0,19094528,161480704,143417344,161480704,6.866700015962124,,,,,,,,3200000,0
1791252667.7932398,444548,initialize_iteration,0,737,18655,1,0,19258368,161480704,143417344,161480704,7.508500013500452,,,,,,,,3200000,0
1791252667.8002486,444548,initialize_iteration,0,738,18655,1,0,19094528,161480704,143417344,161480704,6.867900025099516,,,,,,,,3200000,0
1791252667.8079,444548,initialize_iteration,0,739,18655,1,0,19258368,161480704,143417344,161480704,6.926900008693337,,,,,,,,3200000,0
1791252667.816419,444548,initialize_iteration,0,740,18655,1,0,19094528,161480704,143417344,161480704,7.649400038644671,,,,,,,,3200000,0
1791252667.8229253,444548,initialize_iteration,0,741,18655,1,0,19258368,161480704,143417344,161480704,6.7998000886291265,,,,,,,,3200000,0
1791252667.8341064,444548,initialize_iteration,0,742,18655,1,0,19094528,161480704,143417344,161480704,10.033899918198586,,,,,,,,3200000,0
1791252667.8447833,444548,initialize_iteration,0,743,18655,1,0,19258368,161480704,143417344,161480704,10.522200027480721,,,,,,,,3200000,0
1791252667.8528266,444548,initialize_iteration,0,744,18655,1,0,19094528,161480704,143417344,161480704,7.023500045761466,,,,,,,,3200000,0
1791252667.8604846,444548,initialize_iteration,0,745,18655,1,0,19258368,161480704,143417344,161480704,7.410499965772033,,,,,,,,3200000,0
1791252667.8677828,444548,initialize_iteration,0,746,18655,1,0,19094528,161480704,143417344,161480704,7.054699817672372,,,,,,,,3200000,0
1791252667.874802,444548,initialize_iteration,0,747,18655,1,0,19258368,161480704,143417344,161480704,6.8651000037789345,,,,,,,,3200000,0
1791252667.882345,444548,initialize_iteration,0,748,18655,1,0,19094528,161480704,143417344,161480704,7.200899999588728,,,,,,,,3200000,0
1791252667.889862,444548,initialize_iteration,0,749,18655,1,0,19258368,161480704,143417344,161480704,6.708499975502491,,,,,,,,3200000,0
1791252667.8973727,444548,initialize_iteration,0,750,18655,1,0,19094528,161480704,143417344,161480704,7.486900081858039,,,,,,,,3200000,0
1791252667.9043753,444548,initialize_iteration,0,751,18655,1,0,19258368,161480704,143417344,161480704,6.7339998204261065,,,,,,,,3200000,0
1791252667.9119132,444548,initialize_iteration,0,752,18655,1,0,19094528,161480704,143417344,161480704,7.216300116851926,,,,,,,,3200000,0
1791252667.9201121,444548,initialize_iteration,0,753,18655,1,0,19258368,161480704,143417344,161480704,7.565899984911084,,,,,,,,3200000,0
1791252667.9283059,444548,initialize_iteration,0,754,18655,1,0,19094528,161480704,143417344,161480704,7.8125,,,,,,,,3200000,0
1791252667.93752,444548,initialize_iteration,0,755,18655,1,0,19258368,161480704,143417344,161480704,7.889400003477931,,,,,,,,3200000,0
1791252667.94453,444548,initialize_iteration,0,756,18655,1,0,19094528,161480704,143417344,161480704,7.776099955663085,,,,,,,,3200000,0
1791252667.953045,444548,initialize_iteration,0,757,18655,1,0,19258368,161480704,143417344,161480704,7.152999984100461,,,,,,,,3200000,0
1791252667.9627357,444548,initialize_iteration,0,758,18655,1,0,19094528,161480704,143417344,161480704,8.96840007044375,,,,,,,,3200000,0
1791252667.974413,444548,initialize_iteration,0,759,18655,1,0,19258368,161480704,143417344,161480704,11.95090007968247,,,,,,,,3200000,0
1791252667.9874606,444548,initialize_iteration,0,760,18655,1,0,19094528,161480704,143417344,161480704,12.153099989518523,,,,,,,,3200000,0
1791252667.9991553,444548,initialize_iteration,0,761,18655,1,0,19258368,161480704,143417344,161480704,10.961299994960427,,,,,,,,3200000,0
1791252668.0066652,444548,initialize_iteration,0,762,18655,1,0,19094528,161480704,143417344,161480704,7.519399980083108,,,,,,,,3200000,0
1791252668.0146842,444548,initialize_iteration,0,763,18655,1,0,19258368,161480704,143417344,161480704,6.892999866977334,,,,,,,,3200000,0
1791252668.021828,444548,initialize_iteration,0,764,18655,1,0,19094528,161480704,143417344,161480704,6.841399939730763,,,,,,,,3200000,0
1791252668.0293756,444548,initialize_iteration,0,765,18655,1,0,19258368,161480704,143417344,161480704,7.4662999249994755,,,,,,,,3200000,0
1791252668.039089,444548,initialize_iteration,0,766,18655,1,0,19094528,161480704,143417344,161480704,8.718599798157811,,,,,,,,3200000,0
1791252668.0471172,444548,initialize_iteration,0,767,18655,1,0,19258368,161480704,143417344,161480704,7.604599930346012,,,,,,,,3200000,0
1791252668.0551348,444548,initialize_iteration,0,768,18655,1,0,19094528,161480704,143417344,161480704,7.570099784061313,,,,,,,,3200000,0
1791252668.0637076,444548,initialize_iteration,0,769,18655,1,0,19258368,161480704,143417344,161480704,8.583600167185068,,,,,,,,3200000,0
1791252668.0722399,444548,initialize_iteration,0,770,18655,1,0,19094528,161480704,143417344,161480704,7.866099942475557,,,,,,,,3200000,0
1791252668.0802767,444548,initialize_iteration,0,771,18655,1,0,19258368,161480704,143417344,161480704,7.813900010660291,,,,,,,,3200000,0
1791252668.0883067,444548,initialize_iteration,0,772,18655,1,0,19094528,161480704,143417344,161480704,6.994700059294701,,,,,,,,3200000,0
1791252668.0972745,444548,initialize_iteration,0,773,18655,1,0,19258368,161480704,143417344,161480704,8.316900115460157,,,,,,,,3200000,0
1791252668.104786,444548,initialize_iteration,0,774,18655,1,0,19094528,161480704,143417344,161480704,7.173700025305152,,,,,,,,3200000,0
1791252668.1122985,444548,initialize_iteration,0,775,18655,1,0,19258368,161480704,143417344,161480704,7.183900102972984,,,,,,,,3200000,0
1791252668.1203568,444548,initialize_iteration,0,776,18655,1,0,19094528,161480704,143417344,161480704,8.01590015180409,,,,,,,,3200000,0
1791252668.128923,444548,initialize_iteration,0,777,18655,1,0,19258368,161480704,143417344,161480704,7.350999861955643,,,,,,,,3200000,0
1791252668.1365266,444548,initialize_iteration,0,778,18655,1,0,19094528,161480704,143417344,161480704,6.996700074523687,,,,,,,,3200000,0
1791252668.1430666,444548,initialize_iteration,0,779,18655,1,0,19258368,161480704,143417344,161480704,6.9235998671501875,,,,,,,,3200000,0
1791252668.150582,444548,initialize_iteration,0,780,18655,1,0,19094528,161480704,143417344,161480704,7.075499976053834,,,,,,,,3200000,0
1791252668.1582408,444548,initialize_iteration,0,781,18655,1,0,19258368,161480704,143417344,161480704,6.812700070440769,,,,,,,,3200000,0
1791252668.1662502,444548,initialize_iteration,0,782,18655,1,0,19094528,161480704,143417344,161480704,7.407099939882755,,,,,,,,3200000,0
1791252668.1730466,444548,initialize_iteration,0,783,18655,1,0,19258368,161480704,143417344,161480704,6.9420000072568655,,,,,,,,3200000,0
1791252668.1805818,444548,initialize_iteration,0,784,18655,1,0,19094528,161480704,143417344,161480704,7.256000069901347,,,,,,,,3200000,0
1791252668.1882412,444548,initialize_iteration,0,785,18655,1,0,19258368,161480704,143417344,161480704,6.754999980330467,,,,,,,,3200000,0
1791252668.195797,444548,initialize_iteration,0,786,18655,1,0,19094528,161480704,143417344,161480704,7.530400063842535,,,,,,,,3200000,0
1791252668.2043056,444548,initialize_iteration,0,787,18655,1,0,19258368,161480704,143417344,161480704,8.507200051099062,,,,,,,,3200000,0
1791252668.2158406,444548,initialize_iteration,0,788,18655,1,0,19094528,161480704,143417344,161480704,10.410699993371964,,,,,,,,3200000,0
1791252668.2226057,444548,initialize_iteration,0,789,18655,1,0,19258368,161480704,143417344,161480704,6.937500089406967,,,,,,,,3200000,0
1791252668.2312827,444548,initialize_iteration,0,790,18655,1,0,19094528,161480704,143417344,161480704,7.685400079935789,,,,,,,,3200000,0
1791252668.2388055,444548,initialize_iteration,0,791,18655,1,0,19258368,161480704,143417344,161480704,7.297300035133958,,,,,,,,3200000,0
1791252668.2473528,444548,initialize_iteration,0,792,18655,1,0,19094528,161480704,143417344,161480704,8.479999843984842,,,,,,,,3200000,0
1791252668.255877,444548,initialize_iteration,0,793,18655,1,0,19258368,161480704,143417344,161480704,7.418600143864751,,,,,,,,3200000,0
1791252668.2638865,444548,initialize_iteration,0,794,18655,1,0,19094528,161480704,143417344,161480704,7.6513998210430145,,,,,,,,3200000,0
1791252668.2714036,444548,initialize_iteration,0,795,18655,1,0,19258368,161480704,143417344,161480704,7.135200081393123,,,,,,,,3200000,0
1791252668.2804213,444548,initialize_iteration,0,796,18655,1,0,19094528,161480704,143417344,161480704,8.547100005671382,,,,,,,,3200000,0
1791252668.2931116,444548,initialize_iteration,0,797,18655,1,0,19258368,161480704,143417344,161480704,11.790200136601925,,,,,,,,3200000,0
1791252668.3037126,444548,initialize_iteration,0,798,18655,1,0,19094528,161480704,143417344,161480704,10.067999828606844,,,,,,,,3200000,0
1791252668.3113623,444548,initialize_iteration,0,799,18655,1,0,19258368,161480704,143417344,161480704,7.060099858790636,,,,,,,,3200000,0
1791252668.3186717,444548,initialize_iteration,0,800,18655,1,0,19094528,161480704,143417344,161480704,7.2970998007804155,,,,,,,,3200000,0
1791252668.334717,444548,retention_densify_plan,0,801,18655,1,0,20491776,161480704,143417344,161480704,,18655,18655,883,883,0,932,8.6260000243783,3200000,0
1791252668.3507655,444548,upstream_init_densify_prune,0,801,19538,1,0,21507072,161480704,143417344,161480704,,18655,19538,,,,,,3200000,0
1791252668.3522723,444548,initialize_iteration,0,801,19538,1,0,21507072,161480704,143417344,161480704,33.01719995215535,,,,,,,,3200000,0
1791252668.360794,444548,initialize_iteration,0,802,19538,1,0,19300352,161480704,143417344,161480704,7.923999801278114,,,,,,,,3200000,0
1791252668.3693192,444548,initialize_iteration,0,803,19538,1,0,19464192,161480704,143417344,161480704,8.579000132158399,,,,,,,,3200000,0
1791252668.3788493,444548,initialize_iteration,0,804,19538,1,0,19300352,161480704,143417344,161480704,9.045799961313605,,,,,,,,3200000,0
1791252668.3885603,444548,initialize_iteration,0,805,19538,1,0,19464192,161480704,143417344,161480704,8.933200035244226,,,,,,,,3200000,0
1791252668.3980248,444548,initialize_iteration,0,806,19538,1,0,19300352,161480704,143417344,161480704,8.415699936449528,,,,,,,,3200000,0
1791252668.4073465,444548,initialize_iteration,0,807,19538,1,0,19464192,161480704,143417344,161480704,8.92059993930161,,,,,,,,3200000,0
1791252668.4158711,444548,initialize_iteration,0,808,19538,1,0,19300352,161480704,143417344,161480704,8.155500050634146,,,,,,,,3200000,0
1791252668.4238906,444548,initialize_iteration,0,809,19538,1,0,19464192,161480704,143417344,161480704,7.893000030890107,,,,,,,,3200000,0
1791252668.4329023,444548,initialize_iteration,0,810,19538,1,0,19300352,161480704,143417344,161480704,7.961399853229523,,,,,,,,3200000,0
1791252668.4413798,444548,initialize_iteration,0,811,19538,1,0,19464192,161480704,143417344,161480704,7.770000025629997,,,,,,,,3200000,0
1791252668.4494195,444548,initialize_iteration,0,812,19538,1,0,19300352,161480704,143417344,161480704,8.733700029551983,,,,,,,,3200000,0
1791252668.459452,444548,initialize_iteration,0,813,19538,1,0,19464192,161480704,143417344,161480704,8.50760005414486,,,,,,,,3200000,0
1791252668.4676216,444548,initialize_iteration,0,814,19538,1,0,19300352,161480704,143417344,161480704,8.106499910354614,,,,,,,,3200000,0
1791252668.4761338,444548,initialize_iteration,0,815,19538,1,0,19464192,161480704,143417344,161480704,7.872200105339289,,,,,,,,3200000,0
1791252668.4838026,444548,initialize_iteration,0,816,19538,1,0,19300352,161480704,143417344,161480704,7.686500204727054,,,,,,,,3200000,0
1791252668.4929767,444548,initialize_iteration,0,817,19538,1,0,19464192,161480704,143417344,161480704,7.8437000047415495,,,,,,,,3200000,0
1791252668.5014992,444548,initialize_iteration,0,818,19538,1,0,19300352,161480704,143417344,161480704,8.024599868804216,,,,,,,,3200000,0
1791252668.5095136,444548,initialize_iteration,0,819,19538,1,0,19464192,161480704,143417344,161480704,8.165099890902638,,,,,,,,3200000,0
1791252668.5170445,444548,initialize_iteration,0,820,19538,1,0,19300352,161480704,143417344,161480704,7.16980011202395,,,,,,,,3200000,0
1791252668.5240586,444548,initialize_iteration,0,821,19538,1,0,19464192,161480704,143417344,161480704,7.014000089839101,,,,,,,,3200000,0
1791252668.5325801,444548,initialize_iteration,0,822,19538,1,0,19300352,161480704,143417344,161480704,7.296500029042363,,,,,,,,3200000,0
1791252668.540124,444548,initialize_iteration,0,823,19538,1,0,19464192,161480704,143417344,161480704,6.965300068259239,,,,,,,,3200000,0
1791252668.5491579,444548,initialize_iteration,0,824,19538,1,0,19300352,161480704,143417344,161480704,8.727400097995996,,,,,,,,3200000,0
1791252668.5621865,444548,initialize_iteration,0,825,19538,1,0,19464192,161480704,143417344,161480704,12.246899772435427,,,,,,,,3200000,0
1791252668.573711,444548,initialize_iteration,0,826,19538,1,0,19300352,161480704,143417344,161480704,11.529099894687533,,,,,,,,3200000,0
1791252668.5828638,444548,initialize_iteration,0,827,19538,1,0,19464192,161480704,143417344,161480704,8.099700091406703,,,,,,,,3200000,0
1791252668.591031,444548,initialize_iteration,0,828,19538,1,0,19300352,161480704,143417344,161480704,8.175200084224343,,,,,,,,3200000,0
1791252668.600714,444548,initialize_iteration,0,829,19538,1,0,19464192,161480704,143417344,161480704,8.147499989718199,,,,,,,,3200000,0
1791252668.6084366,444548,initialize_iteration,0,830,19538,1,0,19300352,161480704,143417344,161480704,7.48769985511899,,,,,,,,3200000,0
1791252668.617645,444548,initialize_iteration,0,831,19538,1,0,19464192,161480704,143417344,161480704,8.635499980300665,,,,,,,,3200000,0
1791252668.6296728,444548,initialize_iteration,0,832,19538,1,0,19300352,161480704,143417344,161480704,12.224100064486265,,,,,,,,3200000,0
1791252668.6393826,444548,initialize_iteration,0,833,19538,1,0,19464192,161480704,143417344,161480704,7.976399967446923,,,,,,,,3200000,0
1791252668.6473558,444548,initialize_iteration,0,834,19538,1,0,19300352,161480704,143417344,161480704,7.639500079676509,,,,,,,,3200000,0
1791252668.6548915,444548,initialize_iteration,0,835,19538,1,0,19464192,161480704,143417344,161480704,7.659499999135733,,,,,,,,3200000,0
1791252668.6634371,444548,initialize_iteration,0,836,19538,1,0,19300352,161480704,143417344,161480704,7.645099889487028,,,,,,,,3200000,0
1791252668.6709507,444548,initialize_iteration,0,837,19538,1,0,19464192,161480704,143417344,161480704,7.024999940767884,,,,,,,,3200000,0
1791252668.6786025,444548,initialize_iteration,0,838,19538,1,0,19300352,161480704,143417344,161480704,7.268199929967523,,,,,,,,3200000,0
1791252668.6866245,444548,initialize_iteration,0,839,19538,1,0,19464192,161480704,143417344,161480704,7.156800013035536,,,,,,,,3200000,0
1791252668.6941442,444548,initialize_iteration,0,840,19538,1,0,19300352,161480704,143417344,161480704,7.090100087225437,,,,,,,,3200000,0
1791252668.7012355,444548,initialize_iteration,0,841,19538,1,0,19464192,161480704,143417344,161480704,7.487199967727065,,,,,,,,3200000,0
1791252668.7092867,444548,initialize_iteration,0,842,19538,1,0,19300352,161480704,143417344,161480704,7.512499811127782,,,,,,,,3200000,0
1791252668.7172,444548,initialize_iteration,0,843,19538,1,0,19464192,161480704,143417344,161480704,7.172399898990989,,,,,,,,3200000,0
1791252668.7257183,444548,initialize_iteration,0,844,19538,1,0,19300352,161480704,143417344,161480704,7.305200211703777,,,,,,,,3200000,0
1791252668.7342296,444548,initialize_iteration,0,845,19538,1,0,19464192,161480704,143417344,161480704,8.144699968397617,,,,,,,,3200000,0
1791252668.7422428,444548,initialize_iteration,0,846,19538,1,0,19300352,161480704,143417344,161480704,7.55320000462234,,,,,,,,3200000,0
1791252668.7497692,444548,initialize_iteration,0,847,19538,1,0,19464192,161480704,143417344,161480704,7.232600124552846,,,,,,,,3200000,0
1791252668.7577949,444548,initialize_iteration,0,848,19538,1,0,19300352,161480704,143417344,161480704,7.332300068810582,,,,,,,,3200000,0
1791252668.7662995,444548,initialize_iteration,0,849,19538,1,0,19464192,161480704,143417344,161480704,8.125599939376116,,,,,,,,3200000,0
1791252668.7739708,444548,initialize_iteration,0,850,19538,1,0,19300352,161480704,143417344,161480704,7.5240000151097775,,,,,,,,3200000,0
1791252668.782708,444548,initialize_iteration,0,851,19538,1,0,19464192,161480704,143417344,161480704,8.263400057330728,,,,,,,,3200000,0
1791252668.7932324,444548,initialize_iteration,0,852,19538,1,0,19300352,161480704,143417344,161480704,9.328900137916207,,,,,,,,3200000,0
1791252668.801753,444548,initialize_iteration,0,853,19538,1,0,19464192,161480704,143417344,161480704,7.877399912104011,,,,,,,,3200000,0
1791252668.8095355,444548,initialize_iteration,0,854,19538,1,0,19300352,161480704,143417344,161480704,7.951200008392334,,,,,,,,3200000,0
1791252668.8175747,444548,initialize_iteration,0,855,19538,1,0,19464192,161480704,143417344,161480704,7.31510017067194,,,,,,,,3200000,0
1791252668.8272483,444548,initialize_iteration,0,856,19538,1,0,19300352,161480704,143417344,161480704,8.622700115665793,,,,,,,,3200000,0
1791252668.8365388,444548,initialize_iteration,0,857,19538,1,0,19464192,161480704,143417344,161480704,9.111700113862753,,,,,,,,3200000,0
1791252668.844209,444548,initialize_iteration,0,858,19538,1,0,19300352,161480704,143417344,161480704,7.454899838194251,,,,,,,,3200000,0
1791252668.851721,444548,initialize_iteration,0,859,19538,1,0,19464192,161480704,143417344,161480704,7.327199913561344,,,,,,,,3200000,0
1791252668.861237,444548,initialize_iteration,0,860,19538,1,0,19300352,161480704,143417344,161480704,8.440200006589293,,,,,,,,3200000,0
1791252668.8734462,444548,initialize_iteration,0,861,19538,1,0,19464192,161480704,143417344,161480704,11.130500119179487,,,,,,,,3200000,0
1791252668.884981,444548,initialize_iteration,0,862,19538,1,0,19300352,161480704,143417344,161480704,11.28730014897883,,,,,,,,3200000,0
1791252668.8972983,444548,initialize_iteration,0,863,19538,1,0,19464192,161480704,143417344,161480704,12.377099832519889,,,,,,,,3200000,0
1791252668.907336,444548,initialize_iteration,0,864,19538,1,0,19300352,161480704,143417344,161480704,10.138900019228458,,,,,,,,3200000,0
1791252668.915858,444548,initialize_iteration,0,865,19538,1,0,19464192,161480704,143417344,161480704,7.186600007116795,,,,,,,,3200000,0
1791252668.9223716,444548,initialize_iteration,0,866,19538,1,0,19300352,161480704,143417344,161480704,6.961100036278367,,,,,,,,3200000,0
1791252668.931218,444548,initialize_iteration,0,867,19538,1,0,19464192,161480704,143417344,161480704,7.601100020110607,,,,,,,,3200000,0
1791252668.9384425,444548,initialize_iteration,0,868,19538,1,0,19300352,161480704,143417344,161480704,6.924899993464351,,,,,,,,3200000,0
1791252668.9459538,444548,initialize_iteration,0,869,19538,1,0,19464192,161480704,143417344,161480704,7.06580001860857,,,,,,,,3200000,0
1791252668.9525638,444548,initialize_iteration,0,870,19538,1,0,19300352,161480704,143417344,161480704,7.308699889108539,,,,,,,,3200000,0
1791252668.962237,444548,initialize_iteration,0,871,19538,1,0,19464192,161480704,143417344,161480704,8.15190002322197,,,,,,,,3200000,0
1791252668.9697516,444548,initialize_iteration,0,872,19538,1,0,19300352,161480704,143417344,161480704,7.10269995033741,,,,,,,,3200000,0
1791252668.9772673,444548,initialize_iteration,0,873,19538,1,0,19464192,161480704,143417344,161480704,7.281700149178505,,,,,,,,3200000,0
1791252668.9857838,444548,initialize_iteration,0,874,19538,1,0,19300352,161480704,143417344,161480704,7.306499872356653,,,,,,,,3200000,0
1791252668.99307,444548,initialize_iteration,0,875,19538,1,0,19464192,161480704,143417344,161480704,7.3055000975728035,,,,,,,,3200000,0
1791252669.0005834,444548,initialize_iteration,0,876,19538,1,0,19300352,161480704,143417344,161480704,7.460599998012185,,,,,,,,3200000,0
1791252669.0090954,444548,initialize_iteration,0,877,19538,1,0,19464192,161480704,143417344,161480704,7.103299954906106,,,,,,,,3200000,0
1791252669.0171738,444548,initialize_iteration,0,878,19538,1,0,19300352,161480704,143417344,161480704,7.586899911984801,,,,,,,,3200000,0
1791252669.02469,444548,initialize_iteration,0,879,19538,1,0,19464192,161480704,143417344,161480704,7.651000050827861,,,,,,,,3200000,0
1791252669.0338695,444548,initialize_iteration,0,880,19538,1,0,19300352,161480704,143417344,161480704,8.251599967479706,,,,,,,,3200000,0
1791252669.0408819,444548,initialize_iteration,0,881,19538,1,0,19464192,161480704,143417344,161480704,7.456399966031313,,,,,,,,3200000,0
1791252669.0499036,444548,initialize_iteration,0,882,19538,1,0,19300352,161480704,143417344,161480704,8.205699967220426,,,,,,,,3200000,0
1791252669.057597,444548,initialize_iteration,0,883,19538,1,0,19464192,161480704,143417344,161480704,7.192899938672781,,,,,,,,3200000,0
1791252669.0645273,444548,initialize_iteration,0,884,19538,1,0,19300352,161480704,143417344,161480704,7.580999983474612,,,,,,,,3200000,0
1791252669.0737152,444548,initialize_iteration,0,885,19538,1,0,19464192,161480704,143417344,161480704,7.605300052091479,,,,,,,,3200000,0
1791252669.0817623,444548,initialize_iteration,0,886,19538,1,0,19300352,161480704,143417344,161480704,7.652499945834279,,,,,,,,3200000,0
1791252669.0902865,444548,initialize_iteration,0,887,19538,1,0,19464192,161480704,143417344,161480704,8.690200047567487,,,,,,,,3200000,0
1791252669.1008046,444548,initialize_iteration,0,888,19538,1,0,19300352,161480704,143417344,161480704,8.762100012972951,,,,,,,,3200000,0
1791252669.1083186,444548,initialize_iteration,0,889,19538,1,0,19464192,161480704,143417344,161480704,7.541800150647759,,,,,,,,3200000,0
1791252669.1175032,444548,initialize_iteration,0,890,19538,1,0,19300352,161480704,143417344,161480704,9.23050008714199,,,,,,,,3200000,0
1791252669.1302338,444548,initialize_iteration,0,891,19538,1,0,19464192,161480704,143417344,161480704,11.301500024273992,,,,,,,,3200000,0
1791252669.137246,444548,initialize_iteration,0,892,19538,1,0,19300352,161480704,143417344,161480704,7.429699879139662,,,,,,,,3200000,0
1791252669.1463017,444548,initialize_iteration,0,893,19538,1,0,19464192,161480704,143417344,161480704,7.426599971950054,,,,,,,,3200000,0
1791252669.154335,444548,initialize_iteration,0,894,19538,1,0,19300352,161480704,143417344,161480704,7.618800038471818,,,,,,,,3200000,0
1791252669.1630495,444548,initialize_iteration,0,895,19538,1,0,19464192,161480704,143417344,161480704,8.384099928662181,,,,,,,,3200000,0
1791252669.1715572,444548,initialize_iteration,0,896,19538,1,0,19300352,161480704,143417344,161480704,7.592600071802735,,,,,,,,3200000,0
1791252669.1807446,444548,initialize_iteration,0,897,19538,1,0,19464192,161480704,143417344,161480704,8.688499918207526,,,,,,,,3200000,0
1791252669.1934645,444548,initialize_iteration,0,898,19538,1,0,19300352,161480704,143417344,161480704,12.3904999345541,,,,,,,,3200000,0
1791252669.2058673,444548,initialize_iteration,0,899,19538,1,0,19464192,161480704,143417344,161480704,11.259800055995584,,,,,,,,3200000,0
1791252669.2149875,444548,initialize_iteration,0,900,19538,1,0,19300352,161480704,143417344,161480704,9.083600016310811,,,,,,,,3200000,0
1791252669.2384121,444548,retention_densify_plan,0,901,19538,1,0,20755456,161480704,143417344,161480704,,19538,19538,907,907,0,956,9.62770008482039,3200000,0
1791252669.2609675,444548,upstream_init_densify_prune,0,901,20445,1,0,21819392,161480704,143417344,161480704,,19538,20445,,,,,,3200000,0
1791252669.261967,444548,initialize_iteration,0,901,20445,1,0,21819392,161480704,143417344,161480704,45.67579994909465,,,,,,,,3200000,0
1791252669.268976,444548,initialize_iteration,0,902,20445,1,0,19518976,161480704,143417344,161480704,7.783800130710006,,,,,,,,3200000,0
1791252669.2774909,444548,initialize_iteration,0,903,20445,1,0,19682816,161480704,143417344,161480704,7.460599998012185,,,,,,,,3200000,0
1791252669.285018,444548,initialize_iteration,0,904,20445,1,0,19518976,161480704,143417344,161480704,7.263500010594726,,,,,,,,3200000,0
1791252669.2925272,444548,initialize_iteration,0,905,20445,1,0,19682816,161480704,143417344,161480704,6.989500019699335,,,,,,,,3200000,0
1791252669.3010883,444548,initialize_iteration,0,906,20445,1,0,19518976,161480704,143417344,161480704,7.942200172692537,,,,,,,,3200000,0
1791252669.3092754,444548,initialize_iteration,0,907,20445,1,0,19682816,161480704,143417344,161480704,7.383099989965558,,,,,,,,3200000,0
1791252669.3172982,444548,initialize_iteration,0,908,20445,1,0,19518976,161480704,143417344,161480704,7.489199982956052,,,,,,,,3200000,0
1791252669.3248065,444548,initialize_iteration,0,909,20445,1,0,19682816,161480704,143417344,161480704,7.265300024300814,,,,,,,,3200000,0
1791252669.3339763,444548,initialize_iteration,0,910,20445,1,0,19518976,161480704,143417344,161480704,8.572500199079514,,,,,,,,3200000,0
1791252669.3445084,444548,initialize_iteration,0,911,20445,1,0,19682816,161480704,143417344,161480704,9.258599951863289,,,,,,,,3200000,0
1791252669.3530445,444548,initialize_iteration,0,912,20445,1,0,19518976,161480704,143417344,161480704,8.300099987536669,,,,,,,,3200000,0
1791252669.3615656,444548,initialize_iteration,0,913,20445,1,0,19682816,161480704,143417344,161480704,8.246500045061111,,,,,,,,3200000,0
1791252669.3695827,444548,initialize_iteration,0,914,20445,1,0,19518976,161480704,143417344,161480704,7.792599964886904,,,,,,,,3200000,0
1791252669.3783348,444548,initialize_iteration,0,915,20445,1,0,19682816,161480704,143417344,161480704,7.734899874776602,,,,,,,,3200000,0
1791252669.3869345,444548,initialize_iteration,0,916,20445,1,0,19518976,161480704,143417344,161480704,7.949399994686246,,,,,,,,3200000,0
1791252669.39615,444548,initialize_iteration,0,917,20445,1,0,19682816,161480704,143417344,161480704,8.364300010725856,,,,,,,,3200000,0
1791252669.4036644,444548,initialize_iteration,0,918,20445,1,0,19518976,161480704,143417344,161480704,7.621899945661426,,,,,,,,3200000,0
1791252669.4133437,444548,initialize_iteration,0,919,20445,1,0,19682816,161480704,143417344,161480704,8.895799983292818,,,,,,,,3200000,0
1791252669.4243622,444548,initialize_iteration,0,920,20445,1,0,19518976,161480704,143417344,161480704,11.011499911546707,,,,,,,,3200000,0
1791252669.43339,444548,initialize_iteration,0,921,20445,1,0,19682816,161480704,143417344,161480704,8.30020010471344,,,,,,,,3200000,0
1791252669.443914,444548,initialize_iteration,0,922,20445,1,0,19518976,161480704,143417344,161480704,9.360100142657757,,,,,,,,3200000,0
1791252669.4559593,444548,initialize_iteration,0,923,20445,1,0,19682816,161480704,143417344,161480704,11.32689998485148,,,,,,,,3200000,0
1791252669.463477,444548,initialize_iteration,0,924,20445,1,0,19518976,161480704,143417344,161480704,7.768900133669376,,,,,,,,3200000,0
1791252669.471487,444548,initialize_iteration,0,925,20445,1,0,19682816,161480704,143417344,161480704,7.339800009503961,,,,,,,,3200000,0
1791252669.4821668,444548,initialize_iteration,0,926,20445,1,0,19518976,161480704,143417344,161480704,10.185400024056435,,,,,,,,3200000,0
1791252669.4912064,444548,initialize_iteration,0,927,20445,1,0,19682816,161480704,143417344,161480704,8.90190014615655,,,,,,,,3200000,0
1791252669.4997225,444548,initialize_iteration,0,928,20445,1,0,19518976,161480704,143417344,161480704,7.86140002310276,,,,,,,,3200000,0
1791252669.5112517,444548,initialize_iteration,0,929,20445,1,0,19682816,161480704,143417344,161480704,10.88250009343028,,,,,,,,3200000,0
1791252669.5244727,444548,initialize_iteration,0,930,20445,1,0,19518976,161480704,143417344,161480704,12.478899909183383,,,,,,,,3200000,0
1791252669.5360074,444548,initialize_iteration,0,931,20445,1,0,19682816,161480704,143417344,161480704,11.62719982676208,,,,,,,,3200000,0
1791252669.549718,444548,initialize_iteration,0,932,20445,1,0,19518976,161480704,143417344,161480704,12.845700141042471,,,,,,,,3200000,0
1791252669.560989,444548,initialize_iteration,0,933,20445,1,0,19682816,161480704,143417344,161480704,10.245600016787648,,,,,,,,3200000,0
1791252669.5686634,444548,initialize_iteration,0,934,20445,1,0,19518976,161480704,143417344,161480704,7.231199881061912,,,,,,,,3200000,0
1791252669.576183,444548,initialize_iteration,0,935,20445,1,0,19682816,161480704,143417344,161480704,7.412899984046817,,,,,,,,3200000,0
1791252669.58472,444548,initialize_iteration,0,936,20445,1,0,19518976,161480704,143417344,161480704,8.421500213444233,,,,,,,,3200000,0
1791252669.5942385,444548,initialize_iteration,0,937,20445,1,0,19682816,161480704,143417344,161480704,8.90889996662736,,,,,,,,3200000,0
1791252669.6039157,444548,initialize_iteration,0,938,20445,1,0,19518976,161480704,143417344,161480704,8.54330020956695,,,,,,,,3200000,0
1791252669.6152494,444548,initialize_iteration,0,939,20445,1,0,19682816,161480704,143417344,161480704,10.2099000941962,,,,,,,,3200000,0
1791252669.6232631,444548,initialize_iteration,0,940,20445,1,0,19518976,161480704,143417344,161480704,8.331000106409192,,,,,,,,3200000,0
1791252669.6318333,444548,initialize_iteration,0,941,20445,1,0,19682816,161480704,143417344,161480704,8.188100066035986,,,,,,,,3200000,0
1791252669.6403515,444548,initialize_iteration,0,942,20445,1,0,19518976,161480704,143417344,161480704,7.210300071164966,,,,,,,,3200000,0
1791252669.6503675,444548,initialize_iteration,0,943,20445,1,0,19682816,161480704,143417344,161480704,9.832999901846051,,,,,,,,3200000,0
1791252669.6620526,444548,initialize_iteration,0,944,20445,1,0,19518976,161480704,143417344,161480704,11.378200026229024,,,,,,,,3200000,0
1791252669.6697206,444548,initialize_iteration,0,945,20445,1,0,19682816,161480704,143417344,161480704,7.135899970307946,,,,,,,,3200000,0
1791252669.6783662,444548,initialize_iteration,0,946,20445,1,0,19518976,161480704,143417344,161480704,7.5910999439656734,,,,,,,,3200000,0
1791252669.686386,444548,initialize_iteration,0,947,20445,1,0,19682816,161480704,143417344,161480704,7.621400058269501,,,,,,,,3200000,0
1791252669.693397,444548,initialize_iteration,0,948,20445,1,0,19518976,161480704,143417344,161480704,7.366699865087867,,,,,,,,3200000,0
1791252669.701976,444548,initialize_iteration,0,949,20445,1,0,19682816,161480704,143417344,161480704,7.447300013154745,,,,,,,,3200000,0
1791252669.7091541,444548,initialize_iteration,0,950,20445,1,0,19518976,161480704,143417344,161480704,7.217600010335445,,,,,,,,3200000,0
1791252669.7178345,444548,initialize_iteration,0,951,20445,1,0,19682816,161480704,143417344,161480704,7.840099977329373,,,,,,,,3200000,0
1791252669.726341,444548,initialize_iteration,0,952,20445,1,0,19518976,161480704,143417344,161480704,7.703300099819899,,,,,,,,3200000,0
1791252669.7345986,444548,initialize_iteration,0,953,20445,1,0,19682816,161480704,143417344,161480704,8.19780002348125,,,,,,,,3200000,0
1791252669.7417903,444548,initialize_iteration,0,954,20445,1,0,19518976,161480704,143417344,161480704,7.157400017604232,,,,,,,,3200000,0
1791252669.7508304,444548,initialize_iteration,0,955,20445,1,0,19682816,161480704,143417344,161480704,7.678200025111437,,,,,,,,3200000,0
1791252669.7583532,444548,initialize_iteration,0,956,20445,1,0,19518976,161480704,143417344,161480704,7.721500005573034,,,,,,,,3200000,0
1791252669.7673988,444548,initialize_iteration,0,957,20445,1,0,19682816,161480704,143417344,161480704,8.520199917256832,,,,,,,,3200000,0
1791252669.779001,444548,initialize_iteration,0,958,20445,1,0,19518976,161480704,143417344,161480704,11.96389994584024,,,,,,,,3200000,0
1791252669.7896862,444548,initialize_iteration,0,959,20445,1,0,19682816,161480704,143417344,161480704,8.848499972373247,,,,,,,,3200000,0
1791252669.7983954,444548,initialize_iteration,0,960,20445,1,0,19518976,161480704,143417344,161480704,8.57549998909235,,,,,,,,3200000,0
1791252669.8074148,444548,initialize_iteration,0,961,20445,1,0,19682816,161480704,143417344,161480704,8.662799838930368,,,,,,,,3200000,0
1791252669.8224635,444548,initialize_iteration,0,962,20445,1,0,19518976,161480704,143417344,161480704,14.81309998780489,,,,,,,,3200000,0
1791252669.831331,444548,initialize_iteration,0,963,20445,1,0,19682816,161480704,143417344,161480704,8.330499986186624,,,,,,,,3200000,0
1791252669.8401985,444548,initialize_iteration,0,964,20445,1,0,19518976,161480704,143417344,161480704,8.108400041237473,,,,,,,,3200000,0
1791252669.8487186,444548,initialize_iteration,0,965,20445,1,0,19682816,161480704,143417344,161480704,8.173300186172128,,,,,,,,3200000,0
1791252669.857762,444548,initialize_iteration,0,966,20445,1,0,19518976,161480704,143417344,161480704,8.348100120201707,,,,,,,,3200000,0
1791252669.8668122,444548,initialize_iteration,0,967,20445,1,0,19682816,161480704,143417344,161480704,8.356699952855706,,,,,,,,3200000,0
1791252669.874518,444548,initialize_iteration,0,968,20445,1,0,19518976,161480704,143417344,161480704,7.543900050222874,,,,,,,,3200000,0
1791252669.8835378,444548,initialize_iteration,0,969,20445,1,0,19682816,161480704,143417344,161480704,8.459100034087896,,,,,,,,3200000,0
1791252669.893273,444548,initialize_iteration,0,970,20445,1,0,19518976,161480704,143417344,161480704,8.71019996702671,,,,,,,,3200000,0
1791252669.9017937,444548,initialize_iteration,0,971,20445,1,0,19682816,161480704,143417344,161480704,8.528900099918246,,,,,,,,3200000,0
1791252669.9108303,444548,initialize_iteration,0,972,20445,1,0,19518976,161480704,143417344,161480704,7.788100047037005,,,,,,,,3200000,0
1791252669.919872,444548,initialize_iteration,0,973,20445,1,0,19682816,161480704,143417344,161480704,8.258899906650186,,,,,,,,3200000,0
1791252669.9275591,444548,initialize_iteration,0,974,20445,1,0,19518976,161480704,143417344,161480704,7.35070020891726,,,,,,,,3200000,0
1791252669.9350703,444548,initialize_iteration,0,975,20445,1,0,19682816,161480704,143417344,161480704,7.260399870574474,,,,,,,,3200000,0
1791252669.9420817,444548,initialize_iteration,0,976,20445,1,0,19518976,161480704,143417344,161480704,7.317500188946724,,,,,,,,3200000,0
1791252669.9566593,444548,initialize_iteration,0,977,20445,1,0,19682816,161480704,143417344,161480704,12.627999996766448,,,,,,,,3200000,0
1791252669.9694934,444548,initialize_iteration,0,978,20445,1,0,19518976,161480704,143417344,161480704,13.297699857503176,,,,,,,,3200000,0
1791252669.9803503,444548,initialize_iteration,0,979,20445,1,0,19682816,161480704,143417344,161480704,9.332999819889665,,,,,,,,3200000,0
1791252669.9891,444548,initialize_iteration,0,980,20445,1,0,19518976,161480704,143417344,161480704,8.97519988939166,,,,,,,,3200000,0
1791252669.998786,444548,initialize_iteration,0,981,20445,1,0,19682816,161480704,143417344,161480704,8.937700185924768,,,,,,,,3200000,0
1791252670.0082743,444548,initialize_iteration,0,982,20445,1,0,19518976,161480704,143417344,161480704,8.651699870824814,,,,,,,,3200000,0
1791252670.015908,444548,initialize_iteration,0,983,20445,1,0,19682816,161480704,143417344,161480704,7.837299956008792,,,,,,,,3200000,0
1791252670.0239573,444548,initialize_iteration,0,984,20445,1,0,19518976,161480704,143417344,161480704,7.192099932581186,,,,,,,,3200000,0
1791252670.0316133,444548,initialize_iteration,0,985,20445,1,0,19682816,161480704,143417344,161480704,7.612999994307756,,,,,,,,3200000,0
1791252670.0387797,444548,initialize_iteration,0,986,20445,1,0,19518976,161480704,143417344,161480704,7.055100053548813,,,,,,,,3200000,0
1791252670.046826,444548,initialize_iteration,0,987,20445,1,0,19682816,161480704,143417344,161480704,7.238900056108832,,,,,,,,3200000,0
1791252670.0558496,444548,initialize_iteration,0,988,20445,1,0,19518976,161480704,143417344,161480704,7.9922000877559185,,,,,,,,3200000,0
1791252670.0643606,444548,initialize_iteration,0,989,20445,1,0,19682816,161480704,143417344,161480704,8.2137999124825,,,,,,,,3200000,0
1791252670.073401,444548,initialize_iteration,0,990,20445,1,0,19518976,161480704,143417344,161480704,8.808400016278028,,,,,,,,3200000,0
1791252670.082922,444548,initialize_iteration,0,991,20445,1,0,19682816,161480704,143417344,161480704,9.084199788048863,,,,,,,,3200000,0
1791252670.0930421,444548,initialize_iteration,0,992,20445,1,0,19518976,161480704,143417344,161480704,9.729400044307113,,,,,,,,3200000,0
1791252670.102268,444548,initialize_iteration,0,993,20445,1,0,19682816,161480704,143417344,161480704,8.537699934095144,,,,,,,,3200000,0
1791252670.109781,444548,initialize_iteration,0,994,20445,1,0,19518976,161480704,143417344,161480704,7.456100080162287,,,,,,,,3200000,0
1791252670.1185162,444548,initialize_iteration,0,995,20445,1,0,19682816,161480704,143417344,161480704,7.674599997699261,,,,,,,,3200000,0
1791252670.1250525,444548,initialize_iteration,0,996,20445,1,0,19518976,161480704,143417344,161480704,7.049300009384751,,,,,,,,3200000,0
1791252670.1347835,444548,initialize_iteration,0,997,20445,1,0,19682816,161480704,143417344,161480704,8.996500167995691,,,,,,,,3200000,0
1791252670.1468556,444548,initialize_iteration,0,998,20445,1,0,19518976,161480704,143417344,161480704,11.009299894794822,,,,,,,,3200000,0
1791252670.1560853,444548,initialize_iteration,0,999,20445,1,0,19682816,161480704,143417344,161480704,8.151400135830045,,,,,,,,3200000,0
1791252670.1642468,444548,initialize_iteration,0,1000,20445,1,0,19518976,161480704,143417344,161480704,8.0960001796484,,,,,,,,3200000,0
1791252670.1792688,444548,retention_densify_plan,0,1001,20445,1,0,21033984,161480704,143417344,161480704,,20445,20445,906,906,0,954,7.727900054305792,3200000,0
1791252670.1967049,444548,upstream_init_densify_prune,0,1001,21351,1,0,22138368,161480704,143417344,161480704,,20445,21351,,,,,,3200000,0
1791252670.1978137,444548,initialize_iteration,0,1001,21351,1,0,22138368,161480704,143417344,161480704,33.3791000302881,,,,,,,,3200000,0
1791252670.2068305,444548,initialize_iteration,0,1002,21351,1,0,19732992,161480704,143417344,161480704,8.223399985581636,,,,,,,,3200000,0
1791252670.214341,444548,initialize_iteration,0,1003,21351,1,0,19896832,161480704,143417344,161480704,8.133199997246265,,,,,,,,3200000,0
1791252670.2238967,444548,initialize_iteration,0,1004,21351,1,0,19732992,161480704,143417344,161480704,8.599800057709217,,,,,,,,3200000,0
1791252670.2344215,444548,initialize_iteration,0,1005,21351,1,0,19896832,161480704,143417344,161480704,9.97989997267723,,,,,,,,3200000,0
1791252670.248665,444548,initialize_iteration,0,1006,21351,1,0,19732992,161480704,143417344,161480704,13.213400030508637,,,,,,,,3200000,0
1791252670.2613876,444548,initialize_iteration,0,1007,21351,1,0,19896832,161480704,143417344,161480704,11.793100042268634,,,,,,,,3200000,0
1791252670.2702103,444548,initialize_iteration,0,1008,21351,1,0,19732992,161480704,143417344,161480704,8.613599929958582,,,,,,,,3200000,0
1791252670.281924,444548,initialize_iteration,0,1009,21351,1,0,19896832,161480704,143417344,161480704,10.844000149518251,,,,,,,,3200000,0
1791252670.2899756,444548,initialize_iteration,0,1010,21351,1,0,19732992,161480704,143417344,161480704,7.913900073617697,,,,,,,,3200000,0
1791252670.299004,444548,initialize_iteration,0,1011,21351,1,0,19896832,161480704,143417344,161480704,7.980800000950694,,,,,,,,3200000,0
1791252670.3080974,444548,initialize_iteration,0,1012,21351,1,0,19732992,161480704,143417344,161480704,8.8833998888731,,,,,,,,3200000,0
1791252670.3214202,444548,initialize_iteration,0,1013,21351,1,0,19896832,161480704,143417344,161480704,12.378300074487925,,,,,,,,3200000,0
1791252670.3329551,444548,initialize_iteration,0,1014,21351,1,0,19732992,161480704,143417344,161480704,10.90470002964139,,,,,,,,3200000,0
1791252670.3406103,444548,initialize_iteration,0,1015,21351,1,0,19896832,161480704,143417344,161480704,7.774299941956997,,,,,,,,3200000,0
1791252670.3508823,444548,initialize_iteration,0,1016,21351,1,0,19732992,161480704,143417344,161480704,9.421700146049261,,,,,,,,3200000,0
1791252670.3634105,444548,initialize_iteration,0,1017,21351,1,0,19896832,161480704,143417344,161480704,12.341999914497137,,,,,,,,3200000,0
1791252670.3719292,444548,initialize_iteration,0,1018,21351,1,0,19732992,161480704,143417344,161480704,7.836000062525272,,,,,,,,3200000,0
1791252670.382038,444548,initialize_iteration,0,1019,21351,1,0,19896832,161480704,143417344,161480704,10.120699880644679,,,,,,,,3200000,0
1791252670.395929,444548,initialize_iteration,0,1020,21351,1,0,19732992,161480704,143417344,161480704,13.110999949276447,,,,,,,,3200000,0
1791252670.4101045,444548,initialize_iteration,0,1021,21351,1,0,19896832,161480704,143417344,161480704,13.37719988077879,,,,,,,,3200000,0
1791252670.4188173,444548,initialize_iteration,0,1022,21351,1,0,19732992,161480704,143417344,161480704,7.9917998518794775,,,,,,,,3200000,0
1791252670.4268289,444548,initialize_iteration,0,1023,21351,1,0,19896832,161480704,143417344,161480704,7.33870011754334,,,,,,,,3200000,0
1791252670.4358356,444548,initialize_iteration,0,1024,21351,1,0,19732992,161480704,143417344,161480704,8.515099994838238,,,,,,,,3200000,0
1791252670.4438448,444548,initialize_iteration,0,1025,21351,1,0,19896832,161480704,143417344,161480704,7.3772999458014965,,,,,,,,3200000,0
1791252670.4528785,444548,initialize_iteration,0,1026,21351,1,0,19732992,161480704,143417344,161480704,8.897399995476007,,,,,,,,3200000,0
1791252670.4608896,444548,initialize_iteration,0,1027,21351,1,0,19896832,161480704,143417344,161480704,7.236599922180176,,,,,,,,3200000,0
1791252670.4689078,444548,initialize_iteration,0,1028,21351,1,0,19732992,161480704,143417344,161480704,7.812399882823229,,,,,,,,3200000,0
1791252670.4769201,444548,initialize_iteration,0,1029,21351,1,0,19896832,161480704,143417344,161480704,7.238700054585934,,,,,,,,3200000,0
1791252670.4854324,444548,initialize_iteration,0,1030,21351,1,0,19732992,161480704,143417344,161480704,8.326299954205751,,,,,,,,3200000,0
1791252670.4929473,444548,initialize_iteration,0,1031,21351,1,0,19896832,161480704,143417344,161480704,7.471600081771612,,,,,,,,3200000,0
1791252670.5021307,444548,initialize_iteration,0,1032,21351,1,0,19732992,161480704,143417344,161480704,8.260800037533045,,,,,,,,3200000,0
1791252670.5108056,444548,initialize_iteration,0,1033,21351,1,0,19896832,161480704,143417344,161480704,7.933800108730793,,,,,,,,3200000,0
1791252670.5193481,444548,initialize_iteration,0,1034,21351,1,0,19732992,161480704,143417344,161480704,7.543599931523204,,,,,,,,3200000,0
1791252670.5269027,444548,initialize_iteration,0,1035,21351,1,0,19896832,161480704,143417344,161480704,7.459499873220921,,,,,,,,3200000,0
1791252670.5349147,444548,initialize_iteration,0,1036,21351,1,0,19732992,161480704,143417344,161480704,8.23909998871386,,,,,,,,3200000,0
1791252670.544598,444548,initialize_iteration,0,1037,21351,1,0,19896832,161480704,143417344,161480704,8.261800045147538,,,,,,,,3200000,0
1791252670.5531473,444548,initialize_iteration,0,1038,21351,1,0,19732992,161480704,143417344,161480704,8.146699983626604,,,,,,,,3200000,0
1791252670.5631604,444548,initialize_iteration,0,1039,21351,1,0,19896832,161480704,143417344,161480704,9.195199934765697,,,,,,,,3200000,0
1791252670.5738358,444548,initialize_iteration,0,1040,21351,1,0,19732992,161480704,143417344,161480704,11.003700084984303,,,,,,,,3200000,0
1791252670.582856,444548,initialize_iteration,0,1041,21351,1,0,19896832,161480704,143417344,161480704,7.765900110825896,,,,,,,,3200000,0
1791252670.5923986,444548,initialize_iteration,0,1042,21351,1,0,19732992,161480704,143417344,161480704,8.820299990475178,,,,,,,,3200000,0
1791252670.6014137,444548,initialize_iteration,0,1043,21351,1,0,19896832,161480704,143417344,161480704,8.876000065356493,,,,,,,,3200000,0
1791252670.6111386,444548,initialize_iteration,0,1044,21351,1,0,19732992,161480704,143417344,161480704,8.74299998395145,,,,,,,,3200000,0
1791252670.6211686,444548,initialize_iteration,0,1045,21351,1,0,19896832,161480704,143417344,161480704,9.558599907904863,,,,,,,,3200000,0
1791252670.6306436,444548,initialize_iteration,0,1046,21351,1,0,19732992,161480704,143417344,161480704,9.032599860802293,,,,,,,,3200000,0
1791252670.639349,444548,initialize_iteration,0,1047,21351,1,0,19896832,161480704,143417344,161480704,8.249599952250719,,,,,,,,3200000,0
1791252670.6488733,444548,initialize_iteration,0,1048,21351,1,0,19732992,161480704,143417344,161480704,8.738300064578652,,,,,,,,3200000,0
1791252670.6569197,444548,initialize_iteration,0,1049,21351,1,0,19896832,161480704,143417344,161480704,7.533099967986345,,,,,,,,3200000,0
1791252670.6663175,444548,initialize_iteration,0,1050,21351,1,0,19732992,161480704,143417344,161480704,8.270899998024106,,,,,,,,3200000,0
1791252670.6668198,444548,sync_begin,0,1050,21351,1,0,12539392,161480704,143417344,161480704,,,,,,,,,3200000,0
1791252670.6699991,444548,sync_enqueued,0,1050,21351,1,0,17584128,161480704,143417344,161480704,,,,,,,,,3200000,0
1791252675.2232673,444548,tracking_feedback,6,1050,21351,1,0,17584128,161480704,143417344,161480704,,21351,21351,,,,,3.783599939197302,3200000,0
1791252675.259565,444548,retention_insert_plan,6,1050,21351,2,2,24957440,163577856,143417344,163577856,,21351,21351,1953,1953,0,175,23.58729997649789,3200000,0
1791252675.264567,444548,keyframe_insert,6,1050,23304,2,2,17938944,163577856,143417344,163577856,,21351,23304,,,,,,3200000,0
1791252675.303039,444548,map_iteration,6,1051,23304,2,2,27688448,171966464,143417344,171966464,37.56950004026294,,,,,,,,3200000,0
1791252675.3268352,444548,map_iteration,6,1052,23304,2,2,28303360,171966464,143417344,171966464,22.6199000608176,,,,,,,,3200000,0
1791252675.347404,444548,map_iteration,6,1053,23304,2,2,28411904,171966464,143417344,171966464,20.460400031879544,,,,,,,,3200000,0
1791252675.3698149,444548,map_iteration,6,1054,23304,2,2,28411904,171966464,143417344,171966464,21.651300135999918,,,,,,,,3200000,0
1791252675.392416,444548,map_iteration,6,1055,23304,2,2,28411904,171966464,143417344,171966464,20.840700017288327,,,,,,,,3200000,0
1791252675.4166126,444548,map_iteration,6,1056,23304,2,2,28411904,171966464,143417344,171966464,23.88800005428493,,,,,,,,3200000,0
1791252675.4406335,444548,map_iteration,6,1057,23304,2,2,28411904,171966464,143417344,171966464,23.21060001850128,,,,,,,,3200000,0
1791252675.4625716,444548,map_iteration,6,1058,23304,2,2,28411904,171966464,143417344,171966464,21.198099944740534,,,,,,,,3200000,0
1791252675.490994,444548,map_iteration,6,1059,23304,2,2,28411904,171966464,143417344,171966464,28.50020001642406,,,,,,,,3200000,0
1791252675.5105505,444548,map_iteration,6,1060,23304,2,2,28411904,171966464,143417344,171966464,18.629799829795957,,,,,,,,3200000,0
1791252675.5303786,444548,map_iteration,6,1061,23304,2,2,28411904,171966464,143417344,171966464,19.083700142800808,,,,,,,,3200000,0
1791252675.5499465,444548,map_iteration,6,1062,23304,2,2,28411904,171966464,143417344,171966464,18.42499990016222,,,,,,,,3200000,0
1791252675.5679932,444548,map_iteration,6,1063,23304,2,2,28411904,171966464,143417344,171966464,18.28760001808405,,,,,,,,3200000,0
1791252675.586879,444548,map_iteration,6,1064,23304,2,2,28411904,171966464,143417344,171966464,17.96750002540648,,,,,,,,3200000,0
1791252675.6092863,444548,map_iteration,6,1065,23304,2,2,28411904,171966464,143417344,171966464,21.528699900954962,,,,,,,,3200000,0
1791252675.6280622,444548,map_iteration,6,1066,23304,2,2,28411904,171966464,143417344,171966464,18.78100004978478,,,,,,,,3200000,0
1791252675.6542222,444548,map_iteration,6,1067,23304,2,2,28411904,171966464,143417344,171966464,24.89819983020425,,,,,,,,3200000,0
1791252675.6742651,444548,map_iteration,6,1068,23304,2,2,28411904,171966464,143417344,171966464,19.99849989078939,,,,,,,,3200000,0
1791252675.6935067,444548,map_iteration,6,1069,23304,2,2,28411904,171966464,143417344,171966464,18.199099926277995,,,,,,,,3200000,0
1791252675.7158906,444548,map_iteration,6,1070,23304,2,2,28411904,171966464,143417344,171966464,21.851600147783756,,,,,,,,3200000,0
1791252675.7367609,444548,map_iteration,6,1071,23304,2,2,28411904,171966464,143417344,171966464,19.617700017988682,,,,,,,,3200000,0
1791252675.7583401,444548,map_iteration,6,1072,23304,2,2,28411904,171966464,143417344,171966464,21.3472000323236,,,,,,,,3200000,0
1791252675.7773697,444548,map_iteration,6,1073,23304,2,2,28411904,171966464,143417344,171966464,18.555999966338277,,,,,,,,3200000,0
1791252675.8034346,444548,map_iteration,6,1074,23304,2,2,28411904,171966464,143417344,171966464,25.13840002939105,,,,,,,,3200000,0
1791252675.8229663,444548,map_iteration,6,1075,23304,2,2,28411904,171966464,143417344,171966464,19.041100051254034,,,,,,,,3200000,0
1791252675.846538,444548,map_iteration,6,1076,23304,2,2,28411904,171966464,143417344,171966464,22.30399986729026,,,,,,,,3200000,0
1791252675.866114,444548,map_iteration,6,1077,23304,2,2,28411904,171966464,143417344,171966464,19.018700113520026,,,,,,,,3200000,0
1791252675.8857317,444548,map_iteration,6,1078,23304,2,2,28411904,171966464,143417344,171966464,18.641799921169877,,,,,,,,3200000,0
1791252675.904963,444548,map_iteration,6,1079,23304,2,2,28411904,171966464,143417344,171966464,18.832500092685223,,,,,,,,3200000,0
1791252675.9226327,444548,map_iteration,6,1080,23304,2,2,28411904,171966464,143417344,171966464,17.684799851849675,,,,,,,,3200000,0
1791252675.941185,444548,map_iteration,6,1081,23304,2,2,28411904,171966464,143417344,171966464,17.3526001162827,,,,,,,,3200000,0
1791252675.9587164,444548,map_iteration,6,1082,23304,2,2,28411904,171966464,143417344,171966464,17.37629994750023,,,,,,,,3200000,0
1791252675.9759045,444548,map_iteration,6,1083,23304,2,2,28411904,171966464,143417344,171966464,16.30830019712448,,,,,,,,3200000,0
1791252675.993763,444548,map_iteration,6,1084,23304,2,2,28411904,171966464,143417344,171966464,17.159999813884497,,,,,,,,3200000,0
1791252676.0106583,444548,map_iteration,6,1085,23304,2,2,28411904,171966464,143417344,171966464,17.212799983099103,,,,,,,,3200000,0
1791252676.0316002,444548,map_iteration,6,1086,23304,2,2,28411904,171966464,143417344,171966464,20.222899969667196,,,,,,,,3200000,0
1791252676.0510209,444548,map_iteration,6,1087,23304,2,2,28411904,171966464,143417344,171966464,17.593999858945608,,,,,,,,3200000,0
1791252676.0673835,444548,map_iteration,6,1088,23304,2,2,28411904,171966464,143417344,171966464,16.231500077992678,,,,,,,,3200000,0
1791252676.0863893,444548,map_iteration,6,1089,23304,2,2,28411904,171966464,143417344,171966464,18.04549992084503,,,,,,,,3200000,0
1791252676.105054,444548,map_iteration,6,1090,23304,2,2,28411904,171966464,143417344,171966464,17.961099976673722,,,,,,,,3200000,0
1791252676.128822,444548,map_iteration,6,1091,23304,2,2,28411904,171966464,143417344,171966464,23.448900086805224,,,,,,,,3200000,0
1791252676.1531384,444548,map_iteration,6,1092,23304,2,2,28411904,171966464,143417344,171966464,23.976600030437112,,,,,,,,3200000,0
1791252676.1782203,444548,map_iteration,6,1093,23304,2,2,28411904,171966464,143417344,171966464,23.861899971961975,,,,,,,,3200000,0
1791252676.195853,444548,map_iteration,6,1094,23304,2,2,28411904,171966464,143417344,171966464,17.560299951583147,,,,,,,,3200000,0
1791252676.2199423,444548,map_iteration,6,1095,23304,2,2,28411904,171966464,143417344,171966464,22.76349999010563,,,,,,,,3200000,0
1791252676.2369585,444548,map_iteration,6,1096,23304,2,2,28411904,171966464,143417344,171966464,16.5948998183012,,,,,,,,3200000,0
1791252676.2547545,444548,map_iteration,6,1097,23304,2,2,28411904,171966464,143417344,171966464,17.735800007358193,,,,,,,,3200000,0
1791252676.2714639,444548,map_iteration,6,1098,23304,2,2,28411904,171966464,143417344,171966464,16.01619995199144,,,,,,,,3200000,0
1791252676.2933085,444548,map_iteration,6,1099,23304,2,2,28411904,171966464,143417344,171966464,20.900100003927946,,,,,,,,3200000,0
1791252676.3416622,444548,retention_densify_plan,6,1100,23304,2,2,29955584,171966464,143417344,171966464,,23304,23304,2783,2783,0,2867,33.73409993946552,3200000,0
1791252676.4421124,444548,upstream_map_densify_prune,6,1100,10409,2,2,28702720,171966464,143417344,171966464,,23304,10409,,,,,,3200000,0
1791252676.4451122,444548,map_iteration,6,1100,10409,2,2,28700672,171966464,143417344,171966464,151.46970003843307,,,,,,,,3200000,0
1791252676.4620981,444548,map_iteration,6,1101,10409,2,2,23987200,171966464,143417344,171966464,16.95260009728372,,,,,,,,3200000,0
1791252676.4793243,444548,map_iteration,6,1102,10409,2,2,23372288,171966464,143417344,171966464,16.482200007885695,,,,,,,,3200000,0
1791252676.4958477,444548,map_iteration,6,1103,10409,2,2,23372288,171966464,143417344,171966464,15.632800059393048,,,,,,,,3200000,0
1791252676.5127423,444548,map_iteration,6,1104,10409,2,2,23372288,171966464,143417344,171966464,16.339499969035387,,,,,,,,3200000,0
1791252676.5297866,444548,map_iteration,6,1105,10409,2,2,23372288,171966464,143417344,171966464,16.58080006018281,,,,,,,,3200000,0
1791252676.5474298,444548,map_iteration,6,1106,10409,2,2,23372288,171966464,143417344,171966464,16.812500078231096,,,,,,,,3200000,0
1791252676.5641448,444548,map_iteration,6,1107,10409,2,2,23372288,171966464,143417344,171966464,16.163199907168746,,,,,,,,3200000,0
1791252676.5803468,444548,map_iteration,6,1108,10409,2,2,23372288,171966464,143417344,171966464,15.69510018453002,,,,,,,,3200000,0
1791252676.5995429,444548,map_iteration,6,1109,10409,2,2,23372288,171966464,143417344,171966464,18.019000068306923,,,,,,,,3200000,0
1791252676.617616,444548,map_iteration,6,1110,10409,2,2,23372288,171966464,143417344,171966464,17.30659999884665,,,,,,,,3200000,0
1791252676.6342463,444548,map_iteration,6,1111,10409,2,2,23372288,171966464,143417344,171966464,16.502700047567487,,,,,,,,3200000,0
1791252676.6527333,444548,map_iteration,6,1112,10409,2,2,23372288,171966464,143417344,171966464,17.890000017359853,,,,,,,,3200000,0
1791252676.6694536,444548,map_iteration,6,1113,10409,2,2,23372288,171966464,143417344,171966464,15.721499919891357,,,,,,,,3200000,0
1791252676.6861858,444548,map_iteration,6,1114,10409,2,2,23372288,171966464,143417344,171966464,15.802700072526932,,,,,,,,3200000,0
1791252676.701399,444548,map_iteration,6,1115,10409,2,2,23372288,171966464,143417344,171966464,15.013699885457754,,,,,,,,3200000,0
1791252676.7182643,444548,map_iteration,6,1116,10409,2,2,23372288,171966464,143417344,171966464,15.988399973139167,,,,,,,,3200000,0
1791252676.7323449,444548,map_iteration,6,1117,10409,2,2,23372288,171966464,143417344,171966464,13.966100057587028,,,,,,,,3200000,0
1791252676.7516062,444548,map_iteration,6,1118,10409,2,2,23372288,171966464,143417344,171966464,18.37929990142584,,,,,,,,3200000,0
1791252676.7682998,444548,map_iteration,6,1119,10409,2,2,23372288,171966464,143417344,171966464,16.84860000386834,,,,,,,,3200000,0
1791252676.7891312,444548,map_iteration,6,1120,10409,2,2,23372288,171966464,143417344,171966464,19.72609991207719,,,,,,,,3200000,0
1791252676.8104963,444548,map_iteration,6,1121,10409,2,2,23372288,171966464,143417344,171966464,20.519600016996264,,,,,,,,3200000,0
1791252676.829825,444548,map_iteration,6,1122,10409,2,2,23372288,171966464,143417344,171966464,18.227600026875734,,,,,,,,3200000,0
1791252676.8482814,444548,map_iteration,6,1123,10409,2,2,23372288,171966464,143417344,171966464,18.731700023636222,,,,,,,,3200000,0
1791252676.8668613,444548,map_iteration,6,1124,10409,2,2,23372288,171966464,143417344,171966464,17.284000059589744,,,,,,,,3200000,0
1791252676.8894122,444548,map_iteration,6,1125,10409,2,2,23372288,171966464,143417344,171966464,23.004999849945307,,,,,,,,3200000,0
1791252676.910255,444548,map_iteration,6,1126,10409,2,2,23372288,171966464,143417344,171966464,19.394899951294065,,,,,,,,3200000,0
1791252676.930336,444548,map_iteration,6,1127,10409,2,2,23372288,171966464,143417344,171966464,19.763499964028597,,,,,,,,3200000,0
1791252676.949887,444548,map_iteration,6,1128,10409,2,2,23372288,171966464,143417344,171966464,19.02540004812181,,,,,,,,3200000,0
1791252676.9684033,444548,map_iteration,6,1129,10409,2,2,23372288,171966464,143417344,171966464,17.023100052028894,,,,,,,,3200000,0
1791252676.9859254,444548,map_iteration,6,1130,10409,2,2,23372288,171966464,143417344,171966464,17.128000035881996,,,,,,,,3200000,0
1791252677.0066779,444548,map_iteration,6,1131,10409,2,2,23372288,171966464,143417344,171966464,20.416799932718277,,,,,,,,3200000,0
1791252677.0230372,444548,map_iteration,6,1132,10409,2,2,23372288,171966464,143417344,171966464,15.671500004827976,,,,,,,,3200000,0
1791252677.0442553,444548,map_iteration,6,1133,10409,2,2,23372288,171966464,143417344,171966464,21.44579985179007,,,,,,,,3200000,0
1791252677.06479,444548,map_iteration,6,1134,10409,2,2,23372288,171966464,143417344,171966464,18.785799853503704,,,,,,,,3200000,0
1791252677.082471,444548,map_iteration,6,1135,10409,2,2,23372288,171966464,143417344,171966464,17.006099922582507,,,,,,,,3200000,0
1791252677.0974972,444548,map_iteration,6,1136,10409,2,2,23372288,171966464,143417344,171966464,14.925299910828471,,,,,,,,3200000,0
1791252677.1138113,444548,map_iteration,6,1137,10409,2,2,23372288,171966464,143417344,171966464,16.09050016850233,,,,,,,,3200000,0
1791252677.1343946,444548,map_iteration,6,1138,10409,2,2,23372288,171966464,143417344,171966464,20.48760000616312,,,,,,,,3200000,0
1791252677.1586313,444548,map_iteration,6,1139,10409,2,2,23372288,171966464,143417344,171966464,22.340300027281046,,,,,,,,3200000,0
1791252677.176862,444548,map_iteration,6,1140,10409,2,2,23372288,171966464,143417344,171966464,18.534700153395534,,,,,,,,3200000,0
1791252677.1969173,444548,map_iteration,6,1141,10409,2,2,23372288,171966464,143417344,171966464,18.89029983431101,,,,,,,,3200000,0
1791252677.215954,444548,map_iteration,6,1142,10409,2,2,23372288,171966464,143417344,171966464,18.1551999412477,,,,,,,,3200000,0
1791252677.2344189,444548,map_iteration,6,1143,10409,2,2,23372288,171966464,143417344,171966464,17.98850018531084,,,,,,,,3200000,0
1791252677.254009,444548,map_iteration,6,1144,10409,2,2,23372288,171966464,143417344,171966464,18.49639997817576,,,,,,,,3200000,0
1791252677.271252,444548,map_iteration,6,1145,10409,2,2,23372288,171966464,143417344,171966464,16.791100148111582,,,,,,,,3200000,0
1791252677.2940254,444548,map_iteration,6,1146,10409,2,2,23372288,171966464,143417344,171966464,21.947599947452545,,,,,,,,3200000,0
1791252677.3148484,444548,map_iteration,6,1147,10409,2,2,23372288,171966464,143417344,171966464,20.425800001248717,,,,,,,,3200000,0
1791252677.3332233,444548,map_iteration,6,1148,10409,2,2,23372288,171966464,143417344,171966464,17.390600172802806,,,,,,,,3200000,0
1791252677.3492742,444548,map_iteration,6,1149,10409,2,2,23372288,171966464,143417344,171966464,16.16709982044995,,,,,,,,3200000,0
1791252677.3735964,444548,map_iteration,6,1150,10409,2,2,23372288,171966464,143417344,171966464,23.454200010746717,,,,,,,,3200000,0
1791252677.3908176,444548,map_iteration,6,1151,10409,2,2,23372288,171966464,143417344,171966464,16.515899915248156,,,,,,,,3200000,0
1791252677.4121366,444548,map_iteration,6,1152,10409,2,2,23372288,171966464,143417344,171966464,21.545899799093604,,,,,,,,3200000,0
1791252677.4410346,444548,map_iteration,6,1153,10409,2,2,23372288,171966464,143417344,171966464,27.416300028562546,,,,,,,,3200000,0
1791252677.4593074,444548,map_iteration,6,1154,10409,2,2,23372288,171966464,143417344,171966464,17.378099961206317,,,,,,,,3200000,0
1791252677.4758267,444548,map_iteration,6,1155,10409,2,2,23372288,171966464,143417344,171966464,15.881799859926105,,,,,,,,3200000,0
1791252677.4925537,444548,map_iteration,6,1156,10409,2,2,23372288,171966464,143417344,171966464,16.31659991107881,,,,,,,,3200000,0
1791252677.5083525,444548,map_iteration,6,1157,10409,2,2,23372288,171966464,143417344,171966464,15.080000041052699,,,,,,,,3200000,0
1791252677.5232933,444548,map_iteration,6,1158,10409,2,2,23372288,171966464,143417344,171966464,14.44839988835156,,,,,,,,3200000,0
1791252677.5405066,444548,map_iteration,6,1159,10409,2,2,23372288,171966464,143417344,171966464,16.194600146263838,,,,,,,,3200000,0
1791252677.5540361,444548,map_iteration,6,1160,10409,2,2,23372288,171966464,143417344,171966464,14.285000041127205,,,,,,,,3200000,0
1791252677.5702655,444548,map_iteration,6,1161,10409,2,2,23372288,171966464,143417344,171966464,15.047400025650859,,,,,,,,3200000,0
1791252677.587341,444548,map_iteration,6,1162,10409,2,2,23372288,171966464,143417344,171966464,16.13910007290542,,,,,,,,3200000,0
1791252677.6022217,444548,map_iteration,6,1163,10409,2,2,23372288,171966464,143417344,171966464,14.77780006825924,,,,,,,,3200000,0
1791252677.620306,444548,map_iteration,6,1164,10409,2,2,23372288,171966464,143417344,171966464,17.00120000168681,,,,,,,,3200000,0
1791252677.6369333,444548,map_iteration,6,1165,10409,2,2,23372288,171966464,143417344,171966464,16.054699895903468,,,,,,,,3200000,0
1791252677.653678,444548,map_iteration,6,1166,10409,2,2,23372288,171966464,143417344,171966464,15.93320001848042,,,,,,,,3200000,0
1791252677.6683717,444548,map_iteration,6,1167,10409,2,2,23372288,171966464,143417344,171966464,14.294599881395698,,,,,,,,3200000,0
1791252677.6841176,444548,map_iteration,6,1168,10409,2,2,23372288,171966464,143417344,171966464,15.267699956893921,,,,,,,,3200000,0
1791252677.702348,444548,map_iteration,6,1169,10409,2,2,23372288,171966464,143417344,171966464,17.663999926298857,,,,,,,,3200000,0
1791252677.7204125,444548,map_iteration,6,1170,10409,2,2,23372288,171966464,143417344,171966464,17.280600033700466,,,,,,,,3200000,0
1791252677.7374809,444548,map_iteration,6,1171,10409,2,2,23372288,171966464,143417344,171966464,15.605599852278829,,,,,,,,3200000,0
1791252677.7537918,444548,map_iteration,6,1172,10409,2,2,23372288,171966464,143417344,171966464,16.570000210776925,,,,,,,,3200000,0
1791252677.7722235,444548,map_iteration,6,1173,10409,2,2,23372288,171966464,143417344,171966464,17.2949000261724,,,,,,,,3200000,0
1791252677.788808,444548,map_iteration,6,1174,10409,2,2,23372288,171966464,143417344,171966464,15.735599910840392,,,,,,,,3200000,0
1791252677.8136218,444548,map_iteration,6,1175,10409,2,2,23372288,171966464,143417344,171966464,24.66410002671182,,,,,,,,3200000,0
1791252677.8298247,444548,map_iteration,6,1176,10409,2,2,23372288,171966464,143417344,171966464,15.656800009310246,,,,,,,,3200000,0
1791252677.8488822,444548,map_iteration,6,1177,10409,2,2,23372288,171966464,143417344,171966464,18.870500149205327,,,,,,,,3200000,0
1791252677.8646126,444548,map_iteration,6,1178,10409,2,2,23372288,171966464,143417344,171966464,15.577299986034632,,,,,,,,3200000,0
1791252677.8803353,444548,map_iteration,6,1179,10409,2,2,23372288,171966464,143417344,171966464,15.535100130364299,,,,,,,,3200000,0
1791252677.897091,444548,map_iteration,6,1180,10409,2,2,23372288,171966464,143417344,171966464,15.292299911379814,,,,,,,,3200000,0
1791252677.9147892,444548,map_iteration,6,1181,10409,2,2,23372288,171966464,143417344,171966464,16.733499942347407,,,,,,,,3200000,0
1791252677.9308178,444548,map_iteration,6,1182,10409,2,2,23372288,171966464,143417344,171966464,15.331999864429235,,,,,,,,3200000,0
1791252677.9467714,444548,map_iteration,6,1183,10409,2,2,23372288,171966464,143417344,171966464,15.743999974802136,,,,,,,,3200000,0
1791252677.9700267,444548,map_iteration,6,1184,10409,2,2,23372288,171966464,143417344,171966464,22.890999913215637,,,,,,,,3200000,0
1791252677.988816,444548,map_iteration,6,1185,10409,2,2,23372288,171966464,143417344,171966464,18.307100050151348,,,,,,,,3200000,0
1791252678.0090826,444548,map_iteration,6,1186,10409,2,2,23372288,171966464,143417344,171966464,19.05200001783669,,,,,,,,3200000,0
1791252678.0295298,444548,map_iteration,6,1187,10409,2,2,23372288,171966464,143417344,171966464,20.248200045898557,,,,,,,,3200000,0
1791252678.0445807,444548,map_iteration,6,1188,10409,2,2,23372288,171966464,143417344,171966464,14.553399989381433,,,,,,,,3200000,0
1791252678.0608392,444548,map_iteration,6,1189,10409,2,2,23372288,171966464,143417344,171966464,16.21490018442273,,,,,,,,3200000,0
1791252678.0795372,444548,map_iteration,6,1190,10409,2,2,23372288,171966464,143417344,171966464,17.206499818712473,,,,,,,,3200000,0
1791252678.0968173,444548,map_iteration,6,1191,10409,2,2,23372288,171966464,143417344,171966464,17.280800035223365,,,,,,,,3200000,0
1791252678.1120267,444548,map_iteration,6,1192,10409,2,2,23372288,171966464,143417344,171966464,13.990799896419048,,,,,,,,3200000,0
1791252678.1288183,444548,map_iteration,6,1193,10409,2,2,23372288,171966464,143417344,171966464,16.16890006698668,,,,,,,,3200000,0
1791252678.1450593,444548,map_iteration,6,1194,10409,2,2,23372288,171966464,143417344,171966464,15.902499901130795,,,,,,,,3200000,0
1791252678.161843,444548,map_iteration,6,1195,10409,2,2,23372288,171966464,143417344,171966464,16.529599903151393,,,,,,,,3200000,0
1791252678.178022,444548,map_iteration,6,1196,10409,2,2,23372288,171966464,143417344,171966464,16.312999883666635,,,,,,,,3200000,0
1791252678.1942837,444548,map_iteration,6,1197,10409,2,2,23372288,171966464,143417344,171966464,15.311700059100986,,,,,,,,3200000,0
1791252678.210827,444548,map_iteration,6,1198,10409,2,2,23372288,171966464,143417344,171966464,15.689000021666288,,,,,,,,3200000,0
1791252678.2268558,444548,map_iteration,6,1199,10409,2,2,23372288,171966464,143417344,171966464,15.794600127264857,,,,,,,,3200000,0
1791252678.2423892,444548,map_iteration,6,1200,10409,2,2,23372288,171966464,143417344,171966464,14.976900070905685,,,,,,,,3200000,0
1791252678.251418,444548,map_prune_iteration,6,1201,10409,2,2,23958016,171966464,143417344,171966464,8.722499944269657,,,,,,,,3200000,0
1791252678.2529216,444548,sync_begin,6,1201,10409,2,2,16371712,171966464,143417344,171966464,,,,,,,,,3200000,0
1791252678.2559245,444548,sync_enqueued,6,1201,10409,2,2,18834432,171966464,143417344,171966464,,,,,,,,,3200000,0
1791252682.102376,444548,tracking_feedback,12,1201,10409,2,2,18834432,171966464,143417344,171966464,,10409,10409,,,,,2.3749000392854214,3200000,0
1791252682.130897,444548,retention_insert_plan,12,1201,10409,3,3,26207744,171966464,143417344,171966464,,10409,10409,1960,1960,0,257,14.602100010961294,3200000,0
1791252682.1349146,444548,keyframe_insert,12,1201,12369,3,3,18602496,171966464,143417344,171966464,,10409,12369,,,,,,3200000,0
1791252682.1639972,444548,map_iteration,12,1202,12369,3,3,22415360,171966464,143417344,171966464,27.64380001462996,,,,,,,,3200000,0
1791252682.1910586,444548,map_iteration,12,1203,12369,3,3,22415360,171966464,143417344,171966464,25.989299872890115,,,,,,,,3200000,0
1791252682.217616,444548,map_iteration,12,1204,12369,3,3,22415360,171966464,143417344,171966464,26.284500025212765,,,,,,,,3200000,0
1791252682.2447076,444548,map_iteration,12,1205,12369,3,3,22303232,171966464,143417344,171966464,26.106099830940366,,,,,,,,3200000,0
1791252682.2702796,444548,map_iteration,12,1206,12369,3,3,22251520,171966464,143417344,171966464,25.015399791300297,,,,,,,,3200000,0
1791252682.2983181,444548,map_iteration,12,1207,12369,3,3,22415360,171966464,143417344,171966464,27.86839986220002,,,,,,,,3200000,0
1791252682.3312821,444548,map_iteration,12,1208,12369,3,3,22251520,171966464,143417344,171966464,31.085999915376306,,,,,,,,3200000,0
1791252682.359078,444548,map_iteration,12,1209,12369,3,3,22251520,171966464,143417344,171966464,26.887699961662292,,,,,,,,3200000,0
1791252682.3842998,444548,map_iteration,12,1210,12369,3,3,22251520,171966464,143417344,171966464,25.581100024282932,,,,,,,,3200000,0
1791252682.4106567,444548,map_iteration,12,1211,12369,3,3,22251520,171966464,143417344,171966464,24.99320008791983,,,,,,,,3200000,0
1791252682.4360323,444548,map_iteration,12,1212,12369,3,3,22415360,171966464,143417344,171966464,24.934899993240833,,,,,,,,3200000,0
1791252682.4640582,444548,map_iteration,12,1213,12369,3,3,22415360,171966464,143417344,171966464,26.60199999809265,,,,,,,,3200000,0
1791252682.4925008,444548,map_iteration,12,1214,12369,3,3,22415360,171966464,143417344,171966464,27.989399852231145,,,,,,,,3200000,0
1791252682.522108,444548,map_iteration,12,1215,12369,3,3,22284288,171966464,143417344,171966464,28.688499936833978,,,,,,,,3200000,0
1791252682.548938,444548,map_iteration,12,1216,12369,3,3,22251520,171966464,143417344,171966464,26.94780007004738,,,,,,,,3200000,0
1791252682.5737014,444548,map_iteration,12,1217,12369,3,3,22415360,171966464,143417344,171966464,23.754899855703115,,,,,,,,3200000,0
1791252682.5982604,444548,map_iteration,12,1218,12369,3,3,22251520,171966464,143417344,171966464,24.813500000163913,,,,,,,,3200000,0
1791252682.6258745,444548,map_iteration,12,1219,12369,3,3,22251520,171966464,143417344,171966464,26.030899956822395,,,,,,,,3200000,0
1791252682.6514597,444548,map_iteration,12,1220,12369,3,3,22251520,171966464,143417344,171966464,24.386700009927154,,,,,,,,3200000,0
1791252682.6757653,444548,map_iteration,12,1221,12369,3,3,22251520,171966464,143417344,171966464,24.04809999279678,,,,,,,,3200000,0
1791252682.698821,444548,map_iteration,12,1222,12369,3,3,22251520,171966464,143417344,171966464,22.86949986591935,,,,,,,,3200000,0
1791252682.7198484,444548,map_iteration,12,1223,12369,3,3,22251520,171966464,143417344,171966464,21.163399796932936,,,,,,,,3200000,0
1791252682.7439551,444548,map_iteration,12,1224,12369,3,3,22251520,171966464,143417344,171966464,22.65339996665716,,,,,,,,3200000,0
1791252682.768209,444548,map_iteration,12,1225,12369,3,3,22251520,171966464,143417344,171966464,23.36340001784265,,,,,,,,3200000,0
1791252682.7919464,444548,map_iteration,12,1226,12369,3,3,22251520,171966464,143417344,171966464,23.273699916899204,,,,,,,,3200000,0
1791252682.8159819,444548,map_iteration,12,1227,12369,3,3,22251520,171966464,143417344,171966464,23.53679994121194,,,,,,,,3200000,0
1791252682.838889,444548,map_iteration,12,1228,12369,3,3,22251520,171966464,143417344,171966464,22.736100014299154,,,,,,,,3200000,0
1791252682.8639538,444548,map_iteration,12,1229,12369,3,3,22251520,171966464,143417344,171966464,23.791699903085828,,,,,,,,3200000,0
1791252682.8874419,444548,map_iteration,12,1230,12369,3,3,22251520,171966464,143417344,171966464,23.874999955296516,,,,,,,,3200000,0
1791252682.9117274,444548,map_iteration,12,1231,12369,3,3,22251520,171966464,143417344,171966464,23.499400122091174,,,,,,,,3200000,0
1791252682.936286,444548,map_iteration,12,1232,12369,3,3,22251520,171966464,143417344,171966464,23.50559993647039,,,,,,,,3200000,0
1791252682.9605641,444548,map_iteration,12,1233,12369,3,3,22251520,171966464,143417344,171966464,24.443400092422962,,,,,,,,3200000,0
1791252682.985834,444548,map_iteration,12,1234,12369,3,3,22251520,171966464,143417344,171966464,24.56840011291206,,,,,,,,3200000,0
1791252683.0174172,444548,map_iteration,12,1235,12369,3,3,22251520,171966464,143417344,171966464,30.937100062146783,,,,,,,,3200000,0
1791252683.052123,444548,map_iteration,12,1236,12369,3,3,22251520,171966464,143417344,171966464,33.667400013655424,,,,,,,,3200000,0
1791252683.074809,444548,map_iteration,12,1237,12369,3,3,22251520,171966464,143417344,171966464,21.919399965554476,,,,,,,,3200000,0
1791252683.101249,444548,map_iteration,12,1238,12369,3,3,22251520,171966464,143417344,171966464,26.391700142994523,,,,,,,,3200000,0
1791252683.1244361,444548,map_iteration,12,1239,12369,3,3,22251520,171966464,143417344,171966464,22.700299974530935,,,,,,,,3200000,0
1791252683.1482232,444548,map_iteration,12,1240,12369,3,3,22251520,171966464,143417344,171966464,23.01070000976324,,,,,,,,3200000,0
1791252683.1706111,444548,map_iteration,12,1241,12369,3,3,22251520,171966464,143417344,171966464,21.568099968135357,,,,,,,,3200000,0
1791252683.200528,444548,map_iteration,12,1242,12369,3,3,22251520,171966464,143417344,171966464,29.145500157028437,,,,,,,,3200000,0
1791252683.2335222,444548,map_iteration,12,1243,12369,3,3,22251520,171966464,143417344,171966464,32.544400077313185,,,,,,,,3200000,0
1791252683.2557511,444548,map_iteration,12,1244,12369,3,3,22251520,171966464,143417344,171966464,21.727699786424637,,,,,,,,3200000,0
1791252683.277486,444548,map_iteration,12,1245,12369,3,3,22251520,171966464,143417344,171966464,21.47749997675419,,,,,,,,3200000,0
1791252683.3015873,444548,map_iteration,12,1246,12369,3,3,22251520,171966464,143417344,171966464,22.99900003708899,,,,,,,,3200000,0
1791252683.325705,444548,map_iteration,12,1247,12369,3,3,22251520,171966464,143417344,171966464,23.508799960836768,,,,,,,,3200000,0
1791252683.3475842,444548,map_iteration,12,1248,12369,3,3,22251520,171966464,143417344,171966464,22.250300040468574,,,,,,,,3200000,0
1791252683.3716524,444548,map_iteration,12,1249,12369,3,3,22251520,171966464,143417344,171966464,23.241299903020263,,,,,,,,3200000,0
1791252683.4097857,444548,retention_densify_plan,12,1250,12369,3,3,23073792,171966464,143417344,171966464,,12369,12369,2556,2556,0,2720,18.746000016108155,3200000,0
1791252683.4285574,444548,upstream_map_densify_prune,12,1250,10772,3,3,23357952,171966464,143417344,171966464,,12369,10772,,,,,,3200000,0
1791252683.433082,444548,map_iteration,12,1250,10772,3,3,23353856,171966464,143417344,171966464,60.52800011821091,,,,,,,,3200000,0
1791252683.4547813,444548,map_iteration,12,1251,10772,3,3,21622272,171966464,143417344,171966464,21.74369990825653,,,,,,,,3200000,0
1791252683.4809966,444548,map_iteration,12,1252,10772,3,3,21622272,171966464,143417344,171966464,25.175699964165688,,,,,,,,3200000,0
1791252683.5042422,444548,map_iteration,12,1253,10772,3,3,21622272,171966464,143417344,171966464,23.59610004350543,,,,,,,,3200000,0
1791252683.5287223,444548,map_iteration,12,1254,10772,3,3,21622272,171966464,143417344,171966464,23.750599939376116,,,,,,,,3200000,0
1791252683.5539737,444548,map_iteration,12,1255,10772,3,3,21622272,171966464,143417344,171966464,23.778700036928058,,,,,,,,3200000,0
1791252683.5824497,444548,map_iteration,12,1256,10772,3,3,21622272,171966464,143417344,171966464,28.281900100409985,,,,,,,,3200000,0
1791252683.6110165,444548,map_iteration,12,1257,10772,3,3,21622272,171966464,143417344,171966464,28.1872998457402,,,,,,,,3200000,0
1791252683.6367664,444548,map_iteration,12,1258,10772,3,3,21622272,171966464,143417344,171966464,24.544899817556143,,,,,,,,3200000,0
1791252683.6615674,444548,map_iteration,12,1259,10772,3,3,21622272,171966464,143417344,171966464,25.035399943590164,,,,,,,,3200000,0
1791252683.6903017,444548,map_iteration,12,1260,10772,3,3,21622272,171966464,143417344,171966464,27.659800136461854,,,,,,,,3200000,0
1791252683.7143378,444548,map_iteration,12,1261,10772,3,3,21622272,171966464,143417344,171966464,22.870799992233515,,,,,,,,3200000,0
1791252683.7373974,444548,map_iteration,12,1262,10772,3,3,21622272,171966464,143417344,171966464,22.23310014232993,,,,,,,,3200000,0
1791252683.7601018,444548,map_iteration,12,1263,10772,3,3,21622272,171966464,143417344,171966464,22.683799965307117,,,,,,,,3200000,0
1791252683.7837782,444548,map_iteration,12,1264,10772,3,3,21622272,171966464,143417344,171966464,23.297300096601248,,,,,,,,3200000,0
1791252683.814465,444548,map_iteration,12,1265,10772,3,3,21622272,171966464,143417344,171966464,30.71909979917109,,,,,,,,3200000,0
1791252683.840267,444548,map_iteration,12,1266,10772,3,3,21622272,171966464,143417344,171966464,23.782300064340234,,,,,,,,3200000,0
1791252683.8643048,444548,map_iteration,12,1267,10772,3,3,21622272,171966464,143417344,171966464,23.36660004220903,,,,,,,,3200000,0
1791252683.8940365,444548,map_iteration,12,1268,10772,3,3,21622272,171966464,143417344,171966464,29.447299893945456,,,,,,,,3200000,0
1791252683.9162421,444548,map_iteration,12,1269,10772,3,3,21622272,171966464,143417344,171966464,21.15620020776987,,,,,,,,3200000,0
1791252683.9374652,444548,map_iteration,12,1270,10772,3,3,21622272,171966464,143417344,171966464,20.979000022634864,,,,,,,,3200000,0
1791252683.9620183,444548,map_iteration,12,1271,10772,3,3,21622272,171966464,143417344,171966464,23.729800013825297,,,,,,,,3200000,0
1791252683.9863088,444548,map_iteration,12,1272,10772,3,3,21622272,171966464,143417344,171966464,23.860500194132328,,,,,,,,3200000,0
1791252684.0114274,444548,map_iteration,12,1273,10772,3,3,21622272,171966464,143417344,171966464,24.83609993942082,,,,,,,,3200000,0
1791252684.036914,444548,map_iteration,12,1274,10772,3,3,21622272,171966464,143417344,171966464,24.164700182154775,,,,,,,,3200000,0
1791252684.0648608,444548,map_iteration,12,1275,10772,3,3,21622272,171966464,143417344,171966464,28.234300203621387,,,,,,,,3200000,0
1791252684.091893,444548,map_iteration,12,1276,10772,3,3,21622272,171966464,143417344,171966464,25.299299973994493,,,,,,,,3200000,0
1791252684.121745,444548,map_iteration,12,1277,10772,3,3,21622272,171966464,143417344,171966464,28.410200029611588,,,,,,,,3200000,0
1791252684.153454,444548,map_iteration,12,1278,10772,3,3,21622272,171966464,143417344,171966464,31.910400139167905,,,,,,,,3200000,0
1791252684.1885107,444548,map_iteration,12,1279,10772,3,3,21622272,171966464,143417344,171966464,33.92100008204579,,,,,,,,3200000,0
1791252684.2118206,444548,map_iteration,12,1280,10772,3,3,21622272,171966464,143417344,171966464,22.92599994689226,,,,,,,,3200000,0
1791252684.2331533,444548,map_iteration,12,1281,10772,3,3,21622272,171966464,143417344,171966464,21.500499919056892,,,,,,,,3200000,0
1791252684.2581449,444548,map_iteration,12,1282,10772,3,3,21622272,171966464,143417344,171966464,23.745000129565597,,,,,,,,3200000,0
1791252684.2813964,444548,map_iteration,12,1283,10772,3,3,21622272,171966464,143417344,171966464,22.39920012652874,,,,,,,,3200000,0
1791252684.3056936,444548,map_iteration,12,1284,10772,3,3,21622272,171966464,143417344,171966464,23.740800097584724,,,,,,,,3200000,0
1791252684.330448,444548,map_iteration,12,1285,10772,3,3,21622272,171966464,143417344,171966464,24.15569988079369,,,,,,,,3200000,0
1791252684.3531635,444548,map_iteration,12,1286,10772,3,3,21622272,171966464,143417344,171966464,22.69949996843934,,,,,,,,3200000,0
1791252684.375912,444548,map_iteration,12,1287,10772,3,3,21622272,171966464,143417344,171966464,21.704500075429678,,,,,,,,3200000,0
1791252684.398638,444548,map_iteration,12,1288,10772,3,3,21622272,171966464,143417344,171966464,22.327899932861328,,,,,,,,3200000,0
1791252684.4228194,444548,map_iteration,12,1289,10772,3,3,21622272,171966464,143417344,171966464,23.322399938479066,,,,,,,,3200000,0
1791252684.4465582,444548,map_iteration,12,1290,10772,3,3,21622272,171966464,143417344,171966464,23.564300034195185,,,,,,,,3200000,0
1791252684.4700675,444548,map_iteration,12,1291,10772,3,3,21622272,171966464,143417344,171966464,22.519699996337295,,,,,,,,3200000,0
1791252684.4937768,444548,map_iteration,12,1292,10772,3,3,21622272,171966464,143417344,171966464,23.717200150713325,,,,,,,,3200000,0
1791252684.5256627,444548,map_iteration,12,1293,10772,3,3,21622272,171966464,143417344,171966464,31.30919998511672,,,,,,,,3200000,0
1791252684.5569396,444548,map_iteration,12,1294,10772,3,3,21622272,171966464,143417344,171966464,30.11810011230409,,,,,,,,3200000,0
1791252684.5818186,444548,map_iteration,12,1295,10772,3,3,21622272,171966464,143417344,171966464,24.356900015845895,,,,,,,,3200000,0
1791252684.6086981,444548,map_iteration,12,1296,10772,3,3,21622272,171966464,143417344,171966464,26.171499863266945,,,,,,,,3200000,0
1791252684.6347518,444548,map_iteration,12,1297,10772,3,3,21622272,171966464,143417344,171966464,25.577600114047527,,,,,,,,3200000,0
1791252684.6616738,444548,map_iteration,12,1298,10772,3,3,21622272,171966464,143417344,171966464,26.194500038400292,,,,,,,,3200000,0
1791252684.6859274,444548,map_iteration,12,1299,10772,3,3,21622272,171966464,143417344,171966464,22.807100089266896,,,,,,,,3200000,0
1791252684.7092018,444548,map_iteration,12,1300,10772,3,3,21622272,171966464,143417344,171966464,23.522899951785803,,,,,,,,3200000,0
1791252684.7347214,444548,map_iteration,12,1301,10772,3,3,21622272,171966464,143417344,171966464,24.255899945273995,,,,,,,,3200000,0
1791252684.7592325,444548,map_iteration,12,1302,10772,3,3,21622272,171966464,143417344,171966464,24.079299997538328,,,,,,,,3200000,0
1791252684.790517,444548,map_iteration,12,1303,10772,3,3,21622272,171966464,143417344,171966464,30.681699980050325,,,,,,,,3200000,0
1791252684.8249888,444548,map_iteration,12,1304,10772,3,3,21622272,171966464,143417344,171966464,33.80530001595616,,,,,,,,3200000,0
1791252684.8497288,444548,map_iteration,12,1305,10772,3,3,21622272,171966464,143417344,171966464,23.509300081059337,,,,,,,,3200000,0
1791252684.871581,444548,map_iteration,12,1306,10772,3,3,21622272,171966464,143417344,171966464,22.033800138160586,,,,,,,,3200000,0
1791252684.8933463,444548,map_iteration,12,1307,10772,3,3,21622272,171966464,143417344,171966464,21.397100063040853,,,,,,,,3200000,0
1791252684.92464,444548,map_iteration,12,1308,10772,3,3,21622272,171966464,143417344,171966464,30.850799987092614,,,,,,,,3200000,0
1791252684.9599903,444548,map_iteration,12,1309,10772,3,3,21622272,171966464,143417344,171966464,33.44010002911091,,,,,,,,3200000,0
1791252684.984725,444548,map_iteration,12,1310,10772,3,3,21622272,171966464,143417344,171966464,24.185399990528822,,,,,,,,3200000,0
1791252685.0086675,444548,map_iteration,12,1311,10772,3,3,21622272,171966464,143417344,171966464,23.74259987846017,,,,,,,,3200000,0
1791252685.0347738,444548,map_iteration,12,1312,10772,3,3,21622272,171966464,143417344,171966464,25.246100034564734,,,,,,,,3200000,0
1791252685.0614667,444548,map_iteration,12,1313,10772,3,3,21622272,171966464,143417344,171966464,26.453400030732155,,,,,,,,3200000,0
1791252685.0867803,444548,map_iteration,12,1314,10772,3,3,21622272,171966464,143417344,171966464,23.687100037932396,,,,,,,,3200000,0
1791252685.1096363,444548,map_iteration,12,1315,10772,3,3,21622272,171966464,143417344,171966464,22.740199929103255,,,,,,,,3200000,0
1791252685.1420217,444548,map_iteration,12,1316,10772,3,3,21622272,171966464,143417344,171966464,31.24239994212985,,,,,,,,3200000,0
1791252685.173479,444548,map_iteration,12,1317,10772,3,3,21622272,171966464,143417344,171966464,31.715699937194586,,,,,,,,3200000,0
1791252685.198245,444548,map_iteration,12,1318,10772,3,3,21622272,171966464,143417344,171966464,23.847299860790372,,,,,,,,3200000,0
1791252685.2238533,444548,map_iteration,12,1319,10772,3,3,21622272,171966464,143417344,171966464,25.17209993675351,,,,,,,,3200000,0
1791252685.2475789,444548,map_iteration,12,1320,10772,3,3,21622272,171966464,143417344,171966464,22.8193998336792,,,,,,,,3200000,0
1791252685.273531,444548,map_iteration,12,1321,10772,3,3,21622272,171966464,143417344,171966464,26.0603001806885,,,,,,,,3200000,0
1791252685.3014622,444548,map_iteration,12,1322,10772,3,3,21622272,171966464,143417344,171966464,26.743800146505237,,,,,,,,3200000,0
1791252685.3290374,444548,map_iteration,12,1323,10772,3,3,21622272,171966464,143417344,171966464,26.943600038066506,,,,,,,,3200000,0
1791252685.3658977,444548,map_iteration,12,1324,10772,3,3,21622272,171966464,143417344,171966464,37.038300186395645,,,,,,,,3200000,0
1791252685.4018621,444548,map_iteration,12,1325,10772,3,3,21622272,171966464,143417344,171966464,34.76890013553202,,,,,,,,3200000,0
1791252685.4363165,444548,map_iteration,12,1326,10772,3,3,21622272,171966464,143417344,171966464,33.67109992541373,,,,,,,,3200000,0
1791252685.4620695,444548,map_iteration,12,1327,10772,3,3,21622272,171966464,143417344,171966464,25.464999955147505,,,,,,,,3200000,0
1791252685.4933453,444548,map_iteration,12,1328,10772,3,3,21622272,171966464,143417344,171966464,30.26170004159212,,,,,,,,3200000,0
1791252685.5200107,444548,map_iteration,12,1329,10772,3,3,21622272,171966464,143417344,171966464,26.00100007839501,,,,,,,,3200000,0
1791252685.5461416,444548,map_iteration,12,1330,10772,3,3,21622272,171966464,143417344,171966464,25.641400134190917,,,,,,,,3200000,0
1791252685.5696769,444548,map_iteration,12,1331,10772,3,3,21622272,171966464,143417344,171966464,22.637999849393964,,,,,,,,3200000,0
1791252685.5925596,444548,map_iteration,12,1332,10772,3,3,21622272,171966464,143417344,171966464,22.902099881321192,,,,,,,,3200000,0
1791252685.6185684,444548,map_iteration,12,1333,10772,3,3,21622272,171966464,143417344,171966464,24.78269999846816,,,,,,,,3200000,0
1791252685.643307,444548,map_iteration,12,1334,10772,3,3,21622272,171966464,143417344,171966464,24.170499993488193,,,,,,,,3200000,0
1791252685.6680493,444548,map_iteration,12,1335,10772,3,3,21622272,171966464,143417344,171966464,24.00960004888475,,,,,,,,3200000,0
1791252685.6907904,444548,map_iteration,12,1336,10772,3,3,21622272,171966464,143417344,171966464,22.17789995484054,,,,,,,,3200000,0
1791252685.7148023,444548,map_iteration,12,1337,10772,3,3,21622272,171966464,143417344,171966464,23.244999814778566,,,,,,,,3200000,0
1791252685.7370172,444548,map_iteration,12,1338,10772,3,3,21622272,171966464,143417344,171966464,21.553199971094728,,,,,,,,3200000,0
1791252685.7583084,444548,map_iteration,12,1339,10772,3,3,21622272,171966464,143417344,171966464,21.92429988645017,,,,,,,,3200000,0
1791252685.7836113,444548,map_iteration,12,1340,10772,3,3,21622272,171966464,143417344,171966464,24.57690006121993,,,,,,,,3200000,0
1791252685.8063264,444548,map_iteration,12,1341,10772,3,3,21622272,171966464,143417344,171966464,21.249299868941307,,,,,,,,3200000,0
1791252685.8313642,444548,map_iteration,12,1342,10772,3,3,21622272,171966464,143417344,171966464,25.159099837765098,,,,,,,,3200000,0
1791252685.8576434,444548,map_iteration,12,1343,10772,3,3,21622272,171966464,143417344,171966464,25.814400054514408,,,,,,,,3200000,0
1791252685.890826,444548,map_iteration,12,1344,10772,3,3,21622272,171966464,143417344,171966464,32.486499985679984,,,,,,,,3200000,0
1791252685.9189346,444548,map_iteration,12,1345,10772,3,3,21622272,171966464,143417344,171966464,27.52730017527938,,,,,,,,3200000,0
1791252685.9436316,444548,map_iteration,12,1346,10772,3,3,21622272,171966464,143417344,171966464,24.044600082561374,,,,,,,,3200000,0
1791252685.967208,444548,map_iteration,12,1347,10772,3,3,21622272,171966464,143417344,171966464,22.050200030207634,,,,,,,,3200000,0
1791252685.9893577,444548,map_iteration,12,1348,10772,3,3,21622272,171966464,143417344,171966464,22.370300022885203,,,,,,,,3200000,0
1791252686.012695,444548,map_iteration,12,1349,10772,3,3,21622272,171966464,143417344,171966464,22.11580006405711,,,,,,,,3200000,0
1791252686.0372736,444548,map_iteration,12,1350,10772,3,3,21622272,171966464,143417344,171966464,23.791699903085828,,,,,,,,3200000,0
1791252686.059821,444548,map_iteration,12,1351,10772,3,3,21622272,171966464,143417344,171966464,22.368400124832988,,,,,,,,3200000,0
1791252686.0737963,444548,map_prune_iteration,12,1352,10772,3,3,22394880,171966464,143417344,171966464,12.853099964559078,,,,,,,,3200000,0
1791252686.0737963,444548,sync_begin,12,1352,10772,3,3,13973504,171966464,143417344,171966464,,,,,,,,,3200000,0
1791252686.0762973,444548,sync_enqueued,12,1352,10772,3,3,16525824,171966464,143417344,171966464,,,,,,,,,3200000,0
1791252689.4779222,444548,tracking_feedback,17,1352,10772,3,3,16525824,171966464,143417344,171966464,,10772,10772,,,,,2.154200104996562,3200000,0
1791252689.5027065,444548,retention_insert_plan,17,1352,10772,4,4,23899136,171966464,143417344,171966464,,10772,10772,1846,1846,0,321,13.413799926638603,3200000,0
1791252689.5072823,444548,keyframe_insert,17,1352,12618,4,4,16082432,171966464,143417344,171966464,,10772,12618,,,,,,3200000,0
1791252689.5436554,444548,map_iteration,17,1353,12618,4,4,25990656,174063616,143417344,174063616,34.64420000091195,,,,,,,,3200000,0
1791252689.579796,444548,map_iteration,17,1354,12618,4,4,25823744,174063616,143417344,174063616,35.39140010252595,,,,,,,,3200000,0
1791252689.6250222,444548,map_iteration,17,1355,12618,4,4,25823744,174063616,143417344,174063616,44.94989989325404,,,,,,,,3200000,0
1791252689.6703296,444548,map_iteration,17,1356,12618,4,4,25823744,174063616,143417344,174063616,44.82069984078407,,,,,,,,3200000,0
1791252689.7119195,444548,map_iteration,17,1357,12618,4,4,25823744,174063616,143417344,174063616,40.36409989930689,,,,,,,,3200000,0
1791252689.7530181,444548,map_iteration,17,1358,12618,4,4,26694144,174063616,143417344,174063616,41.082500014454126,,,,,,,,3200000,0
1791252689.7961247,444548,map_iteration,17,1359,12618,4,4,25987584,174063616,143417344,174063616,41.78819991648197,,,,,,,,3200000,0
1791252689.8381608,444548,map_iteration,17,1360,12618,4,4,25823744,174063616,143417344,174063616,42.16260020621121,,,,,,,,3200000,0
1791252689.8792486,444548,map_iteration,17,1361,12618,4,4,25823744,174063616,143417344,174063616,40.443499805405736,,,,,,,,3200000,0
1791252689.9238913,444548,map_iteration,17,1362,12618,4,4,25987584,174063616,143417344,174063616,43.240300146862864,,,,,,,,3200000,0
1791252689.965032,444548,map_iteration,17,1363,12618,4,4,25987584,174063616,143417344,174063616,41.07489995658398,,,,,,,,3200000,0
1791252690.010153,444548,map_iteration,17,1364,12618,4,4,25823744,174063616,143417344,174063616,44.04240008443594,,,,,,,,3200000,0
1791252690.0527515,444548,map_iteration,17,1365,12618,4,4,25987584,174063616,143417344,174063616,42.191700078547,,,,,,,,3200000,0
1791252690.0941203,444548,map_iteration,17,1366,12618,4,4,25823744,174063616,143417344,174063616,40.53149977698922,,,,,,,,3200000,0
1791252690.1371953,444548,map_iteration,17,1367,12618,4,4,25823744,174063616,143417344,174063616,42.11640008725226,,,,,,,,3200000,0
1791252690.180793,444548,map_iteration,17,1368,12618,4,4,25827328,174063616,143417344,174063616,42.66079980880022,,,,,,,,3200000,0
1791252690.2264125,444548,map_iteration,17,1369,12618,4,4,25823744,174063616,143417344,174063616,43.49870001897216,,,,,,,,3200000,0
1791252690.2680142,444548,map_iteration,17,1370,12618,4,4,25823744,174063616,143417344,174063616,41.51210002601147,,,,,,,,3200000,0
1791252690.3097587,444548,map_iteration,17,1371,12618,4,4,25823744,174063616,143417344,174063616,41.03259998373687,,,,,,,,3200000,0
1791252690.353778,444548,map_iteration,17,1372,12618,4,4,25823744,174063616,143417344,174063616,43.2003999594599,,,,,,,,3200000,0
1791252690.3966277,444548,map_iteration,17,1373,12618,4,4,25823744,174063616,143417344,174063616,41.34729993529618,,,,,,,,3200000,0
1791252690.441345,444548,map_iteration,17,1374,12618,4,4,25823744,174063616,143417344,174063616,44.42730010487139,,,,,,,,3200000,0
1791252690.4841738,444548,map_iteration,17,1375,12618,4,4,25823744,174063616,143417344,174063616,42.839800007641315,,,,,,,,3200000,0
1791252690.5272558,444548,map_iteration,17,1376,12618,4,4,25823744,174063616,143417344,174063616,41.667599929496646,,,,,,,,3200000,0
1791252690.5710223,444548,map_iteration,17,1377,12618,4,4,25823744,174063616,143417344,174063616,43.42700005508959,,,,,,,,3200000,0
1791252690.6148722,444548,map_iteration,17,1378,12618,4,4,25823744,174063616,143417344,174063616,42.878099950030446,,,,,,,,3200000,0
1791252690.6589727,444548,map_iteration,17,1379,12618,4,4,25823744,174063616,143417344,174063616,43.91109989956021,,,,,,,,3200000,0
1791252690.7013295,444548,map_iteration,17,1380,12618,4,4,25823744,174063616,143417344,174063616,41.92489990964532,,,,,,,,3200000,0
1791252690.7444696,444548,map_iteration,17,1381,12618,4,4,25823744,174063616,143417344,174063616,42.59449988603592,,,,,,,,3200000,0
1791252690.7890322,444548,map_iteration,17,1382,12618,4,4,25823744,174063616,143417344,174063616,43.90539997257292,,,,,,,,3200000,0
1791252690.8309052,444548,map_iteration,17,1383,12618,4,4,25823744,174063616,143417344,174063616,41.32320010103285,,,,,,,,3200000,0
1791252690.8745754,444548,map_iteration,17,1384,12618,4,4,25823744,174063616,143417344,174063616,42.07689990289509,,,,,,,,3200000,0
1791252690.920457,444548,map_iteration,17,1385,12618,4,4,25823744,174063616,143417344,174063616,45.540899969637394,,,,,,,,3200000,0
1791252690.976244,444548,map_iteration,17,1386,12618,4,4,25823744,174063616,143417344,174063616,54.91059995256364,,,,,,,,3200000,0
1791252691.0242822,444548,map_iteration,17,1387,12618,4,4,25823744,174063616,143417344,174063616,47.00629995204508,,,,,,,,3200000,0
1791252691.0658665,444548,map_iteration,17,1388,12618,4,4,25823744,174063616,143417344,174063616,40.85809993557632,,,,,,,,3200000,0
1791252691.1094897,444548,map_iteration,17,1389,12618,4,4,25823744,174063616,143417344,174063616,41.82290006428957,,,,,,,,3200000,0
1791252691.1513956,444548,map_iteration,17,1390,12618,4,4,25823744,174063616,143417344,174063616,41.88140016049147,,,,,,,,3200000,0
1791252691.198008,444548,map_iteration,17,1391,12618,4,4,25823744,174063616,143417344,174063616,45.720099937170744,,,,,,,,3200000,0
1791252691.245963,444548,map_iteration,17,1392,12618,4,4,25823744,174063616,143417344,174063616,46.17680003866553,,,,,,,,3200000,0
1791252691.2891035,444548,map_iteration,17,1393,12618,4,4,25823744,174063616,143417344,174063616,42.386400047689676,,,,,,,,3200000,0
1791252691.3329947,444548,map_iteration,17,1394,12618,4,4,25823744,174063616,143417344,174063616,43.90179994516075,,,,,,,,3200000,0
1791252691.3827903,444548,map_iteration,17,1395,12618,4,4,25823744,174063616,143417344,174063616,48.882200149819255,,,,,,,,3200000,0
1791252691.4272597,444548,map_iteration,17,1396,12618,4,4,25823744,174063616,143417344,174063616,43.15760009922087,,,,,,,,3200000,0
1791252691.4711185,444548,map_iteration,17,1397,12618,4,4,25823744,174063616,143417344,174063616,43.34570001810789,,,,,,,,3200000,0
1791252691.5138314,444548,map_iteration,17,1398,12618,4,4,25823744,174063616,143417344,174063616,42.6639998331666,,,,,,,,3200000,0
1791252691.5602655,444548,map_iteration,17,1399,12618,4,4,25823744,174063616,143417344,174063616,45.27849983423948,,,,,,,,3200000,0
1791252691.6221807,444548,retention_densify_plan,17,1400,12618,4,4,26664448,174063616,143417344,174063616,,12618,12618,2766,2766,0,2946,25.093199918046594,3200000,0
1791252691.6474495,444548,upstream_map_densify_prune,17,1400,11484,4,4,27042304,174063616,143417344,174063616,,12618,11484,,,,,,3200000,0
1791252691.655958,444548,map_iteration,17,1400,11484,4,4,27036160,174063616,143417344,174063616,94.33969995006919,,,,,,,,3200000,0
1791252691.6941016,444548,map_iteration,17,1401,11484,4,4,25303552,174063616,143417344,174063616,37.83859987743199,,,,,,,,3200000,0
1791252691.7384703,444548,map_iteration,17,1402,11484,4,4,25303552,174063616,143417344,174063616,43.77510002814233,,,,,,,,3200000,0
1791252691.7869403,444548,map_iteration,17,1403,11484,4,4,25303552,174063616,143417344,174063616,47.81450005248189,,,,,,,,3200000,0
1791252691.8315732,444548,map_iteration,17,1404,11484,4,4,25303552,174063616,143417344,174063616,44.33720000088215,,,,,,,,3200000,0
1791252691.8787315,444548,map_iteration,17,1405,11484,4,4,25303552,174063616,143417344,174063616,45.73379992507398,,,,,,,,3200000,0
1791252691.9311247,444548,map_iteration,17,1406,11484,4,4,25303552,174063616,143417344,174063616,52.08199983462691,,,,,,,,3200000,0
1791252691.9782968,444548,map_iteration,17,1407,11484,4,4,25303552,174063616,143417344,174063616,46.38959979638457,,,,,,,,3200000,0
1791252692.0235398,444548,map_iteration,17,1408,11484,4,4,25303552,174063616,143417344,174063616,44.71270018257201,,,,,,,,3200000,0
1791252692.0677247,444548,map_iteration,17,1409,11484,4,4,25303552,174063616,143417344,174063616,43.87830011546612,,,,,,,,3200000,0
1791252692.1138973,444548,map_iteration,17,1410,11484,4,4,25303552,174063616,143417344,174063616,45.00839998945594,,,,,,,,3200000,0
1791252692.1602347,444548,map_iteration,17,1411,11484,4,4,25303552,174063616,143417344,174063616,45.58750009164214,,,,,,,,3200000,0
1791252692.2109234,444548,map_iteration,17,1412,11484,4,4,25303552,174063616,143417344,174063616,49.89750008098781,,,,,,,,3200000,0
1791252692.2562323,444548,map_iteration,17,1413,11484,4,4,25303552,174063616,143417344,174063616,44.83289993368089,,,,,,,,3200000,0
1791252692.3009293,444548,map_iteration,17,1414,11484,4,4,25303552,174063616,143417344,174063616,44.0874001942575,,,,,,,,3200000,0
1791252692.3467453,444548,map_iteration,17,1415,11484,4,4,25303552,174063616,143417344,174063616,45.12039991095662,,,,,,,,3200000,0
1791252692.3957655,444548,map_iteration,17,1416,11484,4,4,25303552,174063616,143417344,174063616,47.52969997934997,,,,,,,,3200000,0
1791252692.4400613,444548,map_iteration,17,1417,11484,4,4,25303552,174063616,143417344,174063616,44.47499988600612,,,,,,,,3200000,0
1791252692.4860454,444548,map_iteration,17,1418,11484,4,4,25303552,174063616,143417344,174063616,44.80090015567839,,,,,,,,3200000,0
1791252692.530803,444548,map_iteration,17,1419,11484,4,4,25303552,174063616,143417344,174063616,44.773400062695146,,,,,,,,3200000,0
1791252692.5767586,444548,map_iteration,17,1420,11484,4,4,25303552,174063616,143417344,174063616,44.82210008427501,,,,,,,,3200000,0
1791252692.6297293,444548,map_iteration,17,1421,11484,4,4,25303552,174063616,143417344,174063616,51.84770002961159,,,,,,,,3200000,0
1791252692.6875484,444548,map_iteration,17,1422,11484,4,4,25303552,174063616,143417344,174063616,58.07360005564988,,,,,,,,3200000,0
1791252692.735397,444548,map_iteration,17,1423,11484,4,4,25303552,174063616,143417344,174063616,46.12080007791519,,,,,,,,3200000,0
1791252692.7818353,444548,map_iteration,17,1424,11484,4,4,25303552,174063616,143417344,174063616,46.49590002372861,,,,,,,,3200000,0
1791252692.8284311,444548,map_iteration,17,1425,11484,4,4,25303552,174063616,143417344,174063616,45.737900072708726,,,,,,,,3200000,0
1791252692.8641403,444548,map_iteration,17,1426,11484,4,4,25303552,174063616,143417344,174063616,35.587199963629246,,,,,,,,3200000,0
1791252692.9103074,444548,map_iteration,17,1427,11484,4,4,25303552,174063616,143417344,174063616,44.83939986675978,,,,,,,,3200000,0
1791252692.9572604,444548,map_iteration,17,1428,11484,4,4,25303552,174063616,143417344,174063616,46.087499940767884,,,,,,,,3200000,0
1791252693.005177,444548,map_iteration,17,1429,11484,4,4,25303552,174063616,143417344,174063616,47.816800186410546,,,,,,,,3200000,0
1791252693.0502942,444548,map_iteration,17,1430,11484,4,4,25303552,174063616,143417344,174063616,43.75729989260435,,,,,,,,3200000,0
1791252693.1050794,444548,map_iteration,17,1431,11484,4,4,25303552,174063616,143417344,174063616,54.977199994027615,,,,,,,,3200000,0
1791252693.1511664,444548,map_iteration,17,1432,11484,4,4,25303552,174063616,143417344,174063616,44.94630009867251,,,,,,,,3200000,0
1791252693.1975646,444548,map_iteration,17,1433,11484,4,4,25303552,174063616,143417344,174063616,45.92090006917715,,,,,,,,3200000,0
1791252693.2460103,444548,map_iteration,17,1434,11484,4,4,25303552,174063616,143417344,174063616,47.93190001510084,,,,,,,,3200000,0
1791252693.2948472,444548,map_iteration,17,1435,11484,4,4,25303552,174063616,143417344,174063616,47.66630008816719,,,,,,,,3200000,0
1791252693.3427794,444548,map_iteration,17,1436,11484,4,4,25303552,174063616,143417344,174063616,47.91469988413155,,,,,,,,3200000,0
1791252693.3964498,444548,map_iteration,17,1437,11484,4,4,25303552,174063616,143417344,174063616,52.00999998487532,,,,,,,,3200000,0
1791252693.450191,444548,map_iteration,17,1438,11484,4,4,25303552,174063616,143417344,174063616,53.28439990989864,,,,,,,,3200000,0
1791252693.495899,444548,map_iteration,17,1439,11484,4,4,25303552,174063616,143417344,174063616,44.976500095799565,,,,,,,,3200000,0
1791252693.5431626,444548,map_iteration,17,1440,11484,4,4,25303552,174063616,143417344,174063616,47.096800059080124,,,,,,,,3200000,0
1791252693.59232,444548,map_iteration,17,1441,11484,4,4,25303552,174063616,143417344,174063616,48.41769998893142,,,,,,,,3200000,0
1791252693.648801,444548,map_iteration,17,1442,11484,4,4,25303552,174063616,143417344,174063616,56.41879979521036,,,,,,,,3200000,0
1791252693.705095,444548,map_iteration,17,1443,11484,4,4,25303552,174063616,143417344,174063616,54.512100061401725,,,,,,,,3200000,0
1791252693.754228,444548,map_iteration,17,1444,11484,4,4,25303552,174063616,143417344,174063616,48.46019996330142,,,,,,,,3200000,0
1791252693.801358,444548,map_iteration,17,1445,11484,4,4,25303552,174063616,143417344,174063616,45.9913001395762,,,,,,,,3200000,0
1791252693.8473747,444548,map_iteration,17,1446,11484,4,4,25303552,174063616,143417344,174063616,45.71929993107915,,,,,,,,3200000,0
1791252693.8930101,444548,map_iteration,17,1447,11484,4,4,25303552,174063616,143417344,174063616,45.25090008974075,,,,,,,,3200000,0
1791252693.941483,444548,map_iteration,17,1448,11484,4,4,25303552,174063616,143417344,174063616,46.71659995801747,,,,,,,,3200000,0
1791252693.9876387,444548,map_iteration,17,1449,11484,4,4,25303552,174063616,143417344,174063616,45.240100007504225,,,,,,,,3200000,0
1791252694.023535,444548,map_iteration,17,1450,11484,4,4,25303552,174063616,143417344,174063616,35.43689986690879,,,,,,,,3200000,0
1791252694.0718894,444548,map_iteration,17,1451,11484,4,4,25303552,174063616,143417344,174063616,48.23360010050237,,,,,,,,3200000,0
1791252694.1174395,444548,map_iteration,17,1452,11484,4,4,25303552,174063616,143417344,174063616,44.641399988904595,,,,,,,,3200000,0
1791252694.169216,444548,map_iteration,17,1453,11484,4,4,25303552,174063616,143417344,174063616,50.610899925231934,,,,,,,,3200000,0
1791252694.216976,444548,map_iteration,17,1454,11484,4,4,25303552,174063616,143417344,174063616,46.985800145193934,,,,,,,,3200000,0
1791252694.2651129,444548,map_iteration,17,1455,11484,4,4,25303552,174063616,143417344,174063616,47.843500040471554,,,,,,,,3200000,0
1791252694.312312,444548,map_iteration,17,1456,11484,4,4,25303552,174063616,143417344,174063616,46.775400172919035,,,,,,,,3200000,0
1791252694.360394,444548,map_iteration,17,1457,11484,4,4,25303552,174063616,143417344,174063616,46.8593998812139,,,,,,,,3200000,0
1791252694.407066,444548,map_iteration,17,1458,11484,4,4,25303552,174063616,143417344,174063616,46.33579985238612,,,,,,,,3200000,0
1791252694.4539955,444548,map_iteration,17,1459,11484,4,4,25303552,174063616,143417344,174063616,46.02360003627837,,,,,,,,3200000,0
1791252694.4999487,444548,map_iteration,17,1460,11484,4,4,25303552,174063616,143417344,174063616,45.903499936684966,,,,,,,,3200000,0
1791252694.5498762,444548,map_iteration,17,1461,11484,4,4,25303552,174063616,143417344,174063616,48.92869992181659,,,,,,,,3200000,0
1791252694.598468,444548,map_iteration,17,1462,11484,4,4,25303552,174063616,143417344,174063616,47.526400070637465,,,,,,,,3200000,0
1791252694.644807,444548,map_iteration,17,1463,11484,4,4,25303552,174063616,143417344,174063616,46.40350001864135,,,,,,,,3200000,0
1791252694.6946564,444548,map_iteration,17,1464,11484,4,4,25303552,174063616,143417344,174063616,48.15489985048771,,,,,,,,3200000,0
1791252694.7405202,444548,map_iteration,17,1465,11484,4,4,25303552,174063616,143417344,174063616,45.30009999871254,,,,,,,,3200000,0
1791252694.7983248,444548,map_iteration,17,1466,11484,4,4,25303552,174063616,143417344,174063616,57.66960000619292,,,,,,,,3200000,0
1791252694.8467836,444548,map_iteration,17,1467,11484,4,4,25303552,174063616,143417344,174063616,47.49909997917712,,,,,,,,3200000,0
1791252694.8955328,444548,map_iteration,17,1468,11484,4,4,25303552,174063616,143417344,174063616,48.34370012395084,,,,,,,,3200000,0
1791252694.943897,444548,map_iteration,17,1469,11484,4,4,25303552,174063616,143417344,174063616,47.05110006034374,,,,,,,,3200000,0
1791252694.9915183,444548,map_iteration,17,1470,11484,4,4,25303552,174063616,143417344,174063616,46.941000036895275,,,,,,,,3200000,0
1791252695.0376863,444548,map_iteration,17,1471,11484,4,4,25303552,174063616,143417344,174063616,46.33840010501444,,,,,,,,3200000,0
1791252695.0834851,444548,map_iteration,17,1472,11484,4,4,25303552,174063616,143417344,174063616,44.59999990649521,,,,,,,,3200000,0
1791252695.1309092,444548,map_iteration,17,1473,11484,4,4,25303552,174063616,143417344,174063616,46.778400195762515,,,,,,,,3200000,0
1791252695.1783168,444548,map_iteration,17,1474,11484,4,4,25303552,174063616,143417344,174063616,47.20859997905791,,,,,,,,3200000,0
1791252695.216948,444548,map_iteration,17,1475,11484,4,4,25303552,174063616,143417344,174063616,37.63270005583763,,,,,,,,3200000,0
1791252695.2644088,444548,map_iteration,17,1476,11484,4,4,25303552,174063616,143417344,174063616,46.118699945509434,,,,,,,,3200000,0
1791252695.3133764,444548,map_iteration,17,1477,11484,4,4,25303552,174063616,143417344,174063616,48.53469994850457,,,,,,,,3200000,0
1791252695.3662314,444548,map_iteration,17,1478,11484,4,4,25303552,174063616,143417344,174063616,51.169299986213446,,,,,,,,3200000,0
1791252695.4144318,444548,map_iteration,17,1479,11484,4,4,25303552,174063616,143417344,174063616,48.35180006921291,,,,,,,,3200000,0
1791252695.4640493,444548,map_iteration,17,1480,11484,4,4,25303552,174063616,143417344,174063616,48.373600002378225,,,,,,,,3200000,0
1791252695.512896,444548,map_iteration,17,1481,11484,4,4,25303552,174063616,143417344,174063616,48.34070010110736,,,,,,,,3200000,0
1791252695.56261,444548,map_iteration,17,1482,11484,4,4,25303552,174063616,143417344,174063616,49.675599904730916,,,,,,,,3200000,0
1791252695.6131885,444548,map_iteration,17,1483,11484,4,4,25303552,174063616,143417344,174063616,49.72110013477504,,,,,,,,3200000,0
1791252695.6641483,444548,map_iteration,17,1484,11484,4,4,25303552,174063616,143417344,174063616,49.699800089001656,,,,,,,,3200000,0
1791252695.717493,444548,map_iteration,17,1485,11484,4,4,25303552,174063616,143417344,174063616,52.54200007766485,,,,,,,,3200000,0
1791252695.76684,444548,map_iteration,17,1486,11484,4,4,25303552,174063616,143417344,174063616,48.92799980007112,,,,,,,,3200000,0
1791252695.8154209,444548,map_iteration,17,1487,11484,4,4,25303552,174063616,143417344,174063616,48.062900081276894,,,,,,,,3200000,0
1791252695.8648663,444548,map_iteration,17,1488,11484,4,4,25303552,174063616,143417344,174063616,48.658200073987246,,,,,,,,3200000,0
1791252695.9173198,444548,map_iteration,17,1489,11484,4,4,25303552,174063616,143417344,174063616,51.710400031879544,,,,,,,,3200000,0
1791252695.9679604,444548,map_iteration,17,1490,11484,4,4,25303552,174063616,143417344,174063616,50.51150009967387,,,,,,,,3200000,0
1791252696.0184863,444548,map_iteration,17,1491,11484,4,4,25303552,174063616,143417344,174063616,49.526500049978495,,,,,,,,3200000,0
1791252696.068051,444548,map_iteration,17,1492,11484,4,4,25303552,174063616,143417344,174063616,49.290599999949336,,,,,,,,3200000,0
1791252696.1173182,444548,map_iteration,17,1493,11484,4,4,25303552,174063616,143417344,174063616,48.65260003134608,,,,,,,,3200000,0
1791252696.1679463,444548,map_iteration,17,1494,11484,4,4,25303552,174063616,143417344,174063616,49.85790001228452,,,,,,,,3200000,0
1791252696.219282,444548,map_iteration,17,1495,11484,4,4,25303552,174063616,143417344,174063616,50.36110011860728,,,,,,,,3200000,0
1791252696.2700741,444548,map_iteration,17,1496,11484,4,4,25303552,174063616,143417344,174063616,50.04550004377961,,,,,,,,3200000,0
1791252696.3198833,444548,map_iteration,17,1497,11484,4,4,25303552,174063616,143417344,174063616,48.81020006723702,,,,,,,,3200000,0
1791252696.3688757,444548,map_iteration,17,1498,11484,4,4,25303552,174063616,143417344,174063616,48.94750006496906,,,,,,,,3200000,0
1791252696.4184625,444548,map_iteration,17,1499,11484,4,4,25303552,174063616,143417344,174063616,48.69409999810159,,,,,,,,3200000,0
1791252696.455895,444548,map_iteration,17,1500,11484,4,4,25303552,174063616,143417344,174063616,36.636299919337034,,,,,,,,3200000,0
1791252696.50945,444548,map_iteration,17,1501,11484,4,4,25303552,174063616,143417344,174063616,52.50640003941953,,,,,,,,3200000,0
1791252696.566986,444548,map_iteration,17,1502,11484,4,4,25303552,174063616,143417344,174063616,55.13300001621246,,,,,,,,3200000,0
1791252696.5975192,444548,map_prune_iteration,17,1503,11484,4,4,25954304,174063616,143417344,174063616,30.146999983116984,,,,,,,,3200000,0
1791252696.5985227,444548,sync_begin,17,1503,11484,4,4,16899584,174063616,143417344,174063616,,,,,,,,,3200000,0
1791252696.602025,444548,sync_enqueued,17,1503,11484,4,4,19620352,174063616,143417344,174063616,,,,,,,,,3200000,0
1791252700.9373076,444548,tracking_feedback,22,1503,11484,4,4,19357696,174063616,143417344,174063616,,11484,11484,,,,,2.8343999292701483,3200000,0
1791252700.9690914,444548,retention_insert_plan,22,1503,11484,5,5,26731008,174063616,143417344,174063616,,11484,11484,1762,1762,0,380,18.860399955883622,3200000,0
1791252700.9782963,444548,keyframe_insert,22,1503,13246,5,5,19029504,174063616,143417344,174063616,,11484,13246,,,,,,3200000,0
1791252701.0495312,444548,map_iteration,22,1504,13246,5,5,27425792,178257920,147983360,178257920,69.3357998970896,,,,,,,,3200000,0
1791252701.1119123,444548,map_iteration,22,1505,13246,5,5,28180992,178257920,148606976,178257920,62.64090002514422,,,,,,,,3200000,0
1791252701.171707,444548,map_iteration,22,1506,13246,5,5,27261952,178257920,148914688,178257920,59.10869990475476,,,,,,,,3200000,0
1791252701.2326367,444548,map_iteration,22,1507,13246,5,5,27261952,178257920,148917760,178257920,59.27559989504516,,,,,,,,3200000,0
