time_wall_s,pid,event,frame_idx,mapping_iteration,gaussian_count,retained_keyframes,window_keyframes,cuda_allocated_bytes,cuda_reserved_bytes,cuda_peak_allocated_bytes,cuda_peak_reserved_bytes,mapping_enqueue_ms,count_before,count_after,attempted_growth,admitted_growth,rejected_growth,protected_rows,policy_wall_ms,row_ceiling,row_violation
1791429199.8507125,567740,tracking_feedback_accumulate,1,,21277,,,24210944,69206016,63324160,69206016,,,,,,,,312.3491001315415,,
1791429199.8607843,567740,frontend_frame,1,0,21277,1,1,25413632,73400320,63324160,73400320,,,,,,,,,,
1791429200.5506558,567740,tracking_feedback_accumulate,2,,21277,,,29246464,96468992,75886080,96468992,,,,,,,,3.411700017750263,,
1791429200.55828,567740,frontend_frame,2,0,21277,1,1,30277120,100663296,75886080,100663296,,,,,,,,,,
1791429201.0263865,567740,tracking_feedback_accumulate,3,,21277,,,34273792,102760448,80913408,102760448,,,,,,,,3.849599976092577,,
1791429201.0318947,567740,frontend_frame,3,0,21277,1,1,35304448,104857600,80913408,104857600,,,,,,,,,,
1791429201.6022413,567740,tracking_feedback_accumulate,4,,21277,,,34274816,104857600,80913408,104857600,,,,,,,,2.9084000270813704,,
1791429201.6072426,567740,frontend_frame,4,0,21277,1,1,35305472,104857600,80913408,104857600,,,,,,,,,,
1791429202.1810489,567740,tracking_feedback_accumulate,5,,21277,,,39465984,109051904,84712960,109051904,,,,,,,,5.057099973782897,,
1791429202.189094,567740,frontend_frame,5,0,21277,1,1,40497152,111149056,84712960,111149056,,,,,,,,,,
1791429202.8567765,567740,tracking_feedback_accumulate,6,,21277,,,34277376,111149056,84712960,111149056,,,,,,,,3.1265998259186745,,
1791429202.8627868,567740,frontend_frame,6,0,21277,2,2,39303680,111149056,84712960,111149056,,,,,,,,,,
1791429206.031504,567740,tracking_feedback_accumulate,7,,10143,,,42743808,111149056,84712960,111149056,,,,,,,,2.8710998594760895,,
1791429206.0365033,567740,frontend_frame,7,0,10143,2,2,25977856,111149056,84712960,111149056,,,,,,,,,,
1791429206.525685,567740,tracking_feedback_accumulate,8,,10143,,,29810688,111149056,84712960,111149056,,,,,,,,2.759200055152178,,
1791429206.5356882,567740,frontend_frame,8,0,10143,2,2,28213248,111149056,84712960,111149056,,,,,,,,,,
1791429207.0553887,567740,tracking_feedback_accumulate,9,,10143,,,32291840,111149056,84712960,111149056,,,,,,,,6.9339999463409185,,
1791429207.0632324,567740,frontend_frame,9,0,10143,2,2,25816064,111149056,84712960,111149056,,,,,,,,,,
1791429207.7350578,567740,tracking_feedback_accumulate,10,,10143,,,29976576,111149056,84712960,111149056,,,,,,,,3.196900011971593,,
1791429207.7410583,567740,frontend_frame,10,0,10143,2,2,28215296,52428800,84712960,111149056,,,,,,,,,,
1791429208.4459405,567740,tracking_feedback_accumulate,11,,10143,,,32293888,96468992,84712960,111149056,,,,,,,,3.2069000881165266,,
1791429208.4504476,567740,frontend_frame,11,0,10143,2,2,25818624,96468992,84712960,111149056,,,,,,,,,,
1791429208.9734795,567740,tracking_feedback_accumulate,12,,10143,,,29815296,96468992,84712960,111149056,,,,,,,,2.598899882286787,,
1791429208.9790244,567740,frontend_frame,12,0,10143,3,3,32213504,96468992,84712960,111149056,,,,,,,,,,
1791429213.3338192,567740,tracking_feedback_accumulate,13,,10180,,,36460544,96468992,84712960,111149056,,,,,,,,2.9407001566141844,,
1791429213.339493,567740,frontend_frame,13,0,10180,3,3,29995008,96468992,84712960,111149056,,,,,,,,,,
1791429213.9151134,567740,tracking_feedback_accumulate,14,,10180,,,33909760,96468992,84712960,111149056,,,,,,,,2.9857999179512262,,
1791429213.9201162,567740,frontend_frame,14,0,10180,3,3,32322560,96468992,84712960,111149056,,,,,,,,,,
1791429214.4914205,567740,tracking_feedback_accumulate,15,,10180,,,36237312,96468992,84712960,111149056,,,,,,,,2.7646999806165695,,
1791429214.496427,567740,frontend_frame,15,0,10180,3,3,29833216,96468992,84712960,111149056,,,,,,,,,,
1791429215.1950598,567740,tracking_feedback_accumulate,16,,10180,,,33911808,96468992,84712960,111149056,,,,,,,,3.1121999491006136,,
1791429215.20006,567740,frontend_frame,16,0,10180,3,3,32324608,96468992,84712960,111149056,,,,,,,,,,
1791429215.7306383,567740,tracking_feedback_accumulate,17,,10180,,,36403200,96468992,84712960,111149056,,,,,,,,4.777200054377317,,
1791429215.736438,567740,frontend_frame,17,0,10180,4,4,33995264,96468992,84712960,111149056,,,,,,,,,,
1791429221.2235062,567740,tracking_feedback_accumulate,18,,10874,,,37956608,96468992,84712960,111149056,,,,,,,,4.715100163593888,,
1791429221.2295055,567740,frontend_frame,18,0,10874,4,4,36533248,96468992,84712960,111149056,,,,,,,,,,
1791429221.8497832,567740,tracking_feedback_accumulate,19,,10874,,,40448000,96468992,84712960,111149056,,,,,,,,2.6689001824706793,,
1791429221.8547845,567740,frontend_frame,19,0,10874,4,4,36452352,96468992,84712960,111149056,,,,,,,,,,
1791429222.3102849,567740,tracking_feedback_accumulate,20,,10874,,,40612864,96468992,84712960,111149056,,,,,,,,3.0357998330146074,,
1791429222.315285,567740,frontend_frame,20,0,10874,4,4,39184896,54525952,84712960,111149056,,,,,,,,,,
1791429222.8680954,567740,tracking_feedback_accumulate,21,,10874,,,43099648,98566144,84712960,111149056,,,,,,,,2.8725999873131514,,
1791429222.873104,567740,frontend_frame,21,0,10874,4,4,41671680,98566144,84712960,111149056,,,,,,,,,,
1791429223.4024417,567740,tracking_feedback_accumulate,22,,10874,,,40451072,98566144,84712960,111149056,,,,,,,,3.030699910596013,,
1791429223.4144506,567740,frontend_frame,22,0,10874,5,5,43019264,98566144,84712960,111149056,,,,,,,,,,
1791429230.1763275,567740,tracking_feedback_accumulate,23,,12069,,,39717376,98566144,84712960,111149056,,,,,,,,2.9961001127958298,,
1791429230.1808314,567740,frontend_frame,23,0,12069,5,5,38584320,98566144,84712960,111149056,,,,,,,,,,
1791429230.8003557,567740,tracking_feedback_accumulate,24,,12069,,,42499072,98566144,84712960,111149056,,,,,,,,2.6561999693512917,,
1791429230.8058596,567740,frontend_frame,24,0,12069,5,5,41356800,98566144,84712960,111149056,,,,,,,,,,
1791429231.4101517,567740,tracking_feedback_accumulate,25,,12069,,,39564800,98566144,84712960,111149056,,,,,,,,2.820500172674656,,
1791429231.4176567,567740,frontend_frame,25,0,12069,5,5,38422528,98566144,84712960,111149056,,,,,,,,,,
1791429231.9666684,567740,tracking_feedback_accumulate,26,,12069,,,42583040,98566144,84712960,111149056,,,,,,,,2.9615999665111303,,
1791429231.972174,567740,frontend_frame,26,0,12069,5,5,41440768,98566144,84712960,111149056,,,,,,,,,,
1791429232.6131544,567740,tracking_feedback_accumulate,27,,12069,,,45273600,98566144,84712960,111149056,,,,,,,,5.368399899452925,,
1791429232.6246774,567740,frontend_frame,27,0,12069,6,6,42420736,98566144,84712960,111149056,,,,,,,,,,
1791429239.9898515,567740,tracking_feedback_accumulate,28,,13209,,,46658560,98566144,84727808,111149056,,,,,,,,2.9611000791192055,,
1791429239.9938514,567740,frontend_frame,28,0,13209,6,6,45794816,98566144,84727808,111149056,,,,,,,,,,
1791429240.553076,567740,tracking_feedback_accumulate,29,,13209,,,49627648,98566144,87928320,111149056,,,,,,,,2.6668000500649214,,
1791429240.5575833,567740,frontend_frame,29,0,13209,6,6,42778624,98566144,87928320,111149056,,,,,,,,,,
1791429241.0896425,567740,tracking_feedback_accumulate,30,,13209,,,46939136,98566144,87928320,111149056,,,,,,,,2.858199877664447,,
1791429241.0956423,567740,frontend_frame,30,0,13209,6,6,46066688,73400320,87928320,111149056,,,,,,,,,,
1791429241.5958035,567740,tracking_feedback_accumulate,31,,13209,,,49981440,98566144,87928320,111149056,,,,,,,,2.8595998883247375,,
1791429241.600812,567740,frontend_frame,31,0,13209,6,6,42862592,98566144,87928320,111149056,,,,,,,,,,
1791429242.0938387,567740,tracking_feedback_accumulate,32,,13209,,,46941184,98566144,87928320,111149056,,,,,,,,2.865200163796544,,
1791429242.1018412,567740,frontend_frame,32,0,13209,7,7,50064896,98566144,87928320,111149056,,,,,,,,,,
1791429250.4869406,567740,tracking_feedback_accumulate,33,,14803,,,54002176,98566144,92493312,111149056,,,,,,,,2.7171999681741,,
1791429250.493951,567740,frontend_frame,33,0,14803,7,7,53514752,100663296,92493312,111149056,,,,,,,,,,
1791429251.068456,567740,tracking_feedback_accumulate,34,,14803,,,50974208,100663296,92493312,111149056,,,,,,,,3.056399989873171,,
1791429251.072974,567740,frontend_frame,34,0,14803,7,7,50474496,100663296,92493312,111149056,,,,,,,,,,
1791429251.572113,567740,tracking_feedback_accumulate,35,,14803,,,54553088,100663296,92972032,111149056,,,,,,,,2.5843000039458275,,
1791429251.577114,567740,frontend_frame,35,0,14803,7,7,54053376,100663296,92972032,111149056,,,,,,,,,,
1791429252.1078608,567740,tracking_feedback_accumulate,36,,14803,,,57886208,102760448,95520768,111149056,,,,,,,,3.083299845457077,,
1791429252.1148913,567740,frontend_frame,36,0,14803,7,7,47271424,102760448,95520768,111149056,,,,,,,,,,
1791429252.5591187,567740,tracking_feedback_accumulate,37,,14803,,,51350016,102760448,95520768,111149056,,,,,,,,3.406299976631999,,
1791429252.5671406,567740,frontend_frame,37,0,14803,8,7,54846464,102760448,95520768,111149056,,,,,,,,,,
1791429261.4468982,567740,tracking_feedback_accumulate,38,,16383,,,58865664,123731968,97646080,123731968,,,,,,,,5.825000116601586,,
1791429261.4584048,567740,frontend_frame,38,0,16383,8,7,51756544,123731968,97646080,123731968,,,,,,,,,,
1791429261.994543,567740,tracking_feedback_accumulate,39,,16383,,,55835136,123731968,97646080,123731968,,,,,,,,2.724000019952655,,
1791429261.998546,567740,frontend_frame,39,0,16383,8,7,55706112,123731968,97646080,123731968,,,,,,,,,,
1791429262.5228856,567740,tracking_feedback_accumulate,40,,16383,,,59784704,123731968,98492928,123731968,,,,,,,,2.988999942317605,,
1791429262.528392,567740,frontend_frame,40,0,16383,8,7,59655680,79691776,98492928,123731968,,,,,,,,,,
1791429263.0691211,567740,tracking_feedback_accumulate,41,,16383,,,51970560,121634816,98492928,123731968,,,,,,,,2.876600017771125,,
1791429263.073121,567740,frontend_frame,41,0,16383,8,7,51841536,121634816,98492928,123731968,,,,,,,,,,
1791429263.7244618,567740,tracking_feedback_accumulate,42,,16383,,,55920128,121634816,98492928,123731968,,,,,,,,2.475700108334422,,
1791429263.7305367,567740,frontend_frame,42,0,16383,9,7,59787264,121634816,98492928,123731968,,,,,,,,,,
1791429273.4855251,567740,tracking_feedback_accumulate,43,,15911,,,55942656,121634816,98492928,123731968,,,,,,,,3.0466001480817795,,
1791429273.4902656,567740,frontend_frame,43,0,15911,9,7,55702528,121634816,98492928,123731968,,,,,,,,,,
1791429273.943711,567740,tracking_feedback_accumulate,44,,15911,,,59699200,121634816,98492928,123731968,,,,,,,,5.6096999906003475,,
1791429273.9500864,567740,frontend_frame,44,0,15911,9,7,59463168,121634816,98492928,123731968,,,,,,,,,,
1791429274.4159105,567740,tracking_feedback_accumulate,45,,15911,,,63541760,121634816,102205952,123731968,,,,,,,,3.424599999561906,,
1791429274.424417,567740,frontend_frame,45,0,15911,9,7,55786496,121634816,102205952,123731968,,,,,,,,,,
1791429274.9712808,567740,tracking_feedback_accumulate,46,,15911,,,59701248,121634816,102205952,123731968,,,,,,,,2.7073000092059374,,
1791429274.9758933,567740,frontend_frame,46,0,15911,9,7,59465216,121634816,102205952,123731968,,,,,,,,,,
1791429275.494936,567740,tracking_feedback_accumulate,47,,15911,,,63461888,121634816,102208000,123731968,,,,,,,,3.2003000378608704,,
1791429275.5014684,567740,frontend_frame,47,0,15911,9,7,63226368,123731968,102208000,123731968,,,,,,,,,,
1791429276.0569072,567740,tracking_feedback_accumulate,48,,15911,,,55944192,123731968,102208000,123731968,,,,,,,,2.8377999551594257,,
1791429276.0644412,567740,frontend_frame,48,0,15911,10,7,59703808,123731968,102208000,123731968,,,,,,,,,,
1791429286.2392876,567740,tracking_feedback_accumulate,49,,17150,,,63863808,123731968,102575104,123731968,,,,,,,,2.897900063544512,,
1791429286.2442875,567740,frontend_frame,49,0,17150,10,7,63925248,123731968,102575104,123731968,,,,,,,,,,
1791429286.6451635,567740,tracking_feedback_accumulate,50,,17150,,,67840000,123731968,106704896,123731968,,,,,,,,3.0351001769304276,,
1791429286.650163,567740,frontend_frame,50,0,17150,10,7,60084736,77594624,106704896,123731968,,,,,,,,,,
1791429287.1125052,567740,tracking_feedback_accumulate,51,,17150,,,64163328,119537664,106704896,123731968,,,,,,,,2.8346001636236906,,
1791429287.1165056,567740,frontend_frame,51,0,17150,10,7,64215552,121634816,106704896,123731968,,,,,,,,,,
1791429287.5834415,567740,tracking_feedback_accumulate,52,,17150,,,68130304,123731968,106995200,123731968,,,,,,,,3.026599995791912,,
1791429287.588452,567740,frontend_frame,52,0,17150,10,7,60086784,123731968,106995200,123731968,,,,,,,,,,
1791429288.135138,567740,tracking_feedback_accumulate,53,,17150,,,64165376,123731968,106995200,123731968,,,,,,,,2.804200164973736,,
1791429288.1422284,567740,frontend_frame,53,0,17150,11,7,68213760,123731968,106995200,123731968,,,,,,,,,,
1791429298.3746977,567740,tracking_feedback_accumulate,54,,18550,,,72222720,123731968,112370688,123731968,,,,,,,,3.325300058349967,,
1791429298.379203,567740,frontend_frame,54,0,18550,11,7,72617984,125829120,112370688,125829120,,,,,,,,,,
1791429298.8047724,567740,tracking_feedback_accumulate,55,,18550,,,68268544,125829120,112370688,125829120,,,,,,,,2.827899996191263,,
1791429298.8098037,567740,frontend_frame,55,0,18550,11,7,68653056,125829120,112370688,125829120,,,,,,,,,,
1791429299.2934043,567740,tracking_feedback_accumulate,56,,18550,,,72567808,125829120,112798208,125829120,,,,,,,,3.576100105419755,,
1791429299.2994008,567740,frontend_frame,56,0,18550,11,7,72952320,125829120,112798208,125829120,,,,,,,,,,
1791429299.7924826,567740,tracking_feedback_accumulate,57,,18550,,,76948992,130023424,117179392,130023424,,,,,,,,2.6700000744313,,
1791429299.7989912,567740,frontend_frame,57,0,18550,11,7,68573184,130023424,117179392,130023424,,,,,,,,,,
1791429300.3625476,567740,tracking_feedback_accumulate,58,,18550,,,72651776,130023424,117179392,130023424,,,,,,,,3.3648000098764896,,
1791429300.3690524,567740,frontend_frame,58,0,18550,12,7,77032448,130023424,117179392,130023424,,,,,,,,,,
1791429310.8033376,567740,tracking_feedback_accumulate,59,,19766,,,81030656,130023424,121846784,130023424,,,,,,,,4.175300011411309,,
1791429310.8093374,567740,frontend_frame,59,0,19766,12,7,72955904,130023424,121846784,130023424,,,,,,,,,,
1791429311.347719,567740,tracking_feedback_accumulate,60,,19766,,,76952576,130023424,121846784,130023424,,,,,,,,2.8908001258969307,,
1791429311.353223,567740,frontend_frame,60,0,19766,12,7,77628928,106954752,121846784,130023424,,,,,,,,,,
1791429311.899434,567740,tracking_feedback_accumulate,61,,19766,,,81707520,130023424,122398208,130023424,,,,,,,,2.92599992826581,,
1791429311.907435,567740,frontend_frame,61,0,19766,12,7,82383872,132120576,122398208,132120576,,,,,,,,,,
1791429312.43632,567740,tracking_feedback_accumulate,62,,19766,,,72282624,132120576,122398208,132120576,,,,,,,,2.8135001193732023,,
1791429312.4413195,567740,frontend_frame,62,0,19766,12,7,72958976,132120576,122398208,132120576,,,,,,,,,,
1791429313.0313482,567740,tracking_feedback_accumulate,63,,19766,,,77119488,132120576,122398208,132120576,,,,,,,,3.29070002771914,,
1791429313.0413523,567740,frontend_frame,63,0,19766,13,8,81792000,132120576,122398208,132120576,,,,,,,,,,
1791429324.3524222,567740,tracking_feedback_accumulate,64,,20959,,,72312320,153092096,122398208,153092096,,,,,,,,3.191899973899126,,
1791429324.3579261,567740,frontend_frame,64,0,20959,13,8,73277952,153092096,122398208,153092096,,,,,,,,,,
1791429324.8371646,567740,tracking_feedback_accumulate,65,,20959,,,77274624,153092096,122398208,153092096,,,,,,,,2.7052999939769506,,
1791429324.8411722,567740,frontend_frame,65,0,20959,13,8,78231040,153092096,122398208,153092096,,,,,,,,,,
1791429325.4083776,567740,tracking_feedback_accumulate,66,,20959,,,82391552,153092096,124003840,153092096,,,,,,,,2.757999813184142,,
1791429325.4133832,567740,frontend_frame,66,0,20959,13,8,73443840,153092096,124003840,153092096,,,,,,,,,,
1791429326.066893,567740,tracking_feedback_accumulate,67,,20959,,,77194752,153092096,124003840,153092096,,,,,,,,2.8696998488157988,,
1791429326.0717533,567740,frontend_frame,67,0,20959,13,8,78151168,153092096,124003840,153092096,,,,,,,,,,
1791429326.7130113,567740,tracking_feedback_accumulate,68,,20959,,,82311680,153092096,124005888,153092096,,,,,,,,2.7202998753637075,,
1791429326.7705402,567740,frontend_frame,68,0,20959,14,8,87264256,153092096,124005888,153092096,,,,,,,,,,
1791429338.1535516,567740,tracking_feedback_accumulate,69,,22053,,,76478464,153092096,124005888,153092096,,,,,,,,3.083399962633848,,
1791429338.1585667,567740,frontend_frame,69,0,22053,14,8,77700608,153092096,124005888,153092096,,,,,,,,,,
1791429338.753288,567740,tracking_feedback_accumulate,70,,22053,,,81533440,153092096,124005888,153092096,,,,,,,,2.9127998277544975,,
1791429338.7585368,567740,frontend_frame,70,0,22053,14,8,82747392,102760448,124005888,153092096,,,,,,,,,,
1791429339.383306,567740,tracking_feedback_accumulate,71,,22053,,,76406784,144703488,124005888,153092096,,,,,,,,3.2720998860895634,,
1791429339.3879907,567740,frontend_frame,71,0,22053,14,8,77620736,144703488,124005888,153092096,,,,,,,,,,
1791429339.9608283,567740,tracking_feedback_accumulate,72,,22053,,,81699328,144703488,124005888,153092096,,,,,,,,2.941500162705779,,
1791429339.9678802,567740,frontend_frame,72,0,22053,14,8,82913280,146800640,124005888,153092096,,,,,,,,,,
1791429340.4289477,567740,tracking_feedback_accumulate,73,,22053,,,86828032,150994944,128173056,153092096,,,,,,,,3.3249000553041697,,
1791429340.4815884,567740,frontend_frame,73,0,22053,15,8,81618944,150994944,128173056,153092096,,,,,,,,,,
1791429352.079538,567740,tracking_feedback_accumulate,74,,22975,,,85678080,150994944,128173056,153092096,,,,,,,,3.0519999563694,,
1791429352.0852158,567740,frontend_frame,74,0,22975,15,8,87116288,150994944,128173056,153092096,,,,,,,,,,
1791429352.6514182,567740,tracking_feedback_accumulate,75,,22975,,,91112960,150994944,133084160,153092096,,,,,,,,2.903599990531802,,
1791429352.6566246,567740,frontend_frame,75,0,22975,15,8,81907712,150994944,133084160,153092096,,,,,,,,,,
1791429353.2324271,567740,tracking_feedback_accumulate,76,,22975,,,85904384,150994944,133084160,153092096,,,,,,,,6.163999903947115,,
1791429353.2404437,567740,frontend_frame,76,0,22975,15,8,87335936,150994944,133084160,153092096,,,,,,,,,,
1791429353.7707894,567740,tracking_feedback_accumulate,77,,22975,,,91332608,150994944,133303808,153092096,,,,,,,,2.844400005415082,,
1791429353.7755847,567740,frontend_frame,77,0,22975,15,8,92764160,153092096,133303808,153092096,,,,,,,,,,
1791429354.2058134,567740,tracking_feedback_accumulate,78,,22975,,,85988352,153092096,133303808,153092096,,,,,,,,3.190400078892708,,
1791429354.2579963,567740,frontend_frame,78,0,22975,16,8,91416064,153092096,133303808,153092096,,,,,,,,,,
1791429365.762369,567740,tracking_feedback_accumulate,79,,23665,,,95295488,153092096,137374208,153092096,,,,,,,,3.315799869596958,,
1791429365.766908,567740,frontend_frame,79,0,23665,16,8,96893440,153092096,137374208,153092096,,,,,,,,,,
1791429366.1763995,567740,tracking_feedback_accumulate,80,,23665,,,100972032,157286400,143009792,157286400,,,,,,,,3.2131001353263855,,
1791429366.1824057,567740,frontend_frame,80,0,23665,16,8,91549184,127926272,143009792,157286400,,,,,,,,,,
1791429366.760879,567740,tracking_feedback_accumulate,81,,23665,,,95545856,153092096,143009792,157286400,,,,,,,,3.3273999579250813,,
1791429366.7661314,567740,frontend_frame,81,0,23665,16,8,97138688,155189248,143009792,157286400,,,,,,,,,,
1791429367.4647331,567740,tracking_feedback_accumulate,82,,23665,,,101135360,157286400,143173120,157286400,,,,,,,,3.1060001347213984,,
1791429367.4702516,567740,frontend_frame,82,0,23665,16,8,102728192,159383552,143173120,159383552,,,,,,,,,,
1791429368.058984,567740,tracking_feedback_accumulate,83,,23665,,,89959424,159383552,143173120,159383552,,,,,,,,3.1262999400496483,,
1791429368.1125414,567740,frontend_frame,83,0,23665,17,8,95548416,159383552,143173120,159383552,,,,,,,,,,
1791429379.692703,567740,tracking_feedback_accumulate,84,,24707,,,99618304,159383552,143173120,159383552,,,,,,,,3.591699991375208,,
1791429379.6987498,567740,frontend_frame,84,0,24707,17,8,101472768,159383552,143173120,159383552,,,,,,,,,,
1791429380.17214,567740,tracking_feedback_accumulate,85,,24707,,,94039040,159383552,143173120,159383552,,,,,,,,2.8556999750435352,,
1791429380.177154,567740,frontend_frame,85,0,24707,17,8,95885312,159383552,143173120,159383552,,,,,,,,,,
1791429380.778526,567740,tracking_feedback_accumulate,86,,24707,,,99800064,159383552,143173120,159383552,,,,,,,,2.875500125810504,,
1791429380.7873547,567740,frontend_frame,86,0,24707,17,8,101646336,159383552,143173120,159383552,,,,,,,,,,
1791429381.4024396,567740,tracking_feedback_accumulate,87,,24707,,,105806848,159383552,147573248,159383552,,,,,,,,3.2220000866800547,,
1791429381.407996,567740,frontend_frame,87,0,24707,17,8,95969280,159383552,147573248,159383552,,,,,,,,,,
1791429382.102206,567740,tracking_feedback_accumulate,88,,24707,,,99884032,159383552,147573248,159383552,,,,,,,,2.871900098398328,,
1791429382.1540606,567740,frontend_frame,88,0,24707,18,8,105726464,159383552,147573248,159383552,,,,,,,,,,
1791429393.6594393,567740,tracking_feedback_accumulate,89,,25261,,,109761024,180355072,152926720,180355072,,,,,,,,2.9363001231104136,,
1791429393.6653025,567740,frontend_frame,89,0,25261,18,8,100056064,180355072,152926720,180355072,,,,,,,,,,
1791429394.2914703,567740,tracking_feedback_accumulate,90,,25261,,,104134656,180355072,152926720,180355072,,,,,,,,2.8431001119315624,,
1791429394.297231,567740,frontend_frame,90,0,25261,18,8,106109952,136314880,152926720,180355072,,,,,,,,,,
1791429394.952141,567740,tracking_feedback_accumulate,91,,25261,,,109942784,182452224,153142272,182452224,,,,,,,,2.8800000436604023,,
1791429394.9570172,567740,frontend_frame,91,0,25261,18,8,111918080,184549376,153142272,184549376,,,,,,,,,,
1791429395.664323,567740,tracking_feedback_accumulate,92,,25261,,,92656640,184549376,153142272,184549376,,,,,,,,3.5656001418828964,,
1791429395.6690621,567740,frontend_frame,92,0,25261,18,8,94631936,184549376,153142272,184549376,,,,,,,,,,
1791429396.2875469,567740,tracking_feedback_accumulate,93,,25261,,,98628608,184549376,153142272,184549376,,,,,,,,2.8713999781757593,,
1791429396.3393083,567740,frontend_frame,93,0,25261,19,8,104600064,184549376,153142272,184549376,,,,,,,,,,
1791429407.7587018,567740,tracking_feedback_accumulate,94,,25950,,,108642816,184549376,153142272,184549376,,,,,,,,2.85319983959198,,
1791429407.7637036,567740,frontend_frame,94,0,25950,19,8,98840576,184549376,153142272,184549376,,,,,,,,,,
1791429408.2439353,567740,tracking_feedback_accumulate,95,,25950,,,102755328,184549376,153142272,184549376,,,,,,,,2.824600087478757,,
1791429408.2486157,567740,frontend_frame,95,0,25950,19,8,104889856,184549376,153142272,184549376,,,,,,,,,,
1791429408.726438,567740,tracking_feedback_accumulate,96,,25950,,,108968448,184549376,153142272,184549376,,,,,,,,3.0071998480707407,,
1791429408.731487,567740,frontend_frame,96,0,25950,19,8,98842624,184549376,153142272,184549376,,,,,,,,,,
1791429409.175228,567740,tracking_feedback_accumulate,97,,25950,,,102839296,184549376,153142272,184549376,,,,,,,,2.8586999978870153,,
1791429409.1797335,567740,frontend_frame,97,0,25950,19,8,104973824,184549376,153142272,184549376,,,,,,,,,,
1791429409.7142522,567740,tracking_feedback_accumulate,98,,25950,,,108970496,184549376,153142272,184549376,,,,,,,,3.0436001252382994,,
1791429409.7653432,567740,frontend_frame,98,0,25950,20,8,115101184,184549376,153142272,184549376,,,,,,,,,,
1791429421.174454,567740,tracking_feedback_accumulate,99,,26429,,,106871296,184549376,153142272,184549376,,,,,,,,2.8389000799506903,,
1791429421.1789582,567740,frontend_frame,99,0,26429,20,8,109121536,184549376,153142272,184549376,,,,,,,,,,
1791429421.7322826,567740,tracking_feedback_accumulate,100,,26429,,,113200128,184549376,156203008,184549376,,,,,,,,2.834100043401122,,
1791429421.7383254,567740,frontend_frame,100,0,26429,20,8,115447296,136314880,156203008,184549376,,,,,,,,,,
1791429422.2606902,567740,tracking_feedback_accumulate,101,,26429,,,119280128,184549376,162428416,184549376,,,,,,,,2.781099872663617,,
1791429422.2661965,567740,frontend_frame,101,0,26429,20,8,109041664,184549376,162428416,184549376,,,,,,,,,,
1791429422.8934271,567740,tracking_feedback_accumulate,102,,26429,,,113120256,184549376,162428416,184549376,,,,,,,,5.235699936747551,,
1791429422.8984256,567740,frontend_frame,102,0,26429,20,8,115367424,184549376,162428416,184549376,,,,,,,,,,
1791429423.5230966,567740,tracking_feedback_accumulate,103,,26429,,,119364096,184549376,162501632,184549376,,,,,,,,2.9414999298751354,,
1791429423.5769355,567740,frontend_frame,103,0,26429,21,8,113121792,184549376,162501632,184549376,,,,,,,,,,
1791429435.1673474,567740,tracking_feedback_accumulate,104,,26895,,,117234176,184549376,162501632,184549376,,,,,,,,2.931899856775999,,
1791429435.1723528,567740,frontend_frame,104,0,26895,21,8,119597568,184549376,162501632,184549376,,,,,,,,,,
1791429435.7110069,567740,tracking_feedback_accumulate,105,,26895,,,123594240,184549376,166917120,184549376,,,,,,,,2.9720000457018614,,
1791429435.7180073,567740,frontend_frame,105,0,26895,21,8,125954048,186646528,166917120,186646528,,,,,,,,,,
1791429436.232606,567740,tracking_feedback_accumulate,106,,26895,,,117157888,186646528,166917120,186646528,,,,,,,,3.259400138631463,,
1791429436.2371109,567740,frontend_frame,106,0,26895,21,8,119517696,186646528,166917120,186646528,,,,,,,,,,
1791429436.7113342,567740,tracking_feedback_accumulate,107,,26895,,,123432448,186646528,166917120,186646528,,,,,,,,2.9474999755620956,,
1791429436.715839,567740,frontend_frame,107,0,26895,21,8,125792256,186646528,166917120,186646528,,,,,,,,,,
1791429437.2640955,567740,tracking_feedback_accumulate,108,,26895,,,129952768,190840832,173281280,190840832,,,,,,,,3.1127999536693096,,
1791429437.320835,567740,frontend_frame,108,0,26895,22,8,123597824,190840832,173281280,190840832,,,,,,,,,,
1791429448.9955254,567740,tracking_feedback_accumulate,109,,24816,,,127296000,190840832,173281280,190840832,,,,,,,,3.2744999043643475,,
1791429448.9995277,567740,frontend_frame,109,0,24816,22,8,129143296,190840832,173281280,190840832,,,,,,,,,,
1791429449.5763257,567740,tracking_feedback_accumulate,110,,24816,,,133303808,190840832,176051200,190840832,,,,,,,,3.289999905973673,,
1791429449.5833256,567740,frontend_frame,110,0,24816,22,8,122952704,161480704,176051200,190840832,,,,,,,,,,
1791429450.0951052,567740,tracking_feedback_accumulate,111,,24816,,,126785536,184549376,176051200,190840832,,,,,,,,2.946200082078576,,
1791429450.099503,567740,frontend_frame,111,0,24816,22,8,128650240,184549376,176051200,190840832,,,,,,,,,,
1791429450.7517884,567740,tracking_feedback_accumulate,112,,24816,,,132728832,188743680,176051200,190840832,,,,,,,,5.414899904280901,,
1791429450.7585087,567740,frontend_frame,112,0,24816,22,8,134593536,190840832,176051200,190840832,,,,,,,,,,
1791429451.389535,567740,tracking_feedback_accumulate,113,,24816,,,121009152,190840832,176051200,190840832,,,,,,,,3.037799848243594,,
1791429451.448031,567740,frontend_frame,113,0,24816,23,8,126870016,190840832,176051200,190840832,,,,,,,,,,
1791429462.8689115,567740,tracking_feedback_accumulate,114,,24549,,,130852352,190840832,176051200,190840832,,,,,,,,4.224300151690841,,
1791429462.8754447,567740,frontend_frame,114,0,24549,23,8,132654080,190840832,176051200,190840832,,,,,,,,,,
1791429463.3885665,567740,tracking_feedback_accumulate,115,,24549,,,136568832,190840832,179638272,190840832,,,,,,,,3.0010000336915255,,
1791429463.3940837,567740,frontend_frame,115,0,24549,23,8,126712832,190840832,179638272,190840832,,,,,,,,,,
1791429463.900964,567740,tracking_feedback_accumulate,116,,24549,,,130791424,190840832,179638272,190840832,,,,,,,,4.610500065609813,,
1791429463.9064786,567740,frontend_frame,116,0,24549,23,8,132595712,190840832,179638272,190840832,,,,,,,,,,
1791429464.505104,567740,tracking_feedback_accumulate,117,,24549,,,136674304,211812352,179656704,211812352,,,,,,,,11.495200218632817,,
1791429464.509886,567740,frontend_frame,117,0,24549,23,8,138478592,211812352,179656704,211812352,,,,,,,,,,
1791429465.1636934,567740,tracking_feedback_accumulate,118,,24549,,,124993536,211812352,179656704,211812352,,,,,,,,3.3195000141859055,,
1791429465.2147725,567740,frontend_frame,118,0,24549,24,8,130793984,211812352,179656704,211812352,,,,,,,,,,
1791429476.6787555,567740,tracking_feedback_accumulate,119,,24401,,,134782976,211812352,179656704,211812352,,,,,,,,4.383499966934323,,
1791429476.6842606,567740,frontend_frame,119,0,24401,24,8,136547328,211812352,179656704,211812352,,,,,,,,,,
1791429477.2495308,567740,tracking_feedback_accumulate,120,,24401,,,116609536,211812352,179656704,211812352,,,,,,,,2.865100046619773,,
1791429477.2565677,567740,frontend_frame,120,0,24401,24,8,118375424,155189248,179656704,211812352,,,,,,,,,,
1791429477.8511093,567740,tracking_feedback_accumulate,121,,24401,,,122372096,197132288,179656704,211812352,,,,,,,,2.6543999556452036,,
1791429477.8548,567740,frontend_frame,121,0,24401,24,8,124137984,197132288,179656704,211812352,,,,,,,,,,
1791429478.3361752,567740,tracking_feedback_accumulate,122,,24401,,,128134656,199229440,179656704,211812352,,,,,,,,2.983400132507086,,
1791429478.3417199,567740,frontend_frame,122,0,24401,24,8,118377472,199229440,179656704,211812352,,,,,,,,,,
1791429478.9052565,567740,tracking_feedback_accumulate,123,,24401,,,122292224,199229440,179656704,211812352,,,,,,,,2.9360998887568712,,
1791429478.9585502,567740,frontend_frame,123,0,24401,25,8,128054272,199229440,179656704,211812352,,,,,,,,,,
1791429490.4362948,567740,tracking_feedback_accumulate,124,,24637,,,132234240,199229440,179656704,211812352,,,,,,,,2.940000034868717,,
1791429490.4422948,567740,frontend_frame,124,0,24637,25,8,122536448,199229440,179656704,211812352,,,,,,,,,,
1791429490.905505,567740,tracking_feedback_accumulate,125,,24637,,,126451200,199229440,179656704,211812352,,,,,,,,4.656700184568763,,
1791429490.909697,567740,frontend_frame,125,0,24637,25,8,128275456,199229440,179656704,211812352,,,,,,,,,,
1791429491.4230585,567740,tracking_feedback_accumulate,126,,24637,,,132272128,199229440,179656704,211812352,,,,,,,,3.286199877038598,,
1791429491.4289105,567740,frontend_frame,126,0,24637,25,8,134096384,201326592,179656704,211812352,,,,,,,,,,
1791429491.948265,567740,tracking_feedback_accumulate,127,,24637,,,120715264,201326592,179656704,211812352,,,,,,,,2.9153998475521803,,
1791429491.9532657,567740,frontend_frame,127,0,24637,25,8,122539520,201326592,179656704,211812352,,,,,,,,,,
1791429492.4420755,567740,tracking_feedback_accumulate,128,,24637,,,126536192,201326592,179656704,211812352,,,,,,,,2.8673000633716583,,
1791429492.4927797,567740,frontend_frame,128,0,24637,26,8,132356608,201326592,179656704,211812352,,,,,,,,,,
1791429503.6752095,567740,tracking_feedback_accumulate,129,,24980,,,124656640,201326592,179656704,211812352,,,,,,,,2.8875998686999083,,
1791429503.6802814,567740,frontend_frame,129,0,24980,26,8,126565888,201326592,179656704,211812352,,,,,,,,,,
1791429504.1508532,567740,tracking_feedback_accumulate,130,,24980,,,130562560,201326592,179656704,211812352,,,,,,,,2.8415999840945005,,
1791429504.155854,567740,frontend_frame,130,0,24980,26,8,132469248,176160768,179656704,211812352,,,,,,,,,,
1791429504.677082,567740,tracking_feedback_accumulate,131,,24980,,,136465920,199229440,179656704,211812352,,,,,,,,3.2799001783132553,,
1791429504.6831083,567740,frontend_frame,131,0,24980,26,8,126567936,199229440,179656704,211812352,,,,,,,,,,
1791429505.2818635,567740,tracking_feedback_accumulate,132,,24980,,,130482688,199229440,179656704,211812352,,,,,,,,2.943499945104122,,
1791429505.2868638,567740,frontend_frame,132,0,24980,26,8,132389376,199229440,179656704,211812352,,,,,,,,,,
1791429505.7593217,567740,tracking_feedback_accumulate,133,,24980,,,136467968,199229440,179656704,211812352,,,,,,,,3.919400041922927,,
1791429505.821046,567740,frontend_frame,133,0,24980,27,8,142370816,201326592,179656704,211812352,,,,,,,,,,
1791429517.222301,567740,tracking_feedback_accumulate,134,,25651,,,128707072,201326592,179656704,211812352,,,,,,,,2.847299911081791,,
1791429517.2273023,567740,frontend_frame,134,0,25651,27,8,130777600,201326592,179656704,211812352,,,,,,,,,,
1791429517.8493156,567740,tracking_feedback_accumulate,135,,25651,,,134774272,201326592,179656704,211812352,,,,,,,,2.966600004583597,,
1791429517.855414,567740,frontend_frame,135,0,25651,27,8,136840192,201326592,179656704,211812352,,,,,,,,,,
1791429518.278596,567740,tracking_feedback_accumulate,136,,25651,,,128713728,201326592,179656704,211812352,,,,,,,,2.897700062021613,,
1791429518.283118,567740,frontend_frame,136,0,25651,27,8,130779648,201326592,179656704,211812352,,,,,,,,,,
1791429518.9845762,567740,tracking_feedback_accumulate,137,,25651,,,134776320,201326592,179656704,211812352,,,,,,,,3.073599888011813,,
1791429518.990576,567740,frontend_frame,137,0,25651,27,8,136842240,201326592,179656704,211812352,,,,,,,,,,
1791429519.687195,567740,tracking_feedback_accumulate,138,,25651,,,140756992,201326592,183621632,211812352,,,,,,,,3.5903998650610447,,
1791429519.750983,567740,frontend_frame,138,0,25651,28,8,134695936,201326592,183621632,211812352,,,,,,,,,,
1791429531.5659673,567740,tracking_feedback_accumulate,139,,25560,,,138852352,201326592,183621632,211812352,,,,,,,,2.9428000561892986,,
1791429531.570574,567740,frontend_frame,139,0,25560,28,8,140895232,201326592,183621632,211812352,,,,,,,,,,
1791429532.1347797,567740,tracking_feedback_accumulate,140,,25560,,,144728064,201326592,187871744,211812352,,,,,,,,3.222299972549081,,
1791429532.1417794,567740,frontend_frame,140,0,25560,28,8,146771968,180355072,187871744,211812352,,,,,,,,,,
1791429532.5357444,567740,tracking_feedback_accumulate,141,,25560,,,132709888,201326592,187871744,211812352,,,,,,,,2.881700173020363,,
1791429532.5412512,567740,frontend_frame,141,0,25560,28,8,134753792,201326592,187871744,211812352,,,,,,,,,,
1791429533.1430712,567740,tracking_feedback_accumulate,142,,25560,,,138750464,201326592,187871744,211812352,,,,,,,,3.167300019413233,,
1791429533.1490707,567740,frontend_frame,142,0,25560,28,8,140794368,201326592,187871744,211812352,,,,,,,,,,
1791429533.6225164,567740,tracking_feedback_accumulate,143,,25560,,,132711936,222298112,187871744,222298112,,,,,,,,3.159299958497286,,
1791429533.6720521,567740,frontend_frame,143,0,25560,29,8,138752000,222298112,187871744,222298112,,,,,,,,,,
1791429545.2192094,567740,tracking_feedback_accumulate,144,,25824,,,142768128,222298112,187871744,222298112,,,,,,,,3.1809001229703426,,
1791429545.2237134,567740,frontend_frame,144,0,25824,29,8,144873984,222298112,187871744,222298112,,,,,,,,,,
1791429545.783125,567740,tracking_feedback_accumulate,145,,25824,,,148788736,222298112,191696896,222298112,,,,,,,,3.2909999135881662,,
1791429545.7896326,567740,frontend_frame,145,0,25824,29,8,138753536,222298112,191696896,222298112,,,,,,,,,,
1791429546.3533735,567740,tracking_feedback_accumulate,146,,25824,,,142832128,222298112,191696896,222298112,,,,,,,,3.028299892321229,,
1791429546.3584273,567740,frontend_frame,146,0,25824,29,8,144936448,222298112,191696896,222298112,,,,,,,,,,
1791429546.902914,567740,tracking_feedback_accumulate,147,,25824,,,149015040,222298112,191837696,222298112,,,,,,,,3.380199894309044,,
1791429546.907547,567740,frontend_frame,147,0,25824,29,8,151119360,224395264,191837696,224395264,,,,,,,,,,
1791429547.580726,567740,tracking_feedback_accumulate,148,,25824,,,136734208,224395264,191837696,224395264,,,,,,,,3.156099934130907,,
1791429547.635968,567740,frontend_frame,148,0,25824,30,8,142834688,224395264,191837696,224395264,,,,,,,,,,
1791429559.4445848,567740,tracking_feedback_accumulate,149,,26017,,,146764288,224395264,191837696,224395264,,,,,,,,3.1202000100165606,,
1791429559.4506397,567740,frontend_frame,149,0,26017,30,8,148915712,224395264,191837696,224395264,,,,,,,,,,
1791429560.0667381,567740,tracking_feedback_accumulate,150,,26017,,,140748288,224395264,191837696,224395264,,,,,,,,2.9416000470519066,,
1791429560.072739,567740,frontend_frame,150,0,26017,30,8,142898688,197132288,191837696,224395264,,,,,,,,,,
1791429560.735428,567740,tracking_feedback_accumulate,151,,26017,,,146895360,218103808,191837696,224395264,,,,,,,,3.03569994866848,,
1791429560.7402804,567740,frontend_frame,151,0,26017,30,8,149045760,220200960,191837696,224395264,,,,,,,,,,
1791429561.464279,567740,tracking_feedback_accumulate,152,,26017,,,153042432,224395264,195736064,224395264,,,,,,,,3.295100061222911,,
1791429561.4693453,567740,frontend_frame,152,0,26017,30,8,142900736,224395264,195736064,224395264,,,,,,,,,,
1791429562.0158925,567740,tracking_feedback_accumulate,153,,26017,,,146815488,224395264,195736064,224395264,,,,,,,,3.100499976426363,,
1791429562.0696185,567740,frontend_frame,153,0,26017,31,8,152962048,224395264,195736064,224395264,,,,,,,,,,
1791429573.6604736,567740,tracking_feedback_accumulate,154,,26597,,,157162496,224395264,199840256,224395264,,,,,,,,2.8335999231785536,,
1791429573.6665733,567740,frontend_frame,154,0,26597,31,8,147162112,224395264,199840256,224395264,,,,,,,,,,
1791429574.3412733,567740,tracking_feedback_accumulate,155,,26597,,,151076864,224395264,199840256,224395264,,,,,,,,2.7538000140339136,,
1791429574.3482757,567740,frontend_frame,155,0,26597,31,8,153364480,224395264,199840256,224395264,,,,,,,,,,
1791429575.0301027,567740,tracking_feedback_accumulate,156,,26597,,,157361152,226492416,199983616,226492416,,,,,,,,3.0316999182105064,,
1791429575.0351007,567740,frontend_frame,156,0,26597,31,8,159648768,228589568,199983616,228589568,,,,,,,,,,
1791429575.6195996,567740,tracking_feedback_accumulate,157,,26597,,,151160832,228589568,199983616,228589568,,,,,,,,2.9702000319957733,,
1791429575.624104,567740,frontend_frame,157,0,26597,31,8,153448448,228589568,199983616,228589568,,,,,,,,,,
1791429576.200329,567740,tracking_feedback_accumulate,158,,26597,,,157445120,228589568,199983616,228589568,,,,,,,,3.0116999987512827,,
1791429576.2498128,567740,frontend_frame,158,0,26597,32,8,163728896,228589568,199983616,228589568,,,,,,,,,,
1791429587.4757047,567740,tracking_feedback_accumulate,159,,27397,,,155133952,232783872,209984512,232783872,,,,,,,,2.923599909991026,,
1791429587.480705,567740,frontend_frame,159,0,27397,32,8,157620736,232783872,209984512,232783872,,,,,,,,,,
1791429588.047733,567740,tracking_feedback_accumulate,160,,27397,,,161617408,232783872,209984512,232783872,,,,,,,,3.1747999601066113,,
1791429588.0537329,567740,frontend_frame,160,0,27397,32,8,164098048,205520896,209984512,232783872,,,,,,,,,,
1791429588.6074357,567740,tracking_feedback_accumulate,161,,27397,,,168176640,232783872,211112448,232783872,,,,,,,,3.1143000815063715,,
1791429588.6114368,567740,frontend_frame,161,0,27397,32,8,157704704,232783872,211112448,232783872,,,,,,,,,,
1791429589.1693096,567740,tracking_feedback_accumulate,162,,27397,,,161701376,232783872,211112448,232783872,,,,,,,,3.1465000938624144,,
1791429589.1743119,567740,frontend_frame,162,0,27397,32,8,164182016,232783872,211112448,232783872,,,,,,,,,,
1791429589.6945891,567740,tracking_feedback_accumulate,163,,27397,,,168096768,232783872,211112448,232783872,,,,,,,,2.7938000857830048,,
1791429589.7433116,567740,frontend_frame,163,0,27397,33,8,174573568,234881024,211112448,234881024,,,,,,,,,,
1791429601.042107,567740,tracking_feedback_accumulate,164,,28262,,,159198208,234881024,211112448,234881024,,,,,,,,3.113900078460574,,
1791429601.0471072,567740,frontend_frame,164,0,28262,33,8,161884672,234881024,211112448,234881024,,,,,,,,,,
1791429601.6189566,567740,tracking_feedback_accumulate,165,,28262,,,165963264,234881024,211112448,234881024,,,,,,,,3.755000187084079,,
1791429601.6244695,567740,frontend_frame,165,0,28262,33,8,168643584,234881024,211112448,234881024,,,,,,,,,,
1791429602.1225786,567740,tracking_feedback_accumulate,166,,28262,,,172640256,255852544,215217664,255852544,,,,,,,,3.0056999530643225,,
1791429602.127579,567740,frontend_frame,166,0,28262,33,8,161968640,255852544,215217664,255852544,,,,,,,,,,
1791429602.645263,567740,tracking_feedback_accumulate,167,,28262,,,165883392,255852544,215217664,255852544,,,,,,,,2.7179999742656946,,
1791429602.6492622,567740,frontend_frame,167,0,28262,33,8,168563712,255852544,215217664,255852544,,,,,,,,,,
1791429603.1315315,567740,tracking_feedback_accumulate,168,,28262,,,172642304,255852544,215269376,255852544,,,,,,,,3.0946999322623014,,
1791429603.136818,567740,frontend_frame,168,0,28262,33,8,175323136,255852544,215269376,255852544,,,,,,,,,,
1791429603.6750727,567740,tracking_feedback_accumulate,169,,28262,,,159291904,255852544,215269376,255852544,,,,,,,,3.1013002153486013,,
1791429603.726098,567740,frontend_frame,169,0,28262,34,8,165967872,255852544,215269376,255852544,,,,,,,,,,
1791429614.9943798,567740,tracking_feedback_accumulate,170,,29179,,,169943040,255852544,215269376,255852544,,,,,,,,3.218499943614006,,
1791429615.0003831,567740,frontend_frame,170,0,29179,34,8,172841472,207618048,215269376,255852544,,,,,,,,,,
1791429615.4940803,567740,tracking_feedback_accumulate,171,,29179,,,163274752,249561088,215269376,255852544,,,,,,,,3.119399771094322,,
1791429615.4991312,567740,frontend_frame,171,0,29179,34,8,166166528,249561088,215269376,255852544,,,,,,,,,,
1791429616.1851468,567740,tracking_feedback_accumulate,172,,29179,,,170163200,249561088,215269376,255852544,,,,,,,,2.859399886801839,,
1791429616.190147,567740,frontend_frame,172,0,29179,34,8,173054976,251658240,215269376,255852544,,,,,,,,,,
1791429616.852542,567740,tracking_feedback_accumulate,173,,29179,,,177133568,255852544,219704832,255852544,,,,,,,,2.9688000213354826,,
1791429616.858047,567740,frontend_frame,173,0,29179,34,8,166250496,255852544,219704832,255852544,,,,,,,,,,
1791429617.494977,567740,tracking_feedback_accumulate,174,,29179,,,170083328,255852544,219704832,255852544,,,,,,,,3.1058001331984997,,
1791429617.5030005,567740,frontend_frame,174,0,29179,35,8,176971264,255852544,219704832,255852544,,,,,,,,,,
1791429628.7255843,567740,tracking_feedback_accumulate,175,,28723,,,161049600,255852544,219704832,255852544,,,,,,,,3.165900008752942,,
1791429628.7305837,567740,frontend_frame,175,0,28723,35,8,163836416,255852544,219704832,255852544,,,,,,,,,,
1791429629.25018,567740,tracking_feedback_accumulate,176,,28723,,,167751168,255852544,219704832,255852544,,,,,,,,2.9591999482363462,,
1791429629.2551527,567740,frontend_frame,176,0,28723,35,8,170542080,255852544,219704832,255852544,,,,,,,,,,
1791429629.7246215,567740,tracking_feedback_accumulate,177,,28723,,,174538752,255852544,219704832,255852544,,,,,,,,2.8521001804620028,,
1791429629.7296243,567740,frontend_frame,177,0,28723,35,8,163756544,255852544,219704832,255852544,,,,,,,,,,
1791429630.183413,567740,tracking_feedback_accumulate,178,,28723,,,167835136,255852544,219704832,255852544,,,,,,,,2.973299939185381,,
1791429630.1884134,567740,frontend_frame,178,0,28723,35,8,170626048,255852544,219704832,255852544,,,,,,,,,,
1791429630.6758947,567740,tracking_feedback_accumulate,179,,28723,,,174622720,255852544,219704832,255852544,,,,,,,,3.231300041079521,,
1791429630.680895,567740,frontend_frame,179,0,28723,35,8,177414144,255852544,219704832,255852544,,,,,,,,,,
1791429631.3066523,567740,tracking_feedback_accumulate,180,,28723,,,160969216,255852544,219704832,255852544,,,,,,,,2.575600054115057,,
1791429631.313662,567740,frontend_frame,180,0,28723,36,8,167755776,255852544,219704832,255852544,,,,,,,,,,
1791429642.502204,567740,tracking_feedback_accumulate,181,,27841,,,171696640,255852544,219704832,255852544,,,,,,,,3.041400108486414,,
1791429642.506789,567740,frontend_frame,181,0,27841,36,8,174270976,255852544,219704832,255852544,,,,,,,,,,
1791429643.1830454,567740,tracking_feedback_accumulate,182,,27841,,,164903936,255852544,219704832,255852544,,,,,,,,2.8011000249534845,,
1791429643.187045,567740,frontend_frame,182,0,27841,36,8,167485440,255852544,219704832,255852544,,,,,,,,,,
1791429643.8801618,567740,tracking_feedback_accumulate,183,,27841,,,171482112,255852544,219704832,255852544,,,,,,,,3.6788000725209713,,
1791429643.8866718,567740,frontend_frame,183,0,27841,36,8,174063616,255852544,219704832,255852544,,,,,,,,,,
1791429644.5767772,567740,tracking_feedback_accumulate,184,,27841,,,178142208,255852544,221152256,255852544,,,,,,,,2.8621999081224203,,
1791429644.5817783,567740,frontend_frame,184,0,27841,36,8,167569408,255852544,221152256,255852544,,,,,,,,,,
1791429645.2732246,567740,tracking_feedback_accumulate,185,,27841,,,171566080,255852544,221152256,255852544,,,,,,,,3.3162999898195267,,
1791429645.3259726,567740,frontend_frame,185,0,27841,37,8,178143744,255852544,221152256,255852544,,,,,,,,,,
1791429656.5731025,567740,tracking_feedback_accumulate,186,,28096,,,182077440,255852544,225769472,255852544,,,,,,,,3.002299927175045,,
1791429656.5781024,567740,frontend_frame,186,0,28096,37,8,171564032,255852544,225769472,255852544,,,,,,,,,,
1791429657.2728133,567740,tracking_feedback_accumulate,187,,28096,,,175642624,255852544,225769472,255852544,,,,,,,,3.146899864077568,,
1791429657.2778137,567740,frontend_frame,187,0,28096,37,8,178282496,255852544,225769472,255852544,,,,,,,,,,
1791429657.9287705,567740,tracking_feedback_accumulate,188,,28096,,,182279168,255852544,225866752,255852544,,,,,,,,3.209599992260337,,
1791429657.9337728,567740,frontend_frame,188,0,28096,37,8,184919040,255852544,225866752,255852544,,,,,,,,,,
1791429658.4695232,567740,tracking_feedback_accumulate,189,,28096,,,175562752,255852544,225866752,255852544,,,,,,,,3.179199993610382,,
1791429658.474524,567740,frontend_frame,189,0,28096,37,8,178202624,255852544,225866752,255852544,,,,,,,,,,
1791429658.941375,567740,tracking_feedback_accumulate,190,,28096,,,182199296,255852544,225866752,255852544,,,,,,,,3.1016001012176275,,
1791429658.9907212,567740,frontend_frame,190,0,28096,38,8,188835328,255852544,225866752,255852544,,,,,,,,,,
1791429670.1518936,567740,tracking_feedback_accumulate,191,,28156,,,179483648,276824064,225866752,276824064,,,,,,,,3.2369999680668116,,
1791429670.1568937,567740,frontend_frame,191,0,28156,38,8,182133760,276824064,225866752,276824064,,,,,,,,,,
1791429670.6491566,567740,tracking_feedback_accumulate,192,,28156,,,186212352,276824064,230070272,276824064,,,,,,,,3.28439986333251,,
1791429670.6544852,567740,frontend_frame,192,0,28156,38,8,188862464,276824064,230070272,276824064,,,,,,,,,,
1791429671.1969533,567740,tracking_feedback_accumulate,193,,28156,,,192941056,278921216,236676608,278921216,,,,,,,,3.1713000498712063,,
1791429671.201953,567740,frontend_frame,193,0,28156,38,8,182299648,278921216,236676608,278921216,,,,,,,,,,
1791429671.7054987,567740,tracking_feedback_accumulate,194,,28156,,,186214400,278921216,236676608,278921216,,,,,,,,3.1748998444527388,,
1791429671.711004,567740,frontend_frame,194,0,28156,38,8,188864512,278921216,236676608,278921216,,,,,,,,,,
1791429672.2454684,567740,tracking_feedback_accumulate,195,,28156,,,192779264,278921216,236676608,278921216,,,,,,,,3.166200127452612,,
1791429672.2945795,567740,frontend_frame,195,0,28156,39,8,199425536,281018368,236676608,281018368,,,,,,,,,,
1791429683.2862494,567740,tracking_feedback_accumulate,196,,28637,,,183684608,281018368,236676608,281018368,,,,,,,,2.893999917432666,,
1791429683.290755,567740,frontend_frame,196,0,28637,39,8,186457088,281018368,236676608,281018368,,,,,,,,,,
1791429683.8223112,567740,tracking_feedback_accumulate,197,,28637,,,190371840,281018368,236676608,281018368,,,,,,,,2.938699908554554,,
1791429683.8274088,567740,frontend_frame,197,0,28637,39,8,193140736,281018368,236676608,281018368,,,,,,,,,,
1791429684.395668,567740,tracking_feedback_accumulate,198,,28637,,,183608320,281018368,236676608,281018368,,,,,,,,3.1808000057935715,,
1791429684.4006684,567740,frontend_frame,198,0,28637,39,8,186377216,281018368,236676608,281018368,,,,,,,,,,
1791429684.9495268,567740,tracking_feedback_accumulate,199,,28637,,,190455808,281018368,236676608,281018368,,,,,,,,3.0288000125437975,,
1791429684.9535258,567740,frontend_frame,199,0,28637,39,8,193224704,281018368,236676608,281018368,,,,,,,,,,
1791429685.5266335,567740,tracking_feedback_accumulate,200,,28637,,,197221376,281018368,240609280,281018368,,,,,,,,3.144199959933758,,
1791429685.576636,567740,frontend_frame,200,0,28637,40,8,190457344,281018368,240609280,281018368,,,,,,,,,,
1791429696.69636,567740,tracking_feedback_accumulate,201,,29334,,,194420736,281018368,240609280,281018368,,,,,,,,3.282099962234497,,
1791429696.7018657,567740,frontend_frame,201,0,29334,40,8,197359616,281018368,240609280,281018368,,,,,,,,,,
1791429697.1864612,567740,tracking_feedback_accumulate,202,,29334,,,201356288,281018368,245019136,281018368,,,,,,,,2.617900026962161,,
1791429697.1944606,567740,frontend_frame,202,0,29334,40,8,183960576,281018368,245019136,281018368,,,,,,,,,,
1791429697.7367241,567740,tracking_feedback_accumulate,203,,29334,,,188039168,281018368,245019136,281018368,,,,,,,,3.231799928471446,,
1791429697.7422285,567740,frontend_frame,203,0,29334,40,8,190972928,281018368,245019136,281018368,,,,,,,,,,
1791429698.305261,567740,tracking_feedback_accumulate,204,,29334,,,194969600,281018368,245019136,281018368,,,,,,,,2.916499972343445,,
1791429698.310261,567740,frontend_frame,204,0,29334,40,8,197903360,281018368,245019136,281018368,,,,,,,,,,
1791429698.8567371,567740,tracking_feedback_accumulate,205,,29334,,,187959296,281018368,245019136,281018368,,,,,,,,3.287100000306964,,
1791429698.908047,567740,frontend_frame,205,0,29334,41,8,194889216,281018368,245019136,281018368,,,,,,,,,,
1791429710.0093038,567740,tracking_feedback_accumulate,206,,30147,,,198858240,281018368,245019136,281018368,,,,,,,,3.141900058835745,,
1791429710.014343,567740,frontend_frame,206,0,30147,41,8,201989632,281018368,245019136,281018368,,,,,,,,,,
1791429710.4661076,567740,tracking_feedback_accumulate,207,,30147,,,206150144,281018368,249487872,281018368,,,,,,,,3.177899867296219,,
1791429710.473108,567740,frontend_frame,207,0,30147,41,8,195225088,281018368,249487872,281018368,,,,,,,,,,
1791429710.9447172,567740,tracking_feedback_accumulate,208,,30147,,,199057920,281018368,249487872,281018368,,,,,,,,2.948999870568514,,
1791429710.9497223,567740,frontend_frame,208,0,30147,41,8,202183168,281018368,249487872,281018368,,,,,,,,,,
1791429711.3649864,567740,tracking_feedback_accumulate,209,,30147,,,206261760,281018368,249827840,281018368,,,,,,,,2.9112999327480793,,
1791429711.369986,567740,frontend_frame,209,0,30147,41,8,209387008,285212672,249827840,285212672,,,,,,,,,,
1791429711.798431,567740,tracking_feedback_accumulate,210,,30147,,,192020992,285212672,249827840,285212672,,,,,,,,3.0048999469727278,,
1791429711.8465629,567740,frontend_frame,210,0,30147,42,8,199142400,285212672,249827840,285212672,,,,,,,,,,
1791429723.010318,567740,tracking_feedback_accumulate,211,,30925,,,203273728,285212672,249827840,285212672,,,,,,,,3.2424000091850758,,
1791429723.015455,567740,frontend_frame,211,0,30925,42,8,206585856,285212672,249827840,285212672,,,,,,,,,,
1791429723.5261686,567740,tracking_feedback_accumulate,212,,30925,,,196159488,285212672,249827840,285212672,,,,,,,,3.1572000589221716,,
1791429723.5322607,567740,frontend_frame,212,0,30925,42,8,199465984,285212672,249827840,285212672,,,,,,,,,,
1791429724.0651455,567740,tracking_feedback_accumulate,213,,30925,,,203380736,285212672,249827840,285212672,,,,,,,,2.87310010753572,,
1791429724.070146,567740,frontend_frame,213,0,30925,42,8,206687232,285212672,249827840,285212672,,,,,,,,,,
1791429724.609117,567740,tracking_feedback_accumulate,214,,30925,,,210683904,285212672,254782976,285212672,,,,,,,,3.0149000231176615,,
1791429724.6146214,567740,frontend_frame,214,0,30925,42,8,199386112,285212672,254782976,285212672,,,,,,,,,,
1791429725.3061645,567740,tracking_feedback_accumulate,215,,30925,,,203382784,285212672,254782976,285212672,,,,,,,,3.1880000606179237,,
1791429725.3562672,567740,frontend_frame,215,0,30925,43,8,210685440,285212672,254782976,285212672,,,,,,,,,,
1791429736.627148,567740,tracking_feedback_accumulate,216,,31606,,,214646272,306184192,259115008,306184192,,,,,,,,2.965599996969104,,
1791429736.632651,567740,frontend_frame,216,0,31606,43,8,203512320,306184192,259115008,306184192,,,,,,,,,,
1791429737.2137,567740,tracking_feedback_accumulate,217,,31606,,,207590912,306184192,259115008,306184192,,,,,,,,2.8297998942434788,,
1791429737.2176998,567740,frontend_frame,217,0,31606,43,8,211056640,306184192,259115008,306184192,,,,,,,,,,
1791429737.800637,567740,tracking_feedback_accumulate,218,,31606,,,215135232,306184192,260400128,306184192,,,,,,,,2.6153000071644783,,
1791429737.806219,567740,frontend_frame,218,0,31606,43,8,218600960,306184192,260400128,306184192,,,,,,,,,,
1791429738.332991,567740,tracking_feedback_accumulate,219,,31606,,,207592960,306184192,260400128,306184192,,,,,,,,2.861300017684698,,
1791429738.338,567740,frontend_frame,219,0,31606,43,8,211058688,306184192,260400128,306184192,,,,,,,,,,
1791429738.8203924,567740,tracking_feedback_accumulate,220,,31606,,,215137280,306184192,260402176,306184192,,,,,,,,4.845899995416403,,
1791429738.8706641,567740,frontend_frame,220,0,31606,44,8,222599168,306184192,260402176,306184192,,,,,,,,,,
1791429749.977622,567740,tracking_feedback_accumulate,221,,32224,,,226639872,310378496,271153664,310378496,,,,,,,,3.1769999768584967,,
1791429749.9837387,567740,frontend_frame,221,0,32224,44,8,215336448,310378496,271153664,310378496,,,,,,,,,,
1791429750.3931725,567740,tracking_feedback_accumulate,222,,32224,,,219251200,310378496,271153664,310378496,,,,,,,,3.055199980735779,,
1791429750.397821,567740,frontend_frame,222,0,32224,44,8,222865920,310378496,271153664,310378496,,,,,,,,,,
1791429750.873914,567740,tracking_feedback_accumulate,223,,32224,,,226862592,310378496,271496704,310378496,,,,,,,,2.8715000953525305,,
1791429750.880419,567740,frontend_frame,223,0,32224,44,8,215256576,310378496,271496704,310378496,,,,,,,,,,
1791429751.2861965,567740,tracking_feedback_accumulate,224,,32224,,,219335168,310378496,271496704,310378496,,,,,,,,5.918700015172362,,
1791429751.2921963,567740,frontend_frame,224,0,32224,44,8,222949888,310378496,271496704,310378496,,,,,,,,,,
1791429751.7101552,567740,tracking_feedback_accumulate,225,,32224,,,226782720,312475648,271498752,312475648,,,,,,,,3.341799834743142,,
1791429751.7602491,567740,frontend_frame,225,0,32224,45,8,234393600,314572800,271498752,314572800,,,,,,,,,,
1791429763.0213463,567740,tracking_feedback_accumulate,226,,32947,,,223302144,314572800,271498752,314572800,,,,,,,,2.9873999301344156,,
1791429763.026852,567740,frontend_frame,226,0,32947,45,8,227095040,314572800,271498752,314572800,,,,,,,,,,
1791429763.572313,567740,tracking_feedback_accumulate,227,,32947,,,231091712,314572800,276075520,314572800,,,,,,,,3.2136000227183104,,
1791429763.5773122,567740,frontend_frame,227,0,32947,45,8,234879488,314572800,276075520,314572800,,,,,,,,,,
1791429764.0017517,567740,tracking_feedback_accumulate,228,,32947,,,223227392,320864256,283078656,320864256,,,,,,,,3.39740002527833,,
1791429764.0067527,567740,frontend_frame,228,0,32947,45,8,227015168,320864256,283078656,320864256,,,,,,,,,,
1791429764.4734948,567740,tracking_feedback_accumulate,229,,32947,,,231093760,320864256,283078656,320864256,,,,,,,,3.209299873560667,,
1791429764.479001,567740,frontend_frame,229,0,32947,45,8,234881536,320864256,283078656,320864256,,,,,,,,,,
1791429764.985994,567740,tracking_feedback_accumulate,230,,32947,,,238878208,320864256,283849728,320864256,,,,,,,,2.9289000667631626,,
1791429765.0384083,567740,frontend_frame,230,0,32947,46,8,216023552,320864256,283849728,320864256,,,,,,,,,,
1791429776.359265,567740,tracking_feedback_accumulate,231,,33622,,,220066304,320864256,283849728,320864256,,,,,,,,2.921900013461709,,
1791429776.3642642,567740,frontend_frame,231,0,33622,46,8,224018432,320864256,283849728,320864256,,,,,,,,,,
1791429776.8295405,567740,tracking_feedback_accumulate,232,,33622,,,228015104,320864256,283849728,320864256,,,,,,,,3.224099986255169,,
1791429776.8341043,567740,frontend_frame,232,0,33622,46,8,231962112,320864256,283849728,320864256,,,,,,,,,,
1791429777.3360925,567740,tracking_feedback_accumulate,233,,33622,,,212208128,320864256,283849728,320864256,,,,,,,,2.947799861431122,,
1791429777.3405972,567740,frontend_frame,233,0,33622,46,8,216155136,320864256,283849728,320864256,,,,,,,,,,
1791429777.7742689,567740,tracking_feedback_accumulate,234,,33622,,,220315648,320864256,283849728,320864256,,,,,,,,2.9027999844402075,,
1791429777.778271,567740,frontend_frame,234,0,33622,46,8,224262656,320864256,283849728,320864256,,,,,,,,,,
1791429778.2896888,567740,tracking_feedback_accumulate,235,,33622,,,228177408,320864256,283849728,320864256,,,,,,,,2.8787001501768827,,
1791429778.3392146,567740,frontend_frame,235,0,33622,47,8,220235264,320864256,283849728,320864256,,,,,,,,,,
1791429789.7678847,567740,tracking_feedback_accumulate,236,,34195,,,224271872,341835776,283849728,341835776,,,,,,,,2.9060998931527138,,
1791429789.77239,567740,frontend_frame,236,0,34195,47,8,228357632,341835776,283849728,341835776,,,,,,,,,,
1791429790.2772195,567740,tracking_feedback_accumulate,237,,34195,,,232436224,341835776,283849728,341835776,,,,,,,,3.2230999786406755,,
1791429790.282222,567740,frontend_frame,237,0,34195,47,8,220497920,341835776,283849728,341835776,,,,,,,,,,
1791429790.791784,567740,tracking_feedback_accumulate,238,,34195,,,224494592,341835776,283849728,341835776,,,,,,,,2.9404000379145145,,
1791429790.7957838,567740,frontend_frame,238,0,34195,47,8,228576256,341835776,283849728,341835776,,,,,,,,,,
1791429791.2646163,567740,tracking_feedback_accumulate,239,,34195,,,232491008,341835776,283849728,341835776,,,,,,,,3.0513000674545765,,
1791429791.2686155,567740,frontend_frame,239,0,34195,47,8,236572672,341835776,283849728,341835776,,,,,,,,,,
1791429791.67803,567740,tracking_feedback_accumulate,240,,34195,,,224414720,341835776,283849728,341835776,,,,,,,,3.0011998023837805,,
1791429791.685031,567740,frontend_frame,240,0,34195,47,8,228496896,278921216,283849728,341835776,,,,,,,,,,
1791429792.173163,567740,tracking_feedback_accumulate,241,,34195,,,232575488,329252864,283849728,341835776,,,,,,,,2.8723999857902527,,
1791429792.2218013,567740,frontend_frame,241,0,34195,48,8,240652800,331350016,283849728,341835776,,,,,,,,,,
1791429803.714319,567740,tracking_feedback_accumulate,242,,34844,,,228375552,331350016,283849728,341835776,,,,,,,,3.2105999998748302,,
1791429803.720319,567740,frontend_frame,242,0,34844,48,8,232612864,331350016,283849728,341835776,,,,,,,,,,
1791429804.1529188,567740,tracking_feedback_accumulate,243,,34844,,,236773376,331350016,283885568,341835776,,,,,,,,3.4994001034647226,,
1791429804.1579335,567740,frontend_frame,243,0,34844,48,8,241006080,331350016,283885568,341835776,,,,,,,,,,
1791429804.5655925,567740,tracking_feedback_accumulate,244,,34844,,,244920832,337641472,292026368,341835776,,,,,,,,3.1047998927533627,,
1791429804.5708206,567740,frontend_frame,244,0,34844,48,8,232696832,337641472,292026368,341835776,,,,,,,,,,
1791429805.0113208,567740,tracking_feedback_accumulate,245,,34844,,,236693504,337641472,292026368,341835776,,,,,,,,2.950600115582347,,
1791429805.015321,567740,frontend_frame,245,0,34844,48,8,240926208,337641472,292026368,341835776,,,,,,,,,,
1791429805.451291,567740,tracking_feedback_accumulate,246,,34844,,,245004800,337641472,292028416,341835776,,,,,,,,2.856000093743205,,
1791429805.456799,567740,frontend_frame,246,0,34844,48,8,249238016,339738624,292028416,341835776,,,,,,,,,,
1791429805.944181,567740,tracking_feedback_accumulate,247,,34844,,,228549632,339738624,292028416,341835776,,,,,,,,3.186600049957633,,
1791429805.9491842,567740,frontend_frame,247,0,34844,48,8,232782336,339738624,292028416,341835776,,,,,,,,,,
1791429806.4269545,567740,tracking_feedback_accumulate,248,,34844,,,236697088,339738624,292028416,341835776,,,,,,,,2.9605000745505095,,
1791429806.4762964,567740,frontend_frame,248,0,34844,49,8,244925440,339738624,292028416,341835776,,,,,,,,,,
1791429818.0054219,567740,tracking_feedback_accumulate,249,,31608,,,232173568,339738624,292028416,341835776,,,,,,,,3.069499973207712,,
1791429818.0109277,567740,frontend_frame,249,0,31608,49,8,235612672,339738624,292028416,341835776,,,,,,,,,,
1791429818.4114532,567740,tracking_feedback_accumulate,250,,31608,,,239773184,339738624,292028416,341835776,,,,,,,,3.2374998554587364,,
1791429818.4174533,567740,frontend_frame,250,0,31608,49,8,243238912,285212672,292028416,341835776,,,,,,,,,,
1791429818.8640902,567740,tracking_feedback_accumulate,251,,31608,,,247071744,333447168,292500480,341835776,,,,,,,,2.904399996623397,,
1791429818.870091,567740,frontend_frame,251,0,31608,49,8,235614720,333447168,292500480,341835776,,,,,,,,,,
1791429819.3323867,567740,tracking_feedback_accumulate,252,,31608,,,239775232,333447168,292500480,341835776,,,,,,,,3.221499966457486,,
1791429819.3383877,567740,frontend_frame,252,0,31608,49,8,243240960,333447168,292500480,341835776,,,,,,,,,,
1791429819.8253117,567740,tracking_feedback_accumulate,253,,31608,,,247073792,333447168,292502528,341835776,,,,,,,,3.3402000553905964,,
1791429819.831856,567740,frontend_frame,253,0,31608,49,8,250540032,335544320,292502528,341835776,,,,,,,,,,
1791429820.3423445,567740,tracking_feedback_accumulate,254,,31608,,,232234496,335544320,292502528,341835776,,,,,,,,3.110799938440323,,
1791429820.3919954,567740,frontend_frame,254,0,31608,50,8,239695872,335544320,292502528,341835776,,,,,,,,,,
1791429831.707304,567740,tracking_feedback_accumulate,255,,31282,,,236215296,335544320,292502528,341835776,,,,,,,,4.833600018173456,,
1791429831.7123268,567740,frontend_frame,255,0,31282,50,8,239607296,335544320,292502528,341835776,,,,,,,,,,
1791429832.2560768,567740,tracking_feedback_accumulate,256,,31282,,,243603968,335544320,292502528,341835776,,,,,,,,2.938699908554554,,
1791429832.2610772,567740,frontend_frame,256,0,31282,50,8,246999040,335544320,292502528,341835776,,,,,,,,,,
1791429832.8351874,567740,tracking_feedback_accumulate,257,,31282,,,250995712,335544320,296313856,341835776,,,,,,,,2.8488999232649803,,
1791429832.844188,567740,frontend_frame,257,0,31282,50,8,231532032,335544320,296313856,341835776,,,,,,,,,,
1791429833.4210272,567740,tracking_feedback_accumulate,258,,31282,,,235528704,335544320,296313856,341835776,,,,,,,,2.986899809911847,,
1791429833.4260259,567740,frontend_frame,258,0,31282,50,8,238923776,335544320,296313856,341835776,,,,,,,,,,
1791429834.053632,567740,tracking_feedback_accumulate,259,,31282,,,243002368,335544320,296313856,341835776,,,,,,,,3.321399912238121,,
1791429834.104686,567740,frontend_frame,259,0,31282,51,8,235612160,335544320,296313856,341835776,,,,,,,,,,
1791429845.4203799,567740,tracking_feedback_accumulate,260,,30893,,,239586304,335544320,296313856,341835776,,,,,,,,3.216400044038892,,
1791429845.4253795,567740,frontend_frame,260,0,30893,51,8,242887168,304087040,296313856,341835776,,,,,,,,,,
1791429845.910617,567740,tracking_feedback_accumulate,261,,30893,,,246801920,327155712,296313856,341835776,,,,,,,,2.857699990272522,,
1791429845.9166176,567740,frontend_frame,261,0,30893,51,8,250106368,329252864,296313856,341835776,,,,,,,,,,
1791429846.401681,567740,tracking_feedback_accumulate,262,,30893,,,239420928,329252864,296313856,341835776,,,,,,,,3.171399934217334,,
1791429846.4071884,567740,frontend_frame,262,0,30893,51,8,242725376,329252864,296313856,341835776,,,,,,,,,,
1791429846.988694,567740,tracking_feedback_accumulate,263,,30893,,,246803968,329252864,296313856,341835776,,,,,,,,2.8794000390917063,,
1791429846.9936934,567740,frontend_frame,263,0,30893,51,8,250108416,329252864,296313856,341835776,,,,,,,,,,
1791429847.5633948,567740,tracking_feedback_accumulate,264,,30893,,,254187008,335544320,299385856,341835776,,,,,,,,2.9196999967098236,,
1791429847.6154351,567740,frontend_frame,264,0,30893,52,8,246887424,335544320,299385856,341835776,,,,,,,,,,
1791429858.780011,567740,tracking_feedback_accumulate,265,,29636,,,250721280,335544320,299385856,341835776,,,,,,,,2.749500097706914,,
1791429858.7855167,567740,frontend_frame,265,0,29636,52,8,253715456,335544320,299385856,341835776,,,,,,,,,,
1791429859.3200154,567740,tracking_feedback_accumulate,266,,29636,,,257794048,335544320,301297152,341835776,,,,,,,,2.786099910736084,,
1791429859.3255227,567740,frontend_frame,266,0,29636,52,8,246498304,335544320,301297152,341835776,,,,,,,,,,
1791429859.9584649,567740,tracking_feedback_accumulate,267,,29636,,,250331136,335544320,301297152,341835776,,,,,,,,2.950900001451373,,
1791429859.9634643,567740,frontend_frame,267,0,29636,52,8,253335552,335544320,301297152,341835776,,,,,,,,,,
1791429860.451766,567740,tracking_feedback_accumulate,268,,29636,,,257414144,335544320,301297152,341835776,,,,,,,,3.193699987605214,,
1791429860.4567657,567740,frontend_frame,268,0,29636,52,8,260418560,337641472,301297152,341835776,,,,,,,,,,
1791429860.9526613,567740,tracking_feedback_accumulate,269,,29636,,,243415040,337641472,301297152,341835776,,,,,,,,3.06829996407032,,
1791429861.003065,567740,frontend_frame,269,0,29636,53,8,250415616,337641472,301297152,341835776,,,,,,,,,,
1791429872.0856855,567740,tracking_feedback_accumulate,270,,29834,,,254429696,337641472,301297152,341835776,,,,,,,,3.0890998896211386,,
1791429872.0921986,567740,frontend_frame,270,0,29834,53,8,257485312,308281344,301297152,341835776,,,,,,,,,,
1791429872.7511926,567740,tracking_feedback_accumulate,271,,29834,,,247513600,329252864,301297152,341835776,,,,,,,,2.971000038087368,,
1791429872.756437,567740,frontend_frame,271,0,29834,53,8,250568192,329252864,301297152,341835776,,,,,,,,,,
1791429873.4015057,567740,tracking_feedback_accumulate,272,,29834,,,254564864,329252864,301297152,341835776,,,,,,,,3.0898998957127333,,
1791429873.4075043,567740,frontend_frame,272,0,29834,53,8,257619456,331350016,301297152,341835776,,,,,,,,,,
1791429873.9252775,567740,tracking_feedback_accumulate,273,,29834,,,261534208,335544320,304379392,341835776,,,,,,,,3.0875999946147203,,
1791429873.9313524,567740,frontend_frame,273,0,29834,53,8,250488320,335544320,304379392,341835776,,,,,,,,,,
1791429874.5705836,567740,tracking_feedback_accumulate,274,,29834,,,254484992,335544320,304379392,341835776,,,,,,,,2.8647000435739756,,
1791429874.5785835,567740,frontend_frame,274,0,29834,54,8,261535744,335544320,304379392,341835776,,,,,,,,,,
1791429885.7550247,567740,tracking_feedback_accumulate,275,,30107,,,265551360,356515840,308279808,356515840,,,,,,,,2.8717999812215567,,
1791429885.7601676,567740,frontend_frame,275,0,30107,54,8,268667904,358612992,308279808,358612992,,,,,,,,,,
1791429886.1988127,567740,tracking_feedback_accumulate,276,,30107,,,251453440,358612992,308279808,358612992,,,,,,,,2.78069986961782,,
1791429886.2043147,567740,frontend_frame,276,0,30107,54,8,254568448,358612992,308279808,358612992,,,,,,,,,,
1791429886.851104,567740,tracking_feedback_accumulate,277,,30107,,,258647040,358612992,308279808,358612992,,,,,,,,3.0143000185489655,,
1791429886.8561034,567740,frontend_frame,277,0,30107,54,8,261762048,358612992,308279808,358612992,,,,,,,,,,
1791429887.5072021,567740,tracking_feedback_accumulate,278,,30107,,,251537408,358612992,308279808,358612992,,,,,,,,2.812799997627735,,
1791429887.5118027,567740,frontend_frame,278,0,30107,54,8,254652416,358612992,308279808,358612992,,,,,,,,,,
1791429888.1556041,567740,tracking_feedback_accumulate,279,,30107,,,258567168,358612992,308279808,358612992,,,,,,,,3.3092000521719456,,
1791429888.2049098,567740,frontend_frame,279,0,30107,55,8,265678336,358612992,308279808,358612992,,,,,,,,,,
1791429899.3296907,567740,tracking_feedback_accumulate,280,,30603,,,255571456,358612992,308279808,358612992,,,,,,,,2.8657999355345964,,
1791429899.3356926,567740,frontend_frame,280,0,30603,55,8,258810880,327155712,308279808,358612992,,,,,,,,,,
1791429899.8707993,567740,tracking_feedback_accumulate,281,,30603,,,262807552,350224384,308279808,358612992,,,,,,,,3.05530009791255,,
1791429899.8757997,567740,frontend_frame,281,0,30603,55,8,266043392,352321536,308279808,358612992,,,,,,,,,,
1791429900.546734,567740,tracking_feedback_accumulate,282,,30603,,,269958144,356515840,312766464,358612992,,,,,,,,2.8258999809622765,,
1791429900.5517375,567740,frontend_frame,282,0,30603,55,8,258731008,356515840,312766464,358612992,,,,,,,,,,
1791429901.2044716,567740,tracking_feedback_accumulate,283,,30603,,,262809600,356515840,312766464,358612992,,,,,,,,3.0993998516350985,,
1791429901.2097106,567740,frontend_frame,283,0,30603,55,8,266045440,356515840,312766464,358612992,,,,,,,,,,
1791429901.859586,567740,tracking_feedback_accumulate,284,,30603,,,270042112,356515840,312766464,358612992,,,,,,,,2.908600028604269,,
1791429901.9102137,567740,frontend_frame,284,0,30603,56,8,277274112,358612992,312766464,358612992,,,,,,,,,,
1791429913.1231575,567740,tracking_feedback_accumulate,285,,31212,,,252143616,358612992,312766464,358612992,,,,,,,,3.1298999674618244,,
1791429913.1285582,567740,frontend_frame,285,0,31212,56,8,255522816,358612992,312766464,358612992,,,,,,,,,,
1791429913.780552,567740,tracking_feedback_accumulate,286,,31212,,,259601408,358612992,312766464,358612992,,,,,,,,2.808900084346533,,
1791429913.786554,567740,frontend_frame,286,0,31212,56,8,262976512,358612992,312766464,358612992,,,,,,,,,,
1791429914.3743227,567740,tracking_feedback_accumulate,287,,31212,,,252067840,358612992,312766464,358612992,,,,,,,,2.8082001954317093,,
1791429914.3793218,567740,frontend_frame,287,0,31212,56,8,255442944,358612992,312766464,358612992,,,,,,,,,,
1791429915.0291333,567740,tracking_feedback_accumulate,288,,31212,,,259603456,358612992,312766464,358612992,,,,,,,,2.948200097307563,,
1791429915.0347178,567740,frontend_frame,288,0,31212,56,8,262978560,358612992,312766464,358612992,,,,,,,,,,
1791429915.5760972,567740,tracking_feedback_accumulate,289,,31212,,,266893312,358612992,312766464,358612992,,,,,,,,3.061500145122409,,
1791429915.627211,567740,frontend_frame,289,0,31212,57,8,259523072,358612992,312766464,358612992,,,,,,,,,,
1791429926.7889626,567740,tracking_feedback_accumulate,290,,31664,,,263553536,358612992,312766464,358612992,,,,,,,,2.9138000681996346,,
1791429926.794963,567740,frontend_frame,290,0,31664,57,8,267042304,322961408,312766464,358612992,,,,,,,,,,
1791429927.33313,567740,tracking_feedback_accumulate,291,,31664,,,270957056,350224384,314495488,358612992,,,,,,,,2.8995999600738287,,
1791429927.3396358,567740,frontend_frame,291,0,31664,57,8,274442752,354418688,314495488,358612992,,,,,,,,,,
1791429928.0014603,567740,tracking_feedback_accumulate,292,,31664,,,256187904,354418688,314495488,358612992,,,,,,,,2.8506999369710684,,
1791429928.0064735,567740,frontend_frame,292,0,31664,57,8,259673600,354418688,314495488,358612992,,,,,,,,,,
1791429928.540204,567740,tracking_feedback_accumulate,293,,31664,,,263670272,354418688,314495488,358612992,,,,,,,,2.8442000038921833,,
1791429928.5442066,567740,frontend_frame,293,0,31664,57,8,267155968,354418688,314495488,358612992,,,,,,,,,,
1791429929.0388427,567740,tracking_feedback_accumulate,294,,31664,,,271152640,354418688,314677248,358612992,,,,,,,,2.9732000548392534,,
1791429929.0879788,567740,frontend_frame,294,0,31664,58,8,263671808,354418688,314677248,358612992,,,,,,,,,,
1791429940.3826764,567740,tracking_feedback_accumulate,295,,31821,,,267597824,354418688,314677248,358612992,,,,,,,,3.0295997858047485,,
1791429940.3876793,567740,frontend_frame,295,0,31821,58,8,271116800,354418688,314677248,358612992,,,,,,,,,,
1791429940.8997195,567740,tracking_feedback_accumulate,296,,31821,,,275277312,354418688,318895104,358612992,,,,,,,,2.897599944844842,,
1791429940.9057195,567740,frontend_frame,296,0,31821,58,8,263800320,354418688,318895104,358612992,,,,,,,,,,
1791429941.3516514,567740,tracking_feedback_accumulate,297,,31821,,,267715072,354418688,318895104,358612992,,,,,,,,3.004400059580803,,
1791429941.3566532,567740,frontend_frame,297,0,31821,58,8,271233024,354418688,318895104,358612992,,,,,,,,,,
1791429942.0123563,567740,tracking_feedback_accumulate,298,,31821,,,275229696,375390208,318946304,375390208,,,,,,,,3.007299965247512,,
1791429942.0178611,567740,frontend_frame,298,0,31821,58,8,278747648,375390208,318946304,375390208,,,,,,,,,,
1791429942.6755896,567740,tracking_feedback_accumulate,299,,31821,,,260285440,375390208,318946304,375390208,,,,,,,,2.9416000470519066,,
1791429942.73423,567740,frontend_frame,299,0,31821,59,8,267799552,375390208,318946304,375390208,,,,,,,,,,
1791429953.9513822,567740,tracking_feedback_accumulate,300,,32124,,,271653376,375390208,318946304,375390208,,,,,,,,3.0156997963786125,,
1791429953.9574156,567740,frontend_frame,300,0,32124,59,8,275241472,325058560,318946304,375390208,,,,,,,,,,
1791429954.3252492,567740,tracking_feedback_accumulate,301,,32124,,,264224256,367001600,318946304,375390208,,,,,,,,2.852899953722954,,
1791429954.3302493,567740,frontend_frame,301,0,32124,59,8,267810816,367001600,318946304,375390208,,,,,,,,,,
1791429954.9440622,567740,tracking_feedback_accumulate,302,,32124,,,271889408,367001600,318946304,375390208,,,,,,,,2.8979999478906393,,
1791429954.9490926,567740,frontend_frame,302,0,32124,59,8,275475968,367001600,318946304,375390208,,,,,,,,,,
1791429955.4537482,567740,tracking_feedback_accumulate,303,,32124,,,279390720,373293056,323494912,375390208,,,,,,,,3.190699964761734,,
1791429955.45925,567740,frontend_frame,303,0,32124,59,8,267812864,373293056,323494912,375390208,,,,,,,,,,
1791429956.0523968,567740,tracking_feedback_accumulate,304,,32124,,,271809536,373293056,323494912,375390208,,,,,,,,2.9690000228583813,,
1791429956.1020672,567740,frontend_frame,304,0,32124,60,8,279392256,373293056,323494912,375390208,,,,,,,,,,
1791429967.3461032,567740,tracking_feedback_accumulate,305,,32495,,,268170240,373293056,323494912,375390208,,,,,,,,2.83689983189106,,
1791429967.3506086,567740,frontend_frame,305,0,32495,60,8,271849984,373293056,323494912,375390208,,,,,,,,,,
1791429967.936374,567740,tracking_feedback_accumulate,306,,32495,,,276010496,373293056,323494912,375390208,,,,,,,,2.9444999527186155,,
1791429967.9413743,567740,frontend_frame,306,0,32495,60,8,279687680,373293056,323494912,375390208,,,,,,,,,,
1791429968.4771702,567740,tracking_feedback_accumulate,307,,32495,,,283602432,373293056,328026112,375390208,,,,,,,,3.0592000111937523,,
1791429968.4831698,567740,frontend_frame,307,0,32495,60,8,271933952,373293056,328026112,375390208,,,,,,,,,,
1791429969.076046,567740,tracking_feedback_accumulate,308,,32495,,,275930624,373293056,328026112,375390208,,,,,,,,2.877300139516592,,
1791429969.0800467,567740,frontend_frame,308,0,32495,60,8,279607808,373293056,328026112,375390208,,,,,,,,,,
1791429969.717355,567740,tracking_feedback_accumulate,309,,32495,,,283686400,373293056,328073216,375390208,,,,,,,,3.169100033119321,,
1791429969.766147,567740,frontend_frame,309,0,32495,61,8,276014080,373293056,328073216,375390208,,,,,,,,,,
1791429981.0986679,567740,tracking_feedback_accumulate,310,,30737,,,279737344,373293056,328073216,375390208,,,,,,,,2.8568999841809273,,
1791429981.1036694,567740,frontend_frame,310,0,30737,61,8,282989056,325058560,328073216,375390208,,,,,,,,,,
1791429981.575229,567740,tracking_feedback_accumulate,311,,30737,,,287149568,373293056,331017216,375390208,,,,,,,,2.8359999414533377,,
1791429981.5822299,567740,frontend_frame,311,0,30737,61,8,290415616,375390208,331017216,375390208,,,,,,,,,,
1791429982.2750385,567740,tracking_feedback_accumulate,312,,30737,,,272134144,375390208,331017216,375390208,,,,,,,,2.916899975389242,,
1791429982.280038,567740,frontend_frame,312,0,30737,61,8,275400192,375390208,331017216,375390208,,,,,,,,,,
1791429982.9788778,567740,tracking_feedback_accumulate,313,,30737,,,279396864,375390208,331017216,375390208,,,,,,,,2.969399793073535,,
1791429982.9838786,567740,frontend_frame,313,0,30737,61,8,282662912,375390208,331017216,375390208,,,,,,,,,,
1791429983.5145314,567740,tracking_feedback_accumulate,314,,30737,,,272054272,375390208,331017216,375390208,,,,,,,,3.0390999745577574,,
1791429983.521534,567740,frontend_frame,314,0,30737,62,8,279316480,375390208,331017216,375390208,,,,,,,,,,
1791429994.749472,567740,tracking_feedback_accumulate,315,,29837,,,283339264,375390208,331017216,375390208,,,,,,,,2.8415999840945005,,
1791429994.753471,567740,frontend_frame,315,0,29837,62,8,286386176,375390208,331017216,375390208,,,,,,,,,,
1791429995.4533753,567740,tracking_feedback_accumulate,316,,29837,,,290382848,375390208,334556672,375390208,,,,,,,,2.9389001429080963,,
1791429995.4593787,567740,frontend_frame,316,0,29837,62,8,279125504,375390208,334556672,375390208,,,,,,,,,,
1791429995.983048,567740,tracking_feedback_accumulate,317,,29837,,,283040256,375390208,334556672,375390208,,,,,,,,3.0155000276863575,,
1791429995.9881146,567740,frontend_frame,317,0,29837,62,8,286094848,375390208,334556672,375390208,,,,,,,,,,
1791429996.6036355,567740,tracking_feedback_accumulate,318,,29837,,,290173440,375390208,334556672,375390208,,,,,,,,3.1644999980926514,,
1791429996.608703,567740,frontend_frame,318,0,29837,62,8,293228032,375390208,334556672,375390208,,,,,,,,,,
1791429997.319307,567740,tracking_feedback_accumulate,319,,29837,,,276155904,375390208,334556672,375390208,,,,,,,,3.174099838361144,,
1791429997.36844,567740,frontend_frame,319,0,29837,63,8,283206656,375390208,334556672,375390208,,,,,,,,,,
1791430008.6589994,567740,tracking_feedback_accumulate,320,,29457,,,287098880,396361728,334556672,396361728,,,,,,,,2.899500075727701,,
1791430008.6655073,567740,frontend_frame,320,0,29457,63,8,290059264,346030080,334556672,396361728,,,,,,,,,,
1791430009.2299967,567740,tracking_feedback_accumulate,321,,29457,,,280128000,387973120,334556672,396361728,,,,,,,,3.3392999321222305,,
1791430009.2359967,567740,frontend_frame,321,0,29457,63,8,283091968,387973120,334556672,396361728,,,,,,,,,,
1791430009.93989,567740,tracking_feedback_accumulate,322,,29457,,,287088640,387973120,334556672,396361728,,,,,,,,3.1111999414861202,,
1791430009.9450278,567740,frontend_frame,322,0,29457,63,8,290052608,387973120,334556672,396361728,,,,,,,,,,
1791430010.5561824,567740,tracking_feedback_accumulate,323,,29457,,,293967360,394264576,339107840,396361728,,,,,,,,3.1423999462276697,,
1791430010.5621822,567740,frontend_frame,323,0,29457,63,8,283012096,394264576,339107840,396361728,,,,,,,,,,
1791430011.0803044,567740,tracking_feedback_accumulate,324,,29457,,,286926848,394264576,339107840,396361728,,,,,,,,3.228900022804737,,
1791430011.130048,567740,frontend_frame,324,0,29457,64,8,293886976,394264576,339107840,396361728,,,,,,,,,,
1791430022.4593687,567740,tracking_feedback_accumulate,325,,29495,,,298052096,394264576,343110144,396361728,,,,,,,,3.183899912983179,,
1791430022.4648745,567740,frontend_frame,325,0,29495,64,8,287104512,394264576,343110144,396361728,,,,,,,,,,
1791430023.0613523,567740,tracking_feedback_accumulate,326,,29495,,,291019264,394264576,343110144,396361728,,,,,,,,3.025100100785494,,
1791430023.0663517,567740,frontend_frame,326,0,29495,64,8,293991424,394264576,343110144,396361728,,,,,,,,,,
1791430023.639546,567740,tracking_feedback_accumulate,327,,29495,,,297988096,394264576,343132160,396361728,,,,,,,,3.2105999998748302,,
1791430023.6465478,567740,frontend_frame,327,0,29495,64,8,300960256,396361728,343132160,396361728,,,,,,,,,,
1791430024.2466571,567740,tracking_feedback_accumulate,328,,29495,,,291103232,396361728,343132160,396361728,,,,,,,,2.9052000027149916,,
1791430024.25166,567740,frontend_frame,328,0,29495,64,8,294075392,396361728,343132160,396361728,,,,,,,,,,
1791430024.9171255,567740,tracking_feedback_accumulate,329,,29495,,,298072064,396361728,343134208,396361728,,,,,,,,2.8971999417990446,,
1791430024.9663494,567740,frontend_frame,329,0,29495,65,8,305040384,396361728,343134208,396361728,,,,,,,,,,
1791430036.329899,567740,tracking_feedback_accumulate,330,,29903,,,295047168,396361728,343134208,396361728,,,,,,,,2.855400089174509,,
1791430036.3349001,567740,frontend_frame,330,0,29903,65,8,298115072,350224384,343134208,396361728,,,,,,,,,,
1791430036.9575117,567740,tracking_feedback_accumulate,331,,29903,,,302111744,394264576,347293696,396361728,,,,,,,,2.8911998961120844,,
1791430036.9625113,567740,frontend_frame,331,0,29903,65,8,305176576,396361728,347293696,396361728,,,,,,,,,,
1791430037.576761,567740,tracking_feedback_accumulate,332,,29903,,,309173248,402653184,354355200,402653184,,,,,,,,3.197099780663848,,
1791430037.5807602,567740,frontend_frame,332,0,29903,65,8,298117120,402653184,354355200,402653184,,,,,,,,,,
1791430038.0698369,567740,tracking_feedback_accumulate,333,,29903,,,302031872,402653184,354355200,402653184,,,,,,,,2.939100144430995,,
1791430038.0738738,567740,frontend_frame,333,0,29903,65,8,305096704,402653184,354355200,402653184,,,,,,,,,,
1791430038.6239636,567740,tracking_feedback_accumulate,334,,29903,,,309257216,402653184,354357248,402653184,,,,,,,,2.9511998873203993,,
1791430038.6777804,567740,frontend_frame,334,0,29903,66,8,316318208,404750336,354357248,404750336,,,,,,,,,,
1791430049.879166,567740,tracking_feedback_accumulate,335,,30064,,,299064320,404750336,354357248,404750336,,,,,,,,2.970400033518672,,
1791430049.8831651,567740,frontend_frame,335,0,30064,66,8,302168064,404750336,354357248,404750336,,,,,,,,,,
1791430050.4177613,567740,tracking_feedback_accumulate,336,,30064,,,306164736,404750336,354357248,404750336,,,,,,,,2.841099863871932,,
1791430050.4222665,567740,frontend_frame,336,0,30064,66,8,309267968,404750336,354357248,404750336,,,,,,,,,,
1791430050.927706,567740,tracking_feedback_accumulate,337,,30064,,,299148800,404750336,354357248,404750336,,,,,,,,2.8500999324023724,,
1791430050.9322155,567740,frontend_frame,337,0,30064,66,8,302252032,404750336,354357248,404750336,,,,,,,,,,
1791430051.6456807,567740,tracking_feedback_accumulate,338,,30064,,,306248704,404750336,354357248,404750336,,,,,,,,3.1498000025749207,,
1791430051.65168,567740,frontend_frame,338,0,30064,66,8,309351936,404750336,354357248,404750336,,,,,,,,,,
1791430052.3776906,567740,tracking_feedback_accumulate,339,,30064,,,313266688,404750336,357133824,404750336,,,,,,,,3.120700130239129,,
1791430052.433868,567740,frontend_frame,339,0,30064,67,8,299200512,404750336,357133824,404750336,,,,,,,,,,
1791430063.9072843,567740,tracking_feedback_accumulate,340,,30121,,,303203840,404750336,357133824,404750336,,,,,,,,3.0396999791264534,,
1791430063.913285,567740,frontend_frame,340,0,30121,67,8,306320896,369098752,357133824,404750336,,,,,,,,,,
1791430064.6241636,567740,tracking_feedback_accumulate,341,,30121,,,310399488,396361728,357133824,404750336,,,,,,,,3.0718999914824963,,
1791430064.631234,567740,frontend_frame,341,0,30121,67,8,299304960,396361728,357133824,404750336,,,,,,,,,,
1791430065.1465294,567740,tracking_feedback_accumulate,342,,30121,,,303301632,396361728,357133824,404750336,,,,,,,,2.8051999397575855,,
1791430065.150532,567740,frontend_frame,342,0,30121,67,8,306418688,396361728,357133824,404750336,,,,,,,,,,
1791430065.8443067,567740,tracking_feedback_accumulate,343,,30121,,,310333440,396361728,357133824,404750336,,,,,,,,3.213800024241209,,
1791430065.8503885,567740,frontend_frame,343,0,30121,67,8,313450496,398458880,357133824,404750336,,,,,,,,,,
1791430066.3449695,567740,tracking_feedback_accumulate,344,,30121,,,303139840,398458880,357133824,404750336,,,,,,,,2.7993000112473965,,
1791430066.3489687,567740,frontend_frame,344,0,30121,67,8,306257408,398458880,357133824,404750336,,,,,,,,,,
1791430066.9373703,567740,tracking_feedback_accumulate,345,,30121,,,310336000,398458880,357133824,404750336,,,,,,,,3.079600166529417,,
1791430066.941396,567740,frontend_frame,345,0,30121,67,8,313453056,398458880,357133824,404750336,,,,,,,,,,
1791430067.640359,567740,tracking_feedback_accumulate,346,,30121,,,317531648,402653184,360195072,404750336,,,,,,,,3.1473999843001366,,
1791430067.645862,567740,frontend_frame,346,0,30121,67,8,306423296,402653184,360195072,404750336,,,,,,,,,,
1791430068.3575084,567740,tracking_feedback_accumulate,347,,30121,,,310338048,402653184,360195072,404750336,,,,,,,,3.122700145468116,,
1791430068.3625078,567740,frontend_frame,347,0,30121,67,8,313455104,402653184,360195072,404750336,,,,,,,,,,
1791430069.0630274,567740,tracking_feedback_accumulate,348,,30121,,,317533696,402653184,360315392,404750336,,,,,,,,2.904199995100498,,
1791430069.111782,567740,frontend_frame,348,0,30121,68,8,324646400,404750336,360315392,404750336,,,,,,,,,,
1791430080.3905451,567740,tracking_feedback_accumulate,349,,30893,,,307359744,404750336,360315392,404750336,,,,,,,,3.3100000582635403,,
1791430080.3954663,567740,frontend_frame,349,0,30893,68,8,310669824,404750336,360315392,404750336,,,,,,,,,,
1791430080.972939,567740,tracking_feedback_accumulate,350,,30893,,,314584576,425721856,360315392,425721856,,,,,,,,3.2063000835478306,,
1791430080.9794962,567740,frontend_frame,350,0,30893,68,8,317889024,375390208,360315392,425721856,,,,,,,,,,
1791430081.5053265,567740,tracking_feedback_accumulate,351,,30893,,,307203584,398458880,360315392,425721856,,,,,,,,3.131899982690811,,
1791430081.509953,567740,frontend_frame,351,0,30893,68,8,310508032,398458880,360315392,425721856,,,,,,,,,,
1791430082.1846573,567740,tracking_feedback_accumulate,352,,30893,,,314586624,398458880,360315392,425721856,,,,,,,,3.1998001504689455,,
1791430082.190658,567740,frontend_frame,352,0,30893,68,8,317891072,398458880,360315392,425721856,,,,,,,,,,
1791430082.906521,567740,tracking_feedback_accumulate,353,,30893,,,321969664,423624704,364883456,425721856,,,,,,,,3.126000054180622,,
1791430082.9120255,567740,frontend_frame,353,0,30893,68,8,310674432,423624704,364883456,425721856,,,,,,,,,,
1791430083.6206932,567740,tracking_feedback_accumulate,354,,30893,,,314589184,423624704,364883456,425721856,,,,,,,,3.119400003924966,,
1791430083.6702662,567740,frontend_frame,354,0,30893,69,8,321889280,423624704,364883456,425721856,,,,,,,,,,
1791430095.0717928,567740,tracking_feedback_accumulate,355,,31752,,,326026752,423624704,369730048,425721856,,,,,,,,3.244000021368265,,
1791430095.077297,567740,frontend_frame,355,0,31752,69,8,329541120,427819008,369730048,427819008,,,,,,,,,,
1791430095.700834,567740,tracking_feedback_accumulate,356,,31752,,,311434240,427819008,369730048,427819008,,,,,,,,2.947000088170171,,
1791430095.7058318,567740,frontend_frame,356,0,31752,69,8,314941952,427819008,369730048,427819008,,,,,,,,,,
1791430096.4173667,567740,tracking_feedback_accumulate,357,,31752,,,318856704,427819008,369730048,427819008,,,,,,,,3.1620000954717398,,
1791430096.4228716,567740,frontend_frame,357,0,31752,69,8,322364416,427819008,369730048,427819008,,,,,,,,,,
1791430097.052769,567740,tracking_feedback_accumulate,358,,31752,,,326443008,427819008,370537472,427819008,,,,,,,,5.206999834626913,,
1791430097.0587692,567740,frontend_frame,358,0,31752,69,8,314944000,427819008,370537472,427819008,,,,,,,,,,
1791430097.725663,567740,tracking_feedback_accumulate,359,,31752,,,318940672,427819008,370537472,427819008,,,,,,,,3.1442001927644014,,
1791430097.7770631,567740,frontend_frame,359,0,31752,70,8,326444544,427819008,370537472,427819008,,,,,,,,,,
1791430109.3816721,567740,tracking_feedback_accumulate,360,,32615,,,315408896,427819008,370537472,427819008,,,,,,,,3.2236999832093716,,
1791430109.3888147,567740,frontend_frame,360,0,32615,70,8,319122432,371195904,370537472,427819008,,,,,,,,,,
1791430110.1194687,567740,tracking_feedback_accumulate,361,,32615,,,323119104,419430400,370537472,427819008,,,,,,,,3.239300101995468,,
1791430110.1244712,567740,frontend_frame,361,0,32615,70,8,326826496,421527552,370537472,427819008,,,,,,,,,,
1791430110.848031,567740,tracking_feedback_accumulate,362,,32615,,,330823168,425721856,375743488,427819008,,,,,,,,3.1481001060456038,,
1791430110.8535385,567740,frontend_frame,362,0,32615,70,8,319124480,425721856,375743488,427819008,,,,,,,,,,
1791430111.571298,567740,tracking_feedback_accumulate,363,,32615,,,323203072,425721856,375743488,427819008,,,,,,,,2.963599981740117,,
1791430111.5752969,567740,frontend_frame,363,0,32615,70,8,326910464,425721856,375743488,427819008,,,,,,,,,,
1791430112.2663069,567740,tracking_feedback_accumulate,364,,32615,,,330907136,425721856,375743488,427819008,,,,,,,,3.1137000769376755,,
1791430112.3188255,567740,frontend_frame,364,0,32615,71,8,338610688,427819008,375743488,427819008,,,,,,,,,,
1791430123.7591796,567740,tracking_feedback_accumulate,365,,33218,,,319458304,427819008,375743488,427819008,,,,,,,,3.048399928957224,,
1791430123.7651827,567740,frontend_frame,365,0,33218,71,8,323313152,427819008,375743488,427819008,,,,,,,,,,
1791430124.2368903,567740,tracking_feedback_accumulate,366,,33218,,,327391744,427819008,375743488,427819008,,,,,,,,3.2808000687509775,,
1791430124.2423115,567740,frontend_frame,366,0,33218,71,8,331241984,427819008,375743488,427819008,,,,,,,,,,
1791430124.7324712,567740,tracking_feedback_accumulate,367,,33218,,,312270336,427819008,375743488,427819008,,,,,,,,3.194499993696809,,
1791430124.7374759,567740,frontend_frame,367,0,33218,71,8,316120576,427819008,375743488,427819008,,,,,,,,,,
1791430125.3654685,567740,tracking_feedback_accumulate,368,,33218,,,320281088,427819008,375743488,427819008,,,,,,,,3.0990999657660723,,
1791430125.3694713,567740,frontend_frame,368,0,33218,71,8,324131328,427819008,375743488,427819008,,,,,,,,,,
1791430125.9320307,567740,tracking_feedback_accumulate,369,,33218,,,327964160,427819008,375743488,427819008,,,,,,,,2.7481999713927507,,
1791430125.9837897,567740,frontend_frame,369,0,33218,72,8,320118784,427819008,375743488,427819008,,,,,,,,,,
1791430137.370301,567740,tracking_feedback_accumulate,370,,34002,,,324250112,448790528,375743488,448790528,,,,,,,,2.97619984485209,,
1791430137.3758068,567740,frontend_frame,370,0,34002,72,8,328287232,394264576,375743488,448790528,,,,,,,,,,
1791430137.887294,567740,tracking_feedback_accumulate,371,,34002,,,332283904,442499072,377278464,448790528,,,,,,,,2.928399946540594,,
1791430137.8923213,567740,frontend_frame,371,0,34002,72,8,320442368,442499072,377278464,448790528,,,,,,,,,,
1791430138.474759,567740,tracking_feedback_accumulate,372,,34002,,,324520960,442499072,377278464,448790528,,,,,,,,3.0937998089939356,,
1791430138.4799263,567740,frontend_frame,372,0,34002,72,8,328552448,442499072,377278464,448790528,,,,,,,,,,
1791430139.0806541,567740,tracking_feedback_accumulate,373,,34002,,,332385280,442499072,377982464,448790528,,,,,,,,3.037000074982643,,
1791430139.085697,567740,frontend_frame,373,0,34002,72,8,336416768,444596224,377982464,448790528,,,,,,,,,,
1791430139.6713195,567740,tracking_feedback_accumulate,374,,34002,,,324441088,444596224,377982464,448790528,,,,,,,,3.0767000280320644,,
1791430139.7199333,567740,frontend_frame,374,0,34002,73,8,332468736,444596224,377982464,448790528,,,,,,,,,,
1791430151.178401,567740,tracking_feedback_accumulate,375,,34376,,,336493056,444596224,382263296,448790528,,,,,,,,2.9430000577121973,,
1791430151.1835868,567740,frontend_frame,375,0,34376,73,8,340617728,444596224,382263296,448790528,,,,,,,,,,
1791430151.786243,567740,tracking_feedback_accumulate,376,,34376,,,344614400,450887680,390408704,450887680,,,,,,,,2.9903999529778957,,
1791430151.791746,567740,frontend_frame,376,0,34376,73,8,348736512,452984832,390408704,452984832,,,,,,,,,,
1791430152.5141773,567740,tracking_feedback_accumulate,377,,34376,,,328470528,452984832,390408704,452984832,,,,,,,,3.1773000955581665,,
1791430152.51918,567740,frontend_frame,377,0,34376,73,8,332592640,452984832,390408704,452984832,,,,,,,,,,
1791430153.201386,567740,tracking_feedback_accumulate,378,,34376,,,336671232,452984832,390408704,452984832,,,,,,,,3.2341000624001026,,
1791430153.2063851,567740,frontend_frame,378,0,34376,73,8,340793344,452984832,390408704,452984832,,,,,,,,,,
1791430153.8910878,567740,tracking_feedback_accumulate,379,,34376,,,344790016,452984832,391471616,452984832,,,,,,,,2.9588998295366764,,
1791430153.9408655,567740,frontend_frame,379,0,34376,74,8,336672768,452984832,391471616,452984832,,,,,,,,,,
1791430165.4243114,567740,tracking_feedback_accumulate,380,,30309,,,340325888,452984832,391471616,452984832,,,,,,,,3.2291000243276358,,
1791430165.430311,567740,frontend_frame,380,0,30309,74,8,343456256,400556032,391471616,452984832,,,,,,,,,,
1791430166.0634356,567740,tracking_feedback_accumulate,381,,30309,,,347371008,446693376,392675840,452984832,,,,,,,,2.833999926224351,,
1791430166.068436,567740,frontend_frame,381,0,30309,74,8,335257600,446693376,392675840,452984832,,,,,,,,,,
1791430166.7037668,567740,tracking_feedback_accumulate,382,,30309,,,339418112,446693376,392675840,452984832,,,,,,,,3.0220001935958862,,
1791430166.7087667,567740,frontend_frame,382,0,30309,74,8,342581760,446693376,392675840,452984832,,,,,,,,,,
1791430167.3194768,567740,tracking_feedback_accumulate,383,,30309,,,346414592,446693376,392675840,452984832,,,,,,,,3.072699997574091,,
1791430167.3244793,567740,frontend_frame,383,0,30309,74,8,349578240,448790528,392675840,452984832,,,,,,,,,,
1791430167.9525847,567740,tracking_feedback_accumulate,384,,30309,,,332178944,448790528,392675840,452984832,,,,,,,,2.882000058889389,,
1791430168.0012004,567740,frontend_frame,384,0,30309,75,8,339338752,448790528,392675840,452984832,,,,,,,,,,
1791430180.235541,567740,tracking_feedback_accumulate,385,,28519,,,336061952,448790528,392675840,452984832,,,,,,,,3.9223001804202795,,
1791430180.240541,567740,frontend_frame,385,0,28519,75,8,338787840,448790528,392675840,452984832,,,,,,,,,,
1791430180.9136755,567740,tracking_feedback_accumulate,386,,28519,,,342866432,448790528,392675840,452984832,,,,,,,,3.002400044351816,,
1791430180.9182281,567740,frontend_frame,386,0,28519,75,8,345607168,448790528,392675840,452984832,,,,,,,,,,
1791430181.6234617,567740,tracking_feedback_accumulate,387,,28519,,,349440000,448790528,394570752,452984832,,,,,,,,4.2402001563459635,,
1791430181.629506,567740,frontend_frame,387,0,28519,75,8,338707968,448790528,394570752,452984832,,,,,,,,,,
1791430182.3744414,567740,tracking_feedback_accumulate,388,,28519,,,342868480,448790528,394570752,452984832,,,,,,,,3.0984999611973763,,
1791430182.3784437,567740,frontend_frame,388,0,28519,75,8,345609216,448790528,394570752,452984832,,,,,,,,,,
1791430182.9601374,567740,tracking_feedback_accumulate,389,,28519,,,349523968,448790528,394572800,452984832,,,,,,,,3.1820000149309635,,
1791430183.0133815,567740,frontend_frame,389,0,28519,76,8,342788096,448790528,394572800,452984832,,,,,,,,,,
1791430195.2356765,567740,tracking_feedback_accumulate,390,,27723,,,346735616,448790528,394572800,452984832,,,,,,,,3.000000026077032,,
1791430195.2406762,567740,frontend_frame,390,0,27723,76,8,349280256,398458880,394572800,452984832,,,,,,,,,,
1791430195.8896587,567740,tracking_feedback_accumulate,391,,27723,,,353358848,446693376,398247936,452984832,,,,,,,,3.4078999888151884,,
1791430195.8946826,567740,frontend_frame,391,0,27723,76,8,355910144,448790528,398247936,452984832,,,,,,,,,,
1791430196.4717252,567740,tracking_feedback_accumulate,392,,27723,,,346649088,448790528,398247936,452984832,,,,,,,,3.5860000643879175,,
1791430196.4752274,567740,frontend_frame,392,0,27723,76,8,349200384,448790528,398247936,452984832,,,,,,,,,,
1791430197.0535607,567740,tracking_feedback_accumulate,393,,27723,,,353360896,448790528,398249984,452984832,,,,,,,,3.9125001057982445,,
1791430197.057561,567740,frontend_frame,393,0,27723,76,8,355912192,448790528,398249984,452984832,,,,,,,,,,
1791430197.6280568,567740,tracking_feedback_accumulate,394,,27723,,,359745024,452984832,404797952,452984832,,,,,,,,3.4225000999867916,,
1791430197.682933,567740,frontend_frame,394,0,27723,77,8,338435072,452984832,404797952,452984832,,,,,,,,,,
1791430209.7734902,567740,tracking_feedback_accumulate,395,,27486,,,342501376,452984832,404797952,452984832,,,,,,,,2.9684999026358128,,
1791430209.7819977,567740,frontend_frame,395,0,27486,77,8,344995840,452984832,404797952,452984832,,,,,,,,,,
1791430210.3243444,567740,tracking_feedback_accumulate,396,,27486,,,348992512,452984832,404797952,452984832,,,,,,,,3.104300005361438,,
1791430210.330848,567740,frontend_frame,396,0,27486,77,8,338449920,452984832,404797952,452984832,,,,,,,,,,
1791430210.8594215,567740,tracking_feedback_accumulate,397,,27486,,,342446592,452984832,404797952,452984832,,,,,,,,2.9901000671088696,,
1791430210.8653245,567740,frontend_frame,397,0,27486,77,8,344943616,452984832,404797952,452984832,,,,,,,,,,
1791430211.5208619,567740,tracking_feedback_accumulate,398,,27486,,,348858368,452984832,404797952,452984832,,,,,,,,2.6889999862760305,,
1791430211.5248952,567740,frontend_frame,398,0,27486,77,8,351355392,452984832,404797952,452984832,,,,,,,,,,
1791430212.1475964,567740,tracking_feedback_accumulate,399,,27486,,,336037888,452984832,404797952,452984832,,,,,,,,2.9582998249679804,,
1791430212.2012165,567740,frontend_frame,399,0,27486,78,8,342531072,452984832,404797952,452984832,,,,,,,,,,
1791430224.2727838,567740,tracking_feedback_accumulate,400,,27409,,,346362368,473956352,404797952,473956352,,,,,,,,2.962700091302395,,
1791430224.2797961,567740,frontend_frame,400,0,27409,78,8,348841984,417333248,404797952,473956352,,,,,,,,,,
1791430224.928977,567740,tracking_feedback_accumulate,401,,27409,,,339951616,459276288,404797952,473956352,,,,,,,,3.849300090223551,,
1791430224.9349766,567740,frontend_frame,401,0,27409,78,8,342432256,459276288,404797952,473956352,,,,,,,,,,
1791430225.6254325,567740,tracking_feedback_accumulate,402,,27409,,,346428928,459276288,404797952,473956352,,,,,,,,2.9714000411331654,,
1791430225.6304576,567740,frontend_frame,402,0,27409,78,8,348909568,459276288,404797952,473956352,,,,,,,,,,
1791430226.2346761,567740,tracking_feedback_accumulate,403,,27409,,,352824320,459276288,404797952,473956352,,,,,,,,3.017800161615014,,
1791430226.2391777,567740,frontend_frame,403,0,27409,78,8,342352384,459276288,404797952,473956352,,,,,,,,,,
1791430226.8190682,567740,tracking_feedback_accumulate,404,,27409,,,346512896,459276288,404797952,473956352,,,,,,,,4.6415000688284636,,
1791430226.8821187,567740,frontend_frame,404,0,27409,79,8,352989696,459276288,404797952,473956352,,,,,,,,,,
1791430238.9776306,567740,tracking_feedback_accumulate,405,,27585,,,356917248,459276288,404797952,473956352,,,,,,,,3.8981998804956675,,
1791430238.9831376,567740,frontend_frame,405,0,27585,79,8,359439360,463470592,404797952,473956352,,,,,,,,,,
1791430239.5270345,567740,tracking_feedback_accumulate,406,,27585,,,343966720,463470592,404797952,473956352,,,,,,,,3.9643999189138412,,
1791430239.5330336,567740,frontend_frame,406,0,27585,79,8,346487808,463470592,404797952,473956352,,,,,,,,,,
1791430240.1060133,567740,tracking_feedback_accumulate,407,,27585,,,350566400,463470592,404797952,473956352,,,,,,,,2.7610999532043934,,
1791430240.111014,567740,frontend_frame,407,0,27585,79,8,353087488,463470592,404797952,473956352,,,,,,,,,,
1791430240.7119553,567740,tracking_feedback_accumulate,408,,27585,,,343886848,463470592,404797952,473956352,,,,,,,,3.2173001673072577,,
1791430240.7174604,567740,frontend_frame,408,0,27585,79,8,346407936,463470592,404797952,473956352,,,,,,,,,,
1791430241.2077503,567740,tracking_feedback_accumulate,409,,27585,,,350486528,463470592,404797952,473956352,,,,,,,,2.8240999672561884,,
1791430241.2626524,567740,frontend_frame,409,0,27585,80,8,357003776,463470592,404797952,473956352,,,,,,,,,,
1791430253.3239708,567740,tracking_feedback_accumulate,410,,27791,,,347984384,463470592,404797952,473956352,,,,,,,,2.8910001274198294,,
1791430253.3299706,567740,frontend_frame,410,0,27791,80,8,350556672,417333248,404797952,473956352,,,,,,,,,,
1791430253.8185472,567740,tracking_feedback_accumulate,411,,27791,,,354553344,459276288,404797952,473956352,,,,,,,,3.4486998338252306,,
1791430253.8225474,567740,frontend_frame,411,0,27791,80,8,357124608,459276288,404797952,473956352,,,,,,,,,,
1791430254.2138999,567740,tracking_feedback_accumulate,412,,27791,,,361121280,461373440,406100480,473956352,,,,,,,,3.117599990218878,,
1791430254.2194037,567740,frontend_frame,412,0,27791,80,8,350558720,461373440,406100480,473956352,,,,,,,,,,
1791430254.7244256,567740,tracking_feedback_accumulate,413,,27791,,,354555392,461373440,406100480,473956352,,,,,,,,2.770800143480301,,
1791430254.7299306,567740,frontend_frame,413,0,27791,80,8,357126656,461373440,406100480,473956352,,,,,,,,,,
1791430255.2333133,567740,tracking_feedback_accumulate,414,,27791,,,361123328,461373440,406102528,473956352,,,,,,,,4.6455999836325645,,
1791430255.2383156,567740,frontend_frame,414,0,27791,80,8,363695104,463470592,406102528,473956352,,,,,,,,,,
1791430255.7829294,567740,tracking_feedback_accumulate,415,,27791,,,348072960,463470592,406102528,473956352,,,,,,,,2.9543000273406506,,
1791430255.836331,567740,frontend_frame,415,0,27791,81,8,354639872,463470592,406102528,473956352,,,,,,,,,,
1791430267.88328,567740,tracking_feedback_accumulate,416,,28158,,,358659584,463470592,406102528,473956352,,,,,,,,2.6021997909992933,,
1791430267.88728,567740,frontend_frame,416,0,28158,81,8,361311744,463470592,406102528,473956352,,,,,,,,,,
1791430268.4526854,567740,tracking_feedback_accumulate,417,,28158,,,352013824,463470592,406102528,473956352,,,,,,,,3.0724001117050648,,
1791430268.458686,567740,frontend_frame,417,0,28158,81,8,354663936,463470592,406102528,473956352,,,,,,,,,,
1791430268.8994532,567740,tracking_feedback_accumulate,418,,28158,,,358660608,463470592,406102528,473956352,,,,,,,,3.510700073093176,,
1791430268.904453,567740,frontend_frame,418,0,28158,81,8,361310720,463470592,406102528,473956352,,,,,,,,,,
1791430269.4261112,567740,tracking_feedback_accumulate,419,,28158,,,365307392,463470592,410318848,473956352,,,,,,,,5.880499957129359,,
1791430269.4321136,567740,frontend_frame,419,0,28158,81,8,354665984,463470592,410318848,473956352,,,,,,,,,,
1791430270.017376,567740,tracking_feedback_accumulate,420,,28158,,,358744576,463470592,410318848,473956352,,,,,,,,2.908499911427498,,
1791430270.0223768,567740,frontend_frame,420,0,28158,81,8,361395200,438304768,410318848,473956352,,,,,,,,,,
1791430270.5691388,567740,tracking_feedback_accumulate,421,,28158,,,365391872,461373440,410318848,473956352,,,,,,,,2.655999967828393,,
1791430270.6227512,567740,frontend_frame,421,0,28158,82,8,372037632,463470592,410318848,473956352,,,,,,,,,,
1791430282.5064356,567740,tracking_feedback_accumulate,422,,28183,,,356022272,463470592,410318848,473956352,,,,,,,,3.9019999094307423,,
1791430282.5114353,567740,frontend_frame,422,0,28183,82,8,358684160,463470592,410318848,473956352,,,,,,,,,,
1791430283.029987,567740,tracking_feedback_accumulate,423,,28183,,,362680832,463470592,410318848,473956352,,,,,,,,2.8512999415397644,,
1791430283.0349889,567740,frontend_frame,423,0,28183,82,8,365342720,463470592,410318848,473956352,,,,,,,,,,
1791430283.584975,567740,tracking_feedback_accumulate,424,,28183,,,356024320,463470592,410318848,473956352,,,,,,,,2.742399927228689,,
1791430283.5904822,567740,frontend_frame,424,0,28183,82,8,358686208,463470592,410318848,473956352,,,,,,,,,,
1791430284.1231716,567740,tracking_feedback_accumulate,425,,28183,,,362682880,463470592,410318848,473956352,,,,,,,,3.5159001126885414,,
1791430284.1281705,567740,frontend_frame,425,0,28183,82,8,365344768,463470592,410318848,473956352,,,,,,,,,,
1791430284.6219213,567740,tracking_feedback_accumulate,426,,28183,,,369341440,463470592,413193216,473956352,,,,,,,,2.719499869272113,,
1791430284.6274245,567740,frontend_frame,426,0,28183,82,8,358688768,463470592,413193216,473956352,,,,,,,,,,
1791430285.1156394,567740,tracking_feedback_accumulate,427,,28183,,,362767360,463470592,413193216,473956352,,,,,,,,2.9418000485748053,,
1791430285.1196756,567740,frontend_frame,427,0,28183,82,8,365429248,463470592,413193216,473956352,,,,,,,,,,
1791430285.6800077,567740,tracking_feedback_accumulate,428,,28183,,,369262080,463470592,413193216,473956352,,,,,,,,2.7061000000685453,,
1791430285.6860096,567740,frontend_frame,428,0,28183,82,8,371923968,465567744,413193216,473956352,,,,,,,,,,
1791430286.3244407,567740,tracking_feedback_accumulate,429,,28183,,,356111872,465567744,413193216,473956352,,,,,,,,3.3276001922786236,,
1791430286.3294406,567740,frontend_frame,429,0,28183,82,8,358773760,465567744,413193216,473956352,,,,,,,,,,
1791430286.9106333,567740,tracking_feedback_accumulate,430,,28183,,,362606592,465567744,413193216,473956352,,,,,,,,4.285800037905574,,
1791430286.9636595,567740,frontend_frame,430,0,28183,83,8,369264128,465567744,413193216,473956352,,,,,,,,,,
1791430299.0052326,567740,tracking_feedback_accumulate,431,,28471,,,360130560,486539264,413193216,486539264,,,,,,,,3.6458999384194613,,
1791430299.0112348,567740,frontend_frame,431,0,28471,83,8,362862592,486539264,413193216,486539264,,,,,,,,,,
1791430299.5545151,567740,tracking_feedback_accumulate,432,,28471,,,366859264,486539264,413193216,486539264,,,,,,,,5.637200083583593,,
1791430299.5595758,567740,frontend_frame,432,0,28471,83,8,369589760,486539264,413193216,486539264,,,,,,,,,,
1791430300.1239824,567740,tracking_feedback_accumulate,433,,28471,,,373504512,486539264,417617920,486539264,,,,,,,,3.8608999457210302,,
1791430300.1289854,567740,frontend_frame,433,0,28471,83,8,362782720,486539264,417617920,486539264,,,,,,,,,,
1791430300.7962542,567740,tracking_feedback_accumulate,434,,28471,,,366779392,486539264,417617920,486539264,,,,,,,,5.944899981841445,,
1791430300.801759,567740,frontend_frame,434,0,28471,83,8,369509888,486539264,417617920,486539264,,,,,,,,,,
1791430301.3789313,567740,tracking_feedback_accumulate,435,,28471,,,373506560,486539264,417677312,486539264,,,,,,,,3.977700136601925,,
1791430301.3829312,567740,frontend_frame,435,0,28471,83,8,376237568,486539264,417677312,486539264,,,,,,,,,,
1791430301.941513,567740,tracking_feedback_accumulate,436,,28471,,,360055808,486539264,417677312,486539264,,,,,,,,4.204900003969669,,
1791430301.9940622,567740,frontend_frame,436,0,28471,84,8,366781952,486539264,417677312,486539264,,,,,,,,,,
1791430314.1780798,567740,tracking_feedback_accumulate,437,,28696,,,370796032,486539264,417677312,486539264,,,,,,,,3.158499952405691,,
1791430314.1836083,567740,frontend_frame,437,0,28696,84,8,373580288,486539264,417677312,486539264,,,,,,,,,,
1791430314.7502923,567740,tracking_feedback_accumulate,438,,28696,,,364154368,486539264,417677312,486539264,,,,,,,,2.9482999816536903,,
1791430314.761292,567740,frontend_frame,438,0,28696,84,8,366937088,486539264,417677312,486539264,,,,,,,,,,
1791430315.3608844,567740,tracking_feedback_accumulate,439,,28696,,,370769920,486539264,417677312,486539264,,,,,,,,2.8162000235170126,,
1791430315.366077,567740,frontend_frame,439,0,28696,84,8,373552640,486539264,417677312,486539264,,,,,,,,,,
1791430315.892353,567740,tracking_feedback_accumulate,440,,28696,,,377631232,486539264,422697472,486539264,,,,,,,,3.073400119319558,,
1791430315.898857,567740,frontend_frame,440,0,28696,84,8,366857216,438304768,422697472,486539264,,,,,,,,,,
1791430316.5026724,567740,tracking_feedback_accumulate,441,,28696,,,370853888,480247808,422697472,486539264,,,,,,,,2.857599873095751,,
1791430316.5624175,567740,frontend_frame,441,0,28696,85,8,377632768,480247808,422697472,486539264,,,,,,,,,,
1791430328.6109307,567740,tracking_feedback_accumulate,442,,28713,,,367993344,480247808,422697472,486539264,,,,,,,,3.2782000489532948,,
1791430328.617437,567740,frontend_frame,442,0,28713,85,8,370777600,480247808,422697472,486539264,,,,,,,,,,
1791430329.1361127,567740,tracking_feedback_accumulate,443,,28713,,,374938112,480247808,422697472,486539264,,,,,,,,3.8688001222908497,,
1791430329.1416214,567740,frontend_frame,443,0,28713,85,8,377722880,480247808,422697472,486539264,,,,,,,,,,
1791430329.6867607,567740,tracking_feedback_accumulate,444,,28713,,,381555712,484442112,426704384,486539264,,,,,,,,5.927700083702803,,
1791430329.6917639,567740,frontend_frame,444,0,28713,85,8,370779648,484442112,426704384,486539264,,,,,,,,,,
1791430330.2484846,567740,tracking_feedback_accumulate,445,,28713,,,374858240,484442112,426704384,486539264,,,,,,,,3.1057000160217285,,
1791430330.2545452,567740,frontend_frame,445,0,28713,85,8,377643008,484442112,426704384,486539264,,,,,,,,,,
1791430330.836969,567740,tracking_feedback_accumulate,446,,28713,,,381639680,484442112,426706432,486539264,,,,,,,,3.2456000335514545,,
1791430330.8419707,567740,frontend_frame,446,0,28713,85,8,384424960,486539264,426706432,486539264,,,,,,,,,,
1791430331.4843845,567740,tracking_feedback_accumulate,447,,28713,,,368080384,486539264,426706432,486539264,,,,,,,,2.9317999724298716,,
1791430331.5362637,567740,frontend_frame,447,0,28713,86,8,374860800,486539264,426706432,486539264,,,,,,,,,,
1791430343.686757,567740,tracking_feedback_accumulate,448,,28783,,,378946048,486539264,426706432,486539264,,,,,,,,3.5472000017762184,,
1791430343.6917558,567740,frontend_frame,448,0,28783,86,8,381747200,486539264,426706432,486539264,,,,,,,,,,
1791430344.3503883,567740,tracking_feedback_accumulate,449,,28783,,,372166656,486539264,426706432,486539264,,,,,,,,3.099599853157997,,
1791430344.355394,567740,frontend_frame,449,0,28783,86,8,374967808,486539264,426706432,486539264,,,,,,,,,,
1791430344.9561162,567740,tracking_feedback_accumulate,450,,28783,,,378882560,486539264,426706432,486539264,,,,,,,,3.0533999670296907,,
1791430344.9621172,567740,frontend_frame,450,0,28783,86,8,381683712,459276288,426706432,486539264,,,,,,,,,,
1791430345.5019183,567740,tracking_feedback_accumulate,451,,28783,,,385762304,484442112,430754304,486539264,,,,,,,,3.2114998903125525,,
1791430345.5079956,567740,frontend_frame,451,0,28783,86,8,374969856,484442112,430754304,486539264,,,,,,,,,,
1791430346.1203969,567740,tracking_feedback_accumulate,452,,28783,,,378802688,484442112,430754304,486539264,,,,,,,,4.0305000729858875,,
1791430346.1734605,567740,frontend_frame,452,0,28783,87,8,385600000,484442112,430754304,486539264,,,,,,,,,,
1791430358.4381917,567740,tracking_feedback_accumulate,453,,29167,,,389787648,486539264,434695168,486539264,,,,,,,,2.9597000684589148,,
1791430358.4436955,567740,frontend_frame,453,0,29167,87,8,379088384,486539264,434695168,486539264,,,,,,,,,,
1791430358.986559,567740,tracking_feedback_accumulate,454,,29167,,,383003136,486539264,434695168,486539264,,,,,,,,3.0251999851316214,,
1791430358.991065,567740,frontend_frame,454,0,29167,87,8,385894912,486539264,434695168,486539264,,,,,,,,,,
1791430359.6209178,567740,tracking_feedback_accumulate,455,,29167,,,389891584,486539264,434804224,486539264,,,,,,,,4.086000146344304,,
1791430359.6279175,567740,frontend_frame,455,0,29167,87,8,392783360,488636416,434804224,488636416,,,,,,,,,,
1791430360.4221082,567740,tracking_feedback_accumulate,456,,29167,,,383087104,488636416,434804224,488636416,,,,,,,,2.8135001193732023,,
1791430360.426108,567740,frontend_frame,456,0,29167,87,8,385978880,488636416,434804224,488636416,,,,,,,,,,
1791430360.9299817,567740,tracking_feedback_accumulate,457,,29167,,,389811712,488636416,434804224,488636416,,,,,,,,3.127999836578965,,
1791430360.9838922,567740,frontend_frame,457,0,29167,88,8,396699648,488636416,434804224,488636416,,,,,,,,,,
1791430373.1921995,567740,tracking_feedback_accumulate,458,,26792,,,400709120,513802240,444876288,513802240,,,,,,,,4.442599834874272,,
1791430373.1981993,567740,frontend_frame,458,0,26792,88,8,389246464,513802240,444876288,513802240,,,,,,,,,,
1791430373.925947,567740,tracking_feedback_accumulate,459,,26792,,,393161216,513802240,444876288,513802240,,,,,,,,4.856799961999059,,
1791430373.929947,567740,frontend_frame,459,0,26792,88,8,395492864,513802240,444876288,513802240,,,,,,,,,,
1791430374.669738,567740,tracking_feedback_accumulate,460,,26792,,,399489536,513802240,444876288,513802240,,,,,,,,3.1694001518189907,,
1791430374.675738,567740,frontend_frame,460,0,26792,88,8,389166592,469762048,444876288,513802240,,,,,,,,,,
1791430375.2970164,567740,tracking_feedback_accumulate,461,,26792,,,393081344,511705088,444876288,513802240,,,,,,,,2.8665000572800636,,
1791430375.3020175,567740,frontend_frame,461,0,26792,88,8,395412992,511705088,444876288,513802240,,,,,,,,,,
1791430375.8797748,567740,tracking_feedback_accumulate,462,,26792,,,399573504,511705088,444876288,513802240,,,,,,,,2.623099833726883,,
1791430375.934288,567740,frontend_frame,462,0,26792,89,8,405901312,513802240,444876288,513802240,,,,,,,,,,
1791430387.9417124,567740,tracking_feedback_accumulate,463,,26677,,,397075968,513802240,444876288,513802240,,,,,,,,2.9903000686317682,,
1791430387.9482172,567740,frontend_frame,463,0,26677,89,8,399382016,513802240,444876288,513802240,,,,,,,,,,
1791430388.505327,567740,tracking_feedback_accumulate,464,,26677,,,403460608,513802240,446991872,513802240,,,,,,,,2.587599912658334,,
1791430388.510431,567740,frontend_frame,464,0,26677,89,8,405768192,513802240,446991872,513802240,,,,,,,,,,
1791430389.0603507,567740,tracking_feedback_accumulate,465,,26677,,,409764864,517996544,453189120,517996544,,,,,,,,2.7915998362004757,,
1791430389.0658543,567740,frontend_frame,465,0,26677,89,8,399465984,517996544,453189120,517996544,,,,,,,,,,
1791430389.5383162,567740,tracking_feedback_accumulate,466,,26677,,,403380736,517996544,453189120,517996544,,,,,,,,2.9769998509436846,,
1791430389.543234,567740,frontend_frame,466,0,26677,89,8,405688320,517996544,453189120,517996544,,,,,,,,,,
1791430390.036482,567740,tracking_feedback_accumulate,467,,26677,,,409766912,517996544,453281792,517996544,,,,,,,,2.9613999649882317,,
1791430390.041988,567740,frontend_frame,467,0,26677,89,8,412075008,520093696,453281792,520093696,,,,,,,,,,
1791430390.6179833,567740,tracking_feedback_accumulate,468,,26677,,,397161984,520093696,453281792,520093696,,,,,,,,3.501799888908863,,
1791430390.621982,567740,frontend_frame,468,0,26677,89,8,399469568,520093696,453281792,520093696,,,,,,,,,,
1791430391.3875844,567740,tracking_feedback_accumulate,469,,26677,,,403466240,520093696,453281792,520093696,,,,,,,,2.7486998587846756,,
1791430391.4396663,567740,frontend_frame,469,0,26677,90,8,409769472,520093696,453281792,520093696,,,,,,,,,,
1791430403.7608867,567740,tracking_feedback_accumulate,470,,26859,,,401172480,520093696,453281792,520093696,,,,,,,,3.3515000250190496,,
1791430403.7698925,567740,frontend_frame,470,0,26859,90,8,403521536,490733568,453281792,520093696,,,,,,,,,,
1791430404.412869,567740,tracking_feedback_accumulate,471,,26859,,,407436288,513802240,453281792,520093696,,,,,,,,2.9649001080542803,,
1791430404.4188716,567740,frontend_frame,471,0,26859,90,8,409784320,515899392,453281792,520093696,,,,,,,,,,
1791430405.2247908,567740,tracking_feedback_accumulate,472,,26859,,,413862912,520093696,458750464,520093696,,,,,,,,2.993999980390072,,
1791430405.230138,567740,frontend_frame,472,0,26859,90,8,403523584,520093696,458750464,520093696,,,,,,,,,,
1791430406.0446835,567740,tracking_feedback_accumulate,473,,26859,,,407602176,520093696,458750464,520093696,,,,,,,,2.9765998478978872,,
1791430406.0496836,567740,frontend_frame,473,0,26859,90,8,409950208,520093696,458750464,520093696,,,,,,,,,,
1791430406.7970207,567740,tracking_feedback_accumulate,474,,26859,,,413864960,520093696,458752512,520093696,,,,,,,,3.0739998910576105,,
1791430406.8490758,567740,frontend_frame,474,0,26859,91,8,420209152,522190848,458752512,522190848,,,,,,,,,,
1791430419.1902463,567740,tracking_feedback_accumulate,475,,26839,,,391962624,522190848,458752512,522190848,,,,,,,,3.0277001205831766,,
1791430419.1952457,567740,frontend_frame,475,0,26839,91,8,394308096,522190848,458752512,522190848,,,,,,,,,,
1791430419.6989555,567740,tracking_feedback_accumulate,476,,26839,,,398222848,522190848,458752512,522190848,,,,,,,,3.029800020158291,,
1791430419.7044597,567740,frontend_frame,476,0,26839,91,8,400568832,522190848,458752512,522190848,,,,,,,,,,
1791430420.2696536,567740,tracking_feedback_accumulate,477,,26839,,,392046080,522190848,458752512,522190848,,,,,,,,2.969499910250306,,
1791430420.2747428,567740,frontend_frame,477,0,26839,91,8,394392064,522190848,458752512,522190848,,,,,,,,,,
1791430420.9392292,567740,tracking_feedback_accumulate,478,,26839,,,398306816,522190848,458752512,522190848,,,,,,,,2.62079993262887,,
1791430420.9432292,567740,frontend_frame,478,0,26839,91,8,400652800,522190848,458752512,522190848,,,,,,,,,,
1791430421.509577,567740,tracking_feedback_accumulate,479,,26839,,,404649472,522190848,458752512,522190848,,,,,,,,3.626300022006035,,
1791430421.5681572,567740,frontend_frame,479,0,26839,92,8,398308352,522190848,458752512,522190848,,,,,,,,,,
1791430433.7459857,567740,tracking_feedback_accumulate,480,,26665,,,402213376,522190848,458752512,522190848,,,,,,,,3.9723000954836607,,
1791430433.7521913,567740,frontend_frame,480,0,26665,92,8,404512768,484442112,458752512,522190848,,,,,,,,,,
1791430434.4532042,567740,tracking_feedback_accumulate,481,,26665,,,408673280,507510784,458752512,522190848,,,,,,,,3.3262998331338167,,
1791430434.4582045,567740,frontend_frame,481,0,26665,92,8,410974720,507510784,458752512,522190848,,,,,,,,,,
1791430435.1352282,567740,tracking_feedback_accumulate,482,,26665,,,395953664,507510784,458752512,522190848,,,,,,,,2.9629000928252935,,
1791430435.1392276,567740,frontend_frame,482,0,26665,92,8,398255104,507510784,458752512,522190848,,,,,,,,,,
1791430435.8737767,567740,tracking_feedback_accumulate,483,,26665,,,402251776,507510784,458752512,522190848,,,,,,,,3.219099948182702,,
1791430435.8827746,567740,frontend_frame,483,0,26665,92,8,404553216,507510784,458752512,522190848,,,,,,,,,,
1791430436.493313,567740,tracking_feedback_accumulate,484,,26665,,,395873792,507510784,458752512,522190848,,,,,,,,3.1614000909030437,,
1791430436.5474887,567740,frontend_frame,484,0,26665,93,8,402171392,507510784,458752512,522190848,,,,,,,,,,
1791430448.7111592,567740,tracking_feedback_accumulate,485,,26832,,,406262784,528482304,458752512,528482304,,,,,,,,4.526600008830428,,
1791430448.716162,567740,frontend_frame,485,0,26832,93,8,408603648,528482304,458752512,528482304,,,,,,,,,,
1791430449.2580142,567740,tracking_feedback_accumulate,486,,26832,,,412682240,528482304,458752512,528482304,,,,,,,,3.197999903932214,,
1791430449.2650118,567740,frontend_frame,486,0,26832,93,8,415022080,530579456,458752512,530579456,,,,,,,,,,
1791430449.9639387,567740,tracking_feedback_accumulate,487,,26832,,,399968768,530579456,458752512,530579456,,,,,,,,2.9514001216739416,,
1791430449.9694424,567740,frontend_frame,487,0,26832,93,8,402308608,530579456,458752512,530579456,,,,,,,,,,
1791430450.6895347,567740,tracking_feedback_accumulate,488,,26832,,,406387200,530579456,458752512,530579456,,,,,,,,3.2518000807613134,,
1791430450.6960397,567740,frontend_frame,488,0,26832,93,8,408727040,530579456,458752512,530579456,,,,,,,,,,
1791430451.287879,567740,tracking_feedback_accumulate,489,,26832,,,412559872,530579456,458752512,530579456,,,,,,,,6.001800065860152,,
1791430451.3520315,567740,frontend_frame,489,0,26832,94,8,406224896,530579456,458752512,530579456,,,,,,,,,,
1791430463.414217,567740,tracking_feedback_accumulate,490,,26991,,,410316288,530579456,458752512,530579456,,,,,,,,3.81100014783442,,
1791430463.419215,567740,frontend_frame,490,0,26991,94,8,412695040,484442112,458752512,530579456,,,,,,,,,,
1791430464.1059358,567740,tracking_feedback_accumulate,491,,26991,,,416691712,528482304,459875328,530579456,,,,,,,,2.884400077164173,,
1791430464.111937,567740,frontend_frame,491,0,26991,94,8,406360576,528482304,459875328,530579456,,,,,,,,,,
1791430464.7420855,567740,tracking_feedback_accumulate,492,,26991,,,410357248,528482304,459875328,530579456,,,,,,,,3.3245999366045,,
1791430464.7470856,567740,frontend_frame,492,0,26991,94,8,412735488,528482304,459875328,530579456,,,,,,,,,,
1791430465.4612496,567740,tracking_feedback_accumulate,493,,26991,,,416650240,528482304,459875328,530579456,,,,,,,,3.617699956521392,,
1791430465.4662495,567740,frontend_frame,493,0,26991,94,8,419028480,530579456,459875328,530579456,,,,,,,,,,
1791430466.085888,567740,tracking_feedback_accumulate,494,,26991,,,410359296,530579456,459875328,530579456,,,,,,,,2.9127998277544975,,
1791430466.0943944,567740,frontend_frame,494,0,26991,95,8,416733696,530579456,459875328,530579456,,,,,,,,,,
1791430478.3791552,567740,tracking_feedback_accumulate,495,,27334,,,414382080,530579456,459875328,530579456,,,,,,,,3.501199884340167,,
1791430478.384158,567740,frontend_frame,495,0,27334,95,8,416845312,530579456,459875328,530579456,,,,,,,,,,
1791430479.0015132,567740,tracking_feedback_accumulate,496,,27334,,,420841984,530579456,463949824,530579456,,,,,,,,3.17769986577332,,
1791430479.007514,567740,frontend_frame,496,0,27334,95,8,423302656,532676608,463949824,532676608,,,,,,,,,,
1791430479.6644428,567740,tracking_feedback_accumulate,497,,27334,,,427299328,534773760,470648320,534773760,,,,,,,,2.876599784940481,,
1791430479.6699462,567740,frontend_frame,497,0,27334,95,8,416847360,534773760,470648320,534773760,,,,,,,,,,
1791430480.352504,567740,tracking_feedback_accumulate,498,,27334,,,420925952,534773760,470648320,534773760,,,,,,,,3.4805000759661198,,
1791430480.357504,567740,frontend_frame,498,0,27334,95,8,423386624,534773760,470648320,534773760,,,,,,,,,,
1791430481.0767753,567740,tracking_feedback_accumulate,499,,27334,,,427219456,534773760,470650368,534773760,,,,,,,,4.145199898630381,,
1791430481.1403208,567740,frontend_frame,499,0,27334,96,8,420763648,534773760,470650368,534773760,,,,,,,,,,
1791430493.2653396,567740,tracking_feedback_accumulate,500,,27836,,,424960000,534773760,470650368,534773760,,,,,,,,2.9092999175190926,,
1791430493.2703424,567740,frontend_frame,500,0,27836,96,8,427542528,509607936,470650368,534773760,,,,,,,,,,
1791430493.958167,567740,tracking_feedback_accumulate,501,,27836,,,431375360,536870912,474827776,536870912,,,,,,,,3.1989000272005796,,
1791430493.9642282,567740,frontend_frame,501,0,27836,96,8,433954816,538968064,474827776,538968064,,,,,,,,,,
1791430494.629943,567740,tracking_feedback_accumulate,502,,27836,,,412052992,538968064,474827776,538968064,,,,,,,,2.862700028344989,,
1791430494.6350756,567740,frontend_frame,502,0,27836,96,8,414632448,538968064,474827776,538968064,,,,,,,,,,
1791430495.3072693,567740,tracking_feedback_accumulate,503,,27836,,,418629120,538968064,474827776,538968064,,,,,,,,3.597599919885397,,
1791430495.3122694,567740,frontend_frame,503,0,27836,96,8,421208576,538968064,474827776,538968064,,,,,,,,,,
1791430496.038953,567740,tracking_feedback_accumulate,504,,27836,,,425287168,538968064,474827776,538968064,,,,,,,,2.840799978002906,,
1791430496.090014,567740,frontend_frame,504,0,27836,97,8,418712576,538968064,474827776,538968064,,,,,,,,,,
1791430508.2681172,567740,tracking_feedback_accumulate,505,,28319,,,422743040,538968064,474827776,538968064,,,,,,,,2.854800084605813,,
1791430508.27312,567740,frontend_frame,505,0,28319,97,8,425438720,538968064,474827776,538968064,,,,,,,,,,
1791430508.8861942,567740,tracking_feedback_accumulate,506,,28319,,,429353472,538968064,474827776,538968064,,,,,,,,2.847400028258562,,
1791430508.8926997,567740,frontend_frame,506,0,28319,97,8,418782720,538968064,474827776,538968064,,,,,,,,,,
1791430509.5922372,567740,tracking_feedback_accumulate,507,,28319,,,422697472,538968064,474827776,538968064,,,,,,,,2.8231998439878225,,
1791430509.5972366,567740,frontend_frame,507,0,28319,97,8,425389568,538968064,474827776,538968064,,,,,,,,,,
1791430510.3408694,567740,tracking_feedback_accumulate,508,,28319,,,429468160,538968064,474827776,538968064,,,,,,,,3.380900016054511,,
1791430510.3463228,567740,frontend_frame,508,0,28319,97,8,432160256,538968064,474827776,538968064,,,,,,,,,,
1791430511.1193337,567740,tracking_feedback_accumulate,509,,28319,,,416175616,538968064,474827776,538968064,,,,,,,,3.1552999280393124,,
1791430511.172894,567740,frontend_frame,509,0,28319,98,8,422863872,538968064,474827776,538968064,,,,,,,,,,
1791430523.4206674,567740,tracking_feedback_accumulate,510,,28575,,,426797568,559939584,474827776,559939584,,,,,,,,4.1340000461786985,,
1791430523.4266794,567740,frontend_frame,510,0,28575,98,8,429551616,505413632,474827776,559939584,,,,,,,,,,
1791430524.199489,567740,tracking_feedback_accumulate,511,,28575,,,420194304,547356672,474827776,559939584,,,,,,,,2.7107999194413424,,
1791430524.20649,567740,frontend_frame,511,0,28575,98,8,422946816,547356672,474827776,559939584,,,,,,,,,,
1791430524.993045,567740,tracking_feedback_accumulate,512,,28575,,,426943488,547356672,474827776,559939584,,,,,,,,3.4632000606507063,,
1791430524.998045,567740,frontend_frame,512,0,28575,98,8,429696000,547356672,474827776,559939584,,,,,,,,,,
1791430525.640182,567740,tracking_feedback_accumulate,513,,28575,,,433610752,551550976,478664192,559939584,,,,,,,,3.417799947783351,,
1791430525.6446886,567740,frontend_frame,513,0,28575,98,8,422866944,551550976,478664192,559939584,,,,,,,,,,
1791430526.3695447,567740,tracking_feedback_accumulate,514,,28575,,,426863616,551550976,478664192,559939584,,,,,,,,2.8210000600665808,,
1791430526.3775446,567740,frontend_frame,514,0,28575,99,8,433612288,551550976,478664192,559939584,,,,,,,,,,
1791430538.5525157,567740,tracking_feedback_accumulate,515,,29327,,,437661696,551550976,482743808,559939584,,,,,,,,3.9957999251782894,,
1791430538.5580215,567740,frontend_frame,515,0,29327,99,8,440601088,555745280,482743808,559939584,,,,,,,,,,
1791430539.1454353,567740,tracking_feedback_accumulate,516,,29327,,,424090112,555745280,482743808,559939584,,,,,,,,2.719300100579858,,
1791430539.1504378,567740,frontend_frame,516,0,29327,99,8,427023872,555745280,482743808,559939584,,,,,,,,,,
1791430539.7098422,567740,tracking_feedback_accumulate,517,,29327,,,431184384,555745280,482743808,559939584,,,,,,,,2.799500012770295,,
1791430539.7158823,567740,frontend_frame,517,0,29327,99,8,434118144,555745280,482743808,559939584,,,,,,,,,,
1791430540.3427768,567740,tracking_feedback_accumulate,518,,29327,,,438032896,555745280,483161088,559939584,,,,,,,,3.5260000731796026,,
1791430540.3477767,567740,frontend_frame,518,0,29327,99,8,427107840,555745280,483161088,559939584,,,,,,,,,,
1791430540.942268,567740,tracking_feedback_accumulate,519,,29327,,,431104512,555745280,483161088,559939584,,,,,,,,2.914499957114458,,
1791430541.0060608,567740,frontend_frame,519,0,29327,100,8,438034432,555745280,483161088,559939584,,,,,,,,,,
1791430553.1848722,567740,tracking_feedback_accumulate,520,,29630,,,428275200,555745280,483161088,559939584,,,,,,,,3.785500070080161,,
1791430553.1899388,567740,frontend_frame,520,0,29630,100,8,431279104,526385152,483161088,559939584,,,,,,,,,,
1791430553.823744,567740,tracking_feedback_accumulate,521,,29630,,,435111936,547356672,483161088,559939584,,,,,,,,2.9188001062721014,,
1791430553.829747,567740,frontend_frame,521,0,29630,100,8,438114304,549453824,483161088,559939584,,,,,,,,,,
1791430554.5301964,567740,tracking_feedback_accumulate,522,,29630,,,442274816,553648128,487349248,559939584,,,,,,,,2.965700114145875,,
1791430554.5361974,567740,frontend_frame,522,0,29630,100,8,431281152,553648128,487349248,559939584,,,,,,,,,,
1791430555.1322126,567740,tracking_feedback_accumulate,523,,29630,,,435195904,553648128,487349248,559939584,,,,,,,,2.8793001547455788,,
1791430555.1372125,567740,frontend_frame,523,0,29630,100,8,438198272,553648128,487349248,559939584,,,,,,,,,,
1791430555.9777539,567740,tracking_feedback_accumulate,524,,29630,,,442194944,553648128,487411712,559939584,,,,,,,,2.938400022685528,,
1791430556.0307853,567740,frontend_frame,524,0,29630,101,8,449193472,557842432,487411712,559939584,,,,,,,,,,
1791430568.4021688,567740,tracking_feedback_accumulate,525,,26845,,,431936000,557842432,487411712,559939584,,,,,,,,4.194500157609582,,
1791430568.408171,567740,frontend_frame,525,0,26845,101,8,434259456,557842432,487411712,559939584,,,,,,,,,,
1791430568.9699008,567740,tracking_feedback_accumulate,526,,26845,,,438338048,557842432,487411712,559939584,,,,,,,,3.1926000956445932,,
1791430568.9744048,567740,frontend_frame,526,0,26845,101,8,440684032,557842432,487411712,559939584,,,,,,,,,,
1791430569.4916062,567740,tracking_feedback_accumulate,527,,26845,,,431997440,557842432,487411712,559939584,,,,,,,,3.072399878874421,,
1791430569.4972725,567740,frontend_frame,527,0,26845,101,8,434343424,557842432,487411712,559939584,,,,,,,,,,
1791430570.0820055,567740,tracking_feedback_accumulate,528,,26845,,,438340096,557842432,487411712,559939584,,,,,,,,3.216200042515993,,
1791430570.0880077,567740,frontend_frame,528,0,26845,101,8,440686080,557842432,487411712,559939584,,,,,,,,,,
1791430570.7002258,567740,tracking_feedback_accumulate,529,,26845,,,444682752,557842432,489625088,559939584,,,,,,,,2.974300179630518,,
1791430570.7543292,567740,frontend_frame,529,0,26845,102,8,438341632,557842432,489625088,559939584,,,,,,,,,,
1791430582.7002883,567740,tracking_feedback_accumulate,530,,25973,,,442282496,557842432,489625088,559939584,,,,,,,,3.0230998527258635,,
1791430582.7063088,567740,frontend_frame,530,0,25973,102,8,444411392,526385152,489625088,559939584,,,,,,,,,,
1791430583.2280595,567740,tracking_feedback_accumulate,531,,25973,,,448408064,551550976,493371904,559939584,,,,,,,,2.969699911773205,,
1791430583.2340596,567740,frontend_frame,531,0,25973,102,8,438070784,551550976,493371904,559939584,,,,,,,,,,
1791430583.7579074,567740,tracking_feedback_accumulate,532,,25973,,,442149376,551550976,493371904,559939584,,,,,,,,2.956399926915765,,
1791430583.7629101,567740,frontend_frame,532,0,25973,102,8,444285952,551550976,493371904,559939584,,,,,,,,,,
1791430584.2646322,567740,tracking_feedback_accumulate,533,,25973,,,448118784,551550976,493371904,559939584,,,,,,,,3.2923000399023294,,
1791430584.2706313,567740,frontend_frame,533,0,25973,102,8,450255360,553648128,493371904,559939584,,,,,,,,,,
1791430584.7558458,567740,tracking_feedback_accumulate,534,,25973,,,442151424,553648128,493371904,559939584,,,,,,,,2.769300015643239,,
1791430584.8081923,567740,frontend_frame,534,0,25973,103,8,448284160,553648128,493371904,559939584,,,,,,,,,,
1791430596.7861605,567740,tracking_feedback_accumulate,535,,25953,,,452201472,574619648,497271808,574619648,,,,,,,,7.370899897068739,,
1791430596.7921598,567740,frontend_frame,535,0,25953,103,8,454337536,574619648,497271808,574619648,,,,,,,,,,
1791430597.252636,567740,tracking_feedback_accumulate,536,,25953,,,458334208,578813952,503417856,578813952,,,,,,,,3.1473999843001366,,
1791430597.2586367,567740,frontend_frame,536,0,25953,103,8,448206336,578813952,503417856,578813952,,,,,,,,,,
1791430597.857427,567740,tracking_feedback_accumulate,537,,25953,,,452284928,578813952,503417856,578813952,,,,,,,,3.025299869477749,,
1791430597.8635776,567740,frontend_frame,537,0,25953,103,8,454421504,578813952,503417856,578813952,,,,,,,,,,
1791430598.45808,567740,tracking_feedback_accumulate,538,,25953,,,458418176,578813952,504365568,578813952,,,,,,,,3.000900149345398,,
1791430598.464082,567740,frontend_frame,538,0,25953,103,8,448290304,578813952,504365568,578813952,,,,,,,,,,
1791430599.0910988,567740,tracking_feedback_accumulate,539,,25953,,,452205056,578813952,504365568,578813952,,,,,,,,2.976600080728531,,
1791430599.0961025,567740,frontend_frame,539,0,25953,103,8,454342144,578813952,504365568,578813952,,,,,,,,,,
1791430599.6588428,567740,tracking_feedback_accumulate,540,,25953,,,458338816,578813952,504365568,578813952,,,,,,,,2.8588001150637865,,
1791430599.7118618,567740,frontend_frame,540,0,25953,104,8,464471040,580911104,504365568,580911104,,,,,,,,,,
1791430611.7322042,567740,tracking_feedback_accumulate,541,,26361,,,456148992,580911104,504365568,580911104,,,,,,,,3.035099944099784,,
1791430611.73671,567740,frontend_frame,541,0,26361,104,8,458378752,580911104,504365568,580911104,,,,,,,,,,
1791430612.15419,567740,tracking_feedback_accumulate,542,,26361,,,462539264,580911104,508524032,580911104,,,,,,,,2.998200012370944,,
1791430612.1591918,567740,frontend_frame,542,0,26361,104,8,464766464,583008256,508524032,583008256,,,,,,,,,,
1791430612.507185,567740,tracking_feedback_accumulate,543,,26361,,,468681216,587202560,514747904,587202560,,,,,,,,2.990199951454997,,
1791430612.5131872,567740,frontend_frame,543,0,26361,104,8,458462720,587202560,514747904,587202560,,,,,,,,,,
1791430612.988828,567740,tracking_feedback_accumulate,544,,26361,,,462459392,587202560,514747904,587202560,,,,,,,,2.689099870622158,,
1791430612.9938314,567740,frontend_frame,544,0,26361,104,8,464686592,587202560,514747904,587202560,,,,,,,,,,
1791430613.3819935,567740,tracking_feedback_accumulate,545,,26361,,,468765184,587202560,514749952,587202560,,,,,,,,2.771599916741252,,
1791430613.3875136,567740,frontend_frame,545,0,26361,104,8,470992896,587202560,514749952,587202560,,,,,,,,,,
1791430613.843665,567740,tracking_feedback_accumulate,546,,26361,,,456321024,587202560,514749952,587202560,,,,,,,,2.9627999756485224,,
1791430613.8491702,567740,frontend_frame,546,0,26361,104,8,458548224,587202560,514749952,587202560,,,,,,,,,,
1791430614.27554,567740,tracking_feedback_accumulate,547,,26361,,,462462976,587202560,514749952,587202560,,,,,,,,2.643199870362878,,
1791430614.3272874,567740,frontend_frame,547,0,26361,105,8,468685824,587202560,514749952,587202560,,,,,,,,,,
1791430626.4404476,567740,tracking_feedback_accumulate,548,,26977,,,460280832,587202560,514749952,587202560,,,,,,,,2.9662000015378,,
1791430626.4469528,567740,frontend_frame,548,0,26977,105,8,462663680,587202560,514749952,587202560,,,,,,,,,,
1791430626.9412618,567740,tracking_feedback_accumulate,549,,26977,,,466660352,587202560,514749952,587202560,,,,,,,,5.513400072231889,,
1791430626.946769,567740,frontend_frame,549,0,26977,105,8,469038592,587202560,514749952,587202560,,,,,,,,,,
1791430627.556964,567740,tracking_feedback_accumulate,550,,26977,,,473035264,587202560,519163904,587202560,,,,,,,,3.0370999593287706,,
1791430627.563966,567740,frontend_frame,550,0,26977,105,8,462665728,538968064,519163904,587202560,,,,,,,,,,
1791430628.0271308,567740,tracking_feedback_accumulate,551,,26977,,,466744320,580911104,519163904,587202560,,,,,,,,5.813400028273463,,
1791430628.0326355,567740,frontend_frame,551,0,26977,105,8,469122560,583008256,519163904,587202560,,,,,,,,,,
1791430628.5039012,567740,tracking_feedback_accumulate,552,,26977,,,473119232,587202560,519165952,587202560,,,,,,,,2.962100086733699,,
1791430628.5089042,567740,frontend_frame,552,0,26977,105,8,475497984,589299712,519165952,589299712,,,,,,,,,,
1791430629.059466,567740,tracking_feedback_accumulate,553,,26977,,,460291072,589299712,519165952,589299712,,,,,,,,2.920400118455291,,
1791430629.0644655,567740,frontend_frame,553,0,26977,105,8,462669312,589299712,519165952,589299712,,,,,,,,,,
1791430629.5208669,567740,tracking_feedback_accumulate,554,,26977,,,466665984,589299712,519165952,589299712,,,,,,,,2.7375000063329935,,
1791430629.5248675,567740,frontend_frame,554,0,26977,105,8,469044224,589299712,519165952,589299712,,,,,,,,,,
1791430630.126973,567740,tracking_feedback_accumulate,555,,26977,,,473040896,589299712,519169536,589299712,,,,,,,,2.9623000882565975,,
1791430630.135481,567740,frontend_frame,555,0,26977,105,8,450406912,589299712,519169536,589299712,,,,,,,,,,
1791430630.7320013,567740,tracking_feedback_accumulate,556,,26977,,,454321664,589299712,519169536,589299712,,,,,,,,4.322299966588616,,
1791430630.7366185,567740,frontend_frame,556,0,26977,105,8,456699904,589299712,519169536,589299712,,,,,,,,,,
1791430631.3578358,567740,tracking_feedback_accumulate,557,,26977,,,460778496,589299712,519169536,589299712,,,,,,,,3.187800059095025,,
1791430631.4135,567740,frontend_frame,557,0,26977,106,8,454404608,589299712,519169536,589299712,,,,,,,,,,
1791430643.5299168,567740,tracking_feedback_accumulate,558,,27381,,,458510848,589299712,519169536,589299712,,,,,,,,3.0894000083208084,,
1791430643.5364218,567740,frontend_frame,558,0,27381,106,8,460982272,589299712,519169536,589299712,,,,,,,,,,
1791430644.0182095,567740,tracking_feedback_accumulate,559,,27381,,,464897024,589299712,519169536,589299712,,,,,,,,3.4614999312907457,,
1791430644.0222092,567740,frontend_frame,559,0,27381,106,8,467365888,589299712,519169536,589299712,,,,,,,,,,
1791430644.6281574,567740,tracking_feedback_accumulate,560,,27381,,,458433536,589299712,519169536,589299712,,,,,,,,3.511499846354127,,
1791430644.6347926,567740,frontend_frame,560,0,27381,106,8,460902400,549453824,519169536,589299712,,,,,,,,,,
1791430645.264798,567740,tracking_feedback_accumulate,561,,27381,,,464899072,574619648,519169536,589299712,,,,,,,,2.9647001065313816,,
1791430645.2698016,567740,frontend_frame,561,0,27381,106,8,467367936,576716800,519169536,589299712,,,,,,,,,,
1791430645.7253678,567740,tracking_feedback_accumulate,562,,27381,,,471282688,580911104,519169536,589299712,,,,,,,,3.132699988782406,,
1791430645.7303686,567740,frontend_frame,562,0,27381,106,8,460823040,580911104,519169536,589299712,,,,,,,,,,
1791430646.1533906,567740,tracking_feedback_accumulate,563,,27381,,,464983552,580911104,519169536,589299712,,,,,,,,3.0032999347895384,,
1791430646.1583927,567740,frontend_frame,563,0,27381,106,8,467452416,580911104,519169536,589299712,,,,,,,,,,
1791430646.591651,567740,tracking_feedback_accumulate,564,,27381,,,471367168,580911104,519169536,589299712,,,,,,,,3.5405000671744347,,
1791430646.597653,567740,frontend_frame,564,0,27381,106,8,473836032,583008256,519169536,589299712,,,,,,,,,,
1791430646.90534,567740,tracking_feedback_accumulate,565,,27381,,,458439168,583008256,519169536,589299712,,,,,,,,3.6162000615149736,,
1791430646.9103389,567740,frontend_frame,565,0,27381,106,8,460908032,583008256,519169536,589299712,,,,,,,,,,
1791430647.5219536,567740,tracking_feedback_accumulate,566,,27381,,,464986624,583008256,519169536,589299712,,,,,,,,2.968100132420659,,
1791430647.575212,567740,frontend_frame,566,0,27381,107,8,471451136,583008256,519169536,589299712,,,,,,,,,,
1791430659.6259377,567740,tracking_feedback_accumulate,567,,27785,,,462386688,583008256,519169536,589299712,,,,,,,,4.856399958953261,,
1791430659.631016,567740,frontend_frame,567,0,27785,107,8,464961024,583008256,519169536,589299712,,,,,,,,,,
1791430660.1409912,567740,tracking_feedback_accumulate,568,,27785,,,469121536,583008256,519169536,589299712,,,,,,,,2.9784999787807465,,
1791430660.1469944,567740,frontend_frame,568,0,27785,107,8,471692800,583008256,519169536,589299712,,,,,,,,,,
1791430660.6287181,567740,tracking_feedback_accumulate,569,,27785,,,475607552,583008256,521591808,589299712,,,,,,,,6.378000136464834,,
1791430660.6337175,567740,frontend_frame,569,0,27785,107,8,465044992,583008256,521591808,589299712,,,,,,,,,,
1791430661.1040475,567740,tracking_feedback_accumulate,570,,27785,,,469041664,583008256,521591808,589299712,,,,,,,,2.9807002283632755,,
1791430661.109047,567740,frontend_frame,570,0,27785,107,8,471612928,555745280,521591808,589299712,,,,,,,,,,
1791430661.5066164,567740,tracking_feedback_accumulate,571,,27785,,,475691520,583008256,521610752,589299712,,,,,,,,3.0327001586556435,,
1791430661.5121205,567740,frontend_frame,571,0,27785,107,8,478263296,585105408,521610752,589299712,,,,,,,,,,
1791430662.0652766,567740,tracking_feedback_accumulate,572,,27785,,,462559232,585105408,521610752,589299712,,,,,,,,3.6039999686181545,,
1791430662.07042,567740,frontend_frame,572,0,27785,107,8,465130496,585105408,521610752,589299712,,,,,,,,,,
1791430662.5978003,567740,tracking_feedback_accumulate,573,,27785,,,469045248,585105408,521610752,589299712,,,,,,,,4.13080002181232,,
1791430662.6043074,567740,frontend_frame,573,0,27785,107,8,471616512,585105408,521610752,589299712,,,,,,,,,,
1791430663.1098645,567740,tracking_feedback_accumulate,574,,27785,,,475613184,585105408,521668608,589299712,,,,,,,,3.3782999962568283,,
1791430663.1158674,567740,frontend_frame,574,0,27785,107,8,465050624,585105408,521668608,589299712,,,,,,,,,,
1791430663.5522115,567740,tracking_feedback_accumulate,575,,27785,,,468965376,585105408,521668608,589299712,,,,,,,,3.123899921774864,,
1791430663.5572143,567740,frontend_frame,575,0,27785,107,8,471536640,585105408,521668608,589299712,,,,,,,,,,
1791430664.010477,567740,tracking_feedback_accumulate,576,,27785,,,475697152,585105408,521694720,589299712,,,,,,,,3.0352999456226826,,
1791430664.0154774,567740,frontend_frame,576,0,27785,107,8,478268416,585105408,521694720,589299712,,,,,,,,,,
1791430664.4501348,567740,tracking_feedback_accumulate,577,,27785,,,462482432,585105408,521694720,589299712,,,,,,,,3.1397000420838594,,
1791430664.4551346,567740,frontend_frame,577,0,27785,107,8,465053696,585105408,521694720,589299712,,,,,,,,,,
1791430664.8697755,567740,tracking_feedback_accumulate,578,,27785,,,469050368,585105408,521694720,589299712,,,,,,,,2.98250000923872,,
1791430664.9228067,567740,frontend_frame,578,0,27785,108,8,475617280,585105408,521694720,589299712,,,,,,,,,,
1791430677.0404944,567740,tracking_feedback_accumulate,579,,28317,,,466434048,606076928,521694720,606076928,,,,,,,,2.906200010329485,,
1791430677.0462058,567740,frontend_frame,579,0,28317,108,8,469129728,606076928,521694720,606076928,,,,,,,,,,
1791430677.52602,567740,tracking_feedback_accumulate,580,,28317,,,473208320,606076928,521694720,606076928,,,,,,,,2.7624000795185566,,
1791430677.535526,567740,frontend_frame,580,0,28317,108,8,475900416,555745280,521694720,606076928,,,,,,,,,,
1791430677.906808,567740,tracking_feedback_accumulate,581,,28317,,,479979008,603979776,526155776,606076928,,,,,,,,2.657300094142556,,
1791430677.9133139,567740,frontend_frame,581,0,28317,108,8,469295616,603979776,526155776,606076928,,,,,,,,,,
1791430678.3569245,567740,tracking_feedback_accumulate,582,,28317,,,473210368,603979776,526155776,606076928,,,,,,,,2.9835000168532133,,
1791430678.3629274,567740,frontend_frame,582,0,28317,108,8,475902464,603979776,526155776,606076928,,,,,,,,,,
1791430678.5952122,567740,tracking_feedback_accumulate,583,,28317,,,479899136,603979776,526261248,606076928,,,,,,,,3.65639990195632,,
1791430678.6012359,567740,frontend_frame,583,0,28317,108,8,482591744,606076928,526261248,606076928,,,,,,,,,,
1791430679.0714238,567740,tracking_feedback_accumulate,584,,28317,,,460151296,606076928,526261248,606076928,,,,,,,,3.022500080987811,,
1791430679.0764236,567740,frontend_frame,584,0,28317,108,8,462843392,606076928,526261248,606076928,,,,,,,,,,
1791430679.4982722,567740,tracking_feedback_accumulate,585,,28317,,,466921984,606076928,526261248,606076928,,,,,,,,3.495899960398674,,
1791430679.5027764,567740,frontend_frame,585,0,28317,108,8,469614080,606076928,526261248,606076928,,,,,,,,,,
1791430679.8713617,567740,tracking_feedback_accumulate,586,,28317,,,473446912,606076928,526261248,606076928,,,,,,,,5.382400006055832,,
1791430679.8798687,567740,frontend_frame,586,0,28317,108,8,462763520,606076928,526261248,606076928,,,,,,,,,,
1791430680.3542857,567740,tracking_feedback_accumulate,587,,28317,,,466924032,606076928,526261248,606076928,,,,,,,,3.6059000995010138,,
1791430680.3587902,567740,frontend_frame,587,0,28317,108,8,469616128,606076928,526261248,606076928,,,,,,,,,,
1791430680.804902,567740,tracking_feedback_accumulate,588,,28317,,,473530880,606076928,526261248,606076928,,,,,,,,3.0137000139802694,,
1791430680.8109057,567740,frontend_frame,588,0,28317,108,8,476222976,606076928,526261248,606076928,,,,,,,,,,
1791430681.2195392,567740,tracking_feedback_accumulate,589,,28317,,,460156416,606076928,526261248,606076928,,,,,,,,6.752100074663758,,
1791430681.2280464,567740,frontend_frame,589,0,28317,108,8,462848512,606076928,526261248,606076928,,,,,,,,,,
1791430681.7491367,567740,tracking_feedback_accumulate,590,,28317,,,466763264,606076928,526261248,606076928,,,,,,,,5.008999956771731,,
1791430681.7541363,567740,frontend_frame,590,0,28317,108,8,469455360,551550976,526261248,606076928,,,,,,,,,,
1791430682.236107,567740,tracking_feedback_accumulate,591,,28317,,,473533952,597688320,526261248,606076928,,,,,,,,3.831000067293644,,
1791430682.2416122,567740,frontend_frame,591,0,28317,108,8,462850560,597688320,526261248,606076928,,,,,,,,,,
1791430682.2416122,567740,frontend_complete,592,0,28317,108,8,462850560,597688320,526261248,606076928,,,,,,,,,,
