time_wall_s,pid,event,frame_idx,mapping_iteration,gaussian_count,retained_keyframes,window_keyframes,cuda_allocated_bytes,cuda_reserved_bytes,cuda_peak_allocated_bytes,cuda_peak_reserved_bytes,mapping_enqueue_ms,count_before,count_after,attempted_growth,admitted_growth,rejected_growth,protected_rows,policy_wall_ms,row_ceiling,row_violation
1791472418.9527438,602712,tracking_feedback_accumulate,1,,16677,,,23747584,69206016,59072512,69206016,,,,,,,,275.9281999897212,,
1791472418.9607465,602712,frontend_frame,1,0,16677,1,1,23827968,71303168,59072512,71303168,,,,,,,,,,
1791472419.3061118,602712,tracking_feedback_accumulate,2,,16677,,,27988480,94371840,70340608,94371840,,,,,,,,3.023100085556507,,
1791472419.311111,602712,frontend_frame,2,0,16677,1,1,27933696,96468992,70340608,96468992,,,,,,,,,,
1791472419.6723497,602712,tracking_feedback_accumulate,3,,16677,,,31766528,98566144,74282496,98566144,,,,,,,,3.0780001543462276,,
1791472419.678353,602712,frontend_frame,3,0,16677,1,1,31711744,100663296,74282496,100663296,,,,,,,,,,
1791472420.050191,602712,tracking_feedback_accumulate,4,,16677,,,31767552,100663296,74283520,100663296,,,,,,,,2.9289000667631626,,
1791472420.0541906,602712,frontend_frame,4,0,16677,1,1,31712768,100663296,74283520,100663296,,,,,,,,,,
1791472420.4127417,602712,tracking_feedback_accumulate,5,,16677,,,35709440,102760448,78225408,102760448,,,,,,,,3.617200069129467,,
1791472420.4187424,602712,frontend_frame,5,0,16677,1,1,35655168,104857600,78225408,104857600,,,,,,,,,,
1791472420.7560434,602712,tracking_feedback_accumulate,6,,16677,,,31770112,104857600,78225408,104857600,,,,,,,,2.8825998306274414,,
1791472420.7600427,602712,frontend_frame,6,0,16677,1,1,31715328,104857600,78225408,104857600,,,,,,,,,,
1791472421.1172626,602712,tracking_feedback_accumulate,7,,16677,,,35712000,104857600,78227968,104857600,,,,,,,,2.774400170892477,,
1791472421.121262,602712,frontend_frame,7,0,16677,1,1,35657216,104857600,78227968,104857600,,,,,,,,,,
1791472421.5391314,602712,tracking_feedback_accumulate,8,,16677,,,31936000,104857600,78227968,104857600,,,,,,,,2.7976001147180796,,
1791472421.543132,602712,frontend_frame,8,0,16677,1,1,31881216,104857600,78227968,104857600,,,,,,,,,,
1791472421.872037,602712,tracking_feedback_accumulate,9,,16677,,,35714048,104857600,78230016,104857600,,,,,,,,2.8707999736070633,,
1791472421.8760374,602712,frontend_frame,9,0,16677,1,1,35659264,104857600,78230016,104857600,,,,,,,,,,
1791472422.200154,602712,tracking_feedback_accumulate,10,,16677,,,31774208,104857600,78230016,104857600,,,,,,,,2.924199914559722,,
1791472422.2051547,602712,frontend_frame,10,0,16677,1,1,31719424,56623104,78230016,104857600,,,,,,,,,,
1791472422.5064766,602712,tracking_feedback_accumulate,11,,16677,,,35879936,102760448,78232064,104857600,,,,,,,,2.864600159227848,,
1791472422.5114775,602712,frontend_frame,11,0,16677,1,1,35825152,104857600,78232064,104857600,,,,,,,,,,
1791472422.851151,602712,tracking_feedback_accumulate,12,,16677,,,31776256,104857600,78232064,104857600,,,,,,,,3.0008999165147543,,
1791472422.8561509,602712,frontend_frame,12,0,16677,1,1,31721472,104857600,78232064,104857600,,,,,,,,,,
1791472423.2310793,602712,tracking_feedback_accumulate,13,,16677,,,35718144,104857600,78234112,104857600,,,,,,,,2.925800159573555,,
1791472423.2360783,602712,frontend_frame,13,0,16677,1,1,35663360,104857600,78234112,104857600,,,,,,,,,,
1791472423.5676155,602712,tracking_feedback_accumulate,14,,16677,,,39660032,106954752,82176000,106954752,,,,,,,,2.9329999815672636,,
1791472423.571615,602712,frontend_frame,14,0,16677,1,1,31723520,106954752,82176000,106954752,,,,,,,,,,
1791472423.9008584,602712,tracking_feedback_accumulate,15,,16677,,,35720192,106954752,82176000,106954752,,,,,,,,2.8867998626083136,,
1791472423.905859,602712,frontend_frame,15,0,16677,1,1,35665408,106954752,82176000,106954752,,,,,,,,,,
1791472424.1772468,602712,tracking_feedback_accumulate,16,,16677,,,39662080,106954752,82178048,106954752,,,,,,,,2.8256000950932503,,
1791472424.1822486,602712,frontend_frame,16,0,16677,1,1,39607296,109051904,82178048,109051904,,,,,,,,,,
1791472424.5933838,602712,tracking_feedback_accumulate,17,,16677,,,31945216,109051904,82178048,109051904,,,,,,,,2.9376999009400606,,
1791472424.5983856,602712,frontend_frame,17,0,16677,1,1,31890432,109051904,82178048,109051904,,,,,,,,,,
1791472424.8952792,602712,tracking_feedback_accumulate,18,,16677,,,35723264,109051904,82178048,109051904,,,,,,,,2.8556000906974077,,
1791472424.900279,602712,frontend_frame,18,0,16677,1,1,35668480,109051904,82178048,109051904,,,,,,,,,,
1791472425.268061,602712,tracking_feedback_accumulate,19,,16677,,,31947264,109051904,82178048,109051904,,,,,,,,2.8885998763144016,,
1791472425.2730608,602712,frontend_frame,19,0,16677,1,1,31892480,109051904,82178048,109051904,,,,,,,,,,
1791472425.647133,602712,tracking_feedback_accumulate,20,,16677,,,35725312,109051904,82178048,109051904,,,,,,,,2.8460000175982714,,
1791472425.6521337,602712,frontend_frame,20,0,16677,1,1,35670528,60817408,82178048,109051904,,,,,,,,,,
1791472426.0440342,602712,tracking_feedback_accumulate,21,,16677,,,39831040,106954752,82183168,109051904,,,,,,,,3.0135000124573708,,
1791472426.049033,602712,frontend_frame,21,0,16677,1,1,31894528,106954752,82183168,109051904,,,,,,,,,,
1791472426.3885298,602712,tracking_feedback_accumulate,22,,16677,,,35727360,106954752,82183168,109051904,,,,,,,,2.8840999584645033,,
1791472426.3935304,602712,frontend_frame,22,0,16677,1,1,35672576,106954752,82183168,109051904,,,,,,,,,,
1791472426.7671688,602712,tracking_feedback_accumulate,23,,16677,,,39833088,106954752,82185216,109051904,,,,,,,,2.8600001242011786,,
1791472426.772168,602712,frontend_frame,23,0,16677,1,1,24014848,106954752,82185216,109051904,,,,,,,,,,
1791472427.1761947,602712,tracking_feedback_accumulate,24,,16677,,,27847680,106954752,82185216,109051904,,,,,,,,2.7789000887423754,,
1791472427.1811957,602712,frontend_frame,24,0,16677,1,1,27792896,106954752,82185216,109051904,,,,,,,,,,
1791472427.5929563,602712,tracking_feedback_accumulate,25,,16677,,,31953408,106954752,82185216,109051904,,,,,,,,2.86979996599257,,
1791472427.5969832,602712,frontend_frame,25,0,16677,1,1,31898624,106954752,82185216,109051904,,,,,,,,,,
1791472427.9982603,602712,tracking_feedback_accumulate,26,,16677,,,27849728,106954752,82185216,109051904,,,,,,,,3.079600166529417,,
1791472428.003263,602712,frontend_frame,26,0,16677,1,1,27794944,106954752,82185216,109051904,,,,,,,,,,
1791472428.3803003,602712,tracking_feedback_accumulate,27,,16677,,,31955456,106954752,82185216,109051904,,,,,,,,2.9372998978942633,,
1791472428.3843021,602712,frontend_frame,27,0,16677,1,1,31900672,106954752,82185216,109051904,,,,,,,,,,
1791472428.759247,602712,tracking_feedback_accumulate,28,,16677,,,35733504,106954752,82185216,109051904,,,,,,,,2.8731999918818474,,
1791472428.764246,602712,frontend_frame,28,0,16677,1,1,27796992,106954752,82185216,109051904,,,,,,,,,,
1791472429.1651611,602712,tracking_feedback_accumulate,29,,16677,,,31793664,106954752,82185216,109051904,,,,,,,,2.9313000850379467,,
1791472429.1701612,602712,frontend_frame,29,0,16677,1,1,31738880,106954752,82185216,109051904,,,,,,,,,,
1791472429.4777355,602712,tracking_feedback_accumulate,30,,16677,,,35735552,106954752,82185216,109051904,,,,,,,,2.897899830713868,,
1791472429.4837387,602712,frontend_frame,30,0,16677,1,1,27799040,58720256,82185216,109051904,,,,,,,,,,
1791472429.8228445,602712,tracking_feedback_accumulate,31,,16677,,,31959552,100663296,82185216,109051904,,,,,,,,3.047799924388528,,
1791472429.8278444,602712,frontend_frame,31,0,16677,1,1,31904768,100663296,82185216,109051904,,,,,,,,,,
1791472430.2509997,602712,tracking_feedback_accumulate,32,,16677,,,35737600,102760448,82185216,109051904,,,,,,,,2.8763001319020987,,
1791472430.2560005,602712,frontend_frame,32,0,16677,1,1,35682816,104857600,82185216,109051904,,,,,,,,,,
1791472430.6003573,602712,tracking_feedback_accumulate,33,,16677,,,31797760,104857600,82185216,109051904,,,,,,,,2.9626002069562674,,
1791472430.6053557,602712,frontend_frame,33,0,16677,1,1,31742976,104857600,82185216,109051904,,,,,,,,,,
1791472430.9828563,602712,tracking_feedback_accumulate,34,,16677,,,35903488,104857600,82185216,109051904,,,,,,,,2.9233999084681273,,
1791472430.9868555,602712,frontend_frame,34,0,16677,1,1,35848704,104857600,82185216,109051904,,,,,,,,,,
1791472431.375629,602712,tracking_feedback_accumulate,35,,16677,,,31799808,106954752,82197504,109051904,,,,,,,,2.9396999161690474,,
1791472431.3796291,602712,frontend_frame,35,0,16677,1,1,31745024,106954752,82197504,109051904,,,,,,,,,,
1791472431.7242222,602712,tracking_feedback_accumulate,36,,16677,,,35741696,106954752,82197504,109051904,,,,,,,,3.2655999530106783,,
1791472431.7282212,602712,frontend_frame,36,0,16677,1,1,35686912,106954752,82197504,109051904,,,,,,,,,,
1791472432.1179402,602712,tracking_feedback_accumulate,37,,16677,,,39683584,109051904,82199552,109051904,,,,,,,,3.005499951541424,,
1791472432.121939,602712,frontend_frame,37,0,16677,1,1,31747072,109051904,82199552,109051904,,,,,,,,,,
1791472432.4780717,602712,tracking_feedback_accumulate,38,,16677,,,35907584,109051904,82199552,109051904,,,,,,,,3.053500084206462,,
1791472432.482071,602712,frontend_frame,38,0,16677,1,1,35852800,109051904,82199552,109051904,,,,,,,,,,
1791472432.8509374,602712,tracking_feedback_accumulate,39,,16677,,,39685632,109051904,82201600,109051904,,,,,,,,3.214299911633134,,
1791472432.8549376,602712,frontend_frame,39,0,16677,1,1,39630848,109051904,82201600,109051904,,,,,,,,,,
1791472433.2202756,602712,tracking_feedback_accumulate,40,,16677,,,31968768,109051904,82201600,109051904,,,,,,,,2.9968000017106533,,
1791472433.2262776,602712,frontend_frame,40,0,16677,1,1,31913984,60817408,82201600,109051904,,,,,,,,,,
1791472433.5898623,602712,tracking_feedback_accumulate,41,,16677,,,35746816,104857600,82201600,109051904,,,,,,,,3.0724999960511923,,
1791472433.5968628,602712,frontend_frame,41,0,16677,1,1,35692032,104857600,82201600,109051904,,,,,,,,,,
1791472433.9590142,602712,tracking_feedback_accumulate,42,,16677,,,39688704,106954752,82204672,109051904,,,,,,,,2.9152000788599253,,
1791472433.96392,602712,frontend_frame,42,0,16677,1,1,31752192,106954752,82204672,109051904,,,,,,,,,,
1791472434.340345,602712,tracking_feedback_accumulate,43,,16677,,,35912704,106954752,82204672,109051904,,,,,,,,3.020700067281723,,
1791472434.3453448,602712,frontend_frame,43,0,16677,1,1,35857920,106954752,82204672,109051904,,,,,,,,,,
1791472434.7336984,602712,tracking_feedback_accumulate,44,,16677,,,39690752,106954752,82206720,109051904,,,,,,,,2.9140999540686607,,
1791472434.7386992,602712,frontend_frame,44,0,16677,1,1,39635968,109051904,82206720,109051904,,,,,,,,,,
1791472435.0616524,602712,tracking_feedback_accumulate,45,,16677,,,31973888,109051904,82206720,109051904,,,,,,,,2.875699894502759,,
1791472435.0666533,602712,frontend_frame,45,0,16677,1,1,31919104,109051904,82206720,109051904,,,,,,,,,,
1791472435.420828,602712,tracking_feedback_accumulate,46,,16677,,,35751936,109051904,82206720,109051904,,,,,,,,2.869600197300315,,
1791472435.4258294,602712,frontend_frame,46,0,16677,1,1,35697152,109051904,82206720,109051904,,,,,,,,,,
1791472435.770174,602712,tracking_feedback_accumulate,47,,16677,,,31975936,109051904,82206720,109051904,,,,,,,,2.8842000756412745,,
1791472435.774176,602712,frontend_frame,47,0,16677,1,1,31921152,109051904,82206720,109051904,,,,,,,,,,
1791472436.1659307,602712,tracking_feedback_accumulate,48,,16677,,,35753984,109051904,82206720,109051904,,,,,,,,2.901199972257018,,
1791472436.169931,602712,frontend_frame,48,0,16677,1,1,35699200,109051904,82206720,109051904,,,,,,,,,,
1791472436.5352888,602712,tracking_feedback_accumulate,49,,16677,,,39695872,109051904,82206720,109051904,,,,,,,,3.141900058835745,,
1791472436.5402877,602712,frontend_frame,49,0,16677,1,1,31759360,109051904,82206720,109051904,,,,,,,,,,
1791472436.9226415,602712,tracking_feedback_accumulate,50,,16677,,,35756032,109051904,82206720,109051904,,,,,,,,2.8210999444127083,,
1791472436.9277887,602712,frontend_frame,50,0,16677,1,1,35701248,62914560,82206720,109051904,,,,,,,,,,
1791472437.0627828,602712,tracking_feedback_accumulate,51,,16677,,,39697920,106954752,82206720,109051904,,,,,,,,2.9132000636309385,,
1791472437.0687828,602712,frontend_frame,51,0,16677,2,2,43638784,109051904,82206720,109051904,,,,,,,,,,
1791472439.7655277,602712,tracking_feedback_accumulate,52,,9567,,,31577600,109051904,82206720,109051904,,,,,,,,2.892900025472045,,
1791472439.7706325,602712,frontend_frame,52,0,9567,2,2,29788160,109051904,82206720,109051904,,,,,,,,,,
1791472440.0722125,602712,tracking_feedback_accumulate,53,,9567,,,33620992,109051904,82206720,109051904,,,,,,,,2.8945000376552343,,
1791472440.0772123,602712,frontend_frame,53,0,9567,2,2,31888896,109051904,82206720,109051904,,,,,,,,,,
1791472440.4240732,602712,tracking_feedback_accumulate,54,,9567,,,31358464,109051904,82206720,109051904,,,,,,,,2.7976001147180796,,
1791472440.4290736,602712,frontend_frame,54,0,9567,2,2,29626368,109051904,82206720,109051904,,,,,,,,,,
1791472440.785758,602712,tracking_feedback_accumulate,55,,9567,,,33704960,109051904,82206720,109051904,,,,,,,,2.832300029695034,,
1791472440.7917585,602712,frontend_frame,55,0,9567,2,2,31890944,109051904,82206720,109051904,,,,,,,,,,
1791472441.0690048,602712,tracking_feedback_accumulate,56,,9567,,,35887616,109051904,82206720,109051904,,,,,,,,2.771100029349327,,
1791472441.074006,602712,frontend_frame,56,0,9567,2,2,29628928,109051904,82206720,109051904,,,,,,,,,,
1791472441.4060776,602712,tracking_feedback_accumulate,57,,9567,,,33625600,109051904,82206720,109051904,,,,,,,,2.7758001815527678,,
1791472441.4101171,602712,frontend_frame,57,0,9567,2,2,31893504,109051904,82206720,109051904,,,,,,,,,,
1791472441.705066,602712,tracking_feedback_accumulate,58,,9567,,,36054016,109051904,82206720,109051904,,,,,,,,2.761000068858266,,
1791472441.7095711,602712,frontend_frame,58,0,9567,2,2,34321920,109051904,82206720,109051904,,,,,,,,,,
1791472442.0461218,602712,tracking_feedback_accumulate,59,,9567,,,31446016,109051904,82206720,109051904,,,,,,,,2.761600073426962,,
1791472442.0511217,602712,frontend_frame,59,0,9567,2,2,29632000,109051904,82206720,109051904,,,,,,,,,,
1791472442.4204342,602712,tracking_feedback_accumulate,60,,9567,,,33628672,109051904,82206720,109051904,,,,,,,,2.7886999305337667,,
1791472442.425434,602712,frontend_frame,60,0,9567,2,2,31896576,62914560,82206720,109051904,,,,,,,,,,
1791472442.7696927,602712,tracking_feedback_accumulate,61,,9567,,,35975168,83886080,82206720,109051904,,,,,,,,2.8152999002486467,,
1791472442.7746928,602712,frontend_frame,61,0,9567,2,2,29634048,83886080,82206720,109051904,,,,,,,,,,
1791472443.1491044,602712,tracking_feedback_accumulate,62,,9567,,,33712640,83886080,82206720,109051904,,,,,,,,2.7444001752883196,,
1791472443.1541045,602712,frontend_frame,62,0,9567,2,2,31980544,83886080,82206720,109051904,,,,,,,,,,
1791472443.5174356,602712,tracking_feedback_accumulate,63,,9567,,,36059136,83886080,82206720,109051904,,,,,,,,2.8070001862943172,,
1791472443.5224352,602712,frontend_frame,63,0,9567,2,2,34163200,83886080,82206720,109051904,,,,,,,,,,
1791472443.754753,602712,tracking_feedback_accumulate,64,,9567,,,31451136,83886080,82206720,109051904,,,,,,,,2.7755999471992254,,
1791472443.7597537,602712,frontend_frame,64,0,9567,2,2,29719040,83886080,82206720,109051904,,,,,,,,,,
1791472444.095123,602712,tracking_feedback_accumulate,65,,9567,,,33633792,83886080,82206720,109051904,,,,,,,,2.8446000069379807,,
1791472444.1001246,602712,frontend_frame,65,0,9567,2,2,31901696,83886080,82206720,109051904,,,,,,,,,,
1791472444.4277124,602712,tracking_feedback_accumulate,66,,9567,,,36062208,83886080,82206720,109051904,,,,,,,,2.661100123077631,,
1791472444.432712,602712,frontend_frame,66,0,9567,2,2,29639168,83886080,82206720,109051904,,,,,,,,,,
1791472444.7654426,602712,tracking_feedback_accumulate,67,,9567,,,33635840,83886080,82206720,109051904,,,,,,,,2.8427999932318926,,
1791472444.7714431,602712,frontend_frame,67,0,9567,2,2,31903744,83886080,82206720,109051904,,,,,,,,,,
1791472445.1557567,602712,tracking_feedback_accumulate,68,,9567,,,35982336,83886080,82206720,109051904,,,,,,,,2.913199830800295,,
1791472445.1617568,602712,frontend_frame,68,0,9567,2,2,29641216,83886080,82206720,109051904,,,,,,,,,,
1791472445.526137,602712,tracking_feedback_accumulate,69,,9567,,,33637888,83886080,82206720,109051904,,,,,,,,2.8005000203847885,,
1791472445.5311375,602712,frontend_frame,69,0,9567,2,2,31905792,83886080,82206720,109051904,,,,,,,,,,
1791472445.854932,602712,tracking_feedback_accumulate,70,,9567,,,35902464,83886080,82206720,109051904,,,,,,,,2.722900127992034,,
1791472445.8599324,602712,frontend_frame,70,0,9567,2,2,34170368,62914560,82206720,109051904,,,,,,,,,,
1791472446.1854486,602712,tracking_feedback_accumulate,71,,9567,,,33803776,83886080,82206720,109051904,,,,,,,,2.8041000477969646,,
1791472446.1904495,602712,frontend_frame,71,0,9567,2,2,32071680,83886080,82206720,109051904,,,,,,,,,,
1791472446.5042522,602712,tracking_feedback_accumulate,72,,9567,,,35986432,83886080,82206720,109051904,,,,,,,,2.7389999013394117,,
1791472446.510796,602712,frontend_frame,72,0,9567,3,3,38249984,83886080,82206720,109051904,,,,,,,,,,
1791472450.1820982,602712,tracking_feedback_accumulate,73,,10092,,,37919232,104857600,82206720,109051904,,,,,,,,2.8757001273334026,,
1791472450.1870968,602712,frontend_frame,73,0,10092,3,3,36313600,104857600,82206720,109051904,,,,,,,,,,
1791472450.5028555,602712,tracking_feedback_accumulate,74,,10092,,,40146432,104857600,82206720,109051904,,,,,,,,2.798600122332573,,
1791472450.5078557,602712,frontend_frame,74,0,10092,3,3,38537216,104857600,82206720,109051904,,,,,,,,,,
1791472450.6926513,602712,tracking_feedback_accumulate,75,,10092,,,42697728,104857600,82206720,109051904,,,,,,,,2.792099956423044,,
1791472450.6976504,602712,frontend_frame,75,0,10092,3,3,36315648,104857600,82206720,109051904,,,,,,,,,,
1791472451.0468392,602712,tracking_feedback_accumulate,76,,10092,,,40148480,104857600,82206720,109051904,,,,,,,,2.7328000869601965,,
1791472451.0508392,602712,frontend_frame,76,0,10092,3,3,38539264,104857600,82206720,109051904,,,,,,,,,,
1791472451.313778,602712,tracking_feedback_accumulate,77,,10092,,,42535936,104857600,82206720,109051904,,,,,,,,2.961799968034029,,
1791472451.317814,602712,frontend_frame,77,0,10092,3,3,40927232,104857600,82206720,109051904,,,,,,,,,,
1791472451.6590223,602712,tracking_feedback_accumulate,78,,10092,,,37764608,104857600,82206720,109051904,,,,,,,,2.7568000368773937,,
1791472451.664022,602712,frontend_frame,78,0,10092,3,3,36155392,104857600,82206720,109051904,,,,,,,,,,
1791472452.042227,602712,tracking_feedback_accumulate,79,,10092,,,40315904,104857600,82206720,109051904,,,,,,,,2.9613999649882317,,
1791472452.0472271,602712,frontend_frame,79,0,10092,3,3,38706688,104857600,82206720,109051904,,,,,,,,,,
1791472452.379088,602712,tracking_feedback_accumulate,80,,10092,,,42539520,104857600,82206720,109051904,,,,,,,,2.805100055411458,,
1791472452.3860877,602712,frontend_frame,80,0,10092,3,3,33893888,62914560,82206720,109051904,,,,,,,,,,
1791472452.7375007,602712,tracking_feedback_accumulate,81,,10092,,,37890560,104857600,82206720,109051904,,,,,,,,2.771100029349327,,
1791472452.7415,602712,frontend_frame,81,0,10092,3,3,36281344,104857600,82206720,109051904,,,,,,,,,,
1791472453.0739007,602712,tracking_feedback_accumulate,82,,10092,,,40278016,104857600,82206720,109051904,,,,,,,,2.7576000429689884,,
1791472453.0779006,602712,frontend_frame,82,0,10092,3,3,38668800,104857600,82206720,109051904,,,,,,,,,,
1791472453.4131913,602712,tracking_feedback_accumulate,83,,10092,,,35506176,104857600,82206720,109051904,,,,,,,,2.8012001421302557,,
1791472453.4183617,602712,frontend_frame,83,0,10092,3,3,33896960,104857600,82206720,109051904,,,,,,,,,,
1791472453.6024246,602712,tracking_feedback_accumulate,84,,10092,,,38057472,104857600,82206720,109051904,,,,,,,,2.8383000753819942,,
1791472453.6074252,602712,frontend_frame,84,0,10092,3,3,36448256,104857600,82206720,109051904,,,,,,,,,,
1791472453.9632797,602712,tracking_feedback_accumulate,85,,10092,,,40281088,104857600,82206720,109051904,,,,,,,,2.7614000719040632,,
1791472453.9682803,602712,frontend_frame,85,0,10092,3,3,33899008,104857600,82206720,109051904,,,,,,,,,,
1791472454.3389297,602712,tracking_feedback_accumulate,86,,10092,,,38059520,104857600,82206720,109051904,,,,,,,,2.7898000553250313,,
1791472454.34393,602712,frontend_frame,86,0,10092,3,3,36450304,104857600,82206720,109051904,,,,,,,,,,
1791472454.6825476,602712,tracking_feedback_accumulate,87,,10092,,,40283136,104857600,82206720,109051904,,,,,,,,2.7576000429689884,,
1791472454.6875482,602712,frontend_frame,87,0,10092,3,3,33901056,104857600,82206720,109051904,,,,,,,,,,
1791472455.0527358,602712,tracking_feedback_accumulate,88,,10092,,,38061568,104857600,82206720,109051904,,,,,,,,2.7205999940633774,,
1791472455.057735,602712,frontend_frame,88,0,10092,3,3,36452352,104857600,82206720,109051904,,,,,,,,,,
1791472455.3401105,602712,tracking_feedback_accumulate,89,,10092,,,40285184,104857600,82206720,109051904,,,,,,,,2.773100044578314,,
1791472455.3451114,602712,frontend_frame,89,0,10092,3,3,38675968,104857600,82206720,109051904,,,,,,,,,,
1791472455.645444,602712,tracking_feedback_accumulate,90,,10092,,,37899776,104857600,82206720,109051904,,,,,,,,2.6716000866144896,,
1791472455.6504436,602712,frontend_frame,90,0,10092,3,3,36290560,62914560,82206720,109051904,,,,,,,,,,
1791472455.9906607,602712,tracking_feedback_accumulate,91,,10092,,,40451072,104857600,82206720,109051904,,,,,,,,2.7441999409347773,,
1791472455.9946597,602712,frontend_frame,91,0,10092,3,3,38841856,104857600,82206720,109051904,,,,,,,,,,
1791472456.3542957,602712,tracking_feedback_accumulate,92,,10092,,,42674688,104857600,82206720,109051904,,,,,,,,2.7854000218212605,,
1791472456.359296,602712,frontend_frame,92,0,10092,3,3,36292608,104857600,82206720,109051904,,,,,,,,,,
1791472456.6426249,602712,tracking_feedback_accumulate,93,,10092,,,40289280,104857600,82206720,109051904,,,,,,,,2.6843000669032335,,
1791472456.6481872,602712,frontend_frame,93,0,10092,3,3,38680064,104857600,82206720,109051904,,,,,,,,,,
1791472456.8280325,602712,tracking_feedback_accumulate,94,,10092,,,42840576,104857600,82206720,109051904,,,,,,,,2.7650000993162394,,
1791472456.8330336,602712,frontend_frame,94,0,10092,3,3,41231360,104857600,82206720,109051904,,,,,,,,,,
1791472457.1674483,602712,tracking_feedback_accumulate,95,,10092,,,37904896,104857600,82206720,109051904,,,,,,,,2.7574000414460897,,
1791472457.1714475,602712,frontend_frame,95,0,10092,3,3,36295680,104857600,82206720,109051904,,,,,,,,,,
1791472457.4446275,602712,tracking_feedback_accumulate,96,,10092,,,40456192,104857600,82206720,109051904,,,,,,,,2.8377999551594257,,
1791472457.4486258,602712,frontend_frame,96,0,10092,3,3,38846976,104857600,82206720,109051904,,,,,,,,,,
1791472457.796597,602712,tracking_feedback_accumulate,97,,10092,,,42679808,104857600,82206720,109051904,,,,,,,,2.734699985012412,,
1791472457.8015962,602712,frontend_frame,97,0,10092,3,3,36297728,104857600,82206720,109051904,,,,,,,,,,
1791472458.161848,602712,tracking_feedback_accumulate,98,,10092,,,40294400,104857600,82206720,109051904,,,,,,,,2.792100189253688,,
1791472458.1668487,602712,frontend_frame,98,0,10092,3,3,38685184,104857600,82206720,109051904,,,,,,,,,,
1791472458.3921778,602712,tracking_feedback_accumulate,99,,10092,,,42681856,104857600,82206720,109051904,,,,,,,,2.7845001313835382,,
1791472458.396177,602712,frontend_frame,99,0,10092,3,3,41072640,104857600,82206720,109051904,,,,,,,,,,
1791472458.675438,602712,tracking_feedback_accumulate,100,,10092,,,37910016,104857600,82206720,109051904,,,,,,,,2.8039999306201935,,
1791472458.680438,602712,frontend_frame,100,0,10092,3,3,36300800,62914560,82206720,109051904,,,,,,,,,,
1791472459.0827465,602712,tracking_feedback_accumulate,101,,10092,,,40297472,104857600,82206720,109051904,,,,,,,,2.839999971911311,,
1791472459.0867457,602712,frontend_frame,101,0,10092,3,3,38688256,104857600,82206720,109051904,,,,,,,,,,
1791472459.4298334,602712,tracking_feedback_accumulate,102,,10092,,,42848768,104857600,82206720,109051904,,,,,,,,2.98280012793839,,
1791472459.4348345,602712,frontend_frame,102,0,10092,3,3,36466688,104857600,82206720,109051904,,,,,,,,,,
1791472459.7456892,602712,tracking_feedback_accumulate,103,,10092,,,40299520,104857600,82206720,109051904,,,,,,,,2.981900004670024,,
1791472459.751689,602712,frontend_frame,103,0,10092,4,4,42685952,104857600,82206720,109051904,,,,,,,,,,
1791472464.3709052,602712,tracking_feedback_accumulate,104,,11027,,,46911488,104857600,84527104,109051904,,,,,,,,2.8357000555843115,,
1791472464.3759048,602712,frontend_frame,104,0,11027,4,4,40759808,104857600,84527104,109051904,,,,,,,,,,
1791472464.7380848,602712,tracking_feedback_accumulate,105,,11027,,,44592640,104857600,84527104,109051904,,,,,,,,2.7550000231713057,,
1791472464.7440856,602712,frontend_frame,105,0,11027,4,4,43206656,104857600,84527104,109051904,,,,,,,,,,
1791472465.0594728,602712,tracking_feedback_accumulate,106,,11027,,,47367168,104857600,85079552,109051904,,,,,,,,2.881700173020363,,
1791472465.0674722,602712,frontend_frame,106,0,11027,4,4,45981184,104857600,85079552,109051904,,,,,,,,,,
1791472465.4009178,602712,tracking_feedback_accumulate,107,,11027,,,41985024,104857600,85079552,109051904,,,,,,,,2.793499967083335,,
1791472465.405918,602712,frontend_frame,107,0,11027,4,4,40599040,104857600,85079552,109051904,,,,,,,,,,
1791472465.729164,602712,tracking_feedback_accumulate,108,,11027,,,44759552,104857600,85079552,109051904,,,,,,,,2.9000998474657536,,
1791472465.7341635,602712,frontend_frame,108,0,11027,4,4,43374080,104857600,85079552,109051904,,,,,,,,,,
1791472466.1285324,602712,tracking_feedback_accumulate,109,,11027,,,47206912,104857600,85083136,109051904,,,,,,,,2.930799964815378,,
1791472466.1345348,602712,frontend_frame,109,0,11027,4,4,38215168,104857600,85083136,109051904,,,,,,,,,,
1791472466.4406676,602712,tracking_feedback_accumulate,110,,11027,,,42211840,104857600,85083136,109051904,,,,,,,,3.0558998696506023,,
1791472466.445668,602712,frontend_frame,110,0,11027,4,4,40825856,62914560,85083136,109051904,,,,,,,,,,
1791472466.7571287,602712,tracking_feedback_accumulate,111,,11027,,,44822528,104857600,85083136,109051904,,,,,,,,2.765399869531393,,
1791472466.7621286,602712,frontend_frame,111,0,11027,4,4,38217216,104857600,85083136,109051904,,,,,,,,,,
1791472467.1099894,602712,tracking_feedback_accumulate,112,,11027,,,42377728,104857600,85083136,109051904,,,,,,,,2.8001999016851187,,
1791472467.1149917,602712,frontend_frame,112,0,11027,4,4,40991744,104857600,85083136,109051904,,,,,,,,,,
1791472467.4354575,602712,tracking_feedback_accumulate,113,,11027,,,44824576,104857600,85083136,109051904,,,,,,,,2.803599927574396,,
1791472467.4434555,602712,frontend_frame,113,0,11027,4,4,43438592,104857600,85083136,109051904,,,,,,,,,,
1791472467.7285895,602712,tracking_feedback_accumulate,114,,11027,,,42379776,104857600,85083136,109051904,,,,,,,,2.7280000504106283,,
1791472467.7327657,602712,frontend_frame,114,0,11027,4,4,40993792,104857600,85083136,109051904,,,,,,,,,,
1791472467.9956338,602712,tracking_feedback_accumulate,115,,11027,,,44826624,104857600,85083136,109051904,,,,,,,,2.8238999657332897,,
1791472467.9996328,602712,frontend_frame,115,0,11027,4,4,43440640,104857600,85083136,109051904,,,,,,,,,,
1791472468.368215,602712,tracking_feedback_accumulate,116,,11027,,,47601152,104857600,85308928,109051904,,,,,,,,2.728300169110298,,
1791472468.3732145,602712,frontend_frame,116,0,11027,4,4,40995840,104857600,85308928,109051904,,,,,,,,,,
1791472468.7251322,602712,tracking_feedback_accumulate,117,,11027,,,44828672,104857600,85308928,109051904,,,,,,,,2.9017000924795866,,
1791472468.7301326,602712,frontend_frame,117,0,11027,4,4,43442688,104857600,85308928,109051904,,,,,,,,,,
1791472469.0700748,602712,tracking_feedback_accumulate,118,,11027,,,47603200,104857600,85308928,109051904,,,,,,,,2.7612000703811646,,
1791472469.0750732,602712,frontend_frame,118,0,11027,4,4,46217216,104857600,85308928,109051904,,,,,,,,,,
1791472469.3240824,602712,tracking_feedback_accumulate,119,,11027,,,42221056,104857600,85308928,109051904,,,,,,,,2.90270010009408,,
1791472469.3290813,602712,frontend_frame,119,0,11027,4,4,40835072,104857600,85308928,109051904,,,,,,,,,,
1791472469.692367,602712,tracking_feedback_accumulate,120,,11027,,,44995584,104857600,85308928,109051904,,,,,,,,2.758400049060583,,
1791472469.6973667,602712,frontend_frame,120,0,11027,4,4,43609600,62914560,85308928,109051904,,,,,,,,,,
1791472470.0077188,602712,tracking_feedback_accumulate,121,,11027,,,47442432,104857600,85308928,109051904,,,,,,,,2.7739000506699085,,
1791472470.013722,602712,frontend_frame,121,0,11027,4,4,40837120,104857600,85308928,109051904,,,,,,,,,,
1791472470.388706,602712,tracking_feedback_accumulate,122,,11027,,,44833792,104857600,85308928,109051904,,,,,,,,2.8044001664966345,,
1791472470.3927052,602712,frontend_frame,122,0,11027,4,4,43447808,104857600,85308928,109051904,,,,,,,,,,
1791472470.7078772,602712,tracking_feedback_accumulate,123,,11027,,,47444480,104857600,85308928,109051904,,,,,,,,2.798199886456132,,
1791472470.712878,602712,frontend_frame,123,0,11027,4,4,46058496,104857600,85308928,109051904,,,,,,,,,,
1791472471.0566933,602712,tracking_feedback_accumulate,124,,11027,,,42390016,104857600,85308928,109051904,,,,,,,,2.7578999288380146,,
1791472471.0616932,602712,frontend_frame,124,0,11027,4,4,41004032,104857600,85308928,109051904,,,,,,,,,,
1791472471.3672183,602712,tracking_feedback_accumulate,125,,11027,,,44836864,104857600,85308928,109051904,,,,,,,,2.794800093397498,,
1791472471.3712192,602712,frontend_frame,125,0,11027,4,4,43450880,104857600,85308928,109051904,,,,,,,,,,
1791472471.6033638,602712,tracking_feedback_accumulate,126,,11027,,,47447552,104857600,85308928,109051904,,,,,,,,2.820099936798215,,
1791472471.6083653,602712,frontend_frame,126,0,11027,4,4,40842240,104857600,85308928,109051904,,,,,,,,,,
1791472471.937666,602712,tracking_feedback_accumulate,127,,11027,,,45002752,104857600,85308928,109051904,,,,,,,,2.9275999404489994,,
1791472471.9416661,602712,frontend_frame,127,0,11027,4,4,43616768,104857600,85308928,109051904,,,,,,,,,,
1791472472.211006,602712,tracking_feedback_accumulate,128,,11027,,,47449600,104857600,85308928,109051904,,,,,,,,2.804199932143092,,
1791472472.2160072,602712,frontend_frame,128,0,11027,4,4,40844288,104857600,85308928,109051904,,,,,,,,,,
1791472472.5627165,602712,tracking_feedback_accumulate,129,,11027,,,44840960,104857600,85308928,109051904,,,,,,,,2.731099957600236,,
1791472472.5677164,602712,frontend_frame,129,0,11027,4,4,43454976,104857600,85308928,109051904,,,,,,,,,,
1791472472.860243,602712,tracking_feedback_accumulate,130,,11027,,,47451648,104857600,85308928,109051904,,,,,,,,2.8608001302927732,,
1791472472.8652437,602712,frontend_frame,130,0,11027,4,4,46065664,83886080,85308928,109051904,,,,,,,,,,
1791472473.1526284,602712,tracking_feedback_accumulate,131,,11027,,,44843008,104857600,85308928,109051904,,,,,,,,2.948999870568514,,
1791472473.1566284,602712,frontend_frame,131,0,11027,4,4,43457024,104857600,85308928,109051904,,,,,,,,,,
1791472473.4779027,602712,tracking_feedback_accumulate,132,,11027,,,47617536,104857600,85308928,109051904,,,,,,,,2.7560999151319265,,
1791472473.4829051,602712,frontend_frame,132,0,11027,4,4,46231552,104857600,85308928,109051904,,,,,,,,,,
1791472473.8424065,602712,tracking_feedback_accumulate,133,,11027,,,50064384,106954752,86820864,109051904,,,,,,,,2.8111001010984182,,
1791472473.8474066,602712,frontend_frame,133,0,11027,4,4,43459072,106954752,86820864,109051904,,,,,,,,,,
1791472474.1885781,602712,tracking_feedback_accumulate,134,,11027,,,47455744,106954752,86820864,109051904,,,,,,,,2.687999978661537,,
1791472474.1925774,602712,frontend_frame,134,0,11027,4,4,46069760,106954752,86820864,109051904,,,,,,,,,,
1791472474.5436769,602712,tracking_feedback_accumulate,135,,11027,,,50230272,106954752,86820864,109051904,,,,,,,,2.9025000985711813,,
1791472474.5486772,602712,frontend_frame,135,0,11027,4,4,48844288,106954752,86820864,109051904,,,,,,,,,,
1791472474.8104303,602712,tracking_feedback_accumulate,136,,11027,,,44848128,106954752,86820864,109051904,,,,,,,,2.761899959295988,,
1791472474.8144302,602712,frontend_frame,136,0,11027,4,4,43462144,106954752,86820864,109051904,,,,,,,,,,
1791472475.0980904,602712,tracking_feedback_accumulate,137,,11027,,,47458816,106954752,86820864,109051904,,,,,,,,2.8152999002486467,,
1791472475.1040897,602712,frontend_frame,137,0,11027,5,5,50068480,106954752,86820864,109051904,,,,,,,,,,
1791472480.8157988,602712,tracking_feedback_accumulate,138,,11814,,,43679232,106954752,86820864,109051904,,,,,,,,2.841199981048703,,
1791472480.8197978,602712,frontend_frame,138,0,11814,5,5,42482176,106954752,86820864,109051904,,,,,,,,,,
1791472481.086485,602712,tracking_feedback_accumulate,139,,11814,,,46642688,106954752,86820864,109051904,,,,,,,,2.8446000069379807,,
1791472481.0914853,602712,frontend_frame,139,0,11814,5,5,42647040,106954752,86820864,109051904,,,,,,,,,,
1791472481.4026759,602712,tracking_feedback_accumulate,140,,11814,,,46479872,106954752,86820864,109051904,,,,,,,,2.8158999048173428,,
1791472481.4076748,602712,frontend_frame,140,0,11814,5,5,45277184,83886080,86820864,109051904,,,,,,,,,,
1791472481.7437038,602712,tracking_feedback_accumulate,141,,11814,,,49437696,104857600,87246848,109051904,,,,,,,,2.827499993145466,,
1791472481.74773,602712,frontend_frame,141,0,11814,5,5,45442048,104857600,87246848,109051904,,,,,,,,,,
1791472482.104195,602712,tracking_feedback_accumulate,142,,11814,,,49274880,104857600,87247872,109051904,,,,,,,,2.7843997813761234,,
1791472482.109195,602712,frontend_frame,142,0,11814,5,5,48072704,104857600,87247872,109051904,,,,,,,,,,
1791472482.4065907,602712,tracking_feedback_accumulate,143,,11814,,,52069376,104857600,90059776,109051904,,,,,,,,2.858299994841218,,
1791472482.41059,602712,frontend_frame,143,0,11814,5,5,50866688,104857600,90059776,109051904,,,,,,,,,,
1791472482.705838,602712,tracking_feedback_accumulate,144,,11814,,,43855360,104857600,90059776,109051904,,,,,,,,2.865299815312028,,
1791472482.7108378,602712,frontend_frame,144,0,11814,5,5,42652672,104857600,90059776,109051904,,,,,,,,,,
1791472482.992005,602712,tracking_feedback_accumulate,145,,11814,,,46485504,104857600,90059776,109051904,,,,,,,,2.8107999823987484,,
1791472482.9965403,602712,frontend_frame,145,0,11814,5,5,45282816,104857600,90059776,109051904,,,,,,,,,,
1791472483.3586607,602712,tracking_feedback_accumulate,146,,11814,,,49279488,104857600,90059776,109051904,,,,,,,,2.788800047710538,,
1791472483.36366,602712,frontend_frame,146,0,11814,5,5,42490880,104857600,90059776,109051904,,,,,,,,,,
1791472483.7191534,602712,tracking_feedback_accumulate,147,,11814,,,46487552,104857600,90059776,109051904,,,,,,,,2.8274001087993383,,
1791472483.7241538,602712,frontend_frame,147,0,11814,5,5,45284864,104857600,90059776,109051904,,,,,,,,,,
1791472484.0477433,602712,tracking_feedback_accumulate,148,,11814,,,49281536,104857600,90059776,109051904,,,,,,,,2.802200149744749,,
1791472484.0522482,602712,frontend_frame,148,0,11814,5,5,42492928,104857600,90059776,109051904,,,,,,,,,,
1791472484.408928,602712,tracking_feedback_accumulate,149,,11814,,,46653440,104857600,90059776,109051904,,,,,,,,2.8057999443262815,,
1791472484.4139287,602712,frontend_frame,149,0,11814,5,5,45450752,104857600,90059776,109051904,,,,,,,,,,
1791472484.718112,602712,tracking_feedback_accumulate,150,,11814,,,49283584,104857600,90059776,109051904,,,,,,,,2.806799951940775,,
1791472484.7231135,602712,frontend_frame,150,0,11814,5,5,48080896,83886080,90059776,109051904,,,,,,,,,,
1791472485.0756726,602712,tracking_feedback_accumulate,151,,11814,,,46655488,104857600,90059776,109051904,,,,,,,,2.8023000340908766,,
1791472485.080672,602712,frontend_frame,151,0,11814,5,5,45452800,104857600,90059776,109051904,,,,,,,,,,
1791472485.4502914,602712,tracking_feedback_accumulate,152,,11814,,,49285632,104857600,90059776,109051904,,,,,,,,2.852099947631359,,
1791472485.4543223,602712,frontend_frame,152,0,11814,5,5,48082944,104857600,90059776,109051904,,,,,,,,,,
1791472485.7455814,602712,tracking_feedback_accumulate,153,,11814,,,52243456,104857600,90059776,109051904,,,,,,,,2.8535998426377773,,
1791472485.750581,602712,frontend_frame,153,0,11814,5,5,45454848,104857600,90059776,109051904,,,,,,,,,,
1791472486.0909705,602712,tracking_feedback_accumulate,154,,11814,,,49287680,104857600,90059776,109051904,,,,,,,,2.692099893465638,,
1791472486.0959697,602712,frontend_frame,154,0,11814,5,5,48084992,104857600,90059776,109051904,,,,,,,,,,
1791472486.4056923,602712,tracking_feedback_accumulate,155,,11814,,,52081664,104857600,90072064,109051904,,,,,,,,2.655299846082926,,
1791472486.410693,602712,frontend_frame,155,0,11814,5,5,50878976,104857600,90072064,109051904,,,,,,,,,,
1791472486.788613,602712,tracking_feedback_accumulate,156,,11814,,,46496768,104857600,90072064,109051904,,,,,,,,2.7879001572728157,,
1791472486.7956133,602712,frontend_frame,156,0,11814,6,6,49289728,104857600,90072064,109051904,,,,,,,,,,
1791472493.3707423,602712,tracking_feedback_accumulate,157,,12557,,,53338624,104857600,91398656,109051904,,,,,,,,2.803799929097295,,
1791472493.3747423,602712,frontend_frame,157,0,12557,6,6,52320768,104857600,91398656,109051904,,,,,,,,,,
1791472493.6578648,602712,tracking_feedback_accumulate,158,,12557,,,50716160,104857600,91398656,109051904,,,,,,,,2.9100000392645597,,
1791472493.661866,602712,frontend_frame,158,0,12557,6,6,49692672,104857600,91398656,109051904,,,,,,,,,,
1791472493.985047,602712,tracking_feedback_accumulate,159,,12557,,,53525504,104857600,91631104,109051904,,,,,,,,2.8937000315636396,,
1791472493.9900463,602712,frontend_frame,159,0,12557,6,6,52502016,104857600,91631104,109051904,,,,,,,,,,
1791472494.3608718,602712,tracking_feedback_accumulate,160,,12557,,,56498688,106954752,94604288,109051904,,,,,,,,2.7879001572728157,,
1791472494.3658717,602712,frontend_frame,160,0,12557,6,6,49530880,83886080,94604288,109051904,,,,,,,,,,
1791472494.6462715,602712,tracking_feedback_accumulate,161,,12557,,,53527552,104857600,94604288,109051904,,,,,,,,2.820099936798215,,
1791472494.6512716,602712,frontend_frame,161,0,12557,6,6,52504576,104857600,94604288,109051904,,,,,,,,,,
1791472494.919883,602712,tracking_feedback_accumulate,162,,12557,,,56665088,106954752,94606848,109051904,,,,,,,,2.889700001105666,,
1791472494.924884,602712,frontend_frame,162,0,12557,6,6,55641600,106954752,94606848,109051904,,,,,,,,,,
1791472495.21745,602712,tracking_feedback_accumulate,163,,12557,,,50557952,106954752,94606848,109051904,,,,,,,,3.098800079897046,,
1791472495.222449,602712,frontend_frame,163,0,12557,6,6,49534464,106954752,94606848,109051904,,,,,,,,,,
1791472495.636338,602712,tracking_feedback_accumulate,164,,12557,,,53531136,106954752,94606848,109051904,,,,,,,,2.8710998594760895,,
1791472495.641339,602712,frontend_frame,164,0,12557,6,6,52507648,106954752,94606848,109051904,,,,,,,,,,
1791472495.925968,602712,tracking_feedback_accumulate,165,,12557,,,56668160,106954752,94609920,109051904,,,,,,,,2.9754999559372663,,
1791472495.9309683,602712,frontend_frame,165,0,12557,6,6,49700352,106954752,94609920,109051904,,,,,,,,,,
1791472496.2480536,602712,tracking_feedback_accumulate,166,,12557,,,53533184,106954752,94609920,109051904,,,,,,,,2.8228999581187963,,
1791472496.252053,602712,frontend_frame,166,0,12557,6,6,52509696,106954752,94609920,109051904,,,,,,,,,,
1791472496.4463274,602712,tracking_feedback_accumulate,167,,12557,,,56506368,106954752,94611968,109051904,,,,,,,,2.6459000073373318,,
1791472496.4513285,602712,frontend_frame,167,0,12557,6,6,55482880,106954752,94611968,109051904,,,,,,,,,,
1791472496.7699635,602712,tracking_feedback_accumulate,168,,12557,,,50563072,106954752,94611968,109051904,,,,,,,,2.7825001161545515,,
1791472496.7749631,602712,frontend_frame,168,0,12557,6,6,49539584,106954752,94611968,109051904,,,,,,,,,,
1791472497.143171,602712,tracking_feedback_accumulate,169,,12557,,,53536256,106954752,94611968,109051904,,,,,,,,2.8262000996619463,,
1791472497.147173,602712,frontend_frame,169,0,12557,6,6,52512768,106954752,94611968,109051904,,,,,,,,,,
1791472497.5420468,602712,tracking_feedback_accumulate,170,,12557,,,50728960,106954752,94611968,109051904,,,,,,,,2.927500056102872,,
1791472497.5470493,602712,frontend_frame,170,0,12557,6,6,49705472,83886080,94611968,109051904,,,,,,,,,,
1791472497.9241178,602712,tracking_feedback_accumulate,171,,12557,,,53538304,104857600,94611968,109051904,,,,,,,,2.792299957945943,,
1791472497.9291174,602712,frontend_frame,171,0,12557,6,6,52514816,104857600,94611968,109051904,,,,,,,,,,
1791472498.2812011,602712,tracking_feedback_accumulate,172,,12557,,,56511488,106954752,94617088,109051904,,,,,,,,2.8765001334249973,,
1791472498.2872002,602712,frontend_frame,172,0,12557,6,6,46750720,106954752,94617088,109051904,,,,,,,,,,
1791472498.6659212,602712,tracking_feedback_accumulate,173,,12557,,,50747392,106954752,94617088,109051904,,,,,,,,2.750700106844306,,
1791472498.6709208,602712,frontend_frame,173,0,12557,6,6,49723904,106954752,94617088,109051904,,,,,,,,,,
1791472499.0045538,602712,tracking_feedback_accumulate,174,,12557,,,53720576,106954752,94617088,109051904,,,,,,,,2.9054000042378902,,
1791472499.0095527,602712,frontend_frame,174,0,12557,6,6,52697088,106954752,94617088,109051904,,,,,,,,,,
1791472499.2663593,602712,tracking_feedback_accumulate,175,,12557,,,47777280,106954752,94617088,109051904,,,,,,,,2.9148999601602554,,
1791472499.27136,602712,frontend_frame,175,0,12557,6,6,46753792,106954752,94617088,109051904,,,,,,,,,,
1791472499.5808523,602712,tracking_feedback_accumulate,176,,12557,,,50750464,106954752,94617088,109051904,,,,,,,,2.860599895939231,,
1791472499.585854,602712,frontend_frame,176,0,12557,6,6,49726976,106954752,94617088,109051904,,,,,,,,,,
1791472499.9239528,602712,tracking_feedback_accumulate,177,,12557,,,53723648,106954752,94617088,109051904,,,,,,,,2.8005000203847885,,
1791472499.9289527,602712,frontend_frame,177,0,12557,6,6,46755840,106954752,94617088,109051904,,,,,,,,,,
1791472500.2810905,602712,tracking_feedback_accumulate,178,,12557,,,50752512,106954752,94617088,109051904,,,,,,,,2.8145001269876957,,
1791472500.2860916,602712,frontend_frame,178,0,12557,6,6,49729024,106954752,94617088,109051904,,,,,,,,,,
1791472500.6005456,602712,tracking_feedback_accumulate,179,,12557,,,53725696,106954752,94617088,109051904,,,,,,,,2.7455000672489405,,
1791472500.6055467,602712,frontend_frame,179,0,12557,6,6,52702208,106954752,94617088,109051904,,,,,,,,,,
1791472500.9925735,602712,tracking_feedback_accumulate,180,,12557,,,47946240,106954752,94617088,109051904,,,,,,,,2.9088000301271677,,
1791472500.999574,602712,frontend_frame,180,0,12557,7,7,50918400,106954752,94617088,109051904,,,,,,,,,,
1791472508.551798,602712,tracking_feedback_accumulate,181,,13246,,,54797312,106954752,94617088,109051904,,,,,,,,2.974800067022443,,
1791472508.5567987,602712,frontend_frame,181,0,13246,7,7,53937664,106954752,94617088,109051904,,,,,,,,,,
1791472508.8306184,602712,tracking_feedback_accumulate,182,,13246,,,51994624,106954752,94617088,109051904,,,,,,,,2.7900999411940575,,
1791472508.835618,602712,frontend_frame,182,0,13246,7,7,51130368,106954752,94617088,109051904,,,,,,,,,,
1791472509.1787562,602712,tracking_feedback_accumulate,183,,13246,,,54963200,106954752,94617088,109051904,,,,,,,,2.7990001253783703,,
1791472509.1827555,602712,frontend_frame,183,0,13246,7,7,54098944,106954752,94617088,109051904,,,,,,,,,,
1791472509.4858153,602712,tracking_feedback_accumulate,184,,13246,,,58095616,106954752,96384512,109051904,,,,,,,,2.745599951595068,,
1791472509.4908154,602712,frontend_frame,184,0,13246,7,7,50968576,106954752,96384512,109051904,,,,,,,,,,
1791472509.7852015,602712,tracking_feedback_accumulate,185,,13246,,,55129088,106954752,96384512,109051904,,,,,,,,2.786800032481551,,
1791472509.7902021,602712,frontend_frame,185,0,13246,7,7,54265344,106954752,96384512,109051904,,,,,,,,,,
1791472510.0143256,602712,tracking_feedback_accumulate,186,,13246,,,58098176,106954752,96387072,109051904,,,,,,,,2.7628999669104815,,
1791472510.0193255,602712,frontend_frame,186,0,13246,7,7,57233920,106954752,96387072,109051904,,,,,,,,,,
1791472510.2775664,602712,tracking_feedback_accumulate,187,,13246,,,52000256,106954752,96387072,109051904,,,,,,,,2.798900008201599,,
1791472510.2815666,602712,frontend_frame,187,0,13246,7,7,51136000,106954752,96387072,109051904,,,,,,,,,,
1791472510.5746434,602712,tracking_feedback_accumulate,188,,13246,,,54968832,106954752,96387072,109051904,,,,,,,,2.747399965301156,,
1791472510.5796444,602712,frontend_frame,188,0,13246,7,7,54104576,106954752,96387072,109051904,,,,,,,,,,
1791472510.8629014,602712,tracking_feedback_accumulate,189,,13246,,,58265088,106954752,96387072,109051904,,,,,,,,2.765499986708164,,
1791472510.8679004,602712,frontend_frame,189,0,13246,7,7,51138048,106954752,96387072,109051904,,,,,,,,,,
1791472511.2019122,602712,tracking_feedback_accumulate,190,,13246,,,54970880,106954752,96387072,109051904,,,,,,,,2.8264999855309725,,
1791472511.206912,602712,frontend_frame,190,0,13246,7,7,54106624,83886080,96387072,109051904,,,,,,,,,,
1791472511.5576565,602712,tracking_feedback_accumulate,191,,13246,,,58103296,104857600,96392192,109051904,,,,,,,,2.722000004723668,,
1791472511.5626585,602712,frontend_frame,191,0,13246,7,7,50976256,104857600,96392192,109051904,,,,,,,,,,
1791472511.878376,602712,tracking_feedback_accumulate,192,,13246,,,54972928,104857600,96392192,109051904,,,,,,,,2.721400000154972,,
1791472511.8823757,602712,frontend_frame,192,0,13246,7,7,54108672,104857600,96392192,109051904,,,,,,,,,,
1791472512.158285,602712,tracking_feedback_accumulate,193,,13246,,,58105344,104857600,96394240,109051904,,,,,,,,2.947299974039197,,
1791472512.1622865,602712,frontend_frame,193,0,13246,7,7,57241088,104857600,96394240,109051904,,,,,,,,,,
1791472512.5247397,602712,tracking_feedback_accumulate,194,,13246,,,55138816,104857600,96394240,109051904,,,,,,,,2.8909998945891857,,
1791472512.5297384,602712,frontend_frame,194,0,13246,7,7,54274560,104857600,96394240,109051904,,,,,,,,,,
1791472512.8142445,602712,tracking_feedback_accumulate,195,,13246,,,58107392,104857600,96396288,109051904,,,,,,,,3.2227998599410057,,
1791472512.8192453,602712,frontend_frame,195,0,13246,7,7,57243136,104857600,96396288,109051904,,,,,,,,,,
1791472513.1938453,602712,tracking_feedback_accumulate,196,,13246,,,61403648,106954752,99528704,109051904,,,,,,,,2.7405000291764736,,
1791472513.198845,602712,frontend_frame,196,0,13246,7,7,54276608,106954752,99528704,109051904,,,,,,,,,,
1791472513.487277,602712,tracking_feedback_accumulate,197,,13246,,,58109440,106954752,99528704,109051904,,,,,,,,2.804500050842762,,
1791472513.4922779,602712,frontend_frame,197,0,13246,7,7,57245184,106954752,99528704,109051904,,,,,,,,,,
1791472513.742889,602712,tracking_feedback_accumulate,198,,13246,,,61405696,106954752,99530752,109051904,,,,,,,,3.2041999511420727,,
1791472513.7468889,602712,frontend_frame,198,0,13246,7,7,60541440,106954752,99530752,109051904,,,,,,,,,,
1791472514.1122813,602712,tracking_feedback_accumulate,199,,13246,,,54980096,106954752,99530752,109051904,,,,,,,,2.7968999929726124,,
1791472514.1162827,602712,frontend_frame,199,0,13246,7,7,54115840,106954752,99530752,109051904,,,,,,,,,,
1791472514.4614844,602712,tracking_feedback_accumulate,200,,13246,,,58276352,106954752,99530752,109051904,,,,,,,,2.7749999426305294,,
1791472514.466487,602712,frontend_frame,200,0,13246,7,7,57412096,83886080,99530752,109051904,,,,,,,,,,
1791472514.7538774,602712,tracking_feedback_accumulate,201,,13246,,,61244928,106954752,99533824,109051904,,,,,,,,2.893500030040741,,
1791472514.7598789,602712,frontend_frame,201,0,13246,7,7,50986496,106954752,99533824,109051904,,,,,,,,,,
1791472515.1124947,602712,tracking_feedback_accumulate,202,,13246,,,55147008,106954752,99533824,109051904,,,,,,,,3.087000222876668,,
1791472515.1174943,602712,frontend_frame,202,0,13246,7,7,54282752,106954752,99533824,109051904,,,,,,,,,,
1791472515.482141,602712,tracking_feedback_accumulate,203,,13246,,,58115584,106954752,99533824,109051904,,,,,,,,2.8093999717384577,,
1791472515.4871414,602712,frontend_frame,203,0,13246,7,7,57251328,106954752,99533824,109051904,,,,,,,,,,
1791472515.7921317,602712,tracking_feedback_accumulate,204,,13246,,,52017664,106954752,99533824,109051904,,,,,,,,2.853299956768751,,
1791472515.7991328,602712,frontend_frame,204,0,13246,8,8,55149056,106954752,99533824,109051904,,,,,,,,,,
1791472524.2703657,602712,tracking_feedback_accumulate,205,,13896,,,59026432,127926272,99533824,127926272,,,,,,,,2.758400049060583,,
1791472524.2753685,602712,frontend_frame,205,0,13896,8,8,58320384,127926272,99533824,127926272,,,,,,,,,,
1791472524.6031294,602712,tracking_feedback_accumulate,206,,13896,,,55901184,127926272,99533824,127926272,,,,,,,,2.8862999752163887,,
1791472524.6071296,602712,frontend_frame,206,0,13896,8,8,55190016,127926272,99533824,127926272,,,,,,,,,,
1791472524.936269,602712,tracking_feedback_accumulate,207,,13896,,,59350528,127926272,99533824,127926272,,,,,,,,2.9184999875724316,,
1791472524.9402707,602712,frontend_frame,207,0,13896,8,8,58639360,127926272,99533824,127926272,,,,,,,,,,
1791472525.32209,602712,tracking_feedback_accumulate,208,,13896,,,62472192,127926272,101116416,127926272,,,,,,,,2.9154999647289515,,
1791472525.3270893,602712,frontend_frame,208,0,13896,8,8,55192064,127926272,101116416,127926272,,,,,,,,,,
1791472525.670242,602712,tracking_feedback_accumulate,209,,13896,,,59188736,127926272,101116416,127926272,,,,,,,,2.8180000372231007,,
1791472525.674243,602712,frontend_frame,209,0,13896,8,8,58478080,127926272,101116416,127926272,,,,,,,,,,
1791472525.8618963,602712,tracking_feedback_accumulate,210,,13896,,,62474752,127926272,101116416,127926272,,,,,,,,2.7527001220732927,,
1791472525.8678963,602712,frontend_frame,210,0,13896,8,8,61763584,83886080,101116416,127926272,,,,,,,,,,
1791472526.1741471,602712,tracking_feedback_accumulate,211,,13896,,,56070656,125829120,101116416,127926272,,,,,,,,2.6360999327152967,,
1791472526.1781487,602712,frontend_frame,211,0,13896,8,8,55359488,125829120,101116416,127926272,,,,,,,,,,
1791472526.5413337,602712,tracking_feedback_accumulate,212,,13896,,,59192320,125829120,101116416,127926272,,,,,,,,2.8009999077767134,,
1791472526.5463343,602712,frontend_frame,212,0,13896,8,8,58481152,125829120,101116416,127926272,,,,,,,,,,
1791472526.89735,602712,tracking_feedback_accumulate,213,,13896,,,55908864,125829120,101116416,127926272,,,,,,,,2.852899953722954,,
1791472526.9023504,602712,frontend_frame,213,0,13896,8,8,55197696,125829120,101116416,127926272,,,,,,,,,,
1791472527.2060046,602712,tracking_feedback_accumulate,214,,13896,,,59358208,125829120,101116416,127926272,,,,,,,,2.9835000168532133,,
1791472527.2110028,602712,frontend_frame,214,0,13896,8,8,58647040,125829120,101116416,127926272,,,,,,,,,,
1791472527.4755702,602712,tracking_feedback_accumulate,215,,13896,,,62479872,125829120,101116416,127926272,,,,,,,,2.8317999094724655,,
1791472527.48057,602712,frontend_frame,215,0,13896,8,8,55199744,125829120,101116416,127926272,,,,,,,,,,
1791472527.7679768,602712,tracking_feedback_accumulate,216,,13896,,,59360256,125829120,101116416,127926272,,,,,,,,2.8019000310450792,,
1791472527.7729757,602712,frontend_frame,216,0,13896,8,8,58649088,125829120,101116416,127926272,,,,,,,,,,
1791472528.1694405,602712,tracking_feedback_accumulate,217,,13896,,,62481920,125829120,101116416,127926272,,,,,,,,2.8371999505907297,,
1791472528.174441,602712,frontend_frame,217,0,13896,8,8,61770752,125829120,101116416,127926272,,,,,,,,,,
1791472528.4385102,602712,tracking_feedback_accumulate,218,,13896,,,56077824,125829120,101116416,127926272,,,,,,,,2.9176000971347094,,
1791472528.4435098,602712,frontend_frame,218,0,13896,8,8,55366656,125829120,101116416,127926272,,,,,,,,,,
1791472528.6919217,602712,tracking_feedback_accumulate,219,,13896,,,59199488,125829120,101116416,127926272,,,,,,,,2.8075999580323696,,
1791472528.6969204,602712,frontend_frame,219,0,13896,8,8,58488320,125829120,101116416,127926272,,,,,,,,,,
1791472529.0398386,602712,tracking_feedback_accumulate,220,,13896,,,62484992,125829120,101116416,127926272,,,,,,,,2.782299881801009,,
1791472529.0448422,602712,frontend_frame,220,0,13896,8,8,55204864,83886080,101116416,127926272,,,,,,,,,,
1791472529.3259299,602712,tracking_feedback_accumulate,221,,13896,,,59365376,125829120,101116416,127926272,,,,,,,,2.7809999883174896,,
1791472529.3299303,602712,frontend_frame,221,0,13896,8,8,58654208,125829120,101116416,127926272,,,,,,,,,,
1791472529.6422176,602712,tracking_feedback_accumulate,222,,13896,,,62487040,125829120,101116416,127926272,,,,,,,,2.72320001386106,,
1791472529.6472187,602712,frontend_frame,222,0,13896,8,8,61775872,125829120,101116416,127926272,,,,,,,,,,
1791472529.9163105,602712,tracking_feedback_accumulate,223,,13896,,,56082944,125829120,101116416,127926272,,,,,,,,2.8717999812215567,,
1791472529.9203107,602712,frontend_frame,223,0,13896,8,8,55371776,125829120,101116416,127926272,,,,,,,,,,
1791472530.2606568,602712,tracking_feedback_accumulate,224,,13896,,,59204608,125829120,101116416,127926272,,,,,,,,2.8150000143796206,,
1791472530.2646563,602712,frontend_frame,224,0,13896,8,8,58493440,125829120,101116416,127926272,,,,,,,,,,
1791472530.5951848,602712,tracking_feedback_accumulate,225,,13896,,,62653952,125829120,101116416,127926272,,,,,,,,2.8931000269949436,,
1791472530.6001842,602712,frontend_frame,225,0,13896,8,8,55373824,125829120,101116416,127926272,,,,,,,,,,
1791472530.870068,602712,tracking_feedback_accumulate,226,,13896,,,59206656,125829120,101116416,127926272,,,,,,,,2.8384998440742493,,
1791472530.8740683,602712,frontend_frame,226,0,13896,8,8,58495488,125829120,101116416,127926272,,,,,,,,,,
1791472531.258794,602712,tracking_feedback_accumulate,227,,13896,,,62492160,125829120,101116416,127926272,,,,,,,,2.7807001024484634,,
1791472531.2637954,602712,frontend_frame,227,0,13896,8,8,55212032,125829120,101116416,127926272,,,,,,,,,,
1791472531.615642,602712,tracking_feedback_accumulate,228,,13896,,,59208704,125829120,101116416,127926272,,,,,,,,2.9015999753028154,,
1791472531.6206417,602712,frontend_frame,228,0,13896,8,8,58497536,125829120,101116416,127926272,,,,,,,,,,
1791472531.8859167,602712,tracking_feedback_accumulate,229,,13896,,,62658048,125829120,101116416,127926272,,,,,,,,2.8661000542342663,,
1791472531.8909166,602712,frontend_frame,229,0,13896,8,8,61946880,125829120,101116416,127926272,,,,,,,,,,
1791472532.2241106,602712,tracking_feedback_accumulate,230,,13896,,,55926272,125829120,101116416,127926272,,,,,,,,2.8612001333385706,,
1791472532.2291107,602712,frontend_frame,230,0,13896,8,8,55215104,83886080,101116416,127926272,,,,,,,,,,
1791472532.5588126,602712,tracking_feedback_accumulate,231,,13896,,,59211776,125829120,101116416,127926272,,,,,,,,2.7565001510083675,,
1791472532.5638118,602712,frontend_frame,231,0,13896,8,8,58500608,125829120,101116416,127926272,,,,,,,,,,
1791472532.905771,602712,tracking_feedback_accumulate,232,,13896,,,62661120,125829120,101116416,127926272,,,,,,,,2.654499839991331,,
1791472532.91077,602712,frontend_frame,232,0,13896,8,8,55380992,125829120,101116416,127926272,,,,,,,,,,
1791472533.2548413,602712,tracking_feedback_accumulate,233,,13896,,,59213824,125829120,101116416,127926272,,,,,,,,2.792400075122714,,
1791472533.2598422,602712,frontend_frame,233,0,13896,8,8,58502656,125829120,101116416,127926272,,,,,,,,,,
1791472533.539564,602712,tracking_feedback_accumulate,234,,13896,,,62663168,125829120,101116416,127926272,,,,,,,,2.83620017580688,,
1791472533.5435643,602712,frontend_frame,234,0,13896,8,8,61952000,125829120,101116416,127926272,,,,,,,,,,
1791472533.9155915,602712,tracking_feedback_accumulate,235,,13896,,,55931392,125829120,101116416,127926272,,,,,,,,2.825699979439378,,
1791472533.9205914,602712,frontend_frame,235,0,13896,8,8,55220224,125829120,101116416,127926272,,,,,,,,,,
1791472534.2471836,602712,tracking_feedback_accumulate,236,,13896,,,59380736,125829120,101116416,127926272,,,,,,,,2.865899819880724,,
1791472534.2961864,602712,frontend_frame,236,0,13896,9,8,62665216,125829120,101116416,127926272,,,,,,,,,,
1791472543.549152,602712,tracking_feedback_accumulate,237,,13171,,,59965440,125829120,101116416,127926272,,,,,,,,2.860100008547306,,
1791472543.554152,602712,frontend_frame,237,0,13171,9,8,59074560,125829120,101116416,127926272,,,,,,,,,,
1791472543.7931361,602712,tracking_feedback_accumulate,238,,13171,,,63153152,125829120,101282304,127926272,,,,,,,,2.8128998819738626,,
1791472543.797134,602712,frontend_frame,238,0,13171,9,8,62268928,125829120,101282304,127926272,,,,,,,,,,
1791472544.1188838,602712,tracking_feedback_accumulate,239,,13171,,,66101760,125829120,104394752,127926272,,,,,,,,2.8494999278336763,,
1791472544.1238837,602712,frontend_frame,239,0,13171,9,8,58994688,125829120,104394752,127926272,,,,,,,,,,
1791472544.4517314,602712,tracking_feedback_accumulate,240,,13171,,,63073280,125829120,104394752,127926272,,,,,,,,2.8586999978870153,,
1791472544.4567325,602712,frontend_frame,240,0,13171,9,8,62189056,83886080,104394752,127926272,,,,,,,,,,
1791472544.7836237,602712,tracking_feedback_accumulate,241,,13171,,,66267648,125829120,104396800,127926272,,,,,,,,2.8145001269876957,,
1791472544.7886236,602712,frontend_frame,241,0,13171,9,8,65383936,125829120,104396800,127926272,,,,,,,,,,
1791472545.050943,602712,tracking_feedback_accumulate,242,,13171,,,59882496,125829120,104396800,127926272,,,,,,,,2.891100011765957,,
1791472545.054943,602712,frontend_frame,242,0,13171,9,8,58998272,125829120,104396800,127926272,,,,,,,,,,
1791472545.4349666,602712,tracking_feedback_accumulate,243,,13171,,,63158784,125829120,104396800,127926272,,,,,,,,2.8111001010984182,,
1791472545.4399657,602712,frontend_frame,243,0,13171,9,8,62274560,125829120,104396800,127926272,,,,,,,,,,
1791472545.7639606,602712,tracking_feedback_accumulate,244,,13171,,,66189312,125829120,104400384,127926272,,,,,,,,2.906200010329485,,
1791472545.769962,602712,frontend_frame,244,0,13171,9,8,59082240,125829120,104400384,127926272,,,,,,,,,,
1791472546.0407429,602712,tracking_feedback_accumulate,245,,13171,,,62996992,125829120,104400384,127926272,,,,,,,,2.796800108626485,,
1791472546.0457428,602712,frontend_frame,245,0,13171,9,8,62112768,125829120,104400384,127926272,,,,,,,,,,
1791472546.4334,602712,tracking_feedback_accumulate,246,,13171,,,66273280,125829120,104402432,127926272,,,,,,,,2.6956999208778143,,
1791472546.438401,602712,frontend_frame,246,0,13171,9,8,59166208,125829120,104402432,127926272,,,,,,,,,,
1791472546.8189197,602712,tracking_feedback_accumulate,247,,13171,,,62999040,125829120,104402432,127926272,,,,,,,,2.6817999314516783,,
1791472546.82392,602712,frontend_frame,247,0,13171,9,8,62114816,125829120,104402432,127926272,,,,,,,,,,
1791472547.1633353,602712,tracking_feedback_accumulate,248,,13171,,,66193408,125829120,104404480,127926272,,,,,,,,2.8156000189483166,,
1791472547.1683369,602712,frontend_frame,248,0,13171,9,8,65309184,125829120,104404480,127926272,,,,,,,,,,
1791472547.6066673,602712,tracking_feedback_accumulate,249,,13171,,,63164928,125829120,104404480,127926272,,,,,,,,3.182500135153532,,
1791472547.6111732,602712,frontend_frame,249,0,13171,9,8,62280704,125829120,104404480,127926272,,,,,,,,,,
1791472547.9921274,602712,tracking_feedback_accumulate,250,,13171,,,66113536,125829120,104406528,127926272,,,,,,,,2.9910001903772354,,
1791472547.997131,602712,frontend_frame,250,0,13171,9,8,65229312,83886080,104406528,127926272,,,,,,,,,,
1791472548.2736704,602712,tracking_feedback_accumulate,251,,13171,,,69307904,127926272,107518976,127926272,,,,,,,,2.8784999158233404,,
1791472548.2786708,602712,frontend_frame,251,0,13171,9,8,62200832,127926272,107518976,127926272,,,,,,,,,,
1791472548.6735861,602712,tracking_feedback_accumulate,252,,13171,,,66279424,127926272,107518976,127926272,,,,,,,,3.354300046339631,,
1791472548.6775863,602712,frontend_frame,252,0,13171,9,8,65395200,127926272,107518976,127926272,,,,,,,,,,
1791472549.0681224,602712,tracking_feedback_accumulate,253,,13171,,,69309952,127926272,107521024,127926272,,,,,,,,2.779100090265274,,
1791472549.0721216,602712,frontend_frame,253,0,13171,9,8,68425728,127926272,107521024,127926272,,,,,,,,,,
1791472549.4259918,602712,tracking_feedback_accumulate,254,,13171,,,63170048,127926272,107521024,127926272,,,,,,,,3.0459000263363123,,
1791472549.4299927,602712,frontend_frame,254,0,13171,9,8,62285824,127926272,107521024,127926272,,,,,,,,,,
1791472549.7136238,602712,tracking_feedback_accumulate,255,,13171,,,66200576,127926272,107521024,127926272,,,,,,,,2.876899903640151,,
1791472549.7176244,602712,frontend_frame,255,0,13171,9,8,65316352,127926272,107521024,127926272,,,,,,,,,,
1791472550.0668,602712,tracking_feedback_accumulate,256,,13171,,,69231104,130023424,107524096,130023424,,,,,,,,2.8291000053286552,,
1791472550.0717995,602712,frontend_frame,256,0,13171,9,8,62124032,130023424,107524096,130023424,,,,,,,,,,
1791472550.419071,602712,tracking_feedback_accumulate,257,,13171,,,66284544,130023424,107524096,130023424,,,,,,,,2.859999891370535,,
1791472550.4240706,602712,frontend_frame,257,0,13171,9,8,65400320,130023424,107524096,130023424,,,,,,,,,,
1791472550.8116782,602712,tracking_feedback_accumulate,258,,13171,,,69233152,130023424,107526144,130023424,,,,,,,,2.825999865308404,,
1791472550.8156807,602712,frontend_frame,258,0,13171,9,8,68348928,130023424,107526144,130023424,,,,,,,,,,
1791472551.1628613,602712,tracking_feedback_accumulate,259,,13171,,,60063744,130023424,107526144,130023424,,,,,,,,2.9722999315708876,,
1791472551.167861,602712,frontend_frame,259,0,13171,9,8,59179520,130023424,107526144,130023424,,,,,,,,,,
1791472551.517209,602712,tracking_feedback_accumulate,260,,13171,,,63094272,130023424,107526144,130023424,,,,,,,,2.8553002048283815,,
1791472551.5222085,602712,frontend_frame,260,0,13171,9,8,62210048,83886080,107526144,130023424,,,,,,,,,,
1791472551.867948,602712,tracking_feedback_accumulate,261,,13171,,,66124800,125829120,107526144,130023424,,,,,,,,2.7695000171661377,,
1791472551.8729482,602712,frontend_frame,261,0,13171,9,8,59017728,125829120,107526144,130023424,,,,,,,,,,
1791472552.255635,602712,tracking_feedback_accumulate,262,,13171,,,63096320,125829120,107526144,130023424,,,,,,,,2.7616999577730894,,
1791472552.2596343,602712,frontend_frame,262,0,13171,9,8,62212096,125829120,107526144,130023424,,,,,,,,,,
1791472552.6014378,602712,tracking_feedback_accumulate,263,,13171,,,66126848,125829120,107526144,130023424,,,,,,,,2.7988001238554716,,
1791472552.6064365,602712,frontend_frame,263,0,13171,9,8,59019776,125829120,107526144,130023424,,,,,,,,,,
1791472553.005712,602712,tracking_feedback_accumulate,264,,13171,,,63180288,125829120,107526144,130023424,,,,,,,,2.767999889329076,,
1791472553.0097122,602712,frontend_frame,264,0,13171,9,8,62296064,125829120,107526144,130023424,,,,,,,,,,
1791472553.353401,602712,tracking_feedback_accumulate,265,,13171,,,66128896,125829120,107526144,130023424,,,,,,,,2.8088002000004053,,
1791472553.3574007,602712,frontend_frame,265,0,13171,9,8,65244672,125829120,107526144,130023424,,,,,,,,,,
1791472553.761894,602712,tracking_feedback_accumulate,266,,13171,,,63182336,125829120,107526144,130023424,,,,,,,,2.724100137129426,,
1791472553.767094,602712,frontend_frame,266,0,13171,9,8,62298112,125829120,107526144,130023424,,,,,,,,,,
1791472554.1656172,602712,tracking_feedback_accumulate,267,,13171,,,66130944,125829120,107526144,130023424,,,,,,,,2.7932000812143087,,
1791472554.1696162,602712,frontend_frame,267,0,13171,9,8,65246720,125829120,107526144,130023424,,,,,,,,,,
1791472554.4316924,602712,tracking_feedback_accumulate,268,,13171,,,69407232,127926272,107536384,130023424,,,,,,,,2.7268000412732363,,
1791472554.4366922,602712,frontend_frame,268,0,13171,9,8,62300160,127926272,107536384,130023424,,,,,,,,,,
1791472554.7828372,602712,tracking_feedback_accumulate,269,,13171,,,66214912,127926272,107536384,130023424,,,,,,,,2.702800091356039,,
1791472554.787838,602712,frontend_frame,269,0,13171,9,8,65330688,127926272,107536384,130023424,,,,,,,,,,
1791472555.1317222,602712,tracking_feedback_accumulate,270,,13171,,,69245440,127926272,107538432,130023424,,,,,,,,2.7959002181887627,,
1791472555.1377223,602712,frontend_frame,270,0,13171,9,8,68361216,85983232,107538432,130023424,,,,,,,,,,
1791472555.4798918,602712,tracking_feedback_accumulate,271,,13171,,,63105536,127926272,107538432,130023424,,,,,,,,2.7728001587092876,,
1791472555.4838963,602712,frontend_frame,271,0,13171,9,8,62221312,127926272,107538432,130023424,,,,,,,,,,
1791472555.8240354,602712,tracking_feedback_accumulate,272,,13171,,,66299904,127926272,107538432,130023424,,,,,,,,3.0831999611109495,,
1791472555.8290355,602712,frontend_frame,272,0,13171,9,8,65415680,127926272,107538432,130023424,,,,,,,,,,
1791472556.1774597,602712,tracking_feedback_accumulate,273,,13171,,,69248512,127926272,107541504,130023424,,,,,,,,2.8264999855309725,,
1791472556.1824598,602712,frontend_frame,273,0,13171,9,8,62141440,127926272,107541504,130023424,,,,,,,,,,
1791472556.5340886,602712,tracking_feedback_accumulate,274,,13171,,,66220032,127926272,107541504,130023424,,,,,,,,2.8750000055879354,,
1791472556.5380888,602712,frontend_frame,274,0,13171,9,8,65335808,127926272,107541504,130023424,,,,,,,,,,
1791472556.922296,602712,tracking_feedback_accumulate,275,,13171,,,69250560,127926272,107543552,130023424,,,,,,,,2.82959989272058,,
1791472556.9272964,602712,frontend_frame,275,0,13171,9,8,68366336,127926272,107543552,130023424,,,,,,,,,,
1791472557.2850993,602712,tracking_feedback_accumulate,276,,13171,,,63110656,127926272,107543552,130023424,,,,,,,,2.8444998897612095,,
1791472557.289099,602712,frontend_frame,276,0,13171,9,8,62226432,127926272,107543552,130023424,,,,,,,,,,
1791472557.5430684,602712,tracking_feedback_accumulate,277,,13171,,,66141184,127926272,107543552,130023424,,,,,,,,2.9038998764008284,,
1791472557.5470676,602712,frontend_frame,277,0,13171,9,8,65256960,127926272,107543552,130023424,,,,,,,,,,
1791472557.9524348,602712,tracking_feedback_accumulate,278,,13171,,,69335552,127926272,107546624,130023424,,,,,,,,2.7559001464396715,,
1791472557.9584374,602712,frontend_frame,278,0,13171,9,8,62228480,127926272,107546624,130023424,,,,,,,,,,
1791472558.30116,602712,tracking_feedback_accumulate,279,,13171,,,66143232,127926272,107546624,130023424,,,,,,,,3.756699850782752,,
1791472558.306164,602712,frontend_frame,279,0,13171,9,8,65259008,127926272,107546624,130023424,,,,,,,,,,
1791472558.5878913,602712,tracking_feedback_accumulate,280,,13171,,,69419520,127926272,107548672,130023424,,,,,,,,2.774300053715706,,
1791472558.5938933,602712,frontend_frame,280,0,13171,9,8,62312448,83886080,107548672,130023424,,,,,,,,,,
1791472558.9360304,602712,tracking_feedback_accumulate,281,,13171,,,66145280,127926272,107548672,130023424,,,,,,,,2.8801001608371735,,
1791472558.9400291,602712,frontend_frame,281,0,13171,9,8,65261056,127926272,107548672,130023424,,,,,,,,,,
1791472559.2792838,602712,tracking_feedback_accumulate,282,,13171,,,69339648,127926272,107550720,130023424,,,,,,,,2.8481001500040293,,
1791472559.284282,602712,frontend_frame,282,0,13171,9,8,68455424,127926272,107550720,130023424,,,,,,,,,,
1791472559.6216009,602712,tracking_feedback_accumulate,283,,13171,,,66147328,127926272,107550720,130023424,,,,,,,,2.782100113108754,,
1791472559.6266,602712,frontend_frame,283,0,13171,9,8,65263104,127926272,107550720,130023424,,,,,,,,,,
1791472560.0007904,602712,tracking_feedback_accumulate,284,,13171,,,69341696,127926272,107552768,130023424,,,,,,,,2.7310000732541084,,
1791472560.0057905,602712,frontend_frame,284,0,13171,9,8,68457472,127926272,107552768,130023424,,,,,,,,,,
1791472560.3023953,602712,tracking_feedback_accumulate,285,,13171,,,72372224,132120576,110665216,132120576,,,,,,,,2.7912999503314495,,
1791472560.3073995,602712,frontend_frame,285,0,13171,9,8,65265152,132120576,110665216,132120576,,,,,,,,,,
1791472560.6538076,602712,tracking_feedback_accumulate,286,,13171,,,69425664,132120576,110665216,132120576,,,,,,,,2.8530999552458525,,
1791472560.6628077,602712,frontend_frame,286,0,13171,9,8,68541440,132120576,110665216,132120576,,,,,,,,,,
1791472560.8760648,602712,tracking_feedback_accumulate,287,,13171,,,72374272,132120576,110667264,132120576,,,,,,,,2.809900091961026,,
1791472560.8810644,602712,frontend_frame,287,0,13171,9,8,71490048,132120576,110667264,132120576,,,,,,,,,,
1791472561.2771635,602712,tracking_feedback_accumulate,288,,13171,,,60011520,132120576,110667264,132120576,,,,,,,,2.8899998869746923,,
1791472561.2821639,602712,frontend_frame,288,0,13171,9,8,59127296,132120576,110667264,132120576,,,,,,,,,,
1791472561.602071,602712,tracking_feedback_accumulate,289,,13171,,,63042048,132120576,110667264,132120576,,,,,,,,2.7224000077694654,,
1791472561.607072,602712,frontend_frame,289,0,13171,9,8,62157824,132120576,110667264,132120576,,,,,,,,,,
1791472562.0006804,602712,tracking_feedback_accumulate,290,,13171,,,66318336,132120576,110667264,132120576,,,,,,,,2.782100113108754,,
1791472562.0066814,602712,frontend_frame,290,0,13171,9,8,59211264,104857600,110667264,132120576,,,,,,,,,,
1791472562.2548757,602712,tracking_feedback_accumulate,291,,13171,,,63044096,125829120,110667264,132120576,,,,,,,,2.729299943894148,,
1791472562.2598753,602712,frontend_frame,291,0,13171,9,8,62159872,125829120,110667264,132120576,,,,,,,,,,
1791472562.6565669,602712,tracking_feedback_accumulate,292,,13171,,,66320384,125829120,110667264,132120576,,,,,,,,3.0123998876661062,,
1791472562.6615672,602712,frontend_frame,292,0,13171,9,8,65436160,125829120,110667264,132120576,,,,,,,,,,
1791472562.9988651,602712,tracking_feedback_accumulate,293,,13171,,,59934720,125829120,110667264,132120576,,,,,,,,2.86679994314909,,
1791472563.003864,602712,frontend_frame,293,0,13171,9,8,59050496,125829120,110667264,132120576,,,,,,,,,,
1791472563.2311394,602712,tracking_feedback_accumulate,294,,13171,,,63129088,125829120,110667264,132120576,,,,,,,,2.849399810656905,,
1791472563.2361395,602712,frontend_frame,294,0,13171,9,8,62244864,125829120,110667264,132120576,,,,,,,,,,
1791472563.5115283,602712,tracking_feedback_accumulate,295,,13171,,,66323456,125829120,110667264,132120576,,,,,,,,2.7887998148798943,,
1791472563.516529,602712,frontend_frame,295,0,13171,9,8,59216384,125829120,110667264,132120576,,,,,,,,,,
1791472563.8633127,602712,tracking_feedback_accumulate,296,,13171,,,63049216,125829120,110667264,132120576,,,,,,,,2.8625999111682177,,
1791472563.869313,602712,frontend_frame,296,0,13171,9,8,62164992,125829120,110667264,132120576,,,,,,,,,,
1791472564.200285,602712,tracking_feedback_accumulate,297,,13171,,,66243584,125829120,110667264,132120576,,,,,,,,2.825499977916479,,
1791472564.2052839,602712,frontend_frame,297,0,13171,9,8,59136512,125829120,110667264,132120576,,,,,,,,,,
1791472564.4868698,602712,tracking_feedback_accumulate,298,,13171,,,63215104,125829120,110667264,132120576,,,,,,,,2.769300015643239,,
1791472564.4908702,602712,frontend_frame,298,0,13171,9,8,62330880,125829120,110667264,132120576,,,,,,,,,,
1791472564.7704155,602712,tracking_feedback_accumulate,299,,13171,,,66245632,125829120,110667264,132120576,,,,,,,,2.73349997587502,,
1791472564.7744157,602712,frontend_frame,299,0,13171,9,8,65361408,125829120,110667264,132120576,,,,,,,,,,
1791472564.973086,602712,tracking_feedback_accumulate,300,,13171,,,63217152,125829120,110667264,132120576,,,,,,,,2.8361999429762363,,
1791472564.9786391,602712,frontend_frame,300,0,13171,9,8,62332928,83886080,110667264,132120576,,,,,,,,,,
1791472565.1923392,602712,tracking_feedback_accumulate,301,,13171,,,66165760,125829120,110667264,132120576,,,,,,,,2.795599866658449,,
1791472565.196339,602712,frontend_frame,301,0,13171,9,8,65281536,125829120,110667264,132120576,,,,,,,,,,
1791472565.5870452,602712,tracking_feedback_accumulate,302,,13171,,,69442048,127926272,110667264,132120576,,,,,,,,2.843900118023157,,
1791472565.5920448,602712,frontend_frame,302,0,13171,9,8,62334976,127926272,110667264,132120576,,,,,,,,,,
1791472565.9272642,602712,tracking_feedback_accumulate,303,,13171,,,66249728,127926272,110667264,132120576,,,,,,,,2.8013999108225107,,
1791472565.9312642,602712,frontend_frame,303,0,13171,9,8,65365504,127926272,110667264,132120576,,,,,,,,,,
1791472566.21549,602712,tracking_feedback_accumulate,304,,13171,,,69280256,130023424,110667264,132120576,,,,,,,,2.78270011767745,,
1791472566.21949,602712,frontend_frame,304,0,13171,9,8,68396032,130023424,110667264,132120576,,,,,,,,,,
1791472566.5871425,602712,tracking_feedback_accumulate,305,,13171,,,63222272,130023424,110667264,132120576,,,,,,,,2.827799879014492,,
1791472566.591142,602712,frontend_frame,305,0,13171,9,8,62338048,130023424,110667264,132120576,,,,,,,,,,
1791472566.9118528,602712,tracking_feedback_accumulate,306,,13171,,,66252800,130023424,110667264,132120576,,,,,,,,2.8744000010192394,,
1791472566.9158547,602712,frontend_frame,306,0,13171,9,8,65368576,130023424,110667264,132120576,,,,,,,,,,
1791472567.3027327,602712,tracking_feedback_accumulate,307,,13171,,,69447168,130023424,110667264,132120576,,,,,,,,2.6203999295830727,,
1791472567.308736,602712,frontend_frame,307,0,13171,9,8,62340096,130023424,110667264,132120576,,,,,,,,,,
1791472567.5794353,602712,tracking_feedback_accumulate,308,,13171,,,66254848,130023424,110667264,132120576,,,,,,,,2.7873001527041197,,
1791472567.5844357,602712,frontend_frame,308,0,13171,9,8,65370624,130023424,110667264,132120576,,,,,,,,,,
1791472567.9547355,602712,tracking_feedback_accumulate,309,,13171,,,69449216,130023424,110667264,132120576,,,,,,,,2.864199923351407,,
1791472567.9597363,602712,frontend_frame,309,0,13171,9,8,68564992,130023424,110667264,132120576,,,,,,,,,,
1791472568.242093,602712,tracking_feedback_accumulate,310,,13171,,,63145472,130023424,110667264,132120576,,,,,,,,2.7935001999139786,,
1791472568.247094,602712,frontend_frame,310,0,13171,9,8,62261248,83886080,110667264,132120576,,,,,,,,,,
1791472568.5312965,602712,tracking_feedback_accumulate,311,,13171,,,66176000,125829120,110667264,132120576,,,,,,,,2.8166999109089375,,
1791472568.5362973,602712,frontend_frame,311,0,13171,9,8,65291776,125829120,110667264,132120576,,,,,,,,,,
1791472568.920965,602712,tracking_feedback_accumulate,312,,13171,,,63147520,130023424,110667264,132120576,,,,,,,,2.809500088915229,,
1791472568.9249647,602712,frontend_frame,312,0,13171,9,8,62263296,130023424,110667264,132120576,,,,,,,,,,
1791472569.2383845,602712,tracking_feedback_accumulate,313,,13171,,,66341888,130023424,110667264,132120576,,,,,,,,2.8325000312179327,,
1791472569.2433887,602712,frontend_frame,313,0,13171,9,8,65457664,130023424,110667264,132120576,,,,,,,,,,
1791472569.487545,602712,tracking_feedback_accumulate,314,,13171,,,69290496,130023424,110667264,132120576,,,,,,,,2.9569000471383333,,
1791472569.492546,602712,frontend_frame,314,0,13171,9,8,62183424,130023424,110667264,132120576,,,,,,,,,,
1791472569.8182979,602712,tracking_feedback_accumulate,315,,13171,,,66262016,130023424,110667264,132120576,,,,,,,,2.7308000717312098,,
1791472569.8222983,602712,frontend_frame,315,0,13171,9,8,65377792,130023424,110667264,132120576,,,,,,,,,,
1791472570.166927,602712,tracking_feedback_accumulate,316,,13171,,,69292544,130023424,110667264,132120576,,,,,,,,2.8504999354481697,,
1791472570.171927,602712,frontend_frame,316,0,13171,9,8,68408320,130023424,110667264,132120576,,,,,,,,,,
1791472570.4851465,602712,tracking_feedback_accumulate,317,,13171,,,60123136,130023424,110667264,132120576,,,,,,,,2.7930999640375376,,
1791472570.4891467,602712,frontend_frame,317,0,13171,9,8,59238912,130023424,110667264,132120576,,,,,,,,,,
1791472570.844615,602712,tracking_feedback_accumulate,318,,13171,,,63153664,130023424,110667264,132120576,,,,,,,,2.8232999611645937,,
1791472570.8496149,602712,frontend_frame,318,0,13171,9,8,62269440,130023424,110667264,132120576,,,,,,,,,,
1791472571.1220467,602712,tracking_feedback_accumulate,319,,13171,,,66348032,130023424,110667264,132120576,,,,,,,,2.8763001319020987,,
1791472571.127046,602712,frontend_frame,319,0,13171,9,8,59240960,130023424,110667264,132120576,,,,,,,,,,
1791472571.525697,602712,tracking_feedback_accumulate,320,,13171,,,63073792,130023424,110667264,132120576,,,,,,,,2.8089999686926603,,
1791472571.5306969,602712,frontend_frame,320,0,13171,9,8,62189568,83886080,110667264,132120576,,,,,,,,,,
1791472571.851934,602712,tracking_feedback_accumulate,321,,13171,,,66268160,125829120,110667264,132120576,,,,,,,,3.0207999516278505,,
1791472571.8559353,602712,frontend_frame,321,0,13171,9,8,65383936,125829120,110667264,132120576,,,,,,,,,,
1791472572.122155,602712,tracking_feedback_accumulate,322,,13171,,,59964416,125829120,110667264,132120576,,,,,,,,2.7747999411076307,,
1791472572.1271546,602712,frontend_frame,322,0,13171,9,8,59080192,125829120,110667264,132120576,,,,,,,,,,
1791472572.4128392,602712,tracking_feedback_accumulate,323,,13171,,,63158784,125829120,110667264,132120576,,,,,,,,2.9561000410467386,,
1791472572.4178386,602712,frontend_frame,323,0,13171,9,8,62274560,125829120,110667264,132120576,,,,,,,,,,
1791472572.7488074,602712,tracking_feedback_accumulate,324,,13171,,,66353152,125829120,110667264,132120576,,,,,,,,2.9376999009400606,,
1791472572.7538068,602712,frontend_frame,324,0,13171,9,8,59246080,125829120,110667264,132120576,,,,,,,,,,
1791472573.0743687,602712,tracking_feedback_accumulate,325,,13171,,,63078912,125829120,110667264,132120576,,,,,,,,2.7832998894155025,,
1791472573.0783699,602712,frontend_frame,325,0,13171,9,8,62194688,125829120,110667264,132120576,,,,,,,,,,
1791472573.3827415,602712,tracking_feedback_accumulate,326,,13171,,,66355200,125829120,110667264,132120576,,,,,,,,2.8080998454242945,,
1791472573.3877418,602712,frontend_frame,326,0,13171,9,8,59248128,125829120,110667264,132120576,,,,,,,,,,
1791472573.712973,602712,tracking_feedback_accumulate,327,,13171,,,63080960,125829120,110667264,132120576,,,,,,,,2.798000117763877,,
1791472573.7169733,602712,frontend_frame,327,0,13171,9,8,62196736,125829120,110667264,132120576,,,,,,,,,,
1791472574.095188,602712,tracking_feedback_accumulate,328,,13171,,,66275328,125829120,110667264,132120576,,,,,,,,2.873700112104416,,
1791472574.100188,602712,frontend_frame,328,0,13171,9,8,65391104,125829120,110667264,132120576,,,,,,,,,,
1791472574.4503539,602712,tracking_feedback_accumulate,329,,13171,,,63246848,125829120,110667264,132120576,,,,,,,,2.8731999918818474,,
1791472574.4553542,602712,frontend_frame,329,0,13171,9,8,62362624,125829120,110667264,132120576,,,,,,,,,,
1791472574.8285701,602712,tracking_feedback_accumulate,330,,13171,,,66277376,125829120,110667264,132120576,,,,,,,,2.81960004940629,,
1791472574.8325694,602712,frontend_frame,330,0,13171,9,8,65393152,104857600,110667264,132120576,,,,,,,,,,
1791472575.2058842,602712,tracking_feedback_accumulate,331,,13171,,,69471744,127926272,110667264,132120576,,,,,,,,2.7650000993162394,,
1791472575.2108846,602712,frontend_frame,331,0,13171,9,8,62364672,127926272,110667264,132120576,,,,,,,,,,
1791472575.5970516,602712,tracking_feedback_accumulate,332,,13171,,,66279424,127926272,110667264,132120576,,,,,,,,2.870299853384495,,
1791472575.6020513,602712,frontend_frame,332,0,13171,9,8,65395200,127926272,110667264,132120576,,,,,,,,,,
1791472575.8254642,602712,tracking_feedback_accumulate,333,,13171,,,69309952,127926272,110667264,132120576,,,,,,,,2.9227999038994312,,
1791472575.8304634,602712,frontend_frame,333,0,13171,9,8,68425728,130023424,110667264,132120576,,,,,,,,,,
1791472576.0682049,602712,tracking_feedback_accumulate,334,,13171,,,63170048,130023424,110667264,132120576,,,,,,,,2.7855001389980316,,
1791472576.073204,602712,frontend_frame,334,0,13171,9,8,62285824,130023424,110667264,132120576,,,,,,,,,,
1791472576.4027727,602712,tracking_feedback_accumulate,335,,13171,,,66364416,130023424,110667264,132120576,,,,,,,,3.027200000360608,,
1791472576.4067729,602712,frontend_frame,335,0,13171,9,8,65480192,130023424,110667264,132120576,,,,,,,,,,
1791472576.628007,602712,tracking_feedback_accumulate,336,,13171,,,69394944,130023424,110667264,132120576,,,,,,,,2.8532000724226236,,
1791472576.633007,602712,frontend_frame,336,0,13171,9,8,62287872,130023424,110667264,132120576,,,,,,,,,,
1791472576.933385,602712,tracking_feedback_accumulate,337,,13171,,,66202624,130023424,110667264,132120576,,,,,,,,2.808400196954608,,
1791472576.9374099,602712,frontend_frame,337,0,13171,9,8,65318400,130023424,110667264,132120576,,,,,,,,,,
1791472577.2293704,602712,tracking_feedback_accumulate,338,,13171,,,69396992,130023424,110667264,132120576,,,,,,,,2.8744000010192394,,
1791472577.233371,602712,frontend_frame,338,0,13171,9,8,68512768,130023424,110667264,132120576,,,,,,,,,,
1791472577.5236712,602712,tracking_feedback_accumulate,339,,13171,,,63093248,130023424,110667264,132120576,,,,,,,,2.908299909904599,,
1791472577.5276704,602712,frontend_frame,339,0,13171,9,8,62209024,130023424,110667264,132120576,,,,,,,,,,
1791472577.7026973,602712,tracking_feedback_accumulate,340,,13171,,,66287616,130023424,110667264,132120576,,,,,,,,2.8019999153912067,,
1791472577.7076974,602712,frontend_frame,340,0,13171,9,8,65403392,83886080,110667264,132120576,,,,,,,,,,
1791472577.916758,602712,tracking_feedback_accumulate,341,,13171,,,69481984,130023424,110667264,132120576,,,,,,,,2.8817998245358467,,
1791472577.9217584,602712,frontend_frame,341,0,13171,9,8,62374912,130023424,110667264,132120576,,,,,,,,,,
1791472578.2183974,602712,tracking_feedback_accumulate,342,,13171,,,66289664,130023424,110667264,132120576,,,,,,,,3.154899924993515,,
1791472578.268543,602712,frontend_frame,342,0,13171,10,8,69401088,130023424,110667264,132120576,,,,,,,,,,
1791472588.5001056,602712,tracking_feedback_accumulate,343,,13659,,,73515520,130023424,111892992,132120576,,,,,,,,2.9227000195533037,,
1791472588.5051057,602712,frontend_frame,343,0,13659,10,8,66530816,130023424,111892992,132120576,,,,,,,,,,
1791472588.7071962,602712,tracking_feedback_accumulate,344,,13659,,,70363648,130023424,111892992,132120576,,,,,,,,2.875200007110834,,
1791472588.7121966,602712,frontend_frame,344,0,13659,10,8,69598208,130023424,111892992,132120576,,,,,,,,,,
1791472589.0592926,602712,tracking_feedback_accumulate,345,,13659,,,73676800,130023424,112173056,132120576,,,,,,,,2.8498999308794737,,
1791472589.0632937,602712,frontend_frame,345,0,13659,10,8,72911360,130023424,112173056,132120576,,,,,,,,,,
1791472589.393838,602712,tracking_feedback_accumulate,346,,13659,,,64024064,130023424,112173056,132120576,,,,,,,,2.8834999538958073,,
1791472589.3978374,602712,frontend_frame,346,0,13659,10,8,63258624,130023424,112173056,132120576,,,,,,,,,,
1791472589.7985992,602712,tracking_feedback_accumulate,347,,13659,,,67337216,130023424,112173056,132120576,,,,,,,,2.875099889934063,,
1791472589.8026004,602712,frontend_frame,347,0,13659,10,8,66572288,130023424,112173056,132120576,,,,,,,,,,
1791472590.1717038,602712,tracking_feedback_accumulate,348,,13659,,,64026624,130023424,112173056,132120576,,,,,,,,2.8358001727610826,,
1791472590.1767044,602712,frontend_frame,348,0,13659,10,8,63261184,130023424,112173056,132120576,,,,,,,,,,
1791472590.5085008,602712,tracking_feedback_accumulate,349,,13659,,,67421696,130023424,112173056,132120576,,,,,,,,2.8623000252991915,,
1791472590.5125003,602712,frontend_frame,349,0,13659,10,8,66656256,130023424,112173056,132120576,,,,,,,,,,
1791472590.7340722,602712,tracking_feedback_accumulate,350,,13659,,,70489088,130023424,112173056,132120576,,,,,,,,3.0755000188946724,,
1791472590.7390728,602712,frontend_frame,350,0,13659,10,8,63263232,83886080,112173056,132120576,,,,,,,,,,
1791472591.031303,602712,tracking_feedback_accumulate,351,,13659,,,67341824,125829120,112173056,132120576,,,,,,,,2.873999997973442,,
1791472591.0358424,602712,frontend_frame,351,0,13659,10,8,66576384,125829120,112173056,132120576,,,,,,,,,,
1791472591.4190094,602712,tracking_feedback_accumulate,352,,13659,,,70654976,125829120,112173056,132120576,,,,,,,,3.110300051048398,,
1791472591.42401,602712,frontend_frame,352,0,13659,10,8,69889536,127926272,112173056,132120576,,,,,,,,,,
1791472591.6217787,602712,tracking_feedback_accumulate,353,,13659,,,64031744,127926272,112173056,132120576,,,,,,,,2.776100067421794,,
1791472591.6267805,602712,frontend_frame,353,0,13659,10,8,63266304,127926272,112173056,132120576,,,,,,,,,,
1791472592.0074878,602712,tracking_feedback_accumulate,354,,13659,,,67344896,127926272,112173056,132120576,,,,,,,,3.0910999048501253,,
1791472592.0124865,602712,frontend_frame,354,0,13659,10,8,66579456,127926272,112173056,132120576,,,,,,,,,,
1791472592.3005702,602712,tracking_feedback_accumulate,355,,13659,,,70494208,127926272,112173056,132120576,,,,,,,,3.0614000279456377,,
1791472592.3055713,602712,frontend_frame,355,0,13659,10,8,63268352,127926272,112173056,132120576,,,,,,,,,,
1791472592.5661223,602712,tracking_feedback_accumulate,356,,13659,,,67346944,127926272,112173056,132120576,,,,,,,,2.7763000689446926,,
1791472592.5701222,602712,frontend_frame,356,0,13659,10,8,66581504,127926272,112173056,132120576,,,,,,,,,,
1791472592.8254657,602712,tracking_feedback_accumulate,357,,13659,,,70660096,127926272,112173056,132120576,,,,,,,,2.8933000285178423,,
1791472592.8294654,602712,frontend_frame,357,0,13659,10,8,69894656,127926272,112173056,132120576,,,,,,,,,,
1791472593.2121427,602712,tracking_feedback_accumulate,358,,13659,,,64118784,127926272,112173056,132120576,,,,,,,,3.0980000738054514,,
1791472593.2181458,602712,frontend_frame,358,0,13659,10,8,63353344,127926272,112173056,132120576,,,,,,,,,,
1791472593.4625201,602712,tracking_feedback_accumulate,359,,13659,,,67431936,127926272,112173056,132120576,,,,,,,,2.827499993145466,,
1791472593.4665205,602712,frontend_frame,359,0,13659,10,8,66666496,127926272,112173056,132120576,,,,,,,,,,
1791472593.7343967,602712,tracking_feedback_accumulate,360,,13659,,,70499328,127926272,112173056,132120576,,,,,,,,2.8106998652219772,,
1791472593.7404008,602712,frontend_frame,360,0,13659,10,8,63273472,83886080,112173056,132120576,,,,,,,,,,
1791472594.0727324,602712,tracking_feedback_accumulate,361,,13659,,,67352064,125829120,112173056,132120576,,,,,,,,2.9555000364780426,,
1791472594.0777316,602712,frontend_frame,361,0,13659,10,8,66586624,125829120,112173056,132120576,,,,,,,,,,
1791472594.4727907,602712,tracking_feedback_accumulate,362,,13659,,,70501376,125829120,112173056,132120576,,,,,,,,2.7759000658988953,,
1791472594.477791,602712,frontend_frame,362,0,13659,10,8,63275520,125829120,112173056,132120576,,,,,,,,,,
1791472594.794638,602712,tracking_feedback_accumulate,363,,13659,,,67354112,125829120,112173056,132120576,,,,,,,,2.7830000035464764,,
1791472594.7986383,602712,frontend_frame,363,0,13659,10,8,66588672,125829120,112173056,132120576,,,,,,,,,,
1791472595.160061,602712,tracking_feedback_accumulate,364,,13659,,,70667264,125829120,112173056,132120576,,,,,,,,2.845300128683448,,
1791472595.1650608,602712,frontend_frame,364,0,13659,10,8,69901824,127926272,112173056,132120576,,,,,,,,,,
1791472595.5107794,602712,tracking_feedback_accumulate,365,,13659,,,67356160,127926272,112173056,132120576,,,,,,,,2.80030001886189,,
1791472595.5147808,602712,frontend_frame,365,0,13659,10,8,66590720,127926272,112173056,132120576,,,,,,,,,,
1791472595.8499496,602712,tracking_feedback_accumulate,366,,13659,,,70505472,127926272,112173056,132120576,,,,,,,,2.9902001842856407,,
1791472595.8539498,602712,frontend_frame,366,0,13659,10,8,69740032,127926272,112173056,132120576,,,,,,,,,,
1791472596.243933,602712,tracking_feedback_accumulate,367,,13659,,,73900544,127926272,113158656,132120576,,,,,,,,2.974600065499544,,
1791472596.2489326,602712,frontend_frame,367,0,13659,10,8,66674688,127926272,113158656,132120576,,,,,,,,,,
1791472596.5696561,602712,tracking_feedback_accumulate,368,,13659,,,70507520,127926272,113158656,132120576,,,,,,,,2.8146998956799507,,
1791472596.5748708,602712,frontend_frame,368,0,13659,10,8,69742080,127926272,113158656,132120576,,,,,,,,,,
1791472596.9740627,602712,tracking_feedback_accumulate,369,,13659,,,73820672,127926272,113160704,132120576,,,,,,,,2.890300005674362,,
1791472596.9790628,602712,frontend_frame,369,0,13659,10,8,73055232,130023424,113160704,132120576,,,,,,,,,,
1791472597.3113453,602712,tracking_feedback_accumulate,370,,13659,,,67443200,130023424,113160704,132120576,,,,,,,,2.7183000929653645,,
1791472597.359424,602712,frontend_frame,370,0,13659,11,8,70673408,130023424,113160704,132120576,,,,,,,,,,
1791472607.6105385,602712,tracking_feedback_accumulate,371,,14077,,,74533888,130023424,114305536,132120576,,,,,,,,2.8593000024557114,,
1791472607.6155381,602712,frontend_frame,371,0,14077,11,8,73863680,130023424,114305536,132120576,,,,,,,,,,
1791472607.8858721,602712,tracking_feedback_accumulate,372,,14077,,,71471104,130023424,114305536,132120576,,,,,,,,3.0984000768512487,,
1791472607.889872,602712,frontend_frame,372,0,14077,11,8,70798336,130023424,114305536,132120576,,,,,,,,,,
1791472608.2381408,602712,tracking_feedback_accumulate,373,,14077,,,74631168,130023424,114426880,132120576,,,,,,,,2.8643999248743057,,
1791472608.2421415,602712,frontend_frame,373,0,14077,11,8,73958400,130023424,114426880,132120576,,,,,,,,,,
1791472608.5930367,602712,tracking_feedback_accumulate,374,,14077,,,78036992,130023424,117750784,132120576,,,,,,,,3.5080998204648495,,
1791472608.599037,602712,frontend_frame,374,0,14077,11,8,67488256,130023424,117750784,132120576,,,,,,,,,,
1791472608.9349096,602712,tracking_feedback_accumulate,375,,14077,,,71403008,130023424,117750784,132120576,,,,,,,,2.937600016593933,,
1791472608.9399092,602712,frontend_frame,375,0,14077,11,8,70730752,130023424,117750784,132120576,,,,,,,,,,
1791472609.32624,602712,tracking_feedback_accumulate,376,,14077,,,74809344,130023424,117750784,132120576,,,,,,,,2.9152000788599253,,
1791472609.3312397,602712,frontend_frame,376,0,14077,11,8,74136576,130023424,117750784,132120576,,,,,,,,,,
1791472609.6844633,602712,tracking_feedback_accumulate,377,,14077,,,68246528,130023424,117750784,132120576,,,,,,,,2.8123001102358103,,
1791472609.6884627,602712,frontend_frame,377,0,14077,11,8,67573760,130023424,117750784,132120576,,,,,,,,,,
1791472610.0396392,602712,tracking_feedback_accumulate,378,,14077,,,71406592,130023424,117750784,132120576,,,,,,,,2.7842000126838684,,
1791472610.0446403,602712,frontend_frame,378,0,14077,11,8,70733824,130023424,117750784,132120576,,,,,,,,,,
1791472610.406207,602712,tracking_feedback_accumulate,379,,14077,,,74812416,130023424,117750784,132120576,,,,,,,,2.836099825799465,,
1791472610.4112074,602712,frontend_frame,379,0,14077,11,8,67493888,130023424,117750784,132120576,,,,,,,,,,
1791472610.6743526,602712,tracking_feedback_accumulate,380,,14077,,,71408640,130023424,117750784,132120576,,,,,,,,3.2028001733124256,,
1791472610.6793537,602712,frontend_frame,380,0,14077,11,8,70735872,83886080,117750784,132120576,,,,,,,,,,
1791472611.034194,602712,tracking_feedback_accumulate,381,,14077,,,74896384,125829120,117750784,132120576,,,,,,,,2.848600037395954,,
1791472611.039194,602712,frontend_frame,381,0,14077,11,8,74223616,127926272,117750784,132120576,,,,,,,,,,
1791472611.3964317,602712,tracking_feedback_accumulate,382,,14077,,,68169728,127926272,117750784,132120576,,,,,,,,2.77339993044734,,
1791472611.4004314,602712,frontend_frame,382,0,14077,11,8,67496960,127926272,117750784,132120576,,,,,,,,,,
1791472611.6624074,602712,tracking_feedback_accumulate,383,,14077,,,71575552,127926272,117750784,132120576,,,,,,,,2.7876999229192734,,
1791472611.6674075,602712,frontend_frame,383,0,14077,11,8,70902784,127926272,117750784,132120576,,,,,,,,,,
1791472611.9401093,602712,tracking_feedback_accumulate,384,,14077,,,74735616,127926272,117750784,132120576,,,,,,,,3.0484998133033514,,
1791472611.9451098,602712,frontend_frame,384,0,14077,11,8,67417088,127926272,117750784,132120576,,,,,,,,,,
1791472612.33285,602712,tracking_feedback_accumulate,385,,14077,,,71495680,127926272,117750784,132120576,,,,,,,,2.853299956768751,,
1791472612.33685,602712,frontend_frame,385,0,14077,11,8,70822912,127926272,117750784,132120576,,,,,,,,,,
1791472612.759252,602712,tracking_feedback_accumulate,386,,14077,,,74901504,127926272,117750784,132120576,,,,,,,,2.7807001024484634,,
1791472612.7642524,602712,frontend_frame,386,0,14077,11,8,67582976,127926272,117750784,132120576,,,,,,,,,,
1791472613.1482782,602712,tracking_feedback_accumulate,387,,14077,,,71415808,127926272,117750784,132120576,,,,,,,,2.811300102621317,,
1791472613.1522775,602712,frontend_frame,387,0,14077,11,8,70743040,127926272,117750784,132120576,,,,,,,,,,
1791472613.4689686,602712,tracking_feedback_accumulate,388,,14077,,,74821632,127926272,117750784,132120576,,,,,,,,2.7585001662373543,,
1791472613.473003,602712,frontend_frame,388,0,14077,11,8,74148864,127926272,117750784,132120576,,,,,,,,,,
1791472613.8126345,602712,tracking_feedback_accumulate,389,,14077,,,71581696,127926272,117750784,132120576,,,,,,,,2.910899929702282,,
1791472613.8176346,602712,frontend_frame,389,0,14077,11,8,70908928,127926272,117750784,132120576,,,,,,,,,,
1791472614.2085166,602712,tracking_feedback_accumulate,390,,14077,,,74823680,127926272,117750784,132120576,,,,,,,,2.95590003952384,,
1791472614.2135167,602712,frontend_frame,390,0,14077,11,8,74150912,106954752,117750784,132120576,,,,,,,,,,
1791472614.598613,602712,tracking_feedback_accumulate,391,,14077,,,78065664,130023424,117861376,132120576,,,,,,,,2.8111999854445457,,
1791472614.6026125,602712,frontend_frame,391,0,14077,11,8,70747136,130023424,117861376,132120576,,,,,,,,,,
1791472614.9679315,602712,tracking_feedback_accumulate,392,,14077,,,74907648,130023424,117861376,132120576,,,,,,,,3.164400113746524,,
1791472614.9729683,602712,frontend_frame,392,0,14077,11,8,74234880,130023424,117861376,132120576,,,,,,,,,,
1791472615.3044496,602712,tracking_feedback_accumulate,393,,14077,,,78149632,130023424,117863424,132120576,,,,,,,,2.827000105753541,,
1791472615.3094482,602712,frontend_frame,393,0,14077,11,8,77476864,130023424,117863424,132120576,,,,,,,,,,
1791472615.689718,602712,tracking_feedback_accumulate,394,,14077,,,71586816,130023424,117863424,132120576,,,,,,,,2.8987000696361065,,
1791472615.6947181,602712,frontend_frame,394,0,14077,11,8,70914048,130023424,117863424,132120576,,,,,,,,,,
1791472616.0268583,602712,tracking_feedback_accumulate,395,,14077,,,74828800,130023424,117863424,132120576,,,,,,,,2.827000105753541,,
1791472616.0313632,602712,frontend_frame,395,0,14077,11,8,74156032,130023424,117863424,132120576,,,,,,,,,,
1791472616.3900125,602712,tracking_feedback_accumulate,396,,14077,,,78234624,130023424,117866496,132120576,,,,,,,,2.900100080296397,,
1791472616.3954923,602712,frontend_frame,396,0,14077,11,8,70916096,130023424,117866496,132120576,,,,,,,,,,
1791472616.7472982,602712,tracking_feedback_accumulate,397,,14077,,,74748928,130023424,117866496,132120576,,,,,,,,3.1840000301599503,,
1791472616.7522984,602712,frontend_frame,397,0,14077,11,8,74076160,130023424,117866496,132120576,,,,,,,,,,
1791472617.1069546,602712,tracking_feedback_accumulate,398,,14077,,,78154752,130023424,117868544,132120576,,,,,,,,2.8514000587165356,,
1791472617.1119542,602712,frontend_frame,398,0,14077,11,8,77481984,130023424,117868544,132120576,,,,,,,,,,
1791472617.5066245,602712,tracking_feedback_accumulate,399,,14077,,,71428096,130023424,117868544,132120576,,,,,,,,2.9281999450176954,,
1791472617.510625,602712,frontend_frame,399,0,14077,11,8,70755328,130023424,117868544,132120576,,,,,,,,,,
1791472617.8097322,602712,tracking_feedback_accumulate,400,,14077,,,74915840,130023424,117868544,132120576,,,,,,,,2.8091000858694315,,
1791472617.8587315,602712,frontend_frame,400,0,14077,12,8,78238720,130023424,117868544,132120576,,,,,,,,,,
1791472628.2306685,602712,tracking_feedback_accumulate,401,,14733,,,75555840,130023424,117868544,132120576,,,,,,,,2.9007999692112207,,
1791472628.2356675,602712,frontend_frame,401,0,14733,12,8,75051008,130023424,117868544,132120576,,,,,,,,,,
1791472628.6041167,602712,tracking_feedback_accumulate,402,,14733,,,78965760,130023424,118227456,132120576,,,,,,,,2.90870014578104,,
1791472628.6081166,602712,frontend_frame,402,0,14733,12,8,78455808,130023424,118227456,132120576,,,,,,,,,,
1791472628.9333851,602712,tracking_feedback_accumulate,403,,14733,,,82616320,130023424,122342912,132120576,,,,,,,,2.850000048056245,,
1791472628.9413848,602712,frontend_frame,403,0,14733,12,8,71812096,130023424,122342912,132120576,,,,,,,,,,
1791472629.337717,602712,tracking_feedback_accumulate,404,,14733,,,75726848,130023424,122342912,132120576,,,,,,,,2.8228999581187963,,
1791472629.3427172,602712,frontend_frame,404,0,14733,12,8,75216896,130023424,122342912,132120576,,,,,,,,,,
1791472629.753501,602712,tracking_feedback_accumulate,405,,14733,,,79295488,130023424,122342912,132120576,,,,,,,,2.802100032567978,,
1791472629.7585003,602712,frontend_frame,405,0,14733,12,8,78786048,130023424,122342912,132120576,,,,,,,,,,
1791472630.1460075,602712,tracking_feedback_accumulate,406,,14733,,,72243712,130023424,122342912,132120576,,,,,,,,2.8888999950140715,,
1791472630.1500072,602712,frontend_frame,406,0,14733,12,8,71733760,130023424,122342912,132120576,,,,,,,,,,
1791472630.4988616,602712,tracking_feedback_accumulate,407,,14733,,,75648512,130023424,122342912,132120576,,,,,,,,2.7701999060809612,,
1791472630.503521,602712,frontend_frame,407,0,14733,12,8,75138560,130023424,122342912,132120576,,,,,,,,,,
1791472630.810679,602712,tracking_feedback_accumulate,408,,14733,,,79217152,130023424,122342912,132120576,,,,,,,,2.9013000894337893,,
1791472630.8156781,602712,frontend_frame,408,0,14733,12,8,71735808,130023424,122342912,132120576,,,,,,,,,,
1791472631.178143,602712,tracking_feedback_accumulate,409,,14733,,,75650560,130023424,122342912,132120576,,,,,,,,2.8165997937321663,,
1791472631.182142,602712,frontend_frame,409,0,14733,12,8,75140608,130023424,122342912,132120576,,,,,,,,,,
1791472631.573728,602712,tracking_feedback_accumulate,410,,14733,,,79301120,130023424,122342912,132120576,,,,,,,,2.9401001520454884,,
1791472631.5797312,602712,frontend_frame,410,0,14733,12,8,71819776,106954752,122342912,132120576,,,,,,,,,,
1791472631.9699667,602712,tracking_feedback_accumulate,411,,14733,,,75652608,127926272,122342912,132120576,,,,,,,,2.818400040268898,,
1791472631.9749668,602712,frontend_frame,411,0,14733,12,8,75142656,127926272,122342912,132120576,,,,,,,,,,
1791472632.311275,602712,tracking_feedback_accumulate,412,,14733,,,79303168,127926272,122342912,132120576,,,,,,,,2.7167999651283026,,
1791472632.3152747,602712,frontend_frame,412,0,14733,12,8,78793216,127926272,122342912,132120576,,,,,,,,,,
1791472632.7176118,602712,tracking_feedback_accumulate,413,,14733,,,75654656,127926272,122342912,132120576,,,,,,,,2.839999971911311,,
1791472632.7226117,602712,frontend_frame,413,0,14733,12,8,75144704,127926272,122342912,132120576,,,,,,,,,,
1791472633.0753882,602712,tracking_feedback_accumulate,414,,14733,,,79223296,127926272,122342912,132120576,,,,,,,,3.1817001290619373,,
1791472633.0803905,602712,frontend_frame,414,0,14733,12,8,78713344,127926272,122342912,132120576,,,,,,,,,,
1791472633.4267142,602712,tracking_feedback_accumulate,415,,14733,,,82628096,130023424,122342912,132120576,,,,,,,,2.778999973088503,,
1791472633.431714,602712,frontend_frame,415,0,14733,12,8,75146752,130023424,122342912,132120576,,,,,,,,,,
1791472633.814793,602712,tracking_feedback_accumulate,416,,14733,,,79307264,130023424,122342912,132120576,,,,,,,,3.2282001338899136,,
1791472633.8197944,602712,frontend_frame,416,0,14733,12,8,78797312,130023424,122342912,132120576,,,,,,,,,,
1791472634.2101173,602712,tracking_feedback_accumulate,417,,14733,,,82712064,130023424,122520576,132120576,,,,,,,,3.0519000720232725,,
1791472634.2151172,602712,frontend_frame,417,0,14733,12,8,82202112,132120576,122520576,132120576,,,,,,,,,,
1791472634.573575,602712,tracking_feedback_accumulate,418,,14733,,,75659776,132120576,122520576,132120576,,,,,,,,3.1657000072300434,,
1791472634.5785747,602712,frontend_frame,418,0,14733,12,8,75149824,132120576,122520576,132120576,,,,,,,,,,
1791472634.9839337,602712,tracking_feedback_accumulate,419,,14733,,,79310336,132120576,122520576,132120576,,,,,,,,2.931899856775999,,
1791472635.033493,602712,frontend_frame,419,0,14733,13,8,82796032,132120576,122520576,132120576,,,,,,,,,,
1791472645.3708944,602712,tracking_feedback_accumulate,420,,15334,,,79779328,153092096,122520576,153092096,,,,,,,,2.897599944844842,,
1791472645.375894,602712,frontend_frame,420,0,15334,13,8,79412736,106954752,122520576,153092096,,,,,,,,,,
1791472645.747975,602712,tracking_feedback_accumulate,421,,15334,,,83327488,148897792,123266048,153092096,,,,,,,,2.853299956768751,,
1791472645.752977,602712,frontend_frame,421,0,15334,13,8,82956800,150994944,123266048,153092096,,,,,,,,,,
1791472646.059787,602712,tracking_feedback_accumulate,422,,15334,,,87035392,153092096,126892032,153092096,,,,,,,,2.823400078341365,,
1791472646.065786,602712,frontend_frame,422,0,15334,13,8,79414784,153092096,126892032,153092096,,,,,,,,,,
1791472646.4014218,602712,tracking_feedback_accumulate,423,,15334,,,83411456,153092096,126892032,153092096,,,,,,,,2.851800061762333,,
1791472646.4055238,602712,frontend_frame,423,0,15334,13,8,83040768,153092096,126892032,153092096,,,,,,,,,,
1791472646.739049,602712,tracking_feedback_accumulate,424,,15334,,,87201280,153092096,126894080,153092096,,,,,,,,2.7574000414460897,,
1791472646.7430487,602712,frontend_frame,424,0,15334,13,8,86831104,153092096,126894080,153092096,,,,,,,,,,
1791472647.1141477,602712,tracking_feedback_accumulate,425,,15334,,,79707136,153092096,126894080,153092096,,,,,,,,2.8150000143796206,,
1791472647.1191475,602712,frontend_frame,425,0,15334,13,8,79336448,153092096,126894080,153092096,,,,,,,,,,
1791472647.4958272,602712,tracking_feedback_accumulate,426,,15334,,,83496960,153092096,126894080,153092096,,,,,,,,2.8050001710653305,,
1791472647.4998295,602712,frontend_frame,426,0,15334,13,8,83126272,153092096,126894080,153092096,,,,,,,,,,
1791472647.8549354,602712,tracking_feedback_accumulate,427,,15334,,,86959104,153092096,126897664,153092096,,,,,,,,2.9217000119388103,,
1791472647.860936,602712,frontend_frame,427,0,15334,13,8,79338496,153092096,126897664,153092096,,,,,,,,,,
1791472648.2145398,602712,tracking_feedback_accumulate,428,,15334,,,83335168,153092096,126897664,153092096,,,,,,,,2.818299923092127,,
1791472648.2195396,602712,frontend_frame,428,0,15334,13,8,82964480,153092096,126897664,153092096,,,,,,,,,,
1791472648.549904,602712,tracking_feedback_accumulate,429,,15334,,,87124992,153092096,126899712,153092096,,,,,,,,2.8693999629467726,,
1791472648.5549042,602712,frontend_frame,429,0,15334,13,8,86754304,155189248,126899712,155189248,,,,,,,,,,
1791472648.8969257,602712,tracking_feedback_accumulate,430,,15334,,,79794176,155189248,126899712,155189248,,,,,,,,2.8387000784277916,,
1791472648.9019258,602712,frontend_frame,430,0,15334,13,8,79423488,106954752,126899712,155189248,,,,,,,,,,
1791472649.3032217,602712,tracking_feedback_accumulate,431,,15334,,,83420160,148897792,126899712,155189248,,,,,,,,2.757699927315116,,
1791472649.308222,602712,frontend_frame,431,0,15334,13,8,83049472,150994944,126899712,155189248,,,,,,,,,,
1791472649.6725705,602712,tracking_feedback_accumulate,432,,15334,,,76228608,153092096,126899712,155189248,,,,,,,,2.8597998898476362,,
1791472649.6765707,602712,frontend_frame,432,0,15334,13,8,75857920,153092096,126899712,155189248,,,,,,,,,,
1791472650.0696132,602712,tracking_feedback_accumulate,433,,15334,,,80018432,153092096,126899712,155189248,,,,,,,,2.795899985358119,,
1791472650.0746133,602712,frontend_frame,433,0,15334,13,8,79647744,153092096,126899712,155189248,,,,,,,,,,
1791472650.477251,602712,tracking_feedback_accumulate,434,,15334,,,83480576,153092096,126899712,155189248,,,,,,,,2.8701000846922398,,
1791472650.4822545,602712,frontend_frame,434,0,15334,13,8,75859968,153092096,126899712,155189248,,,,,,,,,,
1791472650.8532426,602712,tracking_feedback_accumulate,435,,15334,,,80020480,153092096,126899712,155189248,,,,,,,,2.9042998794466257,,
1791472650.858242,602712,frontend_frame,435,0,15334,13,8,79649792,153092096,126899712,155189248,,,,,,,,,,
1791472651.2361717,602712,tracking_feedback_accumulate,436,,15334,,,83482624,153092096,126899712,155189248,,,,,,,,2.771700033918023,,
1791472651.2411728,602712,frontend_frame,436,0,15334,13,8,83111936,153092096,126899712,155189248,,,,,,,,,,
1791472651.6323001,602712,tracking_feedback_accumulate,437,,15334,,,76315648,153092096,126899712,155189248,,,,,,,,2.9671001248061657,,
1791472651.636299,602712,frontend_frame,437,0,15334,13,8,75944960,153092096,126899712,155189248,,,,,,,,,,
1791472651.9827929,602712,tracking_feedback_accumulate,438,,15334,,,79941632,153092096,126899712,155189248,,,,,,,,2.9368000105023384,,
1791472651.9877937,602712,frontend_frame,438,0,15334,13,8,79570944,153092096,126899712,155189248,,,,,,,,,,
1791472652.3364413,602712,tracking_feedback_accumulate,439,,15334,,,83731456,153092096,126899712,155189248,,,,,,,,2.904399996623397,,
1791472652.3424416,602712,frontend_frame,439,0,15334,13,8,76110848,153092096,126899712,155189248,,,,,,,,,,
1791472652.6905034,602712,tracking_feedback_accumulate,440,,15334,,,79861760,153092096,126899712,155189248,,,,,,,,5.652699852362275,,
1791472652.6995049,602712,frontend_frame,440,0,15334,13,8,79491072,104857600,126899712,155189248,,,,,,,,,,
1791472653.0857875,602712,tracking_feedback_accumulate,441,,15334,,,83651584,148897792,126899712,155189248,,,,,,,,2.900900086387992,,
1791472653.1358132,602712,frontend_frame,441,0,15334,14,8,87276544,150994944,126899712,155189248,,,,,,,,,,
1791472663.5626788,602712,tracking_feedback_accumulate,442,,16037,,,80283136,150994944,126899712,155189248,,,,,,,,2.6233000680804253,,
1791472663.5666788,602712,frontend_frame,442,0,16037,14,8,80082432,150994944,126899712,155189248,,,,,,,,,,
1791472664.017846,602712,tracking_feedback_accumulate,443,,16037,,,84161024,150994944,126899712,155189248,,,,,,,,3.071199869737029,,
1791472664.0218475,602712,frontend_frame,443,0,16037,14,8,83955200,150994944,126899712,155189248,,,,,,,,,,
1791472664.4633062,602712,tracking_feedback_accumulate,444,,16037,,,80372224,150994944,126899712,155189248,,,,,,,,2.7602999471127987,,
1791472664.4683073,602712,frontend_frame,444,0,16037,14,8,80166400,150994944,126899712,155189248,,,,,,,,,,
1791472664.842755,602712,tracking_feedback_accumulate,445,,16037,,,84163072,150994944,126899712,155189248,,,,,,,,2.8355999384075403,,
1791472664.846755,602712,frontend_frame,445,0,16037,14,8,83957248,150994944,126899712,155189248,,,,,,,,,,
1791472665.2415416,602712,tracking_feedback_accumulate,446,,16037,,,87872000,150994944,127941120,155189248,,,,,,,,2.8244999703019857,,
1791472665.2465427,602712,frontend_frame,446,0,16037,14,8,80087040,150994944,127941120,155189248,,,,,,,,,,
1791472665.5564892,602712,tracking_feedback_accumulate,447,,16037,,,84165632,150994944,127941120,155189248,,,,,,,,2.8476000297814608,,
1791472665.5614898,602712,frontend_frame,447,0,16037,14,8,83959808,150994944,127941120,155189248,,,,,,,,,,
1791472665.945881,602712,tracking_feedback_accumulate,448,,16037,,,87874560,150994944,127943680,155189248,,,,,,,,2.8237998485565186,,
1791472665.9498794,602712,frontend_frame,448,0,16037,14,8,87668736,150994944,127943680,155189248,,,,,,,,,,
1791472666.1879146,602712,tracking_feedback_accumulate,449,,16037,,,80377856,150994944,127943680,155189248,,,,,,,,2.826099982485175,,
1791472666.1929142,602712,frontend_frame,449,0,16037,14,8,80172032,150994944,127943680,155189248,,,,,,,,,,
1791472666.5506923,602712,tracking_feedback_accumulate,450,,16037,,,84168704,150994944,127943680,155189248,,,,,,,,2.8879998717457056,,
1791472666.555692,602712,frontend_frame,450,0,16037,14,8,83962880,104857600,127943680,155189248,,,,,,,,,,
1791472666.884064,602712,tracking_feedback_accumulate,451,,16037,,,87877632,150994944,127946752,155189248,,,,,,,,2.9156000819057226,,
1791472666.8890631,602712,frontend_frame,451,0,16037,14,8,80092160,150994944,127946752,155189248,,,,,,,,,,
1791472667.2329993,602712,tracking_feedback_accumulate,452,,16037,,,84170752,150994944,127946752,155189248,,,,,,,,2.7982001192867756,,
1791472667.2369995,602712,frontend_frame,452,0,16037,14,8,83964928,150994944,127946752,155189248,,,,,,,,,,
1791472667.5607572,602712,tracking_feedback_accumulate,453,,16037,,,87961600,150994944,127948800,155189248,,,,,,,,2.930199960246682,,
1791472667.565757,602712,frontend_frame,453,0,16037,14,8,87755776,150994944,127948800,155189248,,,,,,,,,,
1791472667.9053195,602712,tracking_feedback_accumulate,454,,16037,,,80301056,150994944,127948800,155189248,,,,,,,,2.845600014552474,,
1791472667.9093194,602712,frontend_frame,454,0,16037,14,8,80095232,150994944,127948800,155189248,,,,,,,,,,
1791472668.2723782,602712,tracking_feedback_accumulate,455,,16037,,,84173824,150994944,127948800,155189248,,,,,,,,2.705800114199519,,
1791472668.2763774,602712,frontend_frame,455,0,16037,14,8,83968000,150994944,127948800,155189248,,,,,,,,,,
1791472668.5865943,602712,tracking_feedback_accumulate,456,,16037,,,80385024,150994944,127948800,155189248,,,,,,,,2.8381000738590956,,
1791472668.5915942,602712,frontend_frame,456,0,16037,14,8,80179200,150994944,127948800,155189248,,,,,,,,,,
1791472668.9805977,602712,tracking_feedback_accumulate,457,,16037,,,84093952,150994944,127948800,155189248,,,,,,,,2.7993000112473965,,
1791472668.9855971,602712,frontend_frame,457,0,16037,14,8,83888128,150994944,127948800,155189248,,,,,,,,,,
1791472669.3720233,602712,tracking_feedback_accumulate,458,,16037,,,87966720,150994944,127953920,155189248,,,,,,,,3.101699985563755,,
1791472669.422026,602712,frontend_frame,458,0,16037,15,8,84176896,150994944,127953920,155189248,,,,,,,,,,
1791472679.9423018,602712,tracking_feedback_accumulate,459,,16532,,,88209408,150994944,128214528,155189248,,,,,,,,2.7885001618415117,,
1791472679.9483025,602712,frontend_frame,459,0,16532,15,8,88125952,150994944,128214528,155189248,,,,,,,,,,
1791472680.300514,602712,tracking_feedback_accumulate,460,,16532,,,92040704,150994944,132158976,155189248,,,,,,,,2.843800000846386,,
1791472680.306514,602712,frontend_frame,460,0,16532,15,8,91953664,109051904,132158976,155189248,,,,,,,,,,
1791472680.6440868,602712,tracking_feedback_accumulate,461,,16532,,,84425216,150994944,132158976,155189248,,,,,,,,2.8341999277472496,,
1791472680.6490872,602712,frontend_frame,461,0,16532,15,8,84338176,150994944,132158976,155189248,,,,,,,,,,
1791472680.9723775,602712,tracking_feedback_accumulate,462,,16532,,,88334848,150994944,132158976,155189248,,,,,,,,2.9595999512821436,,
1791472680.9773788,602712,frontend_frame,462,0,16532,15,8,88247808,150994944,132158976,155189248,,,,,,,,,,
1791472681.3432796,602712,tracking_feedback_accumulate,463,,16532,,,92244480,150994944,132280832,155189248,,,,,,,,2.745100064203143,,
1791472681.348279,602712,frontend_frame,463,0,16532,15,8,84340736,150994944,132280832,155189248,,,,,,,,,,
1791472681.700193,602712,tracking_feedback_accumulate,464,,16532,,,88255488,150994944,132280832,155189248,,,,,,,,2.8848000802099705,,
1791472681.705193,602712,frontend_frame,464,0,16532,15,8,88168448,150994944,132280832,155189248,,,,,,,,,,
1791472682.1003146,602712,tracking_feedback_accumulate,465,,16532,,,92247040,150994944,132283392,155189248,,,,,,,,2.891700016334653,,
1791472682.1043148,602712,frontend_frame,465,0,16532,15,8,92160000,153092096,132283392,155189248,,,,,,,,,,
1791472682.5032103,602712,tracking_feedback_accumulate,466,,16532,,,84348928,153092096,132283392,155189248,,,,,,,,2.9026998672634363,,
1791472682.508211,602712,frontend_frame,466,0,16532,15,8,84261888,153092096,132283392,155189248,,,,,,,,,,
1791472682.9259887,602712,tracking_feedback_accumulate,467,,16532,,,88340480,153092096,132283392,155189248,,,,,,,,3.1694001518189907,,
1791472682.9309883,602712,frontend_frame,467,0,16532,15,8,88253440,153092096,132283392,155189248,,,,,,,,,,
1791472683.2342696,602712,tracking_feedback_accumulate,468,,16532,,,84350976,153092096,132283392,155189248,,,,,,,,2.7902000583708286,,
1791472683.2392685,602712,frontend_frame,468,0,16532,15,8,84263936,153092096,132283392,155189248,,,,,,,,,,
1791472683.6346166,602712,tracking_feedback_accumulate,469,,16532,,,88342528,153092096,132283392,155189248,,,,,,,,2.8105999808758497,,
1791472683.63974,602712,frontend_frame,469,0,16532,15,8,88255488,153092096,132283392,155189248,,,,,,,,,,
1791472684.068634,602712,tracking_feedback_accumulate,470,,16532,,,92170240,153092096,132288512,155189248,,,,,,,,2.7695000171661377,,
1791472684.0746346,602712,frontend_frame,470,0,16532,15,8,84265984,106954752,132288512,155189248,,,,,,,,,,
1791472684.498462,602712,tracking_feedback_accumulate,471,,16532,,,88344576,148897792,132288512,155189248,,,,,,,,2.8624001424759626,,
1791472684.5030158,602712,frontend_frame,471,0,16532,15,8,88257536,148897792,132288512,155189248,,,,,,,,,,
1791472684.837701,602712,tracking_feedback_accumulate,472,,16532,,,92172288,150994944,132290560,155189248,,,,,,,,2.891100011765957,,
1791472684.8427427,602712,frontend_frame,472,0,16532,15,8,92085248,153092096,132290560,155189248,,,,,,,,,,
1791472685.2507966,602712,tracking_feedback_accumulate,473,,16532,,,84438016,153092096,132290560,155189248,,,,,,,,2.8520000632852316,,
1791472685.2997966,602712,frontend_frame,473,0,16532,16,8,88346624,153092096,132290560,155189248,,,,,,,,,,
1791472695.7944443,602712,tracking_feedback_accumulate,474,,16945,,,92291072,153092096,132424192,155189248,,,,,,,,2.8987000696361065,,
1791472695.799041,602712,frontend_frame,474,0,16945,16,8,92305408,153092096,132424192,155189248,,,,,,,,,,
1791472696.2299352,602712,tracking_feedback_accumulate,475,,16945,,,88467968,153092096,132424192,155189248,,,,,,,,2.807500073686242,,
1791472696.2345695,602712,frontend_frame,475,0,16945,16,8,88479744,153092096,132424192,155189248,,,,,,,,,,
1791472696.589703,602712,tracking_feedback_accumulate,476,,16945,,,92476416,153092096,132553728,155189248,,,,,,,,2.8962998185306787,,
1791472696.5942967,602712,frontend_frame,476,0,16945,16,8,92488192,153092096,132553728,155189248,,,,,,,,,,
1791472696.930697,602712,tracking_feedback_accumulate,477,,16945,,,96484864,153092096,136562176,155189248,,,,,,,,2.930500078946352,,
1791472696.936845,602712,frontend_frame,477,0,16945,16,8,88481792,153092096,136562176,155189248,,,,,,,,,,
1791472697.316154,602712,tracking_feedback_accumulate,478,,16945,,,92396544,153092096,136562176,155189248,,,,,,,,2.885200083255768,,
1791472697.3207717,602712,frontend_frame,478,0,16945,16,8,92408832,153092096,136562176,155189248,,,,,,,,,,
1791472697.7712457,602712,tracking_feedback_accumulate,479,,16945,,,96487424,153092096,136564736,155189248,,,,,,,,2.8070001862943172,,
1791472697.776247,602712,frontend_frame,479,0,16945,16,8,96499200,153092096,136564736,155189248,,,,,,,,,,
1791472698.2039547,602712,tracking_feedback_accumulate,480,,16945,,,88391680,153092096,136564736,155189248,,,,,,,,2.870700089260936,,
1791472698.208955,602712,frontend_frame,480,0,16945,16,8,88403456,125829120,136564736,155189248,,,,,,,,,,
1791472698.6881862,602712,tracking_feedback_accumulate,481,,16945,,,92482048,148897792,136564736,155189248,,,,,,,,2.8540000785142183,,
1791472698.692186,602712,frontend_frame,481,0,16945,16,8,92493824,148897792,136564736,155189248,,,,,,,,,,
1791472698.9944286,602712,tracking_feedback_accumulate,482,,16945,,,96408576,153092096,136567808,155189248,,,,,,,,2.7888999320566654,,
1791472698.9994285,602712,frontend_frame,482,0,16945,16,8,88405504,153092096,136567808,155189248,,,,,,,,,,
1791472699.3726242,602712,tracking_feedback_accumulate,483,,16945,,,92484096,153092096,136567808,155189248,,,,,,,,2.9002998489886522,,
1791472699.377625,602712,frontend_frame,483,0,16945,16,8,92495872,153092096,136567808,155189248,,,,,,,,,,
1791472699.6880536,602712,tracking_feedback_accumulate,484,,16945,,,96492544,153092096,136569856,155189248,,,,,,,,2.7863001450896263,,
1791472699.6930532,602712,frontend_frame,484,0,16945,16,8,96504320,153092096,136569856,155189248,,,,,,,,,,
1791472700.042798,602712,tracking_feedback_accumulate,485,,16945,,,88396800,153092096,136569856,155189248,,,,,,,,2.846699906513095,,
1791472700.047798,602712,frontend_frame,485,0,16945,16,8,88408576,153092096,136569856,155189248,,,,,,,,,,
1791472700.3808548,602712,tracking_feedback_accumulate,486,,16945,,,92487168,153092096,136569856,155189248,,,,,,,,2.805700059980154,,
1791472700.429856,602712,frontend_frame,486,0,16945,17,8,96494592,153092096,136569856,155189248,,,,,,,,,,
1791472710.9402742,602712,tracking_feedback_accumulate,487,,17610,,,92520448,153092096,136569856,155189248,,,,,,,,2.87580001167953,,
1791472710.9452748,602712,frontend_frame,487,0,17610,17,8,92690432,153092096,136569856,155189248,,,,,,,,,,
1791472711.2836947,602712,tracking_feedback_accumulate,488,,17610,,,96687104,153092096,136826880,155189248,,,,,,,,2.9265000484883785,,
1791472711.2886949,602712,frontend_frame,488,0,17610,17,8,96851968,153092096,136826880,155189248,,,,,,,,,,
1791472711.653919,602712,tracking_feedback_accumulate,489,,17610,,,100848640,153092096,140988416,155189248,,,,,,,,2.9176000971347094,,
1791472711.659919,602712,frontend_frame,489,0,17610,17,8,92692480,153092096,140988416,155189248,,,,,,,,,,
1791472711.9857154,602712,tracking_feedback_accumulate,490,,17610,,,96607232,153092096,140988416,155189248,,,,,,,,2.884899964556098,,
1791472711.991715,602712,frontend_frame,490,0,17610,17,8,96772096,127926272,140988416,155189248,,,,,,,,,,
1791472712.4049819,602712,tracking_feedback_accumulate,491,,17610,,,100850688,153092096,140990464,155189248,,,,,,,,2.777300076559186,,
1791472712.4099827,602712,frontend_frame,491,0,17610,17,8,101016064,153092096,140990464,155189248,,,,,,,,,,
1791472712.7817779,602712,tracking_feedback_accumulate,492,,17610,,,92449280,153092096,140990464,155189248,,,,,,,,3.1077000312507153,,
1791472712.786778,602712,frontend_frame,492,0,17610,17,8,92614144,153092096,140990464,155189248,,,,,,,,,,
1791472713.172925,602712,tracking_feedback_accumulate,493,,17610,,,96692736,153092096,140990464,155189248,,,,,,,,2.8357000555843115,,
1791472713.1774306,602712,frontend_frame,493,0,17610,17,8,96857600,153092096,140990464,155189248,,,,,,,,,,
1791472713.5689967,602712,tracking_feedback_accumulate,494,,17610,,,100854272,153092096,140994048,155189248,,,,,,,,2.849699929356575,,
1791472713.5739963,602712,frontend_frame,494,0,17610,17,8,92698112,153092096,140994048,155189248,,,,,,,,,,
1791472713.9635863,602712,tracking_feedback_accumulate,495,,17610,,,96612864,153092096,140994048,155189248,,,,,,,,3.1794998794794083,,
1791472713.968184,602712,frontend_frame,495,0,17610,17,8,96777728,153092096,140994048,155189248,,,,,,,,,,
1791472714.3004403,602712,tracking_feedback_accumulate,496,,17610,,,100856320,153092096,140996096,155189248,,,,,,,,2.8874001000076532,,
1791472714.3051324,602712,frontend_frame,496,0,17610,17,8,101021184,155189248,140996096,155189248,,,,,,,,,,
1791472714.671872,602712,tracking_feedback_accumulate,497,,17610,,,92454400,155189248,140996096,155189248,,,,,,,,2.892900025472045,,
1791472714.6764596,602712,frontend_frame,497,0,17610,17,8,92619264,155189248,140996096,155189248,,,,,,,,,,
1791472715.0524735,602712,tracking_feedback_accumulate,498,,17610,,,96697856,155189248,140996096,155189248,,,,,,,,2.8361999429762363,,
1791472715.0573714,602712,frontend_frame,498,0,17610,17,8,96862720,155189248,140996096,155189248,,,,,,,,,,
1791472715.432529,602712,tracking_feedback_accumulate,499,,17610,,,92456448,155189248,140996096,155189248,,,,,,,,2.9142999555915594,,
1791472715.4372904,602712,frontend_frame,499,0,17610,17,8,92621312,155189248,140996096,155189248,,,,,,,,,,
1791472715.808898,602712,tracking_feedback_accumulate,500,,17610,,,96699904,155189248,140996096,155189248,,,,,,,,2.8449001256376505,,
1791472715.813498,602712,frontend_frame,500,0,17610,17,8,96864768,127926272,140996096,155189248,,,,,,,,,,
1791472716.2133465,602712,tracking_feedback_accumulate,501,,17610,,,100779520,153092096,141001216,155189248,,,,,,,,2.8591000009328127,,
1791472716.2668555,602712,frontend_frame,501,0,17610,18,8,96619008,153092096,141001216,155189248,,,,,,,,,,
1791472726.7965174,602712,tracking_feedback_accumulate,502,,18269,,,100743680,174063616,141001216,174063616,,,,,,,,2.7968999929726124,,
1791472726.8005173,602712,frontend_frame,502,0,18269,18,8,101070336,174063616,141001216,174063616,,,,,,,,,,
1791472727.2835073,602712,tracking_feedback_accumulate,503,,18269,,,104985088,176160768,145272320,176160768,,,,,,,,2.878400031477213,,
1791472727.2885082,602712,frontend_frame,503,0,18269,18,8,105307136,176160768,145272320,176160768,,,,,,,,,,
1791472727.6710231,602712,tracking_feedback_accumulate,504,,18269,,,96589824,176160768,145272320,176160768,,,,,,,,2.925100037828088,,
1791472727.6760232,602712,frontend_frame,504,0,18269,18,8,96911872,176160768,145272320,176160768,,,,,,,,,,
1791472728.0730999,602712,tracking_feedback_accumulate,505,,18269,,,100908544,176160768,145272320,176160768,,,,,,,,2.717799972742796,,
1791472728.0771015,602712,frontend_frame,505,0,18269,18,8,101230592,176160768,145272320,176160768,,,,,,,,,,
1791472728.4556775,602712,tracking_feedback_accumulate,506,,18269,,,96591872,176160768,145272320,176160768,,,,,,,,2.912099938839674,,
1791472728.4596767,602712,frontend_frame,506,0,18269,18,8,96914432,176160768,145272320,176160768,,,,,,,,,,
1791472728.8713999,602712,tracking_feedback_accumulate,507,,18269,,,100911104,176160768,145272320,176160768,,,,,,,,3.1217001378536224,,
1791472728.8764007,602712,frontend_frame,507,0,18269,18,8,101233152,176160768,145272320,176160768,,,,,,,,,,
1791472729.1946385,602712,tracking_feedback_accumulate,508,,18269,,,105229824,176160768,145353216,176160768,,,,,,,,2.882900182157755,,
1791472729.1996384,602712,frontend_frame,508,0,18269,18,8,96916480,176160768,145353216,176160768,,,,,,,,,,
1791472729.5688093,602712,tracking_feedback_accumulate,509,,18269,,,100831232,176160768,145353216,176160768,,,,,,,,2.8927000239491463,,
1791472729.573809,602712,frontend_frame,509,0,18269,18,8,101153280,176160768,145353216,176160768,,,,,,,,,,
1791472729.9165025,602712,tracking_feedback_accumulate,510,,18269,,,105231872,176160768,145437184,176160768,,,,,,,,2.887000096961856,,
1791472729.9215033,602712,frontend_frame,510,0,18269,18,8,105553920,134217728,145437184,176160768,,,,,,,,,,
1791472730.3274572,602712,tracking_feedback_accumulate,511,,18269,,,96597504,176160768,145437184,176160768,,,,,,,,2.9085001442581415,,
1791472730.3324564,602712,frontend_frame,511,0,18269,18,8,96919552,176160768,145437184,176160768,,,,,,,,,,
1791472730.643597,602712,tracking_feedback_accumulate,512,,18269,,,100916224,176160768,145437184,176160768,,,,,,,,2.775199944153428,,
1791472730.6485972,602712,frontend_frame,512,0,18269,18,8,101238272,176160768,145437184,176160768,,,,,,,,,,
1791472730.9939861,602712,tracking_feedback_accumulate,513,,18269,,,105234944,176160768,145440256,176160768,,,,,,,,2.822999842464924,,
1791472730.9989862,602712,frontend_frame,513,0,18269,18,8,96921600,176160768,145440256,176160768,,,,,,,,,,
1791472731.3427484,602712,tracking_feedback_accumulate,514,,18269,,,100836352,176160768,145440256,176160768,,,,,,,,2.9238001443445683,,
1791472731.3477485,602712,frontend_frame,514,0,18269,18,8,101158400,176160768,145440256,176160768,,,,,,,,,,
1791472731.6769116,602712,tracking_feedback_accumulate,515,,18269,,,105236992,176160768,145442304,176160768,,,,,,,,3.1550999265164137,,
1791472731.682414,602712,frontend_frame,515,0,18269,18,8,105559040,176160768,145442304,176160768,,,,,,,,,,
1791472732.021156,602712,tracking_feedback_accumulate,516,,18269,,,96520704,176160768,145442304,176160768,,,,,,,,2.890300005674362,,
1791472732.025156,602712,frontend_frame,516,0,18269,18,8,96842752,176160768,145442304,176160768,,,,,,,,,,
1791472732.368235,602712,tracking_feedback_accumulate,517,,18269,,,100921344,176160768,145442304,176160768,,,,,,,,2.901799976825714,,
1791472732.372238,602712,frontend_frame,517,0,18269,18,8,101243392,176160768,145442304,176160768,,,,,,,,,,
1791472732.7342894,602712,tracking_feedback_accumulate,518,,18269,,,105158144,176160768,145445376,176160768,,,,,,,,2.9662000015378,,
1791472732.7402892,602712,frontend_frame,518,0,18269,18,8,96844800,176160768,145445376,176160768,,,,,,,,,,
1791472733.0759914,602712,tracking_feedback_accumulate,519,,18269,,,100923392,176160768,145445376,176160768,,,,,,,,3.0399998649954796,,
1791472733.0809906,602712,frontend_frame,519,0,18269,18,8,101245440,176160768,145445376,176160768,,,,,,,,,,
1791472733.470103,602712,tracking_feedback_accumulate,520,,18269,,,105160192,176160768,145445376,176160768,,,,,,,,2.833500038832426,,
1791472733.5197337,602712,frontend_frame,520,0,18269,19,8,100842496,176160768,145445376,176160768,,,,,,,,,,
1791472744.0366633,602712,tracking_feedback_accumulate,521,,18853,,,104961024,176160768,146497536,176160768,,,,,,,,2.8778999112546444,,
1791472744.0422058,602712,frontend_frame,521,0,18853,19,8,105423872,176160768,146497536,176160768,,,,,,,,,,
1791472744.3613217,602712,tracking_feedback_accumulate,522,,18853,,,109338624,176160768,150991360,176160768,,,,,,,,2.8433999978005886,,
1791472744.366323,602712,frontend_frame,522,0,18853,19,8,109797376,176160768,150991360,176160768,,,,,,,,,,
1791472744.7175674,602712,tracking_feedback_accumulate,523,,18853,,,104967168,176160768,150991360,176160768,,,,,,,,2.8019000310450792,,
1791472744.7255688,602712,frontend_frame,523,0,18853,19,8,105425920,176160768,150991360,176160768,,,,,,,,,,
1791472745.0868976,602712,tracking_feedback_accumulate,524,,18853,,,109422592,176160768,150993408,176160768,,,,,,,,2.899500075727701,,
1791472745.0908968,602712,frontend_frame,524,0,18853,19,8,109881344,176160768,150993408,176160768,,,,,,,,,,
1791472745.4740438,602712,tracking_feedback_accumulate,525,,18853,,,113796096,180355072,155448832,180355072,,,,,,,,2.887000096961856,,
1791472745.479043,602712,frontend_frame,525,0,18853,19,8,105346560,180355072,155448832,180355072,,,,,,,,,,
1791472745.814189,602712,tracking_feedback_accumulate,526,,18853,,,109425152,180355072,155448832,180355072,,,,,,,,2.8798000421375036,,
1791472745.8181906,602712,frontend_frame,526,0,18853,19,8,109883904,180355072,155448832,180355072,,,,,,,,,,
1791472746.130265,602712,tracking_feedback_accumulate,527,,18853,,,113880576,180355072,155451392,180355072,,,,,,,,2.804199932143092,,
1791472746.1362655,602712,frontend_frame,527,0,18853,19,8,105430528,180355072,155451392,180355072,,,,,,,,,,
1791472746.570863,602712,tracking_feedback_accumulate,528,,18853,,,109345280,180355072,155451392,180355072,,,,,,,,2.872900106012821,,
1791472746.5748637,602712,frontend_frame,528,0,18853,19,8,109804032,180355072,155451392,180355072,,,,,,,,,,
1791472746.939328,602712,tracking_feedback_accumulate,529,,18853,,,113882624,180355072,155453440,180355072,,,,,,,,2.9189998749643564,,
1791472746.9443276,602712,frontend_frame,529,0,18853,19,8,114341376,182452224,155453440,182452224,,,,,,,,,,
1791472747.3196263,602712,tracking_feedback_accumulate,530,,18853,,,109429248,182452224,155453440,182452224,,,,,,,,2.890900010243058,,
1791472747.325627,602712,frontend_frame,530,0,18853,19,8,109888000,136314880,155453440,182452224,,,,,,,,,,
1791472747.651725,602712,tracking_feedback_accumulate,531,,18853,,,113802752,180355072,155455488,182452224,,,,,,,,2.8319000266492367,,
1791472747.6567254,602712,frontend_frame,531,0,18853,19,8,114261504,182452224,155455488,182452224,,,,,,,,,,
1791472748.0189037,602712,tracking_feedback_accumulate,532,,18853,,,118340096,184549376,159910912,184549376,,,,,,,,3.0353001784533262,,
1791472748.0239046,602712,frontend_frame,532,0,18853,19,8,109890048,184549376,159910912,184549376,,,,,,,,,,
1791472748.4075246,602712,tracking_feedback_accumulate,533,,18853,,,113804800,184549376,159910912,184549376,,,,,,,,2.850400051102042,,
1791472748.412526,602712,frontend_frame,533,0,18853,19,8,114263552,184549376,159910912,184549376,,,,,,,,,,
1791472748.6875913,602712,tracking_feedback_accumulate,534,,18853,,,118342144,184549376,159912960,184549376,,,,,,,,2.9412000440061092,,
1791472748.692591,602712,frontend_frame,534,0,18853,19,8,118800896,186646528,159912960,186646528,,,,,,,,,,
1791472748.9596467,602712,tracking_feedback_accumulate,535,,18853,,,109352448,186646528,159912960,186646528,,,,,,,,2.8721000999212265,,
1791472748.9646468,602712,frontend_frame,535,0,18853,19,8,109811200,186646528,159912960,186646528,,,,,,,,,,
1791472749.3437092,602712,tracking_feedback_accumulate,536,,18853,,,113889792,186646528,159912960,186646528,,,,,,,,2.8438998851925135,,
1791472749.3487089,602712,frontend_frame,536,0,18853,19,8,114348544,186646528,159912960,186646528,,,,,,,,,,
1791472749.6831627,602712,tracking_feedback_accumulate,537,,18853,,,118345216,186646528,159916032,186646528,,,,,,,,2.9066000133752823,,
1791472749.6881647,602712,frontend_frame,537,0,18853,19,8,109895168,186646528,159916032,186646528,,,,,,,,,,
1791472750.0070322,602712,tracking_feedback_accumulate,538,,18853,,,113891840,186646528,159916032,186646528,,,,,,,,2.8892001137137413,,
1791472750.0110319,602712,frontend_frame,538,0,18853,19,8,114350592,186646528,159916032,186646528,,,,,,,,,,
1791472750.3974276,602712,tracking_feedback_accumulate,539,,18853,,,118265344,186646528,159918080,186646528,,,,,,,,2.7727000415325165,,
1791472750.401932,602712,frontend_frame,539,0,18853,19,8,118724096,186646528,159918080,186646528,,,,,,,,,,
1791472750.7395937,602712,tracking_feedback_accumulate,540,,18853,,,109439488,186646528,159918080,186646528,,,,,,,,2.7845001313835382,,
1791472750.7455943,602712,frontend_frame,540,0,18853,19,8,109898240,138412032,159918080,186646528,,,,,,,,,,
1791472751.0929682,602712,tracking_feedback_accumulate,541,,18853,,,113894912,180355072,159918080,186646528,,,,,,,,2.777900081127882,,
1791472751.097968,602712,frontend_frame,541,0,18853,19,8,114353664,182452224,159918080,186646528,,,,,,,,,,
1791472751.4014223,602712,tracking_feedback_accumulate,542,,18853,,,118268416,184549376,159921152,186646528,,,,,,,,2.9303000774234533,,
1791472751.4064226,602712,frontend_frame,542,0,18853,19,8,109818368,184549376,159921152,186646528,,,,,,,,,,
1791472751.6105342,602712,tracking_feedback_accumulate,543,,18853,,,113896960,184549376,159921152,186646528,,,,,,,,2.8394998516887426,,
1791472751.6605086,602712,frontend_frame,543,0,18853,20,8,118351360,184549376,159921152,186646528,,,,,,,,,,
1791472762.260289,602712,tracking_feedback_accumulate,544,,19227,,,122375680,184549376,163959296,186646528,,,,,,,,2.936100121587515,,
1791472762.266288,602712,frontend_frame,544,0,19227,20,8,114016768,184549376,163959296,186646528,,,,,,,,,,
1791472762.6376727,602712,tracking_feedback_accumulate,545,,19227,,,117931520,184549376,163959296,186646528,,,,,,,,2.853899961337447,,
1791472762.6426723,602712,frontend_frame,545,0,19227,20,8,118478848,184549376,163959296,186646528,,,,,,,,,,
1791472762.9997537,602712,tracking_feedback_accumulate,546,,19227,,,122557440,186646528,164165120,186646528,,,,,,,,2.7787000872194767,,
1791472763.0047529,602712,frontend_frame,546,0,19227,20,8,123104768,186646528,164165120,186646528,,,,,,,,,,
1791472763.3428698,602712,tracking_feedback_accumulate,547,,19227,,,104700416,186646528,164165120,186646528,,,,,,,,2.9726000502705574,,
1791472763.34787,602712,frontend_frame,547,0,19227,20,8,105247744,186646528,164165120,186646528,,,,,,,,,,
1791472763.6480482,602712,tracking_feedback_accumulate,548,,19227,,,109162496,186646528,164165120,186646528,,,,,,,,2.869900083169341,,
1791472763.652048,602712,frontend_frame,548,0,19227,20,8,109710336,186646528,164165120,186646528,,,,,,,,,,
1791472763.9645758,602712,tracking_feedback_accumulate,549,,19227,,,104702976,186646528,164165120,186646528,,,,,,,,2.9418999329209328,,
1791472763.969081,602712,frontend_frame,549,0,19227,20,8,105250304,186646528,164165120,186646528,,,,,,,,,,
1791472764.35242,602712,tracking_feedback_accumulate,550,,19227,,,109165056,186646528,164165120,186646528,,,,,,,,2.975999843329191,,
1791472764.35742,602712,frontend_frame,550,0,19227,20,8,109712384,132120576,164165120,186646528,,,,,,,,,,
1791472764.746708,602712,tracking_feedback_accumulate,551,,19227,,,113790976,178257920,164165120,186646528,,,,,,,,2.8459997847676277,,
1791472764.751707,602712,frontend_frame,551,0,19227,20,8,105252352,178257920,164165120,186646528,,,,,,,,,,
1791472765.1209567,602712,tracking_feedback_accumulate,552,,19227,,,109167104,178257920,164165120,186646528,,,,,,,,2.9648998752236366,,
1791472765.125956,602712,frontend_frame,552,0,19227,20,8,109714432,178257920,164165120,186646528,,,,,,,,,,
1791472765.4585335,602712,tracking_feedback_accumulate,553,,19227,,,113793024,178257920,164165120,186646528,,,,,,,,2.9015999753028154,,
1791472765.463532,602712,frontend_frame,553,0,19227,20,8,114340352,178257920,164165120,186646528,,,,,,,,,,
1791472765.842884,602712,tracking_feedback_accumulate,554,,19227,,,104626176,178257920,164165120,186646528,,,,,,,,2.752200001850724,,
1791472765.8478858,602712,frontend_frame,554,0,19227,20,8,105173504,178257920,164165120,186646528,,,,,,,,,,
1791472766.171358,602712,tracking_feedback_accumulate,555,,19227,,,109252096,178257920,164165120,186646528,,,,,,,,2.82990001142025,,
1791472766.1753569,602712,frontend_frame,555,0,19227,20,8,109799424,178257920,164165120,186646528,,,,,,,,,,
1791472766.501039,602712,tracking_feedback_accumulate,556,,19227,,,113714176,178257920,164165120,186646528,,,,,,,,2.8210000600665808,,
1791472766.5060391,602712,frontend_frame,556,0,19227,20,8,105175552,178257920,164165120,186646528,,,,,,,,,,
1791472766.8862774,602712,tracking_feedback_accumulate,557,,19227,,,109254144,178257920,164165120,186646528,,,,,,,,3.0502001754939556,,
1791472766.8922763,602712,frontend_frame,557,0,19227,20,8,109801472,178257920,164165120,186646528,,,,,,,,,,
1791472767.2238646,602712,tracking_feedback_accumulate,558,,19227,,,113798144,178257920,164165120,186646528,,,,,,,,2.9455001931637526,,
1791472767.2278645,602712,frontend_frame,558,0,19227,20,8,114345472,178257920,164165120,186646528,,,,,,,,,,
1791472767.597092,602712,tracking_feedback_accumulate,559,,19227,,,104631296,178257920,164165120,186646528,,,,,,,,2.997700124979019,,
1791472767.602094,602712,frontend_frame,559,0,19227,20,8,105178624,178257920,164165120,186646528,,,,,,,,,,
1791472767.8632965,602712,tracking_feedback_accumulate,560,,19227,,,109257216,178257920,164165120,186646528,,,,,,,,2.7940000873059034,,
1791472767.8682957,602712,frontend_frame,560,0,19227,20,8,109804544,132120576,164165120,186646528,,,,,,,,,,
1791472768.1881838,602712,tracking_feedback_accumulate,561,,19227,,,113719296,178257920,164165120,186646528,,,,,,,,3.0146001372486353,,
1791472768.1931832,602712,frontend_frame,561,0,19227,20,8,105180672,178257920,164165120,186646528,,,,,,,,,,
1791472768.5103927,602712,tracking_feedback_accumulate,562,,19227,,,109259264,178257920,164165120,186646528,,,,,,,,2.870399970561266,,
1791472768.5148962,602712,frontend_frame,562,0,19227,20,8,109806592,178257920,164165120,186646528,,,,,,,,,,
1791472768.8245354,602712,tracking_feedback_accumulate,563,,19227,,,113721344,178257920,164165120,186646528,,,,,,,,2.848300151526928,,
1791472768.829535,602712,frontend_frame,563,0,19227,20,8,105182720,178257920,164165120,186646528,,,,,,,,,,
1791472769.178,602712,tracking_feedback_accumulate,564,,19227,,,109261312,178257920,164165120,186646528,,,,,,,,2.8297000098973513,,
1791472769.1829998,602712,frontend_frame,564,0,19227,20,8,109808640,178257920,164165120,186646528,,,,,,,,,,
1791472769.4902248,602712,tracking_feedback_accumulate,565,,19227,,,113723392,178257920,164165120,186646528,,,,,,,,3.1351998914033175,,
1791472769.4952245,602712,frontend_frame,565,0,19227,20,8,114270720,178257920,164165120,186646528,,,,,,,,,,
1791472769.8082106,602712,tracking_feedback_accumulate,566,,19227,,,109263360,178257920,164165120,186646528,,,,,,,,2.738500013947487,,
1791472769.8122113,602712,frontend_frame,566,0,19227,20,8,109810688,178257920,164165120,186646528,,,,,,,,,,
1791472770.2002752,602712,tracking_feedback_accumulate,567,,19227,,,113807360,178257920,164165120,186646528,,,,,,,,2.8580999933183193,,
1791472770.2052786,602712,frontend_frame,567,0,19227,20,8,114354688,178257920,164165120,186646528,,,,,,,,,,
1791472770.5933578,602712,tracking_feedback_accumulate,568,,19227,,,118351360,180355072,164165120,186646528,,,,,,,,2.780900103971362,,
1791472770.5983586,602712,frontend_frame,568,0,19227,20,8,109812736,180355072,164165120,186646528,,,,,,,,,,
1791472771.006699,602712,tracking_feedback_accumulate,569,,19227,,,113809408,180355072,164165120,186646528,,,,,,,,2.8933000285178423,,
1791472771.011744,602712,frontend_frame,569,0,19227,20,8,114356736,180355072,164165120,186646528,,,,,,,,,,
1791472771.3900757,602712,tracking_feedback_accumulate,570,,19227,,,118353408,182452224,164165120,186646528,,,,,,,,2.889900002628565,,
1791472771.3950756,602712,frontend_frame,570,0,19227,20,8,118900736,140509184,164165120,186646528,,,,,,,,,,
1791472771.689419,602712,tracking_feedback_accumulate,571,,19227,,,109186560,182452224,164165120,186646528,,,,,,,,2.8232999611645937,,
1791472771.7389283,602712,frontend_frame,571,0,19227,21,8,113729536,182452224,164165120,186646528,,,,,,,,,,
1791472782.3527877,602712,tracking_feedback_accumulate,572,,19709,,,117839872,182452224,164165120,186646528,,,,,,,,3.2350998371839523,,
1791472782.357787,602712,frontend_frame,572,0,19709,21,8,118499328,182452224,164165120,186646528,,,,,,,,,,
1791472782.722966,602712,tracking_feedback_accumulate,573,,19709,,,113300992,182452224,164165120,186646528,,,,,,,,5.425299983471632,,
1791472782.726966,602712,frontend_frame,573,0,19709,21,8,113957376,182452224,164165120,186646528,,,,,,,,,,
1791472783.1044261,602712,tracking_feedback_accumulate,574,,19709,,,117872128,182452224,164165120,186646528,,,,,,,,3.257300006225705,,
1791472783.1094253,602712,frontend_frame,574,0,19709,21,8,118528512,182452224,164165120,186646528,,,,,,,,,,
1791472783.4982438,602712,tracking_feedback_accumulate,575,,19709,,,122607104,182452224,164259840,186646528,,,,,,,,2.824899973347783,,
1791472783.5032434,602712,frontend_frame,575,0,19709,21,8,109416448,182452224,164259840,186646528,,,,,,,,,,
1791472783.866807,602712,tracking_feedback_accumulate,576,,19709,,,113331200,182452224,164259840,186646528,,,,,,,,2.932199975475669,,
1791472783.8708076,602712,frontend_frame,576,0,19709,21,8,113988096,182452224,164259840,186646528,,,,,,,,,,
1791472784.2472844,602712,tracking_feedback_accumulate,577,,19709,,,118066688,182452224,164259840,186646528,,,,,,,,2.8910001274198294,,
1791472784.2512844,602712,frontend_frame,577,0,19709,21,8,118723072,182452224,164259840,186646528,,,,,,,,,,
1791472784.5924213,602712,tracking_feedback_accumulate,578,,19709,,,108681728,182452224,164259840,186646528,,,,,,,,2.797599881887436,,
1791472784.597422,602712,frontend_frame,578,0,19709,21,8,109338112,182452224,164259840,186646528,,,,,,,,,,
1791472784.9628115,602712,tracking_feedback_accumulate,579,,19709,,,113416704,182452224,164259840,186646528,,,,,,,,2.8766999021172523,,
1791472784.967811,602712,frontend_frame,579,0,19709,21,8,114073088,182452224,164259840,186646528,,,,,,,,,,
1791472785.3446805,602712,tracking_feedback_accumulate,580,,19709,,,118069760,182452224,164259840,186646528,,,,,,,,2.865700051188469,,
1791472785.3496811,602712,frontend_frame,580,0,19709,21,8,109422080,132120576,164259840,186646528,,,,,,,,,,
1791472785.6300008,602712,tracking_feedback_accumulate,581,,19709,,,113418752,174063616,164259840,186646528,,,,,,,,2.8005000203847885,,
1791472785.6352,602712,frontend_frame,581,0,19709,21,8,114075136,176160768,164259840,186646528,,,,,,,,,,
1791472786.0024564,602712,tracking_feedback_accumulate,582,,19709,,,117989888,178257920,164259840,186646528,,,,,,,,2.9088000301271677,,
1791472786.0077941,602712,frontend_frame,582,0,19709,21,8,118646272,180355072,164259840,186646528,,,,,,,,,,
1791472786.3872879,602712,tracking_feedback_accumulate,583,,19709,,,108768768,180355072,164259840,186646528,,,,,,,,2.809099853038788,,
1791472786.3922877,602712,frontend_frame,583,0,19709,21,8,109425152,180355072,164259840,186646528,,,,,,,,,,
1791472786.6486394,602712,tracking_feedback_accumulate,584,,19709,,,113421824,180355072,164259840,186646528,,,,,,,,2.752400003373623,,
1791472786.6526387,602712,frontend_frame,584,0,19709,21,8,114078208,180355072,164259840,186646528,,,,,,,,,,
1791472786.9827414,602712,tracking_feedback_accumulate,585,,19709,,,117992960,180355072,164259840,186646528,,,,,,,,2.8473997954279184,,
1791472786.9877415,602712,frontend_frame,585,0,19709,21,8,109345280,180355072,164259840,186646528,,,,,,,,,,
1791472787.3388906,602712,tracking_feedback_accumulate,586,,19709,,,113423872,180355072,164259840,186646528,,,,,,,,2.823099959641695,,
1791472787.3433707,602712,frontend_frame,586,0,19709,21,8,114080256,180355072,164259840,186646528,,,,,,,,,,
1791472787.6524234,602712,tracking_feedback_accumulate,587,,19709,,,118076928,180355072,164259840,186646528,,,,,,,,2.862399909645319,,
1791472787.6574216,602712,frontend_frame,587,0,19709,21,8,109429248,180355072,164259840,186646528,,,,,,,,,,
1791472788.0044224,602712,tracking_feedback_accumulate,588,,19709,,,113425920,180355072,164259840,186646528,,,,,,,,2.9515998903661966,,
1791472788.009423,602712,frontend_frame,588,0,19709,21,8,114082304,180355072,164259840,186646528,,,,,,,,,,
1791472788.3697665,602712,tracking_feedback_accumulate,589,,19709,,,118078976,180355072,164259840,186646528,,,,,,,,2.883699955418706,,
1791472788.3747666,602712,frontend_frame,589,0,19709,21,8,118735360,180355072,164259840,186646528,,,,,,,,,,
1791472788.6894622,602712,tracking_feedback_accumulate,590,,19709,,,113346048,180355072,164259840,186646528,,,,,,,,2.8768000192940235,,
1791472788.6944625,602712,frontend_frame,590,0,19709,21,8,114002432,136314880,164259840,186646528,,,,,,,,,,
1791472789.0344076,602712,tracking_feedback_accumulate,591,,19709,,,118081024,178257920,164259840,186646528,,,,,,,,2.728499937802553,,
1791472789.0389132,602712,frontend_frame,591,0,19709,21,8,118737408,178257920,164259840,186646528,,,,,,,,,,
1791472789.375299,602712,tracking_feedback_accumulate,592,,19709,,,122734080,182452224,164386816,186646528,,,,,,,,2.779599977657199,,
1791472789.3802998,602712,frontend_frame,592,0,19709,21,8,114086400,182452224,164386816,186646528,,,,,,,,,,
1791472789.7409482,602712,tracking_feedback_accumulate,593,,19709,,,118001152,182452224,164386816,186646528,,,,,,,,2.947600092738867,,
1791472789.7459471,602712,frontend_frame,593,0,19709,21,8,118657536,182452224,164386816,186646528,,,,,,,,,,
1791472790.1071792,602712,tracking_feedback_accumulate,594,,19709,,,122736128,182452224,164388864,186646528,,,,,,,,2.87279998883605,,
1791472790.112178,602712,frontend_frame,594,0,19709,21,8,123392512,184549376,164388864,186646528,,,,,,,,,,
1791472790.3683524,602712,tracking_feedback_accumulate,595,,19709,,,113433088,184549376,164388864,186646528,,,,,,,,2.781700110062957,,
1791472790.3723514,602712,frontend_frame,595,0,19709,21,8,114089472,184549376,164388864,186646528,,,,,,,,,,
1791472790.7006629,602712,tracking_feedback_accumulate,596,,19709,,,118004224,184549376,164388864,186646528,,,,,,,,2.835499821230769,,
1791472790.7046628,602712,frontend_frame,596,0,19709,21,8,118660608,184549376,164388864,186646528,,,,,,,,,,
1791472791.077971,602712,tracking_feedback_accumulate,597,,19709,,,122739200,184549376,164391936,186646528,,,,,,,,2.8586999978870153,,
1791472791.0829713,602712,frontend_frame,597,0,19709,21,8,114091520,184549376,164391936,186646528,,,,,,,,,,
1791472791.3951933,602712,tracking_feedback_accumulate,598,,19709,,,118006272,184549376,164391936,186646528,,,,,,,,2.9416000470519066,,
1791472791.4001956,602712,frontend_frame,598,0,19709,21,8,118662656,184549376,164391936,186646528,,,,,,,,,,
1791472791.7739806,602712,tracking_feedback_accumulate,599,,19709,,,122741248,184549376,164393984,186646528,,,,,,,,2.89939995855093,,
1791472791.77898,602712,frontend_frame,599,0,19709,21,8,123397632,184549376,164393984,186646528,,,,,,,,,,
1791472792.1210222,602712,tracking_feedback_accumulate,600,,19709,,,113438208,184549376,164393984,186646528,,,,,,,,2.895799931138754,,
1791472792.1260235,602712,frontend_frame,600,0,19709,21,8,114094592,136314880,164393984,186646528,,,,,,,,,,
1791472792.494526,602712,tracking_feedback_accumulate,601,,19709,,,118009344,178257920,164393984,186646528,,,,,,,,2.84319999627769,,
1791472792.5015838,602712,frontend_frame,601,0,19709,21,8,118665728,180355072,164393984,186646528,,,,,,,,,,
1791472792.8270047,602712,tracking_feedback_accumulate,602,,19709,,,122744320,182452224,164397056,186646528,,,,,,,,2.92599992826581,,
1791472792.8320756,602712,frontend_frame,602,0,19709,21,8,114096640,182452224,164397056,186646528,,,,,,,,,,
1791472793.173429,602712,tracking_feedback_accumulate,603,,19709,,,118093312,182452224,164397056,186646528,,,,,,,,2.763500204309821,,
1791472793.1784286,602712,frontend_frame,603,0,19709,21,8,118749696,182452224,164397056,186646528,,,,,,,,,,
1791472793.570917,602712,tracking_feedback_accumulate,604,,19709,,,122664448,182452224,164399104,186646528,,,,,,,,2.728699939325452,,
1791472793.5769165,602712,frontend_frame,604,0,19709,21,8,109364736,182452224,164399104,186646528,,,,,,,,,,
1791472793.856423,602712,tracking_feedback_accumulate,605,,19709,,,113443328,182452224,164399104,186646528,,,,,,,,2.911499934270978,,
1791472793.8614233,602712,frontend_frame,605,0,19709,21,8,114099712,182452224,164399104,186646528,,,,,,,,,,
1791472794.201599,602712,tracking_feedback_accumulate,606,,19709,,,118014464,182452224,164399104,186646528,,,,,,,,3.0956000555306673,,
1791472794.251834,602712,frontend_frame,606,0,19709,22,8,122666496,182452224,164399104,186646528,,,,,,,,,,
1791472804.770748,602712,tracking_feedback_accumulate,607,,18796,,,117385216,182452224,164399104,186646528,,,,,,,,3.1681000255048275,,
1791472804.7757483,602712,frontend_frame,607,0,18796,22,8,117822464,182452224,164399104,186646528,,,,,,,,,,
1791472805.067552,602712,tracking_feedback_accumulate,608,,18796,,,121819136,182452224,164399104,186646528,,,,,,,,2.8413000982254744,,
1791472805.0725527,602712,frontend_frame,608,0,18796,22,8,122264064,182452224,164399104,186646528,,,,,,,,,,
1791472805.4907105,602712,tracking_feedback_accumulate,609,,18796,,,126178816,182452224,166773760,186646528,,,,,,,,2.839599968865514,,
1791472805.4947097,602712,frontend_frame,609,0,18796,22,8,117742592,182452224,166773760,186646528,,,,,,,,,,
1791472805.862973,602712,tracking_feedback_accumulate,610,,18796,,,121821184,182452224,166773760,186646528,,,,,,,,2.753000007942319,,
1791472805.8679726,602712,frontend_frame,610,0,18796,22,8,122266112,157286400,166773760,186646528,,,,,,,,,,
1791472806.2142673,602712,tracking_feedback_accumulate,611,,18796,,,126262784,182452224,166775808,186646528,,,,,,,,2.8574999887496233,,
1791472806.2192664,602712,frontend_frame,611,0,18796,22,8,126708224,184549376,166775808,186646528,,,,,,,,,,
1791472806.5417116,602712,tracking_feedback_accumulate,612,,18796,,,117383168,184549376,166775808,186646528,,,,,,,,2.9386000242084265,,
1791472806.546712,602712,frontend_frame,612,0,18796,22,8,117828096,184549376,166775808,186646528,,,,,,,,,,
1791472806.885007,602712,tracking_feedback_accumulate,613,,18796,,,121742848,184549376,166775808,186646528,,,,,,,,2.921799896284938,,
1791472806.889007,602712,frontend_frame,613,0,18796,22,8,122187776,184549376,166775808,186646528,,,,,,,,,,
1791472807.2037346,602712,tracking_feedback_accumulate,614,,18796,,,117385216,184549376,166775808,186646528,,,,,,,,3.1361000146716833,,
1791472807.2087357,602712,frontend_frame,614,0,18796,22,8,117830144,184549376,166775808,186646528,,,,,,,,,,
1791472807.55556,602712,tracking_feedback_accumulate,615,,18796,,,121744896,184549376,166775808,186646528,,,,,,,,2.933999989181757,,
1791472807.5605595,602712,frontend_frame,615,0,18796,22,8,122189824,184549376,166775808,186646528,,,,,,,,,,
1791472807.9327652,602712,tracking_feedback_accumulate,616,,18796,,,126268416,184549376,166781440,186646528,,,,,,,,3.0012999195605516,,
1791472807.9377644,602712,frontend_frame,616,0,18796,22,8,117832192,184549376,166781440,186646528,,,,,,,,,,
1791472808.2816498,602712,tracking_feedback_accumulate,617,,18796,,,121746944,184549376,166781440,186646528,,,,,,,,3.409199882298708,,
1791472808.2856498,602712,frontend_frame,617,0,18796,22,8,122191872,184549376,166781440,186646528,,,,,,,,,,
1791472808.6047144,602712,tracking_feedback_accumulate,618,,18796,,,126270464,184549376,166783488,186646528,,,,,,,,2.9084000270813704,,
1791472808.6087136,602712,frontend_frame,618,0,18796,22,8,126715392,184549376,166783488,186646528,,,,,,,,,,
1791472808.972111,602712,tracking_feedback_accumulate,619,,18796,,,117390336,184549376,166783488,186646528,,,,,,,,2.7938999701291323,,
1791472808.9761112,602712,frontend_frame,619,0,18796,22,8,117835264,184549376,166783488,186646528,,,,,,,,,,
1791472809.288021,602712,tracking_feedback_accumulate,620,,18796,,,121750016,184549376,166783488,186646528,,,,,,,,2.866199938580394,,
1791472809.2930205,602712,frontend_frame,620,0,18796,22,8,122194944,157286400,166783488,186646528,,,,,,,,,,
1791472809.628645,602712,tracking_feedback_accumulate,621,,18796,,,126273536,182452224,166786560,186646528,,,,,,,,2.862100023776293,,
1791472809.6336439,602712,frontend_frame,621,0,18796,22,8,117837312,182452224,166786560,186646528,,,,,,,,,,
1791472810.0049398,602712,tracking_feedback_accumulate,622,,18796,,,121752064,182452224,166786560,186646528,,,,,,,,3.0067998450249434,,
1791472810.0089383,602712,frontend_frame,622,0,18796,22,8,122196992,182452224,166786560,186646528,,,,,,,,,,
1791472810.3437312,602712,tracking_feedback_accumulate,623,,18796,,,126275584,182452224,166788608,186646528,,,,,,,,3.1516000162810087,,
1791472810.3497303,602712,frontend_frame,623,0,18796,22,8,126720512,182452224,166788608,186646528,,,,,,,,,,
1791472810.6743119,602712,tracking_feedback_accumulate,624,,18796,,,117313536,182452224,166788608,186646528,,,,,,,,2.8991999570280313,,
1791472810.6783116,602712,frontend_frame,624,0,18796,22,8,117758464,182452224,166788608,186646528,,,,,,,,,,
1791472811.061124,602712,tracking_feedback_accumulate,625,,18796,,,121837056,182452224,166788608,186646528,,,,,,,,2.8584999963641167,,
1791472811.0661228,602712,frontend_frame,625,0,18796,22,8,122281984,182452224,166788608,186646528,,,,,,,,,,
1791472811.3759778,602712,tracking_feedback_accumulate,626,,18796,,,126278656,182452224,166791680,186646528,,,,,,,,2.759000053629279,,
1791472811.3809772,602712,frontend_frame,626,0,18796,22,8,117842432,182452224,166791680,186646528,,,,,,,,,,
1791472811.721993,602712,tracking_feedback_accumulate,627,,18796,,,121839104,182452224,166791680,186646528,,,,,,,,3.331199986860156,,
1791472811.7259927,602712,frontend_frame,627,0,18796,22,8,122284032,182452224,166791680,186646528,,,,,,,,,,
1791472811.9838893,602712,tracking_feedback_accumulate,628,,18796,,,126280704,182452224,166793728,186646528,,,,,,,,2.8369000647217035,,
1791472811.987888,602712,frontend_frame,628,0,18796,22,8,126725632,182452224,166793728,186646528,,,,,,,,,,
1791472812.2905257,602712,tracking_feedback_accumulate,629,,18796,,,117400576,182452224,166793728,186646528,,,,,,,,2.853899961337447,,
1791472812.2955258,602712,frontend_frame,629,0,18796,22,8,117845504,182452224,166793728,186646528,,,,,,,,,,
1791472812.5633104,602712,tracking_feedback_accumulate,630,,18796,,,121842176,182452224,166793728,186646528,,,,,,,,2.8641000390052795,,
1791472812.568311,602712,frontend_frame,630,0,18796,22,8,122287104,157286400,166793728,186646528,,,,,,,,,,
1791472812.9477143,602712,tracking_feedback_accumulate,631,,18796,,,117402624,182452224,166793728,186646528,,,,,,,,2.8322001453489065,,
1791472812.9517145,602712,frontend_frame,631,0,18796,22,8,117847552,182452224,166793728,186646528,,,,,,,,,,
1791472813.345331,602712,tracking_feedback_accumulate,632,,18796,,,121844224,182452224,166793728,186646528,,,,,,,,2.918099984526634,,
1791472813.3493311,602712,frontend_frame,632,0,18796,22,8,122289152,182452224,166793728,186646528,,,,,,,,,,
1791472813.5830753,602712,tracking_feedback_accumulate,633,,18796,,,126203904,182452224,166798848,186646528,,,,,,,,2.758400049060583,,
1791472813.5890758,602712,frontend_frame,633,0,18796,22,8,117767680,182452224,166798848,186646528,,,,,,,,,,
1791472813.9682243,602712,tracking_feedback_accumulate,634,,18796,,,121846272,182452224,166798848,186646528,,,,,,,,2.7713999152183533,,
1791472813.973271,602712,frontend_frame,634,0,18796,22,8,122291200,182452224,166798848,186646528,,,,,,,,,,
1791472814.3175118,602712,tracking_feedback_accumulate,635,,18796,,,126287872,182452224,166800896,186646528,,,,,,,,2.908000024035573,,
1791472814.3225124,602712,frontend_frame,635,0,18796,22,8,126732800,184549376,166800896,186646528,,,,,,,,,,
1791472814.6846604,602712,tracking_feedback_accumulate,636,,18796,,,117325824,184549376,166800896,186646528,,,,,,,,2.8106998652219772,,
1791472814.6886613,602712,frontend_frame,636,0,18796,22,8,117770752,184549376,166800896,186646528,,,,,,,,,,
1791472814.9700887,602712,tracking_feedback_accumulate,637,,18796,,,121849344,184549376,166800896,186646528,,,,,,,,3.2532999757677317,,
1791472814.9756324,602712,frontend_frame,637,0,18796,22,8,122294272,184549376,166800896,186646528,,,,,,,,,,
1791472815.3359911,602712,tracking_feedback_accumulate,638,,18796,,,126290944,184549376,166803968,186646528,,,,,,,,2.784400014206767,,
1791472815.3409913,602712,frontend_frame,638,0,18796,22,8,117854720,184549376,166803968,186646528,,,,,,,,,,
1791472815.628524,602712,tracking_feedback_accumulate,639,,18796,,,121769472,184549376,166803968,186646528,,,,,,,,3.1715999357402325,,
1791472815.6335237,602712,frontend_frame,639,0,18796,22,8,122214400,184549376,166803968,186646528,,,,,,,,,,
1791472815.9401042,602712,tracking_feedback_accumulate,640,,18796,,,126292992,184549376,166806016,186646528,,,,,,,,2.9511998873203993,,
1791472815.945104,602712,frontend_frame,640,0,18796,22,8,126737920,161480704,166806016,186646528,,,,,,,,,,
1791472816.282118,602712,tracking_feedback_accumulate,641,,18796,,,117330944,182452224,166806016,186646528,,,,,,,,3.209200222045183,,
1791472816.2871192,602712,frontend_frame,641,0,18796,22,8,117775872,182452224,166806016,186646528,,,,,,,,,,
1791472816.612576,602712,tracking_feedback_accumulate,642,,18796,,,121854464,182452224,166806016,186646528,,,,,,,,3.147199982777238,,
1791472816.618579,602712,frontend_frame,642,0,18796,22,8,122299392,182452224,166806016,186646528,,,,,,,,,,
1791472817.0013394,602712,tracking_feedback_accumulate,643,,18796,,,126214144,182452224,166809088,186646528,,,,,,,,3.181600011885166,,
1791472817.0063396,602712,frontend_frame,643,0,18796,22,8,117777920,182452224,166809088,186646528,,,,,,,,,,
1791472817.3769743,602712,tracking_feedback_accumulate,644,,18796,,,121856512,182452224,166809088,186646528,,,,,,,,2.8099999763071537,,
1791472817.381974,602712,frontend_frame,644,0,18796,22,8,122301440,182452224,166809088,186646528,,,,,,,,,,
1791472817.6401901,602712,tracking_feedback_accumulate,645,,18796,,,126216192,182452224,166811136,186646528,,,,,,,,2.978400094434619,,
1791472817.645189,602712,frontend_frame,645,0,18796,22,8,126661120,184549376,166811136,186646528,,,,,,,,,,
1791472818.0184429,602712,tracking_feedback_accumulate,646,,18796,,,117417984,184549376,166811136,186646528,,,,,,,,2.863400150090456,,
1791472818.0234427,602712,frontend_frame,646,0,18796,22,8,117862912,184549376,166811136,186646528,,,,,,,,,,
1791472818.3722427,602712,tracking_feedback_accumulate,647,,18796,,,121777664,184549376,166811136,186646528,,,,,,,,2.9343999922275543,,
1791472818.3772433,602712,frontend_frame,647,0,18796,22,8,122222592,184549376,166811136,186646528,,,,,,,,,,
1791472818.7045949,602712,tracking_feedback_accumulate,648,,18796,,,117420032,184549376,166811136,186646528,,,,,,,,2.8603998944163322,,
1791472818.7095957,602712,frontend_frame,648,0,18796,22,8,117864960,184549376,166811136,186646528,,,,,,,,,,
1791472819.0016904,602712,tracking_feedback_accumulate,649,,18796,,,121861632,184549376,166811136,186646528,,,,,,,,2.8969000559300184,,
1791472819.0066903,602712,frontend_frame,649,0,18796,22,8,122306560,184549376,166811136,186646528,,,,,,,,,,
1791472819.3416646,602712,tracking_feedback_accumulate,650,,18796,,,126221312,184549376,166816256,186646528,,,,,,,,2.693300135433674,,
1791472819.3466647,602712,frontend_frame,650,0,18796,22,8,117785088,159383552,166816256,186646528,,,,,,,,,,
1791472819.6563861,602712,tracking_feedback_accumulate,651,,18796,,,121863680,180355072,166816256,186646528,,,,,,,,2.860400127246976,,
1791472819.661387,602712,frontend_frame,651,0,18796,22,8,122308608,180355072,166816256,186646528,,,,,,,,,,
1791472819.9781408,602712,tracking_feedback_accumulate,652,,18796,,,126305280,182452224,166818304,186646528,,,,,,,,2.8752998914569616,,
1791472819.98368,602712,frontend_frame,652,0,18796,22,8,126750208,184549376,166818304,186646528,,,,,,,,,,
1791472820.2873902,602712,tracking_feedback_accumulate,653,,18796,,,117425152,184549376,166818304,186646528,,,,,,,,2.8118998743593693,,
1791472820.2913918,602712,frontend_frame,653,0,18796,22,8,117870080,184549376,166818304,186646528,,,,,,,,,,
1791472820.6423147,602712,tracking_feedback_accumulate,654,,18796,,,121866752,184549376,166818304,186646528,,,,,,,,2.8113999869674444,,
1791472820.6473148,602712,frontend_frame,654,0,18796,22,8,122311680,184549376,166818304,186646528,,,,,,,,,,
1791472821.0282626,602712,tracking_feedback_accumulate,655,,18796,,,126308352,184549376,166821376,186646528,,,,,,,,2.8643999248743057,,
1791472821.0332658,602712,frontend_frame,655,0,18796,22,8,117872128,184549376,166821376,186646528,,,,,,,,,,
1791472821.4226937,602712,tracking_feedback_accumulate,656,,18796,,,121786880,184549376,166821376,186646528,,,,,,,,2.788000041618943,,
1791472821.427693,602712,frontend_frame,656,0,18796,22,8,122231808,184549376,166821376,186646528,,,,,,,,,,
1791472821.6675048,602712,tracking_feedback_accumulate,657,,18796,,,126310400,184549376,166823424,186646528,,,,,,,,2.880499931052327,,
1791472821.6715057,602712,frontend_frame,657,0,18796,22,8,126755328,184549376,166823424,186646528,,,,,,,,,,
1791472822.0517604,602712,tracking_feedback_accumulate,658,,18796,,,117430272,184549376,166823424,186646528,,,,,,,,2.8341999277472496,,
1791472822.0567608,602712,frontend_frame,658,0,18796,22,8,117875200,184549376,166823424,186646528,,,,,,,,,,
1791472822.3653383,602712,tracking_feedback_accumulate,659,,18796,,,121789952,184549376,166823424,186646528,,,,,,,,2.810500096529722,,
1791472822.370414,602712,frontend_frame,659,0,18796,22,8,122234880,184549376,166823424,186646528,,,,,,,,,,
1791472822.6816902,602712,tracking_feedback_accumulate,660,,18796,,,126313472,184549376,166826496,186646528,,,,,,,,3.149600001052022,,
1791472822.687691,602712,frontend_frame,660,0,18796,22,8,117877248,157286400,166826496,186646528,,,,,,,,,,
1791472822.9577887,602712,tracking_feedback_accumulate,661,,18796,,,121792000,178257920,166826496,186646528,,,,,,,,2.8275998774915934,,
1791472822.962788,602712,frontend_frame,661,0,18796,22,8,122236928,180355072,166826496,186646528,,,,,,,,,,
1791472823.3298886,602712,tracking_feedback_accumulate,662,,18796,,,126315520,182452224,166828544,186646528,,,,,,,,3.0384999699890614,,
1791472823.3348882,602712,frontend_frame,662,0,18796,22,8,126760448,182452224,166828544,186646528,,,,,,,,,,
1791472823.659325,602712,tracking_feedback_accumulate,663,,18796,,,117353472,182452224,166828544,186646528,,,,,,,,2.861300017684698,,
1791472823.6638296,602712,frontend_frame,663,0,18796,22,8,117798400,182452224,166828544,186646528,,,,,,,,,,
1791472823.8844914,602712,tracking_feedback_accumulate,664,,18796,,,121876992,182452224,166828544,186646528,,,,,,,,2.801500027999282,,
1791472823.8884916,602712,frontend_frame,664,0,18796,22,8,122321920,182452224,166828544,186646528,,,,,,,,,,
1791472824.1358523,602712,tracking_feedback_accumulate,665,,18796,,,117355520,182452224,166828544,186646528,,,,,,,,3.199300030246377,,
1791472824.1408525,602712,frontend_frame,665,0,18796,22,8,117800448,182452224,166828544,186646528,,,,,,,,,,
1791472824.5204802,602712,tracking_feedback_accumulate,666,,18796,,,121879040,182452224,166828544,186646528,,,,,,,,2.8920001350343227,,
1791472824.5244808,602712,frontend_frame,666,0,18796,22,8,122323968,182452224,166828544,186646528,,,,,,,,,,
1791472824.755711,602712,tracking_feedback_accumulate,667,,18796,,,126320640,182452224,166833664,186646528,,,,,,,,2.868299838155508,,
1791472824.7607107,602712,frontend_frame,667,0,18796,22,8,117884416,182452224,166833664,186646528,,,,,,,,,,
1791472825.133894,602712,tracking_feedback_accumulate,668,,18796,,,121799168,182452224,166833664,186646528,,,,,,,,2.9987001325935125,,
1791472825.1378944,602712,frontend_frame,668,0,18796,22,8,122244096,182452224,166833664,186646528,,,,,,,,,,
1791472825.511963,602712,tracking_feedback_accumulate,669,,18796,,,126322688,182452224,166835712,186646528,,,,,,,,2.926100045442581,,
1791472825.5169632,602712,frontend_frame,669,0,18796,22,8,126767616,184549376,166835712,186646528,,,,,,,,,,
1791472825.8403516,602712,tracking_feedback_accumulate,670,,18796,,,117360640,184549376,166835712,186646528,,,,,,,,2.8497998137027025,,
1791472825.8453512,602712,frontend_frame,670,0,18796,22,8,117805568,159383552,166835712,186646528,,,,,,,,,,
1791472826.2214348,602712,tracking_feedback_accumulate,671,,18796,,,121884160,180355072,166835712,186646528,,,,,,,,3.13540012575686,,
1791472826.226434,602712,frontend_frame,671,0,18796,22,8,122329088,180355072,166835712,186646528,,,,,,,,,,
1791472826.6187985,602712,tracking_feedback_accumulate,672,,18796,,,126325760,182452224,166838784,186646528,,,,,,,,2.887700218707323,,
1791472826.6237996,602712,frontend_frame,672,0,18796,22,8,117889536,182452224,166838784,186646528,,,,,,,,,,
1791472827.0021236,602712,tracking_feedback_accumulate,673,,18796,,,121886208,182452224,166838784,186646528,,,,,,,,2.967500127851963,,
1791472827.0061228,602712,frontend_frame,673,0,18796,22,8,122331136,182452224,166838784,186646528,,,,,,,,,,
1791472827.331823,602712,tracking_feedback_accumulate,674,,18796,,,126327808,182452224,166840832,186646528,,,,,,,,2.9023000970482826,,
1791472827.3368227,602712,frontend_frame,674,0,18796,22,8,126772736,184549376,166840832,186646528,,,,,,,,,,
1791472827.683477,602712,tracking_feedback_accumulate,675,,18796,,,117447680,184549376,166840832,186646528,,,,,,,,2.8913000132888556,,
1791472827.688477,602712,frontend_frame,675,0,18796,22,8,117892608,184549376,166840832,186646528,,,,,,,,,,
1791472828.0270839,602712,tracking_feedback_accumulate,676,,18796,,,121807360,184549376,166840832,186646528,,,,,,,,2.9821000061929226,,
1791472828.0321198,602712,frontend_frame,676,0,18796,22,8,122252288,184549376,166840832,186646528,,,,,,,,,,
1791472828.3976712,602712,tracking_feedback_accumulate,677,,18796,,,126330880,184549376,166843904,186646528,,,,,,,,2.8958001639693975,,
1791472828.4026718,602712,frontend_frame,677,0,18796,22,8,117894656,184549376,166843904,186646528,,,,,,,,,,
1791472828.7263746,602712,tracking_feedback_accumulate,678,,18796,,,121891328,184549376,166843904,186646528,,,,,,,,2.888399874791503,,
1791472828.7303736,602712,frontend_frame,678,0,18796,22,8,122336256,184549376,166843904,186646528,,,,,,,,,,
1791472829.0600398,602712,tracking_feedback_accumulate,679,,18796,,,126332928,184549376,166845952,186646528,,,,,,,,2.848600037395954,,
1791472829.0650413,602712,frontend_frame,679,0,18796,22,8,126777856,184549376,166845952,186646528,,,,,,,,,,
1791472829.2945642,602712,tracking_feedback_accumulate,680,,18796,,,117452800,184549376,166845952,186646528,,,,,,,,2.952700015157461,,
1791472829.2995634,602712,frontend_frame,680,0,18796,22,8,117897728,157286400,166845952,186646528,,,,,,,,,,
1791472829.6914651,602712,tracking_feedback_accumulate,681,,18796,,,121894400,178257920,166845952,186646528,,,,,,,,2.902899868786335,,
1791472829.6964655,602712,frontend_frame,681,0,18796,22,8,122339328,180355072,166845952,186646528,,,,,,,,,,
1791472830.0908659,602712,tracking_feedback_accumulate,682,,18796,,,117372928,182452224,166845952,186646528,,,,,,,,2.6959998067468405,,
1791472830.0958664,602712,frontend_frame,682,0,18796,22,8,117817856,182452224,166845952,186646528,,,,,,,,,,
1791472830.4144886,602712,tracking_feedback_accumulate,683,,18796,,,121896448,182452224,166845952,186646528,,,,,,,,2.95590003952384,,
1791472830.4194884,602712,frontend_frame,683,0,18796,22,8,122341376,182452224,166845952,186646528,,,,,,,,,,
1791472830.760049,602712,tracking_feedback_accumulate,684,,18796,,,126256128,182452224,166851072,186646528,,,,,,,,2.9150000773370266,,
1791472830.76505,602712,frontend_frame,684,0,18796,22,8,117819904,182452224,166851072,186646528,,,,,,,,,,
1791472831.0791245,602712,tracking_feedback_accumulate,685,,18796,,,121898496,182452224,166851072,186646528,,,,,,,,2.7836000081151724,,
1791472831.0841243,602712,frontend_frame,685,0,18796,22,8,122343424,182452224,166851072,186646528,,,,,,,,,,
1791472831.4062982,602712,tracking_feedback_accumulate,686,,18796,,,126258176,182452224,166853120,186646528,,,,,,,,2.800100017338991,,
1791472831.4142985,602712,frontend_frame,686,0,18796,22,8,126703104,184549376,166853120,186646528,,,,,,,,,,
1791472831.830408,602712,tracking_feedback_accumulate,687,,18796,,,117459968,184549376,166853120,186646528,,,,,,,,3.013600129634142,,
1791472831.8354094,602712,frontend_frame,687,0,18796,22,8,117904896,184549376,166853120,186646528,,,,,,,,,,
1791472832.1506538,602712,tracking_feedback_accumulate,688,,18796,,,121819648,184549376,166853120,186646528,,,,,,,,3.2160000409930944,,
1791472832.1556537,602712,frontend_frame,688,0,18796,22,8,122264576,184549376,166853120,186646528,,,,,,,,,,
1791472832.5473764,602712,tracking_feedback_accumulate,689,,18796,,,126343168,184549376,166856192,186646528,,,,,,,,2.777900081127882,,
1791472832.5523758,602712,frontend_frame,689,0,18796,22,8,117906944,184549376,166856192,186646528,,,,,,,,,,
1791472832.9647276,602712,tracking_feedback_accumulate,690,,18796,,,121903616,184549376,166856192,186646528,,,,,,,,2.997499890625477,,
1791472832.970236,602712,frontend_frame,690,0,18796,22,8,122348544,157286400,166856192,186646528,,,,,,,,,,
1791472833.3469546,602712,tracking_feedback_accumulate,691,,18796,,,126263296,182452224,166858240,186646528,,,,,,,,2.8397999703884125,,
1791472833.3519542,602712,frontend_frame,691,0,18796,22,8,126708224,184549376,166858240,186646528,,,,,,,,,,
1791472833.69579,602712,tracking_feedback_accumulate,692,,18796,,,117465088,184549376,166858240,186646528,,,,,,,,2.864199923351407,,
1791472833.6997893,602712,frontend_frame,692,0,18796,22,8,117910016,184549376,166858240,186646528,,,,,,,,,,
1791472834.0173798,602712,tracking_feedback_accumulate,693,,18796,,,121824768,184549376,166858240,186646528,,,,,,,,3.0716999899595976,,
1791472834.0213811,602712,frontend_frame,693,0,18796,22,8,122269696,184549376,166858240,186646528,,,,,,,,,,
1791472834.4208019,602712,tracking_feedback_accumulate,694,,18796,,,126348288,184549376,166861312,186646528,,,,,,,,2.876600017771125,,
1791472834.4258015,602712,frontend_frame,694,0,18796,22,8,117912064,184549376,166861312,186646528,,,,,,,,,,
1791472834.6997242,602712,tracking_feedback_accumulate,695,,18796,,,121826816,184549376,166861312,186646528,,,,,,,,2.9015999753028154,,
1791472834.704725,602712,frontend_frame,695,0,18796,22,8,122271744,184549376,166861312,186646528,,,,,,,,,,
1791472834.9900484,602712,tracking_feedback_accumulate,696,,18796,,,126350336,184549376,166863360,186646528,,,,,,,,2.81960004940629,,
1791472834.9940484,602712,frontend_frame,696,0,18796,22,8,126795264,184549376,166863360,186646528,,,,,,,,,,
1791472835.399787,602712,tracking_feedback_accumulate,697,,18796,,,117388288,184549376,166863360,186646528,,,,,,,,3.080999944359064,,
1791472835.4047844,602712,frontend_frame,697,0,18796,22,8,117833216,184549376,166863360,186646528,,,,,,,,,,
1791472835.6588306,602712,tracking_feedback_accumulate,698,,18796,,,121911808,184549376,166863360,186646528,,,,,,,,2.7938999701291323,,
1791472835.662833,602712,frontend_frame,698,0,18796,22,8,122356736,184549376,166863360,186646528,,,,,,,,,,
1791472835.9114945,602712,tracking_feedback_accumulate,699,,18796,,,117390336,184549376,166863360,186646528,,,,,,,,2.8258999809622765,,
1791472835.9154935,602712,frontend_frame,699,0,18796,22,8,117835264,184549376,166863360,186646528,,,,,,,,,,
1791472836.306891,602712,tracking_feedback_accumulate,700,,18796,,,121913856,184549376,166863360,186646528,,,,,,,,2.762800082564354,,
1791472836.3118906,602712,frontend_frame,700,0,18796,22,8,122358784,159383552,166863360,186646528,,,,,,,,,,
1791472836.5862472,602712,tracking_feedback_accumulate,701,,18796,,,126273536,182452224,166868480,186646528,,,,,,,,2.91600008495152,,
1791472836.5912478,602712,frontend_frame,701,0,18796,22,8,117837312,182452224,166868480,186646528,,,,,,,,,,
1791472836.9490967,602712,tracking_feedback_accumulate,702,,18796,,,121915904,182452224,166868480,186646528,,,,,,,,2.8405000921338797,,
1791472836.9531767,602712,frontend_frame,702,0,18796,22,8,122360832,182452224,166868480,186646528,,,,,,,,,,
1791472837.2867138,602712,tracking_feedback_accumulate,703,,18796,,,126275584,182452224,166870528,186646528,,,,,,,,2.818899927660823,,
1791472837.2927136,602712,frontend_frame,703,0,18796,22,8,126720512,184549376,166870528,186646528,,,,,,,,,,
1791472837.5817697,602712,tracking_feedback_accumulate,704,,18796,,,117477376,184549376,166870528,186646528,,,,,,,,2.8565998654812574,,
1791472837.5867686,602712,frontend_frame,704,0,18796,22,8,117922304,184549376,166870528,186646528,,,,,,,,,,
1791472837.830826,602712,tracking_feedback_accumulate,705,,18796,,,121918976,184549376,166870528,186646528,,,,,,,,2.8431001119315624,,
1791472837.835827,602712,frontend_frame,705,0,18796,22,8,122363904,184549376,166870528,186646528,,,,,,,,,,
1791472838.2352617,602712,tracking_feedback_accumulate,706,,18796,,,126360576,184549376,166873600,186646528,,,,,,,,2.855400089174509,,
1791472838.2402618,602712,frontend_frame,706,0,18796,22,8,117924352,184549376,166873600,186646528,,,,,,,,,,
1791472838.419484,602712,tracking_feedback_accumulate,707,,18796,,,121921024,184549376,166873600,186646528,,,,,,,,2.902999985963106,,
1791472838.424484,602712,frontend_frame,707,0,18796,22,8,122365952,184549376,166873600,186646528,,,,,,,,,,
1791472838.8305829,602712,tracking_feedback_accumulate,708,,18796,,,126280704,184549376,166875648,186646528,,,,,,,,2.7203999925404787,,
1791472838.834581,602712,frontend_frame,708,0,18796,22,8,126725632,184549376,166875648,186646528,,,,,,,,,,
1791472839.1995592,602712,tracking_feedback_accumulate,709,,18796,,,117482496,184549376,166875648,186646528,,,,,,,,2.7997998986393213,,
1791472839.204559,602712,frontend_frame,709,0,18796,22,8,117927424,184549376,166875648,186646528,,,,,,,,,,
1791472839.561665,602712,tracking_feedback_accumulate,710,,18796,,,121924096,184549376,166875648,186646528,,,,,,,,2.937600016593933,,
1791472839.567668,602712,frontend_frame,710,0,18796,22,8,122369024,159383552,166875648,186646528,,,,,,,,,,
1791472839.9901662,602712,tracking_feedback_accumulate,711,,18796,,,126365696,182452224,166878720,186646528,,,,,,,,2.899999963119626,,
1791472839.995165,602712,frontend_frame,711,0,18796,22,8,117929472,182452224,166878720,186646528,,,,,,,,,,
1791472840.3538373,602712,tracking_feedback_accumulate,712,,18796,,,121926144,182452224,166878720,186646528,,,,,,,,2.850000048056245,,
1791472840.3588378,602712,frontend_frame,712,0,18796,22,8,122371072,182452224,166878720,186646528,,,,,,,,,,
1791472840.697847,602712,tracking_feedback_accumulate,713,,18796,,,126285824,182452224,166880768,186646528,,,,,,,,3.316699992865324,,
1791472840.703847,602712,frontend_frame,713,0,18796,22,8,126730752,184549376,166880768,186646528,,,,,,,,,,
1791472841.0178719,602712,tracking_feedback_accumulate,714,,18796,,,117487616,184549376,166880768,186646528,,,,,,,,2.8769997879862785,,
1791472841.0228734,602712,frontend_frame,714,0,18796,22,8,117932544,184549376,166880768,186646528,,,,,,,,,,
1791472841.358058,602712,tracking_feedback_accumulate,715,,18796,,,121929216,184549376,166880768,186646528,,,,,,,,2.927600173279643,,
1791472841.3630576,602712,frontend_frame,715,0,18796,22,8,122374144,184549376,166880768,186646528,,,,,,,,,,
1791472841.671769,602712,tracking_feedback_accumulate,716,,18796,,,117407744,184549376,166880768,186646528,,,,,,,,2.932199975475669,,
1791472841.6757684,602712,frontend_frame,716,0,18796,22,8,117852672,184549376,166880768,186646528,,,,,,,,,,
1791472841.980704,602712,tracking_feedback_accumulate,717,,18796,,,121931264,184549376,166880768,186646528,,,,,,,,2.727899933233857,,
1791472841.9847429,602712,frontend_frame,717,0,18796,22,8,122376192,184549376,166880768,186646528,,,,,,,,,,
1791472842.3222175,602712,tracking_feedback_accumulate,718,,18796,,,126372864,184549376,166885888,186646528,,,,,,,,2.8212000615894794,,
1791472842.3272195,602712,frontend_frame,718,0,18796,22,8,117936640,184549376,166885888,186646528,,,,,,,,,,
1791472842.618127,602712,tracking_feedback_accumulate,719,,18796,,,121851392,184549376,166885888,186646528,,,,,,,,2.903799992054701,,
1791472842.6221259,602712,frontend_frame,719,0,18796,22,8,122296320,184549376,166885888,186646528,,,,,,,,,,
1791472842.9554484,602712,tracking_feedback_accumulate,720,,18796,,,126374912,184549376,166887936,186646528,,,,,,,,2.9955999925732613,,
1791472842.960449,602712,frontend_frame,720,0,18796,22,8,126819840,161480704,166887936,186646528,,,,,,,,,,
1791472843.361863,602712,tracking_feedback_accumulate,721,,18796,,,117494784,182452224,166887936,186646528,,,,,,,,2.8933000285178423,,
1791472843.366863,602712,frontend_frame,721,0,18796,22,8,117939712,182452224,166887936,186646528,,,,,,,,,,
1791472843.741915,602712,tracking_feedback_accumulate,722,,18796,,,121854464,182452224,166887936,186646528,,,,,,,,2.7960999868810177,,
1791472843.7459152,602712,frontend_frame,722,0,18796,22,8,122299392,182452224,166887936,186646528,,,,,,,,,,
1791472844.1134427,602712,tracking_feedback_accumulate,723,,18796,,,126377984,182452224,166891008,186646528,,,,,,,,2.8981000650674105,,
1791472844.1634424,602712,frontend_frame,723,0,18796,23,8,121937408,182452224,166891008,186646528,,,,,,,,,,
1791472854.6359963,602712,tracking_feedback_accumulate,724,,18603,,,125844480,182452224,166891008,186646528,,,,,,,,2.684100065380335,,
1791472854.6419964,602712,frontend_frame,724,0,18603,23,8,126246912,182452224,166891008,186646528,,,,,,,,,,
1791472854.9896533,602712,tracking_feedback_accumulate,725,,18603,,,130325504,182452224,170577920,186646528,,,,,,,,2.831100020557642,,
1791472854.9946547,602712,frontend_frame,725,0,18603,23,8,121889280,182452224,170577920,186646528,,,,,,,,,,
1791472855.3471546,602712,tracking_feedback_accumulate,726,,18603,,,125804032,203423744,170577920,203423744,,,,,,,,2.914399839937687,,
1791472855.3521538,602712,frontend_frame,726,0,18603,23,8,126208512,203423744,170577920,203423744,,,,,,,,,,
1791472855.6135466,602712,tracking_feedback_accumulate,727,,18603,,,130287104,203423744,170577920,203423744,,,,,,,,2.828399883583188,,
1791472855.618549,602712,frontend_frame,727,0,18603,23,8,130691584,205520896,170577920,205520896,,,,,,,,,,
1791472855.8925493,602712,tracking_feedback_accumulate,728,,18603,,,125888000,205520896,170577920,205520896,,,,,,,,2.742399927228689,,
1791472855.8970547,602712,frontend_frame,728,0,18603,23,8,126292992,205520896,170577920,205520896,,,,,,,,,,
1791472856.2275066,602712,tracking_feedback_accumulate,729,,18603,,,130289664,205520896,170577920,205520896,,,,,,,,2.7934000827372074,,
1791472856.232507,602712,frontend_frame,729,0,18603,23,8,130694144,205520896,170577920,205520896,,,,,,,,,,
1791472856.6168933,602712,tracking_feedback_accumulate,730,,18603,,,134690816,207618048,174861312,207618048,,,,,,,,3.008499974384904,,
1791472856.6218927,602712,frontend_frame,730,0,18603,23,8,126295040,161480704,174861312,207618048,,,,,,,,,,
1791472856.9875603,602712,tracking_feedback_accumulate,731,,18603,,,130291712,203423744,174861312,207618048,,,,,,,,2.764000091701746,,
1791472856.992561,602712,frontend_frame,731,0,18603,23,8,130696192,205520896,174861312,207618048,,,,,,,,,,
1791472857.3352888,602712,tracking_feedback_accumulate,732,,18603,,,134610944,207618048,174863360,207618048,,,,,,,,2.8399000875651836,,
1791472857.340288,602712,frontend_frame,732,0,18603,23,8,135015424,209715200,174863360,209715200,,,,,,,,,,
1791472857.6586757,602712,tracking_feedback_accumulate,733,,18603,,,125893632,209715200,174863360,209715200,,,,,,,,3.0321001540869474,,
1791472857.6631782,602712,frontend_frame,733,0,18603,23,8,126298112,209715200,174863360,209715200,,,,,,,,,,
1791472858.035362,602712,tracking_feedback_accumulate,734,,18603,,,130294784,209715200,174863360,209715200,,,,,,,,2.7590999379754066,,
1791472858.0398679,602712,frontend_frame,734,0,18603,23,8,130699264,209715200,174863360,209715200,,,,,,,,,,
1791472858.3522353,602712,tracking_feedback_accumulate,735,,18603,,,134695936,209715200,174871552,209715200,,,,,,,,2.846399787813425,,
1791472858.3572352,602712,frontend_frame,735,0,18603,23,8,126300160,209715200,174871552,209715200,,,,,,,,,,
1791472858.707038,602712,tracking_feedback_accumulate,736,,18603,,,130214912,209715200,174871552,209715200,,,,,,,,3.064699936658144,,
1791472858.712036,602712,frontend_frame,736,0,18603,23,8,130619392,209715200,174871552,209715200,,,,,,,,,,
1791472859.0852745,602712,tracking_feedback_accumulate,737,,18603,,,134697984,209715200,174950400,209715200,,,,,,,,2.93329986743629,,
1791472859.0892725,602712,frontend_frame,737,0,18603,23,8,135102464,209715200,174950400,209715200,,,,,,,,,,
1791472859.4394467,602712,tracking_feedback_accumulate,738,,18603,,,125816832,209715200,174950400,209715200,,,,,,,,2.741500036790967,,
1791472859.4444478,602712,frontend_frame,738,0,18603,23,8,126221312,209715200,174950400,209715200,,,,,,,,,,
1791472859.8089871,602712,tracking_feedback_accumulate,739,,18603,,,130299904,209715200,174950400,209715200,,,,,,,,2.983599901199341,,
1791472859.8139868,602712,frontend_frame,739,0,18603,23,8,130704384,209715200,174950400,209715200,,,,,,,,,,
1791472860.2086296,602712,tracking_feedback_accumulate,740,,18603,,,134619136,209715200,174950400,209715200,,,,,,,,2.893500030040741,,
1791472860.2146294,602712,frontend_frame,740,0,18603,23,8,126223360,163577856,174950400,209715200,,,,,,,,,,
1791472860.538343,602712,tracking_feedback_accumulate,741,,18603,,,130301952,184549376,174950400,209715200,,,,,,,,2.9340998735278845,,
1791472860.5433426,602712,frontend_frame,741,0,18603,23,8,130706432,184549376,174950400,209715200,,,,,,,,,,
1791472860.875026,602712,tracking_feedback_accumulate,742,,18603,,,134703104,207618048,174950400,209715200,,,,,,,,3.2912001479417086,,
1791472860.881026,602712,frontend_frame,742,0,18603,23,8,126307328,207618048,174950400,209715200,,,,,,,,,,
1791472861.2535229,602712,tracking_feedback_accumulate,743,,18603,,,130304000,207618048,174950400,209715200,,,,,,,,2.8933000285178423,,
1791472861.2575216,602712,frontend_frame,743,0,18603,23,8,130708480,207618048,174950400,209715200,,,,,,,,,,
1791472861.596615,602712,tracking_feedback_accumulate,744,,18603,,,134705152,207618048,174950400,209715200,,,,,,,,2.776100067421794,,
1791472861.6021218,602712,frontend_frame,744,0,18603,23,8,135109632,209715200,174950400,209715200,,,,,,,,,,
1791472861.8378766,602712,tracking_feedback_accumulate,745,,18603,,,130306048,209715200,174950400,209715200,,,,,,,,2.9156000819057226,,
1791472861.842876,602712,frontend_frame,745,0,18603,23,8,130710528,209715200,174950400,209715200,,,,,,,,,,
1791472862.1235468,602712,tracking_feedback_accumulate,746,,18603,,,134707200,209715200,174950400,209715200,,,,,,,,3.0429998878389597,,
1791472862.1275477,602712,frontend_frame,746,0,18603,23,8,135111680,209715200,174950400,209715200,,,,,,,,,,
1791472862.4597301,602712,tracking_feedback_accumulate,747,,18603,,,139108352,211812352,179278848,211812352,,,,,,,,2.984400140121579,,
1791472862.46473,602712,frontend_frame,747,0,18603,23,8,130712576,211812352,179278848,211812352,,,,,,,,,,
1791472862.8282397,602712,tracking_feedback_accumulate,748,,18603,,,134709248,211812352,179278848,211812352,,,,,,,,2.895900048315525,,
1791472862.8332388,602712,frontend_frame,748,0,18603,23,8,135113728,211812352,179278848,211812352,,,,,,,,,,
1791472863.1952229,602712,tracking_feedback_accumulate,749,,18603,,,139028480,211812352,179280896,211812352,,,,,,,,3.046100027859211,,
1791472863.201223,602712,frontend_frame,749,0,18603,23,8,139432960,213909504,179280896,213909504,,,,,,,,,,
1791472863.530838,602712,tracking_feedback_accumulate,750,,18603,,,121510912,213909504,179280896,213909504,,,,,,,,2.66700005158782,,
1791472863.5368383,602712,frontend_frame,750,0,18603,23,8,121915392,159383552,179280896,213909504,,,,,,,,,,
1791472863.899501,602712,tracking_feedback_accumulate,751,,18603,,,125912064,180355072,179280896,213909504,,,,,,,,2.845100127160549,,
1791472863.952008,602712,frontend_frame,751,0,18603,24,8,130312192,180355072,179280896,213909504,,,,,,,,,,
1791472874.5348432,602712,tracking_feedback_accumulate,752,,18654,,,125513216,201326592,179280896,213909504,,,,,,,,2.9980000108480453,,
1791472874.5398421,602712,frontend_frame,752,0,18654,24,8,125925888,201326592,179280896,213909504,,,,,,,,,,
1791472874.8272762,602712,tracking_feedback_accumulate,753,,18654,,,129922560,201326592,179280896,213909504,,,,,,,,2.967400010675192,,
1791472874.8332767,602712,frontend_frame,753,0,18654,24,8,130335232,203423744,179280896,213909504,,,,,,,,,,
1791472875.1832066,602712,tracking_feedback_accumulate,754,,18654,,,134249984,205520896,179280896,213909504,,,,,,,,2.9392000287771225,,
1791472875.1882057,602712,frontend_frame,754,0,18654,24,8,125846016,205520896,179280896,213909504,,,,,,,,,,
1791472875.4696279,602712,tracking_feedback_accumulate,755,,18654,,,129924608,205520896,179280896,213909504,,,,,,,,3.2923000399023294,,
1791472875.4736257,602712,frontend_frame,755,0,18654,24,8,130337280,205520896,179280896,213909504,,,,,,,,,,
1791472875.8077888,602712,tracking_feedback_accumulate,756,,18654,,,134333952,205520896,179280896,213909504,,,,,,,,2.914800075814128,,
1791472875.812788,602712,frontend_frame,756,0,18654,24,8,134747136,205520896,179280896,213909504,,,,,,,,,,
1791472876.1190834,602712,tracking_feedback_accumulate,757,,18654,,,125436928,205520896,179280896,213909504,,,,,,,,2.816000021994114,,
1791472876.1240845,602712,frontend_frame,757,0,18654,24,8,125849600,205520896,179280896,213909504,,,,,,,,,,
1791472876.4873128,602712,tracking_feedback_accumulate,758,,18654,,,129928192,205520896,179280896,213909504,,,,,,,,2.882499946281314,,
1791472876.4933126,602712,frontend_frame,758,0,18654,24,8,130340864,205520896,179280896,213909504,,,,,,,,,,
1791472876.847324,602712,tracking_feedback_accumulate,759,,18654,,,134337536,205520896,179280896,213909504,,,,,,,,2.8921999037265778,,
1791472876.8523242,602712,frontend_frame,759,0,18654,24,8,125933568,205520896,179280896,213909504,,,,,,,,,,
1791472877.250585,602712,tracking_feedback_accumulate,760,,18654,,,129848320,205520896,179280896,213909504,,,,,,,,3.033299930393696,,
1791472877.255585,602712,frontend_frame,760,0,18654,24,8,130260992,159383552,179280896,213909504,,,,,,,,,,
1791472877.6068068,602712,tracking_feedback_accumulate,761,,18654,,,134339584,205520896,179280896,213909504,,,,,,,,2.9205000028014183,,
1791472877.6118069,602712,frontend_frame,761,0,18654,24,8,134752256,205520896,179280896,213909504,,,,,,,,,,
1791472877.945005,602712,tracking_feedback_accumulate,762,,18654,,,125442048,205520896,179280896,213909504,,,,,,,,2.77639995329082,,
1791472877.9490054,602712,frontend_frame,762,0,18654,24,8,125854720,205520896,179280896,213909504,,,,,,,,,,
1791472878.3180556,602712,tracking_feedback_accumulate,763,,18654,,,129933312,205520896,179280896,213909504,,,,,,,,6.453200010582805,,
1791472878.3225596,602712,frontend_frame,763,0,18654,24,8,130345984,205520896,179280896,213909504,,,,,,,,,,
1791472878.7791774,602712,tracking_feedback_accumulate,764,,18654,,,134260736,205520896,179280896,213909504,,,,,,,,2.879700157791376,,
1791472878.7841792,602712,frontend_frame,764,0,18654,24,8,125856768,205520896,179280896,213909504,,,,,,,,,,
1791472879.1007092,602712,tracking_feedback_accumulate,765,,18654,,,129935360,205520896,179280896,213909504,,,,,,,,2.824299968779087,,
1791472879.1057131,602712,frontend_frame,765,0,18654,24,8,130348032,205520896,179280896,213909504,,,,,,,,,,
1791472879.4221466,602712,tracking_feedback_accumulate,766,,18654,,,134344704,205520896,179280896,213909504,,,,,,,,2.8855002019554377,,
1791472879.4271452,602712,frontend_frame,766,0,18654,24,8,125940736,205520896,179280896,213909504,,,,,,,,,,
1791472879.8022077,602712,tracking_feedback_accumulate,767,,18654,,,129937408,205520896,179280896,213909504,,,,,,,,3.0819999519735575,,
1791472879.807212,602712,frontend_frame,767,0,18654,24,8,130350080,205520896,179280896,213909504,,,,,,,,,,
1791472880.053039,602712,tracking_feedback_accumulate,768,,18654,,,134346752,205520896,179280896,213909504,,,,,,,,2.9422000516206026,,
1791472880.057038,602712,frontend_frame,768,0,18654,24,8,134759424,205520896,179280896,213909504,,,,,,,,,,
1791472880.3480973,602712,tracking_feedback_accumulate,769,,18654,,,129857536,205520896,179280896,213909504,,,,,,,,2.987799933180213,,
1791472880.3530989,602712,frontend_frame,769,0,18654,24,8,130270208,205520896,179280896,213909504,,,,,,,,,,
1791472880.671284,602712,tracking_feedback_accumulate,770,,18654,,,134348800,205520896,179280896,213909504,,,,,,,,2.891200128942728,,
1791472880.6762848,602712,frontend_frame,770,0,18654,24,8,134761472,163577856,179280896,213909504,,,,,,,,,,
1791472880.9896924,602712,tracking_feedback_accumulate,771,,18654,,,138676224,209715200,179280896,213909504,,,,,,,,2.928399946540594,,
1791472880.9946923,602712,frontend_frame,771,0,18654,24,8,130272256,209715200,179280896,213909504,,,,,,,,,,
1791472881.4004133,602712,tracking_feedback_accumulate,772,,18654,,,134350848,209715200,179280896,213909504,,,,,,,,3.0918000265955925,,
1791472881.4054134,602712,frontend_frame,772,0,18654,24,8,134763520,209715200,179280896,213909504,,,,,,,,,,
1791472881.7375767,602712,tracking_feedback_accumulate,773,,18654,,,138760192,209715200,179280896,213909504,,,,,,,,3.481299849227071,,
1791472881.7435772,602712,frontend_frame,773,0,18654,24,8,139172864,209715200,179280896,213909504,,,,,,,,,,
1791472882.1449382,602712,tracking_feedback_accumulate,774,,18654,,,129944576,209715200,179280896,213909504,,,,,,,,3.515699878334999,,
1791472882.2089446,602712,frontend_frame,774,0,18654,25,8,134352896,209715200,179280896,213909504,,,,,,,,,,
1791472892.9095447,602712,tracking_feedback_accumulate,775,,18850,,,138364416,209715200,179922944,213909504,,,,,,,,2.9285999480634928,,
1791472892.9135451,602712,frontend_frame,775,0,18850,25,8,138824192,209715200,179922944,213909504,,,,,,,,,,
1791472893.2582128,602712,tracking_feedback_accumulate,776,,18850,,,133876224,209715200,179922944,213909504,,,,,,,,2.768399892374873,,
1791472893.2627673,602712,frontend_frame,776,0,18850,25,8,134334976,209715200,179922944,213909504,,,,,,,,,,
1791472893.654753,602712,tracking_feedback_accumulate,777,,18850,,,138413568,209715200,179984384,213909504,,,,,,,,3.280000062659383,,
1791472893.6597526,602712,frontend_frame,777,0,18850,25,8,138872320,209715200,179984384,213909504,,,,,,,,,,
1791472894.014665,602712,tracking_feedback_accumulate,778,,18850,,,142868992,209715200,184439808,213909504,,,,,,,,2.918400103226304,,
1791472894.0196655,602712,frontend_frame,778,0,18850,25,8,130010624,209715200,184439808,213909504,,,,,,,,,,
1791472894.2757964,602712,tracking_feedback_accumulate,779,,18850,,,134007296,209715200,184439808,213909504,,,,,,,,2.984799910336733,,
1791472894.2807956,602712,frontend_frame,779,0,18850,25,8,134466560,209715200,184439808,213909504,,,,,,,,,,
1791472894.6331375,602712,tracking_feedback_accumulate,780,,18850,,,138463232,209715200,184439808,213909504,,,,,,,,2.7758001815527678,,
1791472894.6371377,602712,frontend_frame,780,0,18850,25,8,138921984,163577856,184439808,213909504,,,,,,,,,,
1791472895.0368774,602712,tracking_feedback_accumulate,781,,18850,,,129555456,205520896,184439808,213909504,,,,,,,,2.708599902689457,,
1791472895.040894,602712,frontend_frame,781,0,18850,25,8,130014208,205520896,184439808,213909504,,,,,,,,,,
1791472895.3030694,602712,tracking_feedback_accumulate,782,,18850,,,133928960,205520896,184439808,213909504,,,,,,,,2.806900069117546,,
1791472895.3070695,602712,frontend_frame,782,0,18850,25,8,134387712,205520896,184439808,213909504,,,,,,,,,,
1791472895.635965,602712,tracking_feedback_accumulate,783,,18850,,,138466304,205520896,184439808,213909504,,,,,,,,2.858100226148963,,
1791472895.6414738,602712,frontend_frame,783,0,18850,25,8,130016256,205520896,184439808,213909504,,,,,,,,,,
1791472895.986501,602712,tracking_feedback_accumulate,784,,18850,,,133931008,205520896,184439808,213909504,,,,,,,,2.9851000290364027,,
1791472895.9905014,602712,frontend_frame,784,0,18850,25,8,134389760,205520896,184439808,213909504,,,,,,,,,,
1791472896.3467827,602712,tracking_feedback_accumulate,785,,18850,,,138468352,205520896,184439808,213909504,,,,,,,,3.3430999610573053,,
1791472896.3517833,602712,frontend_frame,785,0,18850,25,8,138927104,207618048,184439808,213909504,,,,,,,,,,
1791472896.6873274,602712,tracking_feedback_accumulate,786,,18850,,,129560576,207618048,184439808,213909504,,,,,,,,2.7990001253783703,,
1791472896.692327,602712,frontend_frame,786,0,18850,25,8,130019328,207618048,184439808,213909504,,,,,,,,,,
1791472897.0579488,602712,tracking_feedback_accumulate,787,,18850,,,133934080,207618048,184439808,213909504,,,,,,,,2.9639999847859144,,
1791472897.0619493,602712,frontend_frame,787,0,18850,25,8,134392832,207618048,184439808,213909504,,,,,,,,,,
1791472897.4277403,602712,tracking_feedback_accumulate,788,,18850,,,138471424,207618048,184439808,213909504,,,,,,,,2.8967999387532473,,
1791472897.4327404,602712,frontend_frame,788,0,18850,25,8,130021376,207618048,184439808,213909504,,,,,,,,,,
1791472897.7311788,602712,tracking_feedback_accumulate,789,,18850,,,133936128,207618048,184439808,213909504,,,,,,,,2.8523998335003853,,
1791472897.7351787,602712,frontend_frame,789,0,18850,25,8,134394880,207618048,184439808,213909504,,,,,,,,,,
1791472898.086111,602712,tracking_feedback_accumulate,790,,18850,,,138473472,207618048,184439808,213909504,,,,,,,,3.1190000008791685,,
1791472898.0921106,602712,frontend_frame,790,0,18850,25,8,138932224,184549376,184439808,213909504,,,,,,,,,,
1791472898.3852787,602712,tracking_feedback_accumulate,791,,18850,,,129565696,205520896,184439808,213909504,,,,,,,,2.938699908554554,,
1791472898.3902798,602712,frontend_frame,791,0,18850,25,8,130024448,205520896,184439808,213909504,,,,,,,,,,
1791472898.7383387,602712,tracking_feedback_accumulate,792,,18850,,,133939200,205520896,184439808,213909504,,,,,,,,2.9602001886814833,,
1791472898.7438455,602712,frontend_frame,792,0,18850,25,8,134397952,205520896,184439808,213909504,,,,,,,,,,
1791472899.0744636,602712,tracking_feedback_accumulate,793,,18850,,,129567744,205520896,184439808,213909504,,,,,,,,2.842100104317069,,
1791472899.0794642,602712,frontend_frame,793,0,18850,25,8,130026496,205520896,184439808,213909504,,,,,,,,,,
1791472899.4218032,602712,tracking_feedback_accumulate,794,,18850,,,133941248,205520896,184439808,213909504,,,,,,,,3.0782001558691263,,
1791472899.4268038,602712,frontend_frame,794,0,18850,25,8,134400000,205520896,184439808,213909504,,,,,,,,,,
1791472899.8132353,602712,tracking_feedback_accumulate,795,,18850,,,138478592,205520896,184439808,213909504,,,,,,,,3.167300019413233,,
1791472899.8182344,602712,frontend_frame,795,0,18850,25,8,130028544,205520896,184439808,213909504,,,,,,,,,,
1791472900.1793585,602712,tracking_feedback_accumulate,796,,18850,,,133943296,205520896,184439808,213909504,,,,,,,,2.8667000588029623,,
1791472900.1843588,602712,frontend_frame,796,0,18850,25,8,134402048,205520896,184439808,213909504,,,,,,,,,,
1791472900.5307794,602712,tracking_feedback_accumulate,797,,18850,,,138480640,205520896,184439808,213909504,,,,,,,,2.8104002121835947,,
1791472900.535779,602712,frontend_frame,797,0,18850,25,8,138939392,207618048,184439808,213909504,,,,,,,,,,
1791472900.7912216,602712,tracking_feedback_accumulate,798,,18850,,,129572864,207618048,184439808,213909504,,,,,,,,2.916299970820546,,
1791472900.796222,602712,frontend_frame,798,0,18850,25,8,130031616,207618048,184439808,213909504,,,,,,,,,,
1791472901.1331863,602712,tracking_feedback_accumulate,799,,18850,,,133946368,207618048,184439808,213909504,,,,,,,,2.847899915650487,,
1791472901.1381865,602712,frontend_frame,799,0,18850,25,8,134405120,207618048,184439808,213909504,,,,,,,,,,
1791472901.3562596,602712,tracking_feedback_accumulate,800,,18850,,,138483712,207618048,184439808,213909504,,,,,,,,2.7302000671625137,,
1791472901.36126,602712,frontend_frame,800,0,18850,25,8,130033664,182452224,184439808,213909504,,,,,,,,,,
1791472901.6865458,602712,tracking_feedback_accumulate,801,,18850,,,134030336,203423744,184439808,213909504,,,,,,,,2.9603999573737383,,
1791472901.6915455,602712,frontend_frame,801,0,18850,25,8,134489088,203423744,184439808,213909504,,,,,,,,,,
1791472901.9571404,602712,tracking_feedback_accumulate,802,,18850,,,138403840,205520896,184439808,213909504,,,,,,,,3.1184998806566,,
1791472902.0073464,602712,frontend_frame,802,0,18850,26,8,142858240,207618048,184439808,213909504,,,,,,,,,,
1791472912.5419328,602712,tracking_feedback_accumulate,803,,19092,,,133593088,207618048,184439808,213909504,,,,,,,,2.932799980044365,,
1791472912.5469346,602712,frontend_frame,803,0,19092,26,8,134111744,207618048,184439808,213909504,,,,,,,,,,
1791472912.9201763,602712,tracking_feedback_accumulate,804,,19092,,,138026496,207618048,184439808,213909504,,,,,,,,2.9766999650746584,,
1791472912.9251761,602712,frontend_frame,804,0,19092,26,8,138543616,207618048,184439808,213909504,,,,,,,,,,
1791472913.2687366,602712,tracking_feedback_accumulate,805,,19092,,,133596672,207618048,184439808,213909504,,,,,,,,2.818100154399872,,
1791472913.274737,602712,frontend_frame,805,0,19092,26,8,134113792,207618048,184439808,213909504,,,,,,,,,,
1791472913.5558684,602712,tracking_feedback_accumulate,806,,19092,,,138028544,207618048,184439808,213909504,,,,,,,,2.7891001664102077,,
1791472913.5603726,602712,frontend_frame,806,0,19092,26,8,138545664,207618048,184439808,213909504,,,,,,,,,,
1791472913.815436,602712,tracking_feedback_accumulate,807,,19092,,,142624256,207618048,184439808,213909504,,,,,,,,2.9504001140594482,,
1791472913.821436,602712,frontend_frame,807,0,19092,26,8,134116352,207618048,184439808,213909504,,,,,,,,,,
1791472914.1011875,602712,tracking_feedback_accumulate,808,,19092,,,138113024,207618048,184439808,213909504,,,,,,,,2.877600025385618,,
1791472914.1061878,602712,frontend_frame,808,0,19092,26,8,138630144,207618048,184439808,213909504,,,,,,,,,,
1791472914.4366388,602712,tracking_feedback_accumulate,809,,19092,,,142544896,207618048,184439808,213909504,,,,,,,,3.260500030592084,,
1791472914.4416397,602712,frontend_frame,809,0,19092,26,8,143062016,207618048,184439808,213909504,,,,,,,,,,
1791472914.7549284,602712,tracking_feedback_accumulate,810,,19092,,,133602304,207618048,184439808,213909504,,,,,,,,3.0185000505298376,,
1791472914.7589273,602712,frontend_frame,810,0,19092,26,8,134119424,182452224,184439808,213909504,,,,,,,,,,
1791472915.0346613,602712,tracking_feedback_accumulate,811,,19092,,,138116096,203423744,184439808,213909504,,,,,,,,2.8425001073628664,,
1791472915.0386615,602712,frontend_frame,811,0,19092,26,8,138633216,203423744,184439808,213909504,,,,,,,,,,
1791472915.3327174,602712,tracking_feedback_accumulate,812,,19092,,,142629888,205520896,184439808,213909504,,,,,,,,2.9712000396102667,,
1791472915.3377173,602712,frontend_frame,812,0,19092,26,8,134121472,205520896,184439808,213909504,,,,,,,,,,
1791472915.6360097,602712,tracking_feedback_accumulate,813,,19092,,,138118144,205520896,184439808,213909504,,,,,,,,2.8145001269876957,,
1791472915.6400087,602712,frontend_frame,813,0,19092,26,8,138635264,205520896,184439808,213909504,,,,,,,,,,
1791472915.9502277,602712,tracking_feedback_accumulate,814,,19092,,,142550016,205520896,184439808,213909504,,,,,,,,2.833399921655655,,
1791472915.955227,602712,frontend_frame,814,0,19092,26,8,143067136,207618048,184439808,213909504,,,,,,,,,,
1791472916.298518,602712,tracking_feedback_accumulate,815,,19092,,,133607424,207618048,184439808,213909504,,,,,,,,2.9343999922275543,,
1791472916.3025181,602712,frontend_frame,815,0,19092,26,8,134124544,207618048,184439808,213909504,,,,,,,,,,
1791472916.6328151,602712,tracking_feedback_accumulate,816,,19092,,,138121216,207618048,184439808,213909504,,,,,,,,2.9316998552531004,,
1791472916.6368134,602712,frontend_frame,816,0,19092,26,8,138638336,207618048,184439808,213909504,,,,,,,,,,
1791472916.968224,602712,tracking_feedback_accumulate,817,,19092,,,142553088,207618048,184439808,213909504,,,,,,,,2.8540000785142183,,
1791472916.9739208,602712,frontend_frame,817,0,19092,26,8,134044672,207618048,184439808,213909504,,,,,,,,,,
1791472917.3473206,602712,tracking_feedback_accumulate,818,,19092,,,138123264,207618048,184439808,213909504,,,,,,,,2.883200068026781,,
1791472917.351323,602712,frontend_frame,818,0,19092,26,8,138640384,207618048,184439808,213909504,,,,,,,,,,
1791472917.6878495,602712,tracking_feedback_accumulate,819,,19092,,,142555136,207618048,184439808,213909504,,,,,,,,2.828399883583188,,
1791472917.6928508,602712,frontend_frame,819,0,19092,26,8,143072256,207618048,184439808,213909504,,,,,,,,,,
1791472917.9594738,602712,tracking_feedback_accumulate,820,,19092,,,133612544,207618048,184439808,213909504,,,,,,,,2.857599873095751,,
1791472917.9645982,602712,frontend_frame,820,0,19092,26,8,134129664,182452224,184439808,213909504,,,,,,,,,,
1791472918.3229773,602712,tracking_feedback_accumulate,821,,19092,,,138126336,203423744,184439808,213909504,,,,,,,,2.7643998619168997,,
1791472918.3279777,602712,frontend_frame,821,0,19092,26,8,138643456,203423744,184439808,213909504,,,,,,,,,,
1791472918.6272285,602712,tracking_feedback_accumulate,822,,19092,,,133614592,203423744,184439808,213909504,,,,,,,,2.8448000084608793,,
1791472918.6312284,602712,frontend_frame,822,0,19092,26,8,134131712,203423744,184439808,213909504,,,,,,,,,,
1791472919.0323474,602712,tracking_feedback_accumulate,823,,19092,,,138046464,203423744,184439808,213909504,,,,,,,,2.9804001096636057,,
1791472919.037346,602712,frontend_frame,823,0,19092,26,8,138563584,203423744,184439808,213909504,,,,,,,,,,
1791472919.365673,602712,tracking_feedback_accumulate,824,,19092,,,142642176,205520896,184439808,213909504,,,,,,,,2.953900024294853,,
1791472919.370673,602712,frontend_frame,824,0,19092,26,8,134133760,205520896,184439808,213909504,,,,,,,,,,
1791472919.6900873,602712,tracking_feedback_accumulate,825,,19092,,,138048512,205520896,184439808,213909504,,,,,,,,2.8325000312179327,,
1791472919.6950858,602712,frontend_frame,825,0,19092,26,8,138565632,205520896,184439808,213909504,,,,,,,,,,
1791472920.047918,602712,tracking_feedback_accumulate,826,,19092,,,142644224,205520896,184439808,213909504,,,,,,,,3.030200023204088,,
1791472920.0974238,602712,frontend_frame,826,0,19092,27,8,147156992,207618048,184439808,213909504,,,,,,,,,,
1791472930.5917428,602712,tracking_feedback_accumulate,827,,19492,,,137561088,207618048,184439808,213909504,,,,,,,,2.8903998900204897,,
1791472930.595742,602712,frontend_frame,827,0,19492,27,8,138173440,207618048,184439808,213909504,,,,,,,,,,
1791472930.9660854,602712,tracking_feedback_accumulate,828,,19492,,,142252032,207618048,184439808,213909504,,,,,,,,2.902299864217639,,
1791472930.971136,602712,frontend_frame,828,0,19492,27,8,142861824,207618048,184439808,213909504,,,,,,,,,,
1791472931.350512,602712,tracking_feedback_accumulate,829,,19492,,,137647616,207618048,184439808,213909504,,,,,,,,3.1551001593470573,,
1791472931.3565116,602712,frontend_frame,829,0,19492,27,8,138257408,207618048,184439808,213909504,,,,,,,,,,
1791472931.5791428,602712,tracking_feedback_accumulate,830,,19492,,,142254080,207618048,184439808,213909504,,,,,,,,2.9070000164210796,,
1791472931.5841427,602712,frontend_frame,830,0,19492,27,8,142863872,182452224,184439808,213909504,,,,,,,,,,
1791472931.961254,602712,tracking_feedback_accumulate,831,,19492,,,146778624,207618048,188493824,213909504,,,,,,,,2.9060998931527138,,
1791472931.966254,602712,frontend_frame,831,0,19492,27,8,138178048,207618048,188493824,213909504,,,,,,,,,,
1791472932.3690987,602712,tracking_feedback_accumulate,832,,19492,,,142256640,207618048,188493824,213909504,,,,,,,,2.86679994314909,,
1791472932.374098,602712,frontend_frame,832,0,19492,27,8,142866432,207618048,188493824,213909504,,,,,,,,,,
1791472932.6402266,602712,tracking_feedback_accumulate,833,,19492,,,146781184,207618048,188496384,213909504,,,,,,,,2.8582001104950905,,
1791472932.6452255,602712,frontend_frame,833,0,19492,27,8,147390976,207618048,188496384,213909504,,,,,,,,,,
1791472933.0350082,602712,tracking_feedback_accumulate,834,,19492,,,137653248,207618048,188496384,213909504,,,,,,,,2.9567000456154346,,
1791472933.0390112,602712,frontend_frame,834,0,19492,27,8,138263040,207618048,188496384,213909504,,,,,,,,,,
1791472933.34177,602712,tracking_feedback_accumulate,835,,19492,,,142259712,207618048,188496384,213909504,,,,,,,,2.844500122591853,,
1791472933.34577,602712,frontend_frame,835,0,19492,27,8,142869504,207618048,188496384,213909504,,,,,,,,,,
1791472933.5862901,602712,tracking_feedback_accumulate,836,,19492,,,146866176,207618048,188499456,213909504,,,,,,,,2.80030001886189,,
1791472933.5922887,602712,frontend_frame,836,0,19492,27,8,138265088,207618048,188499456,213909504,,,,,,,,,,
1791472933.9172294,602712,tracking_feedback_accumulate,837,,19492,,,142261760,207618048,188499456,213909504,,,,,,,,2.998699899762869,,
1791472933.9222288,602712,frontend_frame,837,0,19492,27,8,142871552,207618048,188499456,213909504,,,,,,,,,,
1791472934.2294195,602712,tracking_feedback_accumulate,838,,19492,,,146786304,207618048,188501504,213909504,,,,,,,,2.9317999724298716,,
1791472934.2344203,602712,frontend_frame,838,0,19492,27,8,147396096,207618048,188501504,213909504,,,,,,,,,,
1791472934.5867786,602712,tracking_feedback_accumulate,839,,19492,,,137658368,207618048,188501504,213909504,,,,,,,,2.899200189858675,,
1791472934.5907788,602712,frontend_frame,839,0,19492,27,8,138268160,207618048,188501504,213909504,,,,,,,,,,
1791472934.9261606,602712,tracking_feedback_accumulate,840,,19492,,,142182912,207618048,188501504,213909504,,,,,,,,2.9190999921411276,,
1791472934.9311614,602712,frontend_frame,840,0,19492,27,8,142792704,182452224,188501504,213909504,,,,,,,,,,
1791472935.1899712,602712,tracking_feedback_accumulate,841,,19492,,,146871296,205520896,188504576,213909504,,,,,,,,2.784899901598692,,
1791472935.1949713,602712,frontend_frame,841,0,19492,27,8,138270208,205520896,188504576,213909504,,,,,,,,,,
1791472935.4931042,602712,tracking_feedback_accumulate,842,,19492,,,142184960,205520896,188504576,213909504,,,,,,,,2.897900063544512,,
1791472935.497159,602712,frontend_frame,842,0,19492,27,8,142794752,205520896,188504576,213909504,,,,,,,,,,
1791472935.8015206,602712,tracking_feedback_accumulate,843,,19492,,,146873344,207618048,188506624,213909504,,,,,,,,2.99249985255301,,
1791472935.8075206,602712,frontend_frame,843,0,19492,27,8,138272256,207618048,188506624,213909504,,,,,,,,,,
1791472936.190772,602712,tracking_feedback_accumulate,844,,19492,,,142268928,207618048,188506624,213909504,,,,,,,,2.9813998844474554,,
1791472936.1947706,602712,frontend_frame,844,0,19492,27,8,142878720,207618048,188506624,213909504,,,,,,,,,,
1791472936.5276415,602712,tracking_feedback_accumulate,845,,19492,,,146875392,207618048,188508672,213909504,,,,,,,,2.858199877664447,,
1791472936.532642,602712,frontend_frame,845,0,19492,27,8,147485184,207618048,188508672,213909504,,,,,,,,,,
1791472936.912761,602712,tracking_feedback_accumulate,846,,19492,,,142189056,207618048,188508672,213909504,,,,,,,,2.9966000001877546,,
1791472936.916761,602712,frontend_frame,846,0,19492,27,8,142798848,207618048,188508672,213909504,,,,,,,,,,
1791472937.3037257,602712,tracking_feedback_accumulate,847,,19492,,,146877440,207618048,188510720,213909504,,,,,,,,2.844899892807007,,
1791472937.3077285,602712,frontend_frame,847,0,19492,27,8,147487232,207618048,188510720,213909504,,,,,,,,,,
1791472937.6217875,602712,tracking_feedback_accumulate,848,,19492,,,151483904,211812352,193117184,213909504,,,,,,,,2.997900126501918,,
1791472937.6267867,602712,frontend_frame,848,0,19492,27,8,142882816,211812352,193117184,213909504,,,,,,,,,,
1791472937.9241035,602712,tracking_feedback_accumulate,849,,19492,,,146797568,211812352,193117184,213909504,,,,,,,,2.9177998658269644,,
1791472937.9291031,602712,frontend_frame,849,0,19492,27,8,147407360,211812352,193117184,213909504,,,,,,,,,,
1791472938.2661617,602712,tracking_feedback_accumulate,850,,19492,,,151485952,211812352,193119232,213909504,,,,,,,,3.0123998876661062,,
1791472938.2721627,602712,frontend_frame,850,0,19492,27,8,152095744,190840832,193119232,213909504,,,,,,,,,,
1791472938.6166773,602712,tracking_feedback_accumulate,851,,19492,,,142276096,211812352,193119232,213909504,,,,,,,,2.91569996625185,,
1791472938.6216772,602712,frontend_frame,851,0,19492,27,8,142885888,211812352,193119232,213909504,,,,,,,,,,
1791472938.9750397,602712,tracking_feedback_accumulate,852,,19492,,,146800640,211812352,193119232,213909504,,,,,,,,2.8135001193732023,,
1791472938.9790397,602712,frontend_frame,852,0,19492,27,8,147410432,211812352,193119232,213909504,,,,,,,,,,
1791472939.203926,602712,tracking_feedback_accumulate,853,,19492,,,151489024,211812352,193122304,213909504,,,,,,,,2.8336001560091972,,
1791472939.2539952,602712,frontend_frame,853,0,19492,28,8,146883584,211812352,193122304,213909504,,,,,,,,,,
1791472949.7601805,602712,tracking_feedback_accumulate,854,,19864,,,150907392,211812352,193122304,213909504,,,,,,,,3.1327998731285334,,
1791472949.7651806,602712,frontend_frame,854,0,19864,28,8,151608320,211812352,193122304,213909504,,,,,,,,,,
1791472950.0735345,602712,tracking_feedback_accumulate,855,,19864,,,155523072,232783872,197209088,232783872,,,,,,,,2.8626001439988613,,
1791472950.0795364,602712,frontend_frame,855,0,19864,28,8,146921984,232783872,197209088,232783872,,,,,,,,,,
1791472950.4237409,602712,tracking_feedback_accumulate,856,,19864,,,151000576,232783872,197209088,232783872,,,,,,,,2.870099851861596,,
1791472950.428741,602712,frontend_frame,856,0,19864,28,8,151698944,232783872,197209088,232783872,,,,,,,,,,
1791472950.754991,602712,tracking_feedback_accumulate,857,,19864,,,155613696,232783872,197289984,232783872,,,,,,,,5.624100100249052,,
1791472950.76099,602712,frontend_frame,857,0,19864,28,8,156312064,234881024,197289984,234881024,,,,,,,,,,
1791472951.0762148,602712,tracking_feedback_accumulate,858,,19864,,,146308608,234881024,197289984,234881024,,,,,,,,2.834900049492717,,
1791472951.081218,602712,frontend_frame,858,0,19864,28,8,147007488,234881024,197289984,234881024,,,,,,,,,,
1791472951.279045,602712,tracking_feedback_accumulate,859,,19864,,,151004160,234881024,197289984,234881024,,,,,,,,3.074399894103408,,
1791472951.2830462,602712,frontend_frame,859,0,19864,28,8,151702528,234881024,197289984,234881024,,,,,,,,,,
1791472951.6756685,602712,tracking_feedback_accumulate,860,,19864,,,155617280,234881024,197386752,234881024,,,,,,,,2.9189998749643564,,
1791472951.6816733,602712,frontend_frame,860,0,19864,28,8,146927616,186646528,197386752,234881024,,,,,,,,,,
1791472952.0154645,602712,tracking_feedback_accumulate,861,,19864,,,151006208,207618048,197386752,234881024,,,,,,,,2.8828999493271112,,
1791472952.020465,602712,frontend_frame,861,0,19864,28,8,151704576,209715200,197386752,234881024,,,,,,,,,,
1791472952.3358722,602712,tracking_feedback_accumulate,862,,19864,,,155701248,232783872,197386752,234881024,,,,,,,,2.7734001632779837,,
1791472952.3418736,602712,frontend_frame,862,0,19864,28,8,156399616,234881024,197386752,234881024,,,,,,,,,,
1791472952.7196991,602712,tracking_feedback_accumulate,863,,19864,,,146232320,234881024,197386752,234881024,,,,,,,,2.8584999963641167,,
1791472952.7246988,602712,frontend_frame,863,0,19864,28,8,146930688,234881024,197386752,234881024,,,,,,,,,,
1791472953.0397224,602712,tracking_feedback_accumulate,864,,19864,,,151009280,234881024,197386752,234881024,,,,,,,,2.9249999206513166,,
1791472953.0447235,602712,frontend_frame,864,0,19864,28,8,151707648,234881024,197386752,234881024,,,,,,,,,,
1791472953.3221009,602712,tracking_feedback_accumulate,865,,19864,,,155622400,234881024,197386752,234881024,,,,,,,,2.917699981480837,,
1791472953.327101,602712,frontend_frame,865,0,19864,28,8,142327296,234881024,197386752,234881024,,,,,,,,,,
1791472953.6696374,602712,tracking_feedback_accumulate,866,,19864,,,146405888,234881024,197386752,234881024,,,,,,,,2.868700074031949,,
1791472953.674446,602712,frontend_frame,866,0,19864,28,8,147104256,234881024,197386752,234881024,,,,,,,,,,
1791472954.0161629,602712,tracking_feedback_accumulate,867,,19864,,,151100928,234881024,197386752,234881024,,,,,,,,2.9164000879973173,,
1791472954.0211627,602712,frontend_frame,867,0,19864,28,8,142411264,234881024,197386752,234881024,,,,,,,,,,
1791472954.3705175,602712,tracking_feedback_accumulate,868,,19864,,,146407936,234881024,197386752,234881024,,,,,,,,2.9933000914752483,,
1791472954.375517,602712,frontend_frame,868,0,19864,28,8,147106304,234881024,197386752,234881024,,,,,,,,,,
1791472954.7401795,602712,tracking_feedback_accumulate,869,,19864,,,151102976,234881024,197386752,234881024,,,,,,,,2.9444999527186155,,
1791472954.7451792,602712,frontend_frame,869,0,19864,28,8,151801344,234881024,197386752,234881024,,,,,,,,,,
1791472955.0699055,602712,tracking_feedback_accumulate,870,,19864,,,146328064,234881024,197386752,234881024,,,,,,,,2.7890000492334366,,
1791472955.074906,602712,frontend_frame,870,0,19864,28,8,147026432,184549376,197386752,234881024,,,,,,,,,,
1791472955.345783,602712,tracking_feedback_accumulate,871,,19864,,,151105024,207618048,197386752,234881024,,,,,,,,2.9123998247087,,
1791472955.3507836,602712,frontend_frame,871,0,19864,28,8,151803392,209715200,197386752,234881024,,,,,,,,,,
1791472955.6991372,602712,tracking_feedback_accumulate,872,,19864,,,155800064,211812352,197491200,234881024,,,,,,,,3.0213999561965466,,
1791472955.7042181,602712,frontend_frame,872,0,19864,28,8,147110400,211812352,197491200,234881024,,,,,,,,,,
1791472956.0165782,602712,tracking_feedback_accumulate,873,,19864,,,151107072,232783872,197491200,234881024,,,,,,,,2.986700041219592,,
1791472956.021579,602712,frontend_frame,873,0,19864,28,8,151805440,232783872,197491200,234881024,,,,,,,,,,
1791472956.3591487,602712,tracking_feedback_accumulate,874,,19864,,,155720192,232783872,197494272,234881024,,,,,,,,2.8461001347750425,,
1791472956.364149,602712,frontend_frame,874,0,19864,28,8,156418560,234881024,197494272,234881024,,,,,,,,,,
1791472956.686587,602712,tracking_feedback_accumulate,875,,19864,,,146415104,234881024,197494272,234881024,,,,,,,,2.9703001491725445,,
1791472956.6955874,602712,frontend_frame,875,0,19864,28,8,147113472,234881024,197494272,234881024,,,,,,,,,,
1791472957.0887783,602712,tracking_feedback_accumulate,876,,19864,,,151110144,234881024,197494272,234881024,,,,,,,,2.908100141212344,,
1791472957.0927775,602712,frontend_frame,876,0,19864,28,8,151808512,234881024,197494272,234881024,,,,,,,,,,
1791472957.4456873,602712,tracking_feedback_accumulate,877,,19864,,,155723264,234881024,197494272,234881024,,,,,,,,2.916299970820546,,
1791472957.4516883,602712,frontend_frame,877,0,19864,28,8,147033600,234881024,197494272,234881024,,,,,,,,,,
1791472957.7548857,602712,tracking_feedback_accumulate,878,,19864,,,151112192,234881024,197494272,234881024,,,,,,,,2.8746998868882656,,
1791472957.7598855,602712,frontend_frame,878,0,19864,28,8,151810560,234881024,197494272,234881024,,,,,,,,,,
1791472958.0756006,602712,tracking_feedback_accumulate,879,,19864,,,155807232,234881024,197494272,234881024,,,,,,,,2.8562000952661037,,
1791472958.0795999,602712,frontend_frame,879,0,19864,28,8,156505600,234881024,197494272,234881024,,,,,,,,,,
1791472958.4049704,602712,tracking_feedback_accumulate,880,,19864,,,146420224,234881024,197494272,234881024,,,,,,,,2.907699905335903,,
1791472958.409972,602712,frontend_frame,880,0,19864,28,8,147118592,188743680,197494272,234881024,,,,,,,,,,
1791472958.7774646,602712,tracking_feedback_accumulate,881,,19864,,,151115264,230686720,197494272,234881024,,,,,,,,2.97189992852509,,
1791472958.7824647,602712,frontend_frame,881,0,19864,28,8,151813632,230686720,197494272,234881024,,,,,,,,,,
1791472959.0838678,602712,tracking_feedback_accumulate,882,,19864,,,155810304,232783872,197499904,234881024,,,,,,,,2.9223000165075064,,
1791472959.0898714,602712,frontend_frame,882,0,19864,28,8,147120640,232783872,197499904,234881024,,,,,,,,,,
1791472959.303745,602712,tracking_feedback_accumulate,883,,19864,,,151035392,232783872,197499904,234881024,,,,,,,,2.826299984008074,,
1791472959.3087957,602712,frontend_frame,883,0,19864,28,8,151733760,232783872,197499904,234881024,,,,,,,,,,
1791472959.6782975,602712,tracking_feedback_accumulate,884,,19864,,,155812352,232783872,197499904,234881024,,,,,,,,2.9430000577121973,,
1791472959.683297,602712,frontend_frame,884,0,19864,28,8,147122688,232783872,197499904,234881024,,,,,,,,,,
1791472960.0409408,602712,tracking_feedback_accumulate,885,,19864,,,151037440,232783872,197499904,234881024,,,,,,,,2.9068998992443085,,
1791472960.0449414,602712,frontend_frame,885,0,19864,28,8,151735808,232783872,197499904,234881024,,,,,,,,,,
1791472960.4522336,602712,tracking_feedback_accumulate,886,,19864,,,155814400,232783872,197521408,234881024,,,,,,,,2.95590003952384,,
1791472960.4572334,602712,frontend_frame,886,0,19864,28,8,156512768,234881024,197521408,234881024,,,,,,,,,,
1791472960.8185349,602712,tracking_feedback_accumulate,887,,19864,,,151121408,234881024,197521408,234881024,,,,,,,,2.954200142994523,,
1791472960.8225355,602712,frontend_frame,887,0,19864,28,8,151819776,234881024,197521408,234881024,,,,,,,,,,
1791472961.1835508,602712,tracking_feedback_accumulate,888,,19864,,,155734528,234881024,197521408,234881024,,,,,,,,2.8747001197189093,,
1791472961.187551,602712,frontend_frame,888,0,19864,28,8,156432896,234881024,197521408,234881024,,,,,,,,,,
1791472961.5344806,602712,tracking_feedback_accumulate,889,,19864,,,160511488,236978176,202207232,236978176,,,,,,,,2.8158000204712152,,
1791472961.5394819,602712,frontend_frame,889,0,19864,28,8,151821824,236978176,202207232,236978176,,,,,,,,,,
1791472961.914508,602712,tracking_feedback_accumulate,890,,19864,,,155818496,236978176,202207232,236978176,,,,,,,,2.8135001193732023,,
1791472961.9195085,602712,frontend_frame,890,0,19864,28,8,156516864,192937984,202207232,236978176,,,,,,,,,,
1791472962.3617957,602712,tracking_feedback_accumulate,891,,19864,,,160431616,216006656,202207232,236978176,,,,,,,,2.9514001216739416,,
1791472962.3667955,602712,frontend_frame,891,0,19864,28,8,161129984,218103808,202207232,236978176,,,,,,,,,,
1791472962.713534,602712,tracking_feedback_accumulate,892,,19864,,,151126528,218103808,202207232,236978176,,,,,,,,2.8375000692903996,,
1791472962.718534,602712,frontend_frame,892,0,19864,28,8,151824896,218103808,202207232,236978176,,,,,,,,,,
1791472963.087748,602712,tracking_feedback_accumulate,893,,19864,,,155739648,239075328,202207232,239075328,,,,,,,,2.9327000956982374,,
1791472963.0927484,602712,frontend_frame,893,0,19864,28,8,156438016,239075328,202207232,239075328,,,,,,,,,,
1791472963.4067981,602712,tracking_feedback_accumulate,894,,19864,,,160516608,239075328,202207232,239075328,,,,,,,,2.882600063458085,,
1791472963.4123034,602712,frontend_frame,894,0,19864,28,8,142438912,239075328,202207232,239075328,,,,,,,,,,
1791472963.7924926,602712,tracking_feedback_accumulate,895,,19864,,,146435584,239075328,202207232,239075328,,,,,,,,2.9346998780965805,,
1791472963.7974956,602712,frontend_frame,895,0,19864,28,8,147133952,239075328,202207232,239075328,,,,,,,,,,
1791472964.0828931,602712,tracking_feedback_accumulate,896,,19864,,,151048704,239075328,202207232,239075328,,,,,,,,3.028000006452203,,
1791472964.087893,602712,frontend_frame,896,0,19864,28,8,151747072,239075328,202207232,239075328,,,,,,,,,,
1791472964.521728,602712,tracking_feedback_accumulate,897,,19864,,,141743616,239075328,202207232,239075328,,,,,,,,2.823200076818466,,
1791472964.5267282,602712,frontend_frame,897,0,19864,28,8,142441984,239075328,202207232,239075328,,,,,,,,,,
1791472964.8998303,602712,tracking_feedback_accumulate,898,,19864,,,146438656,239075328,202207232,239075328,,,,,,,,2.88210017606616,,
1791472964.9048305,602712,frontend_frame,898,0,19864,28,8,147137024,239075328,202207232,239075328,,,,,,,,,,
1791472965.2342567,602712,tracking_feedback_accumulate,899,,19864,,,151051776,239075328,202207232,239075328,,,,,,,,2.825499977916479,,
1791472965.2399063,602712,frontend_frame,899,0,19864,28,8,142362112,239075328,202207232,239075328,,,,,,,,,,
1791472965.616081,602712,tracking_feedback_accumulate,900,,19864,,,146440704,239075328,202207232,239075328,,,,,,,,2.930799964815378,,
1791472965.6220827,602712,frontend_frame,900,0,19864,28,8,147139072,186646528,202207232,239075328,,,,,,,,,,
1791472966.002938,602712,tracking_feedback_accumulate,901,,19864,,,151135744,207618048,202207232,239075328,,,,,,,,3.177500097081065,,
1791472966.0079384,602712,frontend_frame,901,0,19864,28,8,151834112,209715200,202207232,239075328,,,,,,,,,,
1791472966.3653994,602712,tracking_feedback_accumulate,902,,19864,,,141748736,230686720,202207232,239075328,,,,,,,,2.9283000621944666,,
1791472966.3703983,602712,frontend_frame,902,0,19864,28,8,142447104,230686720,202207232,239075328,,,,,,,,,,
1791472966.6833093,602712,tracking_feedback_accumulate,903,,19864,,,146443776,230686720,202207232,239075328,,,,,,,,2.8385999612510204,,
1791472966.6883094,602712,frontend_frame,903,0,19864,28,8,147142144,230686720,202207232,239075328,,,,,,,,,,
1791472967.0149167,602712,tracking_feedback_accumulate,904,,19864,,,141668864,230686720,202207232,239075328,,,,,,,,2.8355999384075403,,
1791472967.0189154,602712,frontend_frame,904,0,19864,28,8,142367232,230686720,202207232,239075328,,,,,,,,,,
1791472967.2825375,602712,tracking_feedback_accumulate,905,,19864,,,146445824,230686720,202207232,239075328,,,,,,,,2.8680001851171255,,
1791472967.2875364,602712,frontend_frame,905,0,19864,28,8,147144192,230686720,202207232,239075328,,,,,,,,,,
1791472967.6273792,602712,tracking_feedback_accumulate,906,,19864,,,151058944,230686720,202207232,239075328,,,,,,,,2.920099999755621,,
1791472967.6323788,602712,frontend_frame,906,0,19864,28,8,142369280,230686720,202207232,239075328,,,,,,,,,,
1791472968.0076573,602712,tracking_feedback_accumulate,907,,19864,,,146447872,230686720,202207232,239075328,,,,,,,,2.903599990531802,,
1791472968.0126855,602712,frontend_frame,907,0,19864,28,8,147146240,230686720,202207232,239075328,,,,,,,,,,
1791472968.3787608,602712,tracking_feedback_accumulate,908,,19864,,,151142912,230686720,202207232,239075328,,,,,,,,3.022500080987811,,
1791472968.3827612,602712,frontend_frame,908,0,19864,28,8,151841280,230686720,202207232,239075328,,,,,,,,,,
1791472968.765043,602712,tracking_feedback_accumulate,909,,19864,,,141673984,230686720,202207232,239075328,,,,,,,,2.9730999376624823,,
1791472968.7700424,602712,frontend_frame,909,0,19864,28,8,142372352,230686720,202207232,239075328,,,,,,,,,,
1791472969.1227112,602712,tracking_feedback_accumulate,910,,19864,,,146450944,230686720,202207232,239075328,,,,,,,,2.9293999541550875,,
1791472969.1277122,602712,frontend_frame,910,0,19864,28,8,147149312,186646528,202207232,239075328,,,,,,,,,,
1791472969.5291405,602712,tracking_feedback_accumulate,911,,19864,,,151064064,228589568,202207232,239075328,,,,,,,,2.847899915650487,,
1791472969.5351403,602712,frontend_frame,911,0,19864,28,8,142374400,228589568,202207232,239075328,,,,,,,,,,
1791472969.8954048,602712,tracking_feedback_accumulate,912,,19864,,,146452992,228589568,202207232,239075328,,,,,,,,2.8976001776754856,,
1791472969.8994064,602712,frontend_frame,912,0,19864,28,8,147151360,228589568,202207232,239075328,,,,,,,,,,
1791472970.269624,602712,tracking_feedback_accumulate,913,,19864,,,151148032,228589568,202207232,239075328,,,,,,,,2.9165998566895723,,
1791472970.2747319,602712,frontend_frame,913,0,19864,28,8,151846400,230686720,202207232,239075328,,,,,,,,,,
1791472970.6699169,602712,tracking_feedback_accumulate,914,,19864,,,141679104,230686720,202207232,239075328,,,,,,,,2.9086999129503965,,
1791472970.6749158,602712,frontend_frame,914,0,19864,28,8,142377472,230686720,202207232,239075328,,,,,,,,,,
1791472971.0626426,602712,tracking_feedback_accumulate,915,,19864,,,146456064,230686720,202207232,239075328,,,,,,,,3.575999988242984,,
1791472971.0666428,602712,frontend_frame,915,0,19864,28,8,147154432,230686720,202207232,239075328,,,,,,,,,,
1791472971.3482618,602712,tracking_feedback_accumulate,916,,19864,,,151069184,230686720,202207232,239075328,,,,,,,,2.832300029695034,,
1791472971.3532622,602712,frontend_frame,916,0,19864,28,8,142379520,230686720,202207232,239075328,,,,,,,,,,
1791472971.7447934,602712,tracking_feedback_accumulate,917,,19864,,,146458112,230686720,202207232,239075328,,,,,,,,2.876600017771125,,
1791472971.7487926,602712,frontend_frame,917,0,19864,28,8,147156480,230686720,202207232,239075328,,,,,,,,,,
1791472972.0960047,602712,tracking_feedback_accumulate,918,,19864,,,151071232,230686720,202207232,239075328,,,,,,,,2.876299899071455,,
1791472972.100005,602712,frontend_frame,918,0,19864,28,8,151769600,230686720,202207232,239075328,,,,,,,,,,
1791472972.4686353,602712,tracking_feedback_accumulate,919,,19864,,,141766144,230686720,202207232,239075328,,,,,,,,2.956199925392866,,
1791472972.4726348,602712,frontend_frame,919,0,19864,28,8,142464512,230686720,202207232,239075328,,,,,,,,,,
1791472972.7178764,602712,tracking_feedback_accumulate,920,,19864,,,146379264,230686720,202207232,239075328,,,,,,,,2.9002998489886522,,
1791472972.7278762,602712,frontend_frame,920,0,19864,28,8,147077632,186646528,202207232,239075328,,,,,,,,,,
1791472973.1031451,602712,tracking_feedback_accumulate,921,,19864,,,141768192,207618048,202207232,239075328,,,,,,,,2.9278001748025417,,
1791472973.1081443,602712,frontend_frame,921,0,19864,28,8,142466560,207618048,202207232,239075328,,,,,,,,,,
1791472973.4440026,602712,tracking_feedback_accumulate,922,,19864,,,146463232,207618048,202207232,239075328,,,,,,,,2.9833000153303146,,
1791472973.4480035,602712,frontend_frame,922,0,19864,28,8,147161600,207618048,202207232,239075328,,,,,,,,,,
1791472973.8230045,602712,tracking_feedback_accumulate,923,,19864,,,151076352,228589568,202207232,239075328,,,,,,,,2.921199891716242,,
1791472973.828005,602712,frontend_frame,923,0,19864,28,8,142386688,228589568,202207232,239075328,,,,,,,,,,
1791472974.1214333,602712,tracking_feedback_accumulate,924,,19864,,,146465280,228589568,202207232,239075328,,,,,,,,2.8603998944163322,,
1791472974.1265018,602712,frontend_frame,924,0,19864,28,8,147163648,228589568,202207232,239075328,,,,,,,,,,
1791472974.4768276,602712,tracking_feedback_accumulate,925,,19864,,,151160320,228589568,202207232,239075328,,,,,,,,2.922800136730075,,
1791472974.5311277,602712,frontend_frame,925,0,19864,29,8,155854336,230686720,202207232,239075328,,,,,,,,,,
1791472985.1631808,602712,tracking_feedback_accumulate,926,,20282,,,145798656,230686720,202207232,239075328,,,,,,,,2.752099884673953,,
1791472985.1681821,602712,frontend_frame,926,0,20282,29,8,146598400,230686720,202207232,239075328,,,,,,,,,,
1791472985.5049984,602712,tracking_feedback_accumulate,927,,20282,,,150595072,230686720,202207232,239075328,,,,,,,,2.8923999052494764,,
1791472985.5095496,602712,frontend_frame,927,0,20282,29,8,151392256,230686720,202207232,239075328,,,,,,,,,,
1791472985.8430436,602712,tracking_feedback_accumulate,928,,20282,,,145803264,230686720,202207232,239075328,,,,,,,,2.9366000089794397,,
1791472985.8490446,602712,frontend_frame,928,0,20282,29,8,146600448,230686720,202207232,239075328,,,,,,,,,,
1791472986.1922705,602712,tracking_feedback_accumulate,929,,20282,,,150515200,230686720,202207232,239075328,,,,,,,,2.805700059980154,,
1791472986.1972718,602712,frontend_frame,929,0,20282,29,8,151312384,230686720,202207232,239075328,,,,,,,,,,
1791472986.4196305,602712,tracking_feedback_accumulate,930,,20282,,,155390976,230686720,202207232,239075328,,,,,,,,2.849099924787879,,
1791472986.4246309,602712,frontend_frame,930,0,20282,29,8,146603008,186646528,202207232,239075328,,,,,,,,,,
1791472986.7961483,602712,tracking_feedback_accumulate,931,,20282,,,150517760,228589568,202207232,239075328,,,,,,,,2.7631998527795076,,
1791472986.8011484,602712,frontend_frame,931,0,20282,29,8,151314944,228589568,202207232,239075328,,,,,,,,,,
1791472987.183158,602712,tracking_feedback_accumulate,932,,20282,,,155393536,228589568,202207232,239075328,,,,,,,,3.0307001434266567,,
1791472987.1881592,602712,frontend_frame,932,0,20282,29,8,156190720,230686720,202207232,239075328,,,,,,,,,,
1791472987.5963767,602712,tracking_feedback_accumulate,933,,20282,,,145808896,230686720,202207232,239075328,,,,,,,,2.882499946281314,,
1791472987.6003766,602712,frontend_frame,933,0,20282,29,8,146606080,230686720,202207232,239075328,,,,,,,,,,
1791472987.970617,602712,tracking_feedback_accumulate,934,,20282,,,150520832,230686720,202207232,239075328,,,,,,,,3.0459000263363123,,
1791472987.9756184,602712,frontend_frame,934,0,20282,29,8,151318016,230686720,202207232,239075328,,,,,,,,,,
1791472988.3559582,602712,tracking_feedback_accumulate,935,,20282,,,155396608,230686720,202207232,239075328,,,,,,,,2.9033999890089035,,
1791472988.3609579,602712,frontend_frame,935,0,20282,29,8,146608128,230686720,202207232,239075328,,,,,,,,,,
1791472988.690298,602712,tracking_feedback_accumulate,936,,20282,,,150522880,230686720,202207232,239075328,,,,,,,,2.861300017684698,,
1791472988.6952987,602712,frontend_frame,936,0,20282,29,8,151320064,230686720,202207232,239075328,,,,,,,,,,
1791472988.9669304,602712,tracking_feedback_accumulate,937,,20282,,,155398656,230686720,202207232,239075328,,,,,,,,2.8298001270741224,,
1791472988.9709568,602712,frontend_frame,937,0,20282,29,8,156195840,230686720,202207232,239075328,,,,,,,,,,
1791472989.2615757,602712,tracking_feedback_accumulate,938,,20282,,,145732096,230686720,202207232,239075328,,,,,,,,2.800100017338991,,
1791472989.2665758,602712,frontend_frame,938,0,20282,29,8,146529280,230686720,202207232,239075328,,,,,,,,,,
1791472989.6549213,602712,tracking_feedback_accumulate,939,,20282,,,150607872,230686720,202207232,239075328,,,,,,,,2.831700025126338,,
1791472989.6599205,602712,frontend_frame,939,0,20282,29,8,151405056,230686720,202207232,239075328,,,,,,,,,,
1791472990.0432673,602712,tracking_feedback_accumulate,940,,20282,,,155319808,230686720,202207232,239075328,,,,,,,,2.893500030040741,,
1791472990.0482664,602712,frontend_frame,940,0,20282,29,8,146531328,186646528,202207232,239075328,,,,,,,,,,
1791472990.4016402,602712,tracking_feedback_accumulate,941,,20282,,,150609920,228589568,202207232,239075328,,,,,,,,3.1177999917417765,,
1791472990.4056396,602712,frontend_frame,941,0,20282,29,8,151407104,228589568,202207232,239075328,,,,,,,,,,
1791472990.776657,602712,tracking_feedback_accumulate,942,,20282,,,155403776,228589568,202207232,239075328,,,,,,,,2.8480999171733856,,
1791472990.7816565,602712,frontend_frame,942,0,20282,29,8,146615296,228589568,202207232,239075328,,,,,,,,,,
1791472991.1402218,602712,tracking_feedback_accumulate,943,,20282,,,150530048,228589568,202207232,239075328,,,,,,,,2.8864999767392874,,
1791472991.1452217,602712,frontend_frame,943,0,20282,29,8,151327232,228589568,202207232,239075328,,,,,,,,,,
1791472991.4535801,602712,tracking_feedback_accumulate,944,,20282,,,155405824,228589568,202207232,239075328,,,,,,,,2.8925000224262476,,
1791472991.4595804,602712,frontend_frame,944,0,20282,29,8,156203008,230686720,202207232,239075328,,,,,,,,,,
1791472991.8177176,602712,tracking_feedback_accumulate,945,,20282,,,150532096,230686720,202207232,239075328,,,,,,,,2.885499969124794,,
1791472991.8217194,602712,frontend_frame,945,0,20282,29,8,151329280,230686720,202207232,239075328,,,,,,,,,,
1791472992.191226,602712,tracking_feedback_accumulate,946,,20282,,,155407872,230686720,202207232,239075328,,,,,,,,2.8389000799506903,,
1791472992.1952262,602712,frontend_frame,946,0,20282,29,8,156205056,230686720,202207232,239075328,,,,,,,,,,
1791472992.5756075,602712,tracking_feedback_accumulate,947,,20282,,,160201728,232783872,202207232,239075328,,,,,,,,2.7662001084536314,,
1791472992.5806074,602712,frontend_frame,947,0,20282,29,8,151413248,232783872,202207232,239075328,,,,,,,,,,
1791472992.9839258,602712,tracking_feedback_accumulate,948,,20282,,,155328000,232783872,202207232,239075328,,,,,,,,2.9329999815672636,,
1791472992.9889238,602712,frontend_frame,948,0,20282,29,8,156125184,232783872,202207232,239075328,,,,,,,,,,
1791472993.2820804,602712,tracking_feedback_accumulate,949,,20282,,,160203776,232783872,202207232,239075328,,,,,,,,2.7326999697834253,,
1791472993.2870805,602712,frontend_frame,949,0,20282,29,8,161000960,234881024,202207232,239075328,,,,,,,,,,
1791472993.6528165,602712,tracking_feedback_accumulate,950,,20282,,,150537216,234881024,202207232,239075328,,,,,,,,2.918299986049533,,
1791472993.6578176,602712,frontend_frame,950,0,20282,29,8,151334400,186646528,202207232,239075328,,,,,,,,,,
1791472993.9836633,602712,tracking_feedback_accumulate,951,,20282,,,155412992,228589568,202207232,239075328,,,,,,,,2.917099976912141,,
1791472993.9886644,602712,frontend_frame,951,0,20282,29,8,156210176,230686720,202207232,239075328,,,,,,,,,,
1791472994.3704634,602712,tracking_feedback_accumulate,952,,20282,,,160206848,232783872,202207232,239075328,,,,,,,,2.8134998865425587,,
1791472994.376137,602712,frontend_frame,952,0,20282,29,8,146625536,232783872,202207232,239075328,,,,,,,,,,
1791472994.7198455,602712,tracking_feedback_accumulate,953,,20282,,,150622208,232783872,202207232,239075328,,,,,,,,3.083399962633848,,
1791472994.7248483,602712,frontend_frame,953,0,20282,29,8,151419392,232783872,202207232,239075328,,,,,,,,,,
1791472995.035386,602712,tracking_feedback_accumulate,954,,20282,,,155416064,232783872,202207232,239075328,,,,,,,,2.824700204655528,,
1791472995.040431,602712,frontend_frame,954,0,20282,29,8,156213248,232783872,202207232,239075328,,,,,,,,,,
1791472995.387672,602712,tracking_feedback_accumulate,955,,20282,,,145749504,232783872,202207232,239075328,,,,,,,,2.9793998692184687,,
1791472995.3921793,602712,frontend_frame,955,0,20282,29,8,146546688,232783872,202207232,239075328,,,,,,,,,,
1791472995.627104,602712,tracking_feedback_accumulate,956,,20282,,,150625280,232783872,202207232,239075328,,,,,,,,2.871900098398328,,
1791472995.632104,602712,frontend_frame,956,0,20282,29,8,151422464,232783872,202207232,239075328,,,,,,,,,,
1791472995.928158,602712,tracking_feedback_accumulate,957,,20282,,,155337216,232783872,202207232,239075328,,,,,,,,2.879600040614605,,
1791472995.9331577,602712,frontend_frame,957,0,20282,29,8,146548736,232783872,202207232,239075328,,,,,,,,,,
1791472996.2357023,602712,tracking_feedback_accumulate,958,,20282,,,150627328,232783872,202207232,239075328,,,,,,,,2.849099924787879,,
1791472996.2402098,602712,frontend_frame,958,0,20282,29,8,151424512,232783872,202207232,239075328,,,,,,,,,,
1791472996.5792713,602712,tracking_feedback_accumulate,959,,20282,,,155339264,232783872,202207232,239075328,,,,,,,,2.7689000125974417,,
1791472996.5842721,602712,frontend_frame,959,0,20282,29,8,146550784,232783872,202207232,239075328,,,,,,,,,,
1791472996.8837013,602712,tracking_feedback_accumulate,960,,20282,,,150629376,232783872,202207232,239075328,,,,,,,,3.003399819135666,,
1791472996.8887012,602712,frontend_frame,960,0,20282,29,8,151426560,186646528,202207232,239075328,,,,,,,,,,
1791472997.1883283,602712,tracking_feedback_accumulate,961,,20282,,,155341312,228589568,202207232,239075328,,,,,,,,2.890799893066287,,
1791472997.1933293,602712,frontend_frame,961,0,20282,29,8,156138496,230686720,202207232,239075328,,,,,,,,,,
1791472997.5693793,602712,tracking_feedback_accumulate,962,,20282,,,150631424,230686720,202207232,239075328,,,,,,,,2.8721000999212265,,
1791472997.5744138,602712,frontend_frame,962,0,20282,29,8,151428608,230686720,202207232,239075328,,,,,,,,,,
1791472997.8965328,602712,tracking_feedback_accumulate,963,,20282,,,155343360,230686720,202207232,239075328,,,,,,,,2.862100023776293,,
1791472997.9005318,602712,frontend_frame,963,0,20282,29,8,156140544,230686720,202207232,239075328,,,,,,,,,,
1791472998.1923847,602712,tracking_feedback_accumulate,964,,20282,,,160219136,234881024,202207232,239075328,,,,,,,,2.8397999703884125,,
1791472998.243894,602712,frontend_frame,964,0,20282,30,8,155426304,234881024,202207232,239075328,,,,,,,,,,
1791473008.9367194,602712,tracking_feedback_accumulate,965,,20734,,,159370752,234881024,202207232,239075328,,,,,,,,2.7664999943226576,,
1791473008.9457188,602712,frontend_frame,965,0,20734,30,8,160271872,234881024,202207232,239075328,,,,,,,,,,
1791473009.1146991,602712,tracking_feedback_accumulate,966,,20734,,,164350464,234881024,206102528,239075328,,,,,,,,2.940600039437413,,
1791473009.1196992,602712,frontend_frame,966,0,20734,30,8,155561984,234881024,206102528,239075328,,,,,,,,,,
1791473009.398017,602712,tracking_feedback_accumulate,967,,20734,,,159558656,234881024,206102528,239075328,,,,,,,,2.9496001079678535,,
1791473009.4030163,602712,frontend_frame,967,0,20734,30,8,160456704,234881024,206102528,239075328,,,,,,,,,,
1791473009.788447,602712,tracking_feedback_accumulate,968,,20734,,,164453376,234881024,206205440,239075328,,,,,,,,2.8458999004215,,
1791473009.7934463,602712,frontend_frame,968,0,20734,30,8,165351424,236978176,206205440,239075328,,,,,,,,,,
1791473010.1711378,602712,tracking_feedback_accumulate,969,,20734,,,159478784,236978176,206205440,239075328,,,,,,,,2.822200069203973,,
1791473010.1761384,602712,frontend_frame,969,0,20734,30,8,160377344,236978176,206205440,239075328,,,,,,,,,,
1791473010.48884,602712,tracking_feedback_accumulate,970,,20734,,,164455936,236978176,206208000,239075328,,,,,,,,2.8651999309659004,,
1791473010.49384,602712,frontend_frame,970,0,20734,30,8,165353984,213909504,206208000,239075328,,,,,,,,,,
1791473010.785582,602712,tracking_feedback_accumulate,971,,20734,,,169350656,239075328,211102720,239075328,,,,,,,,2.858799882233143,,
1791473010.7905815,602712,frontend_frame,971,0,20734,30,8,160461312,239075328,211102720,239075328,,,,,,,,,,
1791473010.962595,602712,tracking_feedback_accumulate,972,,20734,,,164457984,239075328,211102720,239075328,,,,,,,,3.032500157132745,,
1791473010.9665942,602712,frontend_frame,972,0,20734,30,8,165356032,239075328,211102720,239075328,,,,,,,,,,
1791473011.4992974,602712,tracking_feedback_accumulate,973,,20734,,,169270784,239075328,211104768,239075328,,,,,,,,3.7891999818384647,,
1791473011.506548,602712,frontend_frame,973,0,20734,30,8,170168832,241172480,211104768,241172480,,,,,,,,,,
1791473011.8975103,602712,tracking_feedback_accumulate,974,,20734,,,159566336,241172480,211104768,241172480,,,,,,,,2.899100072681904,,
1791473011.9015095,602712,frontend_frame,974,0,20734,30,8,160464384,241172480,211104768,241172480,,,,,,,,,,
1791473012.2395053,602712,tracking_feedback_accumulate,975,,20734,,,164379136,241172480,211104768,241172480,,,,,,,,2.9671001248061657,,
1791473012.2435062,602712,frontend_frame,975,0,20734,30,8,165277184,241172480,211104768,241172480,,,,,,,,,,
1791473012.5968206,602712,tracking_feedback_accumulate,976,,20734,,,169355776,241172480,211107840,241172480,,,,,,,,2.940499922260642,,
1791473012.6018207,602712,frontend_frame,976,0,20734,30,8,160466432,241172480,211107840,241172480,,,,,,,,,,
1791473012.950851,602712,tracking_feedback_accumulate,977,,20734,,,164381184,241172480,211107840,241172480,,,,,,,,2.908299909904599,,
1791473012.9558847,602712,frontend_frame,977,0,20734,30,8,165279232,241172480,211107840,241172480,,,,,,,,,,
1791473013.2764661,602712,tracking_feedback_accumulate,978,,20734,,,169357824,241172480,211109888,241172480,,,,,,,,2.855099970474839,,
1791473013.280466,602712,frontend_frame,978,0,20734,30,8,170255872,241172480,211109888,241172480,,,,,,,,,,
1791473013.6163378,602712,tracking_feedback_accumulate,979,,20734,,,159489536,241172480,211109888,241172480,,,,,,,,2.8744000010192394,,
1791473013.6213384,602712,frontend_frame,979,0,20734,30,8,160387584,241172480,211109888,241172480,,,,,,,,,,
1791473014.0007334,602712,tracking_feedback_accumulate,980,,20734,,,164466176,241172480,211109888,241172480,,,,,,,,2.888800110667944,,
1791473014.0067334,602712,frontend_frame,980,0,20734,30,8,165364224,192937984,211109888,241172480,,,,,,,,,,
1791473014.2428048,602712,tracking_feedback_accumulate,981,,20734,,,149886976,239075328,211109888,241172480,,,,,,,,2.8303000144660473,,
1791473014.2478034,602712,frontend_frame,981,0,20734,30,8,150785024,239075328,211109888,241172480,,,,,,,,,,
1791473014.5155532,602712,tracking_feedback_accumulate,982,,20734,,,154781696,239075328,211109888,241172480,,,,,,,,3.174099838361144,,
1791473014.5205543,602712,frontend_frame,982,0,20734,30,8,155679744,239075328,211109888,241172480,,,,,,,,,,
1791473014.8700664,602712,tracking_feedback_accumulate,983,,20734,,,159676416,239075328,211109888,241172480,,,,,,,,2.8901000041514635,,
1791473014.8780665,602712,frontend_frame,983,0,20734,30,8,150787072,239075328,211109888,241172480,,,,,,,,,,
1791473015.2237148,602712,tracking_feedback_accumulate,984,,20734,,,154701824,239075328,211109888,241172480,,,,,,,,2.9519000090658665,,
1791473015.2283044,602712,frontend_frame,984,0,20734,30,8,155599872,239075328,211109888,241172480,,,,,,,,,,
1791473015.5437813,602712,tracking_feedback_accumulate,985,,20734,,,159678464,239075328,211109888,241172480,,,,,,,,2.851800061762333,,
1791473015.5477803,602712,frontend_frame,985,0,20734,30,8,160576512,239075328,211109888,241172480,,,,,,,,,,
1791473015.8941433,602712,tracking_feedback_accumulate,986,,20734,,,149810176,239075328,211109888,241172480,,,,,,,,2.9136999510228634,,
1791473015.899143,602712,frontend_frame,986,0,20734,30,8,150708224,239075328,211109888,241172480,,,,,,,,,,
1791473016.2344098,602712,tracking_feedback_accumulate,987,,20734,,,154786816,239075328,211109888,241172480,,,,,,,,2.877600025385618,,
1791473016.2394118,602712,frontend_frame,987,0,20734,30,8,155684864,239075328,211109888,241172480,,,,,,,,,,
1791473016.6336448,602712,tracking_feedback_accumulate,988,,20734,,,159599616,239075328,211109888,241172480,,,,,,,,2.934299875050783,,
1791473016.6386461,602712,frontend_frame,988,0,20734,30,8,150710272,239075328,211109888,241172480,,,,,,,,,,
1791473017.0449936,602712,tracking_feedback_accumulate,989,,20734,,,154788864,239075328,211109888,241172480,,,,,,,,2.8051999397575855,,
1791473017.0499945,602712,frontend_frame,989,0,20734,30,8,155686912,239075328,211109888,241172480,,,,,,,,,,
1791473017.4484632,602712,tracking_feedback_accumulate,990,,20734,,,159683584,239075328,211109888,241172480,,,,,,,,3.2685999758541584,,
1791473017.4544642,602712,frontend_frame,990,0,20734,30,8,160581632,190840832,211109888,241172480,,,,,,,,,,
1791473017.7704692,602712,tracking_feedback_accumulate,991,,20734,,,149897216,232783872,211109888,241172480,,,,,,,,2.8504999354481697,,
1791473017.7744691,602712,frontend_frame,991,0,20734,30,8,150795264,232783872,211109888,241172480,,,,,,,,,,
1791473018.1198554,602712,tracking_feedback_accumulate,992,,20734,,,154791936,232783872,211109888,241172480,,,,,,,,2.8656998183578253,,
1791473018.1238542,602712,frontend_frame,992,0,20734,30,8,155689984,232783872,211109888,241172480,,,,,,,,,,
1791473018.3839996,602712,tracking_feedback_accumulate,993,,20734,,,159686656,232783872,211109888,241172480,,,,,,,,2.945799846202135,,
1791473018.39,602712,frontend_frame,993,0,20734,30,8,150797312,232783872,211109888,241172480,,,,,,,,,,
1791473018.7784407,602712,tracking_feedback_accumulate,994,,20734,,,154712064,232783872,211109888,241172480,,,,,,,,3.1198998913168907,,
1791473018.7834413,602712,frontend_frame,994,0,20734,30,8,155610112,232783872,211109888,241172480,,,,,,,,,,
1791473019.1560128,602712,tracking_feedback_accumulate,995,,20734,,,159688704,232783872,211109888,241172480,,,,,,,,2.8902001213282347,,
1791473019.1610174,602712,frontend_frame,995,0,20734,30,8,160586752,232783872,211109888,241172480,,,,,,,,,,
1791473019.5391357,602712,tracking_feedback_accumulate,996,,20734,,,149902336,232783872,211109888,241172480,,,,,,,,2.9245999176055193,,
1791473019.5441382,602712,frontend_frame,996,0,20734,30,8,150800384,232783872,211109888,241172480,,,,,,,,,,
1791473019.8102205,602712,tracking_feedback_accumulate,997,,20734,,,154797056,232783872,211109888,241172480,,,,,,,,2.8679000679403543,,
1791473019.8152208,602712,frontend_frame,997,0,20734,30,8,155695104,232783872,211109888,241172480,,,,,,,,,,
1791473020.1964748,602712,tracking_feedback_accumulate,998,,20734,,,149822464,232783872,211109888,241172480,,,,,,,,2.9192999936640263,,
1791473020.2014751,602712,frontend_frame,998,0,20734,30,8,150720512,232783872,211109888,241172480,,,,,,,,,,
1791473020.6025548,602712,tracking_feedback_accumulate,999,,20734,,,154799104,232783872,211109888,241172480,,,,,,,,2.8828000649809837,,
1791473020.6075542,602712,frontend_frame,999,0,20734,30,8,155697152,232783872,211109888,241172480,,,,,,,,,,
1791473020.9376872,602712,tracking_feedback_accumulate,1000,,20734,,,159611904,232783872,211109888,241172480,,,,,,,,2.8689999599009752,,
1791473020.9426887,602712,frontend_frame,1000,0,20734,30,8,150722560,190840832,211109888,241172480,,,,,,,,,,
1791473021.2752132,602712,tracking_feedback_accumulate,1001,,20734,,,154801152,232783872,211109888,241172480,,,,,,,,2.8418998699635267,,
1791473021.2792144,602712,frontend_frame,1001,0,20734,30,8,155699200,232783872,211109888,241172480,,,,,,,,,,
1791473021.6472046,602712,tracking_feedback_accumulate,1002,,20734,,,159695872,232783872,211109888,241172480,,,,,,,,2.916899975389242,,
1791473021.652205,602712,frontend_frame,1002,0,20734,30,8,160593920,232783872,211109888,241172480,,,,,,,,,,
1791473021.8233483,602712,tracking_feedback_accumulate,1003,,20734,,,149909504,232783872,211109888,241172480,,,,,,,,2.931899856775999,,
1791473021.8283484,602712,frontend_frame,1003,0,20734,30,8,150807552,232783872,211109888,241172480,,,,,,,,,,
1791473022.2011864,602712,tracking_feedback_accumulate,1004,,20734,,,154722304,232783872,211109888,241172480,,,,,,,,3.173799952492118,,
1791473022.2061877,602712,frontend_frame,1004,0,20734,30,8,155620352,232783872,211109888,241172480,,,,,,,,,,
1791473022.6041286,602712,tracking_feedback_accumulate,1005,,20734,,,159698944,232783872,211109888,241172480,,,,,,,,3.024199977517128,,
1791473022.610128,602712,frontend_frame,1005,0,20734,30,8,150809600,232783872,211109888,241172480,,,,,,,,,,
1791473022.889559,602712,tracking_feedback_accumulate,1006,,20734,,,154724352,232783872,211109888,241172480,,,,,,,,2.8822999447584152,,
1791473022.9395595,602712,frontend_frame,1006,0,20734,31,8,159618048,232783872,211109888,241172480,,,,,,,,,,
1791473033.559878,602712,tracking_feedback_accumulate,1007,,21269,,,163736576,232783872,211109888,241172480,,,,,,,,2.9904998373240232,,
1791473033.5648777,602712,frontend_frame,1007,0,21269,31,8,154983936,232783872,211109888,241172480,,,,,,,,,,
1791473033.9371154,602712,tracking_feedback_accumulate,1008,,21269,,,158980608,232783872,211109888,241172480,,,,,,,,2.7395999059081078,,
1791473033.942115,602712,frontend_frame,1008,0,21269,31,8,160011264,232783872,211109888,241172480,,,,,,,,,,
1791473034.2261515,602712,tracking_feedback_accumulate,1009,,21269,,,163926016,232783872,211109888,241172480,,,,,,,,2.8977999463677406,,
1791473034.231151,602712,frontend_frame,1009,0,21269,31,8,164956672,232783872,211109888,241172480,,,,,,,,,,
1791473034.607564,602712,tracking_feedback_accumulate,1010,,21269,,,153956352,232783872,211109888,241172480,,,,,,,,2.9138000681996346,,
1791473034.6125643,602712,frontend_frame,1010,0,21269,31,8,154987008,211812352,211109888,241172480,,,,,,,,,,
1791473034.9691005,602712,tracking_feedback_accumulate,1011,,21269,,,158983680,232783872,211109888,241172480,,,,,,,,2.7878000400960445,,
1791473034.9731033,602712,frontend_frame,1011,0,21269,31,8,160014848,232783872,211109888,241172480,,,,,,,,,,
1791473035.2808452,602712,tracking_feedback_accumulate,1012,,21269,,,164011520,232783872,211109888,241172480,,,,,,,,3.086299868300557,,
1791473035.2858448,602712,frontend_frame,1012,0,21269,31,8,154989568,232783872,211109888,241172480,,,,,,,,,,
1791473035.6448154,602712,tracking_feedback_accumulate,1013,,21269,,,158986240,232783872,211109888,241172480,,,,,,,,2.848200034350157,,
1791473035.6488156,602712,frontend_frame,1013,0,21269,31,8,160016896,232783872,211109888,241172480,,,,,,,,,,
1791473035.9890938,602712,tracking_feedback_accumulate,1014,,21269,,,163931648,232783872,211109888,241172480,,,,,,,,2.8834000695496798,,
1791473035.9940948,602712,frontend_frame,1014,0,21269,31,8,164962304,232783872,211109888,241172480,,,,,,,,,,
1791473036.385997,602712,tracking_feedback_accumulate,1015,,21269,,,153961984,232783872,211109888,241172480,,,,,,,,3.0078000854700804,,
1791473036.3899956,602712,frontend_frame,1015,0,21269,31,8,154992640,232783872,211109888,241172480,,,,,,,,,,
1791473036.7665045,602712,tracking_feedback_accumulate,1016,,21269,,,158989312,232783872,211109888,241172480,,,,,,,,2.845299895852804,,
1791473036.7705052,602712,frontend_frame,1016,0,21269,31,8,160019968,232783872,211109888,241172480,,,,,,,,,,
1791473037.1180255,602712,tracking_feedback_accumulate,1017,,21269,,,164016640,232783872,211109888,241172480,,,,,,,,2.9117001686245203,,
1791473037.1230257,602712,frontend_frame,1017,0,21269,31,8,154994688,232783872,211109888,241172480,,,,,,,,,,
1791473037.4146142,602712,tracking_feedback_accumulate,1018,,21269,,,158909440,232783872,211109888,241172480,,,,,,,,2.8637999203056097,,
1791473037.4196143,602712,frontend_frame,1018,0,21269,31,8,159940096,232783872,211109888,241172480,,,,,,,,,,
1791473037.7609174,602712,tracking_feedback_accumulate,1019,,21269,,,164018688,232783872,211109888,241172480,,,,,,,,2.7989998925477266,,
1791473037.7649176,602712,frontend_frame,1019,0,21269,31,8,165049344,232783872,211109888,241172480,,,,,,,,,,
1791473038.0200965,602712,tracking_feedback_accumulate,1020,,21269,,,153885184,232783872,211109888,241172480,,,,,,,,2.987199928611517,,
1791473038.0250952,602712,frontend_frame,1020,0,21269,31,8,154915840,211812352,211109888,241172480,,,,,,,,,,
1791473038.3417234,602712,tracking_feedback_accumulate,1021,,21269,,,158994432,232783872,211109888,241172480,,,,,,,,2.820200053974986,,
1791473038.3467228,602712,frontend_frame,1021,0,21269,31,8,160025088,232783872,211109888,241172480,,,,,,,,,,
1791473038.7426755,602712,tracking_feedback_accumulate,1022,,21269,,,164021760,232783872,211109888,241172480,,,,,,,,2.887199865654111,,
1791473038.7476752,602712,frontend_frame,1022,0,21269,31,8,154999808,232783872,211109888,241172480,,,,,,,,,,
1791473039.0715299,602712,tracking_feedback_accumulate,1023,,21269,,,158996480,232783872,211109888,241172480,,,,,,,,3.2055999618023634,,
1791473039.0770361,602712,frontend_frame,1023,0,21269,31,8,160027136,232783872,211109888,241172480,,,,,,,,,,
1791473039.4321299,602712,tracking_feedback_accumulate,1024,,21269,,,164023808,232783872,211109888,241172480,,,,,,,,2.8053000569343567,,
1791473039.4371293,602712,frontend_frame,1024,0,21269,31,8,155001856,232783872,211109888,241172480,,,,,,,,,,
1791473039.7375255,602712,tracking_feedback_accumulate,1025,,21269,,,158998528,232783872,211109888,241172480,,,,,,,,2.8011000249534845,,
1791473039.7425265,602712,frontend_frame,1025,0,21269,31,8,160029184,232783872,211109888,241172480,,,,,,,,,,
1791473040.086139,602712,tracking_feedback_accumulate,1026,,21269,,,164025856,232783872,211109888,241172480,,,,,,,,2.978700213134289,,
1791473040.0911393,602712,frontend_frame,1026,0,21269,31,8,165056512,232783872,211109888,241172480,,,,,,,,,,
1791473040.4398148,602712,tracking_feedback_accumulate,1027,,21269,,,159000576,232783872,211109888,241172480,,,,,,,,3.0247000977396965,,
1791473040.4438162,602712,frontend_frame,1027,0,21269,31,8,160031232,232783872,211109888,241172480,,,,,,,,,,
1791473040.7749813,602712,tracking_feedback_accumulate,1028,,21269,,,163945984,232783872,211109888,241172480,,,,,,,,2.893000142648816,,
1791473040.7799811,602712,frontend_frame,1028,0,21269,31,8,164976640,232783872,211109888,241172480,,,,,,,,,,
1791473041.1141307,602712,tracking_feedback_accumulate,1029,,21269,,,169055232,234881024,211109888,241172480,,,,,,,,2.8607998974621296,,
1791473041.1191304,602712,frontend_frame,1029,0,21269,31,8,160033280,234881024,211109888,241172480,,,,,,,,,,
1791473041.3821352,602712,tracking_feedback_accumulate,1030,,21269,,,164029952,234881024,211109888,241172480,,,,,,,,3.083399962633848,,
1791473041.3871355,602712,frontend_frame,1030,0,21269,31,8,165060608,211812352,211109888,241172480,,,,,,,,,,
1791473041.7808087,602712,tracking_feedback_accumulate,1031,,21269,,,168975360,234881024,211109888,241172480,,,,,,,,2.8249002061784267,,
1791473041.7858086,602712,frontend_frame,1031,0,21269,31,8,170006016,236978176,211109888,241172480,,,,,,,,,,
1791473042.1434958,602712,tracking_feedback_accumulate,1032,,21269,,,159005696,236978176,211109888,241172480,,,,,,,,2.902599982917309,,
1791473042.1484957,602712,frontend_frame,1032,0,21269,31,8,160036352,236978176,211109888,241172480,,,,,,,,,,
1791473042.414824,602712,tracking_feedback_accumulate,1033,,21269,,,164033024,236978176,211109888,241172480,,,,,,,,3.149300115182996,,
1791473042.4198256,602712,frontend_frame,1033,0,21269,31,8,165063680,236978176,211109888,241172480,,,,,,,,,,
1791473042.7773561,602712,tracking_feedback_accumulate,1034,,21269,,,168978432,236978176,211109888,241172480,,,,,,,,2.906499896198511,,
1791473042.787357,602712,frontend_frame,1034,0,21269,31,8,159956480,236978176,211109888,241172480,,,,,,,,,,
1791473043.1862574,602712,tracking_feedback_accumulate,1035,,21269,,,164035072,236978176,211109888,241172480,,,,,,,,3.1925998628139496,,
1791473043.1912565,602712,frontend_frame,1035,0,21269,31,8,165065728,236978176,211109888,241172480,,,,,,,,,,
1791473043.5556726,602712,tracking_feedback_accumulate,1036,,21269,,,168980480,236978176,211109888,241172480,,,,,,,,2.9526001308113337,,
1791473043.5606725,602712,frontend_frame,1036,0,21269,31,8,170011136,236978176,211109888,241172480,,,,,,,,,,
1791473043.8713343,602712,tracking_feedback_accumulate,1037,,21269,,,159010816,236978176,211109888,241172480,,,,,,,,2.7846999000757933,,
1791473043.876335,602712,frontend_frame,1037,0,21269,31,8,160041472,236978176,211109888,241172480,,,,,,,,,,
1791473044.2430706,602712,tracking_feedback_accumulate,1038,,21269,,,164038144,236978176,211109888,241172480,,,,,,,,2.857400104403496,,
1791473044.2470696,602712,frontend_frame,1038,0,21269,31,8,165068800,236978176,211109888,241172480,,,,,,,,,,
1791473044.5691178,602712,tracking_feedback_accumulate,1039,,21269,,,169065472,236978176,211109888,241172480,,,,,,,,3.056200221180916,,
1791473044.575117,602712,frontend_frame,1039,0,21269,31,8,155017216,236978176,211109888,241172480,,,,,,,,,,
1791473044.876298,602712,tracking_feedback_accumulate,1040,,21269,,,158931968,236978176,211109888,241172480,,,,,,,,2.7880999259650707,,
1791473044.881348,602712,frontend_frame,1040,0,21269,31,8,159962624,190840832,211109888,241172480,,,,,,,,,,
1791473045.2630758,602712,tracking_feedback_accumulate,1041,,21269,,,164041216,232783872,211109888,241172480,,,,,,,,2.776800189167261,,
1791473045.269078,602712,frontend_frame,1041,0,21269,31,8,155019264,232783872,211109888,241172480,,,,,,,,,,
1791473045.6334758,602712,tracking_feedback_accumulate,1042,,21269,,,159015936,232783872,211109888,241172480,,,,,,,,2.823699964210391,,
1791473045.638476,602712,frontend_frame,1042,0,21269,31,8,160046592,232783872,211109888,241172480,,,,,,,,,,
1791473045.9892998,602712,tracking_feedback_accumulate,1043,,21269,,,163961344,232783872,211109888,241172480,,,,,,,,2.8782999143004417,,
1791473045.9943,602712,frontend_frame,1043,0,21269,31,8,164992000,232783872,211109888,241172480,,,,,,,,,,
1791473046.3023813,602712,tracking_feedback_accumulate,1044,,21269,,,159017984,232783872,211109888,241172480,,,,,,,,3.0471000354737043,,
1791473046.3073823,602712,frontend_frame,1044,0,21269,31,8,160048640,232783872,211109888,241172480,,,,,,,,,,
1791473046.608198,602712,tracking_feedback_accumulate,1045,,21269,,,163963392,232783872,211109888,241172480,,,,,,,,2.974499948322773,,
1791473046.613198,602712,frontend_frame,1045,0,21269,31,8,164994048,232783872,211109888,241172480,,,,,,,,,,
1791473046.948618,602712,tracking_feedback_accumulate,1046,,21269,,,169072640,234881024,211109888,241172480,,,,,,,,3.706200048327446,,
1791473046.997927,602712,frontend_frame,1046,0,21269,32,8,164046336,234881024,211109888,241172480,,,,,,,,,,
1791473057.665533,602712,tracking_feedback_accumulate,1047,,21880,,,168001024,234881024,211109888,241172480,,,,,,,,3.1085999216884375,,
1791473057.6700346,602712,frontend_frame,1047,0,21880,32,8,169175040,234881024,211109888,241172480,,,,,,,,,,
1791473058.0528152,602712,tracking_feedback_accumulate,1048,,21880,,,173253632,236978176,215117312,241172480,,,,,,,,2.9066000133752823,,
1791473058.0588162,602712,frontend_frame,1048,0,21880,32,8,174423552,239075328,215117312,241172480,,,,,,,,,,
1791473058.4450908,602712,tracking_feedback_accumulate,1049,,21880,,,163062784,239075328,215117312,241172480,,,,,,,,2.8409999795258045,,
1791473058.4500906,602712,frontend_frame,1049,0,21880,32,8,164232704,239075328,215117312,241172480,,,,,,,,,,
1791473058.7782834,602712,tracking_feedback_accumulate,1050,,21880,,,168229376,239075328,215117312,241172480,,,,,,,,2.82290019094944,,
1791473058.783286,602712,frontend_frame,1050,0,21880,32,8,169399296,211812352,215117312,241172480,,,,,,,,,,
1791473059.1149545,602712,tracking_feedback_accumulate,1051,,21880,,,163064832,232783872,215117312,241172480,,,,,,,,3.0765000265091658,,
1791473059.1199553,602712,frontend_frame,1051,0,21880,32,8,164235264,232783872,215117312,241172480,,,,,,,,,,
1791473059.4350758,602712,tracking_feedback_accumulate,1052,,21880,,,168150016,232783872,215117312,241172480,,,,,,,,2.8466000221669674,,
1791473059.4400744,602712,frontend_frame,1052,0,21880,32,8,169319936,232783872,215117312,241172480,,,,,,,,,,
1791473059.760476,602712,tracking_feedback_accumulate,1053,,21880,,,173398528,236978176,215117312,241172480,,,,,,,,2.8739001136273146,,
1791473059.7654753,602712,frontend_frame,1053,0,21880,32,8,164237312,236978176,215117312,241172480,,,,,,,,,,
1791473060.1446972,602712,tracking_feedback_accumulate,1054,,21880,,,168233984,236978176,215117312,241172480,,,,,,,,2.9331999830901623,,
1791473060.148697,602712,frontend_frame,1054,0,21880,32,8,169403904,236978176,215117312,241172480,,,,,,,,,,
1791473060.4942238,602712,tracking_feedback_accumulate,1055,,21880,,,173318656,236978176,215117312,241172480,,,,,,,,3.1302999705076218,,
1791473060.4987297,602712,frontend_frame,1055,0,21880,32,8,174488576,239075328,215117312,241172480,,,,,,,,,,
1791473060.805097,602712,tracking_feedback_accumulate,1056,,21880,,,163070464,239075328,215117312,241172480,,,,,,,,2.903300104662776,,
1791473060.810098,602712,frontend_frame,1056,0,21880,32,8,164240384,239075328,215117312,241172480,,,,,,,,,,
1791473061.1576052,602712,tracking_feedback_accumulate,1057,,21880,,,168155136,239075328,215117312,241172480,,,,,,,,3.4592999145388603,,
1791473061.1626027,602712,frontend_frame,1057,0,21880,32,8,169325056,239075328,215117312,241172480,,,,,,,,,,
1791473061.5027022,602712,tracking_feedback_accumulate,1058,,21880,,,173403648,239075328,215117312,241172480,,,,,,,,2.8994998428970575,,
1791473061.5077019,602712,frontend_frame,1058,0,21880,32,8,164242432,239075328,215117312,241172480,,,,,,,,,,
1791473061.7225587,602712,tracking_feedback_accumulate,1059,,21880,,,168239104,239075328,215117312,241172480,,,,,,,,2.910100156441331,,
1791473061.7275586,602712,frontend_frame,1059,0,21880,32,8,169409024,239075328,215117312,241172480,,,,,,,,,,
1791473062.1200683,602712,tracking_feedback_accumulate,1060,,21880,,,173405696,239075328,215117312,241172480,,,,,,,,2.84019997343421,,
1791473062.1250684,602712,frontend_frame,1060,0,21880,32,8,174575616,218103808,215117312,241172480,,,,,,,,,,
1791473062.448032,602712,tracking_feedback_accumulate,1061,,21880,,,163075584,239075328,215117312,241172480,,,,,,,,2.8793001547455788,,
1791473062.4520307,602712,frontend_frame,1061,0,21880,32,8,164245504,239075328,215117312,241172480,,,,,,,,,,
1791473062.78004,602712,tracking_feedback_accumulate,1062,,21880,,,168242176,239075328,215117312,241172480,,,,,,,,3.126399824395776,,
1791473062.784039,602712,frontend_frame,1062,0,21880,32,8,169412096,239075328,215117312,241172480,,,,,,,,,,
1791473063.1594508,602712,tracking_feedback_accumulate,1063,,21880,,,173326848,239075328,215117312,241172480,,,,,,,,2.8603000100702047,,
1791473063.1644511,602712,frontend_frame,1063,0,21880,32,8,164165632,239075328,215117312,241172480,,,,,,,,,,
1791473063.4881039,602712,tracking_feedback_accumulate,1064,,21880,,,168244224,239075328,215117312,241172480,,,,,,,,2.967500127851963,,
1791473063.4931035,602712,frontend_frame,1064,0,21880,32,8,169414144,239075328,215117312,241172480,,,,,,,,,,
1791473063.8712943,602712,tracking_feedback_accumulate,1065,,21880,,,173410816,239075328,215117312,241172480,,,,,,,,2.7592999394983053,,
1791473063.8762946,602712,frontend_frame,1065,0,21880,32,8,174580736,239075328,215117312,241172480,,,,,,,,,,
1791473064.2606657,602712,tracking_feedback_accumulate,1066,,21880,,,163080704,239075328,215117312,241172480,,,,,,,,2.8747001197189093,,
1791473064.264665,602712,frontend_frame,1066,0,21880,32,8,164250624,239075328,215117312,241172480,,,,,,,,,,
1791473064.6192396,602712,tracking_feedback_accumulate,1067,,21880,,,168165376,239075328,215117312,241172480,,,,,,,,2.9488999862223864,,
1791473064.6242392,602712,frontend_frame,1067,0,21880,32,8,169335296,239075328,215117312,241172480,,,,,,,,,,
1791473065.00374,602712,tracking_feedback_accumulate,1068,,21880,,,158056448,239075328,215117312,241172480,,,,,,,,2.8308997862040997,,
1791473065.0087407,602712,frontend_frame,1068,0,21880,32,8,159226368,239075328,215117312,241172480,,,,,,,,,,
1791473065.3675132,602712,tracking_feedback_accumulate,1069,,21880,,,163141120,239075328,215117312,241172480,,,,,,,,2.890799893066287,,
1791473065.3715117,602712,frontend_frame,1069,0,21880,32,8,164311040,239075328,215117312,241172480,,,,,,,,,,
1791473065.6788406,602712,tracking_feedback_accumulate,1070,,21880,,,168389632,239075328,215117312,241172480,,,,,,,,2.937199780717492,,
1791473065.684841,602712,frontend_frame,1070,0,21880,32,8,159228416,211812352,215117312,241172480,,,,,,,,,,
1791473066.034373,602712,tracking_feedback_accumulate,1071,,21880,,,163143168,232783872,215117312,241172480,,,,,,,,2.810399979352951,,
1791473066.0393722,602712,frontend_frame,1071,0,21880,32,8,164313088,232783872,215117312,241172480,,,,,,,,,,
1791473066.3831785,602712,tracking_feedback_accumulate,1072,,21880,,,168391680,232783872,215117312,241172480,,,,,,,,3.24480002745986,,
1791473066.3881826,602712,frontend_frame,1072,0,21880,32,8,169561600,234881024,215117312,241172480,,,,,,,,,,
1791473066.7548292,602712,tracking_feedback_accumulate,1073,,21880,,,157979648,234881024,215117312,241172480,,,,,,,,2.926499815657735,,
1791473066.75983,602712,frontend_frame,1073,0,21880,32,8,159149568,234881024,215117312,241172480,,,,,,,,,,
1791473067.1644282,602712,tracking_feedback_accumulate,1074,,21880,,,163228160,234881024,215117312,241172480,,,,,,,,2.9055001214146614,,
1791473067.1694295,602712,frontend_frame,1074,0,21880,32,8,164398080,234881024,215117312,241172480,,,,,,,,,,
1791473067.5079858,602712,tracking_feedback_accumulate,1075,,21880,,,168394752,234881024,215117312,241172480,,,,,,,,2.8958998154848814,,
1791473067.5129857,602712,frontend_frame,1075,0,21880,32,8,159233536,234881024,215117312,241172480,,,,,,,,,,
1791473067.8213716,602712,tracking_feedback_accumulate,1076,,21880,,,163230208,234881024,215117312,241172480,,,,,,,,3.143700072541833,,
1791473067.8263726,602712,frontend_frame,1076,0,21880,32,8,164400128,234881024,215117312,241172480,,,,,,,,,,
1791473068.179894,602712,tracking_feedback_accumulate,1077,,21880,,,168314880,234881024,215117312,241172480,,,,,,,,2.908100141212344,,
1791473068.1838934,602712,frontend_frame,1077,0,21880,32,8,169484800,234881024,215117312,241172480,,,,,,,,,,
1791473068.4419532,602712,tracking_feedback_accumulate,1078,,21880,,,158066688,234881024,215117312,241172480,,,,,,,,3.0348999425768852,,
1791473068.4459534,602712,frontend_frame,1078,0,21880,32,8,159236608,234881024,215117312,241172480,,,,,,,,,,
1791473068.8416483,602712,tracking_feedback_accumulate,1079,,21880,,,163233280,234881024,215117312,241172480,,,,,,,,2.836700063198805,,
1791473068.845649,602712,frontend_frame,1079,0,21880,32,8,164403200,234881024,215117312,241172480,,,,,,,,,,
1791473069.1517344,602712,tracking_feedback_accumulate,1080,,21880,,,168317952,234881024,215117312,241172480,,,,,,,,2.910899929702282,,
1791473069.1577327,602712,frontend_frame,1080,0,21880,32,8,159156736,211812352,215117312,241172480,,,,,,,,,,
1791473069.5544953,602712,tracking_feedback_accumulate,1081,,21880,,,163235328,232783872,215117312,241172480,,,,,,,,2.886200090870261,,
1791473069.5594995,602712,frontend_frame,1081,0,21880,32,8,164405248,232783872,215117312,241172480,,,,,,,,,,
1791473069.820094,602712,tracking_feedback_accumulate,1082,,21880,,,168401920,232783872,215117312,241172480,,,,,,,,2.8113999869674444,,
1791473069.8250945,602712,frontend_frame,1082,0,21880,32,8,169571840,234881024,215117312,241172480,,,,,,,,,,
1791473070.2050934,602712,tracking_feedback_accumulate,1083,,21880,,,157989888,234881024,215117312,241172480,,,,,,,,2.8303000144660473,,
1791473070.2103474,602712,frontend_frame,1083,0,21880,32,8,159159808,234881024,215117312,241172480,,,,,,,,,,
1791473070.5525675,602712,tracking_feedback_accumulate,1084,,21880,,,163238400,234881024,215117312,241172480,,,,,,,,2.905000001192093,,
1791473070.556568,602712,frontend_frame,1084,0,21880,32,8,164408320,234881024,215117312,241172480,,,,,,,,,,
1791473070.9268663,602712,tracking_feedback_accumulate,1085,,21880,,,157991936,234881024,215117312,241172480,,,,,,,,3.1053998973220587,,
1791473070.9318662,602712,frontend_frame,1085,0,21880,32,8,159161856,234881024,215117312,241172480,,,,,,,,,,
1791473071.333359,602712,tracking_feedback_accumulate,1086,,21880,,,163240448,234881024,215117312,241172480,,,,,,,,2.8147001285105944,,
1791473071.3373594,602712,frontend_frame,1086,0,21880,32,8,164410368,234881024,215117312,241172480,,,,,,,,,,
1791473071.7003233,602712,tracking_feedback_accumulate,1087,,21880,,,168407040,234881024,215117312,241172480,,,,,,,,2.932900097221136,,
1791473071.7053216,602712,frontend_frame,1087,0,21880,32,8,159245824,234881024,215117312,241172480,,,,,,,,,,
1791473072.1036665,602712,tracking_feedback_accumulate,1088,,21880,,,163160576,234881024,215117312,241172480,,,,,,,,2.8744000010192394,,
1791473072.108682,602712,frontend_frame,1088,0,21880,32,8,164330496,234881024,215117312,241172480,,,,,,,,,,
1791473072.460074,602712,tracking_feedback_accumulate,1089,,21880,,,168409088,234881024,215117312,241172480,,,,,,,,3.511599963530898,,
1791473072.465075,602712,frontend_frame,1089,0,21880,32,8,169579008,234881024,215117312,241172480,,,,,,,,,,
1791473072.7703347,602712,tracking_feedback_accumulate,1090,,21880,,,157997056,234881024,215117312,241172480,,,,,,,,2.951500006020069,,
1791473072.7753346,602712,frontend_frame,1090,0,21880,32,8,159166976,211812352,215117312,241172480,,,,,,,,,,
1791473073.094628,602712,tracking_feedback_accumulate,1091,,21880,,,163245568,232783872,215117312,241172480,,,,,,,,2.855299971997738,,
1791473073.099627,602712,frontend_frame,1091,0,21880,32,8,164415488,232783872,215117312,241172480,,,,,,,,,,
1791473073.342173,602712,tracking_feedback_accumulate,1092,,21880,,,168330240,232783872,215117312,241172480,,,,,,,,2.808700082823634,,
1791473073.3471744,602712,frontend_frame,1092,0,21880,32,8,159169024,232783872,215117312,241172480,,,,,,,,,,
1791473073.6515229,602712,tracking_feedback_accumulate,1093,,21880,,,163247616,232783872,215117312,241172480,,,,,,,,2.731599844992161,,
1791473073.6555226,602712,frontend_frame,1093,0,21880,32,8,164417536,232783872,215117312,241172480,,,,,,,,,,
1791473074.0402532,602712,tracking_feedback_accumulate,1094,,21880,,,168414208,232783872,215117312,241172480,,,,,,,,2.835199935361743,,
1791473074.0452573,602712,frontend_frame,1094,0,21880,32,8,169584128,234881024,215117312,241172480,,,,,,,,,,
1791473074.3304513,602712,tracking_feedback_accumulate,1095,,21880,,,158002176,234881024,215117312,241172480,,,,,,,,2.8534000739455223,,
1791473074.3354514,602712,frontend_frame,1095,0,21880,32,8,159172096,234881024,215117312,241172480,,,,,,,,,,
1791473074.7237232,602712,tracking_feedback_accumulate,1096,,21880,,,163250688,234881024,215117312,241172480,,,,,,,,2.9130999464541674,,
1791473074.7287223,602712,frontend_frame,1096,0,21880,32,8,164420608,234881024,215117312,241172480,,,,,,,,,,
1791473075.1154134,602712,tracking_feedback_accumulate,1097,,21880,,,168417280,234881024,215117312,241172480,,,,,,,,2.8568999841809273,,
1791473075.1204135,602712,frontend_frame,1097,0,21880,32,8,159256064,234881024,215117312,241172480,,,,,,,,,,
1791473075.4891324,602712,tracking_feedback_accumulate,1098,,21880,,,163170816,234881024,215117312,241172480,,,,,,,,3.020700067281723,,
1791473075.4941323,602712,frontend_frame,1098,0,21880,32,8,164340736,234881024,215117312,241172480,,,,,,,,,,
1791473075.8067389,602712,tracking_feedback_accumulate,1099,,21880,,,168419328,234881024,215117312,241172480,,,,,,,,2.8365999460220337,,
1791473075.810739,602712,frontend_frame,1099,0,21880,32,8,169589248,234881024,215117312,241172480,,,,,,,,,,
1791473076.0099115,602712,tracking_feedback_accumulate,1100,,21880,,,158089216,234881024,215117312,241172480,,,,,,,,2.9559999238699675,,
1791473076.0151184,602712,frontend_frame,1100,0,21880,32,8,159259136,211812352,215117312,241172480,,,,,,,,,,
1791473076.317297,602712,tracking_feedback_accumulate,1101,,21880,,,163255808,232783872,215117312,241172480,,,,,,,,2.9353999998420477,,
1791473076.322297,602712,frontend_frame,1101,0,21880,32,8,164425728,232783872,215117312,241172480,,,,,,,,,,
1791473076.653345,602712,tracking_feedback_accumulate,1102,,21880,,,158091264,232783872,215117312,241172480,,,,,,,,2.902100095525384,,
1791473076.6583452,602712,frontend_frame,1102,0,21880,32,8,159261184,232783872,215117312,241172480,,,,,,,,,,
1791473076.9738731,602712,tracking_feedback_accumulate,1103,,21880,,,163257856,232783872,215117312,241172480,,,,,,,,2.8486999217420816,,
1791473076.979466,602712,frontend_frame,1103,0,21880,32,8,164427776,232783872,215117312,241172480,,,,,,,,,,
1791473077.2585752,602712,tracking_feedback_accumulate,1104,,21880,,,168424448,232783872,215117312,241172480,,,,,,,,2.781500108540058,,
1791473077.263576,602712,frontend_frame,1104,0,21880,32,8,159263232,232783872,215117312,241172480,,,,,,,,,,
1791473077.5937324,602712,tracking_feedback_accumulate,1105,,21880,,,163259904,232783872,215117312,241172480,,,,,,,,2.8218000661581755,,
1791473077.5987322,602712,frontend_frame,1105,0,21880,32,8,164429824,232783872,215117312,241172480,,,,,,,,,,
1791473077.9431393,602712,tracking_feedback_accumulate,1106,,21880,,,168426496,232783872,215117312,241172480,,,,,,,,2.8375000692903996,,
1791473077.9481401,602712,frontend_frame,1106,0,21880,32,8,169596416,234881024,215117312,241172480,,,,,,,,,,
1791473078.2339797,602712,tracking_feedback_accumulate,1107,,21880,,,158096384,234881024,215117312,241172480,,,,,,,,2.911800052970648,,
1791473078.2389796,602712,frontend_frame,1107,0,21880,32,8,159266304,234881024,215117312,241172480,,,,,,,,,,
1791473078.5847702,602712,tracking_feedback_accumulate,1108,,21880,,,163262976,234881024,215117312,241172480,,,,,,,,2.9476999770849943,,
1791473078.5887704,602712,frontend_frame,1108,0,21880,32,8,164432896,234881024,215117312,241172480,,,,,,,,,,
1791473078.902475,602712,tracking_feedback_accumulate,1109,,21880,,,168347648,234881024,215117312,241172480,,,,,,,,3.4103000070899725,,
1791473078.907477,602712,frontend_frame,1109,0,21880,32,8,159186432,234881024,215117312,241172480,,,,,,,,,,
1791473079.1873682,602712,tracking_feedback_accumulate,1110,,21880,,,163265024,234881024,215117312,241172480,,,,,,,,2.8635000344365835,,
1791473079.1923683,602712,frontend_frame,1110,0,21880,32,8,164434944,211812352,215117312,241172480,,,,,,,,,,
1791473079.5747159,602712,tracking_feedback_accumulate,1111,,21880,,,168431616,232783872,215117312,241172480,,,,,,,,2.801500027999282,,
1791473079.5797162,602712,frontend_frame,1111,0,21880,32,8,169601536,234881024,215117312,241172480,,,,,,,,,,
1791473079.928665,602712,tracking_feedback_accumulate,1112,,21880,,,158019584,234881024,215117312,241172480,,,,,,,,2.8011000249534845,,
1791473079.9336658,602712,frontend_frame,1112,0,21880,32,8,159189504,234881024,215117312,241172480,,,,,,,,,,
1791473080.1459215,602712,tracking_feedback_accumulate,1113,,21880,,,163268096,234881024,215117312,241172480,,,,,,,,2.8210999444127083,,
1791473080.1509225,602712,frontend_frame,1113,0,21880,32,8,164438016,234881024,215117312,241172480,,,,,,,,,,
1791473080.478363,602712,tracking_feedback_accumulate,1114,,21880,,,168434688,234881024,215117312,241172480,,,,,,,,2.7524998877197504,,
1791473080.4833646,602712,frontend_frame,1114,0,21880,32,8,159273472,234881024,215117312,241172480,,,,,,,,,,
1791473080.805563,602712,tracking_feedback_accumulate,1115,,21880,,,163270144,234881024,215117312,241172480,,,,,,,,2.825800096616149,,
1791473080.8105636,602712,frontend_frame,1115,0,21880,32,8,164440064,234881024,215117312,241172480,,,,,,,,,,
1791473081.0678434,602712,tracking_feedback_accumulate,1116,,21880,,,168436736,234881024,215117312,241172480,,,,,,,,2.751799998804927,,
1791473081.072844,602712,frontend_frame,1116,0,21880,32,8,169606656,234881024,215117312,241172480,,,,,,,,,,
1791473081.396007,602712,tracking_feedback_accumulate,1117,,21880,,,158106624,234881024,215117312,241172480,,,,,,,,3.9097999688237906,,
1791473081.4010072,602712,frontend_frame,1117,0,21880,32,8,159276544,234881024,215117312,241172480,,,,,,,,,,
1791473081.751127,602712,tracking_feedback_accumulate,1118,,21880,,,163191296,234881024,215117312,241172480,,,,,,,,2.8188000433146954,,
1791473081.7561269,602712,frontend_frame,1118,0,21880,32,8,164361216,234881024,215117312,241172480,,,,,,,,,,
1791473082.115606,602712,tracking_feedback_accumulate,1119,,21880,,,158108672,234881024,215117312,241172480,,,,,,,,2.8542999643832445,,
1791473082.1206067,602712,frontend_frame,1119,0,21880,32,8,159278592,234881024,215117312,241172480,,,,,,,,,,
1791473082.4087567,602712,tracking_feedback_accumulate,1120,,21880,,,163193344,234881024,215117312,241172480,,,,,,,,2.8153001330792904,,
1791473082.413757,602712,frontend_frame,1120,0,21880,32,8,164363264,211812352,215117312,241172480,,,,,,,,,,
1791473082.7562613,602712,tracking_feedback_accumulate,1121,,21880,,,168441856,232783872,215117312,241172480,,,,,,,,2.8190999291837215,,
1791473082.7612622,602712,frontend_frame,1121,0,21880,32,8,159280640,232783872,215117312,241172480,,,,,,,,,,
1791473083.0462894,602712,tracking_feedback_accumulate,1122,,21880,,,163195392,232783872,215117312,241172480,,,,,,,,2.74710007943213,,
1791473083.0502884,602712,frontend_frame,1122,0,21880,32,8,164365312,232783872,215117312,241172480,,,,,,,,,,
1791473083.353574,602712,tracking_feedback_accumulate,1123,,21880,,,168443904,232783872,215117312,241172480,,,,,,,,2.807200187817216,,
1791473083.358574,602712,frontend_frame,1123,0,21880,32,8,169613824,234881024,215117312,241172480,,,,,,,,,,
1791473083.6389096,602712,tracking_feedback_accumulate,1124,,21880,,,158113792,234881024,215117312,241172480,,,,,,,,2.8313000220805407,,
1791473083.64291,602712,frontend_frame,1124,0,21880,32,8,159283712,234881024,215117312,241172480,,,,,,,,,,
1791473083.9579117,602712,tracking_feedback_accumulate,1125,,21880,,,163280384,234881024,215117312,241172480,,,,,,,,2.8764999005943537,,
1791473083.962911,602712,frontend_frame,1125,0,21880,32,8,164450304,234881024,215117312,241172480,,,,,,,,,,
1791473084.3004553,602712,tracking_feedback_accumulate,1126,,21880,,,168365056,234881024,215117312,241172480,,,,,,,,2.857099985703826,,
1791473084.3054552,602712,frontend_frame,1126,0,21880,32,8,159203840,234881024,215117312,241172480,,,,,,,,,,
1791473084.624901,602712,tracking_feedback_accumulate,1127,,21880,,,163282432,234881024,215117312,241172480,,,,,,,,2.814900130033493,,
1791473084.6289,602712,frontend_frame,1127,0,21880,32,8,164452352,234881024,215117312,241172480,,,,,,,,,,
1791473084.992772,602712,tracking_feedback_accumulate,1128,,21880,,,168367104,234881024,215117312,241172480,,,,,,,,2.841699868440628,,
1791473084.9977713,602712,frontend_frame,1128,0,21880,32,8,169537024,234881024,215117312,241172480,,,,,,,,,,
1791473085.3088841,602712,tracking_feedback_accumulate,1129,,21880,,,158118912,234881024,215117312,241172480,,,,,,,,2.8293998911976814,,
1791473085.3138862,602712,frontend_frame,1129,0,21880,32,8,159288832,234881024,215117312,241172480,,,,,,,,,,
1791473085.4460723,602712,tracking_feedback_accumulate,1130,,21880,,,163203584,234881024,215117312,241172480,,,,,,,,2.937000012025237,,
1791473085.4510722,602712,frontend_frame,1130,0,21880,32,8,164373504,211812352,215117312,241172480,,,,,,,,,,
1791473085.8183744,602712,tracking_feedback_accumulate,1131,,21880,,,168452096,232783872,215117312,241172480,,,,,,,,2.9582001734524965,,
1791473085.8233757,602712,frontend_frame,1131,0,21880,32,8,159290880,232783872,215117312,241172480,,,,,,,,,,
1791473086.1631467,602712,tracking_feedback_accumulate,1132,,21880,,,163287552,232783872,215117312,241172480,,,,,,,,2.784899901598692,,
1791473086.1681476,602712,frontend_frame,1132,0,21880,32,8,164457472,232783872,215117312,241172480,,,,,,,,,,
1791473086.5439603,602712,tracking_feedback_accumulate,1133,,21880,,,168454144,232783872,215117312,241172480,,,,,,,,2.814600011333823,,
1791473086.5489612,602712,frontend_frame,1133,0,21880,32,8,169624064,234881024,215117312,241172480,,,,,,,,,,
1791473086.9415314,602712,tracking_feedback_accumulate,1134,,21880,,,158124032,234881024,215117312,241172480,,,,,,,,2.99549987539649,,
1791473086.946532,602712,frontend_frame,1134,0,21880,32,8,159293952,234881024,215117312,241172480,,,,,,,,,,
1791473087.2315588,602712,tracking_feedback_accumulate,1135,,21880,,,163290624,234881024,215117312,241172480,,,,,,,,2.838999964296818,,
1791473087.2365592,602712,frontend_frame,1135,0,21880,32,8,164460544,234881024,215117312,241172480,,,,,,,,,,
1791473087.5784478,602712,tracking_feedback_accumulate,1136,,21880,,,158126080,234881024,215117312,241172480,,,,,,,,2.8289000038057566,,
1791473087.5824485,602712,frontend_frame,1136,0,21880,32,8,159296000,234881024,215117312,241172480,,,,,,,,,,
1791473087.848533,602712,tracking_feedback_accumulate,1137,,21880,,,163210752,234881024,215117312,241172480,,,,,,,,2.8250999748706818,,
1791473087.853534,602712,frontend_frame,1137,0,21880,32,8,164380672,234881024,215117312,241172480,,,,,,,,,,
1791473088.1631105,602712,tracking_feedback_accumulate,1138,,21880,,,168459264,234881024,215117312,241172480,,,,,,,,2.930500078946352,,
1791473088.1681104,602712,frontend_frame,1138,0,21880,32,8,159298048,234881024,215117312,241172480,,,,,,,,,,
1791473088.5274985,602712,tracking_feedback_accumulate,1139,,21880,,,163212800,234881024,215117312,241172480,,,,,,,,2.876400016248226,,
1791473088.5339212,602712,frontend_frame,1139,0,21880,32,8,164382720,234881024,215117312,241172480,,,,,,,,,,
1791473088.9228616,602712,tracking_feedback_accumulate,1140,,21880,,,168461312,234881024,215117312,241172480,,,,,,,,2.7538000140339136,,
1791473088.9278631,602712,frontend_frame,1140,0,21880,32,8,169631232,211812352,215117312,241172480,,,,,,,,,,
1791473089.204007,602712,tracking_feedback_accumulate,1141,,21880,,,158131200,232783872,215117312,241172480,,,,,,,,2.8822999447584152,,
1791473089.2090073,602712,frontend_frame,1141,0,21880,32,8,159301120,232783872,215117312,241172480,,,,,,,,,,
1791473089.4630532,602712,tracking_feedback_accumulate,1142,,21880,,,163215872,232783872,215117312,241172480,,,,,,,,2.956600161269307,,
1791473089.4670534,602712,frontend_frame,1142,0,21880,32,8,164385792,232783872,215117312,241172480,,,,,,,,,,
1791473089.7804346,602712,tracking_feedback_accumulate,1143,,21880,,,168464384,232783872,215117312,241172480,,,,,,,,2.863100031390786,,
1791473089.785436,602712,frontend_frame,1143,0,21880,32,8,159303168,232783872,215117312,241172480,,,,,,,,,,
1791473090.1515965,602712,tracking_feedback_accumulate,1144,,21880,,,163217920,232783872,215117312,241172480,,,,,,,,2.956999931484461,,
1791473090.1555958,602712,frontend_frame,1144,0,21880,32,8,164387840,232783872,215117312,241172480,,,,,,,,,,
1791473090.4959962,602712,tracking_feedback_accumulate,1145,,21880,,,168466432,232783872,215117312,241172480,,,,,,,,2.8111001010984182,,
1791473090.5009992,602712,frontend_frame,1145,0,21880,32,8,169636352,234881024,215117312,241172480,,,,,,,,,,
1791473090.7580566,602712,tracking_feedback_accumulate,1146,,21880,,,158054400,234881024,215117312,241172480,,,,,,,,3.1859998125582933,,
1791473090.7630563,602712,frontend_frame,1146,0,21880,32,8,159224320,234881024,215117312,241172480,,,,,,,,,,
1791473091.1383321,602712,tracking_feedback_accumulate,1147,,21880,,,163302912,234881024,215117312,241172480,,,,,,,,2.8496000450104475,,
1791473091.1423311,602712,frontend_frame,1147,0,21880,32,8,164472832,234881024,215117312,241172480,,,,,,,,,,
1791473091.446112,602712,tracking_feedback_accumulate,1148,,21880,,,168387584,234881024,215117312,241172480,,,,,,,,2.81660002656281,,
1791473091.451111,602712,frontend_frame,1148,0,21880,32,8,159226368,234881024,215117312,241172480,,,,,,,,,,
1791473091.8401003,602712,tracking_feedback_accumulate,1149,,21880,,,163304960,234881024,215117312,241172480,,,,,,,,2.8828000649809837,,
1791473091.8451006,602712,frontend_frame,1149,0,21880,32,8,164474880,234881024,215117312,241172480,,,,,,,,,,
1791473092.232565,602712,tracking_feedback_accumulate,1150,,21880,,,168471552,234881024,215117312,241172480,,,,,,,,2.7679000049829483,,
1791473092.2375653,602712,frontend_frame,1150,0,21880,32,8,169641472,213909504,215117312,241172480,,,,,,,,,,
1791473092.5817912,602712,tracking_feedback_accumulate,1151,,21880,,,158059520,234881024,215117312,241172480,,,,,,,,3.203100059181452,,
1791473092.5867894,602712,frontend_frame,1151,0,21880,32,8,159229440,234881024,215117312,241172480,,,,,,,,,,
1791473092.8235946,602712,tracking_feedback_accumulate,1152,,21880,,,163308032,234881024,215117312,241172480,,,,,,,,2.797400113195181,,
1791473092.8275945,602712,frontend_frame,1152,0,21880,32,8,164477952,234881024,215117312,241172480,,,,,,,,,,
1791473093.219653,602712,tracking_feedback_accumulate,1153,,21880,,,158061568,234881024,215117312,241172480,,,,,,,,2.812999999150634,,
1791473093.2236526,602712,frontend_frame,1153,0,21880,32,8,159231488,234881024,215117312,241172480,,,,,,,,,,
1791473093.543207,602712,tracking_feedback_accumulate,1154,,21880,,,163310080,234881024,215117312,241172480,,,,,,,,2.8417001012712717,,
1791473093.5472064,602712,frontend_frame,1154,0,21880,32,8,164480000,234881024,215117312,241172480,,,,,,,,,,
1791473093.9104104,602712,tracking_feedback_accumulate,1155,,21880,,,168476672,234881024,215117312,241172480,,,,,,,,2.7977998834103346,,
1791473093.9154093,602712,frontend_frame,1155,0,21880,32,8,159315456,234881024,215117312,241172480,,,,,,,,,,
1791473094.2601254,602712,tracking_feedback_accumulate,1156,,21880,,,163312128,234881024,215117312,241172480,,,,,,,,2.8198999352753162,,
1791473094.265126,602712,frontend_frame,1156,0,21880,32,8,164482048,234881024,215117312,241172480,,,,,,,,,,
1791473094.6532907,602712,tracking_feedback_accumulate,1157,,21880,,,168396800,234881024,215117312,241172480,,,,,,,,3.015900030732155,,
1791473094.6582901,602712,frontend_frame,1157,0,21880,32,8,169566720,234881024,215117312,241172480,,,,,,,,,,
1791473095.0517125,602712,tracking_feedback_accumulate,1158,,21880,,,158148608,234881024,215117312,241172480,,,,,,,,2.9388999100774527,,
1791473095.0567122,602712,frontend_frame,1158,0,21880,32,8,159318528,234881024,215117312,241172480,,,,,,,,,,
1791473095.420056,602712,tracking_feedback_accumulate,1159,,21880,,,163233280,234881024,215117312,241172480,,,,,,,,3.1430001836270094,,
1791473095.4250576,602712,frontend_frame,1159,0,21880,32,8,164403200,234881024,215117312,241172480,,,,,,,,,,
1791473095.7245207,602712,tracking_feedback_accumulate,1160,,21880,,,168481792,234881024,215117312,241172480,,,,,,,,2.889299998059869,,
1791473095.7305205,602712,frontend_frame,1160,0,21880,32,8,159320576,211812352,215117312,241172480,,,,,,,,,,
1791473096.105348,602712,tracking_feedback_accumulate,1161,,21880,,,163235328,232783872,215117312,241172480,,,,,,,,2.829300006851554,,
1791473096.1103477,602712,frontend_frame,1161,0,21880,32,8,164405248,232783872,215117312,241172480,,,,,,,,,,
1791473096.463308,602712,tracking_feedback_accumulate,1162,,21880,,,168483840,232783872,215117312,241172480,,,,,,,,3.120600013062358,,
1791473096.4683087,602712,frontend_frame,1162,0,21880,32,8,169653760,234881024,215117312,241172480,,,,,,,,,,
1791473096.650534,602712,tracking_feedback_accumulate,1163,,21880,,,158071808,234881024,215117312,241172480,,,,,,,,2.930399961769581,,
1791473096.6558132,602712,frontend_frame,1163,0,21880,32,8,159241728,234881024,215117312,241172480,,,,,,,,,,
1791473097.0284178,602712,tracking_feedback_accumulate,1164,,21880,,,163320320,234881024,215117312,241172480,,,,,,,,2.790299942716956,,
1791473097.032525,602712,frontend_frame,1164,0,21880,32,8,164490240,234881024,215117312,241172480,,,,,,,,,,
1791473097.4269066,602712,tracking_feedback_accumulate,1165,,21880,,,168404992,234881024,215117312,241172480,,,,,,,,2.9720000457018614,,
1791473097.4329064,602712,frontend_frame,1165,0,21880,32,8,159243776,234881024,215117312,241172480,,,,,,,,,,
1791473097.7895472,602712,tracking_feedback_accumulate,1166,,21880,,,163322368,234881024,215117312,241172480,,,,,,,,2.948200097307563,,
1791473097.7945476,602712,frontend_frame,1166,0,21880,32,8,164492288,234881024,215117312,241172480,,,,,,,,,,
1791473098.210774,602712,tracking_feedback_accumulate,1167,,21880,,,168407040,234881024,215117312,241172480,,,,,,,,2.857200102880597,,
1791473098.2157726,602712,frontend_frame,1167,0,21880,32,8,169576960,234881024,215117312,241172480,,,,,,,,,,
1791473098.6439686,602712,tracking_feedback_accumulate,1168,,21880,,,158158848,234881024,215117312,241172480,,,,,,,,2.756300149485469,,
1791473098.6489694,602712,frontend_frame,1168,0,21880,32,8,159328768,234881024,215117312,241172480,,,,,,,,,,
1791473099.0010805,602712,tracking_feedback_accumulate,1169,,21880,,,163243520,234881024,215117312,241172480,,,,,,,,2.9201998841017485,,
1791473099.0050814,602712,frontend_frame,1169,0,21880,32,8,164413440,234881024,215117312,241172480,,,,,,,,,,
1791473099.3384516,602712,tracking_feedback_accumulate,1170,,21880,,,158160896,234881024,215117312,241172480,,,,,,,,2.7278000488877296,,
1791473099.3425577,602712,frontend_frame,1170,0,21880,32,8,159330816,211812352,215117312,241172480,,,,,,,,,,
1791473099.7379324,602712,tracking_feedback_accumulate,1171,,21880,,,163327488,232783872,215117312,241172480,,,,,,,,2.8917999006807804,,
1791473099.741974,602712,frontend_frame,1171,0,21880,32,8,164497408,232783872,215117312,241172480,,,,,,,,,,
1791473100.015427,602712,tracking_feedback_accumulate,1172,,21880,,,168412160,232783872,215117312,241172480,,,,,,,,3.010000102221966,,
1791473100.0214262,602712,frontend_frame,1172,0,21880,32,8,159250944,232783872,215117312,241172480,,,,,,,,,,
1791473100.3716772,602712,tracking_feedback_accumulate,1173,,21880,,,163329536,232783872,215117312,241172480,,,,,,,,2.848900156095624,,
1791473100.3786764,602712,frontend_frame,1173,0,21880,32,8,164499456,232783872,215117312,241172480,,,,,,,,,,
1791473100.8168535,602712,tracking_feedback_accumulate,1174,,21880,,,168414208,232783872,215117312,241172480,,,,,,,,3.158200066536665,,
1791473100.8218527,602712,frontend_frame,1174,0,21880,32,8,169584128,234881024,215117312,241172480,,,,,,,,,,
1791473101.2023213,602712,tracking_feedback_accumulate,1175,,21880,,,158166016,234881024,215117312,241172480,,,,,,,,2.8669999446719885,,
1791473101.2073224,602712,frontend_frame,1175,0,21880,32,8,159335936,234881024,215117312,241172480,,,,,,,,,,
1791473101.6245983,602712,tracking_feedback_accumulate,1176,,21880,,,163250688,234881024,215117312,241172480,,,,,,,,3.189200069755316,,
1791473101.6296017,602712,frontend_frame,1176,0,21880,32,8,164420608,234881024,215117312,241172480,,,,,,,,,,
1791473102.0165792,602712,tracking_feedback_accumulate,1177,,21880,,,168499200,234881024,215117312,241172480,,,,,,,,2.847400028258562,,
1791473102.0215807,602712,frontend_frame,1177,0,21880,32,8,159337984,234881024,215117312,241172480,,,,,,,,,,
1791473102.428163,602712,tracking_feedback_accumulate,1178,,21880,,,163252736,234881024,215117312,241172480,,,,,,,,2.8514000587165356,,
1791473102.433163,602712,frontend_frame,1178,0,21880,32,8,164422656,234881024,215117312,241172480,,,,,,,,,,
1791473102.8238487,602712,tracking_feedback_accumulate,1179,,21880,,,168501248,234881024,215117312,241172480,,,,,,,,2.840799978002906,,
1791473102.8278494,602712,frontend_frame,1179,0,21880,32,8,169671168,234881024,215117312,241172480,,,,,,,,,,
1791473103.1640518,602712,tracking_feedback_accumulate,1180,,21880,,,158171136,234881024,215117312,241172480,,,,,,,,2.853299956768751,,
1791473103.169052,602712,frontend_frame,1180,0,21880,32,8,159341056,211812352,215117312,241172480,,,,,,,,,,
1791473103.534543,602712,tracking_feedback_accumulate,1181,,21880,,,163337728,232783872,215117312,241172480,,,,,,,,2.798199886456132,,
1791473103.539542,602712,frontend_frame,1181,0,21880,32,8,164507648,232783872,215117312,241172480,,,,,,,,,,
1791473103.976642,602712,tracking_feedback_accumulate,1182,,21880,,,168504320,232783872,215117312,241172480,,,,,,,,2.807899843901396,,
1791473103.9816418,602712,frontend_frame,1182,0,21880,32,8,159343104,232783872,215117312,241172480,,,,,,,,,,
1791473104.3832848,602712,tracking_feedback_accumulate,1183,,21880,,,163257856,232783872,215117312,241172480,,,,,,,,2.906900132074952,,
1791473104.388285,602712,frontend_frame,1183,0,21880,32,8,164427776,232783872,215117312,241172480,,,,,,,,,,
1791473104.817504,602712,tracking_feedback_accumulate,1184,,21880,,,168506368,232783872,215117312,241172480,,,,,,,,2.8107999823987484,,
1791473104.8225033,602712,frontend_frame,1184,0,21880,32,8,169676288,234881024,215117312,241172480,,,,,,,,,,
1791473105.1683567,602712,tracking_feedback_accumulate,1185,,21880,,,158094336,234881024,215117312,241172480,,,,,,,,2.8377000708132982,,
1791473105.172356,602712,frontend_frame,1185,0,21880,32,8,159264256,234881024,215117312,241172480,,,,,,,,,,
1791473105.521454,602712,tracking_feedback_accumulate,1186,,21880,,,163342848,234881024,215117312,241172480,,,,,,,,2.8837998397648335,,
1791473105.5254536,602712,frontend_frame,1186,0,21880,32,8,164512768,234881024,215117312,241172480,,,,,,,,,,
1791473105.9141605,602712,tracking_feedback_accumulate,1187,,21880,,,158178304,234881024,215117312,241172480,,,,,,,,2.7936999686062336,,
1791473105.9181604,602712,frontend_frame,1187,0,21880,32,8,159348224,234881024,215117312,241172480,,,,,,,,,,
1791473106.2730076,602712,tracking_feedback_accumulate,1188,,21880,,,163344896,234881024,215117312,241172480,,,,,,,,2.9101998079568148,,
1791473106.2770073,602712,frontend_frame,1188,0,21880,32,8,164514816,234881024,215117312,241172480,,,,,,,,,,
1791473106.6668625,602712,tracking_feedback_accumulate,1189,,21880,,,168511488,234881024,215117312,241172480,,,,,,,,2.77639995329082,,
1791473106.6718614,602712,frontend_frame,1189,0,21880,32,8,159350272,234881024,215117312,241172480,,,,,,,,,,
1791473107.1016037,602712,tracking_feedback_accumulate,1190,,21880,,,163346944,234881024,215117312,241172480,,,,,,,,2.848600037395954,,
1791473107.106603,602712,frontend_frame,1190,0,21880,32,8,164516864,211812352,215117312,241172480,,,,,,,,,,
1791473107.4289937,602712,tracking_feedback_accumulate,1191,,21880,,,168513536,232783872,215117312,241172480,,,,,,,,2.803799929097295,,
1791473107.4339955,602712,frontend_frame,1191,0,21880,32,8,169683456,234881024,215117312,241172480,,,,,,,,,,
1791473107.7954552,602712,tracking_feedback_accumulate,1192,,21880,,,158183424,234881024,215117312,241172480,,,,,,,,2.9257999267429113,,
1791473107.7994554,602712,frontend_frame,1192,0,21880,32,8,159353344,234881024,215117312,241172480,,,,,,,,,,
1791473108.086133,602712,tracking_feedback_accumulate,1193,,21880,,,163268096,234881024,215117312,241172480,,,,,,,,2.7399000246077776,,
1791473108.0901337,602712,frontend_frame,1193,0,21880,32,8,164438016,234881024,215117312,241172480,,,,,,,,,,
1791473108.5207157,602712,tracking_feedback_accumulate,1194,,21880,,,168516608,234881024,215117312,241172480,,,,,,,,2.8713999781757593,,
1791473108.5257163,602712,frontend_frame,1194,0,21880,32,8,159355392,234881024,215117312,241172480,,,,,,,,,,
1791473108.7272964,602712,tracking_feedback_accumulate,1195,,21880,,,163352064,234881024,215117312,241172480,,,,,,,,2.904699882492423,,
1791473108.732298,602712,frontend_frame,1195,0,21880,32,8,164521984,234881024,215117312,241172480,,,,,,,,,,
1791473109.1411507,602712,tracking_feedback_accumulate,1196,,21880,,,168436736,234881024,215117312,241172480,,,,,,,,2.769300015643239,,
1791473109.1451507,602712,frontend_frame,1196,0,21880,32,8,169606656,234881024,215117312,241172480,,,,,,,,,,
1791473109.5459888,602712,tracking_feedback_accumulate,1197,,21880,,,158188544,234881024,215117312,241172480,,,,,,,,2.8963000513613224,,
1791473109.5513134,602712,frontend_frame,1197,0,21880,32,8,159358464,234881024,215117312,241172480,,,,,,,,,,
1791473109.8229449,602712,tracking_feedback_accumulate,1198,,21880,,,163355136,234881024,215117312,241172480,,,,,,,,2.8812000527977943,,
1791473109.8269444,602712,frontend_frame,1198,0,21880,32,8,164525056,234881024,215117312,241172480,,,,,,,,,,
1791473110.1796882,602712,tracking_feedback_accumulate,1199,,21880,,,168439808,234881024,215117312,241172480,,,,,,,,2.8868999797850847,,
1791473110.1846895,602712,frontend_frame,1199,0,21880,32,8,159278592,234881024,215117312,241172480,,,,,,,,,,
1791473110.5456173,602712,tracking_feedback_accumulate,1200,,21880,,,163357184,234881024,215117312,241172480,,,,,,,,2.9708000365644693,,
1791473110.5501237,602712,frontend_frame,1200,0,21880,32,8,164527104,211812352,215117312,241172480,,,,,,,,,,
1791473110.8583052,602712,tracking_feedback_accumulate,1201,,21880,,,168523776,232783872,215117312,241172480,,,,,,,,2.8432998806238174,,
1791473110.8633058,602712,frontend_frame,1201,0,21880,32,8,169693696,234881024,215117312,241172480,,,,,,,,,,
1791473111.2657313,602712,tracking_feedback_accumulate,1202,,21880,,,158193664,234881024,215117312,241172480,,,,,,,,3.047799924388528,,
1791473111.270731,602712,frontend_frame,1202,0,21880,32,8,159363584,234881024,215117312,241172480,,,,,,,,,,
1791473111.6289296,602712,tracking_feedback_accumulate,1203,,21880,,,163360256,234881024,215117312,241172480,,,,,,,,2.776999957859516,,
1791473111.6329305,602712,frontend_frame,1203,0,21880,32,8,164530176,234881024,215117312,241172480,,,,,,,,,,
1791473111.9518626,602712,tracking_feedback_accumulate,1204,,21880,,,158113792,234881024,215117312,241172480,,,,,,,,2.702999860048294,,
1791473111.9558656,602712,frontend_frame,1204,0,21880,32,8,159283712,234881024,215117312,241172480,,,,,,,,,,
1791473112.308941,602712,tracking_feedback_accumulate,1205,,21880,,,163362304,234881024,215117312,241172480,,,,,,,,2.7972999960184097,,
1791473112.313941,602712,frontend_frame,1205,0,21880,32,8,164532224,234881024,215117312,241172480,,,,,,,,,,
1791473112.6738188,602712,tracking_feedback_accumulate,1206,,21880,,,168528896,234881024,215117312,241172480,,,,,,,,2.9561000410467386,,
1791473112.6788192,602712,frontend_frame,1206,0,21880,32,8,159367680,234881024,215117312,241172480,,,,,,,,,,
1791473112.9866097,602712,tracking_feedback_accumulate,1207,,21880,,,163364352,234881024,215117312,241172480,,,,,,,,2.8916001319885254,,
1791473112.9916089,602712,frontend_frame,1207,0,21880,32,8,164534272,234881024,215117312,241172480,,,,,,,,,,
1791473113.2781637,602712,tracking_feedback_accumulate,1208,,21880,,,168530944,234881024,215117312,241172480,,,,,,,,2.8535001911222935,,
1791473113.2831645,602712,frontend_frame,1208,0,21880,32,8,169700864,234881024,215117312,241172480,,,,,,,,,,
1791473113.5872796,602712,tracking_feedback_accumulate,1209,,21880,,,158200832,234881024,215117312,241172480,,,,,,,,2.870099851861596,,
1791473113.5922804,602712,frontend_frame,1209,0,21880,32,8,159370752,234881024,215117312,241172480,,,,,,,,,,
1791473113.9383245,602712,tracking_feedback_accumulate,1210,,21880,,,163285504,234881024,215117312,241172480,,,,,,,,2.7962999884039164,,
1791473113.943327,602712,frontend_frame,1210,0,21880,32,8,164455424,211812352,215117312,241172480,,,,,,,,,,
1791473114.3426473,602712,tracking_feedback_accumulate,1211,,21880,,,168534016,232783872,215117312,241172480,,,,,,,,2.8689999599009752,,
1791473114.3476467,602712,frontend_frame,1211,0,21880,32,8,159372800,232783872,215117312,241172480,,,,,,,,,,
1791473114.6392756,602712,tracking_feedback_accumulate,1212,,21880,,,163369472,232783872,215117312,241172480,,,,,,,,2.82260007224977,,
1791473114.6442761,602712,frontend_frame,1212,0,21880,32,8,164539392,232783872,215117312,241172480,,,,,,,,,,
1791473114.9028797,602712,tracking_feedback_accumulate,1213,,21880,,,168454144,232783872,215117312,241172480,,,,,,,,3.0892998911440372,,
1791473114.9078803,602712,frontend_frame,1213,0,21880,32,8,169624064,234881024,215117312,241172480,,,,,,,,,,
1791473115.3029723,602712,tracking_feedback_accumulate,1214,,21880,,,158205952,234881024,215117312,241172480,,,,,,,,3.1528999097645283,,
1791473115.3069715,602712,frontend_frame,1214,0,21880,32,8,159375872,234881024,215117312,241172480,,,,,,,,,,
1791473115.6351857,602712,tracking_feedback_accumulate,1215,,21880,,,163372544,234881024,215117312,241172480,,,,,,,,2.7846999000757933,,
1791473115.6391883,602712,frontend_frame,1215,0,21880,32,8,164542464,234881024,215117312,241172480,,,,,,,,,,
1791473115.9533992,602712,tracking_feedback_accumulate,1216,,21880,,,168539136,234881024,215117312,241172480,,,,,,,,2.766899997368455,,
1791473115.9583995,602712,frontend_frame,1216,0,21880,32,8,159377920,234881024,215117312,241172480,,,,,,,,,,
1791473116.286915,602712,tracking_feedback_accumulate,1217,,21880,,,163292672,234881024,215117312,241172480,,,,,,,,2.95890006236732,,
1791473116.2919147,602712,frontend_frame,1217,0,21880,32,8,164462592,234881024,215117312,241172480,,,,,,,,,,
1791473116.5931668,602712,tracking_feedback_accumulate,1218,,21880,,,168541184,234881024,215117312,241172480,,,,,,,,2.8501998167485,,
1791473116.5981672,602712,frontend_frame,1218,0,21880,32,8,169711104,234881024,215117312,241172480,,,,,,,,,,
1791473116.9408965,602712,tracking_feedback_accumulate,1219,,21880,,,158129152,234881024,215117312,241172480,,,,,,,,2.8019000310450792,,
1791473116.9448967,602712,frontend_frame,1219,0,21880,32,8,159299072,234881024,215117312,241172480,,,,,,,,,,
1791473117.1178792,602712,tracking_feedback_accumulate,1220,,21880,,,163377664,234881024,215117312,241172480,,,,,,,,2.8958001639693975,,
1791473117.1228805,602712,frontend_frame,1220,0,21880,32,8,164547584,211812352,215117312,241172480,,,,,,,,,,
1791473117.4687977,602712,tracking_feedback_accumulate,1221,,21880,,,158131200,232783872,215117312,241172480,,,,,,,,2.7809999883174896,,
1791473117.4727976,602712,frontend_frame,1221,0,21880,32,8,159301120,232783872,215117312,241172480,,,,,,,,,,
1791473117.72391,602712,tracking_feedback_accumulate,1222,,21880,,,163379712,232783872,215117312,241172480,,,,,,,,2.8311999049037695,,
1791473117.72791,602712,frontend_frame,1222,0,21880,32,8,164549632,232783872,215117312,241172480,,,,,,,,,,
1791473118.0813594,602712,tracking_feedback_accumulate,1223,,21880,,,168546304,232783872,215117312,241172480,,,,,,,,2.818700158968568,,
1791473118.0863593,602712,frontend_frame,1223,0,21880,32,8,159385088,232783872,215117312,241172480,,,,,,,,,,
1791473118.4347255,602712,tracking_feedback_accumulate,1224,,21880,,,163299840,232783872,215117312,241172480,,,,,,,,2.9128999449312687,,
1791473118.4387279,602712,frontend_frame,1224,0,21880,32,8,164469760,232783872,215117312,241172480,,,,,,,,,,
1791473118.7603118,602712,tracking_feedback_accumulate,1225,,21880,,,168548352,232783872,215117312,241172480,,,,,,,,2.800899790599942,,
1791473118.765312,602712,frontend_frame,1225,0,21880,32,8,169718272,234881024,215117312,241172480,,,,,,,,,,
1791473119.138308,602712,tracking_feedback_accumulate,1226,,21880,,,158136320,234881024,215117312,241172480,,,,,,,,2.872199984267354,,
1791473119.143311,602712,frontend_frame,1226,0,21880,32,8,159306240,234881024,215117312,241172480,,,,,,,,,,
1791473119.5268385,602712,tracking_feedback_accumulate,1227,,21880,,,163384832,234881024,215117312,241172480,,,,,,,,2.843800000846386,,
1791473119.5318384,602712,frontend_frame,1227,0,21880,32,8,164554752,234881024,215117312,241172480,,,,,,,,,,
1791473119.8640535,602712,tracking_feedback_accumulate,1228,,21880,,,168469504,234881024,215117312,241172480,,,,,,,,2.7758998330682516,,
1791473119.8690543,602712,frontend_frame,1228,0,21880,32,8,159308288,234881024,215117312,241172480,,,,,,,,,,
1791473120.152436,602712,tracking_feedback_accumulate,1229,,21880,,,163386880,234881024,215117312,241172480,,,,,,,,3.0345998238772154,,
1791473120.1569405,602712,frontend_frame,1229,0,21880,32,8,164556800,234881024,215117312,241172480,,,,,,,,,,
1791473120.4981704,602712,tracking_feedback_accumulate,1230,,21880,,,168553472,234881024,215117312,241172480,,,,,,,,2.7553001418709755,,
1791473120.503171,602712,frontend_frame,1230,0,21880,32,8,169723392,213909504,215117312,241172480,,,,,,,,,,
1791473120.8224049,602712,tracking_feedback_accumulate,1231,,21880,,,158223360,234881024,215117312,241172480,,,,,,,,2.843699883669615,,
1791473120.8274052,602712,frontend_frame,1231,0,21880,32,8,159393280,234881024,215117312,241172480,,,,,,,,,,
1791473121.149902,602712,tracking_feedback_accumulate,1232,,21880,,,163308032,234881024,215117312,241172480,,,,,,,,3.143999958410859,,
1791473121.1549022,602712,frontend_frame,1232,0,21880,32,8,164477952,234881024,215117312,241172480,,,,,,,,,,
1791473121.4878647,602712,tracking_feedback_accumulate,1233,,21880,,,168556544,234881024,215117312,241172480,,,,,,,,2.7393000200390816,,
1791473121.4928658,602712,frontend_frame,1233,0,21880,32,8,159395328,234881024,215117312,241172480,,,,,,,,,,
1791473121.8201683,602712,tracking_feedback_accumulate,1234,,21880,,,163310080,234881024,215117312,241172480,,,,,,,,2.9325000941753387,,
1791473121.825168,602712,frontend_frame,1234,0,21880,32,8,164480000,234881024,215117312,241172480,,,,,,,,,,
1791473122.1231952,602712,tracking_feedback_accumulate,1235,,21880,,,168558592,234881024,215117312,241172480,,,,,,,,2.9160999692976475,,
1791473122.173235,602712,frontend_frame,1235,0,21880,33,8,173724160,234881024,215117312,241172480,,,,,,,,,,
1791473132.8201268,602712,tracking_feedback_accumulate,1236,,22169,,,162165760,234881024,215117312,241172480,,,,,,,,2.8319000266492367,,
1791473132.825128,602712,frontend_frame,1236,0,22169,33,8,163409920,234881024,215117312,241172480,,,,,,,,,,
1791473133.106092,602712,tracking_feedback_accumulate,1237,,22169,,,167488512,234881024,215117312,241172480,,,,,,,,2.893800148740411,,
1791473133.1110923,602712,frontend_frame,1237,0,22169,33,8,168730624,234881024,215117312,241172480,,,,,,,,,,
1791473133.4951496,602712,tracking_feedback_accumulate,1238,,22169,,,162251776,255852544,215117312,255852544,,,,,,,,2.864300040528178,,
1791473133.4996576,602712,frontend_frame,1238,0,22169,33,8,163493888,255852544,215117312,255852544,,,,,,,,,,
1791473133.8240266,602712,tracking_feedback_accumulate,1239,,22169,,,167490560,255852544,215117312,255852544,,,,,,,,2.84019997343421,,
1791473133.8280258,602712,frontend_frame,1239,0,22169,33,8,168732672,255852544,215117312,255852544,,,,,,,,,,
1791473134.1678457,602712,tracking_feedback_accumulate,1240,,22169,,,172647424,255852544,215117312,255852544,,,,,,,,2.797400113195181,,
1791473134.1738462,602712,frontend_frame,1240,0,22169,33,8,163414528,211812352,215117312,255852544,,,,,,,,,,
1791473134.4875233,602712,tracking_feedback_accumulate,1241,,22169,,,167493120,232783872,215117312,255852544,,,,,,,,2.9077997896820307,,
1791473134.4926178,602712,frontend_frame,1241,0,22169,33,8,168735232,232783872,215117312,255852544,,,,,,,,,,
1791473134.8809857,602712,tracking_feedback_accumulate,1242,,22169,,,172731904,253755392,215117312,255852544,,,,,,,,3.0320000369101763,,
1791473134.8849857,602712,frontend_frame,1242,0,22169,33,8,173974016,255852544,215117312,255852544,,,,,,,,,,
1791473135.251307,602712,tracking_feedback_accumulate,1243,,22169,,,162175488,255852544,215117312,255852544,,,,,,,,2.996099879965186,,
1791473135.256309,602712,frontend_frame,1243,0,22169,33,8,163417600,255852544,215117312,255852544,,,,,,,,,,
1791473135.6075258,602712,tracking_feedback_accumulate,1244,,22169,,,167496192,255852544,215117312,255852544,,,,,,,,2.963599981740117,,
1791473135.6125267,602712,frontend_frame,1244,0,22169,33,8,168738304,255852544,215117312,255852544,,,,,,,,,,
1791473136.0468683,602712,tracking_feedback_accumulate,1245,,22169,,,172653056,255852544,215117312,255852544,,,,,,,,2.9461998492479324,,
1791473136.0518677,602712,frontend_frame,1245,0,22169,33,8,163419648,255852544,215117312,255852544,,,,,,,,,,
1791473136.2470384,602712,tracking_feedback_accumulate,1246,,22169,,,167498240,255852544,215117312,255852544,,,,,,,,3.0199000611901283,,
1791473136.2520375,602712,frontend_frame,1246,0,22169,33,8,168740352,255852544,215117312,255852544,,,,,,,,,,
1791473136.5019963,602712,tracking_feedback_accumulate,1247,,22169,,,172737024,255852544,215117312,255852544,,,,,,,,2.884600078687072,,
1791473136.5059948,602712,frontend_frame,1247,0,22169,33,8,173979136,255852544,215117312,255852544,,,,,,,,,,
1791473136.9212508,602712,tracking_feedback_accumulate,1248,,22169,,,162180608,255852544,215117312,255852544,,,,,,,,3.0654999427497387,,
1791473136.9262502,602712,frontend_frame,1248,0,22169,33,8,163422720,255852544,215117312,255852544,,,,,,,,,,
1791473137.282597,602712,tracking_feedback_accumulate,1249,,22169,,,167501312,255852544,215117312,255852544,,,,,,,,3.04169999435544,,
1791473137.2865963,602712,frontend_frame,1249,0,22169,33,8,168743424,255852544,215117312,255852544,,,,,,,,,,
1791473137.7007487,602712,tracking_feedback_accumulate,1250,,22169,,,162264576,255852544,215117312,255852544,,,,,,,,2.9369997791945934,,
1791473137.7057502,602712,frontend_frame,1250,0,22169,33,8,163506688,211812352,215117312,255852544,,,,,,,,,,
1791473138.0761778,602712,tracking_feedback_accumulate,1251,,22169,,,167503360,232783872,215117312,255852544,,,,,,,,2.818400040268898,,
1791473138.0801785,602712,frontend_frame,1251,0,22169,33,8,168745472,232783872,215117312,255852544,,,,,,,,,,
1791473138.4891667,602712,tracking_feedback_accumulate,1252,,22169,,,172742144,253755392,215117312,255852544,,,,,,,,3.262300044298172,,
1791473138.4941664,602712,frontend_frame,1252,0,22169,33,8,163508736,253755392,215117312,255852544,,,,,,,,,,
1791473138.7872992,602712,tracking_feedback_accumulate,1253,,22169,,,167423488,253755392,215117312,255852544,,,,,,,,2.901099855080247,,
1791473138.792299,602712,frontend_frame,1253,0,22169,33,8,168665600,253755392,215117312,255852544,,,,,,,,,,
1791473139.2153926,602712,tracking_feedback_accumulate,1254,,22169,,,172744192,253755392,215117312,255852544,,,,,,,,2.9817998874932528,,
1791473139.220393,602712,frontend_frame,1254,0,22169,33,8,173986304,255852544,215117312,255852544,,,,,,,,,,
1791473139.64027,602712,tracking_feedback_accumulate,1255,,22169,,,162187776,255852544,215117312,255852544,,,,,,,,2.8138000052422285,,
1791473139.6452703,602712,frontend_frame,1255,0,22169,33,8,163429888,255852544,215117312,255852544,,,,,,,,,,
1791473140.0590632,602712,tracking_feedback_accumulate,1256,,22169,,,167508480,255852544,215117312,255852544,,,,,,,,2.968600019812584,,
1791473140.0630624,602712,frontend_frame,1256,0,22169,33,8,168750592,255852544,215117312,255852544,,,,,,,,,,
1791473140.4119158,602712,tracking_feedback_accumulate,1257,,22169,,,172665344,255852544,215117312,255852544,,,,,,,,2.7651002164930105,,
1791473140.4169157,602712,frontend_frame,1257,0,22169,33,8,163431936,255852544,215117312,255852544,,,,,,,,,,
1791473140.7411687,602712,tracking_feedback_accumulate,1258,,22169,,,167510528,255852544,215117312,255852544,,,,,,,,3.122699912637472,,
1791473140.746169,602712,frontend_frame,1258,0,22169,33,8,168752640,255852544,215117312,255852544,,,,,,,,,,
1791473141.1083758,602712,tracking_feedback_accumulate,1259,,22169,,,172667392,255852544,215117312,255852544,,,,,,,,2.9194001108407974,,
1791473141.113376,602712,frontend_frame,1259,0,22169,33,8,173909504,255852544,215117312,255852544,,,,,,,,,,
1791473141.4937255,602712,tracking_feedback_accumulate,1260,,22169,,,162274816,255852544,215117312,255852544,,,,,,,,2.9448000714182854,,
1791473141.4982295,602712,frontend_frame,1260,0,22169,33,8,163516928,211812352,215117312,255852544,,,,,,,,,,
1791473141.8752677,602712,tracking_feedback_accumulate,1261,,22169,,,167513600,253755392,215117312,255852544,,,,,,,,2.850899938493967,,
1791473141.8802693,602712,frontend_frame,1261,0,22169,33,8,168755712,253755392,215117312,255852544,,,,,,,,,,
1791473142.2570226,602712,tracking_feedback_accumulate,1262,,22169,,,172670464,253755392,215117312,255852544,,,,,,,,2.8681999538093805,,
1791473142.262026,602712,frontend_frame,1262,0,22169,33,8,163437056,253755392,215117312,255852544,,,,,,,,,,
1791473142.5585158,602712,tracking_feedback_accumulate,1263,,22169,,,167515648,253755392,215117312,255852544,,,,,,,,2.9992000199854374,,
1791473142.5635188,602712,frontend_frame,1263,0,22169,33,8,168757760,253755392,215117312,255852544,,,,,,,,,,
1791473142.9881132,602712,tracking_feedback_accumulate,1264,,22169,,,172672512,253755392,215117312,255852544,,,,,,,,2.927799941971898,,
1791473142.9931135,602712,frontend_frame,1264,0,22169,33,8,173914624,255852544,215117312,255852544,,,,,,,,,,
1791473143.3445463,602712,tracking_feedback_accumulate,1265,,22169,,,162279936,255852544,215117312,255852544,,,,,,,,3.2774999272078276,,
1791473143.3495464,602712,frontend_frame,1265,0,22169,33,8,163522048,255852544,215117312,255852544,,,,,,,,,,
1791473143.7716322,602712,tracking_feedback_accumulate,1266,,22169,,,167436800,255852544,215117312,255852544,,,,,,,,2.939199795946479,,
1791473143.7766757,602712,frontend_frame,1266,0,22169,33,8,168678912,255852544,215117312,255852544,,,,,,,,,,
1791473144.0682929,602712,tracking_feedback_accumulate,1267,,22169,,,162281984,255852544,215117312,255852544,,,,,,,,3.2403001096099615,,
1791473144.0732927,602712,frontend_frame,1267,0,22169,33,8,163524096,255852544,215117312,255852544,,,,,,,,,,
1791473144.4205136,602712,tracking_feedback_accumulate,1268,,22169,,,167520768,255852544,215117312,255852544,,,,,,,,2.869300078600645,,
1791473144.425513,602712,frontend_frame,1268,0,22169,33,8,168762880,255852544,215117312,255852544,,,,,,,,,,
1791473144.771483,602712,tracking_feedback_accumulate,1269,,22169,,,172759552,255852544,215117312,255852544,,,,,,,,2.843800000846386,,
1791473144.7764819,602712,frontend_frame,1269,0,22169,33,8,163526144,255852544,215117312,255852544,,,,,,,,,,
1791473145.1192508,602712,tracking_feedback_accumulate,1270,,22169,,,167440896,255852544,215117312,255852544,,,,,,,,2.910599811002612,,
1791473145.1242497,602712,frontend_frame,1270,0,22169,33,8,168683008,211812352,215117312,255852544,,,,,,,,,,
1791473145.5608435,602712,tracking_feedback_accumulate,1271,,22169,,,172761600,232783872,215117312,255852544,,,,,,,,2.9215000104159117,,
1791473145.5658464,602712,frontend_frame,1271,0,22169,33,8,174003712,234881024,215117312,255852544,,,,,,,,,,
1791473145.9349222,602712,tracking_feedback_accumulate,1272,,22169,,,162205184,234881024,215117312,255852544,,,,,,,,2.9122999403625727,,
1791473145.9399216,602712,frontend_frame,1272,0,22169,33,8,163447296,234881024,215117312,255852544,,,,,,,,,,
1791473146.2742808,602712,tracking_feedback_accumulate,1273,,22169,,,167525888,234881024,215117312,255852544,,,,,,,,2.94659985229373,,
1791473146.2793255,602712,frontend_frame,1273,0,22169,33,8,168768000,234881024,215117312,255852544,,,,,,,,,,
1791473146.674945,602712,tracking_feedback_accumulate,1274,,22169,,,172682752,255852544,215117312,255852544,,,,,,,,3.1125000678002834,,
1791473146.679447,602712,frontend_frame,1274,0,22169,33,8,163449344,255852544,215117312,255852544,,,,,,,,,,
1791473147.0328605,602712,tracking_feedback_accumulate,1275,,22169,,,167527936,255852544,215117312,255852544,,,,,,,,3.0727998819202185,,
1791473147.0378602,602712,frontend_frame,1275,0,22169,33,8,168770048,255852544,215117312,255852544,,,,,,,,,,
1791473147.400972,602712,tracking_feedback_accumulate,1276,,22169,,,172766720,255852544,215117312,255852544,,,,,,,,2.9486999846994877,,
1791473147.405972,602712,frontend_frame,1276,0,22169,33,8,174008832,255852544,215117312,255852544,,,,,,,,,,
1791473147.7493143,602712,tracking_feedback_accumulate,1277,,22169,,,162292224,255852544,215117312,255852544,,,,,,,,2.9255999252200127,,
1791473147.7533152,602712,frontend_frame,1277,0,22169,33,8,163534336,255852544,215117312,255852544,,,,,,,,,,
1791473148.1039424,602712,tracking_feedback_accumulate,1278,,22169,,,167531008,255852544,215117312,255852544,,,,,,,,3.4666999708861113,,
1791473148.1089423,602712,frontend_frame,1278,0,22169,33,8,168773120,255852544,215117312,255852544,,,,,,,,,,
1791473148.5327532,602712,tracking_feedback_accumulate,1279,,22169,,,172687872,255852544,215117312,255852544,,,,,,,,2.970899920910597,,
1791473148.537753,602712,frontend_frame,1279,0,22169,33,8,163454464,255852544,215117312,255852544,,,,,,,,,,
1791473148.9302917,602712,tracking_feedback_accumulate,1280,,22169,,,167533056,255852544,215117312,255852544,,,,,,,,2.952400129288435,,
1791473148.9798834,602712,frontend_frame,1280,0,22169,34,8,172770816,255852544,215117312,255852544,,,,,,,,,,
1791473159.8041825,602712,tracking_feedback_accumulate,1281,,22540,,,176713216,255852544,218701824,255852544,,,,,,,,2.977399853989482,,
1791473159.8091824,602712,frontend_frame,1281,0,22540,34,8,167572992,255852544,218701824,255852544,,,,,,,,,,
1791473160.2058473,602712,tracking_feedback_accumulate,1282,,22540,,,171651584,255852544,218701824,255852544,,,,,,,,2.991399960592389,,
1791473160.2118468,602712,frontend_frame,1282,0,22540,34,8,172984320,255852544,218701824,255852544,,,,,,,,,,
1791473160.5377266,602712,tracking_feedback_accumulate,1283,,22540,,,176899072,255852544,218911744,255852544,,,,,,,,3.006699960678816,,
1791473160.541726,602712,frontend_frame,1283,0,22540,34,8,178231808,255852544,218911744,255852544,,,,,,,,,,
1791473160.9043489,602712,tracking_feedback_accumulate,1284,,22540,,,166325248,255852544,218911744,255852544,,,,,,,,3.0180001631379128,,
1791473160.9093487,602712,frontend_frame,1284,0,22540,34,8,167657984,255852544,218911744,255852544,,,,,,,,,,
1791473161.275769,602712,tracking_feedback_accumulate,1285,,22540,,,171654656,255852544,218911744,255852544,,,,,,,,2.8529998380690813,,
1791473161.27977,602712,frontend_frame,1285,0,22540,34,8,172987904,255852544,218911744,255852544,,,,,,,,,,
1791473161.6854007,602712,tracking_feedback_accumulate,1286,,22540,,,176984576,255852544,218915328,255852544,,,,,,,,2.8635000344365835,,
1791473161.6904018,602712,frontend_frame,1286,0,22540,34,8,167660544,255852544,218915328,255852544,,,,,,,,,,
1791473162.0050275,602712,tracking_feedback_accumulate,1287,,22540,,,171575296,255852544,218915328,255852544,,,,,,,,2.8607998974621296,,
1791473162.0090287,602712,frontend_frame,1287,0,22540,34,8,172908032,255852544,218915328,255852544,,,,,,,,,,
1791473162.3717566,602712,tracking_feedback_accumulate,1288,,22540,,,176986624,255852544,218917376,255852544,,,,,,,,3.3373001497238874,,
1791473162.3767562,602712,frontend_frame,1288,0,22540,34,8,178319360,255852544,218917376,255852544,,,,,,,,,,
1791473162.7469306,602712,tracking_feedback_accumulate,1289,,22540,,,166330880,255852544,218917376,255852544,,,,,,,,2.906200010329485,,
1791473162.7519317,602712,frontend_frame,1289,0,22540,34,8,167663616,255852544,218917376,255852544,,,,,,,,,,
1791473163.2186174,602712,tracking_feedback_accumulate,1290,,22540,,,171660288,255852544,218917376,255852544,,,,,,,,3.1926999799907207,,
1791473163.2246187,602712,frontend_frame,1290,0,22540,34,8,172993024,211812352,218917376,255852544,,,,,,,,,,
1791473163.5713432,602712,tracking_feedback_accumulate,1291,,22540,,,176989696,253755392,218920448,255852544,,,,,,,,2.9615999665111303,,
1791473163.576342,602712,frontend_frame,1291,0,22540,34,8,167665664,253755392,218920448,255852544,,,,,,,,,,
1791473163.889465,602712,tracking_feedback_accumulate,1292,,22540,,,171662336,253755392,218920448,255852544,,,,,,,,2.8922001365572214,,
1791473163.8934655,602712,frontend_frame,1292,0,22540,34,8,172995072,253755392,218920448,255852544,,,,,,,,,,
1791473164.1353245,602712,tracking_feedback_accumulate,1293,,22540,,,176909824,253755392,218922496,255852544,,,,,,,,2.9024998657405376,,
1791473164.1413262,602712,frontend_frame,1293,0,22540,34,8,167585792,255852544,218922496,255852544,,,,,,,,,,
1791473164.549269,602712,tracking_feedback_accumulate,1294,,22540,,,171664384,255852544,218922496,255852544,,,,,,,,3.0974000692367554,,
1791473164.5542688,602712,frontend_frame,1294,0,22540,34,8,172997120,255852544,218922496,255852544,,,,,,,,,,
1791473164.9663332,602712,tracking_feedback_accumulate,1295,,22540,,,176911872,255852544,218924544,255852544,,,,,,,,2.9916998464614153,,
1791473164.9725137,602712,frontend_frame,1295,0,22540,34,8,178244608,255852544,218924544,255852544,,,,,,,,,,
1791473165.3960018,602712,tracking_feedback_accumulate,1296,,22540,,,171666432,255852544,218924544,255852544,,,,,,,,2.916299970820546,,
1791473165.4015074,602712,frontend_frame,1296,0,22540,34,8,172999168,255852544,218924544,255852544,,,,,,,,,,
1791473165.7910814,602712,tracking_feedback_accumulate,1297,,22540,,,176913920,255852544,218926592,255852544,,,,,,,,2.881100168451667,,
1791473165.7960813,602712,frontend_frame,1297,0,22540,34,8,178246656,255852544,218926592,255852544,,,,,,,,,,
1791473166.1095827,602712,tracking_feedback_accumulate,1298,,22540,,,182325248,260046848,224256000,260046848,,,,,,,,2.912500174716115,,
1791473166.114582,602712,frontend_frame,1298,0,22540,34,8,173001216,260046848,224256000,260046848,,,,,,,,,,
1791473166.534439,602712,tracking_feedback_accumulate,1299,,22540,,,176915968,260046848,224256000,260046848,,,,,,,,3.176500089466572,,
1791473166.5394385,602712,frontend_frame,1299,0,22540,34,8,178248704,260046848,224256000,260046848,,,,,,,,,,
1791473166.9277148,602712,tracking_feedback_accumulate,1300,,22540,,,182327296,260046848,224258048,260046848,,,,,,,,2.91569996625185,,
1791473166.9337146,602712,frontend_frame,1300,0,22540,34,8,183660032,218103808,224258048,262144000,,,,,,,,,,
1791473167.3577206,602712,tracking_feedback_accumulate,1301,,22540,,,166261248,260046848,224258048,262144000,,,,,,,,2.8869998641312122,,
1791473167.3627207,602712,frontend_frame,1301,0,22540,34,8,167593984,260046848,224258048,262144000,,,,,,,,,,
1791473167.6309016,602712,tracking_feedback_accumulate,1302,,22540,,,171672576,260046848,224258048,262144000,,,,,,,,2.9059001244604588,,
1791473167.6349006,602712,frontend_frame,1302,0,22540,34,8,173005312,260046848,224258048,262144000,,,,,,,,,,
1791473168.0303123,602712,tracking_feedback_accumulate,1303,,22540,,,176920064,260046848,224258048,262144000,,,,,,,,2.9331999830901623,,
1791473168.0348442,602712,frontend_frame,1303,0,22540,34,8,167596032,260046848,224258048,262144000,,,,,,,,,,
1791473168.4455032,602712,tracking_feedback_accumulate,1304,,22540,,,171674624,260046848,224258048,262144000,,,,,,,,2.907299902290106,,
1791473168.449503,602712,frontend_frame,1304,0,22540,34,8,173007360,260046848,224258048,262144000,,,,,,,,,,
1791473168.8017228,602712,tracking_feedback_accumulate,1305,,22540,,,177004032,260046848,224258048,262144000,,,,,,,,3.0509999487549067,,
1791473168.8067658,602712,frontend_frame,1305,0,22540,34,8,178336768,260046848,224258048,262144000,,,,,,,,,,
1791473169.1981227,602712,tracking_feedback_accumulate,1306,,22540,,,166266368,260046848,224258048,262144000,,,,,,,,2.8641000390052795,,
1791473169.2032225,602712,frontend_frame,1306,0,22540,34,8,167599104,260046848,224258048,262144000,,,,,,,,,,
1791473169.6766074,602712,tracking_feedback_accumulate,1307,,22540,,,171677696,260046848,224258048,262144000,,,,,,,,2.910400042310357,,
1791473169.6816077,602712,frontend_frame,1307,0,22540,34,8,173010432,260046848,224258048,262144000,,,,,,,,,,
1791473169.9917192,602712,tracking_feedback_accumulate,1308,,22540,,,177007104,260046848,224258048,262144000,,,,,,,,2.922500018030405,,
1791473169.9967184,602712,frontend_frame,1308,0,22540,34,8,167683072,260046848,224258048,262144000,,,,,,,,,,
1791473170.4192677,602712,tracking_feedback_accumulate,1309,,22540,,,171679744,260046848,224258048,262144000,,,,,,,,2.8584999963641167,,
1791473170.4243505,602712,frontend_frame,1309,0,22540,34,8,173012480,260046848,224258048,262144000,,,,,,,,,,
1791473170.772912,602712,tracking_feedback_accumulate,1310,,22540,,,176927232,260046848,224258048,262144000,,,,,,,,2.890500007197261,,
1791473170.7779129,602712,frontend_frame,1310,0,22540,34,8,167603200,213909504,224258048,262144000,,,,,,,,,,
1791473171.1225872,602712,tracking_feedback_accumulate,1311,,22540,,,171681792,255852544,224258048,262144000,,,,,,,,2.9540001414716244,,
1791473171.1275873,602712,frontend_frame,1311,0,22540,34,8,173014528,255852544,224258048,262144000,,,,,,,,,,
1791473171.4287727,602712,tracking_feedback_accumulate,1312,,22540,,,176929280,255852544,224258048,262144000,,,,,,,,3.156699938699603,,
1791473171.4327729,602712,frontend_frame,1312,0,22540,34,8,178262016,255852544,224258048,262144000,,,,,,,,,,
1791473171.7840328,602712,tracking_feedback_accumulate,1313,,22540,,,171683840,255852544,224258048,262144000,,,,,,,,2.950900001451373,,
1791473171.7880323,602712,frontend_frame,1313,0,22540,34,8,173016576,255852544,224258048,262144000,,,,,,,,,,
1791473172.1171782,602712,tracking_feedback_accumulate,1314,,22540,,,176931328,255852544,224258048,262144000,,,,,,,,3.0123000033199787,,
1791473172.122178,602712,frontend_frame,1314,0,22540,34,8,178264064,255852544,224258048,262144000,,,,,,,,,,
1791473172.5669124,602712,tracking_feedback_accumulate,1315,,22540,,,182342656,260046848,224273408,262144000,,,,,,,,2.8520000632852316,,
1791473172.5719116,602712,frontend_frame,1315,0,22540,34,8,173018624,260046848,224273408,262144000,,,,,,,,,,
1791473172.934798,602712,tracking_feedback_accumulate,1316,,22540,,,177015296,260046848,224273408,262144000,,,,,,,,2.813100116327405,,
1791473172.939797,602712,frontend_frame,1316,0,22540,34,8,178348032,260046848,224273408,262144000,,,,,,,,,,
1791473173.3069177,602712,tracking_feedback_accumulate,1317,,22540,,,182262784,260046848,224275456,262144000,,,,,,,,2.9816001188009977,,
1791473173.3109455,602712,frontend_frame,1317,0,22540,34,8,183595520,260046848,224275456,262144000,,,,,,,,,,
1791473173.6015103,602712,tracking_feedback_accumulate,1318,,22540,,,171688960,260046848,224275456,262144000,,,,,,,,2.890799893066287,,
1791473173.6055112,602712,frontend_frame,1318,0,22540,34,8,173021696,260046848,224275456,262144000,,,,,,,,,,
1791473173.9202054,602712,tracking_feedback_accumulate,1319,,22540,,,176936448,260046848,224275456,262144000,,,,,,,,2.9092999175190926,,
1791473173.925205,602712,frontend_frame,1319,0,22540,34,8,178269184,260046848,224275456,262144000,,,,,,,,,,
1791473174.2890232,602712,tracking_feedback_accumulate,1320,,22540,,,182347776,260046848,224295424,262144000,,,,,,,,2.863700035959482,,
1791473174.294026,602712,frontend_frame,1320,0,22540,34,8,173023744,213909504,224295424,262144000,,,,,,,,,,
1791473174.6426961,602712,tracking_feedback_accumulate,1321,,22540,,,176938496,255852544,224295424,262144000,,,,,,,,2.949399873614311,,
1791473174.646697,602712,frontend_frame,1321,0,22540,34,8,178271232,255852544,224295424,262144000,,,,,,,,,,
1791473175.0211327,602712,tracking_feedback_accumulate,1322,,22540,,,182349824,260046848,224326656,262144000,,,,,,,,2.9054998885840178,,
1791473175.0261338,602712,frontend_frame,1322,0,22540,34,8,183682560,262144000,224326656,262144000,,,,,,,,,,
1791473175.4296668,602712,tracking_feedback_accumulate,1323,,22540,,,171612160,262144000,224326656,262144000,,,,,,,,2.960900077596307,,
1791473175.4346678,602712,frontend_frame,1323,0,22540,34,8,172944896,262144000,224326656,262144000,,,,,,,,,,
1791473175.7984784,602712,tracking_feedback_accumulate,1324,,22540,,,177023488,262144000,224326656,262144000,,,,,,,,2.9426999390125275,,
1791473175.803479,602712,frontend_frame,1324,0,22540,34,8,178356224,262144000,224326656,262144000,,,,,,,,,,
1791473176.0930374,602712,tracking_feedback_accumulate,1325,,22540,,,182270976,262144000,224376832,262144000,,,,,,,,2.988200169056654,,
1791473176.098041,602712,frontend_frame,1325,0,22540,34,8,172946944,262144000,224376832,262144000,,,,,,,,,,
1791473176.524238,602712,tracking_feedback_accumulate,1326,,22540,,,177025536,262144000,224376832,262144000,,,,,,,,2.8894999995827675,,
1791473176.5292392,602712,frontend_frame,1326,0,22540,34,8,178358272,262144000,224376832,262144000,,,,,,,,,,
1791473176.937684,602712,tracking_feedback_accumulate,1327,,22540,,,182273024,262144000,224376832,262144000,,,,,,,,3.168500028550625,,
1791473176.942684,602712,frontend_frame,1327,0,22540,34,8,183605760,262144000,224376832,262144000,,,,,,,,,,
1791473177.3372838,602712,tracking_feedback_accumulate,1328,,22540,,,171699200,262144000,224376832,262144000,,,,,,,,2.9053001198917627,,
1791473177.342285,602712,frontend_frame,1328,0,22540,34,8,173031936,262144000,224376832,262144000,,,,,,,,,,
1791473177.7895975,602712,tracking_feedback_accumulate,1329,,22540,,,176946688,262144000,224376832,262144000,,,,,,,,2.9953999910503626,,
1791473177.7946007,602712,frontend_frame,1329,0,22540,34,8,178279424,262144000,224376832,262144000,,,,,,,,,,
1791473178.1138954,602712,tracking_feedback_accumulate,1330,,22540,,,166372864,262144000,224376832,262144000,,,,,,,,2.970699919387698,,
1791473178.1188953,602712,frontend_frame,1330,0,22540,34,8,167705600,211812352,224376832,262144000,,,,,,,,,,
1791473178.4891098,602712,tracking_feedback_accumulate,1331,,22540,,,171702272,253755392,224376832,262144000,,,,,,,,2.810999983921647,,
1791473178.4931104,602712,frontend_frame,1331,0,22540,34,8,173035008,253755392,224376832,262144000,,,,,,,,,,
1791473178.851466,602712,tracking_feedback_accumulate,1332,,22540,,,177031680,253755392,224376832,262144000,,,,,,,,2.915899967774749,,
1791473178.8564656,602712,frontend_frame,1332,0,22540,34,8,167707648,253755392,224376832,262144000,,,,,,,,,,
1791473179.2513094,602712,tracking_feedback_accumulate,1333,,22540,,,171622400,253755392,224376832,262144000,,,,,,,,2.991599962115288,,
1791473179.2563093,602712,frontend_frame,1333,0,22540,34,8,172955136,253755392,224376832,262144000,,,,,,,,,,
1791473179.6720114,602712,tracking_feedback_accumulate,1334,,22540,,,177033728,253755392,224376832,262144000,,,,,,,,2.9073001351207495,,
1791473179.677012,602712,frontend_frame,1334,0,22540,34,8,178366464,255852544,224376832,262144000,,,,,,,,,,
1791473180.0896277,602712,tracking_feedback_accumulate,1335,,22540,,,166296064,255852544,224376832,262144000,,,,,,,,2.8997000772506,,
1791473180.093629,602712,frontend_frame,1335,0,22540,34,8,167628800,255852544,224376832,262144000,,,,,,,,,,
1791473180.4070694,602712,tracking_feedback_accumulate,1336,,22540,,,171707392,255852544,224376832,262144000,,,,,,,,3.3257000613957644,,
1791473180.412074,602712,frontend_frame,1336,0,22540,34,8,173040128,255852544,224376832,262144000,,,,,,,,,,
1791473180.8071468,602712,tracking_feedback_accumulate,1337,,22540,,,176954880,255852544,224376832,262144000,,,,,,,,3.12780006788671,,
1791473180.8131459,602712,frontend_frame,1337,0,22540,34,8,167630848,255852544,224376832,262144000,,,,,,,,,,
1791473181.1706963,602712,tracking_feedback_accumulate,1338,,22540,,,171709440,255852544,224376832,262144000,,,,,,,,2.7310000732541084,,
1791473181.1756964,602712,frontend_frame,1338,0,22540,34,8,173042176,255852544,224376832,262144000,,,,,,,,,,
1791473181.5202563,602712,tracking_feedback_accumulate,1339,,22540,,,176956928,255852544,224376832,262144000,,,,,,,,2.9511000029742718,,
1791473181.5252566,602712,frontend_frame,1339,0,22540,34,8,178289664,255852544,224376832,262144000,,,,,,,,,,
1791473181.8790843,602712,tracking_feedback_accumulate,1340,,22540,,,166383104,255852544,224376832,262144000,,,,,,,,2.923599909991026,,
1791473181.8840845,602712,frontend_frame,1340,0,22540,34,8,167715840,211812352,224376832,262144000,,,,,,,,,,
1791473182.3165786,602712,tracking_feedback_accumulate,1341,,22540,,,171712512,253755392,224376832,262144000,,,,,,,,5.532599985599518,,
1791473182.3215785,602712,frontend_frame,1341,0,22540,34,8,173045248,253755392,224376832,262144000,,,,,,,,,,
1791473182.626879,602712,tracking_feedback_accumulate,1342,,22540,,,177041920,253755392,224376832,262144000,,,,,,,,2.8473001439124346,,
1791473182.6318789,602712,frontend_frame,1342,0,22540,34,8,167717888,253755392,224376832,262144000,,,,,,,,,,
1791473182.8751462,602712,tracking_feedback_accumulate,1343,,22540,,,171714560,253755392,224376832,262144000,,,,,,,,3.029900137335062,,
1791473182.8791463,602712,frontend_frame,1343,0,22540,34,8,173047296,253755392,224376832,262144000,,,,,,,,,,
1791473183.053948,602712,tracking_feedback_accumulate,1344,,22540,,,176962048,253755392,224376832,262144000,,,,,,,,2.919199876487255,,
1791473183.058948,602712,frontend_frame,1344,0,22540,34,8,178294784,255852544,224376832,262144000,,,,,,,,,,
1791473183.483328,602712,tracking_feedback_accumulate,1345,,22540,,,166388224,255852544,224376832,262144000,,,,,,,,2.857800107449293,,
1791473183.488329,602712,frontend_frame,1345,0,22540,34,8,167720960,255852544,224376832,262144000,,,,,,,,,,
1791473183.8671422,602712,tracking_feedback_accumulate,1346,,22540,,,171635712,255852544,224376832,262144000,,,,,,,,2.8781001456081867,,
1791473183.8721423,602712,frontend_frame,1346,0,22540,34,8,172968448,255852544,224376832,262144000,,,,,,,,,,
1791473184.2862673,602712,tracking_feedback_accumulate,1347,,22540,,,166390272,255852544,224376832,262144000,,,,,,,,3.0054000671952963,,
1791473184.2902687,602712,frontend_frame,1347,0,22540,34,8,167723008,255852544,224376832,262144000,,,,,,,,,,
1791473184.6191227,602712,tracking_feedback_accumulate,1348,,22540,,,171719680,255852544,224376832,262144000,,,,,,,,2.9418000485748053,,
1791473184.6241505,602712,frontend_frame,1348,0,22540,34,8,173052416,255852544,224376832,262144000,,,,,,,,,,
1791473185.0614808,602712,tracking_feedback_accumulate,1349,,22540,,,177049088,255852544,224376832,262144000,,,,,,,,2.913400065153837,,
1791473185.0664816,602712,frontend_frame,1349,0,22540,34,8,167725056,255852544,224376832,262144000,,,,,,,,,,
1791473185.4275248,602712,tracking_feedback_accumulate,1350,,22540,,,171639808,255852544,224376832,262144000,,,,,,,,3.0231999699026346,,
1791473185.4336205,602712,frontend_frame,1350,0,22540,34,8,172972544,211812352,224376832,262144000,,,,,,,,,,
1791473185.824042,602712,tracking_feedback_accumulate,1351,,22540,,,177051136,253755392,224376832,262144000,,,,,,,,2.9585000593215227,,
1791473185.8290412,602712,frontend_frame,1351,0,22540,34,8,178383872,255852544,224376832,262144000,,,,,,,,,,
1791473186.2228968,602712,tracking_feedback_accumulate,1352,,22540,,,166395392,255852544,224376832,262144000,,,,,,,,2.810100093483925,,
1791473186.2278984,602712,frontend_frame,1352,0,22540,34,8,167728128,255852544,224376832,262144000,,,,,,,,,,
1791473186.582239,602712,tracking_feedback_accumulate,1353,,22540,,,171642880,255852544,224376832,262144000,,,,,,,,2.854699967429042,,
1791473186.5872393,602712,frontend_frame,1353,0,22540,34,8,172975616,255852544,224376832,262144000,,,,,,,,,,
1791473186.9286072,602712,tracking_feedback_accumulate,1354,,22540,,,177054208,255852544,224376832,262144000,,,,,,,,3.3445002045482397,,
1791473186.9346073,602712,frontend_frame,1354,0,22540,34,8,167730176,255852544,224376832,262144000,,,,,,,,,,
1791473187.3764632,602712,tracking_feedback_accumulate,1355,,22540,,,171726848,255852544,224376832,262144000,,,,,,,,2.835199935361743,,
1791473187.4276283,602712,frontend_frame,1355,0,22540,35,8,177055232,255852544,224376832,262144000,,,,,,,,,,
1791473198.1664534,602712,tracking_feedback_accumulate,1356,,22176,,,180947456,255852544,224376832,262144000,,,,,,,,2.994299866259098,,
1791473198.1724539,602712,frontend_frame,1356,0,22176,35,8,171529216,255852544,224376832,262144000,,,,,,,,,,
1791473198.585799,602712,tracking_feedback_accumulate,1357,,22176,,,175607808,255852544,224376832,262144000,,,,,,,,2.9005000833421946,,
1791473198.589799,602712,frontend_frame,1357,0,22176,35,8,176849920,255852544,224376832,262144000,,,,,,,,,,
1791473198.972144,602712,tracking_feedback_accumulate,1358,,22176,,,180764672,255852544,224376832,262144000,,,,,,,,2.9013000894337893,,
1791473198.9766676,602712,frontend_frame,1358,0,22176,35,8,182006784,255852544,224376832,262144000,,,,,,,,,,
1791473199.2878134,602712,tracking_feedback_accumulate,1359,,22176,,,170372096,255852544,224376832,262144000,,,,,,,,2.9147998429834843,,
1791473199.2928138,602712,frontend_frame,1359,0,22176,35,8,171614208,255852544,224376832,262144000,,,,,,,,,,
1791473199.6935642,602712,tracking_feedback_accumulate,1360,,22176,,,175610880,255852544,224376832,262144000,,,,,,,,2.92899995110929,,
1791473199.6985643,602712,frontend_frame,1360,0,22176,35,8,176853504,232783872,224376832,262144000,,,,,,,,,,
1791473200.0404503,602712,tracking_feedback_accumulate,1361,,22176,,,180768256,255852544,224376832,262144000,,,,,,,,3.037000074982643,,
1791473200.0454504,602712,frontend_frame,1361,0,22176,35,8,171534848,255852544,224376832,262144000,,,,,,,,,,
1791473200.410488,602712,tracking_feedback_accumulate,1362,,22176,,,175613440,255852544,224376832,262144000,,,,,,,,2.903599990531802,,
1791473200.415488,602712,frontend_frame,1362,0,22176,35,8,176855552,255852544,224376832,262144000,,,,,,,,,,
1791473200.7616875,602712,tracking_feedback_accumulate,1363,,22176,,,180852224,255852544,224376832,262144000,,,,,,,,3.654700005427003,,
1791473200.7666872,602712,frontend_frame,1363,0,22176,35,8,182094336,257949696,224376832,262144000,,,,,,,,,,
1791473201.178906,602712,tracking_feedback_accumulate,1364,,22176,,,170377728,257949696,224376832,262144000,,,,,,,,2.9106999281793833,,
1791473201.1839058,602712,frontend_frame,1364,0,22176,35,8,171619840,257949696,224376832,262144000,,,,,,,,,,
1791473201.5168414,602712,tracking_feedback_accumulate,1365,,22176,,,175616512,257949696,224376832,262144000,,,,,,,,2.8916001319885254,,
1791473201.520842,602712,frontend_frame,1365,0,22176,35,8,176858624,257949696,224376832,262144000,,,,,,,,,,
1791473201.893558,602712,tracking_feedback_accumulate,1366,,22176,,,180855296,257949696,224376832,262144000,,,,,,,,2.8371999505907297,,
1791473201.898558,602712,frontend_frame,1366,0,22176,35,8,171621888,257949696,224376832,262144000,,,,,,,,,,
1791473202.2474372,602712,tracking_feedback_accumulate,1367,,22176,,,175618560,257949696,224376832,262144000,,,,,,,,3.233599942177534,,
1791473202.2524376,602712,frontend_frame,1367,0,22176,35,8,176860672,257949696,224376832,262144000,,,,,,,,,,
1791473202.6668859,602712,tracking_feedback_accumulate,1368,,22176,,,180857344,257949696,224376832,262144000,,,,,,,,2.8956998139619827,,
1791473202.6718857,602712,frontend_frame,1368,0,22176,35,8,182099456,257949696,224376832,262144000,,,,,,,,,,
1791473203.0456512,602712,tracking_feedback_accumulate,1369,,22176,,,170300928,257949696,224376832,262144000,,,,,,,,2.973400056362152,,
1791473203.0506508,602712,frontend_frame,1369,0,22176,35,8,171543040,257949696,224376832,262144000,,,,,,,,,,
1791473203.412988,602712,tracking_feedback_accumulate,1370,,22176,,,175621632,257949696,224376832,262144000,,,,,,,,2.871100092306733,,
1791473203.4179878,602712,frontend_frame,1370,0,22176,35,8,176863744,232783872,224376832,262144000,,,,,,,,,,
1791473203.7853048,602712,tracking_feedback_accumulate,1371,,22176,,,180778496,255852544,224376832,262144000,,,,,,,,2.963599981740117,,
1791473203.7903054,602712,frontend_frame,1371,0,22176,35,8,171545088,255852544,224376832,262144000,,,,,,,,,,
1791473204.137405,602712,tracking_feedback_accumulate,1372,,22176,,,175623680,255852544,224376832,262144000,,,,,,,,2.9097001533955336,,
1791473204.1417875,602712,frontend_frame,1372,0,22176,35,8,176865792,255852544,224376832,262144000,,,,,,,,,,
1791473204.5013852,602712,tracking_feedback_accumulate,1373,,22176,,,180780544,255852544,224376832,262144000,,,,,,,,2.92599992826581,,
1791473204.5065067,602712,frontend_frame,1373,0,22176,35,8,171547136,255852544,224376832,262144000,,,,,,,,,,
1791473204.9123333,602712,tracking_feedback_accumulate,1374,,22176,,,175625728,255852544,224376832,262144000,,,,,,,,2.931599970906973,,
1791473204.9173355,602712,frontend_frame,1374,0,22176,35,8,176867840,255852544,224376832,262144000,,,,,,,,,,
1791473205.2680495,602712,tracking_feedback_accumulate,1375,,22176,,,180782592,255852544,224376832,262144000,,,,,,,,2.975399838760495,,
1791473205.273049,602712,frontend_frame,1375,0,22176,35,8,182024704,257949696,224376832,262144000,,,,,,,,,,
1791473205.6304343,602712,tracking_feedback_accumulate,1376,,22176,,,175627776,257949696,224376832,262144000,,,,,,,,2.9774000868201256,,
1791473205.635435,602712,frontend_frame,1376,0,22176,35,8,176869888,257949696,224376832,262144000,,,,,,,,,,
1791473205.9809103,602712,tracking_feedback_accumulate,1377,,22176,,,180866560,257949696,224376832,262144000,,,,,,,,2.9511998873203993,,
1791473205.9859102,602712,frontend_frame,1377,0,22176,35,8,182108672,257949696,224376832,262144000,,,,,,,,,,
1791473206.3186147,602712,tracking_feedback_accumulate,1378,,22176,,,186023424,260046848,228831744,262144000,,,,,,,,2.908299909904599,,
1791473206.3236148,602712,frontend_frame,1378,0,22176,35,8,176790016,260046848,228831744,262144000,,,,,,,,,,
1791473206.7192805,602712,tracking_feedback_accumulate,1379,,22176,,,180868608,260046848,228831744,262144000,,,,,,,,2.938200021162629,,
1791473206.7242806,602712,frontend_frame,1379,0,22176,35,8,182110720,260046848,228831744,262144000,,,,,,,,,,
1791473207.0313263,602712,tracking_feedback_accumulate,1380,,22176,,,186107392,260046848,228833792,262144000,,,,,,,,2.887000096961856,,
1791473207.0363264,602712,frontend_frame,1380,0,22176,35,8,187349504,220200960,228833792,262144000,,,,,,,,,,
1791473207.4106631,602712,tracking_feedback_accumulate,1381,,22176,,,175550976,262144000,228833792,262144000,,,,,,,,2.9585000593215227,,
1791473207.4146628,602712,frontend_frame,1381,0,22176,35,8,176793088,262144000,228833792,262144000,,,,,,,,,,
1791473207.78184,602712,tracking_feedback_accumulate,1382,,22176,,,180871680,262144000,228833792,262144000,,,,,,,,2.8850999660789967,,
1791473207.7868392,602712,frontend_frame,1382,0,22176,35,8,182113792,262144000,228833792,262144000,,,,,,,,,,
1791473208.0448444,602712,tracking_feedback_accumulate,1383,,22176,,,186110464,262144000,228833792,262144000,,,,,,,,2.934899879619479,,
1791473208.0498445,602712,frontend_frame,1383,0,22176,35,8,176877056,262144000,228833792,262144000,,,,,,,,,,
1791473208.4024704,602712,tracking_feedback_accumulate,1384,,22176,,,180873728,262144000,228833792,262144000,,,,,,,,3.0559999868273735,,
1791473208.4074712,602712,frontend_frame,1384,0,22176,35,8,182115840,262144000,228833792,262144000,,,,,,,,,,
1791473208.5827198,602712,tracking_feedback_accumulate,1385,,22176,,,186030592,262144000,228833792,262144000,,,,,,,,2.948799869045615,,
1791473208.586719,602712,frontend_frame,1385,0,22176,35,8,187272704,262144000,228833792,262144000,,,,,,,,,,
1791473208.944959,602712,tracking_feedback_accumulate,1386,,22176,,,175638016,262144000,228833792,262144000,,,,,,,,2.9446000698953867,,
1791473208.9489584,602712,frontend_frame,1386,0,22176,35,8,176880128,262144000,228833792,262144000,,,,,,,,,,
1791473209.3596172,602712,tracking_feedback_accumulate,1387,,22176,,,180876800,262144000,228833792,262144000,,,,,,,,3.048800164833665,,
1791473209.3646176,602712,frontend_frame,1387,0,22176,35,8,182118912,262144000,228833792,262144000,,,,,,,,,,
1791473209.734018,602712,tracking_feedback_accumulate,1388,,22176,,,186115584,262144000,228841984,262144000,,,,,,,,3.0165999196469784,,
1791473209.7400174,602712,frontend_frame,1388,0,22176,35,8,171644416,262144000,228841984,262144000,,,,,,,,,,
1791473210.1120117,602712,tracking_feedback_accumulate,1389,,22176,,,175559168,262144000,228841984,262144000,,,,,,,,2.9915000777691603,,
1791473210.1170123,602712,frontend_frame,1389,0,22176,35,8,176801280,262144000,228841984,262144000,,,,,,,,,,
1791473210.3990755,602712,tracking_feedback_accumulate,1390,,22176,,,180879872,262144000,228841984,262144000,,,,,,,,2.938400022685528,,
1791473210.4050763,602712,frontend_frame,1390,0,22176,35,8,171646464,213909504,228841984,262144000,,,,,,,,,,
1791473210.6738796,602712,tracking_feedback_accumulate,1391,,22176,,,175643136,255852544,228841984,262144000,,,,,,,,2.899299841374159,,
1791473210.6784644,602712,frontend_frame,1391,0,22176,35,8,176885248,255852544,228841984,262144000,,,,,,,,,,
1791473211.047938,602712,tracking_feedback_accumulate,1392,,22176,,,180800000,255852544,228841984,262144000,,,,,,,,2.9497998766601086,,
1791473211.052555,602712,frontend_frame,1392,0,22176,35,8,182042112,255852544,228841984,262144000,,,,,,,,,,
1791473211.4614367,602712,tracking_feedback_accumulate,1393,,22176,,,175645184,255852544,228841984,262144000,,,,,,,,3.2184000592678785,,
1791473211.4660203,602712,frontend_frame,1393,0,22176,35,8,176887296,255852544,228841984,262144000,,,,,,,,,,
1791473211.7630274,602712,tracking_feedback_accumulate,1394,,22176,,,180883968,255852544,228841984,262144000,,,,,,,,2.9183998703956604,,
1791473211.7677422,602712,frontend_frame,1394,0,22176,35,8,182126080,255852544,228841984,262144000,,,,,,,,,,
1791473212.0647876,602712,tracking_feedback_accumulate,1395,,22176,,,186122752,260046848,228849152,262144000,,,,,,,,2.9106999281793833,,
1791473212.069371,602712,frontend_frame,1395,0,22176,35,8,176889344,260046848,228849152,262144000,,,,,,,,,,
1791473212.3277988,602712,tracking_feedback_accumulate,1396,,22176,,,180804096,260046848,228849152,262144000,,,,,,,,2.7394001372158527,,
1791473212.3339293,602712,frontend_frame,1396,0,22176,35,8,182046208,260046848,228849152,262144000,,,,,,,,,,
1791473212.7168267,602712,tracking_feedback_accumulate,1397,,22176,,,186124800,260046848,228849152,262144000,,,,,,,,3.1164998654276133,,
1791473212.7231574,602712,frontend_frame,1397,0,22176,35,8,187366912,262144000,228849152,262144000,,,,,,,,,,
1791473213.0133457,602712,tracking_feedback_accumulate,1398,,22176,,,175650304,262144000,228849152,262144000,,,,,,,,2.99910013563931,,
1791473213.0181139,602712,frontend_frame,1398,0,22176,35,8,176892416,262144000,228849152,262144000,,,,,,,,,,
1791473213.3793762,602712,tracking_feedback_accumulate,1399,,22176,,,180889088,262144000,228849152,262144000,,,,,,,,2.881099935621023,,
1791473213.3839593,602712,frontend_frame,1399,0,22176,35,8,182131200,262144000,228849152,262144000,,,,,,,,,,
1791473213.636998,602712,tracking_feedback_accumulate,1400,,22176,,,186127872,262144000,228849152,262144000,,,,,,,,2.820800058543682,,
1791473213.6416516,602712,frontend_frame,1400,0,22176,35,8,176894464,234881024,228849152,262144000,,,,,,,,,,
1791473214.0292225,602712,tracking_feedback_accumulate,1401,,22176,,,180891136,255852544,228849152,262144000,,,,,,,,2.94860010035336,,
1791473214.0348628,602712,frontend_frame,1401,0,22176,35,8,182133248,257949696,228849152,262144000,,,,,,,,,,
1791473214.350828,602712,tracking_feedback_accumulate,1402,,22176,,,186129920,260046848,228849152,262144000,,,,,,,,2.9211000073701143,,
1791473214.3570776,602712,frontend_frame,1402,0,22176,35,8,187372032,262144000,228849152,262144000,,,,,,,,,,
1791473214.6745422,602712,tracking_feedback_accumulate,1403,,22176,,,175573504,262144000,228849152,262144000,,,,,,,,2.868700074031949,,
1791473214.6791596,602712,frontend_frame,1403,0,22176,35,8,176815616,262144000,228849152,262144000,,,,,,,,,,
1791473214.8092062,602712,tracking_feedback_accumulate,1404,,22176,,,180894208,262144000,228849152,262144000,,,,,,,,2.920700004324317,,
1791473214.8138099,602712,frontend_frame,1404,0,22176,35,8,182136320,262144000,228849152,262144000,,,,,,,,,,
1791473215.1024752,602712,tracking_feedback_accumulate,1405,,22176,,,186051072,262144000,228849152,262144000,,,,,,,,2.810899866744876,,
1791473215.1086378,602712,frontend_frame,1405,0,22176,35,8,176817664,262144000,228849152,262144000,,,,,,,,,,
1791473215.3806632,602712,tracking_feedback_accumulate,1406,,22176,,,180896256,262144000,228849152,262144000,,,,,,,,2.9194001108407974,,
1791473215.3854184,602712,frontend_frame,1406,0,22176,35,8,182138368,262144000,228849152,262144000,,,,,,,,,,
1791473215.6896882,602712,tracking_feedback_accumulate,1407,,22176,,,186053120,262144000,228849152,262144000,,,,,,,,2.9589999467134476,,
1791473215.6946878,602712,frontend_frame,1407,0,22176,35,8,187295232,262144000,228849152,262144000,,,,,,,,,,
1791473215.9969308,602712,tracking_feedback_accumulate,1408,,22176,,,175660544,262144000,228849152,262144000,,,,,,,,3.1208000145852566,,
1791473216.0019302,602712,frontend_frame,1408,0,22176,35,8,176902656,262144000,228849152,262144000,,,,,,,,,,
1791473216.4014478,602712,tracking_feedback_accumulate,1409,,22176,,,180899328,262144000,228849152,262144000,,,,,,,,3.00609995611012,,
1791473216.4074488,602712,frontend_frame,1409,0,22176,35,8,182141440,262144000,228849152,262144000,,,,,,,,,,
1791473216.7828188,602712,tracking_feedback_accumulate,1410,,22176,,,175580672,262144000,228849152,262144000,,,,,,,,2.853900194168091,,
1791473216.787819,602712,frontend_frame,1410,0,22176,35,8,176822784,211812352,228849152,262144000,,,,,,,,,,
1791473217.1472628,602712,tracking_feedback_accumulate,1411,,22176,,,180901376,253755392,228849152,262144000,,,,,,,,2.928200177848339,,
1791473217.1522627,602712,frontend_frame,1411,0,22176,35,8,182143488,255852544,228849152,262144000,,,,,,,,,,
1791473217.4510508,602712,tracking_feedback_accumulate,1412,,22176,,,186140160,260046848,228866560,262144000,,,,,,,,2.9189998749643564,,
1791473217.501062,602712,frontend_frame,1412,0,22176,36,8,180902400,260046848,228866560,262144000,,,,,,,,,,
1791473228.239798,602712,tracking_feedback_accumulate,1413,,21786,,,184876544,260046848,228866560,262144000,,,,,,,,3.0149000231176615,,
1791473228.244798,602712,frontend_frame,1413,0,21786,36,8,186024448,260046848,228866560,262144000,,,,,,,,,,
1791473228.6289403,602712,tracking_feedback_accumulate,1414,,21786,,,189939200,260046848,232719360,262144000,,,,,,,,5.959199974313378,,
1791473228.6359398,602712,frontend_frame,1414,0,21786,36,8,191090688,262144000,232719360,262144000,,,,,,,,,,
1791473229.008722,602712,tracking_feedback_accumulate,1415,,21786,,,179637248,262144000,232719360,262144000,,,,,,,,2.875699894502759,,
1791473229.0137258,602712,frontend_frame,1415,0,21786,36,8,180788736,262144000,232719360,262144000,,,,,,,,,,
1791473229.4080243,602712,tracking_feedback_accumulate,1416,,21786,,,184785408,262144000,232719360,262144000,,,,,,,,3.2033000607043505,,
1791473229.4130251,602712,frontend_frame,1416,0,21786,36,8,185936896,262144000,232719360,262144000,,,,,,,,,,
1791473229.720788,602712,tracking_feedback_accumulate,1417,,21786,,,174401536,262144000,232719360,262144000,,,,,,,,2.9215000104159117,,
1791473229.7247872,602712,frontend_frame,1417,0,21786,36,8,175553536,262144000,232719360,262144000,,,,,,,,,,
1791473230.12839,602712,tracking_feedback_accumulate,1418,,21786,,,179550208,262144000,232719360,262144000,,,,,,,,2.950299996882677,,
1791473230.1333911,602712,frontend_frame,1418,0,21786,36,8,180701696,262144000,232719360,262144000,,,,,,,,,,
1791473230.4120886,602712,tracking_feedback_accumulate,1419,,21786,,,184616448,262144000,232719360,262144000,,,,,,,,5.871400004252791,,
1791473230.4190884,602712,frontend_frame,1419,0,21786,36,8,175473664,262144000,232719360,262144000,,,,,,,,,,
1791473230.7814913,602712,tracking_feedback_accumulate,1420,,21786,,,179552256,262144000,232719360,262144000,,,,,,,,2.932900097221136,,
1791473230.7864904,602712,frontend_frame,1420,0,21786,36,8,180703744,232783872,232719360,262144000,,,,,,,,,,
1791473231.1783996,602712,tracking_feedback_accumulate,1421,,21786,,,184700416,253755392,232719360,262144000,,,,,,,,2.9122999403625727,,
1791473231.1834,602712,frontend_frame,1421,0,21786,36,8,185851904,255852544,232719360,262144000,,,,,,,,,,
1791473231.454461,602712,tracking_feedback_accumulate,1422,,21786,,,174407168,255852544,232719360,262144000,,,,,,,,3.459200030192733,,
1791473231.459461,602712,frontend_frame,1422,0,21786,36,8,175558656,255852544,232719360,262144000,,,,,,,,,,
1791473231.8851318,602712,tracking_feedback_accumulate,1423,,21786,,,179473408,255852544,232719360,262144000,,,,,,,,2.854099962860346,,
1791473231.8899083,602712,frontend_frame,1423,0,21786,36,8,180624896,255852544,232719360,262144000,,,,,,,,,,
1791473232.2360618,602712,tracking_feedback_accumulate,1424,,21786,,,184703488,255852544,232719360,262144000,,,,,,,,2.9645999893546104,,
1791473232.2422993,602712,frontend_frame,1424,0,21786,36,8,175560704,255852544,232719360,262144000,,,,,,,,,,
1791473232.588972,602712,tracking_feedback_accumulate,1425,,21786,,,179475456,255852544,232719360,262144000,,,,,,,,2.9794001020491123,,
1791473232.5950902,602712,frontend_frame,1425,0,21786,36,8,180626944,255852544,232719360,262144000,,,,,,,,,,
1791473232.9076934,602712,tracking_feedback_accumulate,1426,,21786,,,184705536,255852544,232719360,262144000,,,,,,,,2.8454000130295753,,
1791473232.9123855,602712,frontend_frame,1426,0,21786,36,8,185857024,255852544,232719360,262144000,,,,,,,,,,
1791473233.242877,602712,tracking_feedback_accumulate,1427,,21786,,,174412288,255852544,232719360,262144000,,,,,,,,2.812399994581938,,
1791473233.2474678,602712,frontend_frame,1427,0,21786,36,8,175563776,255852544,232719360,262144000,,,,,,,,,,
1791473233.5516047,602712,tracking_feedback_accumulate,1428,,21786,,,179560448,255852544,232719360,262144000,,,,,,,,3.048800164833665,,
1791473233.5562222,602712,frontend_frame,1428,0,21786,36,8,180711936,255852544,232719360,262144000,,,,,,,,,,
1791473233.9396563,602712,tracking_feedback_accumulate,1429,,21786,,,184708608,255852544,232719360,262144000,,,,,,,,2.908300142735243,,
1791473233.9443574,602712,frontend_frame,1429,0,21786,36,8,175565824,255852544,232719360,262144000,,,,,,,,,,
1791473234.3241715,602712,tracking_feedback_accumulate,1430,,21786,,,179480576,255852544,232719360,262144000,,,,,,,,3.143399953842163,,
1791473234.3303764,602712,frontend_frame,1430,0,21786,36,8,180632064,211812352,232719360,262144000,,,,,,,,,,
1791473234.6404173,602712,tracking_feedback_accumulate,1431,,21786,,,184710656,253755392,232719360,262144000,,,,,,,,2.9467998538166285,,
1791473234.6450157,602712,frontend_frame,1431,0,21786,36,8,185862144,255852544,232719360,262144000,,,,,,,,,,
1791473235.063541,602712,tracking_feedback_accumulate,1432,,21786,,,174335488,255852544,232719360,262144000,,,,,,,,2.880699932575226,,
1791473235.0681684,602712,frontend_frame,1432,0,21786,36,8,175486976,255852544,232719360,262144000,,,,,,,,,,
1791473235.4275653,602712,tracking_feedback_accumulate,1433,,21786,,,179565568,255852544,232719360,262144000,,,,,,,,2.881299937143922,,
1791473235.4323041,602712,frontend_frame,1433,0,21786,36,8,180717056,255852544,232719360,262144000,,,,,,,,,,
1791473235.842214,602712,tracking_feedback_accumulate,1434,,21786,,,174419456,255852544,232719360,262144000,,,,,,,,2.9295000713318586,,
1791473235.8468711,602712,frontend_frame,1434,0,21786,36,8,175570944,255852544,232719360,262144000,,,,,,,,,,
1791473236.167805,602712,tracking_feedback_accumulate,1435,,21786,,,179485696,255852544,232719360,262144000,,,,,,,,2.932000206783414,,
1791473236.1724849,602712,frontend_frame,1435,0,21786,36,8,180637184,255852544,232719360,262144000,,,,,,,,,,
1791473236.5282304,602712,tracking_feedback_accumulate,1436,,21786,,,184715776,255852544,232719360,262144000,,,,,,,,2.8017000295221806,,
1791473236.5328445,602712,frontend_frame,1436,0,21786,36,8,175572992,255852544,232719360,262144000,,,,,,,,,,
1791473236.7938461,602712,tracking_feedback_accumulate,1437,,21786,,,179487744,255852544,232719360,262144000,,,,,,,,2.9867999255657196,,
1791473236.7978468,602712,frontend_frame,1437,0,21786,36,8,180639232,255852544,232719360,262144000,,,,,,,,,,
1791473237.192544,602712,tracking_feedback_accumulate,1438,,21786,,,184717824,255852544,232719360,262144000,,,,,,,,3.029900137335062,,
1791473237.1975448,602712,frontend_frame,1438,0,21786,36,8,185869312,255852544,232719360,262144000,,,,,,,,,,
1791473237.6029696,602712,tracking_feedback_accumulate,1439,,21786,,,174424576,255852544,232719360,262144000,,,,,,,,3.002299927175045,,
1791473237.6079698,602712,frontend_frame,1439,0,21786,36,8,175576064,255852544,232719360,262144000,,,,,,,,,,
1791473237.973501,602712,tracking_feedback_accumulate,1440,,21786,,,179490816,255852544,232719360,262144000,,,,,,,,2.919799881055951,,
1791473237.9790075,602712,frontend_frame,1440,0,21786,36,8,180642304,211812352,232719360,262144000,,,,,,,,,,
1791473238.3441184,602712,tracking_feedback_accumulate,1441,,21786,,,184720896,255852544,232719360,262144000,,,,,,,,2.878099912777543,,
1791473238.3501174,602712,frontend_frame,1441,0,21786,36,8,175578112,255852544,232719360,262144000,,,,,,,,,,
1791473238.7763486,602712,tracking_feedback_accumulate,1442,,21786,,,179574784,255852544,232719360,262144000,,,,,,,,2.8934997972100973,,
1791473238.780351,602712,frontend_frame,1442,0,21786,36,8,180726272,255852544,232719360,262144000,,,,,,,,,,
1791473239.1135716,602712,tracking_feedback_accumulate,1443,,21786,,,184722944,255852544,232719360,262144000,,,,,,,,2.970099914819002,,
1791473239.1185715,602712,frontend_frame,1443,0,21786,36,8,185874432,255852544,232719360,262144000,,,,,,,,,,
1791473239.5437617,602712,tracking_feedback_accumulate,1444,,21786,,,174429696,255852544,232719360,262144000,,,,,,,,2.882600063458085,,
1791473239.593268,602712,frontend_frame,1444,0,21786,37,8,179576832,255852544,232719360,262144000,,,,,,,,,,
1791473250.1469314,602712,tracking_feedback_accumulate,1445,,21560,,,183479808,255852544,232719360,262144000,,,,,,,,2.91569996625185,,
1791473250.1519318,602712,frontend_frame,1445,0,21560,37,8,184576512,255852544,232719360,262144000,,,,,,,,,,
1791473250.6162307,602712,tracking_feedback_accumulate,1446,,21560,,,178413056,255852544,232719360,262144000,,,,,,,,2.881899941712618,,
1791473250.62123,602712,frontend_frame,1446,0,21560,37,8,179512320,255852544,232719360,262144000,,,,,,,,,,
1791473250.994726,602712,tracking_feedback_accumulate,1447,,21560,,,183508992,255852544,232719360,262144000,,,,,,,,2.9670000076293945,,
1791473250.9997253,602712,frontend_frame,1447,0,21560,37,8,184608256,255852544,232719360,262144000,,,,,,,,,,
1791473251.3834655,602712,tracking_feedback_accumulate,1448,,21560,,,188604928,255852544,232719360,262144000,,,,,,,,2.9211000073701143,,
1791473251.3884654,602712,frontend_frame,1448,0,21560,37,8,179514368,255852544,232719360,262144000,,,,,,,,,,
1791473251.7402432,602712,tracking_feedback_accumulate,1449,,21560,,,183429120,255852544,232719360,262144000,,,,,,,,2.9504001140594482,,
1791473251.745243,602712,frontend_frame,1449,0,21560,37,8,184528896,255852544,232719360,262144000,,,,,,,,,,
1791473252.161796,602712,tracking_feedback_accumulate,1450,,21560,,,188607488,255852544,232719360,262144000,,,,,,,,2.947299974039197,,
1791473252.1667967,602712,frontend_frame,1450,0,21560,37,8,189706752,234881024,232719360,262144000,,,,,,,,,,
1791473252.5344753,602712,tracking_feedback_accumulate,1451,,21560,,,178336768,255852544,232719360,262144000,,,,,,,,2.918599871918559,,
1791473252.5394757,602712,frontend_frame,1451,0,21560,37,8,179436032,255852544,232719360,262144000,,,,,,,,,,
1791473252.8935828,602712,tracking_feedback_accumulate,1452,,21560,,,183514624,255852544,232719360,262144000,,,,,,,,2.9727001674473286,,
1791473252.898585,602712,frontend_frame,1452,0,21560,37,8,184613888,255852544,232719360,262144000,,,,,,,,,,
1791473253.1387136,602712,tracking_feedback_accumulate,1453,,21560,,,188610560,255852544,232719360,262144000,,,,,,,,3.1771999783813953,,
1791473253.143713,602712,frontend_frame,1453,0,21560,37,8,179520000,255852544,232719360,262144000,,,,,,,,,,
1791473253.4743633,602712,tracking_feedback_accumulate,1454,,21560,,,183516672,255852544,232719360,262144000,,,,,,,,2.97949998639524,,
1791473253.4783642,602712,frontend_frame,1454,0,21560,37,8,184615936,255852544,232719360,262144000,,,,,,,,,,
1791473253.7417161,602712,tracking_feedback_accumulate,1455,,21560,,,188530688,255852544,232719360,262144000,,,,,,,,2.8880001045763493,,
1791473253.746717,602712,frontend_frame,1455,0,21560,37,8,189629952,255852544,232719360,262144000,,,,,,,,,,
1791473254.0871081,602712,tracking_feedback_accumulate,1456,,21560,,,178423808,255852544,232719360,262144000,,,,,,,,2.993799978867173,,
1791473254.091108,602712,frontend_frame,1456,0,21560,37,8,179523072,255852544,232719360,262144000,,,,,,,,,,
1791473254.4447606,602712,tracking_feedback_accumulate,1457,,21560,,,183437824,255852544,232719360,262144000,,,,,,,,3.0223000794649124,,
1791473254.4497604,602712,frontend_frame,1457,0,21560,37,8,184537088,255852544,232719360,262144000,,,,,,,,,,
1791473254.7563891,602712,tracking_feedback_accumulate,1458,,21560,,,188615680,255852544,232719360,262144000,,,,,,,,3.177399979904294,,
1791473254.7613897,602712,frontend_frame,1458,0,21560,37,8,179525120,255852544,232719360,262144000,,,,,,,,,,
1791473255.150938,602712,tracking_feedback_accumulate,1459,,21560,,,183439872,255852544,232719360,262144000,,,,,,,,3.1277001835405827,,
1791473255.1559386,602712,frontend_frame,1459,0,21560,37,8,184539136,255852544,232719360,262144000,,,,,,,,,,
1791473255.4745805,602712,tracking_feedback_accumulate,1460,,21560,,,188617728,255852544,232719360,262144000,,,,,,,,2.956000156700611,,
1791473255.4805825,602712,frontend_frame,1460,0,21560,37,8,179527168,232783872,232719360,262144000,,,,,,,,,,
1791473255.8965943,602712,tracking_feedback_accumulate,1461,,21560,,,183441920,253755392,232719360,262144000,,,,,,,,3.1349998898804188,,
1791473255.9015946,602712,frontend_frame,1461,0,21560,37,8,184541184,253755392,232719360,262144000,,,,,,,,,,
1791473256.257425,602712,tracking_feedback_accumulate,1462,,21560,,,188619776,253755392,232719360,262144000,,,,,,,,2.8701999690383673,,
1791473256.2624254,602712,frontend_frame,1462,0,21560,37,8,189719040,255852544,232719360,262144000,,,,,,,,,,
1791473256.6331978,602712,tracking_feedback_accumulate,1463,,21560,,,183443968,255852544,232719360,262144000,,,,,,,,2.9729001689702272,,
1791473256.6381972,602712,frontend_frame,1463,0,21560,37,8,184543232,255852544,232719360,262144000,,,,,,,,,,
1791473256.9521348,602712,tracking_feedback_accumulate,1464,,21560,,,188621824,255852544,232719360,262144000,,,,,,,,2.9581000562757254,,
1791473256.9562063,602712,frontend_frame,1464,0,21560,37,8,189721088,255852544,232719360,262144000,,,,,,,,,,
1791473257.3626776,602712,tracking_feedback_accumulate,1465,,21560,,,193717760,257949696,235552768,262144000,,,,,,,,2.9551999177783728,,
1791473257.3684294,602712,frontend_frame,1465,0,21560,37,8,184627200,257949696,235552768,262144000,,,,,,,,,,
1791473257.7120535,602712,tracking_feedback_accumulate,1466,,21560,,,188541952,257949696,235552768,262144000,,,,,,,,2.880399813875556,,
1791473257.7170532,602712,frontend_frame,1466,0,21560,37,8,189641216,257949696,235552768,262144000,,,,,,,,,,
1791473258.1042147,602712,tracking_feedback_accumulate,1467,,21560,,,193719808,260046848,235554816,262144000,,,,,,,,2.8860000893473625,,
1791473258.1092155,602712,frontend_frame,1467,0,21560,37,8,194819072,262144000,235554816,262144000,,,,,,,,,,
1791473258.384234,602712,tracking_feedback_accumulate,1468,,21560,,,183531008,262144000,235554816,262144000,,,,,,,,3.029800020158291,,
1791473258.3892345,602712,frontend_frame,1468,0,21560,37,8,184630272,262144000,235554816,262144000,,,,,,,,,,
1791473258.7689176,602712,tracking_feedback_accumulate,1469,,21560,,,188545024,262144000,235554816,262144000,,,,,,,,3.013199893757701,,
1791473258.7739162,602712,frontend_frame,1469,0,21560,37,8,189644288,262144000,235554816,262144000,,,,,,,,,,
1791473259.1293485,602712,tracking_feedback_accumulate,1470,,21560,,,193722880,262144000,235557888,262144000,,,,,,,,2.879899926483631,,
1791473259.1343489,602712,frontend_frame,1470,0,21560,37,8,184632320,234881024,235557888,262144000,,,,,,,,,,
1791473259.494765,602712,tracking_feedback_accumulate,1471,,21560,,,188628992,255852544,235557888,262144000,,,,,,,,2.927099820226431,,
1791473259.5027757,602712,frontend_frame,1471,0,21560,37,8,189728256,255852544,235557888,262144000,,,,,,,,,,
1791473259.8829746,602712,tracking_feedback_accumulate,1472,,21560,,,193643008,260046848,235559936,262144000,,,,,,,,2.926599932834506,,
1791473259.888979,602712,frontend_frame,1472,0,21560,37,8,194742272,262144000,235559936,262144000,,,,,,,,,,
1791473260.2493227,602712,tracking_feedback_accumulate,1473,,21560,,,183536128,262144000,235559936,262144000,,,,,,,,2.9422000516206026,,
1791473260.254324,602712,frontend_frame,1473,0,21560,37,8,184635392,262144000,235559936,262144000,,,,,,,,,,
1791473260.6236794,602712,tracking_feedback_accumulate,1474,,21560,,,188632064,262144000,235559936,262144000,,,,,,,,3.0203000642359257,,
1791473260.628676,602712,frontend_frame,1474,0,21560,37,8,189731328,262144000,235559936,262144000,,,,,,,,,,
1791473261.0399806,602712,tracking_feedback_accumulate,1475,,21560,,,193646080,262144000,235563008,262144000,,,,,,,,2.9601999558508396,,
1791473261.0459807,602712,frontend_frame,1475,0,21560,37,8,179460608,262144000,235563008,262144000,,,,,,,,,,
1791473261.4036732,602712,tracking_feedback_accumulate,1476,,21560,,,183539200,262144000,235563008,262144000,,,,,,,,2.9488999862223864,,
1791473261.4086723,602712,frontend_frame,1476,0,21560,37,8,184638464,262144000,235563008,262144000,,,,,,,,,,
1791473261.748001,602712,tracking_feedback_accumulate,1477,,21560,,,188553216,262144000,235563008,262144000,,,,,,,,3.0119000002741814,,
1791473261.7530007,602712,frontend_frame,1477,0,21560,37,8,179462656,262144000,235563008,262144000,,,,,,,,,,
1791473262.1262913,602712,tracking_feedback_accumulate,1478,,21560,,,183541248,262144000,235563008,262144000,,,,,,,,2.9366998933255672,,
1791473262.131292,602712,frontend_frame,1478,0,21560,37,8,184640512,262144000,235563008,262144000,,,,,,,,,,
1791473262.5048497,602712,tracking_feedback_accumulate,1479,,21560,,,188637184,262144000,235563008,262144000,,,,,,,,2.9966000001877546,,
1791473262.5548496,602712,frontend_frame,1479,0,21560,38,8,193732096,262144000,235563008,262144000,,,,,,,,,,
1791473273.2926261,602712,tracking_feedback_accumulate,1480,,21718,,,187551744,262144000,235563008,262144000,,,,,,,,2.7840000111609697,,
1791473273.2976289,602712,frontend_frame,1480,0,21718,38,8,188690432,232783872,235563008,262144000,,,,,,,,,,
1791473273.6263611,602712,tracking_feedback_accumulate,1481,,21718,,,192605184,276824064,235563008,276824064,,,,,,,,2.895199926570058,,
1791473273.6323614,602712,frontend_frame,1481,0,21718,38,8,193742848,278921216,235563008,278921216,,,,,,,,,,
1791473273.9608645,602712,tracking_feedback_accumulate,1482,,21718,,,197821440,281018368,239719936,281018368,,,,,,,,2.956500044092536,,
1791473273.9658635,602712,frontend_frame,1482,0,21718,38,8,188692480,281018368,239719936,281018368,,,,,,,,,,
1791473274.3172638,602712,tracking_feedback_accumulate,1483,,21718,,,192689152,281018368,239719936,281018368,,,,,,,,2.8182000387459993,,
1791473274.3222637,602712,frontend_frame,1483,0,21718,38,8,193826816,281018368,239719936,281018368,,,,,,,,,,
1791473274.7609358,602712,tracking_feedback_accumulate,1484,,21718,,,197741568,283115520,239763968,283115520,,,,,,,,2.903599990531802,,
1791473274.7669358,602712,frontend_frame,1484,0,21718,38,8,198879744,285212672,239763968,285212672,,,,,,,,,,
1791473275.0966709,602712,tracking_feedback_accumulate,1485,,21718,,,187558400,285212672,239763968,285212672,,,,,,,,3.024199977517128,,
1791473275.101675,602712,frontend_frame,1485,0,21718,38,8,188696064,285212672,239763968,285212672,,,,,,,,,,
1791473275.5032659,602712,tracking_feedback_accumulate,1486,,21718,,,192610816,285212672,239763968,285212672,,,,,,,,3.2426000107079744,,
1791473275.507814,602712,frontend_frame,1486,0,21718,38,8,193748480,285212672,239763968,285212672,,,,,,,,,,
1791473275.906401,602712,tracking_feedback_accumulate,1487,,21718,,,187560448,285212672,239763968,285212672,,,,,,,,3.1224999111145735,,
1791473275.9114008,602712,frontend_frame,1487,0,21718,38,8,188698112,285212672,239763968,285212672,,,,,,,,,,
1791473276.2436426,602712,tracking_feedback_accumulate,1488,,21718,,,192694784,285212672,239763968,285212672,,,,,,,,3.170300042256713,,
1791473276.2486417,602712,frontend_frame,1488,0,21718,38,8,193832448,285212672,239763968,285212672,,,,,,,,,,
1791473276.6840086,602712,tracking_feedback_accumulate,1489,,21718,,,197747200,285212672,239857152,285212672,,,,,,,,2.992300083860755,,
1791473276.6895144,602712,frontend_frame,1489,0,21718,38,8,188618240,285212672,239857152,285212672,,,,,,,,,,
1791473277.0748682,602712,tracking_feedback_accumulate,1490,,21718,,,192696832,285212672,239857152,285212672,,,,,,,,2.9132000636309385,,
1791473277.0798678,602712,frontend_frame,1490,0,21718,38,8,193834496,236978176,239857152,285212672,,,,,,,,,,
1791473277.4198508,602712,tracking_feedback_accumulate,1491,,21718,,,197749248,283115520,239857152,285212672,,,,,,,,2.8729999903589487,,
1791473277.4248507,602712,frontend_frame,1491,0,21718,38,8,198886912,285212672,239857152,285212672,,,,,,,,,,
1791473277.79716,602712,tracking_feedback_accumulate,1492,,21718,,,187565568,285212672,239857152,285212672,,,,,,,,3.36350011639297,,
1791473277.8011627,602712,frontend_frame,1492,0,21718,38,8,188703232,285212672,239857152,285212672,,,,,,,,,,
1791473278.1250327,602712,tracking_feedback_accumulate,1493,,21718,,,192617984,285212672,239857152,285212672,,,,,,,,2.9366000089794397,,
1791473278.1300333,602712,frontend_frame,1493,0,21718,38,8,193755648,285212672,239857152,285212672,,,,,,,,,,
1791473278.4820945,602712,tracking_feedback_accumulate,1494,,21718,,,197834240,285212672,239857152,285212672,,,,,,,,2.880699932575226,,
1791473278.487094,602712,frontend_frame,1494,0,21718,38,8,188705280,285212672,239857152,285212672,,,,,,,,,,
1791473278.792435,602712,tracking_feedback_accumulate,1495,,21718,,,192701952,285212672,239857152,285212672,,,,,,,,2.8500999324023724,,
1791473278.7974348,602712,frontend_frame,1495,0,21718,38,8,193839616,285212672,239857152,285212672,,,,,,,,,,
1791473279.2403047,602712,tracking_feedback_accumulate,1496,,21718,,,197836288,285212672,239857152,285212672,,,,,,,,2.858899999409914,,
1791473279.2443063,602712,frontend_frame,1496,0,21718,38,8,198973952,285212672,239857152,285212672,,,,,,,,,,
1791473279.5874536,602712,tracking_feedback_accumulate,1497,,21718,,,187488768,285212672,239857152,285212672,,,,,,,,3.0537000857293606,,
1791473279.5914526,602712,frontend_frame,1497,0,21718,38,8,188626432,285212672,239857152,285212672,,,,,,,,,,
1791473280.035277,602712,tracking_feedback_accumulate,1498,,21718,,,192705024,285212672,239857152,285212672,,,,,,,,2.9104999266564846,,
1791473280.0402777,602712,frontend_frame,1498,0,21718,38,8,193842688,285212672,239857152,285212672,,,,,,,,,,
1791473280.391143,602712,tracking_feedback_accumulate,1499,,21718,,,197839360,285212672,239857152,285212672,,,,,,,,2.8943000361323357,,
1791473280.396144,602712,frontend_frame,1499,0,21718,38,8,188710400,285212672,239857152,285212672,,,,,,,,,,
1791473280.7897165,602712,tracking_feedback_accumulate,1500,,21718,,,192625152,285212672,239857152,285212672,,,,,,,,2.9320998582988977,,
1791473280.7947168,602712,frontend_frame,1500,0,21718,38,8,193762816,236978176,239857152,285212672,,,,,,,,,,
1791473281.148059,602712,tracking_feedback_accumulate,1501,,21718,,,197841408,260046848,239857152,285212672,,,,,,,,3.0345998238772154,,
1791473281.1530578,602712,frontend_frame,1501,0,21718,38,8,198979072,262144000,239857152,285212672,,,,,,,,,,
1791473281.5097682,602712,tracking_feedback_accumulate,1502,,21718,,,187575808,262144000,239857152,285212672,,,,,,,,2.8585002291947603,,
1791473281.5137684,602712,frontend_frame,1502,0,21718,38,8,188713472,262144000,239857152,285212672,,,,,,,,,,
1791473281.8796225,602712,tracking_feedback_accumulate,1503,,21718,,,192710144,283115520,239857152,285212672,,,,,,,,2.874600002542138,,
1791473281.8836226,602712,frontend_frame,1503,0,21718,38,8,193847808,283115520,239857152,285212672,,,,,,,,,,
1791473282.206074,602712,tracking_feedback_accumulate,1504,,21718,,,182401024,283115520,239857152,285212672,,,,,,,,3.283899975940585,,
1791473282.210075,602712,frontend_frame,1504,0,21718,38,8,183538688,283115520,239857152,285212672,,,,,,,,,,
1791473282.6160085,602712,tracking_feedback_accumulate,1505,,21718,,,187617280,283115520,239857152,285212672,,,,,,,,2.8382998425513506,,
1791473282.6210828,602712,frontend_frame,1505,0,21718,38,8,188754944,283115520,239857152,285212672,,,,,,,,,,
1791473282.9908538,602712,tracking_feedback_accumulate,1506,,21718,,,192751616,283115520,239857152,285212672,,,,,,,,2.928200177848339,,
1791473282.9958534,602712,frontend_frame,1506,0,21718,38,8,183622656,283115520,239857152,285212672,,,,,,,,,,
1791473283.2566144,602712,tracking_feedback_accumulate,1507,,21718,,,187619328,283115520,239857152,285212672,,,,,,,,3.041400108486414,,
1791473283.261615,602712,frontend_frame,1507,0,21718,38,8,188756992,283115520,239857152,285212672,,,,,,,,,,
1791473283.6490872,602712,tracking_feedback_accumulate,1508,,21718,,,192753664,283115520,239857152,285212672,,,,,,,,2.9981001280248165,,
1791473283.6540873,602712,frontend_frame,1508,0,21718,38,8,193891328,283115520,239857152,285212672,,,,,,,,,,
1791473284.018986,602712,tracking_feedback_accumulate,1509,,21718,,,182406144,283115520,239857152,285212672,,,,,,,,2.9637000989168882,,
1791473284.0230227,602712,frontend_frame,1509,0,21718,38,8,183543808,283115520,239857152,285212672,,,,,,,,,,
1791473284.3060126,602712,tracking_feedback_accumulate,1510,,21718,,,187622400,283115520,239857152,285212672,,,,,,,,2.8973999433219433,,
1791473284.3110144,602712,frontend_frame,1510,0,21718,38,8,188760064,236978176,239857152,285212672,,,,,,,,,,
1791473284.6712143,602712,tracking_feedback_accumulate,1511,,21718,,,192756736,257949696,239857152,285212672,,,,,,,,3.243100130930543,,
1791473284.6762142,602712,frontend_frame,1511,0,21718,38,8,183627776,257949696,239857152,285212672,,,,,,,,,,
1791473285.053816,602712,tracking_feedback_accumulate,1512,,21718,,,187542528,278921216,239857152,285212672,,,,,,,,2.847899915650487,,
1791473285.1038167,602712,frontend_frame,1512,0,21718,39,8,192675840,278921216,239857152,285212672,,,,,,,,,,
1791473295.7840402,602712,tracking_feedback_accumulate,1513,,21656,,,196752896,278921216,239857152,285212672,,,,,,,,2.994100097566843,,
1791473295.790038,602712,frontend_frame,1513,0,21656,39,8,187606528,278921216,239857152,285212672,,,,,,,,,,
1791473296.0558343,602712,tracking_feedback_accumulate,1514,,21656,,,191603200,278921216,239857152,285212672,,,,,,,,3.097700187936425,,
1791473296.0608366,602712,frontend_frame,1514,0,21656,39,8,192724480,278921216,239857152,285212672,,,,,,,,,,
1791473296.4414153,602712,tracking_feedback_accumulate,1515,,21656,,,196639232,278921216,239857152,285212672,,,,,,,,2.9334998689591885,,
1791473296.4464157,602712,frontend_frame,1515,0,21656,39,8,197760512,278921216,239857152,285212672,,,,,,,,,,
1791473296.7823913,602712,tracking_feedback_accumulate,1516,,21656,,,191605248,278921216,239857152,285212672,,,,,,,,3.0036999378353357,,
1791473296.787392,602712,frontend_frame,1516,0,21656,39,8,192726528,278921216,239857152,285212672,,,,,,,,,,
1791473297.1938944,602712,tracking_feedback_accumulate,1517,,21656,,,196641280,278921216,239857152,285212672,,,,,,,,3.1948001123964787,,
1791473297.1978948,602712,frontend_frame,1517,0,21656,39,8,197763072,278921216,239857152,285212672,,,,,,,,,,
1791473297.56615,602712,tracking_feedback_accumulate,1518,,21656,,,201841664,283115520,244694528,285212672,,,,,,,,2.8951000422239304,,
1791473297.57115,602712,frontend_frame,1518,0,21656,39,8,192729088,283115520,244694528,285212672,,,,,,,,,,
1791473297.8764255,602712,tracking_feedback_accumulate,1519,,21656,,,196725760,283115520,244694528,285212672,,,,,,,,2.932900097221136,,
1791473297.8804264,602712,frontend_frame,1519,0,21656,39,8,197847040,283115520,244694528,285212672,,,,,,,,,,
1791473298.2379937,602712,tracking_feedback_accumulate,1520,,21656,,,201761792,283115520,244694528,285212672,,,,,,,,2.977800089865923,,
1791473298.242994,602712,frontend_frame,1520,0,21656,39,8,202883072,241172480,244694528,285212672,,,,,,,,,,
1791473298.5676641,602712,tracking_feedback_accumulate,1521,,21656,,,191610880,283115520,244694528,285212672,,,,,,,,2.894999925047159,,
1791473298.5726643,602712,frontend_frame,1521,0,21656,39,8,192732160,283115520,244694528,285212672,,,,,,,,,,
1791473298.904722,602712,tracking_feedback_accumulate,1522,,21656,,,196728832,283115520,244694528,285212672,,,,,,,,3.046100027859211,,
1791473298.9097214,602712,frontend_frame,1522,0,21656,39,8,197850112,283115520,244694528,285212672,,,,,,,,,,
1791473299.316027,602712,tracking_feedback_accumulate,1523,,21656,,,201764864,283115520,244694528,285212672,,,,,,,,3.0342000536620617,,
1791473299.3220284,602712,frontend_frame,1523,0,21656,39,8,192652288,283115520,244694528,285212672,,,,,,,,,,
1791473299.67439,602712,tracking_feedback_accumulate,1524,,21656,,,196730880,283115520,244694528,285212672,,,,,,,,2.8983999509364367,,
1791473299.6793892,602712,frontend_frame,1524,0,21656,39,8,197852160,283115520,244694528,285212672,,,,,,,,,,
1791473300.0623627,602712,tracking_feedback_accumulate,1525,,21656,,,201766912,283115520,244694528,285212672,,,,,,,,3.0161000322550535,,
1791473300.0673628,602712,frontend_frame,1525,0,21656,39,8,202888192,285212672,244694528,285212672,,,,,,,,,,
1791473300.4520133,602712,tracking_feedback_accumulate,1526,,21656,,,191616000,285212672,244694528,285212672,,,,,,,,2.922500018030405,,
1791473300.456013,602712,frontend_frame,1526,0,21656,39,8,192737280,285212672,244694528,285212672,,,,,,,,,,
1791473300.802225,602712,tracking_feedback_accumulate,1527,,21656,,,196733952,285212672,244694528,285212672,,,,,,,,3.195700002834201,,
1791473300.8072252,602712,frontend_frame,1527,0,21656,39,8,197855232,285212672,244694528,285212672,,,,,,,,,,
1791473301.1035602,602712,tracking_feedback_accumulate,1528,,21656,,,201769984,285212672,244694528,285212672,,,,,,,,3.240099875256419,,
1791473301.1085603,602712,frontend_frame,1528,0,21656,39,8,192657408,285212672,244694528,285212672,,,,,,,,,,
1791473301.5433877,602712,tracking_feedback_accumulate,1529,,21656,,,196736000,285212672,244694528,285212672,,,,,,,,3.11249983496964,,
1791473301.5473871,602712,frontend_frame,1529,0,21656,39,8,197857280,285212672,244694528,285212672,,,,,,,,,,
1791473301.8393962,602712,tracking_feedback_accumulate,1530,,21656,,,201853952,285212672,244694528,285212672,,,,,,,,2.751900115981698,,
1791473301.8453977,602712,frontend_frame,1530,0,21656,39,8,192741376,239075328,244694528,285212672,,,,,,,,,,
1791473302.255604,602712,tracking_feedback_accumulate,1531,,21656,,,196738048,281018368,244694528,285212672,,,,,,,,3.1786998733878136,,
1791473302.260604,602712,frontend_frame,1531,0,21656,39,8,197859328,281018368,244694528,285212672,,,,,,,,,,
1791473302.6640515,602712,tracking_feedback_accumulate,1532,,21656,,,201774080,283115520,244694528,285212672,,,,,,,,3.1041998881846666,,
1791473302.6690495,602712,frontend_frame,1532,0,21656,39,8,202895360,285212672,244694528,285212672,,,,,,,,,,
1791473303.0141401,602712,tracking_feedback_accumulate,1533,,21656,,,186506240,285212672,244694528,285212672,,,,,,,,2.912200056016445,,
1791473303.0181396,602712,frontend_frame,1533,0,21656,39,8,187627520,285212672,244694528,285212672,,,,,,,,,,
1791473303.321581,602712,tracking_feedback_accumulate,1534,,21656,,,191624192,285212672,244694528,285212672,,,,,,,,2.9925000853836536,,
1791473303.3255837,602712,frontend_frame,1534,0,21656,39,8,192745472,285212672,244694528,285212672,,,,,,,,,,
1791473303.737317,602712,tracking_feedback_accumulate,1535,,21656,,,196742144,285212672,244694528,285212672,,,,,,,,3.0812998302280903,,
1791473303.7423286,602712,frontend_frame,1535,0,21656,39,8,187629568,285212672,244694528,285212672,,,,,,,,,,
1791473304.101406,602712,tracking_feedback_accumulate,1536,,21656,,,191626240,285212672,244694528,285212672,,,,,,,,3.05230007506907,,
1791473304.106407,602712,frontend_frame,1536,0,21656,39,8,192747520,285212672,244694528,285212672,,,,,,,,,,
1791473304.4597895,602712,tracking_feedback_accumulate,1537,,21656,,,196744192,285212672,244694528,285212672,,,,,,,,3.130699973553419,,
1791473304.4647882,602712,frontend_frame,1537,0,21656,39,8,197865472,285212672,244694528,285212672,,,,,,,,,,
1791473304.8189633,602712,tracking_feedback_accumulate,1538,,21656,,,186429440,285212672,244694528,285212672,,,,,,,,2.805599942803383,,
1791473304.8239627,602712,frontend_frame,1538,0,21656,39,8,187550720,285212672,244694528,285212672,,,,,,,,,,
1791473305.1371772,602712,tracking_feedback_accumulate,1539,,21656,,,191629312,285212672,244694528,285212672,,,,,,,,3.2500000670552254,,
1791473305.141683,602712,frontend_frame,1539,0,21656,39,8,192750592,285212672,244694528,285212672,,,,,,,,,,
1791473305.4980226,602712,tracking_feedback_accumulate,1540,,21656,,,196747264,285212672,244694528,285212672,,,,,,,,2.9922998510301113,,
1791473305.5030217,602712,frontend_frame,1540,0,21656,39,8,187634688,236978176,244694528,285212672,,,,,,,,,,
1791473305.7170842,602712,tracking_feedback_accumulate,1541,,21656,,,191631360,278921216,244694528,285212672,,,,,,,,3.0019001569598913,,
1791473305.7210832,602712,frontend_frame,1541,0,21656,39,8,192752640,278921216,244694528,285212672,,,,,,,,,,
1791473306.1336896,602712,tracking_feedback_accumulate,1542,,21656,,,196667392,278921216,244694528,285212672,,,,,,,,2.922399900853634,,
1791473306.1388505,602712,frontend_frame,1542,0,21656,39,8,197788672,278921216,244694528,285212672,,,,,,,,,,
1791473306.4559584,602712,tracking_feedback_accumulate,1543,,21656,,,186516480,278921216,244694528,285212672,,,,,,,,3.033400047570467,,
1791473306.459958,602712,frontend_frame,1543,0,21656,39,8,187637760,278921216,244694528,285212672,,,,,,,,,,
1791473306.7593915,602712,tracking_feedback_accumulate,1544,,21656,,,191552512,278921216,244694528,285212672,,,,,,,,2.921400126069784,,
1791473306.7633922,602712,frontend_frame,1544,0,21656,39,8,192673792,278921216,244694528,285212672,,,,,,,,,,
1791473307.1373265,602712,tracking_feedback_accumulate,1545,,21656,,,196752384,278921216,244694528,285212672,,,,,,,,2.9600001871585846,,
1791473307.1423259,602712,frontend_frame,1545,0,21656,39,8,187639808,278921216,244694528,285212672,,,,,,,,,,
1791473307.4668894,602712,tracking_feedback_accumulate,1546,,21656,,,191554560,278921216,244694528,285212672,,,,,,,,3.0637001618742943,,
1791473307.4718895,602712,frontend_frame,1546,0,21656,39,8,192675840,278921216,244694528,285212672,,,,,,,,,,
1791473307.8724928,602712,tracking_feedback_accumulate,1547,,21656,,,196754432,278921216,244694528,285212672,,,,,,,,3.091000020503998,,
1791473307.8774915,602712,frontend_frame,1547,0,21656,39,8,187641856,278921216,244694528,285212672,,,,,,,,,,
1791473308.1721442,602712,tracking_feedback_accumulate,1548,,21656,,,191556608,278921216,244694528,285212672,,,,,,,,2.981599885970354,,
1791473308.176145,602712,frontend_frame,1548,0,21656,39,8,192677888,278921216,244694528,285212672,,,,,,,,,,
1791473308.4494941,602712,tracking_feedback_accumulate,1549,,21656,,,196756480,278921216,244694528,285212672,,,,,,,,2.980499994009733,,
1791473308.4534929,602712,frontend_frame,1549,0,21656,39,8,197877760,278921216,244694528,285212672,,,,,,,,,,
1791473308.7275753,602712,tracking_feedback_accumulate,1550,,21656,,,191640576,278921216,244694528,285212672,,,,,,,,2.976700197905302,,
1791473308.7325778,602712,frontend_frame,1550,0,21656,39,8,192761856,236978176,244694528,285212672,,,,,,,,,,
1791473309.139154,602712,tracking_feedback_accumulate,1551,,21656,,,196758528,278921216,244694528,285212672,,,,,,,,2.9511998873203993,,
1791473309.1431532,602712,frontend_frame,1551,0,21656,39,8,197879808,278921216,244694528,285212672,,,,,,,,,,
1791473309.4629617,602712,tracking_feedback_accumulate,1552,,21656,,,201876480,281018368,244694528,285212672,,,,,,,,2.9823000077158213,,
1791473309.4679615,602712,frontend_frame,1552,0,21656,39,8,192763904,281018368,244694528,285212672,,,,,,,,,,
1791473309.8815544,602712,tracking_feedback_accumulate,1553,,21656,,,196760576,281018368,244694528,285212672,,,,,,,,2.9255999252200127,,
1791473309.8865547,602712,frontend_frame,1553,0,21656,39,8,197881856,281018368,244694528,285212672,,,,,,,,,,
1791473310.2778485,602712,tracking_feedback_accumulate,1554,,21656,,,201878528,283115520,244694528,285212672,,,,,,,,2.9698999132961035,,
1791473310.2828488,602712,frontend_frame,1554,0,21656,39,8,202999808,283115520,244694528,285212672,,,,,,,,,,
1791473310.6635165,602712,tracking_feedback_accumulate,1555,,21656,,,191645696,283115520,244694528,285212672,,,,,,,,2.8966001700609922,,
1791473310.6685157,602712,frontend_frame,1555,0,21656,39,8,192766976,283115520,244694528,285212672,,,,,,,,,,
1791473311.0327642,602712,tracking_feedback_accumulate,1556,,21656,,,196681728,283115520,244694528,285212672,,,,,,,,3.0272998847067356,,
1791473311.037765,602712,frontend_frame,1556,0,21656,39,8,197803008,283115520,244694528,285212672,,,,,,,,,,
1791473311.45592,602712,tracking_feedback_accumulate,1557,,21656,,,201881600,283115520,244694528,285212672,,,,,,,,3.064400050789118,,
1791473311.4609194,602712,frontend_frame,1557,0,21656,39,8,192769024,283115520,244694528,285212672,,,,,,,,,,
1791473311.8338208,602712,tracking_feedback_accumulate,1558,,21656,,,196683776,283115520,244694528,285212672,,,,,,,,2.924000145867467,,
1791473311.8388216,602712,frontend_frame,1558,0,21656,39,8,197805056,283115520,244694528,285212672,,,,,,,,,,
1791473312.1632376,602712,tracking_feedback_accumulate,1559,,21656,,,201883648,283115520,244694528,285212672,,,,,,,,2.8746998868882656,,
1791473312.1682382,602712,frontend_frame,1559,0,21656,39,8,203004928,285212672,244694528,285212672,,,,,,,,,,
1791473312.4405951,602712,tracking_feedback_accumulate,1560,,21656,,,191568896,285212672,244694528,285212672,,,,,,,,2.9209000058472157,,
1791473312.4916809,602712,frontend_frame,1560,0,21656,40,8,196685824,285212672,244694528,285212672,,,,,,,,,,
1791473323.2358708,602712,tracking_feedback_accumulate,1561,,21889,,,200783360,285212672,244694528,285212672,,,,,,,,2.957100048661232,,
1791473323.24087,602712,frontend_frame,1561,0,21889,40,8,201966592,285212672,244694528,285212672,,,,,,,,,,
1791473323.5391219,602712,tracking_feedback_accumulate,1562,,21889,,,190552064,285212672,244694528,285212672,,,,,,,,3.0159999150782824,,
1791473323.5441222,602712,frontend_frame,1562,0,21889,40,8,191733760,285212672,244694528,285212672,,,,,,,,,,
1791473323.866057,602712,tracking_feedback_accumulate,1563,,21889,,,195648512,285212672,244694528,285212672,,,,,,,,3.110300051048398,,
1791473323.8700566,602712,frontend_frame,1563,0,21889,40,8,196830208,285212672,244694528,285212672,,,,,,,,,,
1791473324.21084,602712,tracking_feedback_accumulate,1564,,21889,,,200908800,285212672,244694528,285212672,,,,,,,,2.8684998396784067,,
1791473324.2158403,602712,frontend_frame,1564,0,21889,40,8,191735808,285212672,244694528,285212672,,,,,,,,,,
1791473324.6380463,602712,tracking_feedback_accumulate,1565,,21889,,,195732480,285212672,244694528,285212672,,,,,,,,2.9879999347031116,,
1791473324.6420462,602712,frontend_frame,1565,0,21889,40,8,196914688,285212672,244694528,285212672,,,,,,,,,,
1791473324.9320755,602712,tracking_feedback_accumulate,1566,,21889,,,200911360,285212672,244694528,285212672,,,,,,,,2.831999910995364,,
1791473324.9360747,602712,frontend_frame,1566,0,21889,40,8,202093056,285212672,244694528,285212672,,,,,,,,,,
1791473325.2723758,602712,tracking_feedback_accumulate,1567,,21889,,,190475776,285212672,244694528,285212672,,,,,,,,2.9889000579714775,,
1791473325.2773764,602712,frontend_frame,1567,0,21889,40,8,191657472,285212672,244694528,285212672,,,,,,,,,,
1791473325.6111166,602712,tracking_feedback_accumulate,1568,,21889,,,195736064,285212672,244694528,285212672,,,,,,,,3.160000080242753,,
1791473325.6161134,602712,frontend_frame,1568,0,21889,40,8,196917760,285212672,244694528,285212672,,,,,,,,,,
1791473325.949722,602712,tracking_feedback_accumulate,1569,,21889,,,200832512,285212672,244694528,285212672,,,,,,,,3.1872999388724566,,
1791473325.954721,602712,frontend_frame,1569,0,21889,40,8,191659520,285212672,244694528,285212672,,,,,,,,,,
1791473326.3351107,602712,tracking_feedback_accumulate,1570,,21889,,,195738112,285212672,244694528,285212672,,,,,,,,2.8472000267356634,,
1791473326.3401108,602712,frontend_frame,1570,0,21889,40,8,196919808,257949696,244694528,285212672,,,,,,,,,,
1791473326.6783922,602712,tracking_feedback_accumulate,1571,,21889,,,200834560,278921216,244694528,285212672,,,,,,,,2.9513000044971704,,
1791473326.6833925,602712,frontend_frame,1571,0,21889,40,8,202016256,281018368,244694528,285212672,,,,,,,,,,
1791473326.943486,602712,tracking_feedback_accumulate,1572,,21889,,,190562816,281018368,244694528,285212672,,,,,,,,2.795899985358119,,
1791473326.9484875,602712,frontend_frame,1572,0,21889,40,8,191744512,281018368,244694528,285212672,,,,,,,,,,
1791473327.345842,602712,tracking_feedback_accumulate,1573,,21889,,,195659264,281018368,244694528,285212672,,,,,,,,2.9084000270813704,,
1791473327.3508434,602712,frontend_frame,1573,0,21889,40,8,196840960,281018368,244694528,285212672,,,,,,,,,,
1791473327.6629984,602712,tracking_feedback_accumulate,1574,,21889,,,190564864,281018368,244694528,285212672,,,,,,,,2.951500006020069,,
1791473327.6680524,602712,frontend_frame,1574,0,21889,40,8,191746560,281018368,244694528,285212672,,,,,,,,,,
1791473327.8675842,602712,tracking_feedback_accumulate,1575,,21889,,,195743232,281018368,244694528,285212672,,,,,,,,3.0547999776899815,,
1791473327.8725832,602712,frontend_frame,1575,0,21889,40,8,196924928,281018368,244694528,285212672,,,,,,,,,,
1791473328.2896366,602712,tracking_feedback_accumulate,1576,,21889,,,200839680,281018368,244694528,285212672,,,,,,,,2.9852997977286577,,
1791473328.2946382,602712,frontend_frame,1576,0,21889,40,8,191666688,281018368,244694528,285212672,,,,,,,,,,
1791473328.7291515,602712,tracking_feedback_accumulate,1577,,21889,,,195745280,281018368,244694528,285212672,,,,,,,,2.9855000320822,,
1791473328.7331512,602712,frontend_frame,1577,0,21889,40,8,196926976,281018368,244694528,285212672,,,,,,,,,,
1791473329.0943923,602712,tracking_feedback_accumulate,1578,,21889,,,200841728,281018368,244694528,285212672,,,,,,,,3.014700021594763,,
1791473329.0983925,602712,frontend_frame,1578,0,21889,40,8,202023424,281018368,244694528,285212672,,,,,,,,,,
1791473329.4551327,602712,tracking_feedback_accumulate,1579,,21889,,,190569984,281018368,244694528,285212672,,,,,,,,2.9869999270886183,,
1791473329.4591324,602712,frontend_frame,1579,0,21889,40,8,191751680,281018368,244694528,285212672,,,,,,,,,,
1791473329.8331208,602712,tracking_feedback_accumulate,1580,,21889,,,195666432,281018368,244694528,285212672,,,,,,,,2.9236001428216696,,
1791473329.8381207,602712,frontend_frame,1580,0,21889,40,8,196848128,236978176,244694528,285212672,,,,,,,,,,
1791473330.2213752,602712,tracking_feedback_accumulate,1581,,21889,,,200926720,278921216,244694528,285212672,,,,,,,,2.9567000456154346,,
1791473330.2263753,602712,frontend_frame,1581,0,21889,40,8,191753728,278921216,244694528,285212672,,,,,,,,,,
1791473330.5287328,602712,tracking_feedback_accumulate,1582,,21889,,,195668480,278921216,244694528,285212672,,,,,,,,3.0322999227792025,,
1791473330.5327325,602712,frontend_frame,1582,0,21889,40,8,196850176,278921216,244694528,285212672,,,,,,,,,,
1791473330.9223866,602712,tracking_feedback_accumulate,1583,,21889,,,200928768,278921216,244694528,285212672,,,,,,,,2.9787998646497726,,
1791473330.9273875,602712,frontend_frame,1583,0,21889,40,8,202110464,281018368,244694528,285212672,,,,,,,,,,
1791473331.326048,602712,tracking_feedback_accumulate,1584,,21889,,,190575104,281018368,244694528,285212672,,,,,,,,2.988200169056654,,
1791473331.3310483,602712,frontend_frame,1584,0,21889,40,8,191756800,281018368,244694528,285212672,,,,,,,,,,
1791473331.660266,602712,tracking_feedback_accumulate,1585,,21889,,,195671552,281018368,244694528,285212672,,,,,,,,2.917499979957938,,
1791473331.6652672,602712,frontend_frame,1585,0,21889,40,8,196853248,281018368,244694528,285212672,,,,,,,,,,
1791473331.9929965,602712,tracking_feedback_accumulate,1586,,21889,,,200931840,281018368,244694528,285212672,,,,,,,,2.9337999876588583,,
1791473331.9975822,602712,frontend_frame,1586,0,21889,40,8,191758848,281018368,244694528,285212672,,,,,,,,,,
1791473332.3744447,602712,tracking_feedback_accumulate,1587,,21889,,,195755520,281018368,244694528,285212672,,,,,,,,2.933399984613061,,
1791473332.3794441,602712,frontend_frame,1587,0,21889,40,8,196937216,281018368,244694528,285212672,,,,,,,,,,
1791473332.6612613,602712,tracking_feedback_accumulate,1588,,21889,,,200933888,281018368,244694528,285212672,,,,,,,,2.9746999498456717,,
1791473332.6662607,602712,frontend_frame,1588,0,21889,40,8,202115584,281018368,244694528,285212672,,,,,,,,,,
1791473333.0499637,602712,tracking_feedback_accumulate,1589,,21889,,,190580224,281018368,244694528,285212672,,,,,,,,2.9563000425696373,,
1791473333.0539653,602712,frontend_frame,1589,0,21889,40,8,191761920,281018368,244694528,285212672,,,,,,,,,,
1791473333.5456228,602712,tracking_feedback_accumulate,1590,,21889,,,195758592,281018368,244694528,285212672,,,,,,,,2.8186000417917967,,
1791473333.550622,602712,frontend_frame,1590,0,21889,40,8,196940288,257949696,244694528,285212672,,,,,,,,,,
1791473333.933232,602712,tracking_feedback_accumulate,1591,,21889,,,190582272,278921216,244694528,285212672,,,,,,,,2.942100167274475,,
1791473333.9382315,602712,frontend_frame,1591,0,21889,40,8,191763968,278921216,244694528,285212672,,,,,,,,,,
1791473334.2080767,602712,tracking_feedback_accumulate,1592,,21889,,,195760640,278921216,244694528,285212672,,,,,,,,2.9593000654131174,,
1791473334.2130773,602712,frontend_frame,1592,0,21889,40,8,196942336,278921216,244694528,285212672,,,,,,,,,,
1791473334.5888338,602712,tracking_feedback_accumulate,1593,,21889,,,200939008,278921216,244694528,285212672,,,,,,,,2.9082000255584717,,
1791473334.593834,602712,frontend_frame,1593,0,21889,40,8,191766016,278921216,244694528,285212672,,,,,,,,,,
1791473334.8941004,602712,tracking_feedback_accumulate,1594,,21889,,,195680768,278921216,244694528,285212672,,,,,,,,3.0763999093323946,,
1791473334.8981009,602712,frontend_frame,1594,0,21889,40,8,196862464,278921216,244694528,285212672,,,,,,,,,,
1791473335.159478,602712,tracking_feedback_accumulate,1595,,21889,,,200941056,278921216,244694528,285212672,,,,,,,,2.9966000001877546,,
1791473335.1644776,602712,frontend_frame,1595,0,21889,40,8,202122752,281018368,244694528,285212672,,,,,,,,,,
1791473335.524849,602712,tracking_feedback_accumulate,1596,,21889,,,190505472,281018368,244694528,285212672,,,,,,,,2.922200132161379,,
1791473335.528849,602712,frontend_frame,1596,0,21889,40,8,191687168,281018368,244694528,285212672,,,,,,,,,,
1791473335.8679485,602712,tracking_feedback_accumulate,1597,,21889,,,195765760,281018368,244694528,285212672,,,,,,,,2.9406999237835407,,
1791473335.8720226,602712,frontend_frame,1597,0,21889,40,8,196947456,281018368,244694528,285212672,,,,,,,,,,
1791473336.2281919,602712,tracking_feedback_accumulate,1598,,21889,,,200862208,281018368,244694528,285212672,,,,,,,,2.908000024035573,,
1791473336.2331922,602712,frontend_frame,1598,0,21889,40,8,191689216,281018368,244694528,285212672,,,,,,,,,,
1791473336.5915337,602712,tracking_feedback_accumulate,1599,,21889,,,195767808,281018368,244694528,285212672,,,,,,,,3.0399998649954796,,
1791473336.5965333,602712,frontend_frame,1599,0,21889,40,8,196949504,281018368,244694528,285212672,,,,,,,,,,
1791473336.858975,602712,tracking_feedback_accumulate,1600,,21889,,,200946176,281018368,244694528,285212672,,,,,,,,2.995000220835209,,
1791473336.8639755,602712,frontend_frame,1600,0,21889,40,8,202127872,236978176,244694528,285212672,,,,,,,,,,
1791473337.2274108,602712,tracking_feedback_accumulate,1601,,21889,,,190592512,278921216,244694528,285212672,,,,,,,,3.007899969816208,,
1791473337.2314115,602712,frontend_frame,1601,0,21889,40,8,191774208,278921216,244694528,285212672,,,,,,,,,,
1791473337.6181862,602712,tracking_feedback_accumulate,1602,,21889,,,195688960,278921216,244694528,285212672,,,,,,,,3.0571999959647655,,
1791473337.6231854,602712,frontend_frame,1602,0,21889,40,8,196870656,278921216,244694528,285212672,,,,,,,,,,
1791473338.0142252,602712,tracking_feedback_accumulate,1603,,21889,,,200949248,278921216,244694528,285212672,,,,,,,,3.140500048175454,,
1791473338.0192251,602712,frontend_frame,1603,0,21889,40,8,191776256,278921216,244694528,285212672,,,,,,,,,,
1791473338.354613,602712,tracking_feedback_accumulate,1604,,21889,,,195772928,278921216,244694528,285212672,,,,,,,,2.9006998520344496,,
1791473338.3596156,602712,frontend_frame,1604,0,21889,40,8,196954624,278921216,244694528,285212672,,,,,,,,,,
1791473338.7284698,602712,tracking_feedback_accumulate,1605,,21889,,,200951296,278921216,244694528,285212672,,,,,,,,3.034299938008189,,
1791473338.7334688,602712,frontend_frame,1605,0,21889,40,8,202132992,281018368,244694528,285212672,,,,,,,,,,
1791473339.1539657,602712,tracking_feedback_accumulate,1606,,21889,,,190515712,281018368,244694528,285212672,,,,,,,,3.1904999632388353,,
1791473339.1580164,602712,frontend_frame,1606,0,21889,40,8,191697408,281018368,244694528,285212672,,,,,,,,,,
1791473339.5295126,602712,tracking_feedback_accumulate,1607,,21889,,,195776000,281018368,244694528,285212672,,,,,,,,3.059400012716651,,
1791473339.5355127,602712,frontend_frame,1607,0,21889,40,8,196957696,281018368,244694528,285212672,,,,,,,,,,
1791473339.8947434,602712,tracking_feedback_accumulate,1608,,21889,,,190517760,281018368,244694528,285212672,,,,,,,,3.127599833533168,,
1791473339.8997445,602712,frontend_frame,1608,0,21889,40,8,191699456,281018368,244694528,285212672,,,,,,,,,,
1791473340.153455,602712,tracking_feedback_accumulate,1609,,21889,,,195778048,281018368,244694528,285212672,,,,,,,,3.1932999845594168,,
1791473340.1584566,602712,frontend_frame,1609,0,21889,40,8,196959744,281018368,244694528,285212672,,,,,,,,,,
1791473340.58123,602712,tracking_feedback_accumulate,1610,,21889,,,200874496,281018368,244694528,285212672,,,,,,,,2.9704999178647995,,
1791473340.5872307,602712,frontend_frame,1610,0,21889,40,8,191701504,236978176,244694528,285212672,,,,,,,,,,
1791473340.9533522,602712,tracking_feedback_accumulate,1611,,21889,,,195780096,278921216,244694528,285212672,,,,,,,,2.85319983959198,,
1791473340.958353,602712,frontend_frame,1611,0,21889,40,8,196961792,278921216,244694528,285212672,,,,,,,,,,
1791473341.286675,602712,tracking_feedback_accumulate,1612,,21889,,,200958464,278921216,244694528,285212672,,,,,,,,3.032500157132745,,
1791473341.2916753,602712,frontend_frame,1612,0,21889,40,8,202140160,281018368,244694528,285212672,,,,,,,,,,
1791473341.6986094,602712,tracking_feedback_accumulate,1613,,21889,,,190604800,281018368,244694528,285212672,,,,,,,,3.106999909505248,,
1791473341.7026083,602712,frontend_frame,1613,0,21889,40,8,191786496,281018368,244694528,285212672,,,,,,,,,,
1791473342.0686724,602712,tracking_feedback_accumulate,1614,,21889,,,195783168,281018368,244694528,285212672,,,,,,,,2.9366000089794397,,
1791473342.0726726,602712,frontend_frame,1614,0,21889,40,8,196964864,281018368,244694528,285212672,,,,,,,,,,
1791473342.4524398,602712,tracking_feedback_accumulate,1615,,21889,,,200879616,281018368,244694528,285212672,,,,,,,,3.0692999716848135,,
1791473342.4574406,602712,frontend_frame,1615,0,21889,40,8,191706624,281018368,244694528,285212672,,,,,,,,,,
1791473342.872807,602712,tracking_feedback_accumulate,1616,,21889,,,195785216,281018368,244694528,285212672,,,,,,,,3.0786001589149237,,
1791473342.8778725,602712,frontend_frame,1616,0,21889,40,8,196966912,281018368,244694528,285212672,,,,,,,,,,
1791473343.085225,602712,tracking_feedback_accumulate,1617,,21889,,,200963584,281018368,244694528,285212672,,,,,,,,2.8983999509364367,,
1791473343.090226,602712,frontend_frame,1617,0,21889,40,8,202145280,281018368,244694528,285212672,,,,,,,,,,
1791473343.518471,602712,tracking_feedback_accumulate,1618,,21889,,,190528000,281018368,244694528,285212672,,,,,,,,3.1419999431818724,,
1791473343.523471,602712,frontend_frame,1618,0,21889,40,8,191709696,281018368,244694528,285212672,,,,,,,,,,
1791473343.8854198,602712,tracking_feedback_accumulate,1619,,21889,,,195788288,281018368,244694528,285212672,,,,,,,,2.879299921914935,,
1791473343.8894193,602712,frontend_frame,1619,0,21889,40,8,196969984,281018368,244694528,285212672,,,,,,,,,,
1791473344.1745021,602712,tracking_feedback_accumulate,1620,,21889,,,200966656,281018368,244694528,285212672,,,,,,,,3.175700083374977,,
1791473344.179694,602712,frontend_frame,1620,0,21889,40,8,191793664,257949696,244694528,285212672,,,,,,,,,,
1791473344.5307453,602712,tracking_feedback_accumulate,1621,,21889,,,195708416,278921216,244694528,285212672,,,,,,,,2.986100036650896,,
1791473344.5347457,602712,frontend_frame,1621,0,21889,40,8,196890112,278921216,244694528,285212672,,,,,,,,,,
1791473344.9440472,602712,tracking_feedback_accumulate,1622,,21889,,,200968704,278921216,244694528,285212672,,,,,,,,2.9841000214219093,,
1791473344.9490466,602712,frontend_frame,1622,0,21889,40,8,202150400,281018368,244694528,285212672,,,,,,,,,,
1791473345.188364,602712,tracking_feedback_accumulate,1623,,21889,,,190615040,281018368,244694528,285212672,,,,,,,,2.926499815657735,,
1791473345.193364,602712,frontend_frame,1623,0,21889,40,8,191796736,281018368,244694528,285212672,,,,,,,,,,
1791473345.6095343,602712,tracking_feedback_accumulate,1624,,21889,,,195793408,281018368,244694528,285212672,,,,,,,,3.077800152823329,,
1791473345.6145344,602712,frontend_frame,1624,0,21889,40,8,196975104,281018368,244694528,285212672,,,,,,,,,,
1791473345.946442,602712,tracking_feedback_accumulate,1625,,21889,,,190535168,281018368,244694528,285212672,,,,,,,,2.926900051534176,,
1791473345.9514415,602712,frontend_frame,1625,0,21889,40,8,191716864,281018368,244694528,285212672,,,,,,,,,,
1791473346.3027883,602712,tracking_feedback_accumulate,1626,,21889,,,195795456,281018368,244694528,285212672,,,,,,,,2.9659001156687737,,
1791473346.3077888,602712,frontend_frame,1626,0,21889,40,8,196977152,281018368,244694528,285212672,,,,,,,,,,
1791473346.6456635,602712,tracking_feedback_accumulate,1627,,21889,,,200973824,281018368,244694528,285212672,,,,,,,,2.9243999160826206,,
1791473346.6506631,602712,frontend_frame,1627,0,21889,40,8,191800832,281018368,244694528,285212672,,,,,,,,,,
1791473347.0780904,602712,tracking_feedback_accumulate,1628,,21889,,,195715584,281018368,244694528,285212672,,,,,,,,2.9591000638902187,,
1791473347.083135,602712,frontend_frame,1628,0,21889,40,8,196897280,281018368,244694528,285212672,,,,,,,,,,
1791473347.4514258,602712,tracking_feedback_accumulate,1629,,21889,,,200975872,281018368,244694528,285212672,,,,,,,,2.9941999819129705,,
1791473347.4554257,602712,frontend_frame,1629,0,21889,40,8,202157568,281018368,244694528,285212672,,,,,,,,,,
1791473347.7587767,602712,tracking_feedback_accumulate,1630,,21889,,,190622208,281018368,244694528,285212672,,,,,,,,2.928700065240264,,
1791473347.7637775,602712,frontend_frame,1630,0,21889,40,8,191803904,236978176,244694528,285212672,,,,,,,,,,
1791473348.0567026,602712,tracking_feedback_accumulate,1631,,21889,,,195800576,278921216,244694528,285212672,,,,,,,,2.919600112363696,,
1791473348.060703,602712,frontend_frame,1631,0,21889,40,8,196982272,278921216,244694528,285212672,,,,,,,,,,
1791473348.4689875,602712,tracking_feedback_accumulate,1632,,21889,,,200897024,278921216,244694528,285212672,,,,,,,,3.044300014153123,,
1791473348.4739876,602712,frontend_frame,1632,0,21889,40,8,191724032,278921216,244694528,285212672,,,,,,,,,,
1791473348.8843918,602712,tracking_feedback_accumulate,1633,,21889,,,195802624,278921216,244694528,285212672,,,,,,,,3.3662000205367804,,
1791473348.8893929,602712,frontend_frame,1633,0,21889,40,8,196984320,278921216,244694528,285212672,,,,,,,,,,
1791473349.2995996,602712,tracking_feedback_accumulate,1634,,21889,,,200980992,278921216,244694528,285212672,,,,,,,,3.0138001311570406,,
1791473349.3055997,602712,frontend_frame,1634,0,21889,40,8,202162688,281018368,244694528,285212672,,,,,,,,,,
1791473349.743285,602712,tracking_feedback_accumulate,1635,,21889,,,190545408,281018368,244694528,285212672,,,,,,,,3.0199000611901283,,
1791473349.7472844,602712,frontend_frame,1635,0,21889,40,8,191727104,281018368,244694528,285212672,,,,,,,,,,
1791473350.106348,602712,tracking_feedback_accumulate,1636,,21889,,,195805696,281018368,244694528,285212672,,,,,,,,3.336300142109394,,
1791473350.1113474,602712,frontend_frame,1636,0,21889,40,8,196987392,281018368,244694528,285212672,,,,,,,,,,
1791473350.4240284,602712,tracking_feedback_accumulate,1637,,21889,,,200902144,281018368,244694528,285212672,,,,,,,,3.3651001285761595,,
1791473350.4300296,602712,frontend_frame,1637,0,21889,40,8,191729152,281018368,244694528,285212672,,,,,,,,,,
1791473350.7283866,602712,tracking_feedback_accumulate,1638,,21889,,,195807744,281018368,244694528,285212672,,,,,,,,3.037600079551339,,
1791473350.7333868,602712,frontend_frame,1638,0,21889,40,8,196989440,281018368,244694528,285212672,,,,,,,,,,
1791473350.9494836,602712,tracking_feedback_accumulate,1639,,21889,,,200986112,281018368,244694528,285212672,,,,,,,,3.236599965021014,,
1791473350.9544854,602712,frontend_frame,1639,0,21889,40,8,202167808,281018368,244694528,285212672,,,,,,,,,,
1791473351.3546894,602712,tracking_feedback_accumulate,1640,,21889,,,190550528,281018368,244694528,285212672,,,,,,,,2.9745998326689005,,
1791473351.3596892,602712,frontend_frame,1640,0,21889,40,8,191732224,236978176,244694528,285212672,,,,,,,,,,
1791473351.740696,602712,tracking_feedback_accumulate,1641,,21889,,,195810816,278921216,244694528,285212672,,,,,,,,2.9529999010264874,,
1791473351.7456965,602712,frontend_frame,1641,0,21889,40,8,196992512,278921216,244694528,285212672,,,,,,,,,,
1791473352.03056,602712,tracking_feedback_accumulate,1642,,21889,,,190552576,278921216,244694528,285212672,,,,,,,,2.880699932575226,,
1791473352.0351436,602712,frontend_frame,1642,0,21889,40,8,191734272,278921216,244694528,285212672,,,,,,,,,,
1791473352.4393275,602712,tracking_feedback_accumulate,1643,,21889,,,195812864,278921216,244694528,285212672,,,,,,,,3.347999881953001,,
1791473352.444327,602712,frontend_frame,1643,0,21889,40,8,196994560,278921216,244694528,285212672,,,,,,,,,,
1791473352.8929884,602712,tracking_feedback_accumulate,1644,,21889,,,200991232,278921216,244694528,285212672,,,,,,,,2.9341999907046556,,
1791473352.8989892,602712,frontend_frame,1644,0,21889,40,8,191818240,278921216,244694528,285212672,,,,,,,,,,
1791473353.1962337,602712,tracking_feedback_accumulate,1645,,21889,,,195732992,278921216,244694528,285212672,,,,,,,,3.005199832841754,,
1791473353.2012339,602712,frontend_frame,1645,0,21889,40,8,196914688,278921216,244694528,285212672,,,,,,,,,,
1791473353.572823,602712,tracking_feedback_accumulate,1646,,21889,,,200993280,278921216,244694528,285212672,,,,,,,,2.9637000989168882,,
1791473353.577823,602712,frontend_frame,1646,0,21889,40,8,202174976,281018368,244694528,285212672,,,,,,,,,,
1791473353.8316436,602712,tracking_feedback_accumulate,1647,,21889,,,190639616,281018368,244694528,285212672,,,,,,,,2.9076000209897757,,
1791473353.8366437,602712,frontend_frame,1647,0,21889,40,8,191821312,281018368,244694528,285212672,,,,,,,,,,
1791473354.1560185,602712,tracking_feedback_accumulate,1648,,21889,,,195817984,281018368,244694528,285212672,,,,,,,,2.968600019812584,,
1791473354.1600177,602712,frontend_frame,1648,0,21889,40,8,196999680,281018368,244694528,285212672,,,,,,,,,,
1791473354.5205467,602712,tracking_feedback_accumulate,1649,,21889,,,200996352,281018368,244694528,285212672,,,,,,,,2.8427999932318926,,
1791473354.525547,602712,frontend_frame,1649,0,21889,40,8,191823360,281018368,244694528,285212672,,,,,,,,,,
1791473354.858453,602712,tracking_feedback_accumulate,1650,,21889,,,195820032,281018368,244694528,285212672,,,,,,,,3.0803000554442406,,
1791473354.864454,602712,frontend_frame,1650,0,21889,40,8,197001728,236978176,244694528,285212672,,,,,,,,,,
1791473355.1801686,602712,tracking_feedback_accumulate,1651,,21889,,,200916480,278921216,244694528,285212672,,,,,,,,2.894100034609437,,
1791473355.1851683,602712,frontend_frame,1651,0,21889,40,8,202098176,281018368,244694528,285212672,,,,,,,,,,
1791473355.4914875,602712,tracking_feedback_accumulate,1652,,21889,,,190644736,281018368,244694528,285212672,,,,,,,,3.0724999960511923,,
1791473355.4959896,602712,frontend_frame,1652,0,21889,40,8,191826432,281018368,244694528,285212672,,,,,,,,,,
1791473355.76729,602712,tracking_feedback_accumulate,1653,,21889,,,195823104,281018368,244694528,285212672,,,,,,,,2.923599909991026,,
1791473355.7722912,602712,frontend_frame,1653,0,21889,40,8,197004800,281018368,244694528,285212672,,,,,,,,,,
1791473356.1460173,602712,tracking_feedback_accumulate,1654,,21889,,,200919552,281018368,244694528,285212672,,,,,,,,2.918299986049533,,
1791473356.1510172,602712,frontend_frame,1654,0,21889,40,8,191746560,281018368,244694528,285212672,,,,,,,,,,
1791473356.4837713,602712,tracking_feedback_accumulate,1655,,21889,,,195825152,281018368,244694528,285212672,,,,,,,,3.017200157046318,,
1791473356.4887717,602712,frontend_frame,1655,0,21889,40,8,197006848,281018368,244694528,285212672,,,,,,,,,,
1791473356.8170514,602712,tracking_feedback_accumulate,1656,,21889,,,201003520,281018368,244694528,285212672,,,,,,,,2.9184999875724316,,
1791473356.8210514,602712,frontend_frame,1656,0,21889,40,8,202185216,281018368,244694528,285212672,,,,,,,,,,
1791473357.2236383,602712,tracking_feedback_accumulate,1657,,21889,,,190649856,281018368,244694528,285212672,,,,,,,,3.074000123888254,,
1791473357.2286372,602712,frontend_frame,1657,0,21889,40,8,191831552,281018368,244694528,285212672,,,,,,,,,,
1791473357.55389,602712,tracking_feedback_accumulate,1658,,21889,,,195828224,281018368,244694528,285212672,,,,,,,,2.946800086647272,,
1791473357.5578911,602712,frontend_frame,1658,0,21889,40,8,197009920,281018368,244694528,285212672,,,,,,,,,,
1791473357.843566,602712,tracking_feedback_accumulate,1659,,21889,,,190569984,281018368,244694528,285212672,,,,,,,,2.883500186726451,,
1791473357.8485653,602712,frontend_frame,1659,0,21889,40,8,191751680,281018368,244694528,285212672,,,,,,,,,,
1791473358.1872523,602712,tracking_feedback_accumulate,1660,,21889,,,195830272,281018368,244694528,285212672,,,,,,,,2.960700076073408,,
1791473358.192252,602712,frontend_frame,1660,0,21889,40,8,197011968,257949696,244694528,285212672,,,,,,,,,,
1791473358.5847697,602712,tracking_feedback_accumulate,1661,,21889,,,200926720,278921216,244694528,285212672,,,,,,,,3.113300073891878,,
1791473358.5899496,602712,frontend_frame,1661,0,21889,40,8,191753728,278921216,244694528,285212672,,,,,,,,,,
1791473358.964678,602712,tracking_feedback_accumulate,1662,,21889,,,195832320,278921216,244694528,285212672,,,,,,,,2.9781002085655928,,
1791473358.9701848,602712,frontend_frame,1662,0,21889,40,8,197014016,278921216,244694528,285212672,,,,,,,,,,
1791473359.3434787,602712,tracking_feedback_accumulate,1663,,21889,,,201010688,278921216,244694528,285212672,,,,,,,,2.88640009239316,,
1791473359.392984,602712,frontend_frame,1663,0,21889,41,8,206188032,281018368,244694528,285212672,,,,,,,,,,
1791473370.0882847,602712,tracking_feedback_accumulate,1664,,22374,,,194602496,281018368,244694528,285212672,,,,,,,,2.803400158882141,,
1791473370.0932868,602712,frontend_frame,1664,0,22374,41,8,195896320,281018368,244694528,285212672,,,,,,,,,,
1791473370.48214,602712,tracking_feedback_accumulate,1665,,22374,,,199974912,281018368,244694528,285212672,,,,,,,,2.853899961337447,,
1791473370.4871414,602712,frontend_frame,1665,0,22374,41,8,201265664,281018368,244694528,285212672,,,,,,,,,,
1791473370.837962,602712,tracking_feedback_accumulate,1666,,22374,,,205262336,281018368,247606272,285212672,,,,,,,,2.9253000393509865,,
1791473370.843962,602712,frontend_frame,1666,0,22374,41,8,195980288,281018368,247606272,285212672,,,,,,,,,,
1791473371.1974225,602712,tracking_feedback_accumulate,1667,,22374,,,199895040,281018368,247606272,285212672,,,,,,,,2.7553001418709755,,
1791473371.2024243,602712,frontend_frame,1667,0,22374,41,8,201185792,281018368,247606272,285212672,,,,,,,,,,
1791473371.5966337,602712,tracking_feedback_accumulate,1668,,22374,,,205264384,281018368,247609344,285212672,,,,,,,,2.8696998488157988,,
1791473371.6019492,602712,frontend_frame,1668,0,22374,41,8,195982848,281018368,247609344,285212672,,,,,,,,,,
1791473371.955633,602712,tracking_feedback_accumulate,1669,,22374,,,199897600,281018368,247609344,285212672,,,,,,,,2.831999910995364,,
1791473371.959634,602712,frontend_frame,1669,0,22374,41,8,201188352,281018368,247609344,285212672,,,,,,,,,,
1791473372.2322192,602712,tracking_feedback_accumulate,1670,,22374,,,205266944,281018368,247609344,285212672,,,,,,,,3.115300089120865,,
1791473372.2382185,602712,frontend_frame,1670,0,22374,41,8,206557696,257949696,247609344,285212672,,,,,,,,,,
1791473372.4382892,602712,tracking_feedback_accumulate,1671,,22374,,,199899648,278921216,247609344,285212672,,,,,,,,2.934299875050783,,
1791473372.44329,602712,frontend_frame,1671,0,22374,41,8,201190400,278921216,247609344,285212672,,,,,,,,,,
1791473372.7787254,602712,tracking_feedback_accumulate,1672,,22374,,,205268992,278921216,247609344,285212672,,,,,,,,2.845000009983778,,
1791473372.7837265,602712,frontend_frame,1672,0,22374,41,8,206559744,281018368,247609344,285212672,,,,,,,,,,
1791473373.0949225,602712,tracking_feedback_accumulate,1673,,22374,,,210556416,283115520,252901376,285212672,,,,,,,,2.9950998723506927,,
1791473373.0999238,602712,frontend_frame,1673,0,22374,41,8,201274368,283115520,252901376,285212672,,,,,,,,,,
1791473373.2938137,602712,tracking_feedback_accumulate,1674,,22374,,,205189120,283115520,252901376,285212672,,,,,,,,2.918299986049533,,
1791473373.2988136,602712,frontend_frame,1674,0,22374,41,8,206479872,283115520,252901376,285212672,,,,,,,,,,
1791473373.623642,602712,tracking_feedback_accumulate,1675,,22374,,,210558464,283115520,252901376,285212672,,,,,,,,2.992300083860755,,
1791473373.6286418,602712,frontend_frame,1675,0,22374,41,8,211849216,285212672,252901376,285212672,,,,,,,,,,
1791473374.0559695,602712,tracking_feedback_accumulate,1676,,22374,,,199904768,285212672,252901376,285212672,,,,,,,,3.0241000931710005,,
1791473374.0609677,602712,frontend_frame,1676,0,22374,41,8,201195520,285212672,252901376,285212672,,,,,,,,,,
1791473374.453223,602712,tracking_feedback_accumulate,1677,,22374,,,205274112,285212672,252901376,285212672,,,,,,,,2.9235000256448984,,
1791473374.4582229,602712,frontend_frame,1677,0,22374,41,8,206564864,285212672,252901376,285212672,,,,,,,,,,
1791473374.7863123,602712,tracking_feedback_accumulate,1678,,22374,,,210479616,285212672,252911104,285212672,,,,,,,,2.922099782153964,,
1791473374.7913125,602712,frontend_frame,1678,0,22374,41,8,195911168,285212672,252911104,285212672,,,,,,,,,,
1791473375.185195,602712,tracking_feedback_accumulate,1679,,22374,,,199989760,285212672,252911104,285212672,,,,,,,,3.0128001235425472,,
1791473375.1891947,602712,frontend_frame,1679,0,22374,41,8,201280512,285212672,252911104,285212672,,,,,,,,,,
1791473375.5548775,602712,tracking_feedback_accumulate,1680,,22374,,,205195264,285212672,252911104,285212672,,,,,,,,2.92930006980896,,
1791473375.5608783,602712,frontend_frame,1680,0,22374,41,8,206486016,239075328,252911104,285212672,,,,,,,,,,
1791473375.8971467,602712,tracking_feedback_accumulate,1681,,22374,,,194705408,281018368,252911104,285212672,,,,,,,,2.907099900767207,,
1791473375.9021468,602712,frontend_frame,1681,0,22374,41,8,195996160,281018368,252911104,285212672,,,,,,,,,,
1791473376.2209227,602712,tracking_feedback_accumulate,1682,,22374,,,199992832,281018368,252911104,285212672,,,,,,,,2.8866000939160585,,
1791473376.224923,602712,frontend_frame,1682,0,22374,41,8,201283584,281018368,252911104,285212672,,,,,,,,,,
1791473376.5596714,602712,tracking_feedback_accumulate,1683,,22374,,,194707456,281018368,252911104,285212672,,,,,,,,2.8812000527977943,,
1791473376.5636702,602712,frontend_frame,1683,0,22374,41,8,195998208,281018368,252911104,285212672,,,,,,,,,,
1791473376.979927,602712,tracking_feedback_accumulate,1684,,22374,,,199912960,281018368,252911104,285212672,,,,,,,,3.0000999104231596,,
1791473376.985432,602712,frontend_frame,1684,0,22374,41,8,201203712,281018368,252911104,285212672,,,,,,,,,,
1791473377.1621547,602712,tracking_feedback_accumulate,1685,,22374,,,205282304,281018368,252911104,285212672,,,,,,,,2.922200132161379,,
1791473377.167154,602712,frontend_frame,1685,0,22374,41,8,196000256,281018368,252911104,285212672,,,,,,,,,,
1791473377.5565557,602712,tracking_feedback_accumulate,1686,,22374,,,199915008,281018368,252911104,285212672,,,,,,,,2.9811998829245567,,
1791473377.5615559,602712,frontend_frame,1686,0,22374,41,8,201205760,281018368,252911104,285212672,,,,,,,,,,
1791473377.9138682,602712,tracking_feedback_accumulate,1687,,22374,,,205284352,281018368,252911104,285212672,,,,,,,,2.857999876141548,,
1791473377.918869,602712,frontend_frame,1687,0,22374,41,8,206575104,281018368,252911104,285212672,,,,,,,,,,
1791473378.3148172,602712,tracking_feedback_accumulate,1688,,22374,,,194630656,281018368,252911104,285212672,,,,,,,,2.9352998826652765,,
1791473378.3198178,602712,frontend_frame,1688,0,22374,41,8,195921408,281018368,252911104,285212672,,,,,,,,,,
1791473378.6616306,602712,tracking_feedback_accumulate,1689,,22374,,,200000000,281018368,252911104,285212672,,,,,,,,3.208799986168742,,
1791473378.6656306,602712,frontend_frame,1689,0,22374,41,8,201290752,281018368,252911104,285212672,,,,,,,,,,
1791473379.0468566,602712,tracking_feedback_accumulate,1690,,22374,,,205205504,281018368,252911104,285212672,,,,,,,,2.9801998753100634,,
1791473379.051856,602712,frontend_frame,1690,0,22374,41,8,195923456,236978176,252911104,285212672,,,,,,,,,,
1791473379.4212072,602712,tracking_feedback_accumulate,1691,,22374,,,200002048,278921216,252911104,285212672,,,,,,,,2.9722999315708876,,
1791473379.4252079,602712,frontend_frame,1691,0,22374,41,8,201292800,278921216,252911104,285212672,,,,,,,,,,
1791473379.8028986,602712,tracking_feedback_accumulate,1692,,22374,,,205207552,278921216,252911104,285212672,,,,,,,,3.0207999516278505,,
1791473379.807899,602712,frontend_frame,1692,0,22374,41,8,206498304,281018368,252911104,285212672,,,,,,,,,,
1791473380.200416,602712,tracking_feedback_accumulate,1693,,22374,,,194717696,281018368,252911104,285212672,,,,,,,,2.9223000165075064,,
1791473380.2054164,602712,frontend_frame,1693,0,22374,41,8,196008448,281018368,252911104,285212672,,,,,,,,,,
1791473380.5768075,602712,tracking_feedback_accumulate,1694,,22374,,,200005120,281018368,252911104,285212672,,,,,,,,3.042199881747365,,
1791473380.5818076,602712,frontend_frame,1694,0,22374,41,8,201295872,281018368,252911104,285212672,,,,,,,,,,
1791473380.9888992,602712,tracking_feedback_accumulate,1695,,22374,,,205210624,281018368,252911104,285212672,,,,,,,,2.9290998354554176,,
1791473380.9938984,602712,frontend_frame,1695,0,22374,41,8,195928576,281018368,252911104,285212672,,,,,,,,,,
1791473381.2105503,602712,tracking_feedback_accumulate,1696,,22374,,,200007168,281018368,252911104,285212672,,,,,,,,2.9233000241219997,,
1791473381.2156065,602712,frontend_frame,1696,0,22374,41,8,201297920,281018368,252911104,285212672,,,,,,,,,,
1791473381.6212623,602712,tracking_feedback_accumulate,1697,,22374,,,205212672,281018368,252911104,285212672,,,,,,,,2.9903999529778957,,
1791473381.6252615,602712,frontend_frame,1697,0,22374,41,8,206503424,281018368,252911104,285212672,,,,,,,,,,
1791473381.9140682,602712,tracking_feedback_accumulate,1698,,22374,,,194722816,281018368,252911104,285212672,,,,,,,,2.779599977657199,,
1791473381.9180822,602712,frontend_frame,1698,0,22374,41,8,196013568,281018368,252911104,285212672,,,,,,,,,,
1791473382.335121,602712,tracking_feedback_accumulate,1699,,22374,,,200010240,281018368,252911104,285212672,,,,,,,,2.9134999494999647,,
1791473382.340183,602712,frontend_frame,1699,0,22374,41,8,201300992,281018368,252911104,285212672,,,,,,,,,,
1791473382.70981,602712,tracking_feedback_accumulate,1700,,22374,,,194724864,281018368,252911104,285212672,,,,,,,,2.9424000531435013,,
1791473382.7148106,602712,frontend_frame,1700,0,22374,41,8,196015616,236978176,252911104,285212672,,,,,,,,,,
1791473383.0238454,602712,tracking_feedback_accumulate,1701,,22374,,,200012288,278921216,252911104,285212672,,,,,,,,2.885399851948023,,
1791473383.0283477,602712,frontend_frame,1701,0,22374,41,8,201303040,278921216,252911104,285212672,,,,,,,,,,
1791473383.3597853,602712,tracking_feedback_accumulate,1702,,22374,,,205299712,278921216,252911104,285212672,,,,,,,,3.028299892321229,,
1791473383.3647847,602712,frontend_frame,1702,0,22374,41,8,196017664,278921216,252911104,285212672,,,,,,,,,,
1791473383.7295797,602712,tracking_feedback_accumulate,1703,,22374,,,200014336,278921216,252911104,285212672,,,,,,,,2.89639993570745,,
1791473383.7335796,602712,frontend_frame,1703,0,22374,41,8,201305088,278921216,252911104,285212672,,,,,,,,,,
1791473384.1277916,602712,tracking_feedback_accumulate,1704,,22374,,,205301760,278921216,252911104,285212672,,,,,,,,2.968000015243888,,
1791473384.1327918,602712,frontend_frame,1704,0,22374,41,8,206592512,281018368,252911104,285212672,,,,,,,,,,
1791473384.4941945,602712,tracking_feedback_accumulate,1705,,22374,,,194729984,281018368,252911104,285212672,,,,,,,,3.0294000171124935,,
1791473384.4982285,602712,frontend_frame,1705,0,22374,41,8,196020736,281018368,252911104,285212672,,,,,,,,,,
1791473384.777687,602712,tracking_feedback_accumulate,1706,,22374,,,200017408,281018368,252911104,285212672,,,,,,,,3.1630999874323606,,
1791473384.7866871,602712,frontend_frame,1706,0,22374,41,8,201308160,281018368,252911104,285212672,,,,,,,,,,
1791473385.179066,602712,tracking_feedback_accumulate,1707,,22374,,,205304832,281018368,252911104,285212672,,,,,,,,2.996399998664856,,
1791473385.1850662,602712,frontend_frame,1707,0,22374,41,8,196022784,281018368,252911104,285212672,,,,,,,,,,
1791473385.5747874,602712,tracking_feedback_accumulate,1708,,22374,,,199937536,281018368,252911104,285212672,,,,,,,,2.8541998472064734,,
1791473385.5797887,602712,frontend_frame,1708,0,22374,41,8,201228288,281018368,252911104,285212672,,,,,,,,,,
1791473386.0102317,602712,tracking_feedback_accumulate,1709,,22374,,,205306880,281018368,252911104,285212672,,,,,,,,2.967599779367447,,
1791473386.0152318,602712,frontend_frame,1709,0,22374,41,8,206597632,281018368,252911104,285212672,,,,,,,,,,
1791473386.333405,602712,tracking_feedback_accumulate,1710,,22374,,,194735104,281018368,252911104,285212672,,,,,,,,2.966000000014901,,
1791473386.3384058,602712,frontend_frame,1710,0,22374,41,8,196025856,236978176,252911104,285212672,,,,,,,,,,
1791473386.702552,602712,tracking_feedback_accumulate,1711,,22374,,,200022528,278921216,252911104,285212672,,,,,,,,2.8150000143796206,,
1791473386.7065542,602712,frontend_frame,1711,0,22374,41,8,201313280,278921216,252911104,285212672,,,,,,,,,,
1791473387.1007054,602712,tracking_feedback_accumulate,1712,,22374,,,205228032,278921216,252911104,285212672,,,,,,,,2.9418000485748053,,
1791473387.1057067,602712,frontend_frame,1712,0,22374,41,8,195945984,278921216,252911104,285212672,,,,,,,,,,
1791473387.5073504,602712,tracking_feedback_accumulate,1713,,22374,,,200024576,278921216,252911104,285212672,,,,,,,,2.89240013808012,,
1791473387.5123491,602712,frontend_frame,1713,0,22374,41,8,201315328,278921216,252911104,285212672,,,,,,,,,,
1791473387.855246,602712,tracking_feedback_accumulate,1714,,22374,,,205230080,278921216,252911104,285212672,,,,,,,,3.173599950969219,,
1791473387.8602455,602712,frontend_frame,1714,0,22374,41,8,206520832,281018368,252911104,285212672,,,,,,,,,,
1791473388.2652352,602712,tracking_feedback_accumulate,1715,,22374,,,194740224,281018368,252911104,285212672,,,,,,,,3.0646000523120165,,
1791473388.2702355,602712,frontend_frame,1715,0,22374,41,8,196030976,281018368,252911104,285212672,,,,,,,,,,
1791473388.650274,602712,tracking_feedback_accumulate,1716,,22374,,,199945728,281018368,252911104,285212672,,,,,,,,3.2015000469982624,,
1791473388.6562734,602712,frontend_frame,1716,0,22374,41,8,201236480,281018368,252911104,285212672,,,,,,,,,,
1791473389.0579827,602712,tracking_feedback_accumulate,1717,,22374,,,194742272,281018368,252911104,285212672,,,,,,,,3.004400059580803,,
1791473389.0619826,602712,frontend_frame,1717,0,22374,41,8,196033024,281018368,252911104,285212672,,,,,,,,,,
1791473389.2635105,602712,tracking_feedback_accumulate,1718,,22374,,,200029696,281018368,252911104,285212672,,,,,,,,2.985000144690275,,
1791473389.2675095,602712,frontend_frame,1718,0,22374,41,8,201320448,281018368,252911104,285212672,,,,,,,,,,
1791473389.6060143,602712,tracking_feedback_accumulate,1719,,22374,,,205317120,281018368,252911104,285212672,,,,,,,,3.1691999174654484,,
1791473389.6110897,602712,frontend_frame,1719,0,22374,41,8,196035072,281018368,252911104,285212672,,,,,,,,,,
1791473389.9629622,602712,tracking_feedback_accumulate,1720,,22374,,,199949824,281018368,252911104,285212672,,,,,,,,3.026499878615141,,
1791473389.9679632,602712,frontend_frame,1720,0,22374,41,8,201240576,236978176,252911104,285212672,,,,,,,,,,
1791473390.317471,602712,tracking_feedback_accumulate,1721,,22374,,,205319168,278921216,252911104,285212672,,,,,,,,2.8737999964505434,,
1791473390.3224711,602712,frontend_frame,1721,0,22374,41,8,206609920,281018368,252911104,285212672,,,,,,,,,,
1791473390.6847763,602712,tracking_feedback_accumulate,1722,,22374,,,194665472,281018368,252911104,285212672,,,,,,,,2.9662000015378,,
1791473390.689775,602712,frontend_frame,1722,0,22374,41,8,195956224,281018368,252911104,285212672,,,,,,,,,,
1791473391.1026347,602712,tracking_feedback_accumulate,1723,,22374,,,200034816,281018368,252911104,285212672,,,,,,,,2.9021999798715115,,
1791473391.1076357,602712,frontend_frame,1723,0,22374,41,8,201325568,281018368,252911104,285212672,,,,,,,,,,
1791473391.4294512,602712,tracking_feedback_accumulate,1724,,22374,,,205322240,281018368,252911104,285212672,,,,,,,,2.8055000584572554,,
1791473391.4344506,602712,frontend_frame,1724,0,22374,41,8,196040192,281018368,252911104,285212672,,,,,,,,,,
1791473391.8093803,602712,tracking_feedback_accumulate,1725,,22374,,,199954944,281018368,252911104,285212672,,,,,,,,3.192000091075897,,
1791473391.814382,602712,frontend_frame,1725,0,22374,41,8,201245696,281018368,252911104,285212672,,,,,,,,,,
1791473392.236223,602712,tracking_feedback_accumulate,1726,,22374,,,205324288,281018368,252911104,285212672,,,,,,,,2.7546000201255083,,
1791473392.285223,602712,frontend_frame,1726,0,22374,42,8,210610688,281018368,252911104,285212672,,,,,,,,,,
1791473403.1019554,602712,tracking_feedback_accumulate,1727,,22811,,,198697984,281018368,252911104,285212672,,,,,,,,2.94229993596673,,
1791473403.106955,602712,frontend_frame,1727,0,22811,42,8,200094208,281018368,252911104,285212672,,,,,,,,,,
1791473403.413125,602712,tracking_feedback_accumulate,1728,,22811,,,204172800,281018368,252911104,285212672,,,,,,,,2.761600073426962,,
1791473403.4171243,602712,frontend_frame,1728,0,22811,42,8,205565952,281018368,252911104,285212672,,,,,,,,,,
1791473403.8333313,602712,tracking_feedback_accumulate,1729,,22811,,,198703104,281018368,252911104,285212672,,,,,,,,2.851800061762333,,
1791473403.838478,602712,frontend_frame,1729,0,22811,42,8,200096256,281018368,252911104,285212672,,,,,,,,,,
1791473404.2844737,602712,tracking_feedback_accumulate,1730,,22811,,,204174848,281018368,252911104,285212672,,,,,,,,3.178499871864915,,
1791473404.290475,602712,frontend_frame,1730,0,22811,42,8,205568000,236978176,252911104,285212672,,,,,,,,,,
1791473404.58209,602712,tracking_feedback_accumulate,1731,,22811,,,209482752,281018368,252911104,285212672,,,,,,,,2.8982998337596655,,
1791473404.5870893,602712,frontend_frame,1731,0,22811,42,8,200098816,281018368,252911104,285212672,,,,,,,,,,
1791473404.9678085,602712,tracking_feedback_accumulate,1732,,22811,,,204177408,281018368,252911104,285212672,,,,,,,,2.903599990531802,,
1791473404.9758415,602712,frontend_frame,1732,0,22811,42,8,205570560,281018368,252911104,285212672,,,,,,,,,,
1791473405.354645,602712,tracking_feedback_accumulate,1733,,22811,,,209485312,281018368,252911104,285212672,,,,,,,,2.983200130984187,,
1791473405.3606443,602712,frontend_frame,1733,0,22811,42,8,210878464,283115520,252911104,285212672,,,,,,,,,,
1791473405.7730799,602712,tracking_feedback_accumulate,1734,,22811,,,198790656,283115520,252911104,285212672,,,,,,,,2.9079001396894455,,
1791473405.7780797,602712,frontend_frame,1734,0,22811,42,8,200183808,283115520,252911104,285212672,,,,,,,,,,
1791473406.1050718,602712,tracking_feedback_accumulate,1735,,22811,,,204098560,283115520,252911104,285212672,,,,,,,,2.8378998395055532,,
1791473406.1090727,602712,frontend_frame,1735,0,22811,42,8,205491712,283115520,252911104,285212672,,,,,,,,,,
1791473406.3952951,602712,tracking_feedback_accumulate,1736,,22811,,,209570304,283115520,252911104,285212672,,,,,,,,3.252399852499366,,
1791473406.4012961,602712,frontend_frame,1736,0,22811,42,8,200185856,283115520,252911104,285212672,,,,,,,,,,
1791473406.7209437,602712,tracking_feedback_accumulate,1737,,22811,,,204182528,283115520,252911104,285212672,,,,,,,,2.967699896544218,,
1791473406.725946,602712,frontend_frame,1737,0,22811,42,8,205575680,283115520,252911104,285212672,,,,,,,,,,
1791473407.1162374,602712,tracking_feedback_accumulate,1738,,22811,,,209572352,283115520,252911104,285212672,,,,,,,,2.9158000834286213,,
1791473407.121238,602712,frontend_frame,1738,0,22811,42,8,210965504,283115520,252911104,285212672,,,,,,,,,,
1791473407.5326285,602712,tracking_feedback_accumulate,1739,,22811,,,198713856,283115520,252911104,285212672,,,,,,,,2.859399886801839,,
1791473407.5376282,602712,frontend_frame,1739,0,22811,42,8,200107008,283115520,252911104,285212672,,,,,,,,,,
1791473407.9228802,602712,tracking_feedback_accumulate,1740,,22811,,,204185600,283115520,252911104,285212672,,,,,,,,2.9597999528050423,,
1791473407.9278817,602712,frontend_frame,1740,0,22811,42,8,205578752,257949696,252911104,285212672,,,,,,,,,,
1791473408.3366256,602712,tracking_feedback_accumulate,1741,,22811,,,209575424,281018368,252911104,285212672,,,,,,,,2.9027999844402075,,
1791473408.3416255,602712,frontend_frame,1741,0,22811,42,8,200190976,281018368,252911104,285212672,,,,,,,,,,
1791473408.752796,602712,tracking_feedback_accumulate,1742,,22811,,,204105728,281018368,252911104,285212672,,,,,,,,2.8653000481426716,,
1791473408.757796,602712,frontend_frame,1742,0,22811,42,8,205498880,281018368,252911104,285212672,,,,,,,,,,
1791473409.1771567,602712,tracking_feedback_accumulate,1743,,22811,,,209577472,281018368,252911104,285212672,,,,,,,,2.8748000040650368,,
1791473409.1821566,602712,frontend_frame,1743,0,22811,42,8,210970624,283115520,252911104,285212672,,,,,,,,,,
1791473409.5415719,602712,tracking_feedback_accumulate,1744,,22811,,,198800896,283115520,252911104,285212672,,,,,,,,2.992599969729781,,
1791473409.545616,602712,frontend_frame,1744,0,22811,42,8,200194048,283115520,252911104,285212672,,,,,,,,,,
1791473409.9643884,602712,tracking_feedback_accumulate,1745,,22811,,,204190720,283115520,252911104,285212672,,,,,,,,2.9760999605059624,,
1791473409.9688926,602712,frontend_frame,1745,0,22811,42,8,205583872,283115520,252911104,285212672,,,,,,,,,,
1791473410.4172425,602712,tracking_feedback_accumulate,1746,,22811,,,198721024,283115520,252911104,285212672,,,,,,,,2.9437001794576645,,
1791473410.421244,602712,frontend_frame,1746,0,22811,42,8,200114176,283115520,252911104,285212672,,,,,,,,,,
1791473410.8027086,602712,tracking_feedback_accumulate,1747,,22811,,,204192768,283115520,252911104,285212672,,,,,,,,2.980499994009733,,
1791473410.8067079,602712,frontend_frame,1747,0,22811,42,8,205585920,283115520,252911104,285212672,,,,,,,,,,
1791473411.1900358,602712,tracking_feedback_accumulate,1748,,22811,,,209500672,283115520,252911104,285212672,,,,,,,,2.9543000273406506,,
1791473411.1950347,602712,frontend_frame,1748,0,22811,42,8,200116224,283115520,252911104,285212672,,,,,,,,,,
1791473411.546246,602712,tracking_feedback_accumulate,1749,,22811,,,204194816,283115520,252911104,285212672,,,,,,,,2.7968999929726124,,
1791473411.5512462,602712,frontend_frame,1749,0,22811,42,8,205587968,283115520,252911104,285212672,,,,,,,,,,
1791473411.8707652,602712,tracking_feedback_accumulate,1750,,22811,,,209584640,283115520,252911104,285212672,,,,,,,,2.9135001823306084,,
1791473411.875766,602712,frontend_frame,1750,0,22811,42,8,210977792,260046848,252911104,285212672,,,,,,,,,,
1791473412.2789304,602712,tracking_feedback_accumulate,1751,,22811,,,198808064,281018368,252911104,285212672,,,,,,,,2.9996999073773623,,
1791473412.2839305,602712,frontend_frame,1751,0,22811,42,8,200201216,281018368,252911104,285212672,,,,,,,,,,
1791473412.6212938,602712,tracking_feedback_accumulate,1752,,22811,,,204115968,281018368,252911104,285212672,,,,,,,,2.9700000304728746,,
1791473412.6252952,602712,frontend_frame,1752,0,22811,42,8,205509120,281018368,252911104,285212672,,,,,,,,,,
1791473413.0360284,602712,tracking_feedback_accumulate,1753,,22811,,,209587712,281018368,252911104,285212672,,,,,,,,3.002299927175045,,
1791473413.0410275,602712,frontend_frame,1753,0,22811,42,8,200203264,281018368,252911104,285212672,,,,,,,,,,
1791473413.4832506,602712,tracking_feedback_accumulate,1754,,22811,,,204199936,281018368,252911104,285212672,,,,,,,,2.8780000284314156,,
1791473413.4872513,602712,frontend_frame,1754,0,22811,42,8,205593088,281018368,252911104,285212672,,,,,,,,,,
1791473413.8186293,602712,tracking_feedback_accumulate,1755,,22811,,,209589760,281018368,252911104,285212672,,,,,,,,2.8813001699745655,,
1791473413.8236306,602712,frontend_frame,1755,0,22811,42,8,210982912,283115520,252911104,285212672,,,,,,,,,,
1791473414.2256339,602712,tracking_feedback_accumulate,1756,,22811,,,198813184,283115520,252911104,285212672,,,,,,,,3.0600999016314745,,
1791473414.2306333,602712,frontend_frame,1756,0,22811,42,8,200206336,283115520,252911104,285212672,,,,,,,,,,
1791473414.688907,602712,tracking_feedback_accumulate,1757,,22811,,,204203008,283115520,252911104,285212672,,,,,,,,2.9253000393509865,,
1791473414.6929061,602712,frontend_frame,1757,0,22811,42,8,205596160,283115520,252911104,285212672,,,,,,,,,,
1791473415.0484273,602712,tracking_feedback_accumulate,1758,,22811,,,209510912,283115520,252911104,285212672,,,,,,,,2.915299963206053,,
1791473415.0534272,602712,frontend_frame,1758,0,22811,42,8,200126464,283115520,252911104,285212672,,,,,,,,,,
1791473415.4709654,602712,tracking_feedback_accumulate,1759,,22811,,,204205056,283115520,252911104,285212672,,,,,,,,2.9759001918137074,,
1791473415.4749656,602712,frontend_frame,1759,0,22811,42,8,205598208,283115520,252911104,285212672,,,,,,,,,,
1791473415.8878834,602712,tracking_feedback_accumulate,1760,,22811,,,209512960,283115520,252911104,285212672,,,,,,,,2.911399817094207,,
1791473415.892882,602712,frontend_frame,1760,0,22811,42,8,210906112,260046848,252911104,285212672,,,,,,,,,,
1791473416.2763517,602712,tracking_feedback_accumulate,1761,,22811,,,198818304,281018368,252911104,285212672,,,,,,,,2.978699980303645,,
1791473416.281351,602712,frontend_frame,1761,0,22811,42,8,200211456,281018368,252911104,285212672,,,,,,,,,,
1791473416.6277995,602712,tracking_feedback_accumulate,1762,,22811,,,204208128,281018368,252911104,285212672,,,,,,,,3.178900107741356,,
1791473416.6327996,602712,frontend_frame,1762,0,22811,42,8,205601280,281018368,252911104,285212672,,,,,,,,,,
1791473417.0430028,602712,tracking_feedback_accumulate,1763,,22811,,,198738432,281018368,252911104,285212672,,,,,,,,2.908299909904599,,
1791473417.0470026,602712,frontend_frame,1763,0,22811,42,8,200131584,281018368,252911104,285212672,,,,,,,,,,
1791473417.384193,602712,tracking_feedback_accumulate,1764,,22811,,,204210176,281018368,252911104,285212672,,,,,,,,2.9642002191394567,,
1791473417.3891923,602712,frontend_frame,1764,0,22811,42,8,205603328,281018368,252911104,285212672,,,,,,,,,,
1791473417.7162368,602712,tracking_feedback_accumulate,1765,,22811,,,209600000,281018368,252911104,285212672,,,,,,,,2.8792000375688076,,
1791473417.722237,602712,frontend_frame,1765,0,22811,42,8,200215552,281018368,252911104,285212672,,,,,,,,,,
1791473418.0521765,602712,tracking_feedback_accumulate,1766,,22811,,,204130304,281018368,252911104,285212672,,,,,,,,3.02509986795485,,
1791473418.0571764,602712,frontend_frame,1766,0,22811,42,8,205523456,281018368,252911104,285212672,,,,,,,,,,
1791473418.4947712,602712,tracking_feedback_accumulate,1767,,22811,,,209602048,281018368,252911104,285212672,,,,,,,,2.944400068372488,,
1791473418.4998295,602712,frontend_frame,1767,0,22811,42,8,210995200,281018368,252911104,285212672,,,,,,,,,,
1791473418.9132555,602712,tracking_feedback_accumulate,1768,,22811,,,198743552,281018368,252911104,285212672,,,,,,,,2.9553999193012714,,
1791473418.9182553,602712,frontend_frame,1768,0,22811,42,8,200136704,281018368,252911104,285212672,,,,,,,,,,
1791473419.3249874,602712,tracking_feedback_accumulate,1769,,22811,,,204215296,281018368,252911104,285212672,,,,,,,,2.916299970820546,,
1791473419.3299878,602712,frontend_frame,1769,0,22811,42,8,205608448,281018368,252911104,285212672,,,,,,,,,,
1791473419.72863,602712,tracking_feedback_accumulate,1770,,22811,,,209605120,281018368,252911104,285212672,,,,,,,,3.035200061276555,,
1791473419.733629,602712,frontend_frame,1770,0,22811,42,8,200220672,257949696,252911104,285212672,,,,,,,,,,
1791473420.1389623,602712,tracking_feedback_accumulate,1771,,22811,,,204135424,278921216,252911104,285212672,,,,,,,,2.8261998668313026,,
1791473420.1429644,602712,frontend_frame,1771,0,22811,42,8,205528576,278921216,252911104,285212672,,,,,,,,,,
1791473420.486984,602712,tracking_feedback_accumulate,1772,,22811,,,209607168,281018368,252911104,285212672,,,,,,,,2.9994999058544636,,
1791473420.492985,602712,frontend_frame,1772,0,22811,42,8,211000320,283115520,252911104,285212672,,,,,,,,,,
1791473420.8344293,602712,tracking_feedback_accumulate,1773,,22811,,,198748672,283115520,252911104,285212672,,,,,,,,3.0288000125437975,,
1791473420.8394322,602712,frontend_frame,1773,0,22811,42,8,200141824,283115520,252911104,285212672,,,,,,,,,,
1791473421.263724,602712,tracking_feedback_accumulate,1774,,22811,,,204220416,283115520,252911104,285212672,,,,,,,,2.9476999770849943,,
1791473421.2677233,602712,frontend_frame,1774,0,22811,42,8,205613568,283115520,252911104,285212672,,,,,,,,,,
1791473421.68409,602712,tracking_feedback_accumulate,1775,,22811,,,209610240,283115520,252911104,285212672,,,,,,,,2.9094000346958637,,
1791473421.6890934,602712,frontend_frame,1775,0,22811,42,8,200225792,283115520,252911104,285212672,,,,,,,,,,
1791473422.0946252,602712,tracking_feedback_accumulate,1776,,22811,,,204140544,283115520,252911104,285212672,,,,,,,,3.0074999667704105,,
1791473422.0996256,602712,frontend_frame,1776,0,22811,42,8,205533696,283115520,252911104,285212672,,,,,,,,,,
1791473422.4397585,602712,tracking_feedback_accumulate,1777,,22811,,,209612288,283115520,252911104,285212672,,,,,,,,3.049100050702691,,
1791473422.4447606,602712,frontend_frame,1777,0,22811,42,8,211005440,283115520,252911104,285212672,,,,,,,,,,
1791473422.8332033,602712,tracking_feedback_accumulate,1778,,22811,,,198753792,283115520,252911104,285212672,,,,,,,,2.924099797382951,,
1791473422.8372035,602712,frontend_frame,1778,0,22811,42,8,200146944,283115520,252911104,285212672,,,,,,,,,,
1791473423.2165985,602712,tracking_feedback_accumulate,1779,,22811,,,204225536,283115520,252911104,285212672,,,,,,,,2.998099895194173,,
1791473423.2215986,602712,frontend_frame,1779,0,22811,42,8,205618688,283115520,252911104,285212672,,,,,,,,,,
1791473423.6404028,602712,tracking_feedback_accumulate,1780,,22811,,,198837760,283115520,252911104,285212672,,,,,,,,3.015900030732155,,
1791473423.645404,602712,frontend_frame,1780,0,22811,42,8,200230912,257949696,252911104,285212672,,,,,,,,,,
1791473424.048895,602712,tracking_feedback_accumulate,1781,,22811,,,204227584,278921216,252911104,285212672,,,,,,,,2.834900049492717,,
1791473424.0538955,602712,frontend_frame,1781,0,22811,42,8,205620736,278921216,252911104,285212672,,,,,,,,,,
1791473424.4040701,602712,tracking_feedback_accumulate,1782,,22811,,,209617408,281018368,252911104,285212672,,,,,,,,2.9637000989168882,,
1791473424.4090714,602712,frontend_frame,1782,0,22811,42,8,200232960,281018368,252911104,285212672,,,,,,,,,,
1791473424.8384993,602712,tracking_feedback_accumulate,1783,,22811,,,204229632,281018368,252911104,285212672,,,,,,,,2.981900004670024,,
1791473424.843502,602712,frontend_frame,1783,0,22811,42,8,205622784,281018368,252911104,285212672,,,,,,,,,,
1791473425.2808785,602712,tracking_feedback_accumulate,1784,,22811,,,209537536,281018368,252911104,285212672,,,,,,,,2.8672998305410147,,
1791473425.2868776,602712,frontend_frame,1784,0,22811,42,8,210930688,283115520,252911104,285212672,,,,,,,,,,
1791473425.6179245,602712,tracking_feedback_accumulate,1785,,22811,,,198842880,283115520,252911104,285212672,,,,,,,,2.8281998820602894,,
1791473425.6219242,602712,frontend_frame,1785,0,22811,42,8,200236032,283115520,252911104,285212672,,,,,,,,,,
1791473426.0601757,602712,tracking_feedback_accumulate,1786,,22811,,,204150784,283115520,252911104,285212672,,,,,,,,2.9927000869065523,,
1791473426.0651746,602712,frontend_frame,1786,0,22811,42,8,205543936,283115520,252911104,285212672,,,,,,,,,,
1791473426.5204742,602712,tracking_feedback_accumulate,1787,,22811,,,209622528,283115520,252911104,285212672,,,,,,,,2.831100020557642,,
1791473426.5254755,602712,frontend_frame,1787,0,22811,42,8,200238080,283115520,252911104,285212672,,,,,,,,,,
1791473426.7736862,602712,tracking_feedback_accumulate,1788,,22811,,,204152832,283115520,252911104,285212672,,,,,,,,2.998200012370944,,
1791473426.7786853,602712,frontend_frame,1788,0,22811,42,8,205545984,283115520,252911104,285212672,,,,,,,,,,
1791473427.133175,602712,tracking_feedback_accumulate,1789,,22811,,,209624576,283115520,252911104,285212672,,,,,,,,2.754500135779381,,
1791473427.1381762,602712,frontend_frame,1789,0,22811,42,8,211017728,283115520,252911104,285212672,,,,,,,,,,
1791473427.539836,602712,tracking_feedback_accumulate,1790,,22811,,,198848000,283115520,252911104,285212672,,,,,,,,3.078700043261051,,
1791473427.5448356,602712,frontend_frame,1790,0,22811,42,8,200241152,257949696,252911104,285212672,,,,,,,,,,
1791473427.884813,602712,tracking_feedback_accumulate,1791,,22811,,,204155904,278921216,252911104,285212672,,,,,,,,2.9424000531435013,,
1791473427.888815,602712,frontend_frame,1791,0,22811,42,8,205549056,278921216,252911104,285212672,,,,,,,,,,
1791473428.3007903,602712,tracking_feedback_accumulate,1792,,22811,,,209627648,281018368,252911104,285212672,,,,,,,,2.980499994009733,,
1791473428.306791,602712,frontend_frame,1792,0,22811,42,8,200243200,281018368,252911104,285212672,,,,,,,,,,
1791473428.709803,602712,tracking_feedback_accumulate,1793,,22811,,,204157952,281018368,252911104,285212672,,,,,,,,2.8500999324023724,,
1791473428.713804,602712,frontend_frame,1793,0,22811,42,8,205551104,281018368,252911104,285212672,,,,,,,,,,
1791473429.1076138,602712,tracking_feedback_accumulate,1794,,22811,,,209629696,281018368,252911104,285212672,,,,,,,,2.997799776494503,,
1791473429.1136134,602712,frontend_frame,1794,0,22811,42,8,211022848,283115520,252911104,285212672,,,,,,,,,,
1791473429.457258,602712,tracking_feedback_accumulate,1795,,22811,,,198853120,283115520,252911104,285212672,,,,,,,,3.014899790287018,,
1791473429.5068283,602712,frontend_frame,1795,0,22811,43,8,204241920,283115520,252911104,285212672,,,,,,,,,,
1791473440.4399328,602712,tracking_feedback_accumulate,1796,,23583,,,208209408,283115520,252911104,285212672,,,,,,,,2.9857000336050987,,
1791473440.4439328,602712,frontend_frame,1796,0,23583,43,8,209789440,283115520,252911104,285212672,,,,,,,,,,
1791473440.8596058,602712,tracking_feedback_accumulate,1797,,23583,,,202909184,283115520,252911104,285212672,,,,,,,,2.959099831059575,,
1791473440.8636055,602712,frontend_frame,1797,0,23583,43,8,204483584,283115520,252911104,285212672,,,,,,,,,,
1791473441.2757416,602712,tracking_feedback_accumulate,1798,,23583,,,208398336,283115520,252911104,285212672,,,,,,,,2.9109001625329256,,
1791473441.2817426,602712,frontend_frame,1798,0,23583,43,8,209972736,283115520,252911104,285212672,,,,,,,,,,
1791473441.6709795,602712,tracking_feedback_accumulate,1799,,23583,,,214051328,283115520,257044480,285212672,,,,,,,,3.3226001542061567,,
1791473441.676217,602712,frontend_frame,1799,0,23583,43,8,204485632,283115520,257044480,285212672,,,,,,,,,,
1791473442.0999103,602712,tracking_feedback_accumulate,1800,,23583,,,208400384,304087040,257044480,304087040,,,,,,,,3.097300184890628,,
1791473442.10491,602712,frontend_frame,1800,0,23583,43,8,209975296,257949696,257044480,304087040,,,,,,,,,,
1791473442.521715,602712,tracking_feedback_accumulate,1801,,23583,,,214053888,281018368,257394688,304087040,,,,,,,,2.9770999681204557,,
1791473442.5277157,602712,frontend_frame,1801,0,23583,43,8,215628288,283115520,257394688,304087040,,,,,,,,,,
1791473442.984723,602712,tracking_feedback_accumulate,1802,,23583,,,202914816,283115520,257394688,304087040,,,,,,,,2.948999870568514,,
1791473442.9897234,602712,frontend_frame,1802,0,23583,43,8,204489216,283115520,257394688,304087040,,,,,,,,,,
1791473443.386241,602712,tracking_feedback_accumulate,1803,,23583,,,208403968,304087040,257394688,304087040,,,,,,,,2.903900109231472,,
1791473443.391241,602712,frontend_frame,1803,0,23583,43,8,209978368,304087040,257394688,304087040,,,,,,,,,,
1791473443.810245,602712,tracking_feedback_accumulate,1804,,23583,,,214056960,304087040,257397760,304087040,,,,,,,,2.9025000985711813,,
1791473443.8162441,602712,frontend_frame,1804,0,23583,43,8,204491264,304087040,257397760,304087040,,,,,,,,,,
1791473444.2571082,602712,tracking_feedback_accumulate,1805,,23583,,,208406016,304087040,257397760,304087040,,,,,,,,2.915899967774749,,
1791473444.2611108,602712,frontend_frame,1805,0,23583,43,8,209980416,304087040,257397760,304087040,,,,,,,,,,
1791473444.6817863,602712,tracking_feedback_accumulate,1806,,23583,,,214059008,304087040,257399808,304087040,,,,,,,,2.901699859648943,,
1791473444.6867857,602712,frontend_frame,1806,0,23583,43,8,204493312,304087040,257399808,304087040,,,,,,,,,,
1791473445.1012928,602712,tracking_feedback_accumulate,1807,,23583,,,208408064,304087040,257399808,304087040,,,,,,,,3.3446999732404947,,
1791473445.105292,602712,frontend_frame,1807,0,23583,43,8,209982464,304087040,257399808,304087040,,,,,,,,,,
1791473445.5256763,602712,tracking_feedback_accumulate,1808,,23583,,,214061056,304087040,257401856,304087040,,,,,,,,3.2457001507282257,,
1791473445.5306764,602712,frontend_frame,1808,0,23583,43,8,215635456,304087040,257401856,304087040,,,,,,,,,,
1791473445.89397,602712,tracking_feedback_accumulate,1809,,23583,,,208492032,304087040,257401856,304087040,,,,,,,,2.965399995446205,,
1791473445.8979695,602712,frontend_frame,1809,0,23583,43,8,210066432,304087040,257401856,304087040,,,,,,,,,,
1791473446.2524993,602712,tracking_feedback_accumulate,1810,,23583,,,213981184,304087040,257401856,304087040,,,,,,,,2.9910998418927193,,
1791473446.2574987,602712,frontend_frame,1810,0,23583,43,8,215555584,260046848,257401856,304087040,,,,,,,,,,
1791473446.5801518,602712,tracking_feedback_accumulate,1811,,23583,,,219634176,285212672,262974976,304087040,,,,,,,,2.8744000010192394,,
1791473446.585152,602712,frontend_frame,1811,0,23583,43,8,210068480,285212672,262974976,304087040,,,,,,,,,,
1791473446.9311502,602712,tracking_feedback_accumulate,1812,,23583,,,214065152,285212672,262974976,304087040,,,,,,,,2.820999827235937,,
1791473446.9361508,602712,frontend_frame,1812,0,23583,43,8,215639552,285212672,262974976,304087040,,,,,,,,,,
1791473447.2851083,602712,tracking_feedback_accumulate,1813,,23583,,,219554304,308281344,262974976,308281344,,,,,,,,2.923100022599101,,
1791473447.2901077,602712,frontend_frame,1813,0,23583,43,8,221128704,310378496,262974976,310378496,,,,,,,,,,
1791473447.7599297,602712,tracking_feedback_accumulate,1814,,23583,,,208497152,310378496,262974976,310378496,,,,,,,,2.997600007802248,,
1791473447.7649314,602712,frontend_frame,1814,0,23583,43,8,210071552,310378496,262974976,310378496,,,,,,,,,,
1791473448.1540668,602712,tracking_feedback_accumulate,1815,,23583,,,214068224,310378496,262974976,310378496,,,,,,,,2.8891998808830976,,
1791473448.1580663,602712,frontend_frame,1815,0,23583,43,8,215642624,310378496,262974976,310378496,,,,,,,,,,
1791473448.5939915,602712,tracking_feedback_accumulate,1816,,23583,,,219557376,310378496,262974976,310378496,,,,,,,,3.015300026163459,,
1791473448.5989914,602712,frontend_frame,1816,0,23583,43,8,209991680,310378496,262974976,310378496,,,,,,,,,,
1791473449.0142508,602712,tracking_feedback_accumulate,1817,,23583,,,214070272,310378496,262974976,310378496,,,,,,,,3.1343000009655952,,
1791473449.019249,602712,frontend_frame,1817,0,23583,43,8,215644672,310378496,262974976,310378496,,,,,,,,,,
1791473449.4071326,602712,tracking_feedback_accumulate,1818,,23583,,,219559424,310378496,262974976,310378496,,,,,,,,3.019999945536256,,
1791473449.4111311,602712,frontend_frame,1818,0,23583,43,8,221133824,310378496,262974976,310378496,,,,,,,,,,
1791473449.8200538,602712,tracking_feedback_accumulate,1819,,23583,,,208502272,310378496,262974976,310378496,,,,,,,,3.100000089034438,,
1791473449.8250535,602712,frontend_frame,1819,0,23583,43,8,210076672,310378496,262974976,310378496,,,,,,,,,,
1791473450.2153652,602712,tracking_feedback_accumulate,1820,,23583,,,213991424,310378496,262974976,310378496,,,,,,,,2.9156000819057226,,
1791473450.2213643,602712,frontend_frame,1820,0,23583,43,8,215565824,260046848,262974976,310378496,,,,,,,,,,
1791473450.5658433,602712,tracking_feedback_accumulate,1821,,23583,,,219644416,285212672,262985216,310378496,,,,,,,,2.951999893411994,,
1791473450.570843,602712,frontend_frame,1821,0,23583,43,8,210078720,285212672,262985216,310378496,,,,,,,,,,
1791473450.9274707,602712,tracking_feedback_accumulate,1822,,23583,,,214075392,285212672,262985216,310378496,,,,,,,,3.2635999377816916,,
1791473450.9326305,602712,frontend_frame,1822,0,23583,43,8,215649792,285212672,262985216,310378496,,,,,,,,,,
1791473451.40359,602712,tracking_feedback_accumulate,1823,,23583,,,219564544,308281344,262985216,310378496,,,,,,,,3.2444000244140625,,
1791473451.4095895,602712,frontend_frame,1823,0,23583,43,8,204428800,308281344,262985216,310378496,,,,,,,,,,
1791473451.702194,602712,tracking_feedback_accumulate,1824,,23583,,,208507392,308281344,262985216,310378496,,,,,,,,2.9126000590622425,,
1791473451.7071946,602712,frontend_frame,1824,0,23583,43,8,210081792,308281344,262985216,310378496,,,,,,,,,,
1791473452.1020644,602712,tracking_feedback_accumulate,1825,,23583,,,214078464,308281344,262985216,310378496,,,,,,,,3.0815000645816326,,
1791473452.107064,602712,frontend_frame,1825,0,23583,43,8,215652864,308281344,262985216,310378496,,,,,,,,,,
1791473452.5088031,602712,tracking_feedback_accumulate,1826,,23583,,,208427520,308281344,262985216,310378496,,,,,,,,3.314599860459566,,
1791473452.513804,602712,frontend_frame,1826,0,23583,43,8,210001920,308281344,262985216,310378496,,,,,,,,,,
1791473452.8805542,602712,tracking_feedback_accumulate,1827,,23583,,,214080512,308281344,262985216,310378496,,,,,,,,3.2212999649345875,,
1791473452.8856375,602712,frontend_frame,1827,0,23583,43,8,215654912,308281344,262985216,310378496,,,,,,,,,,
1791473453.2226057,602712,tracking_feedback_accumulate,1828,,23583,,,219569664,308281344,262985216,310378496,,,,,,,,2.724299905821681,,
1791473453.227606,602712,frontend_frame,1828,0,23583,43,8,210003968,308281344,262985216,310378496,,,,,,,,,,
1791473453.5358567,602712,tracking_feedback_accumulate,1829,,23583,,,214082560,308281344,262985216,310378496,,,,,,,,2.91569996625185,,
1791473453.5408566,602712,frontend_frame,1829,0,23583,43,8,215656960,308281344,262985216,310378496,,,,,,,,,,
1791473453.9105518,602712,tracking_feedback_accumulate,1830,,23583,,,219653632,308281344,262985216,310378496,,,,,,,,2.9631999786943197,,
1791473453.9155514,602712,frontend_frame,1830,0,23583,43,8,221228032,266338304,262985216,310378496,,,,,,,,,,
1791473454.3315792,602712,tracking_feedback_accumulate,1831,,23583,,,208432640,287309824,262985216,310378496,,,,,,,,2.900300081819296,,
1791473454.3365803,602712,frontend_frame,1831,0,23583,43,8,210007040,287309824,262985216,310378496,,,,,,,,,,
1791473454.7421641,602712,tracking_feedback_accumulate,1832,,23583,,,214085632,287309824,262985216,310378496,,,,,,,,3.18529992364347,,
1791473454.7471628,602712,frontend_frame,1832,0,23583,43,8,215660032,287309824,262985216,310378496,,,,,,,,,,
1791473455.1544287,602712,tracking_feedback_accumulate,1833,,23583,,,219656704,308281344,262985216,310378496,,,,,,,,2.974800067022443,,
1791473455.1594276,602712,frontend_frame,1833,0,23583,43,8,210091008,308281344,262985216,310378496,,,,,,,,,,
1791473455.5426435,602712,tracking_feedback_accumulate,1834,,23583,,,214087680,308281344,262985216,310378496,,,,,,,,2.990799956023693,,
1791473455.5476434,602712,frontend_frame,1834,0,23583,43,8,215662080,308281344,262985216,310378496,,,,,,,,,,
1791473455.906873,602712,tracking_feedback_accumulate,1835,,23583,,,219576832,308281344,262985216,310378496,,,,,,,,2.978699980303645,,
1791473455.910874,602712,frontend_frame,1835,0,23583,43,8,221151232,308281344,262985216,310378496,,,,,,,,,,
1791473456.3276827,602712,tracking_feedback_accumulate,1836,,23583,,,208519680,308281344,262985216,310378496,,,,,,,,3.141900058835745,,
1791473456.3326838,602712,frontend_frame,1836,0,23583,43,8,210094080,308281344,262985216,310378496,,,,,,,,,,
1791473456.633299,602712,tracking_feedback_accumulate,1837,,23583,,,214090752,308281344,262985216,310378496,,,,,,,,4.079200094565749,,
1791473456.638299,602712,frontend_frame,1837,0,23583,43,8,215665152,308281344,262985216,310378496,,,,,,,,,,
1791473456.9229574,602712,tracking_feedback_accumulate,1838,,23583,,,219661824,308281344,262985216,310378496,,,,,,,,2.985200146213174,,
1791473456.9279587,602712,frontend_frame,1838,0,23583,43,8,210096128,308281344,262985216,310378496,,,,,,,,,,
1791473457.212464,602712,tracking_feedback_accumulate,1839,,23583,,,214092800,308281344,262985216,310378496,,,,,,,,3.0897001270204782,,
1791473457.2164643,602712,frontend_frame,1839,0,23583,43,8,215667200,308281344,262985216,310378496,,,,,,,,,,
1791473457.6145916,602712,tracking_feedback_accumulate,1840,,23583,,,219663872,308281344,262985216,310378496,,,,,,,,3.0050999484956264,,
1791473457.6195912,602712,frontend_frame,1840,0,23583,43,8,221238272,266338304,262985216,310378496,,,,,,,,,,
1791473457.983019,602712,tracking_feedback_accumulate,1841,,23583,,,208442880,287309824,262985216,310378496,,,,,,,,2.9931000899523497,,
1791473457.9880192,602712,frontend_frame,1841,0,23583,43,8,210017280,287309824,262985216,310378496,,,,,,,,,,
1791473458.2996242,602712,tracking_feedback_accumulate,1842,,23583,,,214095872,287309824,262985216,310378496,,,,,,,,3.1365000177174807,,
1791473458.3046231,602712,frontend_frame,1842,0,23583,43,8,215670272,287309824,262985216,310378496,,,,,,,,,,
1791473458.7142987,602712,tracking_feedback_accumulate,1843,,23583,,,208526848,308281344,262985216,310378496,,,,,,,,2.863599918782711,,
1791473458.7192981,602712,frontend_frame,1843,0,23583,43,8,210101248,308281344,262985216,310378496,,,,,,,,,,
1791473459.0815752,602712,tracking_feedback_accumulate,1844,,23583,,,214016000,308281344,262985216,310378496,,,,,,,,2.9674998950213194,,
1791473459.0855744,602712,frontend_frame,1844,0,23583,43,8,215590400,308281344,262985216,310378496,,,,,,,,,,
1791473459.4576654,602712,tracking_feedback_accumulate,1845,,23583,,,219668992,308281344,263009792,310378496,,,,,,,,3.311400068923831,,
1791473459.4626656,602712,frontend_frame,1845,0,23583,43,8,210103296,308281344,263009792,310378496,,,,,,,,,,
1791473459.864366,602712,tracking_feedback_accumulate,1846,,23583,,,214018048,308281344,263009792,310378496,,,,,,,,2.985399914905429,,
1791473459.8683653,602712,frontend_frame,1846,0,23583,43,8,215592448,308281344,263009792,310378496,,,,,,,,,,
1791473460.2268631,602712,tracking_feedback_accumulate,1847,,23583,,,219671040,308281344,263011840,310378496,,,,,,,,2.940600039437413,,
1791473460.2318633,602712,frontend_frame,1847,0,23583,43,8,221245440,308281344,263011840,310378496,,,,,,,,,,
1791473460.6102686,602712,tracking_feedback_accumulate,1848,,23583,,,208531968,308281344,263011840,310378496,,,,,,,,3.006699960678816,,
1791473460.6152675,602712,frontend_frame,1848,0,23583,43,8,210106368,308281344,263011840,310378496,,,,,,,,,,
1791473461.0365558,602712,tracking_feedback_accumulate,1849,,23583,,,214103040,308281344,263011840,310378496,,,,,,,,2.913600066676736,,
1791473461.0415566,602712,frontend_frame,1849,0,23583,43,8,215677440,308281344,263011840,310378496,,,,,,,,,,
1791473461.4042726,602712,tracking_feedback_accumulate,1850,,23583,,,219592192,308281344,263011840,310378496,,,,,,,,2.9003999661654234,,
1791473461.4092727,602712,frontend_frame,1850,0,23583,43,8,210026496,264241152,263011840,310378496,,,,,,,,,,
1791473461.7605608,602712,tracking_feedback_accumulate,1851,,23583,,,214105088,285212672,263011840,310378496,,,,,,,,2.9269999358803034,,
1791473461.7655609,602712,frontend_frame,1851,0,23583,43,8,215679488,285212672,263011840,310378496,,,,,,,,,,
1791473462.190576,602712,tracking_feedback_accumulate,1852,,23583,,,219676160,308281344,263011840,310378496,,,,,,,,2.970899920910597,,
1791473462.1945786,602712,frontend_frame,1852,0,23583,43,8,221250560,308281344,263011840,310378496,,,,,,,,,,
1791473462.5908773,602712,tracking_feedback_accumulate,1853,,23583,,,208537088,308281344,263011840,310378496,,,,,,,,2.9400999192148447,,
1791473462.5959156,602712,frontend_frame,1853,0,23583,43,8,210111488,308281344,263011840,310378496,,,,,,,,,,
1791473463.0375369,602712,tracking_feedback_accumulate,1854,,23583,,,214108160,308281344,263011840,310378496,,,,,,,,2.841799985617399,,
1791473463.0420392,602712,frontend_frame,1854,0,23583,43,8,215682560,308281344,263011840,310378496,,,,,,,,,,
1791473463.404544,602712,tracking_feedback_accumulate,1855,,23583,,,219597312,308281344,263011840,310378496,,,,,,,,3.0851000919938087,,
1791473463.4105449,602712,frontend_frame,1855,0,23583,43,8,210031616,308281344,263011840,310378496,,,,,,,,,,
1791473463.7861412,602712,tracking_feedback_accumulate,1856,,23583,,,214110208,308281344,263011840,310378496,,,,,,,,3.0090999789536,,
1791473463.7911408,602712,frontend_frame,1856,0,23583,43,8,215684608,308281344,263011840,310378496,,,,,,,,,,
1791473464.1344886,602712,tracking_feedback_accumulate,1857,,23583,,,219599360,308281344,263011840,310378496,,,,,,,,2.885499969124794,,
1791473464.139489,602712,frontend_frame,1857,0,23583,43,8,221173760,308281344,263011840,310378496,,,,,,,,,,
1791473464.5493822,602712,tracking_feedback_accumulate,1858,,23583,,,208542208,308281344,263011840,310378496,,,,,,,,3.258999902755022,,
1791473464.554382,602712,frontend_frame,1858,0,23583,43,8,210116608,308281344,263011840,310378496,,,,,,,,,,
1791473464.9479568,602712,tracking_feedback_accumulate,1859,,23583,,,214113280,308281344,263011840,310378496,,,,,,,,2.9972000047564507,,
1791473464.952957,602712,frontend_frame,1859,0,23583,43,8,215687680,308281344,263011840,310378496,,,,,,,,,,
1791473465.3054214,602712,tracking_feedback_accumulate,1860,,23583,,,208544256,308281344,263011840,310378496,,,,,,,,2.998900134116411,,
1791473465.3104217,602712,frontend_frame,1860,0,23583,43,8,210118656,264241152,263011840,310378496,,,,,,,,,,
1791473465.6237812,602712,tracking_feedback_accumulate,1861,,23583,,,214033408,306184192,263011840,310378496,,,,,,,,2.937499899417162,,
1791473465.628781,602712,frontend_frame,1861,0,23583,43,8,215607808,306184192,263011840,310378496,,,,,,,,,,
1791473465.971329,602712,tracking_feedback_accumulate,1862,,23583,,,219686400,306184192,263027200,310378496,,,,,,,,2.8973000589758158,,
1791473465.9763298,602712,frontend_frame,1862,0,23583,43,8,210120704,306184192,263027200,310378496,,,,,,,,,,
1791473466.3964324,602712,tracking_feedback_accumulate,1863,,23583,,,214117376,306184192,263027200,310378496,,,,,,,,2.9639999847859144,,
1791473466.4014328,602712,frontend_frame,1863,0,23583,43,8,215691776,306184192,263027200,310378496,,,,,,,,,,
1791473466.7588222,602712,tracking_feedback_accumulate,1864,,23583,,,219688448,308281344,263027200,310378496,,,,,,,,3.181600011885166,,
1791473466.7638214,602712,frontend_frame,1864,0,23583,43,8,221262848,310378496,263027200,310378496,,,,,,,,,,
1791473467.1762478,602712,tracking_feedback_accumulate,1865,,23583,,,208467456,310378496,263027200,310378496,,,,,,,,2.8868999797850847,,
1791473467.1812484,602712,frontend_frame,1865,0,23583,43,8,210041856,310378496,263027200,310378496,,,,,,,,,,
1791473467.5646765,602712,tracking_feedback_accumulate,1866,,23583,,,214120448,310378496,263027200,310378496,,,,,,,,2.921000123023987,,
1791473467.5686758,602712,frontend_frame,1866,0,23583,43,8,215694848,310378496,263027200,310378496,,,,,,,,,,
1791473467.9712687,602712,tracking_feedback_accumulate,1867,,23583,,,219609600,310378496,263027200,310378496,,,,,,,,3.388799959793687,,
1791473467.9762678,602712,frontend_frame,1867,0,23583,43,8,210043904,310378496,263027200,310378496,,,,,,,,,,
1791473468.3783975,602712,tracking_feedback_accumulate,1868,,23583,,,214122496,310378496,263027200,310378496,,,,,,,,2.930199960246682,,
1791473468.3833995,602712,frontend_frame,1868,0,23583,43,8,215696896,310378496,263027200,310378496,,,,,,,,,,
1791473468.8107903,602712,tracking_feedback_accumulate,1869,,23583,,,219611648,310378496,263027200,310378496,,,,,,,,2.895799931138754,,
1791473468.8147893,602712,frontend_frame,1869,0,23583,43,8,221186048,310378496,263027200,310378496,,,,,,,,,,
1791473469.0863173,602712,tracking_feedback_accumulate,1870,,23583,,,208554496,310378496,263027200,310378496,,,,,,,,3.2244999893009663,,
1791473469.1417994,602712,frontend_frame,1870,0,23583,44,8,214124544,310378496,263027200,310378496,,,,,,,,,,
1791473480.0840042,602712,tracking_feedback_accumulate,1871,,24417,,,212525568,310378496,263027200,310378496,,,,,,,,2.9607999604195356,,
1791473480.0890033,602712,frontend_frame,1871,0,24417,44,8,214305792,310378496,263027200,310378496,,,,,,,,,,
1791473480.3933542,602712,tracking_feedback_accumulate,1872,,24417,,,218384384,310378496,263027200,310378496,,,,,,,,2.9685001354664564,,
1791473480.3993547,602712,frontend_frame,1872,0,24417,44,8,220158464,310378496,263027200,310378496,,,,,,,,,,
1791473480.7461867,602712,tracking_feedback_accumulate,1873,,24417,,,224073216,310378496,267100672,310378496,,,,,,,,2.8325000312179327,,
1791473480.7511866,602712,frontend_frame,1873,0,24417,44,8,214307840,310378496,267100672,310378496,,,,,,,,,,
1791473481.1686351,602712,tracking_feedback_accumulate,1874,,24417,,,218386432,310378496,267100672,310378496,,,,,,,,2.8833001852035522,,
1791473481.1736348,602712,frontend_frame,1874,0,24417,44,8,220160512,310378496,267100672,310378496,,,,,,,,,,
1791473481.4976747,602712,tracking_feedback_accumulate,1875,,24417,,,224157184,310378496,267108352,310378496,,,,,,,,2.9424000531435013,,
1791473481.5022182,602712,frontend_frame,1875,0,24417,44,8,225931776,310378496,267108352,310378496,,,,,,,,,,
1791473481.8259065,602712,tracking_feedback_accumulate,1876,,24417,,,212537344,310378496,267108352,310378496,,,,,,,,2.9217000119388103,,
1791473481.8309066,602712,frontend_frame,1876,0,24417,44,8,214311424,310378496,267108352,310378496,,,,,,,,,,
1791473482.2292438,602712,tracking_feedback_accumulate,1877,,24417,,,218390016,310378496,267108352,310378496,,,,,,,,2.9183998703956604,,
1791473482.2342465,602712,frontend_frame,1877,0,24417,44,8,220164096,310378496,267108352,310378496,,,,,,,,,,
1791473482.5532782,602712,tracking_feedback_accumulate,1878,,24417,,,224078848,310378496,267130368,310378496,,,,,,,,2.7950999792665243,,
1791473482.5582776,602712,frontend_frame,1878,0,24417,44,8,214313472,310378496,267130368,310378496,,,,,,,,,,
1791473482.9314387,602712,tracking_feedback_accumulate,1879,,24417,,,218392064,310378496,267130368,310378496,,,,,,,,3.3402000553905964,,
1791473482.9364376,602712,frontend_frame,1879,0,24417,44,8,220166144,310378496,267130368,310378496,,,,,,,,,,
1791473483.3792226,602712,tracking_feedback_accumulate,1880,,24417,,,224162816,310378496,267144704,310378496,,,,,,,,3.0037998221814632,,
1791473483.3842225,602712,frontend_frame,1880,0,24417,44,8,225936896,268435456,267144704,310378496,,,,,,,,,,
1791473483.6854458,602712,tracking_feedback_accumulate,1881,,24417,,,212624384,310378496,267144704,310378496,,,,,,,,3.052700078114867,,
1791473483.690445,602712,frontend_frame,1881,0,24417,44,8,214398464,310378496,267144704,310378496,,,,,,,,,,
1791473484.0321891,602712,tracking_feedback_accumulate,1882,,24417,,,218395136,310378496,267144704,310378496,,,,,,,,3.0183999333530664,,
1791473484.0361884,602712,frontend_frame,1882,0,24417,44,8,220169216,310378496,267144704,310378496,,,,,,,,,,
1791473484.3679533,602712,tracking_feedback_accumulate,1883,,24417,,,224083968,310378496,267156992,310378496,,,,,,,,2.8744000010192394,,
1791473484.3729525,602712,frontend_frame,1883,0,24417,44,8,214318592,310378496,267156992,310378496,,,,,,,,,,
1791473484.8241808,602712,tracking_feedback_accumulate,1884,,24417,,,218397184,310378496,267156992,310378496,,,,,,,,3.0614000279456377,,
1791473484.8291802,602712,frontend_frame,1884,0,24417,44,8,220171264,310378496,267156992,310378496,,,,,,,,,,
1791473485.2408395,602712,tracking_feedback_accumulate,1885,,24417,,,224167936,310378496,267156992,310378496,,,,,,,,3.0030999332666397,,
1791473485.2458403,602712,frontend_frame,1885,0,24417,44,8,214402560,310378496,267156992,310378496,,,,,,,,,,
1791473485.6469789,602712,tracking_feedback_accumulate,1886,,24417,,,218317312,310378496,267156992,310378496,,,,,,,,2.9753001872450113,,
1791473485.6519794,602712,frontend_frame,1886,0,24417,44,8,220091392,310378496,267156992,310378496,,,,,,,,,,
1791473485.9400566,602712,tracking_feedback_accumulate,1887,,24417,,,224169984,310378496,267224576,310378496,,,,,,,,3.004099940881133,,
1791473485.9450567,602712,frontend_frame,1887,0,24417,44,8,225944064,312475648,267224576,312475648,,,,,,,,,,
1791473486.30438,602712,tracking_feedback_accumulate,1888,,24417,,,218319360,312475648,267224576,312475648,,,,,,,,2.8097000904381275,,
1791473486.3093805,602712,frontend_frame,1888,0,24417,44,8,220093440,312475648,267224576,312475648,,,,,,,,,,
1791473486.5699642,602712,tracking_feedback_accumulate,1889,,24417,,,224172032,312475648,267226624,312475648,,,,,,,,2.9292001854628325,,
1791473486.5739644,602712,frontend_frame,1889,0,24417,44,8,225946112,312475648,267226624,312475648,,,,,,,,,,
1791473486.8748312,602712,tracking_feedback_accumulate,1890,,24417,,,229942784,314572800,272955904,314572800,,,,,,,,2.9190999921411276,,
1791473486.8808324,602712,frontend_frame,1890,0,24417,44,8,220177408,266338304,272955904,314572800,,,,,,,,,,
1791473487.2584598,602712,tracking_feedback_accumulate,1891,,24417,,,224092160,310378496,272955904,314572800,,,,,,,,2.8385999612510204,,
1791473487.2634587,602712,frontend_frame,1891,0,24417,44,8,225866240,312475648,272955904,314572800,,,,,,,,,,
1791473487.639838,602712,tracking_feedback_accumulate,1892,,24417,,,229944832,314572800,272999424,314572800,,,,,,,,3.1328999903053045,,
1791473487.6448376,602712,frontend_frame,1892,0,24417,44,8,231718912,316669952,272999424,316669952,,,,,,,,,,
1791473488.0630047,602712,tracking_feedback_accumulate,1893,,24417,,,218406400,316669952,272999424,316669952,,,,,,,,2.8367999475449324,,
1791473488.0680056,602712,frontend_frame,1893,0,24417,44,8,220180480,316669952,272999424,316669952,,,,,,,,,,
1791473488.451347,602712,tracking_feedback_accumulate,1894,,24417,,,224177152,316669952,272999424,316669952,,,,,,,,2.8775001410394907,,
1791473488.4563475,602712,frontend_frame,1894,0,24417,44,8,225951232,316669952,272999424,316669952,,,,,,,,,,
1791473488.841363,602712,tracking_feedback_accumulate,1895,,24417,,,229947904,316669952,272999424,316669952,,,,,,,,2.8571998700499535,,
1791473488.8463628,602712,frontend_frame,1895,0,24417,44,8,220182528,316669952,272999424,316669952,,,,,,,,,,
1791473489.2568555,602712,tracking_feedback_accumulate,1896,,24417,,,224179200,316669952,272999424,316669952,,,,,,,,2.8219001833349466,,
1791473489.261856,602712,frontend_frame,1896,0,24417,44,8,225953280,316669952,272999424,316669952,,,,,,,,,,
1791473489.6730418,602712,tracking_feedback_accumulate,1897,,24417,,,229949952,316669952,272999424,316669952,,,,,,,,2.930000191554427,,
1791473489.6780417,602712,frontend_frame,1897,0,24417,44,8,231724032,316669952,272999424,316669952,,,,,,,,,,
1791473489.9979308,602712,tracking_feedback_accumulate,1898,,24417,,,218411520,316669952,272999424,316669952,,,,,,,,3.0171999242156744,,
1791473490.0029325,602712,frontend_frame,1898,0,24417,44,8,220185600,316669952,272999424,316669952,,,,,,,,,,
1791473490.3277433,602712,tracking_feedback_accumulate,1899,,24417,,,224182272,316669952,272999424,316669952,,,,,,,,3.0830998439341784,,
1791473490.3327427,602712,frontend_frame,1899,0,24417,44,8,225956352,316669952,272999424,316669952,,,,,,,,,,
1791473490.62514,602712,tracking_feedback_accumulate,1900,,24417,,,229953024,316669952,272999424,316669952,,,,,,,,3.189199836924672,,
1791473490.674139,602712,frontend_frame,1900,0,24417,45,8,224183296,316669952,272999424,316669952,,,,,,,,,,
1791473501.7000325,602712,tracking_feedback_accumulate,1901,,24987,,,228219904,316669952,272999424,316669952,,,,,,,,3.1596000771969557,,
1791473501.7066185,602712,frontend_frame,1901,0,24987,45,8,230130688,316669952,272999424,316669952,,,,,,,,,,
1791473502.015594,602712,tracking_feedback_accumulate,1902,,24987,,,222373376,316669952,277059072,316669952,,,,,,,,2.850100165233016,,
1791473502.0201974,602712,frontend_frame,1902,0,24987,45,8,224280064,316669952,277059072,316669952,,,,,,,,,,
1791473502.3980386,602712,tracking_feedback_accumulate,1903,,24987,,,228358656,316669952,277059072,316669952,,,,,,,,2.959500066936016,,
1791473502.402037,602712,frontend_frame,1903,0,24987,45,8,230265344,316669952,277059072,316669952,,,,,,,,,,
1791473502.808841,602712,tracking_feedback_accumulate,1904,,24987,,,234180096,316669952,277338624,316669952,,,,,,,,2.8894999995827675,,
1791473502.8138418,602712,frontend_frame,1904,0,24987,45,8,224282112,316669952,277338624,316669952,,,,,,,,,,
1791473503.1794207,602712,tracking_feedback_accumulate,1905,,24987,,,228360704,316669952,277338624,316669952,,,,,,,,2.8941999189555645,,
1791473503.1844206,602712,frontend_frame,1905,0,24987,45,8,230267904,316669952,277338624,316669952,,,,,,,,,,
1791473503.5296373,602712,tracking_feedback_accumulate,1906,,24987,,,234182656,316669952,277369344,316669952,,,,,,,,2.8560999780893326,,
1791473503.5426369,602712,frontend_frame,1906,0,24987,45,8,236089344,318767104,277369344,318767104,,,,,,,,,,
1791473503.9288938,602712,tracking_feedback_accumulate,1907,,24987,,,222460928,318767104,277369344,318767104,,,,,,,,2.904699882492423,,
1791473503.9338949,602712,frontend_frame,1907,0,24987,45,8,224367616,318767104,277369344,318767104,,,,,,,,,,
1791473504.260695,602712,tracking_feedback_accumulate,1908,,24987,,,228364288,318767104,277369344,318767104,,,,,,,,3.1076001469045877,,
1791473504.265695,602712,frontend_frame,1908,0,24987,45,8,230270976,318767104,277369344,318767104,,,,,,,,,,
1791473504.6620553,602712,tracking_feedback_accumulate,1909,,24987,,,234185728,318767104,277402112,318767104,,,,,,,,2.961300080642104,,
1791473504.6670547,602712,frontend_frame,1909,0,24987,45,8,218518016,318767104,277402112,318767104,,,,,,,,,,
1791473505.0137498,602712,tracking_feedback_accumulate,1910,,24987,,,222596608,318767104,277402112,318767104,,,,,,,,3.016799921169877,,
1791473505.0187504,602712,frontend_frame,1910,0,24987,45,8,224503296,268435456,277402112,318767104,,,,,,,,,,
1791473505.4137301,602712,tracking_feedback_accumulate,1911,,24987,,,228499968,310378496,277402112,318767104,,,,,,,,2.9100999236106873,,
1791473505.4187317,602712,frontend_frame,1911,0,24987,45,8,230406656,312475648,277402112,318767104,,,,,,,,,,
1791473505.7124212,602712,tracking_feedback_accumulate,1912,,24987,,,216614400,312475648,277402112,318767104,,,,,,,,2.9739001765847206,,
1791473505.7174242,602712,frontend_frame,1912,0,24987,45,8,218521088,312475648,277402112,318767104,,,,,,,,,,
1791473506.0929837,602712,tracking_feedback_accumulate,1913,,24987,,,222599680,312475648,277402112,318767104,,,,,,,,2.859399886801839,,
1791473506.0979826,602712,frontend_frame,1913,0,24987,45,8,224506368,312475648,277402112,318767104,,,,,,,,,,
1791473506.4598873,602712,tracking_feedback_accumulate,1914,,24987,,,216698368,312475648,277402112,318767104,,,,,,,,2.863900037482381,,
1791473506.4648874,602712,frontend_frame,1914,0,24987,45,8,218605056,312475648,277402112,318767104,,,,,,,,,,
1791473506.814471,602712,tracking_feedback_accumulate,1915,,24987,,,222519808,312475648,277402112,318767104,,,,,,,,2.8562000952661037,,
1791473506.8194733,602712,frontend_frame,1915,0,24987,45,8,224426496,312475648,277402112,318767104,,,,,,,,,,
1791473507.1514435,602712,tracking_feedback_accumulate,1916,,24987,,,228505088,312475648,277402112,318767104,,,,,,,,3.0712001025676727,,
1791473507.1564426,602712,frontend_frame,1916,0,24987,45,8,218607104,312475648,277402112,318767104,,,,,,,,,,
1791473507.4066694,602712,tracking_feedback_accumulate,1917,,24987,,,222521856,312475648,277402112,318767104,,,,,,,,2.8529001865535975,,
1791473507.411669,602712,frontend_frame,1917,0,24987,45,8,224428544,312475648,277402112,318767104,,,,,,,,,,
1791473507.6595666,602712,tracking_feedback_accumulate,1918,,24987,,,228507136,312475648,277402112,318767104,,,,,,,,2.9233000241219997,,
1791473507.6645656,602712,frontend_frame,1918,0,24987,45,8,230413824,312475648,277402112,318767104,,,,,,,,,,
1791473508.0531821,602712,tracking_feedback_accumulate,1919,,24987,,,216621568,312475648,277402112,318767104,,,,,,,,2.9159002006053925,,
1791473508.1031826,602712,frontend_frame,1919,0,24987,46,8,222523904,312475648,277402112,318767104,,,,,,,,,,
1791473519.0837567,602712,tracking_feedback_accumulate,1920,,25815,,,226659328,312475648,277402112,318767104,,,,,,,,2.923700027167797,,
1791473519.0897572,602712,frontend_frame,1920,0,25815,46,8,228769792,287309824,277402112,318767104,,,,,,,,,,
1791473519.475473,602712,tracking_feedback_accumulate,1921,,25815,,,220682240,312475648,277402112,318767104,,,,,,,,2.9545000288635492,,
1791473519.4804735,602712,frontend_frame,1921,0,25815,46,8,222786560,312475648,277402112,318767104,,,,,,,,,,
1791473519.8620586,602712,tracking_feedback_accumulate,1922,,25815,,,226865152,312475648,277402112,318767104,,,,,,,,2.946200082078576,,
1791473519.866059,602712,frontend_frame,1922,0,25815,46,8,228969472,312475648,277402112,318767104,,,,,,,,,,
1791473520.205978,602712,tracking_feedback_accumulate,1923,,25815,,,232966144,312475648,277402112,318767104,,,,,,,,3.0394999776035547,,
1791473520.210978,602712,frontend_frame,1923,0,25815,46,8,222870528,312475648,277402112,318767104,,,,,,,,,,
1791473520.453554,602712,tracking_feedback_accumulate,1924,,25815,,,226867200,312475648,277402112,318767104,,,,,,,,2.9140999540686607,,
1791473520.458554,602712,frontend_frame,1924,0,25815,46,8,228972032,312475648,277402112,318767104,,,,,,,,,,
1791473520.871772,602712,tracking_feedback_accumulate,1925,,25815,,,232886784,312475648,277402112,318767104,,,,,,,,3.1763999722898006,,
1791473520.8767712,602712,frontend_frame,1925,0,25815,46,8,234991104,314572800,277402112,318767104,,,,,,,,,,
1791473521.2147791,602712,tracking_feedback_accumulate,1926,,25815,,,220769792,314572800,277402112,318767104,,,,,,,,2.8562000952661037,,
1791473521.2187798,602712,frontend_frame,1926,0,25815,46,8,222874112,314572800,277402112,318767104,,,,,,,,,,
1791473521.6115701,602712,tracking_feedback_accumulate,1927,,25815,,,226870784,314572800,277402112,318767104,,,,,,,,2.858799882233143,,
1791473521.61657,602712,frontend_frame,1927,0,25815,46,8,228975104,314572800,277402112,318767104,,,,,,,,,,
1791473521.9768975,602712,tracking_feedback_accumulate,1928,,25815,,,232889856,314572800,277402112,318767104,,,,,,,,2.987300045788288,,
1791473521.982468,602712,frontend_frame,1928,0,25815,46,8,222794240,314572800,277402112,318767104,,,,,,,,,,
1791473522.3234813,602712,tracking_feedback_accumulate,1929,,25815,,,226872832,314572800,277402112,318767104,,,,,,,,3.142799949273467,,
1791473522.3284822,602712,frontend_frame,1929,0,25815,46,8,228977152,314572800,277402112,318767104,,,,,,,,,,
1791473522.7208557,602712,tracking_feedback_accumulate,1930,,25815,,,232973824,314572800,277402112,318767104,,,,,,,,2.8789001516997814,,
1791473522.7258549,602712,frontend_frame,1930,0,25815,46,8,235078144,291504128,277402112,318767104,,,,,,,,,,
1791473523.0922394,602712,tracking_feedback_accumulate,1931,,25815,,,220692992,312475648,277402112,318767104,,,,,,,,2.9807998798787594,,
1791473523.09724,602712,frontend_frame,1931,0,25815,46,8,222797312,312475648,277402112,318767104,,,,,,,,,,
1791473523.4433432,602712,tracking_feedback_accumulate,1932,,25815,,,226875904,312475648,277402112,318767104,,,,,,,,3.0990000814199448,,
1791473523.4473827,602712,frontend_frame,1932,0,25815,46,8,228980224,312475648,277402112,318767104,,,,,,,,,,
1791473523.80775,602712,tracking_feedback_accumulate,1933,,25815,,,232894976,312475648,277402112,318767104,,,,,,,,2.8737999964505434,,
1791473523.8127499,602712,frontend_frame,1933,0,25815,46,8,222799360,312475648,277402112,318767104,,,,,,,,,,
1791473524.1686692,602712,tracking_feedback_accumulate,1934,,25815,,,226877952,312475648,277402112,318767104,,,,,,,,2.984600141644478,,
1791473524.1726687,602712,frontend_frame,1934,0,25815,46,8,228982272,312475648,277402112,318767104,,,,,,,,,,
1791473524.4738724,602712,tracking_feedback_accumulate,1935,,25815,,,232978944,312475648,277402112,318767104,,,,,,,,2.7062001172453165,,
1791473524.4788723,602712,frontend_frame,1935,0,25815,46,8,222883328,312475648,277402112,318767104,,,,,,,,,,
1791473524.8469021,602712,tracking_feedback_accumulate,1936,,25815,,,226798080,312475648,277402112,318767104,,,,,,,,3.1655000057071447,,
1791473524.8519025,602712,frontend_frame,1936,0,25815,46,8,228902400,312475648,277402112,318767104,,,,,,,,,,
1791473525.228979,602712,tracking_feedback_accumulate,1937,,25815,,,232980992,312475648,277402112,318767104,,,,,,,,3.096100175753236,,
1791473525.279043,602712,frontend_frame,1937,0,25815,47,8,239080960,314572800,277402112,318767104,,,,,,,,,,
1791473536.1761081,602712,tracking_feedback_accumulate,1938,,26628,,,224752640,314572800,277402112,318767104,,,,,,,,2.921900013461709,,
1791473536.1811085,602712,frontend_frame,1938,0,26628,47,8,227058176,314572800,277402112,318767104,,,,,,,,,,
1791473536.5350077,602712,tracking_feedback_accumulate,1939,,26628,,,231136768,314572800,277402112,318767104,,,,,,,,2.865100046619773,,
1791473536.5400076,602712,frontend_frame,1939,0,26628,47,8,233436160,314572800,277402112,318767104,,,,,,,,,,
1791473536.7706425,602712,tracking_feedback_accumulate,1940,,26628,,,237432832,314572800,280771072,318767104,,,,,,,,2.9334998689591885,,
1791473536.7756426,602712,frontend_frame,1940,0,26628,47,8,227142144,289406976,280771072,318767104,,,,,,,,,,
1791473537.1211638,602712,tracking_feedback_accumulate,1941,,26628,,,231056896,310378496,280771072,318767104,,,,,,,,2.965700114145875,,
1791473537.1261637,602712,frontend_frame,1941,0,26628,47,8,233356288,310378496,280771072,318767104,,,,,,,,,,
1791473537.4979355,602712,tracking_feedback_accumulate,1942,,26628,,,237434880,314572800,280775680,318767104,,,,,,,,2.868399955332279,,
1791473537.5029342,602712,frontend_frame,1942,0,26628,47,8,239734784,316669952,280775680,318767104,,,,,,,,,,
1791473537.7612753,602712,tracking_feedback_accumulate,1943,,26628,,,224846336,316669952,280775680,318767104,,,,,,,,2.8165001422166824,,
1791473537.765279,602712,frontend_frame,1943,0,26628,47,8,227145728,316669952,280775680,318767104,,,,,,,,,,
1791473538.1201506,602712,tracking_feedback_accumulate,1944,,26628,,,231142400,316669952,280775680,318767104,,,,,,,,2.8655000496655703,,
1791473538.1241496,602712,frontend_frame,1944,0,26628,47,8,233441792,316669952,280775680,318767104,,,,,,,,,,
1791473538.4276843,602712,tracking_feedback_accumulate,1945,,26628,,,224766464,316669952,280775680,318767104,,,,,,,,2.868700074031949,,
1791473538.4326847,602712,frontend_frame,1945,0,26628,47,8,227065856,316669952,280775680,318767104,,,,,,,,,,
1791473538.7790513,602712,tracking_feedback_accumulate,1946,,26628,,,231144448,316669952,280775680,318767104,,,,,,,,2.8657999355345964,,
1791473538.7840514,602712,frontend_frame,1946,0,26628,47,8,233443840,316669952,280775680,318767104,,,,,,,,,,
1791473539.1878574,602712,tracking_feedback_accumulate,1947,,26628,,,237440512,316669952,280786944,318767104,,,,,,,,3.2709999941289425,,
1791473539.1928577,602712,frontend_frame,1947,0,26628,47,8,227149824,316669952,280786944,318767104,,,,,,,,,,
1791473539.585231,602712,tracking_feedback_accumulate,1948,,26628,,,231064576,316669952,280786944,318767104,,,,,,,,2.890900010243058,,
1791473539.5902297,602712,frontend_frame,1948,0,26628,47,8,233363968,316669952,280786944,318767104,,,,,,,,,,
1791473539.895398,602712,tracking_feedback_accumulate,1949,,26628,,,237442560,316669952,280795648,318767104,,,,,,,,2.9000998474657536,,
1791473539.900398,602712,frontend_frame,1949,0,26628,47,8,239741952,316669952,280795648,318767104,,,,,,,,,,
1791473540.260008,602712,tracking_feedback_accumulate,1950,,26628,,,224853504,316669952,280795648,318767104,,,,,,,,2.863900037482381,,
1791473540.2645116,602712,frontend_frame,1950,0,26628,47,8,227152896,289406976,280795648,318767104,,,,,,,,,,
1791473540.58748,602712,tracking_feedback_accumulate,1951,,26628,,,231149568,310378496,280795648,318767104,,,,,,,,2.7668001130223274,,
1791473540.5924823,602712,frontend_frame,1951,0,26628,47,8,233448960,310378496,280795648,318767104,,,,,,,,,,
1791473540.9521074,602712,tracking_feedback_accumulate,1952,,26628,,,237363712,314572800,280798208,318767104,,,,,,,,3.845799947157502,,
1791473540.9571073,602712,frontend_frame,1952,0,26628,47,8,227073024,314572800,280798208,318767104,,,,,,,,,,
1791473541.2632291,602712,tracking_feedback_accumulate,1953,,26628,,,231151616,314572800,280798208,318767104,,,,,,,,2.9009999707341194,,
1791473541.2673182,602712,frontend_frame,1953,0,26628,47,8,233451008,314572800,280798208,318767104,,,,,,,,,,
1791473541.6131256,602712,tracking_feedback_accumulate,1954,,26628,,,237365760,314572800,280804352,318767104,,,,,,,,3.2015000469982624,,
1791473541.619126,602712,frontend_frame,1954,0,26628,47,8,239665152,316669952,280804352,318767104,,,,,,,,,,
1791473541.944543,602712,tracking_feedback_accumulate,1955,,26628,,,224858624,316669952,280804352,318767104,,,,,,,,3.289999905973673,,
1791473541.9936385,602712,frontend_frame,1955,0,26628,48,8,231153664,316669952,280804352,318767104,,,,,,,,,,
1791473552.9722593,602712,tracking_feedback_accumulate,1956,,27083,,,235179520,316669952,280804352,318767104,,,,,,,,2.957999939098954,,
1791473552.9768589,602712,frontend_frame,1956,0,27083,48,8,237582848,316669952,280804352,318767104,,,,,,,,,,
1791473553.3503754,602712,tracking_feedback_accumulate,1957,,27083,,,228806656,337641472,280804352,337641472,,,,,,,,2.8999000787734985,,
1791473553.3563762,602712,frontend_frame,1957,0,27083,48,8,231206912,337641472,280804352,337641472,,,,,,,,,,
1791473553.6535056,602712,tracking_feedback_accumulate,1958,,27083,,,235285504,337641472,280804352,337641472,,,,,,,,2.986700041219592,,
1791473553.658508,602712,frontend_frame,1958,0,27083,48,8,237685760,337641472,280804352,337641472,,,,,,,,,,
1791473553.9764493,602712,tracking_feedback_accumulate,1959,,27083,,,241600512,337641472,285327872,337641472,,,,,,,,2.886200090870261,,
1791473553.981994,602712,frontend_frame,1959,0,27083,48,8,231208960,337641472,285327872,337641472,,,,,,,,,,
1791473554.3060236,602712,tracking_feedback_accumulate,1960,,27083,,,235287552,337641472,285327872,337641472,,,,,,,,2.9655001126229763,,
1791473554.3120227,602712,frontend_frame,1960,0,27083,48,8,237688320,289406976,285327872,337641472,,,,,,,,,,
1791473554.5624921,602712,tracking_feedback_accumulate,1961,,27083,,,241603072,314572800,285330432,337641472,,,,,,,,2.944400068372488,,
1791473554.567492,602712,frontend_frame,1961,0,27083,48,8,244003328,316669952,285330432,337641472,,,,,,,,,,
1791473554.906939,602712,tracking_feedback_accumulate,1962,,27083,,,228894208,316669952,285330432,337641472,,,,,,,,2.917099976912141,,
1791473554.910938,602712,frontend_frame,1962,0,27083,48,8,231294464,316669952,285330432,337641472,,,,,,,,,,
1791473555.1944869,602712,tracking_feedback_accumulate,1963,,27083,,,235209216,316669952,285330432,337641472,,,,,,,,8.29549995251,,
1791473555.1994872,602712,frontend_frame,1963,0,27083,48,8,237609472,316669952,285330432,337641472,,,,,,,,,,
1791473555.5421596,602712,tracking_feedback_accumulate,1964,,27083,,,241688064,316669952,285349888,337641472,,,,,,,,3.2420000061392784,,
1791473555.5471587,602712,frontend_frame,1964,0,27083,48,8,231296512,316669952,285349888,337641472,,,,,,,,,,
1791473555.8919406,602712,tracking_feedback_accumulate,1965,,27083,,,235293184,337641472,285349888,337641472,,,,,,,,3.352399915456772,,
1791473555.8976064,602712,frontend_frame,1965,0,27083,48,8,237693440,337641472,285349888,337641472,,,,,,,,,,
1791473556.2909832,602712,tracking_feedback_accumulate,1966,,27083,,,241608192,337641472,285356544,337641472,,,,,,,,2.9535999055951834,,
1791473556.2955384,602712,frontend_frame,1966,0,27083,48,8,244008448,337641472,285356544,337641472,,,,,,,,,,
1791473556.5635345,602712,tracking_feedback_accumulate,1967,,27083,,,228899328,337641472,285356544,337641472,,,,,,,,3.019699826836586,,
1791473556.5686638,602712,frontend_frame,1967,0,27083,48,8,231299584,337641472,285356544,337641472,,,,,,,,,,
1791473556.8776698,602712,tracking_feedback_accumulate,1968,,27083,,,235296256,337641472,285356544,337641472,,,,,,,,2.8535001911222935,,
1791473556.882667,602712,frontend_frame,1968,0,27083,48,8,237696512,337641472,285356544,337641472,,,,,,,,,,
1791473557.2622762,602712,tracking_feedback_accumulate,1969,,27083,,,241693184,337641472,285356544,337641472,,,,,,,,3.0028000473976135,,
1791473557.267276,602712,frontend_frame,1969,0,27083,48,8,231301632,337641472,285356544,337641472,,,,,,,,,,
1791473557.635455,602712,tracking_feedback_accumulate,1970,,27083,,,235298304,337641472,285356544,337641472,,,,,,,,3.0026999302208424,,
1791473557.6404552,602712,frontend_frame,1970,0,27083,48,8,237698560,289406976,285356544,337641472,,,,,,,,,,
1791473557.9745984,602712,tracking_feedback_accumulate,1971,,27083,,,241695232,335544320,285356544,337641472,,,,,,,,2.9088000301271677,,
1791473557.9801044,602712,frontend_frame,1971,0,27083,48,8,231303680,335544320,285356544,337641472,,,,,,,,,,
1791473558.3215783,602712,tracking_feedback_accumulate,1972,,27083,,,235300352,335544320,285356544,337641472,,,,,,,,3.0131000094115734,,
1791473558.3255782,602712,frontend_frame,1972,0,27083,48,8,237700608,335544320,285356544,337641472,,,,,,,,,,
1791473558.6399927,602712,tracking_feedback_accumulate,1973,,27083,,,241615360,335544320,285356544,337641472,,,,,,,,2.96920002438128,,
1791473558.6449916,602712,frontend_frame,1973,0,27083,48,8,244015616,337641472,285356544,337641472,,,,,,,,,,
1791473558.990298,602712,tracking_feedback_accumulate,1974,,27083,,,235302400,337641472,285356544,337641472,,,,,,,,2.9140000697225332,,
1791473558.9952989,602712,frontend_frame,1974,0,27083,48,8,237702656,337641472,285356544,337641472,,,,,,,,,,
1791473559.4064996,602712,tracking_feedback_accumulate,1975,,27083,,,241617408,337641472,285421568,337641472,,,,,,,,3.0186001677066088,,
1791473559.4114988,602712,frontend_frame,1975,0,27083,48,8,244017664,337641472,285421568,337641472,,,,,,,,,,
1791473559.8021865,602712,tracking_feedback_accumulate,1976,,27083,,,248096256,341835776,291822080,341835776,,,,,,,,2.8958001639693975,,
1791473559.8081877,602712,frontend_frame,1976,0,27083,48,8,237704704,341835776,291822080,341835776,,,,,,,,,,
1791473560.216575,602712,tracking_feedback_accumulate,1977,,27083,,,241619456,341835776,291822080,341835776,,,,,,,,2.9097001533955336,,
1791473560.2215743,602712,frontend_frame,1977,0,27083,48,8,244019712,341835776,291822080,341835776,,,,,,,,,,
1791473560.550726,602712,tracking_feedback_accumulate,1978,,27083,,,248098304,341835776,291822080,341835776,,,,,,,,2.915099961683154,,
1791473560.5577261,602712,frontend_frame,1978,0,27083,48,8,250498560,343932928,291822080,343932928,,,,,,,,,,
1791473560.92771,602712,tracking_feedback_accumulate,1979,,27083,,,235225600,343932928,291822080,343932928,,,,,,,,2.9255999252200127,,
1791473560.9327111,602712,frontend_frame,1979,0,27083,48,8,237625856,343932928,291822080,343932928,,,,,,,,,,
1791473561.2395356,602712,tracking_feedback_accumulate,1980,,27083,,,241704448,343932928,291822080,343932928,,,,,,,,2.990500070154667,,
1791473561.2445369,602712,frontend_frame,1980,0,27083,48,8,244104704,293601280,291822080,343932928,,,,,,,,,,
1791473561.57573,602712,tracking_feedback_accumulate,1981,,27083,,,248019456,339738624,291822080,343932928,,,,,,,,3.048200160264969,,
1791473561.5812323,602712,frontend_frame,1981,0,27083,48,8,237627904,339738624,291822080,343932928,,,,,,,,,,
1791473561.861603,602712,tracking_feedback_accumulate,1982,,27083,,,241706496,339738624,291822080,343932928,,,,,,,,2.933099865913391,,
1791473561.866603,602712,frontend_frame,1982,0,27083,48,8,244106752,339738624,291822080,343932928,,,,,,,,,,
1791473562.2338576,602712,tracking_feedback_accumulate,1983,,27083,,,248021504,341835776,291828224,343932928,,,,,,,,2.9998000245541334,,
1791473562.2388568,602712,frontend_frame,1983,0,27083,48,8,250421760,343932928,291828224,343932928,,,,,,,,,,
1791473562.5468452,602712,tracking_feedback_accumulate,1984,,27083,,,235312640,343932928,291828224,343932928,,,,,,,,2.8943000361323357,,
1791473562.5508447,602712,frontend_frame,1984,0,27083,48,8,237712896,343932928,291828224,343932928,,,,,,,,,,
1791473562.9445565,602712,tracking_feedback_accumulate,1985,,27083,,,241709568,343932928,291828224,343932928,,,,,,,,2.9556001536548138,,
1791473562.948556,602712,frontend_frame,1985,0,27083,48,8,244109824,343932928,291828224,343932928,,,,,,,,,,
1791473563.3222373,602712,tracking_feedback_accumulate,1986,,27083,,,248106496,343932928,291828224,343932928,,,,,,,,2.8559998609125614,,
1791473563.3722408,602712,frontend_frame,1986,0,27083,49,8,241710592,343932928,291828224,343932928,,,,,,,,,,
1791473574.1307561,602712,tracking_feedback_accumulate,1987,,24892,,,245486592,343932928,291828224,343932928,,,,,,,,3.116500098258257,,
1791473574.1357558,602712,frontend_frame,1987,0,24892,49,8,247352832,343932928,291828224,343932928,,,,,,,,,,
1791473574.5465317,602712,tracking_feedback_accumulate,1988,,24892,,,251431424,343932928,294346752,343932928,,,,,,,,2.8846999630331993,,
1791473574.5525327,602712,frontend_frame,1988,0,24892,49,8,241039872,343932928,294346752,343932928,,,,,,,,,,
1791473574.8582213,602712,tracking_feedback_accumulate,1989,,24892,,,244954624,343932928,294346752,343932928,,,,,,,,2.9241000302135944,,
1791473574.8632212,602712,frontend_frame,1989,0,24892,49,8,246839296,343932928,294346752,343932928,,,,,,,,,,
1791473575.1773467,602712,tracking_feedback_accumulate,1990,,24892,,,250917888,343932928,294346752,343932928,,,,,,,,3.0892998911440372,,
1791473575.1823492,602712,frontend_frame,1990,0,24892,49,8,252802560,297795584,294346752,343932928,,,,,,,,,,
1791473575.496032,602712,tracking_feedback_accumulate,1991,,24892,,,239158272,339738624,294346752,343932928,,,,,,,,2.941699931398034,,
1791473575.5010664,602712,frontend_frame,1991,0,24892,49,8,241043456,339738624,294346752,343932928,,,,,,,,,,
1791473575.924425,602712,tracking_feedback_accumulate,1992,,24892,,,245040128,339738624,294346752,343932928,,,,,,,,3.2175001688301563,,
1791473575.9294257,602712,frontend_frame,1992,0,24892,49,8,246924800,339738624,294346752,343932928,,,,,,,,,,
1791473576.2604496,602712,tracking_feedback_accumulate,1993,,24892,,,250839552,339738624,294346752,343932928,,,,,,,,2.877300139516592,,
1791473576.2654502,602712,frontend_frame,1993,0,24892,49,8,240963584,339738624,294346752,343932928,,,,,,,,,,
1791473576.5417569,602712,tracking_feedback_accumulate,1994,,24892,,,245042176,339738624,294346752,343932928,,,,,,,,2.9402999207377434,,
1791473576.5457573,602712,frontend_frame,1994,0,24892,49,8,246926848,339738624,294346752,343932928,,,,,,,,,,
1791473576.8582919,602712,tracking_feedback_accumulate,1995,,24892,,,250923520,339738624,294346752,343932928,,,,,,,,3.211400005966425,,
1791473576.8632915,602712,frontend_frame,1995,0,24892,49,8,252808192,339738624,294346752,343932928,,,,,,,,,,
1791473577.2694414,602712,tracking_feedback_accumulate,1996,,24892,,,232686080,339738624,294346752,343932928,,,,,,,,2.973400056362152,,
1791473577.2744424,602712,frontend_frame,1996,0,24892,49,8,234570752,339738624,294346752,343932928,,,,,,,,,,
1791473577.6739626,602712,tracking_feedback_accumulate,1997,,24892,,,238649344,339738624,294346752,343932928,,,,,,,,2.960900077596307,,
1791473577.6779623,602712,frontend_frame,1997,0,24892,49,8,240534016,339738624,294346752,343932928,,,,,,,,,,
1791473577.9739723,602712,tracking_feedback_accumulate,1998,,24892,,,244530688,339738624,294346752,343932928,,,,,,,,2.988200169056654,,
1791473577.9789724,602712,frontend_frame,1998,0,24892,49,8,234654720,339738624,294346752,343932928,,,,,,,,,,
1791473578.2957308,602712,tracking_feedback_accumulate,1999,,24892,,,238569472,339738624,294346752,343932928,,,,,,,,2.9802999924868345,,
1791473578.30083,602712,frontend_frame,1999,0,24892,49,8,240454144,339738624,294346752,343932928,,,,,,,,,,
1791473578.6229606,602712,tracking_feedback_accumulate,2000,,24892,,,244532736,339738624,294346752,343932928,,,,,,,,3.15839983522892,,
1791473578.6299608,602712,frontend_frame,2000,0,24892,49,8,234656768,289406976,294346752,343932928,,,,,,,,,,
1791473579.0301518,602712,tracking_feedback_accumulate,2001,,24892,,,238571520,331350016,294346752,343932928,,,,,,,,2.8302001301199198,,
1791473579.035151,602712,frontend_frame,2001,0,24892,49,8,240456192,331350016,294346752,343932928,,,,,,,,,,
1791473579.398287,602712,tracking_feedback_accumulate,2002,,24892,,,244534784,333447168,294346752,343932928,,,,,,,,2.835500054061413,,
1791473579.4042873,602712,frontend_frame,2002,0,24892,49,8,246419456,335544320,294346752,343932928,,,,,,,,,,
1791473579.7111652,602712,tracking_feedback_accumulate,2003,,24892,,,238655488,335544320,294346752,343932928,,,,,,,,2.987000159919262,,
1791473579.7161646,602712,frontend_frame,2003,0,24892,49,8,240540160,335544320,294346752,343932928,,,,,,,,,,
1791473580.0669792,602712,tracking_feedback_accumulate,2004,,24892,,,244454912,335544320,294346752,343932928,,,,,,,,2.9868001583963633,,
1791473580.0719795,602712,frontend_frame,2004,0,24892,49,8,246339584,335544320,294346752,343932928,,,,,,,,,,
1791473580.393892,602712,tracking_feedback_accumulate,2005,,24892,,,250418176,337641472,294346752,343932928,,,,,,,,2.8444998897612095,,
1791473580.398916,602712,frontend_frame,2005,0,24892,49,8,240542208,337641472,294346752,343932928,,,,,,,,,,
1791473580.7074149,602712,tracking_feedback_accumulate,2006,,24892,,,244456960,337641472,294346752,343932928,,,,,,,,2.8898001182824373,,
1791473580.7124155,602712,frontend_frame,2006,0,24892,49,8,246341632,337641472,294346752,343932928,,,,,,,,,,
1791473581.0567935,602712,tracking_feedback_accumulate,2007,,24892,,,250420224,337641472,294346752,343932928,,,,,,,,2.852099947631359,,
1791473581.0617943,602712,frontend_frame,2007,0,24892,49,8,252304896,339738624,294346752,343932928,,,,,,,,,,
1791473581.4492862,602712,tracking_feedback_accumulate,2008,,24892,,,238660608,339738624,294346752,343932928,,,,,,,,2.8605000115931034,,
1791473581.453286,602712,frontend_frame,2008,0,24892,49,8,240545280,339738624,294346752,343932928,,,,,,,,,,
1791473581.7181103,602712,tracking_feedback_accumulate,2009,,24892,,,244541952,339738624,294346752,343932928,,,,,,,,2.8158000204712152,,
1791473581.7227077,602712,frontend_frame,2009,0,24892,49,8,246426624,339738624,294346752,343932928,,,,,,,,,,
1791473582.1231363,602712,tracking_feedback_accumulate,2010,,24892,,,250341376,339738624,294346752,343932928,,,,,,,,2.958799945190549,,
1791473582.1291368,602712,frontend_frame,2010,0,24892,49,8,240465408,293601280,294346752,343932928,,,,,,,,,,
1791473582.3756783,602712,tracking_feedback_accumulate,2011,,24892,,,244544000,335544320,294346752,343932928,,,,,,,,2.784299897029996,,
1791473582.3806794,602712,frontend_frame,2011,0,24892,49,8,246428672,335544320,294346752,343932928,,,,,,,,,,
1791473582.7389557,602712,tracking_feedback_accumulate,2012,,24892,,,250343424,337641472,294346752,343932928,,,,,,,,2.8665000572800636,,
1791473582.7439556,602712,frontend_frame,2012,0,24892,49,8,252228096,339738624,294346752,343932928,,,,,,,,,,
1791473583.0646477,602712,tracking_feedback_accumulate,2013,,24892,,,238665728,339738624,294346752,343932928,,,,,,,,2.885000081732869,,
1791473583.0696476,602712,frontend_frame,2013,0,24892,49,8,240550400,339738624,294346752,343932928,,,,,,,,,,
1791473583.4189942,602712,tracking_feedback_accumulate,2014,,24892,,,244547072,339738624,294346752,343932928,,,,,,,,2.973599825054407,,
1791473583.4239929,602712,frontend_frame,2014,0,24892,49,8,246431744,339738624,294346752,343932928,,,,,,,,,,
1791473583.7512243,602712,tracking_feedback_accumulate,2015,,24892,,,250428416,339738624,294346752,343932928,,,,,,,,3.0054000671952963,,
1791473583.7562234,602712,frontend_frame,2015,0,24892,49,8,240552448,339738624,294346752,343932928,,,,,,,,,,
1791473584.014787,602712,tracking_feedback_accumulate,2016,,24892,,,244467200,339738624,294346752,343932928,,,,,,,,2.990799956023693,,
1791473584.019787,602712,frontend_frame,2016,0,24892,49,8,246351872,339738624,294346752,343932928,,,,,,,,,,
1791473584.332861,602712,tracking_feedback_accumulate,2017,,24892,,,250430464,339738624,294346752,343932928,,,,,,,,2.907299902290106,,
1791473584.3838623,602712,frontend_frame,2017,0,24892,50,8,244550144,339738624,294346752,343932928,,,,,,,,,,
1791473595.108802,602712,tracking_feedback_accumulate,2018,,24839,,,248547328,339738624,294346752,343932928,,,,,,,,2.9013000894337893,,
1791473595.1133077,602712,frontend_frame,2018,0,24839,50,8,250423296,339738624,294346752,343932928,,,,,,,,,,
1791473595.3464746,602712,tracking_feedback_accumulate,2019,,24839,,,254338048,339738624,297367040,343932928,,,,,,,,2.8981000650674105,,
1791473595.3514755,602712,frontend_frame,2019,0,24839,50,8,256214528,339738624,297367040,343932928,,,,,,,,,,
1791473595.7519028,602712,tracking_feedback_accumulate,2020,,24839,,,248548864,339738624,297367040,343932928,,,,,,,,2.868399955332279,,
1791473595.756902,602712,frontend_frame,2020,0,24839,50,8,250425344,316669952,297367040,343932928,,,,,,,,,,
1791473596.086585,602712,tracking_feedback_accumulate,2021,,24839,,,254422016,339738624,297367040,343932928,,,,,,,,2.964799990877509,,
1791473596.0915864,602712,frontend_frame,2021,0,24839,50,8,256298496,339738624,297367040,343932928,,,,,,,,,,
1791473596.3987057,602712,tracking_feedback_accumulate,2022,,24839,,,260295168,343932928,303229952,343932928,,,,,,,,2.9265000484883785,,
1791473596.4037077,602712,frontend_frame,2022,0,24839,50,8,250427904,343932928,303229952,343932928,,,,,,,,,,
1791473596.7687128,602712,tracking_feedback_accumulate,2023,,24839,,,254342656,343932928,303229952,343932928,,,,,,,,2.8709000907838345,,
1791473596.7727125,602712,frontend_frame,2023,0,24839,50,8,256219136,343932928,303229952,343932928,,,,,,,,,,
1791473597.0408475,602712,tracking_feedback_accumulate,2024,,24839,,,260297728,343932928,303229952,343932928,,,,,,,,3.159099956974387,,
1791473597.0468469,602712,frontend_frame,2024,0,24839,50,8,238669312,343932928,303229952,343932928,,,,,,,,,,
1791473597.376992,602712,tracking_feedback_accumulate,2025,,24839,,,242584064,343932928,303229952,343932928,,,,,,,,3.2297999132424593,,
1791473597.3819933,602712,frontend_frame,2025,0,24839,50,8,244460544,343932928,303229952,343932928,,,,,,,,,,
1791473597.6710138,602712,tracking_feedback_accumulate,2026,,24839,,,248539136,343932928,303229952,343932928,,,,,,,,2.839999971911311,,
1791473597.675015,602712,frontend_frame,2026,0,24839,50,8,250415616,343932928,303229952,343932928,,,,,,,,,,
1791473598.097364,602712,tracking_feedback_accumulate,2027,,24839,,,242668032,343932928,303229952,343932928,,,,,,,,2.9289000667631626,,
1791473598.1023657,602712,frontend_frame,2027,0,24839,50,8,244544512,343932928,303229952,343932928,,,,,,,,,,
1791473598.373954,602712,tracking_feedback_accumulate,2028,,24839,,,248459264,343932928,303229952,343932928,,,,,,,,2.948300214484334,,
1791473598.3789537,602712,frontend_frame,2028,0,24839,50,8,250335744,343932928,303229952,343932928,,,,,,,,,,
1791473598.7784872,602712,tracking_feedback_accumulate,2029,,24839,,,254414336,343932928,303229952,343932928,,,,,,,,2.885300200432539,,
1791473598.7834876,602712,frontend_frame,2029,0,24839,50,8,244546560,343932928,303229952,343932928,,,,,,,,,,
1791473599.144351,602712,tracking_feedback_accumulate,2030,,24839,,,248543232,343932928,303229952,343932928,,,,,,,,2.9377001337707043,,
1791473599.1493516,602712,frontend_frame,2030,0,24839,50,8,250419712,297795584,303229952,343932928,,,,,,,,,,
1791473599.3875105,602712,tracking_feedback_accumulate,2031,,24839,,,254416384,339738624,303229952,343932928,,,,,,,,2.957100048661232,,
1791473599.393511,602712,frontend_frame,2031,0,24839,50,8,256292864,341835776,303229952,343932928,,,,,,,,,,
1791473599.7915614,602712,tracking_feedback_accumulate,2032,,24839,,,242673152,341835776,303229952,343932928,,,,,,,,3.1428998336195946,,
1791473599.796561,602712,frontend_frame,2032,0,24839,50,8,244549632,341835776,303229952,343932928,,,,,,,,,,
1791473600.1228685,602712,tracking_feedback_accumulate,2033,,24839,,,248546304,341835776,303229952,343932928,,,,,,,,3.0088000930845737,,
1791473600.1268673,602712,frontend_frame,2033,0,24839,50,8,250422784,341835776,303229952,343932928,,,,,,,,,,
1791473600.4108868,602712,tracking_feedback_accumulate,2034,,24839,,,254419456,341835776,303229952,343932928,,,,,,,,2.965100109577179,,
1791473600.4158862,602712,frontend_frame,2034,0,24839,50,8,244551680,341835776,303229952,343932928,,,,,,,,,,
1791473600.6617243,602712,tracking_feedback_accumulate,2035,,24839,,,248466432,341835776,303229952,343932928,,,,,,,,2.943800063803792,,
1791473600.6657238,602712,frontend_frame,2035,0,24839,50,8,250342912,341835776,303229952,343932928,,,,,,,,,,
1791473600.9042525,602712,tracking_feedback_accumulate,2036,,24839,,,254421504,341835776,303229952,343932928,,,,,,,,2.874600002542138,,
1791473600.9130862,602712,frontend_frame,2036,0,24839,50,8,256297984,341835776,303229952,343932928,,,,,,,,,,
1791473601.1775012,602712,tracking_feedback_accumulate,2037,,24839,,,242678272,341835776,303229952,343932928,,,,,,,,2.9146000742912292,,
1791473601.182502,602712,frontend_frame,2037,0,24839,50,8,244554752,341835776,303229952,343932928,,,,,,,,,,
1791473601.450566,602712,tracking_feedback_accumulate,2038,,24839,,,248469504,341835776,303229952,343932928,,,,,,,,2.8440000023692846,,
1791473601.4555671,602712,frontend_frame,2038,0,24839,50,8,250345984,341835776,303229952,343932928,,,,,,,,,,
1791473601.8014321,602712,tracking_feedback_accumulate,2039,,24839,,,254424576,341835776,303229952,343932928,,,,,,,,2.9097001533955336,,
1791473601.806435,602712,frontend_frame,2039,0,24839,50,8,244556800,341835776,303229952,343932928,,,,,,,,,,
1791473602.0981522,602712,tracking_feedback_accumulate,2040,,24839,,,248553472,341835776,303229952,343932928,,,,,,,,5.0263002049177885,,
1791473602.105155,602712,frontend_frame,2040,0,24839,50,8,250429952,297795584,303229952,343932928,,,,,,,,,,
1791473602.47368,602712,tracking_feedback_accumulate,2041,,24839,,,254426624,339738624,303229952,343932928,,,,,,,,2.9645999893546104,,
1791473602.478679,602712,frontend_frame,2041,0,24839,50,8,244558848,339738624,303229952,343932928,,,,,,,,,,
1791473602.883302,602712,tracking_feedback_accumulate,2042,,24839,,,248473600,339738624,303229952,343932928,,,,,,,,2.957299817353487,,
1791473602.9334114,602712,frontend_frame,2042,0,24839,51,8,254345728,339738624,303229952,343932928,,,,,,,,,,
1791473613.7100806,602712,tracking_feedback_accumulate,2043,,24483,,,258401792,339738624,303229952,343932928,,,,,,,,2.8788999188691378,,
1791473613.7153063,602712,frontend_frame,2043,0,24483,51,8,260186112,341835776,303229952,343932928,,,,,,,,,,
1791473614.0995586,602712,tracking_feedback_accumulate,2044,,24483,,,252527104,341835776,303229952,343932928,,,,,,,,2.7950999792665243,,
1791473614.1035607,602712,frontend_frame,2044,0,24483,51,8,254315008,341835776,303229952,343932928,,,,,,,,,,
1791473614.4652622,602712,tracking_feedback_accumulate,2045,,24483,,,258229760,341835776,303229952,343932928,,,,,,,,2.8687999583780766,,
1791473614.470262,602712,frontend_frame,2045,0,24483,51,8,260017664,341835776,303229952,343932928,,,,,,,,,,
1791473614.7844954,602712,tracking_feedback_accumulate,2046,,24483,,,264096256,343932928,306749952,343932928,,,,,,,,3.130400087684393,,
1791473614.7904952,602712,frontend_frame,2046,0,24483,51,8,254317056,343932928,306749952,343932928,,,,,,,,,,
1791473615.0527632,602712,tracking_feedback_accumulate,2047,,24483,,,258313728,343932928,306749952,343932928,,,,,,,,2.8647000435739756,,
1791473615.0577621,602712,frontend_frame,2047,0,24483,51,8,260102144,343932928,306749952,343932928,,,,,,,,,,
1791473615.435894,602712,tracking_feedback_accumulate,2048,,24483,,,264016896,343932928,306769920,343932928,,,,,,,,2.9020998626947403,,
1791473615.4408937,602712,frontend_frame,2048,0,24483,51,8,265804800,346030080,306769920,346030080,,,,,,,,,,
1791473615.7486782,602712,tracking_feedback_accumulate,2049,,24483,,,252532736,346030080,306769920,346030080,,,,,,,,2.930399961769581,,
1791473615.7556772,602712,frontend_frame,2049,0,24483,51,8,254320640,346030080,306769920,346030080,,,,,,,,,,
1791473616.1126506,602712,tracking_feedback_accumulate,2050,,24483,,,258317312,346030080,306769920,346030080,,,,,,,,2.9082000255584717,,
1791473616.1176536,602712,frontend_frame,2050,0,24483,51,8,260105216,318767104,306769920,346030080,,,,,,,,,,
1791473616.4312983,602712,tracking_feedback_accumulate,2051,,24483,,,252452864,341835776,306769920,346030080,,,,,,,,2.895199926570058,,
1791473616.4353383,602712,frontend_frame,2051,0,24483,51,8,254240768,341835776,306769920,346030080,,,,,,,,,,
1791473616.7728727,602712,tracking_feedback_accumulate,2052,,24483,,,258319360,341835776,306769920,346030080,,,,,,,,2.848000032827258,,
1791473616.7778726,602712,frontend_frame,2052,0,24483,51,8,260107264,341835776,306769920,346030080,,,,,,,,,,
1791473617.0628629,602712,tracking_feedback_accumulate,2053,,24483,,,264022016,343932928,306769920,346030080,,,,,,,,3.0149000231176615,,
1791473617.0688636,602712,frontend_frame,2053,0,24483,51,8,248370688,343932928,306769920,346030080,,,,,,,,,,
1791473617.4178457,602712,tracking_feedback_accumulate,2054,,24483,,,252449280,343932928,306769920,346030080,,,,,,,,2.9134999494999647,,
1791473617.421845,602712,frontend_frame,2054,0,24483,51,8,254237184,343932928,306769920,346030080,,,,,,,,,,
1791473617.6703494,602712,tracking_feedback_accumulate,2055,,24483,,,258151936,343932928,306769920,346030080,,,,,,,,2.9885999392718077,,
1791473617.6743515,602712,frontend_frame,2055,0,24483,51,8,259939840,343932928,306769920,346030080,,,,,,,,,,
1791473618.018935,602712,tracking_feedback_accumulate,2056,,24483,,,246667776,343932928,306769920,346030080,,,,,,,,2.858199877664447,,
1791473618.0229342,602712,frontend_frame,2056,0,24483,51,8,248455680,343932928,306769920,346030080,,,,,,,,,,
1791473618.3283339,602712,tracking_feedback_accumulate,2057,,24483,,,252452352,343932928,306769920,346030080,,,,,,,,2.933999989181757,,
1791473618.3323338,602712,frontend_frame,2057,0,24483,51,8,254240256,343932928,306769920,346030080,,,,,,,,,,
1791473618.6809688,602712,tracking_feedback_accumulate,2058,,24483,,,258236928,343932928,306769920,346030080,,,,,,,,2.892900025472045,,
1791473618.6859698,602712,frontend_frame,2058,0,24483,51,8,248457728,343932928,306769920,346030080,,,,,,,,,,
1791473619.0045562,602712,tracking_feedback_accumulate,2059,,24483,,,252372480,343932928,306769920,346030080,,,,,,,,2.9295000713318586,,
1791473619.0095565,602712,frontend_frame,2059,0,24483,51,8,254160384,343932928,306769920,346030080,,,,,,,,,,
1791473619.3495548,602712,tracking_feedback_accumulate,2060,,24483,,,258238976,343932928,306769920,346030080,,,,,,,,2.8566999826580286,,
1791473619.354555,602712,frontend_frame,2060,0,24483,51,8,260026880,318767104,306769920,346030080,,,,,,,,,,
1791473619.6320398,602712,tracking_feedback_accumulate,2061,,24483,,,246590976,339738624,306769920,346030080,,,,,,,,2.9587000608444214,,
1791473619.637075,602712,frontend_frame,2061,0,24483,51,8,248378880,339738624,306769920,346030080,,,,,,,,,,
1791473619.87412,602712,tracking_feedback_accumulate,2062,,24483,,,252457472,339738624,306769920,346030080,,,,,,,,2.9108000453561544,,
1791473619.8791208,602712,frontend_frame,2062,0,24483,51,8,254245376,339738624,306769920,346030080,,,,,,,,,,
1791473620.2178886,602712,tracking_feedback_accumulate,2063,,24483,,,258242048,339738624,306769920,346030080,,,,,,,,2.897700062021613,,
1791473620.2238915,602712,frontend_frame,2063,0,24483,51,8,248462848,339738624,306769920,346030080,,,,,,,,,,
1791473620.582216,602712,tracking_feedback_accumulate,2064,,24483,,,252459520,339738624,306769920,346030080,,,,,,,,2.8706002049148083,,
1791473620.5872169,602712,frontend_frame,2064,0,24483,51,8,254247424,339738624,306769920,346030080,,,,,,,,,,
1791473620.980506,602712,tracking_feedback_accumulate,2065,,24483,,,258244096,339738624,306769920,346030080,,,,,,,,2.901199972257018,,
1791473620.9855058,602712,frontend_frame,2065,0,24483,51,8,260032000,339738624,306769920,346030080,,,,,,,,,,
1791473621.312827,602712,tracking_feedback_accumulate,2066,,24483,,,246678016,339738624,306769920,346030080,,,,,,,,2.769799903035164,,
1791473621.3611107,602712,frontend_frame,2066,0,24483,52,8,252461568,339738624,306769920,346030080,,,,,,,,,,
1791473632.0678582,602712,tracking_feedback_accumulate,2067,,23759,,,256413184,339738624,306769920,346030080,,,,,,,,2.7811999898403883,,
1791473632.0725036,602712,frontend_frame,2067,0,23759,52,8,258021888,339738624,306769920,346030080,,,,,,,,,,
1791473632.40367,602712,tracking_feedback_accumulate,2068,,23759,,,250542592,339738624,306769920,346030080,,,,,,,,2.8710002079606056,,
1791473632.4083014,602712,frontend_frame,2068,0,23759,52,8,252157440,339738624,306769920,346030080,,,,,,,,,,
1791473632.7991004,602712,tracking_feedback_accumulate,2069,,23759,,,256236032,339738624,306769920,346030080,,,,,,,,2.8250999748706818,,
1791473632.8052163,602712,frontend_frame,2069,0,23759,52,8,257850880,339738624,306769920,346030080,,,,,,,,,,
1791473633.1085742,602712,tracking_feedback_accumulate,2070,,23759,,,261765632,339738624,306769920,346030080,,,,,,,,2.836699830368161,,
1791473633.1131544,602712,frontend_frame,2070,0,23759,52,8,252159488,318767104,306769920,346030080,,,,,,,,,,
1791473633.4817939,602712,tracking_feedback_accumulate,2071,,23759,,,256238080,339738624,306769920,346030080,,,,,,,,2.8297998942434788,,
1791473633.4864275,602712,frontend_frame,2071,0,23759,52,8,257853440,339738624,306769920,346030080,,,,,,,,,,
1791473633.7065425,602712,tracking_feedback_accumulate,2072,,23759,,,261850112,339738624,306769920,346030080,,,,,,,,2.9402999207377434,,
1791473633.7115424,602712,frontend_frame,2072,0,23759,52,8,263464960,341835776,306769920,346030080,,,,,,,,,,
1791473634.0438867,602712,tracking_feedback_accumulate,2073,,23759,,,250630144,341835776,306769920,346030080,,,,,,,,2.780199982225895,,
1791473634.0478868,602712,frontend_frame,2073,0,23759,52,8,252244992,341835776,306769920,346030080,,,,,,,,,,
1791473634.4218595,602712,tracking_feedback_accumulate,2074,,23759,,,256241664,341835776,306769920,346030080,,,,,,,,2.843900118023157,,
1791473634.4258597,602712,frontend_frame,2074,0,23759,52,8,257856512,341835776,306769920,346030080,,,,,,,,,,
1791473634.6842506,602712,tracking_feedback_accumulate,2075,,23759,,,261853184,341835776,306769920,346030080,,,,,,,,2.8654001653194427,,
1791473634.6892488,602712,frontend_frame,2075,0,23759,52,8,252247040,341835776,306769920,346030080,,,,,,,,,,
1791473634.956279,602712,tracking_feedback_accumulate,2076,,23759,,,256161792,341835776,306769920,346030080,,,,,,,,2.893800148740411,,
1791473634.961279,602712,frontend_frame,2076,0,23759,52,8,257776640,341835776,306769920,346030080,,,,,,,,,,
1791473635.2495549,602712,tracking_feedback_accumulate,2077,,23759,,,261855232,341835776,306769920,346030080,,,,,,,,2.9551999177783728,,
1791473635.2549195,602712,frontend_frame,2077,0,23759,52,8,252249088,341835776,306769920,346030080,,,,,,,,,,
1791473635.5346797,602712,tracking_feedback_accumulate,2078,,23759,,,256163840,341835776,306769920,346030080,,,,,,,,2.930799964815378,,
1791473635.5386815,602712,frontend_frame,2078,0,23759,52,8,257778688,341835776,306769920,346030080,,,,,,,,,,
1791473635.8581038,602712,tracking_feedback_accumulate,2079,,23759,,,261857280,341835776,306769920,346030080,,,,,,,,2.818899927660823,,
1791473635.8621032,602712,frontend_frame,2079,0,23759,52,8,263472128,341835776,306769920,346030080,,,,,,,,,,
1791473636.201397,602712,tracking_feedback_accumulate,2080,,23759,,,256247808,341835776,306769920,346030080,,,,,,,,2.882000058889389,,
1791473636.2063973,602712,frontend_frame,2080,0,23759,52,8,257862656,318767104,306769920,346030080,,,,,,,,,,
1791473636.541518,602712,tracking_feedback_accumulate,2081,,23759,,,261859328,339738624,306769920,346030080,,,,,,,,6.4437000546604395,,
1791473636.5465176,602712,frontend_frame,2081,0,23759,52,8,263474176,341835776,306769920,346030080,,,,,,,,,,
1791473636.8909247,602712,tracking_feedback_accumulate,2082,,23759,,,267470848,343932928,309689856,346030080,,,,,,,,3.0859000980854034,,
1791473636.8969247,602712,frontend_frame,2082,0,23759,52,8,252254208,343932928,309689856,346030080,,,,,,,,,,
1791473637.167002,602712,tracking_feedback_accumulate,2083,,23759,,,256168960,343932928,309689856,346030080,,,,,,,,3.106100019067526,,
1791473637.1720023,602712,frontend_frame,2083,0,23759,52,8,257783808,343932928,309689856,346030080,,,,,,,,,,
1791473637.416391,602712,tracking_feedback_accumulate,2084,,23759,,,261862400,343932928,309689856,346030080,,,,,,,,2.830199897289276,,
1791473637.4644237,602712,frontend_frame,2084,0,23759,53,8,267472896,343932928,309689856,346030080,,,,,,,,,,
1791473648.0634851,602712,tracking_feedback_accumulate,2085,,23995,,,254575104,343932928,309689856,346030080,,,,,,,,3.0580998864024878,,
1791473648.0684857,602712,frontend_frame,2085,0,23995,53,8,256249344,343932928,309689856,346030080,,,,,,,,,,
1791473648.3876696,602712,tracking_feedback_accumulate,2086,,23995,,,260327936,343932928,309689856,346030080,,,,,,,,2.966300118714571,,
1791473648.3926697,602712,frontend_frame,2086,0,23995,53,8,262001152,343932928,309689856,346030080,,,,,,,,,,
1791473648.749464,602712,tracking_feedback_accumulate,2087,,23995,,,254578176,343932928,309689856,346030080,,,,,,,,2.886500209569931,,
1791473648.7554638,602712,frontend_frame,2087,0,23995,53,8,256251392,343932928,309689856,346030080,,,,,,,,,,
1791473649.071335,602712,tracking_feedback_accumulate,2088,,23995,,,260329984,343932928,309689856,346030080,,,,,,,,2.954399911686778,,
1791473649.0763335,602712,frontend_frame,2088,0,23995,53,8,262003200,343932928,309689856,346030080,,,,,,,,,,
1791473649.398556,602712,tracking_feedback_accumulate,2089,,23995,,,265999872,343932928,309689856,346030080,,,,,,,,3.0112999957054853,,
1791473649.403556,602712,frontend_frame,2089,0,23995,53,8,256335872,343932928,309689856,346030080,,,,,,,,,,
1791473649.646749,602712,tracking_feedback_accumulate,2090,,23995,,,260250624,364904448,309689856,364904448,,,,,,,,2.910400042310357,,
1791473649.6527529,602712,frontend_frame,2090,0,23995,53,8,261923840,318767104,309689856,364904448,,,,,,,,,,
1791473649.9732919,602712,tracking_feedback_accumulate,2091,,23995,,,266002432,339738624,309689856,364904448,,,,,,,,2.807399956509471,,
1791473649.9782917,602712,frontend_frame,2091,0,23995,53,8,267675648,341835776,309689856,364904448,,,,,,,,,,
1791473650.316614,602712,tracking_feedback_accumulate,2092,,23995,,,254665728,362807296,309689856,364904448,,,,,,,,2.8881998732686043,,
1791473650.3216145,602712,frontend_frame,2092,0,23995,53,8,256338944,362807296,309689856,364904448,,,,,,,,,,
1791473650.639162,602712,tracking_feedback_accumulate,2093,,23995,,,260335616,362807296,309689856,364904448,,,,,,,,2.882900182157755,,
1791473650.643162,602712,frontend_frame,2093,0,23995,53,8,262008832,362807296,309689856,364904448,,,,,,,,,,
1791473651.0066278,602712,tracking_feedback_accumulate,2094,,23995,,,266005504,362807296,309689856,364904448,,,,,,,,2.9229000210762024,,
1791473651.0116272,602712,frontend_frame,2094,0,23995,53,8,256340992,362807296,309689856,364904448,,,,,,,,,,
1791473651.3223412,602712,tracking_feedback_accumulate,2095,,23995,,,260255744,362807296,309689856,364904448,,,,,,,,2.8518999461084604,,
1791473651.327342,602712,frontend_frame,2095,0,23995,53,8,261928960,362807296,309689856,364904448,,,,,,,,,,
1791473651.6663046,602712,tracking_feedback_accumulate,2096,,23995,,,266007552,362807296,309689856,364904448,,,,,,,,2.797099994495511,,
1791473651.670304,602712,frontend_frame,2096,0,23995,53,8,267680768,362807296,309689856,364904448,,,,,,,,,,
1791473652.021889,602712,tracking_feedback_accumulate,2097,,23995,,,254670848,362807296,309689856,364904448,,,,,,,,2.998099895194173,,
1791473652.0259407,602712,frontend_frame,2097,0,23995,53,8,256344064,362807296,309689856,364904448,,,,,,,,,,
1791473652.3316638,602712,tracking_feedback_accumulate,2098,,23995,,,260340736,362807296,309689856,364904448,,,,,,,,2.814800012856722,,
1791473652.3366647,602712,frontend_frame,2098,0,23995,53,8,262013952,362807296,309689856,364904448,,,,,,,,,,
1791473652.5920599,602712,tracking_feedback_accumulate,2099,,23995,,,265928704,362807296,309689856,364904448,,,,,,,,2.920399885624647,,
1791473652.5970592,602712,frontend_frame,2099,0,23995,53,8,256264192,362807296,309689856,364904448,,,,,,,,,,
1791473652.8762903,602712,tracking_feedback_accumulate,2100,,23995,,,260342784,362807296,309689856,364904448,,,,,,,,2.8970998246222734,,
1791473652.8812907,602712,frontend_frame,2100,0,23995,53,8,262016000,318767104,309689856,364904448,,,,,,,,,,
1791473653.250701,602712,tracking_feedback_accumulate,2101,,23995,,,265930752,360710144,309689856,364904448,,,,,,,,2.9823000077158213,,
1791473653.2567031,602712,frontend_frame,2101,0,23995,53,8,267603968,362807296,309689856,364904448,,,,,,,,,,
1791473653.652196,602712,tracking_feedback_accumulate,2102,,23995,,,254675968,362807296,309689856,364904448,,,,,,,,2.8367999475449324,,
1791473653.7012377,602712,frontend_frame,2102,0,23995,54,8,260344832,362807296,309689856,364904448,,,,,,,,,,
1791473664.3898113,602712,tracking_feedback_accumulate,2103,,24222,,,264358912,362807296,309689856,364904448,,,,,,,,2.819499932229519,,
1791473664.394811,602712,frontend_frame,2103,0,24222,54,8,266085888,362807296,309689856,364904448,,,,,,,,,,
1791473664.7749414,602712,tracking_feedback_accumulate,2104,,24222,,,258692608,362807296,309689856,364904448,,,,,,,,2.7761999517679214,,
1791473664.7789857,602712,frontend_frame,2104,0,24222,54,8,260418048,362807296,309689856,364904448,,,,,,,,,,
1791473665.1802313,602712,tracking_feedback_accumulate,2105,,24222,,,264414720,362807296,309689856,364904448,,,,,,,,2.9024998657405376,,
1791473665.185233,602712,frontend_frame,2105,0,24222,54,8,266140160,362807296,309689856,364904448,,,,,,,,,,
1791473665.40469,602712,tracking_feedback_accumulate,2106,,24222,,,270136832,362807296,312740864,364904448,,,,,,,,2.78969993814826,,
1791473665.4096894,602712,frontend_frame,2106,0,24222,54,8,260420096,362807296,312740864,364904448,,,,,,,,,,
1791473665.756914,602712,tracking_feedback_accumulate,2107,,24222,,,264334848,362807296,312740864,364904448,,,,,,,,2.8961999341845512,,
1791473665.761914,602712,frontend_frame,2107,0,24222,54,8,266060800,362807296,312740864,364904448,,,,,,,,,,
1791473666.025099,602712,tracking_feedback_accumulate,2108,,24222,,,270139392,362807296,312751616,364904448,,,,,,,,2.8317999094724655,,
1791473666.0301304,602712,frontend_frame,2108,0,24222,54,8,271864832,364904448,312751616,364904448,,,,,,,,,,
1791473666.3946517,602712,tracking_feedback_accumulate,2109,,24222,,,258698240,364904448,312751616,364904448,,,,,,,,2.810899866744876,,
1791473666.3996508,602712,frontend_frame,2109,0,24222,54,8,260423680,364904448,312751616,364904448,,,,,,,,,,
1791473666.745646,602712,tracking_feedback_accumulate,2110,,24222,,,264420352,364904448,312751616,364904448,,,,,,,,2.862700028344989,,
1791473666.750647,602712,frontend_frame,2110,0,24222,54,8,266145792,318767104,312751616,364904448,,,,,,,,,,
1791473667.0841627,602712,tracking_feedback_accumulate,2111,,24222,,,270060544,362807296,312759296,364904448,,,,,,,,2.881500171497464,,
1791473667.091162,602712,frontend_frame,2111,0,24222,54,8,260343808,362807296,312759296,364904448,,,,,,,,,,
1791473667.3991404,602712,tracking_feedback_accumulate,2112,,24222,,,264422400,362807296,312759296,364904448,,,,,,,,2.9200001154094934,,
1791473667.4041395,602712,frontend_frame,2112,0,24222,54,8,266147840,362807296,312759296,364904448,,,,,,,,,,
1791473667.7288957,602712,tracking_feedback_accumulate,2113,,24222,,,270144512,362807296,312759296,364904448,,,,,,,,2.979600103572011,,
1791473667.7338955,602712,frontend_frame,2113,0,24222,54,8,271869952,364904448,312759296,364904448,,,,,,,,,,
1791473667.9424493,602712,tracking_feedback_accumulate,2114,,24222,,,258703360,364904448,312759296,364904448,,,,,,,,2.7755999471992254,,
1791473667.9464507,602712,frontend_frame,2114,0,24222,54,8,260428800,364904448,312759296,364904448,,,,,,,,,,
1791473668.3171148,602712,tracking_feedback_accumulate,2115,,24222,,,264425472,364904448,312759296,364904448,,,,,,,,2.964799990877509,,
1791473668.3221147,602712,frontend_frame,2115,0,24222,54,8,266150912,364904448,312759296,364904448,,,,,,,,,,
1791473668.635535,602712,tracking_feedback_accumulate,2116,,24222,,,258705408,364904448,312759296,364904448,,,,,,,,2.9639999847859144,,
1791473668.6405349,602712,frontend_frame,2116,0,24222,54,8,260430848,364904448,312759296,364904448,,,,,,,,,,
1791473669.0131702,602712,tracking_feedback_accumulate,2117,,24222,,,264427520,364904448,312759296,364904448,,,,,,,,2.8934001456946135,,
1791473669.0191736,602712,frontend_frame,2117,0,24222,54,8,266152960,364904448,312759296,364904448,,,,,,,,,,
1791473669.4301865,602712,tracking_feedback_accumulate,2118,,24222,,,270067712,364904448,313025536,364904448,,,,,,,,2.8089999686926603,,
1791473669.4351861,602712,frontend_frame,2118,0,24222,54,8,260350976,364904448,313025536,364904448,,,,,,,,,,
1791473669.6441858,602712,tracking_feedback_accumulate,2119,,24222,,,264429568,364904448,313025536,364904448,,,,,,,,2.7652999851852655,,
1791473669.649186,602712,frontend_frame,2119,0,24222,54,8,266155008,364904448,313025536,364904448,,,,,,,,,,
1791473669.9872918,602712,tracking_feedback_accumulate,2120,,24222,,,270151680,364904448,313027584,364904448,,,,,,,,2.8651999309659004,,
1791473669.9922934,602712,frontend_frame,2120,0,24222,54,8,271877120,320864256,313027584,364904448,,,,,,,,,,
1791473670.3790898,602712,tracking_feedback_accumulate,2121,,24222,,,258710528,362807296,313027584,364904448,,,,,,,,6.120100151747465,,
1791473670.384597,602712,frontend_frame,2121,0,24222,54,8,260435968,362807296,313027584,364904448,,,,,,,,,,
1791473670.7291605,602712,tracking_feedback_accumulate,2122,,24222,,,264432640,362807296,313027584,364904448,,,,,,,,3.027800004929304,,
1791473670.7781637,602712,frontend_frame,2122,0,24222,55,8,270153728,362807296,313027584,364904448,,,,,,,,,,
1791473681.3193192,602712,tracking_feedback_accumulate,2123,,24449,,,262727168,362807296,313027584,364904448,,,,,,,,2.874600002542138,,
1791473681.324319,602712,frontend_frame,2123,0,24449,55,8,264514560,362807296,313027584,364904448,,,,,,,,,,
1791473681.6586034,602712,tracking_feedback_accumulate,2124,,24449,,,268511232,362807296,313027584,364904448,,,,,,,,4.852100042626262,,
1791473681.6636038,602712,frontend_frame,2124,0,24449,55,8,270297088,362807296,313027584,364904448,,,,,,,,,,
1791473681.9286618,602712,tracking_feedback_accumulate,2125,,24449,,,274211840,362807296,317117440,364904448,,,,,,,,2.8345000464469194,,
1791473681.9346638,602712,frontend_frame,2125,0,24449,55,8,264434688,362807296,317117440,364904448,,,,,,,,,,
1791473682.331662,602712,tracking_feedback_accumulate,2126,,24449,,,268513280,362807296,317117440,364904448,,,,,,,,2.8584999963641167,,
1791473682.3366618,602712,frontend_frame,2126,0,24449,55,8,270299136,362807296,317117440,364904448,,,,,,,,,,
1791473682.6744676,602712,tracking_feedback_accumulate,2127,,24449,,,274213888,362807296,317117440,364904448,,,,,,,,2.8343999292701483,,
1791473682.6794684,602712,frontend_frame,2127,0,24449,55,8,276000256,364904448,317117440,364904448,,,,,,,,,,
1791473683.0215385,602712,tracking_feedback_accumulate,2128,,24449,,,262734336,364904448,317117440,364904448,,,,,,,,3.0890998896211386,,
1791473683.0255382,602712,frontend_frame,2128,0,24449,55,8,264520192,364904448,317117440,364904448,,,,,,,,,,
1791473683.3919835,602712,tracking_feedback_accumulate,2129,,24449,,,268516864,364904448,317117440,364904448,,,,,,,,3.1966997776180506,,
1791473683.396985,602712,frontend_frame,2129,0,24449,55,8,270302720,364904448,317117440,364904448,,,,,,,,,,
1791473683.7208128,602712,tracking_feedback_accumulate,2130,,24449,,,262736384,364904448,317117440,364904448,,,,,,,,2.912800060585141,,
1791473683.725813,602712,frontend_frame,2130,0,24449,55,8,264522240,318767104,317117440,364904448,,,,,,,,,,
1791473684.109397,602712,tracking_feedback_accumulate,2131,,24449,,,268436992,360710144,317117440,364904448,,,,,,,,2.881699940189719,,
1791473684.1143966,602712,frontend_frame,2131,0,24449,55,8,270222848,360710144,317117440,364904448,,,,,,,,,,
1791473684.4886696,602712,tracking_feedback_accumulate,2132,,24449,,,274301440,362807296,317117440,364904448,,,,,,,,2.921400126069784,,
1791473684.4936707,602712,frontend_frame,2132,0,24449,55,8,264524288,362807296,317117440,364904448,,,,,,,,,,
1791473684.8688095,602712,tracking_feedback_accumulate,2133,,24449,,,268439040,362807296,317117440,364904448,,,,,,,,2.966600004583597,,
1791473684.8738096,602712,frontend_frame,2133,0,24449,55,8,270224896,362807296,317117440,364904448,,,,,,,,,,
1791473685.183282,602712,tracking_feedback_accumulate,2134,,24449,,,274303488,362807296,317117440,364904448,,,,,,,,3.045800141990185,,
1791473685.1882846,602712,frontend_frame,2134,0,24449,55,8,276089344,364904448,317117440,364904448,,,,,,,,,,
1791473685.5576377,602712,tracking_feedback_accumulate,2135,,24449,,,262659584,364904448,317117440,364904448,,,,,,,,3.4143999218940735,,
1791473685.5626369,602712,frontend_frame,2135,0,24449,55,8,264445440,364904448,317117440,364904448,,,,,,,,,,
1791473685.856215,602712,tracking_feedback_accumulate,2136,,24449,,,268524032,364904448,317117440,364904448,,,,,,,,2.9170000925660133,,
1791473685.8612142,602712,frontend_frame,2136,0,24449,55,8,270309888,364904448,317117440,364904448,,,,,,,,,,
1791473686.1143222,602712,tracking_feedback_accumulate,2137,,24449,,,274224640,364904448,317117440,364904448,,,,,,,,2.8880001045763493,,
1791473686.1193206,602712,frontend_frame,2137,0,24449,55,8,264447488,364904448,317117440,364904448,,,,,,,,,,
1791473686.3034716,602712,tracking_feedback_accumulate,2138,,24449,,,268526080,364904448,317117440,364904448,,,,,,,,2.840300090610981,,
1791473686.3084722,602712,frontend_frame,2138,0,24449,55,8,270311936,364904448,317117440,364904448,,,,,,,,,,
1791473686.669744,602712,tracking_feedback_accumulate,2139,,24449,,,274308608,364904448,317117440,364904448,,,,,,,,2.94959987513721,,
1791473686.6737437,602712,frontend_frame,2139,0,24449,55,8,276094464,364904448,317117440,364904448,,,,,,,,,,
1791473687.0333471,602712,tracking_feedback_accumulate,2140,,24449,,,262746624,364904448,317117440,364904448,,,,,,,,2.9279000591486692,,
1791473687.038885,602712,frontend_frame,2140,0,24449,55,8,264532480,339738624,317117440,364904448,,,,,,,,,,
1791473687.3303351,602712,tracking_feedback_accumulate,2141,,24449,,,268447232,360710144,317117440,364904448,,,,,,,,2.8741999994963408,,
1791473687.3343353,602712,frontend_frame,2141,0,24449,55,8,270233088,360710144,317117440,364904448,,,,,,,,,,
1791473687.720733,602712,tracking_feedback_accumulate,2142,,24449,,,274311680,362807296,317117440,364904448,,,,,,,,2.8711999766528606,,
1791473687.7257326,602712,frontend_frame,2142,0,24449,55,8,264534528,362807296,317117440,364904448,,,,,,,,,,
1791473688.018094,602712,tracking_feedback_accumulate,2143,,24449,,,268531200,362807296,317117440,364904448,,,,,,,,2.8255002107471228,,
1791473688.023094,602712,frontend_frame,2143,0,24449,55,8,270317056,362807296,317117440,364904448,,,,,,,,,,
1791473688.4075131,602712,tracking_feedback_accumulate,2144,,24449,,,274231808,362807296,317125632,364904448,,,,,,,,2.9128999449312687,,
1791473688.4125125,602712,frontend_frame,2144,0,24449,55,8,276017664,364904448,317125632,364904448,,,,,,,,,,
1791473688.7930439,602712,tracking_feedback_accumulate,2145,,24449,,,262751744,364904448,317125632,364904448,,,,,,,,2.971499925479293,,
1791473688.7980444,602712,frontend_frame,2145,0,24449,55,8,264537600,364904448,317125632,364904448,,,,,,,,,,
1791473689.178421,602712,tracking_feedback_accumulate,2146,,24449,,,268452352,364904448,317125632,364904448,,,,,,,,2.8958998154848814,,
1791473689.1834214,602712,frontend_frame,2146,0,24449,55,8,270238208,364904448,317125632,364904448,,,,,,,,,,
1791473689.519039,602712,tracking_feedback_accumulate,2147,,24449,,,262753792,364904448,317125632,364904448,,,,,,,,2.8586999978870153,,
1791473689.5230393,602712,frontend_frame,2147,0,24449,55,8,264539648,364904448,317125632,364904448,,,,,,,,,,
1791473689.8579736,602712,tracking_feedback_accumulate,2148,,24449,,,268536320,364904448,317125632,364904448,,,,,,,,2.9146000742912292,,
1791473689.8619735,602712,frontend_frame,2148,0,24449,55,8,270322176,364904448,317125632,364904448,,,,,,,,,,
1791473690.2594593,602712,tracking_feedback_accumulate,2149,,24449,,,274318848,364904448,317127168,364904448,,,,,,,,2.9368000105023384,,
1791473690.265458,602712,frontend_frame,2149,0,24449,55,8,264541696,364904448,317127168,364904448,,,,,,,,,,
1791473690.5098014,602712,tracking_feedback_accumulate,2150,,24449,,,268538368,364904448,317127168,364904448,,,,,,,,2.8693999629467726,,
1791473690.5589564,602712,frontend_frame,2150,0,24449,56,8,274319872,364904448,317127168,364904448,,,,,,,,,,
1791473701.2440655,602712,tracking_feedback_accumulate,2151,,24842,,,278262272,364904448,321241600,364904448,,,,,,,,3.0337998177856207,,
1791473701.249065,602712,frontend_frame,2151,0,24842,56,8,280141312,364904448,321241600,364904448,,,,,,,,,,
1791473701.644094,602712,tracking_feedback_accumulate,2152,,24842,,,266784768,364904448,321241600,364904448,,,,,,,,2.9557000380009413,,
1791473701.6480935,602712,frontend_frame,2152,0,24842,56,8,268661248,364904448,321241600,364904448,,,,,,,,,,
1791473701.9814162,602712,tracking_feedback_accumulate,2153,,24842,,,272576000,364904448,321241600,364904448,,,,,,,,3.0104999896138906,,
1791473701.9864187,602712,frontend_frame,2153,0,24842,56,8,274452480,364904448,321241600,364904448,,,,,,,,,,
1791473702.3067858,602712,tracking_feedback_accumulate,2154,,24842,,,266786816,364904448,321241600,364904448,,,,,,,,2.8508000541478395,,
1791473702.3107848,602712,frontend_frame,2154,0,24842,56,8,268663296,364904448,321241600,364904448,,,,,,,,,,
1791473702.6880207,602712,tracking_feedback_accumulate,2155,,24842,,,272659968,364904448,321241600,364904448,,,,,,,,3.100999863818288,,
1791473702.6930206,602712,frontend_frame,2155,0,24842,56,8,274536960,364904448,321241600,364904448,,,,,,,,,,
1791473703.011042,602712,tracking_feedback_accumulate,2156,,24842,,,278533632,364904448,321474048,364904448,,,,,,,,2.8939000330865383,,
1791473703.0160418,602712,frontend_frame,2156,0,24842,56,8,268665856,364904448,321474048,364904448,,,,,,,,,,
1791473703.3774123,602712,tracking_feedback_accumulate,2157,,24842,,,272662528,364904448,321474048,364904448,,,,,,,,2.8684998396784067,,
1791473703.3824124,602712,frontend_frame,2157,0,24842,56,8,274539008,364904448,321474048,364904448,,,,,,,,,,
1791473703.7201955,602712,tracking_feedback_accumulate,2158,,24842,,,278453760,364904448,321486336,364904448,,,,,,,,3.0411998741328716,,
1791473703.725196,602712,frontend_frame,2158,0,24842,56,8,280330240,367001600,321486336,367001600,,,,,,,,,,
1791473704.0621057,602712,tracking_feedback_accumulate,2159,,24842,,,266792448,367001600,321486336,367001600,,,,,,,,2.8927000239491463,,
1791473704.0671053,602712,frontend_frame,2159,0,24842,56,8,268668928,367001600,321486336,367001600,,,,,,,,,,
1791473704.4425642,602712,tracking_feedback_accumulate,2160,,24842,,,272583680,367001600,321486336,367001600,,,,,,,,2.867699833586812,,
1791473704.447565,602712,frontend_frame,2160,0,24842,56,8,274460160,318767104,321486336,367001600,,,,,,,,,,
1791473704.8370996,602712,tracking_feedback_accumulate,2161,,24842,,,278538752,364904448,321494016,367001600,,,,,,,,2.907299902290106,,
1791473704.8421,602712,frontend_frame,2161,0,24842,56,8,268670976,364904448,321494016,367001600,,,,,,,,,,
1791473705.193054,602712,tracking_feedback_accumulate,2162,,24842,,,272585728,364904448,321494016,367001600,,,,,,,,2.911200048401952,,
1791473705.1980543,602712,frontend_frame,2162,0,24842,56,8,274462208,364904448,321494016,367001600,,,,,,,,,,
1791473705.537364,602712,tracking_feedback_accumulate,2163,,24842,,,278540800,364904448,321494016,367001600,,,,,,,,3.129200078547001,,
1791473705.5423627,602712,frontend_frame,2163,0,24842,56,8,280417280,367001600,321494016,367001600,,,,,,,,,,
1791473705.9231055,602712,tracking_feedback_accumulate,2164,,24842,,,266715648,367001600,321494016,367001600,,,,,,,,2.8653000481426716,,
1791473705.9281058,602712,frontend_frame,2164,0,24842,56,8,268592128,367001600,321494016,367001600,,,,,,,,,,
1791473706.3005178,602712,tracking_feedback_accumulate,2165,,24842,,,272670720,367001600,321494016,367001600,,,,,,,,2.8340001590549946,,
1791473706.3045192,602712,frontend_frame,2165,0,24842,56,8,274547200,367001600,321494016,367001600,,,,,,,,,,
1791473706.68565,602712,tracking_feedback_accumulate,2166,,24842,,,278461952,367001600,321494016,367001600,,,,,,,,2.869900083169341,,
1791473706.6916492,602712,frontend_frame,2166,0,24842,56,8,268594176,367001600,321494016,367001600,,,,,,,,,,
1791473707.0237567,602712,tracking_feedback_accumulate,2167,,24842,,,272672768,367001600,321494016,367001600,,,,,,,,2.889599883928895,,
1791473707.0282576,602712,frontend_frame,2167,0,24842,56,8,274549248,367001600,321494016,367001600,,,,,,,,,,
1791473707.423292,602712,tracking_feedback_accumulate,2168,,24842,,,278545920,367001600,321496576,367001600,,,,,,,,2.9968000017106533,,
1791473707.4282918,602712,frontend_frame,2168,0,24842,56,8,280422400,367001600,321496576,367001600,,,,,,,,,,
1791473707.757093,602712,tracking_feedback_accumulate,2169,,24842,,,266720768,367001600,321496576,367001600,,,,,,,,2.922199899330735,,
1791473707.761093,602712,frontend_frame,2169,0,24842,56,8,268597248,367001600,321496576,367001600,,,,,,,,,,
1791473708.0828772,602712,tracking_feedback_accumulate,2170,,24842,,,272675840,367001600,321496576,367001600,,,,,,,,2.7902000583708286,,
1791473708.087877,602712,frontend_frame,2170,0,24842,56,8,274552320,318767104,321496576,367001600,,,,,,,,,,
1791473708.4340744,602712,tracking_feedback_accumulate,2171,,24842,,,266722816,364904448,321496576,367001600,,,,,,,,2.9559999238699675,,
1791473708.438078,602712,frontend_frame,2171,0,24842,56,8,268599296,364904448,321496576,367001600,,,,,,,,,,
1791473708.7055995,602712,tracking_feedback_accumulate,2172,,24842,,,272677888,364904448,321496576,367001600,,,,,,,,3.29039990901947,,
1791473708.7568653,602712,frontend_frame,2172,0,24842,57,8,278550016,364904448,321496576,367001600,,,,,,,,,,
1791473719.459418,602712,tracking_feedback_accumulate,2173,,24887,,,282551296,364904448,325714944,367001600,,,,,,,,2.9644002206623554,,
1791473719.464419,602712,frontend_frame,2173,0,24887,57,8,272691200,364904448,325714944,367001600,,,,,,,,,,
1791473719.831902,602712,tracking_feedback_accumulate,2174,,24887,,,276605952,364904448,325714944,367001600,,,,,,,,3.0086999759078026,,
1791473719.8374064,602712,frontend_frame,2174,0,24887,57,8,278490624,364904448,325714944,367001600,,,,,,,,,,
1791473720.1983979,602712,tracking_feedback_accumulate,2175,,24887,,,282569216,364904448,325738496,367001600,,,,,,,,3.1053998973220587,,
1791473720.204398,602712,frontend_frame,2175,0,24887,57,8,284453888,367001600,325738496,367001600,,,,,,,,,,
1791473720.5562792,602712,tracking_feedback_accumulate,2176,,24887,,,270727680,367001600,325738496,367001600,,,,,,,,2.9745001811534166,,
1791473720.5602803,602712,frontend_frame,2176,0,24887,57,8,272612352,367001600,325738496,367001600,,,,,,,,,,
1791473720.8838458,602712,tracking_feedback_accumulate,2177,,24887,,,276690944,367001600,325738496,367001600,,,,,,,,2.8983999509364367,,
1791473720.888846,602712,frontend_frame,2177,0,24887,57,8,278576128,367001600,325738496,367001600,,,,,,,,,,
1791473721.2836747,602712,tracking_feedback_accumulate,2178,,24887,,,282490880,367001600,325738496,367001600,,,,,,,,2.9147998429834843,,
1791473721.2886748,602712,frontend_frame,2178,0,24887,57,8,272614912,367001600,325738496,367001600,,,,,,,,,,
1791473721.6693344,602712,tracking_feedback_accumulate,2179,,24887,,,276693504,367001600,325738496,367001600,,,,,,,,2.891899785026908,,
1791473721.6743333,602712,frontend_frame,2179,0,24887,57,8,278578176,367001600,325738496,367001600,,,,,,,,,,
1791473722.0529819,602712,tracking_feedback_accumulate,2180,,24887,,,282574848,367001600,325738496,367001600,,,,,,,,2.9299999587237835,,
1791473722.0839832,602712,frontend_frame,2180,0,24887,57,8,272698880,341835776,325738496,367001600,,,,,,,,,,
1791473722.4231946,602712,tracking_feedback_accumulate,2181,,24887,,,276695552,362807296,325738496,367001600,,,,,,,,2.832799917086959,,
1791473722.4281945,602712,frontend_frame,2181,0,24887,57,8,278580224,362807296,325738496,367001600,,,,,,,,,,
1791473722.8650627,602712,tracking_feedback_accumulate,2182,,24887,,,282494976,364904448,325738496,367001600,,,,,,,,3.1862000469118357,,
1791473722.8700616,602712,frontend_frame,2182,0,24887,57,8,284379648,367001600,325738496,367001600,,,,,,,,,,
1791473723.2497609,602712,tracking_feedback_accumulate,2183,,24887,,,276697600,367001600,325738496,367001600,,,,,,,,2.822200069203973,,
1791473723.254759,602712,frontend_frame,2183,0,24887,57,8,278582272,367001600,325738496,367001600,,,,,,,,,,
1791473723.6655025,602712,tracking_feedback_accumulate,2184,,24887,,,282497024,367001600,325738496,367001600,,,,,,,,2.9637999832630157,,
1791473723.6695025,602712,frontend_frame,2184,0,24887,57,8,284381696,367001600,325738496,367001600,,,,,,,,,,
1791473723.991882,602712,tracking_feedback_accumulate,2185,,24887,,,288460288,371195904,331593728,371195904,,,,,,,,2.8874001000076532,,
1791473723.9978824,602712,frontend_frame,2185,0,24887,57,8,278584320,371195904,331593728,371195904,,,,,,,,,,
1791473724.3870485,602712,tracking_feedback_accumulate,2186,,24887,,,282580992,371195904,331593728,371195904,,,,,,,,3.006200073286891,,
1791473724.3920493,602712,frontend_frame,2186,0,24887,57,8,284465664,371195904,331593728,371195904,,,,,,,,,,
1791473724.7732775,602712,tracking_feedback_accumulate,2187,,24887,,,288462336,371195904,331593728,371195904,,,,,,,,2.9754999559372663,,
1791473724.7792776,602712,frontend_frame,2187,0,24887,57,8,290347008,373293056,331593728,373293056,,,,,,,,,,
1791473725.104615,602712,tracking_feedback_accumulate,2188,,24887,,,276620800,373293056,331593728,373293056,,,,,,,,2.877200022339821,,
1791473725.109615,602712,frontend_frame,2188,0,24887,57,8,278505472,373293056,331593728,373293056,,,,,,,,,,
1791473725.3765724,602712,tracking_feedback_accumulate,2189,,24887,,,282584064,373293056,331593728,373293056,,,,,,,,2.9482999816536903,,
1791473725.3815727,602712,frontend_frame,2189,0,24887,57,8,284468736,373293056,331593728,373293056,,,,,,,,,,
1791473725.7388,602712,tracking_feedback_accumulate,2190,,24887,,,288383488,373293056,331593728,373293056,,,,,,,,2.886599861085415,,
1791473725.7450118,602712,frontend_frame,2190,0,24887,57,8,278507520,346030080,331593728,373293056,,,,,,,,,,
1791473726.0760016,602712,tracking_feedback_accumulate,2191,,24887,,,282586112,367001600,331593728,373293056,,,,,,,,2.8111999854445457,,
1791473726.0810022,602712,frontend_frame,2191,0,24887,57,8,284470784,367001600,331593728,373293056,,,,,,,,,,
1791473726.4161587,602712,tracking_feedback_accumulate,2192,,24887,,,288385536,371195904,331593728,373293056,,,,,,,,3.082199953496456,,
1791473726.4211576,602712,frontend_frame,2192,0,24887,57,8,290270208,373293056,331593728,373293056,,,,,,,,,,
1791473726.7953267,602712,tracking_feedback_accumulate,2193,,24887,,,276707840,373293056,331593728,373293056,,,,,,,,2.9889000579714775,,
1791473726.8458338,602712,frontend_frame,2193,0,24887,58,8,282588160,373293056,331593728,373293056,,,,,,,,,,
1791473737.6109707,602712,tracking_feedback_accumulate,2194,,25179,,,286524416,373293056,331593728,373293056,,,,,,,,2.927500056102872,,
1791473737.6149707,602712,frontend_frame,2194,0,25179,58,8,288479744,373293056,331593728,373293056,,,,,,,,,,
1791473737.9466486,602712,tracking_feedback_accumulate,2195,,25179,,,280729088,373293056,331593728,373293056,,,,,,,,2.9718000441789627,,
1791473737.9516492,602712,frontend_frame,2195,0,25179,58,8,282682368,373293056,331593728,373293056,,,,,,,,,,
1791473738.3264549,602712,tracking_feedback_accumulate,2196,,25179,,,286597120,373293056,331593728,373293056,,,,,,,,3.161099972203374,,
1791473738.3314552,602712,frontend_frame,2196,0,25179,58,8,288550400,373293056,331593728,373293056,,,,,,,,,,
1791473738.6692815,602712,tracking_feedback_accumulate,2197,,25179,,,292628992,373293056,336004096,373293056,,,,,,,,2.992900088429451,,
1791473738.6762817,602712,frontend_frame,2197,0,25179,58,8,276804096,373293056,336004096,373293056,,,,,,,,,,
1791473739.022515,602712,tracking_feedback_accumulate,2198,,25179,,,280718848,373293056,336004096,373293056,,,,,,,,2.8560999780893326,,
1791473739.0265152,602712,frontend_frame,2198,0,25179,58,8,282672640,373293056,336004096,373293056,,,,,,,,,,
1791473739.4162903,602712,tracking_feedback_accumulate,2199,,25179,,,286751232,373293056,336004096,373293056,,,,,,,,2.9235000256448984,,
1791473739.4212902,602712,frontend_frame,2199,0,25179,58,8,288704512,373293056,336004096,373293056,,,,,,,,,,
1791473739.8020253,602712,tracking_feedback_accumulate,2200,,25179,,,274772480,394264576,336004096,394264576,,,,,,,,2.964199986308813,,
1791473739.807026,602712,frontend_frame,2200,0,25179,58,8,276725760,346030080,336004096,394264576,,,,,,,,,,
1791473740.1503007,602712,tracking_feedback_accumulate,2201,,25179,,,280804352,367001600,336004096,394264576,,,,,,,,2.9323999769985676,,
1791473740.1543016,602712,frontend_frame,2201,0,25179,58,8,282757632,367001600,336004096,394264576,,,,,,,,,,
1791473740.5011733,602712,tracking_feedback_accumulate,2202,,25179,,,286672384,387973120,336004096,394264576,,,,,,,,2.866199938580394,,
1791473740.506173,602712,frontend_frame,2202,0,25179,58,8,276727808,387973120,336004096,394264576,,,,,,,,,,
1791473740.8893294,602712,tracking_feedback_accumulate,2203,,25179,,,280806400,387973120,336004096,394264576,,,,,,,,2.954800147563219,,
1791473740.8943295,602712,frontend_frame,2203,0,25179,58,8,282759680,387973120,336004096,394264576,,,,,,,,,,
1791473741.3111203,602712,tracking_feedback_accumulate,2204,,25179,,,286756352,387973120,336004096,394264576,,,,,,,,2.8395000845193863,,
1791473741.316122,602712,frontend_frame,2204,0,25179,58,8,288709632,390070272,336004096,394264576,,,,,,,,,,
1791473741.670257,602712,tracking_feedback_accumulate,2205,,25179,,,274859520,390070272,336004096,394264576,,,,,,,,3.338900161907077,,
1791473741.6742568,602712,frontend_frame,2205,0,25179,58,8,276812800,390070272,336004096,394264576,,,,,,,,,,
1791473741.977478,602712,tracking_feedback_accumulate,2206,,25179,,,280727552,390070272,336004096,394264576,,,,,,,,2.9054000042378902,,
1791473741.982112,602712,frontend_frame,2206,0,25179,58,8,282680832,390070272,336004096,394264576,,,,,,,,,,
1791473742.3566217,602712,tracking_feedback_accumulate,2207,,25179,,,286759424,390070272,336004096,394264576,,,,,,,,2.885900205001235,,
1791473742.3616712,602712,frontend_frame,2207,0,25179,58,8,276814848,390070272,336004096,394264576,,,,,,,,,,
1791473742.7141173,602712,tracking_feedback_accumulate,2208,,25179,,,280729600,390070272,336004096,394264576,,,,,,,,2.9196999967098236,,
1791473742.7181168,602712,frontend_frame,2208,0,25179,58,8,282682880,390070272,336004096,394264576,,,,,,,,,,
1791473743.042844,602712,tracking_feedback_accumulate,2209,,25179,,,286761472,390070272,336004096,394264576,,,,,,,,2.78700003400445,,
1791473743.0478451,602712,frontend_frame,2209,0,25179,58,8,276816896,390070272,336004096,394264576,,,,,,,,,,
1791473743.4278605,602712,tracking_feedback_accumulate,2210,,25179,,,280731648,390070272,336004096,394264576,,,,,,,,2.9360000044107437,,
1791473743.4328613,602712,frontend_frame,2210,0,25179,58,8,282684928,346030080,336004096,394264576,,,,,,,,,,
1791473743.6935446,602712,tracking_feedback_accumulate,2211,,25179,,,286763520,367001600,336004096,394264576,,,,,,,,2.8937000315636396,,
1791473743.6995451,602712,frontend_frame,2211,0,25179,58,8,288716800,369098752,336004096,394264576,,,,,,,,,,
1791473744.0439832,602712,tracking_feedback_accumulate,2212,,25179,,,280733696,390070272,336004096,394264576,,,,,,,,2.9345001094043255,,
1791473744.0479832,602712,frontend_frame,2212,0,25179,58,8,282686976,390070272,336004096,394264576,,,,,,,,,,
1791473744.3321023,602712,tracking_feedback_accumulate,2213,,25179,,,286765568,390070272,336004096,394264576,,,,,,,,2.8747001197189093,,
1791473744.3361022,602712,frontend_frame,2213,0,25179,58,8,288718848,390070272,336004096,394264576,,,,,,,,,,
1791473744.6989832,602712,tracking_feedback_accumulate,2214,,25179,,,292715520,394264576,336004096,394264576,,,,,,,,2.845000009983778,,
1791473744.7479856,602712,frontend_frame,2214,0,25179,59,8,286766592,394264576,336004096,394264576,,,,,,,,,,
1791473755.5286956,602712,tracking_feedback_accumulate,2215,,25640,,,290713088,394264576,336004096,394264576,,,,,,,,2.942499937489629,,
1791473755.5336962,602712,frontend_frame,2215,0,25640,59,8,292775936,394264576,336004096,394264576,,,,,,,,,,
1791473755.952022,602712,tracking_feedback_accumulate,2216,,25640,,,296854528,394264576,340400640,394264576,,,,,,,,2.9618002008646727,,
1791473755.9580228,602712,frontend_frame,2216,0,25640,59,8,298914304,396361728,340400640,396361728,,,,,,,,,,
1791473756.3368356,602712,tracking_feedback_accumulate,2217,,25640,,,284851200,396361728,340400640,396361728,,,,,,,,2.950299996882677,,
1791473756.3418362,602712,frontend_frame,2217,0,25640,59,8,286910976,396361728,340400640,396361728,,,,,,,,,,
1791473756.724832,602712,tracking_feedback_accumulate,2218,,25640,,,290907648,396361728,340400640,396361728,,,,,,,,2.930199960246682,,
1791473756.7293777,602712,frontend_frame,2218,0,25640,59,8,292967424,396361728,340400640,396361728,,,,,,,,,,
1791473757.039777,602712,tracking_feedback_accumulate,2219,,25640,,,284771328,396361728,340400640,396361728,,,,,,,,3.078100038692355,,
1791473757.044289,602712,frontend_frame,2219,0,25640,59,8,286831616,396361728,340400640,396361728,,,,,,,,,,
1791473757.4033284,602712,tracking_feedback_accumulate,2220,,25640,,,290910208,396361728,340400640,396361728,,,,,,,,2.8982001822441816,,
1791473757.4093294,602712,frontend_frame,2220,0,25640,59,8,292969984,346030080,340400640,396361728,,,,,,,,,,
1791473757.7337942,602712,tracking_feedback_accumulate,2221,,25640,,,296966656,394264576,340482560,396361728,,,,,,,,2.888800110667944,,
1791473757.7387955,602712,frontend_frame,2221,0,25640,59,8,286915584,394264576,340482560,396361728,,,,,,,,,,
1791473758.1075027,602712,tracking_feedback_accumulate,2222,,25640,,,290830336,394264576,340482560,396361728,,,,,,,,2.93329986743629,,
1791473758.1125023,602712,frontend_frame,2222,0,25640,59,8,292890112,394264576,340482560,396361728,,,,,,,,,,
1791473758.4542794,602712,tracking_feedback_accumulate,2223,,25640,,,296968704,394264576,340486144,396361728,,,,,,,,2.89939995855093,,
1791473758.45928,602712,frontend_frame,2223,0,25640,59,8,299028480,396361728,340486144,396361728,,,,,,,,,,
1791473758.7857568,602712,tracking_feedback_accumulate,2224,,25640,,,284858880,396361728,340486144,396361728,,,,,,,,2.953500021249056,,
1791473758.7897577,602712,frontend_frame,2224,0,25640,59,8,286918656,396361728,340486144,396361728,,,,,,,,,,
1791473759.1796277,602712,tracking_feedback_accumulate,2225,,25640,,,290833408,396361728,340486144,396361728,,,,,,,,2.956199925392866,,
1791473759.184627,602712,frontend_frame,2225,0,25640,59,8,292893184,396361728,340486144,396361728,,,,,,,,,,
1791473759.5095954,602712,tracking_feedback_accumulate,2226,,25640,,,296971776,396361728,340486144,396361728,,,,,,,,2.9291000682860613,,
1791473759.5145955,602712,frontend_frame,2226,0,25640,59,8,280971776,396361728,340486144,396361728,,,,,,,,,,
1791473759.8292136,602712,tracking_feedback_accumulate,2227,,25640,,,284968448,396361728,340486144,396361728,,,,,,,,2.8901000041514635,,
1791473759.833214,602712,frontend_frame,2227,0,25640,59,8,287028224,396361728,340486144,396361728,,,,,,,,,,
1791473760.1745746,602712,tracking_feedback_accumulate,2228,,25640,,,290942976,396361728,340486144,396361728,,,,,,,,3.1389999203383923,,
1791473760.180081,602712,frontend_frame,2228,0,25640,59,8,293002752,396361728,340486144,396361728,,,,,,,,,,
1791473760.5058234,602712,tracking_feedback_accumulate,2229,,25640,,,278915072,396361728,340486144,396361728,,,,,,,,2.900499850511551,,
1791473760.51139,602712,frontend_frame,2229,0,25640,59,8,280974848,396361728,340486144,396361728,,,,,,,,,,
1791473760.9141173,602712,tracking_feedback_accumulate,2230,,25640,,,284889600,396361728,340486144,396361728,,,,,,,,2.957399934530258,,
1791473760.9192295,602712,frontend_frame,2230,0,25640,59,8,286949376,346030080,340486144,396361728,,,,,,,,,,
1791473761.2493784,602712,tracking_feedback_accumulate,2231,,25640,,,291027968,387973120,340486144,396361728,,,,,,,,2.927300054579973,,
1791473761.2543783,602712,frontend_frame,2231,0,25640,59,8,280976896,387973120,340486144,396361728,,,,,,,,,,
1791473761.5396492,602712,tracking_feedback_accumulate,2232,,25640,,,284973568,387973120,340486144,396361728,,,,,,,,2.912099938839674,,
1791473761.54465,602712,frontend_frame,2232,0,25640,59,8,287033344,387973120,340486144,396361728,,,,,,,,,,
1791473761.7030127,602712,tracking_feedback_accumulate,2233,,25640,,,291030016,387973120,340486144,396361728,,,,,,,,2.9100999236106873,,
1791473761.7080164,602712,frontend_frame,2233,0,25640,59,8,293089792,390070272,340486144,396361728,,,,,,,,,,
1791473762.0102656,602712,tracking_feedback_accumulate,2234,,25640,,,278838272,390070272,340486144,396361728,,,,,,,,2.9657999984920025,,
1791473762.014866,602712,frontend_frame,2234,0,25640,59,8,280898048,390070272,340486144,396361728,,,,,,,,,,
1791473762.4011633,602712,tracking_feedback_accumulate,2235,,25640,,,284976640,390070272,340486144,396361728,,,,,,,,2.9193998780101538,,
1791473762.4091625,602712,frontend_frame,2235,0,25640,59,8,287036416,390070272,340486144,396361728,,,,,,,,,,
1791473762.6489823,602712,tracking_feedback_accumulate,2236,,25640,,,278922240,390070272,340486144,396361728,,,,,,,,2.9297000728547573,,
1791473762.6529813,602712,frontend_frame,2236,0,25640,59,8,280982016,390070272,340486144,396361728,,,,,,,,,,
1791473762.98737,602712,tracking_feedback_accumulate,2237,,25640,,,284896768,390070272,340486144,396361728,,,,,,,,3.196100005879998,,
1791473763.04149,602712,frontend_frame,2237,0,25640,60,8,290952192,390070272,340486144,396361728,,,,,,,,,,
1791473773.9107358,602712,tracking_feedback_accumulate,2238,,25834,,,282934784,390070272,340486144,396361728,,,,,,,,2.8693999629467726,,
1791473773.9167354,602712,frontend_frame,2238,0,25834,60,8,285042176,390070272,340486144,396361728,,,,,,,,,,
1791473774.2205384,602712,tracking_feedback_accumulate,2239,,25834,,,288956928,390070272,340486144,396361728,,,,,,,,2.9146000742912292,,
1791473774.2245376,602712,frontend_frame,2239,0,25834,60,8,291063296,390070272,340486144,396361728,,,,,,,,,,
1791473774.512244,602712,tracking_feedback_accumulate,2240,,25834,,,295141888,390070272,340486144,396361728,,,,,,,,2.952100010588765,,
1791473774.5172436,602712,frontend_frame,2240,0,25834,60,8,285044224,346030080,340486144,396361728,,,,,,,,,,
1791473774.9033587,602712,tracking_feedback_accumulate,2241,,25834,,,289040896,387973120,340486144,396361728,,,,,,,,3.0133998952805996,,
1791473774.9083574,602712,frontend_frame,2241,0,25834,60,8,291147264,387973120,340486144,396361728,,,,,,,,,,
1791473775.1998513,602712,tracking_feedback_accumulate,2242,,25834,,,295143936,387973120,340486144,396361728,,,,,,,,2.8111001010984182,,
1791473775.2048516,602712,frontend_frame,2242,0,25834,60,8,297250816,390070272,340486144,396361728,,,,,,,,,,
1791473775.4759796,602712,tracking_feedback_accumulate,2243,,25834,,,282941440,390070272,340486144,396361728,,,,,,,,7.36370007507503,,
1791473775.4809785,602712,frontend_frame,2243,0,25834,60,8,285047808,390070272,340486144,396361728,,,,,,,,,,
1791473775.894742,602712,tracking_feedback_accumulate,2244,,25834,,,288962560,390070272,340486144,396361728,,,,,,,,2.887899987399578,,
1791473775.899742,602712,frontend_frame,2244,0,25834,60,8,291068928,390070272,340486144,396361728,,,,,,,,,,
1791473776.1962807,602712,tracking_feedback_accumulate,2245,,25834,,,295147520,390070272,340486144,396361728,,,,,,,,2.7294999454170465,,
1791473776.20128,602712,frontend_frame,2245,0,25834,60,8,285049856,390070272,340486144,396361728,,,,,,,,,,
1791473776.5274851,602712,tracking_feedback_accumulate,2246,,25834,,,289046528,390070272,340486144,396361728,,,,,,,,2.928299829363823,,
1791473776.5324845,602712,frontend_frame,2246,0,25834,60,8,291152896,390070272,340486144,396361728,,,,,,,,,,
1791473776.7491913,602712,tracking_feedback_accumulate,2247,,25834,,,295149568,390070272,340486144,396361728,,,,,,,,2.9260001610964537,,
1791473776.7541907,602712,frontend_frame,2247,0,25834,60,8,285051904,390070272,340486144,396361728,,,,,,,,,,
1791473777.081677,602712,tracking_feedback_accumulate,2248,,25834,,,289048576,390070272,340486144,396361728,,,,,,,,2.8144000098109245,,
1791473777.0856762,602712,frontend_frame,2248,0,25834,60,8,291154944,390070272,340486144,396361728,,,,,,,,,,
1791473777.476234,602712,tracking_feedback_accumulate,2249,,25834,,,295069696,390070272,340486144,396361728,,,,,,,,2.9464000836014748,,
1791473777.4812338,602712,frontend_frame,2249,0,25834,60,8,297176064,390070272,340486144,396361728,,,,,,,,,,
1791473777.8805087,602712,tracking_feedback_accumulate,2250,,25834,,,289050624,390070272,340486144,396361728,,,,,,,,2.908000024035573,,
1791473777.8855085,602712,frontend_frame,2250,0,25834,60,8,291156992,367001600,340486144,396361728,,,,,,,,,,
1791473778.282965,602712,tracking_feedback_accumulate,2251,,25834,,,295071744,387973120,340486144,396361728,,,,,,,,3.1816998962312937,,
1791473778.2879632,602712,frontend_frame,2251,0,25834,60,8,297178112,390070272,340486144,396361728,,,,,,,,,,
1791473778.6193724,602712,tracking_feedback_accumulate,2252,,25834,,,301256704,394264576,344793600,396361728,,,,,,,,2.9331000987440348,,
1791473778.6243718,602712,frontend_frame,2252,0,25834,60,8,291159040,394264576,344793600,396361728,,,,,,,,,,
1791473778.9065294,602712,tracking_feedback_accumulate,2253,,25834,,,295073792,394264576,344793600,396361728,,,,,,,,3.033099928870797,,
1791473778.9115298,602712,frontend_frame,2253,0,25834,60,8,297180160,394264576,344793600,396361728,,,,,,,,,,
1791473779.2168062,602712,tracking_feedback_accumulate,2254,,25834,,,301258752,394264576,344793600,396361728,,,,,,,,2.875200007110834,,
1791473779.221806,602712,frontend_frame,2254,0,25834,60,8,303365120,396361728,344793600,396361728,,,,,,,,,,
1791473779.48999,602712,tracking_feedback_accumulate,2255,,25834,,,282871808,396361728,344793600,396361728,,,,,,,,2.9362000059336424,,
1791473779.4940226,602712,frontend_frame,2255,0,25834,60,8,284978176,396361728,344793600,396361728,,,,,,,,,,
1791473779.8383043,602712,tracking_feedback_accumulate,2256,,25834,,,289056768,396361728,344793600,396361728,,,,,,,,3.2052001915872097,,
1791473779.8433044,602712,frontend_frame,2256,0,25834,60,8,291163136,396361728,344793600,396361728,,,,,,,,,,
1791473780.1305594,602712,tracking_feedback_accumulate,2257,,25834,,,295159808,396361728,344793600,396361728,,,,,,,,2.98219989053905,,
1791473780.1355593,602712,frontend_frame,2257,0,25834,60,8,285062144,396361728,344793600,396361728,,,,,,,,,,
1791473780.4341366,602712,tracking_feedback_accumulate,2258,,25834,,,288976896,396361728,344793600,396361728,,,,,,,,2.987300045788288,,
1791473780.4391375,602712,frontend_frame,2258,0,25834,60,8,291083264,396361728,344793600,396361728,,,,,,,,,,
1791473780.8673317,602712,tracking_feedback_accumulate,2259,,25834,,,295161856,396361728,344793600,396361728,,,,,,,,2.785499906167388,,
1791473780.872332,602712,frontend_frame,2259,0,25834,60,8,297268224,396361728,344793600,396361728,,,,,,,,,,
1791473781.1610112,602712,tracking_feedback_accumulate,2260,,25834,,,282958848,396361728,344793600,396361728,,,,,,,,3.1229001469910145,,
1791473781.2111075,602712,frontend_frame,2260,0,25834,61,8,289060864,396361728,344793600,396361728,,,,,,,,,,
1791473791.9955146,602712,tracking_feedback_accumulate,2261,,25438,,,292953088,396361728,344793600,396361728,,,,,,,,2.8757001273334026,,
1791473791.9995146,602712,frontend_frame,2261,0,25438,61,8,294963200,396361728,344793600,396361728,,,,,,,,,,
1791473792.303514,602712,tracking_feedback_accumulate,2262,,25438,,,286930432,396361728,344793600,396361728,,,,,,,,2.9745998326689005,,
1791473792.3076618,602712,frontend_frame,2262,0,25438,61,8,288944128,396361728,344793600,396361728,,,,,,,,,,
1791473792.6558316,602712,tracking_feedback_accumulate,2263,,25438,,,292858880,396361728,344793600,396361728,,,,,,,,2.8957000467926264,,
1791473792.6608317,602712,frontend_frame,2263,0,25438,61,8,294872576,396361728,344793600,396361728,,,,,,,,,,
1791473792.915359,602712,tracking_feedback_accumulate,2264,,25438,,,298951168,396361728,344793600,396361728,,,,,,,,2.8742998838424683,,
1791473792.9203582,602712,frontend_frame,2264,0,25438,61,8,288946176,396361728,344793600,396361728,,,,,,,,,,
1791473793.265958,602712,tracking_feedback_accumulate,2265,,25438,,,292860928,396361728,344793600,396361728,,,,,,,,2.7468998450785875,,
1791473793.2709582,602712,frontend_frame,2265,0,25438,61,8,294875136,396361728,344793600,396361728,,,,,,,,,,
1791473793.576638,602712,tracking_feedback_accumulate,2266,,25438,,,298953728,396361728,344793600,396361728,,,,,,,,2.992300083860755,,
1791473793.5816364,602712,frontend_frame,2266,0,25438,61,8,300967424,396361728,344793600,396361728,,,,,,,,,,
1791473793.945897,602712,tracking_feedback_accumulate,2267,,25438,,,286854144,396361728,344793600,396361728,,,,,,,,2.842299873009324,,
1791473793.9498968,602712,frontend_frame,2267,0,25438,61,8,288867840,396361728,344793600,396361728,,,,,,,,,,
1791473794.2752535,602712,tracking_feedback_accumulate,2268,,25438,,,292946432,396361728,344793600,396361728,,,,,,,,2.9154999647289515,,
1791473794.2792537,602712,frontend_frame,2268,0,25438,61,8,294960128,396361728,344793600,396361728,,,,,,,,,,
1791473794.7064114,602712,tracking_feedback_accumulate,2269,,25438,,,298874880,396361728,344793600,396361728,,,,,,,,2.9309000819921494,,
1791473794.7114112,602712,frontend_frame,2269,0,25438,61,8,288869888,396361728,344793600,396361728,,,,,,,,,,
1791473795.0558739,602712,tracking_feedback_accumulate,2270,,25438,,,292948480,396361728,344793600,396361728,,,,,,,,2.9368000105023384,,
1791473795.0608752,602712,frontend_frame,2270,0,25438,61,8,294962176,369098752,344793600,396361728,,,,,,,,,,
1791473795.285,602712,tracking_feedback_accumulate,2271,,25438,,,298876928,390070272,344793600,396361728,,,,,,,,3.0050999484956264,,
1791473795.289001,602712,frontend_frame,2271,0,25438,61,8,300890624,390070272,344793600,396361728,,,,,,,,,,
1791473795.6180513,602712,tracking_feedback_accumulate,2272,,25438,,,286941184,390070272,344793600,396361728,,,,,,,,3.2085999846458435,,
1791473795.6230512,602712,frontend_frame,2272,0,25438,61,8,288954880,390070272,344793600,396361728,,,,,,,,,,
1791473795.9371512,602712,tracking_feedback_accumulate,2273,,25438,,,292869632,390070272,344793600,396361728,,,,,,,,2.924799919128418,,
1791473795.9411514,602712,frontend_frame,2273,0,25438,61,8,294883328,390070272,344793600,396361728,,,,,,,,,,
1791473796.323182,602712,tracking_feedback_accumulate,2274,,25438,,,298961920,390070272,344793600,396361728,,,,,,,,3.216400044038892,,
1791473796.3281808,602712,frontend_frame,2274,0,25438,61,8,288956928,390070272,344793600,396361728,,,,,,,,,,
1791473796.604402,602712,tracking_feedback_accumulate,2275,,25438,,,292871680,390070272,344793600,396361728,,,,,,,,3.045199904590845,,
1791473796.60991,602712,frontend_frame,2275,0,25438,61,8,294885376,390070272,344793600,396361728,,,,,,,,,,
1791473796.8882694,602712,tracking_feedback_accumulate,2276,,25438,,,298963968,390070272,344793600,396361728,,,,,,,,3.0360000673681498,,
1791473796.8932705,602712,frontend_frame,2276,0,25438,61,8,288958976,390070272,344793600,396361728,,,,,,,,,,
1791473797.316262,602712,tracking_feedback_accumulate,2277,,25438,,,292873728,390070272,344793600,396361728,,,,,,,,2.897700062021613,,
1791473797.321262,602712,frontend_frame,2277,0,25438,61,8,294887424,390070272,344793600,396361728,,,,,,,,,,
1791473797.6939478,602712,tracking_feedback_accumulate,2278,,25438,,,298966016,390070272,344793600,396361728,,,,,,,,2.904699882492423,,
1791473797.6989503,602712,frontend_frame,2278,0,25438,61,8,300979712,390070272,344793600,396361728,,,,,,,,,,
1791473798.1175382,602712,tracking_feedback_accumulate,2279,,25438,,,292957696,390070272,344793600,396361728,,,,,,,,2.8901000041514635,,
1791473798.1225383,602712,frontend_frame,2279,0,25438,61,8,294971392,390070272,344793600,396361728,,,,,,,,,,
1791473798.402038,602712,tracking_feedback_accumulate,2280,,25438,,,298886144,390070272,344793600,396361728,,,,,,,,2.904799999669194,,
1791473798.4070382,602712,frontend_frame,2280,0,25438,61,8,300899840,348127232,344793600,396361728,,,,,,,,,,
1791473798.6955364,602712,tracking_feedback_accumulate,2281,,25438,,,304978432,394264576,348021248,396361728,,,,,,,,3.058800008147955,,
1791473798.7015378,602712,frontend_frame,2281,0,25438,61,8,294973440,394264576,348021248,396361728,,,,,,,,,,
1791473799.01171,602712,tracking_feedback_accumulate,2282,,25438,,,298970112,394264576,348021248,396361728,,,,,,,,2.951200120151043,,
1791473799.061855,602712,frontend_frame,2282,0,25438,62,8,304979456,394264576,348021248,396361728,,,,,,,,,,
1791473809.7757428,602712,tracking_feedback_accumulate,2283,,24528,,,308836352,394264576,351923200,396361728,,,,,,,,2.9271000530570745,,
1791473809.7807431,602712,frontend_frame,2283,0,24528,62,8,310624768,396361728,351923200,396361728,,,,,,,,,,
1791473810.0345452,602712,tracking_feedback_accumulate,2284,,24528,,,290883584,396361728,351923200,396361728,,,,,,,,2.8321000281721354,,
1791473810.039545,602712,frontend_frame,2284,0,24528,62,8,292679680,396361728,351923200,396361728,,,,,,,,,,
1791473810.3537242,602712,tracking_feedback_accumulate,2285,,24528,,,296676352,396361728,351923200,396361728,,,,,,,,2.8941999189555645,,
1791473810.3587236,602712,frontend_frame,2285,0,24528,62,8,298472448,396361728,351923200,396361728,,,,,,,,,,
1791473810.7621531,602712,tracking_feedback_accumulate,2286,,24528,,,290803712,396361728,351923200,396361728,,,,,,,,2.965599996969104,,
1791473810.7661526,602712,frontend_frame,2286,0,24528,62,8,292599808,396361728,351923200,396361728,,,,,,,,,,
1791473811.146982,602712,tracking_feedback_accumulate,2287,,24528,,,296678400,396361728,351923200,396361728,,,,,,,,3.0825999565422535,,
1791473811.1519818,602712,frontend_frame,2287,0,24528,62,8,298475008,396361728,351923200,396361728,,,,,,,,,,
1791473811.4547906,602712,tracking_feedback_accumulate,2288,,24528,,,302471680,396361728,351923200,396361728,,,,,,,,2.86250002682209,,
1791473811.459791,602712,frontend_frame,2288,0,24528,62,8,292684288,396361728,351923200,396361728,,,,,,,,,,
1791473811.7657769,602712,tracking_feedback_accumulate,2289,,24528,,,296680960,396361728,351923200,396361728,,,,,,,,2.9238001443445683,,
1791473811.7697768,602712,frontend_frame,2289,0,24528,62,8,298477056,396361728,351923200,396361728,,,,,,,,,,
1791473812.1021895,602712,tracking_feedback_accumulate,2290,,24528,,,302391808,396361728,351923200,396361728,,,,,,,,3.1717000529170036,,
1791473812.1071918,602712,frontend_frame,2290,0,24528,62,8,304187904,369098752,351923200,396361728,,,,,,,,,,
1791473812.4479532,602712,tracking_feedback_accumulate,2291,,24528,,,290891264,390070272,351923200,396361728,,,,,,,,2.8946001548320055,,
1791473812.4519522,602712,frontend_frame,2291,0,24528,62,8,292687360,390070272,351923200,396361728,,,,,,,,,,
1791473812.7708454,602712,tracking_feedback_accumulate,2292,,24528,,,296602112,390070272,351923200,396361728,,,,,,,,2.8547002002596855,,
1791473812.775846,602712,frontend_frame,2292,0,24528,62,8,298398208,390070272,351923200,396361728,,,,,,,,,,
1791473813.0635962,602712,tracking_feedback_accumulate,2293,,24528,,,302476800,390070272,351923200,396361728,,,,,,,,2.834100043401122,,
1791473813.0685961,602712,frontend_frame,2293,0,24528,62,8,292689408,390070272,351923200,396361728,,,,,,,,,,
1791473813.4150016,602712,tracking_feedback_accumulate,2294,,24528,,,296604160,390070272,351923200,396361728,,,,,,,,2.9303000774234533,,
1791473813.4200006,602712,frontend_frame,2294,0,24528,62,8,298400256,390070272,351923200,396361728,,,,,,,,,,
1791473813.7934737,602712,tracking_feedback_accumulate,2295,,24528,,,302478848,390070272,351923200,396361728,,,,,,,,2.853299956768751,,
1791473813.7974749,602712,frontend_frame,2295,0,24528,62,8,304274944,390070272,351923200,396361728,,,,,,,,,,
1791473814.0904756,602712,tracking_feedback_accumulate,2296,,24528,,,290896384,390070272,351923200,396361728,,,,,,,,2.9049001168459654,,
1791473814.0944755,602712,frontend_frame,2296,0,24528,62,8,292692480,390070272,351923200,396361728,,,,,,,,,,
1791473814.4539983,602712,tracking_feedback_accumulate,2297,,24528,,,296607232,390070272,351923200,396361728,,,,,,,,3.2099999953061342,,
1791473814.4589994,602712,frontend_frame,2297,0,24528,62,8,298403328,390070272,351923200,396361728,,,,,,,,,,
1791473814.8745472,602712,tracking_feedback_accumulate,2298,,24528,,,302481920,390070272,351923200,396361728,,,,,,,,3.203399945050478,,
1791473814.8795474,602712,frontend_frame,2298,0,24528,62,8,292694528,390070272,351923200,396361728,,,,,,,,,,
1791473815.2390568,602712,tracking_feedback_accumulate,2299,,24528,,,296609280,390070272,351923200,396361728,,,,,,,,3.3499998971819878,,
1791473815.2440565,602712,frontend_frame,2299,0,24528,62,8,298405376,390070272,351923200,396361728,,,,,,,,,,
1791473815.6353388,602712,tracking_feedback_accumulate,2300,,24528,,,302483968,390070272,351923200,396361728,,,,,,,,2.8818000573664904,,
1791473815.6403399,602712,frontend_frame,2300,0,24528,62,8,304280064,369098752,351923200,396361728,,,,,,,,,,
1791473815.9536448,602712,tracking_feedback_accumulate,2301,,24528,,,290819584,390070272,351923200,396361728,,,,,,,,3.073900006711483,,
1791473815.9586456,602712,frontend_frame,2301,0,24528,62,8,292615680,390070272,351923200,396361728,,,,,,,,,,
1791473816.2328885,602712,tracking_feedback_accumulate,2302,,24528,,,296694272,390070272,351923200,396361728,,,,,,,,2.8246999718248844,,
1791473816.2818887,602712,frontend_frame,2302,0,24528,63,8,302486016,390070272,351923200,396361728,,,,,,,,,,
1791473827.0154111,602712,tracking_feedback_accumulate,2303,,24366,,,294811648,390070272,351923200,396361728,,,,,,,,2.9479998629540205,,
1791473827.0204139,602712,frontend_frame,2303,0,24366,63,8,296573440,390070272,351923200,396361728,,,,,,,,,,
1791473827.388287,602712,tracking_feedback_accumulate,2304,,24366,,,300652032,390070272,351923200,396361728,,,,,,,,3.061200026422739,,
1791473827.392287,602712,frontend_frame,2304,0,24366,63,8,302415872,390070272,351923200,396361728,,,,,,,,,,
1791473827.6753247,602712,tracking_feedback_accumulate,2305,,24366,,,306330624,390070272,351923200,396361728,,,,,,,,3.1326001044362783,,
1791473827.681326,602712,frontend_frame,2305,0,24366,63,8,296575488,390070272,351923200,396361728,,,,,,,,,,
1791473828.062888,602712,tracking_feedback_accumulate,2306,,24366,,,300654080,390070272,351923200,396361728,,,,,,,,2.9911999590694904,,
1791473828.0668879,602712,frontend_frame,2306,0,24366,63,8,302417920,390070272,351923200,396361728,,,,,,,,,,
1791473828.4833384,602712,tracking_feedback_accumulate,2307,,24366,,,306414592,390070272,351923200,396361728,,,,,,,,2.8777001425623894,,
1791473828.488339,602712,frontend_frame,2307,0,24366,63,8,308178944,390070272,351923200,396361728,,,,,,,,,,
1791473828.8313568,602712,tracking_feedback_accumulate,2308,,24366,,,294897152,411041792,351923200,411041792,,,,,,,,2.8901000041514635,,
1791473828.836357,602712,frontend_frame,2308,0,24366,63,8,296660992,411041792,351923200,411041792,,,,,,,,,,
1791473829.1701524,602712,tracking_feedback_accumulate,2309,,24366,,,300657664,411041792,351923200,411041792,,,,,,,,2.8299998957663774,,
1791473829.1751523,602712,frontend_frame,2309,0,24366,63,8,302421504,411041792,351923200,411041792,,,,,,,,,,
1791473829.555804,602712,tracking_feedback_accumulate,2310,,24366,,,306336256,411041792,351923200,411041792,,,,,,,,3.173900069668889,,
1791473829.5618043,602712,frontend_frame,2310,0,24366,63,8,296581120,369098752,351923200,411041792,,,,,,,,,,
1791473829.8989625,602712,tracking_feedback_accumulate,2311,,24366,,,300659712,390070272,351923200,411041792,,,,,,,,2.906800014898181,,
1791473829.9029617,602712,frontend_frame,2311,0,24366,63,8,302423552,390070272,351923200,411041792,,,,,,,,,,
1791473830.2573416,602712,tracking_feedback_accumulate,2312,,24366,,,306338304,390070272,351923200,411041792,,,,,,,,2.871299860998988,,
1791473830.2613423,602712,frontend_frame,2312,0,24366,63,8,308102144,390070272,351923200,411041792,,,,,,,,,,
1791473830.5521734,602712,tracking_feedback_accumulate,2313,,24366,,,294902272,390070272,351923200,411041792,,,,,,,,2.964199986308813,,
1791473830.5571742,602712,frontend_frame,2313,0,24366,63,8,296666112,390070272,351923200,411041792,,,,,,,,,,
1791473830.9452069,602712,tracking_feedback_accumulate,2314,,24366,,,300662784,411041792,351923200,411041792,,,,,,,,2.8591000009328127,,
1791473830.950207,602712,frontend_frame,2314,0,24366,63,8,302426624,411041792,351923200,411041792,,,,,,,,,,
1791473831.2893264,602712,tracking_feedback_accumulate,2315,,24366,,,306341376,411041792,351923200,411041792,,,,,,,,4.274500068277121,,
1791473831.2943258,602712,frontend_frame,2315,0,24366,63,8,296586240,411041792,351923200,411041792,,,,,,,,,,
1791473831.6480403,602712,tracking_feedback_accumulate,2316,,24366,,,300664832,411041792,351923200,411041792,,,,,,,,3.147900104522705,,
1791473831.6530397,602712,frontend_frame,2316,0,24366,63,8,302428672,411041792,351923200,411041792,,,,,,,,,,
1791473832.0615952,602712,tracking_feedback_accumulate,2317,,24366,,,306425344,411041792,351923200,411041792,,,,,,,,3.3944000024348497,,
1791473832.0665944,602712,frontend_frame,2317,0,24366,63,8,296670208,411041792,351923200,411041792,,,,,,,,,,
1791473832.474802,602712,tracking_feedback_accumulate,2318,,24366,,,300666880,411041792,351923200,411041792,,,,,,,,3.15539981238544,,
1791473832.4798026,602712,frontend_frame,2318,0,24366,63,8,302430720,411041792,351923200,411041792,,,,,,,,,,
1791473832.87317,602712,tracking_feedback_accumulate,2319,,24366,,,306427392,411041792,351923200,411041792,,,,,,,,2.9058000072836876,,
1791473832.8781714,602712,frontend_frame,2319,0,24366,63,8,308191232,411041792,351923200,411041792,,,,,,,,,,
1791473833.2574859,602712,tracking_feedback_accumulate,2320,,24366,,,300587008,411041792,351923200,411041792,,,,,,,,2.8973000589758158,,
1791473833.3064857,602712,frontend_frame,2320,0,24366,64,8,306346496,411041792,351923200,411041792,,,,,,,,,,
1791473844.0056117,602712,tracking_feedback_accumulate,2321,,24119,,,310411264,411041792,353266688,411041792,,,,,,,,3.215600037947297,,
1791473844.010612,602712,frontend_frame,2321,0,24119,64,8,312112128,411041792,353266688,411041792,,,,,,,,,,
1791473844.3341973,602712,tracking_feedback_accumulate,2322,,24119,,,316026880,413138944,358943744,413138944,,,,,,,,3.0599997844547033,,
1791473844.3391979,602712,frontend_frame,2322,0,24119,64,8,306271744,413138944,358943744,413138944,,,,,,,,,,
1791473844.5844448,602712,tracking_feedback_accumulate,2323,,24119,,,310350336,413138944,358943744,413138944,,,,,,,,3.052599960938096,,
1791473844.5894427,602712,frontend_frame,2323,0,24119,64,8,312053760,413138944,358943744,413138944,,,,,,,,,,
1791473844.9008725,602712,tracking_feedback_accumulate,2324,,24119,,,315968512,413138944,358943744,413138944,,,,,,,,3.240399993956089,,
1791473844.9068713,602712,frontend_frame,2324,0,24119,64,8,317671936,415236096,358943744,415236096,,,,,,,,,,
1791473845.306778,602712,tracking_feedback_accumulate,2325,,24119,,,304653312,415236096,358943744,415236096,,,,,,,,3.037499962374568,,
1791473845.3107789,602712,frontend_frame,2325,0,24119,64,8,306357248,415236096,358943744,415236096,,,,,,,,,,
1791473845.720177,602712,tracking_feedback_accumulate,2326,,24119,,,310272000,415236096,358943744,415236096,,,,,,,,2.955799922347069,,
1791473845.7251763,602712,frontend_frame,2326,0,24119,64,8,311975424,415236096,358943744,415236096,,,,,,,,,,
1791473846.1159637,602712,tracking_feedback_accumulate,2327,,24119,,,304655872,415236096,358943744,415236096,,,,,,,,2.852699952200055,,
1791473846.1199627,602712,frontend_frame,2327,0,24119,64,8,306359296,415236096,358943744,415236096,,,,,,,,,,
1791473846.4413435,602712,tracking_feedback_accumulate,2328,,24119,,,310355968,415236096,358943744,415236096,,,,,,,,3.533200128003955,,
1791473846.446342,602712,frontend_frame,2328,0,24119,64,8,312059392,415236096,358943744,415236096,,,,,,,,,,
1791473846.6965735,602712,tracking_feedback_accumulate,2329,,24119,,,315974144,415236096,358943744,415236096,,,,,,,,2.8487001545727253,,
1791473846.701574,602712,frontend_frame,2329,0,24119,64,8,306279424,415236096,358943744,415236096,,,,,,,,,,
1791473846.9967654,602712,tracking_feedback_accumulate,2330,,24119,,,310358016,415236096,358943744,415236096,,,,,,,,3.0424001161009073,,
1791473847.001767,602712,frontend_frame,2330,0,24119,64,8,312061440,369098752,358943744,415236096,,,,,,,,,,
1791473847.3531523,602712,tracking_feedback_accumulate,2331,,24119,,,316058112,413138944,358943744,415236096,,,,,,,,2.919199876487255,,
1791473847.358233,602712,frontend_frame,2331,0,24119,64,8,317761536,415236096,358943744,415236096,,,,,,,,,,
1791473847.7248755,602712,tracking_feedback_accumulate,2332,,24119,,,304579072,415236096,358943744,415236096,,,,,,,,2.9654998797923326,,
1791473847.729877,602712,frontend_frame,2332,0,24119,64,8,306282496,415236096,358943744,415236096,,,,,,,,,,
1791473848.0942569,602712,tracking_feedback_accumulate,2333,,24119,,,310361088,415236096,358943744,415236096,,,,,,,,2.996500115841627,,
1791473848.0992572,602712,frontend_frame,2333,0,24119,64,8,312064512,415236096,358943744,415236096,,,,,,,,,,
1791473848.3785753,602712,tracking_feedback_accumulate,2334,,24119,,,316061184,415236096,358943744,415236096,,,,,,,,2.951500006020069,,
1791473848.3845756,602712,frontend_frame,2334,0,24119,64,8,306366464,415236096,358943744,415236096,,,,,,,,,,
1791473848.521661,602712,tracking_feedback_accumulate,2335,,24119,,,310363136,415236096,358943744,415236096,,,,,,,,2.954800147563219,,
1791473848.5266604,602712,frontend_frame,2335,0,24119,64,8,312066560,415236096,358943744,415236096,,,,,,,,,,
1791473848.8843803,602712,tracking_feedback_accumulate,2336,,24119,,,316063232,415236096,358943744,415236096,,,,,,,,2.925100037828088,,
1791473848.8893814,602712,frontend_frame,2336,0,24119,64,8,317766656,415236096,358943744,415236096,,,,,,,,,,
1791473849.258112,602712,tracking_feedback_accumulate,2337,,24119,,,304584192,415236096,358943744,415236096,,,,,,,,2.9030998703092337,,
1791473849.2625043,602712,frontend_frame,2337,0,24119,64,8,306287616,415236096,358943744,415236096,,,,,,,,,,
1791473849.505824,602712,tracking_feedback_accumulate,2338,,24119,,,310366208,415236096,358943744,415236096,,,,,,,,3.025100100785494,,
1791473849.510823,602712,frontend_frame,2338,0,24119,64,8,312069632,415236096,358943744,415236096,,,,,,,,,,
1791473849.8728778,602712,tracking_feedback_accumulate,2339,,24119,,,316066304,415236096,358943744,415236096,,,,,,,,3.1556999310851097,,
1791473849.8788779,602712,frontend_frame,2339,0,24119,64,8,306371584,415236096,358943744,415236096,,,,,,,,,,
1791473850.2566528,602712,tracking_feedback_accumulate,2340,,24119,,,310286336,415236096,358943744,415236096,,,,,,,,3.068499965593219,,
1791473850.312677,602712,frontend_frame,2340,0,24119,65,8,315985408,415236096,358943744,415236096,,,,,,,,,,
1791473861.1141078,602712,tracking_feedback_accumulate,2341,,24286,,,302919168,415236096,358943744,415236096,,,,,,,,3.2337999437004328,,
1791473861.1201088,602712,frontend_frame,2341,0,24286,65,8,304662016,415236096,358943744,415236096,,,,,,,,,,
1791473861.4771812,602712,tracking_feedback_accumulate,2342,,24286,,,308658688,415236096,358943744,415236096,,,,,,,,2.8701000846922398,,
1791473861.482187,602712,frontend_frame,2342,0,24286,65,8,310400512,415236096,358943744,415236096,,,,,,,,,,
1791473861.828667,602712,tracking_feedback_accumulate,2343,,24286,,,314397184,415236096,358943744,415236096,,,,,,,,2.90870014578104,,
1791473861.833666,602712,frontend_frame,2343,0,24286,65,8,304664064,415236096,358943744,415236096,,,,,,,,,,
1791473862.2181456,602712,tracking_feedback_accumulate,2344,,24286,,,308660736,415236096,358943744,415236096,,,,,,,,2.9731998220086098,,
1791473862.2231457,602712,frontend_frame,2344,0,24286,65,8,310402560,415236096,358943744,415236096,,,,,,,,,,
1791473862.5286903,602712,tracking_feedback_accumulate,2345,,24286,,,314399232,415236096,358943744,415236096,,,,,,,,2.8661000542342663,,
1791473862.5326898,602712,frontend_frame,2345,0,24286,65,8,316141568,415236096,358943744,415236096,,,,,,,,,,
1791473862.9136252,602712,tracking_feedback_accumulate,2346,,24286,,,302843904,415236096,358943744,415236096,,,,,,,,2.993699861690402,,
1791473862.9186256,602712,frontend_frame,2346,0,24286,65,8,304585728,415236096,358943744,415236096,,,,,,,,,,
1791473863.326518,602712,tracking_feedback_accumulate,2347,,24286,,,308664320,415236096,358943744,415236096,,,,,,,,3.069800091907382,,
1791473863.3305185,602712,frontend_frame,2347,0,24286,65,8,310406144,415236096,358943744,415236096,,,,,,,,,,
1791473863.7343957,602712,tracking_feedback_accumulate,2348,,24286,,,302845952,415236096,358943744,415236096,,,,,,,,2.9166999738663435,,
1791473863.740396,602712,frontend_frame,2348,0,24286,65,8,304587776,415236096,358943744,415236096,,,,,,,,,,
1791473864.1012542,602712,tracking_feedback_accumulate,2349,,24286,,,308666368,415236096,358943744,415236096,,,,,,,,3.0079998541623354,,
1791473864.1052554,602712,frontend_frame,2349,0,24286,65,8,310408192,415236096,358943744,415236096,,,,,,,,,,
1791473864.5068588,602712,tracking_feedback_accumulate,2350,,24286,,,314322944,415236096,358943744,415236096,,,,,,,,2.7680001221597195,,
1791473864.511859,602712,frontend_frame,2350,0,24286,65,8,304589824,369098752,358943744,415236096,,,,,,,,,,
1791473864.8860369,602712,tracking_feedback_accumulate,2351,,24286,,,308668416,411041792,358943744,415236096,,,,,,,,2.905600005760789,,
1791473864.8910367,602712,frontend_frame,2351,0,24286,65,8,310410240,411041792,358943744,415236096,,,,,,,,,,
1791473865.2302446,602712,tracking_feedback_accumulate,2352,,24286,,,314324992,411041792,358943744,415236096,,,,,,,,2.8464999049901962,,
1791473865.2352438,602712,frontend_frame,2352,0,24286,65,8,316066816,411041792,358943744,415236096,,,,,,,,,,
1791473865.5647883,602712,tracking_feedback_accumulate,2353,,24286,,,302932992,411041792,358943744,415236096,,,,,,,,2.890799893066287,,
1791473865.5697882,602712,frontend_frame,2353,0,24286,65,8,304674816,411041792,358943744,415236096,,,,,,,,,,
1791473865.9327126,602712,tracking_feedback_accumulate,2354,,24286,,,308671488,411041792,358943744,415236096,,,,,,,,2.9426000546664,,
1791473865.9367118,602712,frontend_frame,2354,0,24286,65,8,310413312,411041792,358943744,415236096,,,,,,,,,,
1791473866.2952163,602712,tracking_feedback_accumulate,2355,,24286,,,314409984,411041792,358943744,415236096,,,,,,,,2.896999940276146,,
1791473866.300216,602712,frontend_frame,2355,0,24286,65,8,304676864,411041792,358943744,415236096,,,,,,,,,,
1791473866.665838,602712,tracking_feedback_accumulate,2356,,24286,,,308673536,411041792,358943744,415236096,,,,,,,,3.076900029554963,,
1791473866.669836,602712,frontend_frame,2356,0,24286,65,8,310415360,411041792,358943744,415236096,,,,,,,,,,
1791473867.0226462,602712,tracking_feedback_accumulate,2357,,24286,,,314330112,411041792,358943744,415236096,,,,,,,,3.0080999713391066,,
1791473867.0272133,602712,frontend_frame,2357,0,24286,65,8,316071936,411041792,358943744,415236096,,,,,,,,,,
1791473867.453484,602712,tracking_feedback_accumulate,2358,,24286,,,302938112,411041792,358943744,415236096,,,,,,,,2.8784999158233404,,
1791473867.5061946,602712,frontend_frame,2358,0,24286,66,8,308675584,411041792,358943744,415236096,,,,,,,,,,
1791473878.1203237,602712,tracking_feedback_accumulate,2359,,24356,,,312596992,411041792,358943744,415236096,,,,,,,,2.9498999938368797,,
1791473878.1253238,602712,frontend_frame,2359,0,24356,66,8,314354688,411041792,358943744,415236096,,,,,,,,,,
1791473878.5226207,602712,tracking_feedback_accumulate,2360,,24356,,,306942464,411041792,358943744,415236096,,,,,,,,3.0097002163529396,,
1791473878.5276213,602712,frontend_frame,2360,0,24356,66,8,308700160,390070272,358943744,415236096,,,,,,,,,,
1791473878.9288428,602712,tracking_feedback_accumulate,2361,,24356,,,312614912,411041792,358943744,415236096,,,,,,,,3.1616000924259424,,
1791473878.9348428,602712,frontend_frame,2361,0,24356,66,8,314372608,411041792,358943744,415236096,,,,,,,,,,
1791473879.2419913,602712,tracking_feedback_accumulate,2362,,24356,,,318451200,411041792,361206272,415236096,,,,,,,,3.002000041306019,,
1791473879.2469904,602712,frontend_frame,2362,0,24356,66,8,308702208,411041792,361206272,415236096,,,,,,,,,,
1791473879.6353693,602712,tracking_feedback_accumulate,2363,,24356,,,312698880,411041792,361206272,415236096,,,,,,,,2.8970001731067896,,
1791473879.6403694,602712,frontend_frame,2363,0,24356,66,8,314457088,411041792,361206272,415236096,,,,,,,,,,
1791473879.9917853,602712,tracking_feedback_accumulate,2364,,24356,,,318453760,411041792,361206272,415236096,,,,,,,,2.963100094348192,,
1791473879.9967854,602712,frontend_frame,2364,0,24356,66,8,320211456,413138944,361206272,415236096,,,,,,,,,,
1791473880.4061852,602712,tracking_feedback_accumulate,2365,,24356,,,306866176,413138944,361206272,415236096,,,,,,,,2.9217000119388103,,
1791473880.4111857,602712,frontend_frame,2365,0,24356,66,8,308623872,413138944,361206272,415236096,,,,,,,,,,
1791473880.695749,602712,tracking_feedback_accumulate,2366,,24356,,,312702464,413138944,361206272,415236096,,,,,,,,2.8977999463677406,,
1791473880.7007494,602712,frontend_frame,2366,0,24356,66,8,314460160,413138944,361206272,415236096,,,,,,,,,,
1791473880.9628692,602712,tracking_feedback_accumulate,2367,,24356,,,318374912,413138944,361206272,415236096,,,,,,,,2.935499884188175,,
1791473880.967871,602712,frontend_frame,2367,0,24356,66,8,308625920,413138944,361206272,415236096,,,,,,,,,,
1791473881.2902906,602712,tracking_feedback_accumulate,2368,,24356,,,312704512,413138944,361206272,415236096,,,,,,,,2.884899964556098,,
1791473881.2952907,602712,frontend_frame,2368,0,24356,66,8,314462208,413138944,361206272,415236096,,,,,,,,,,
1791473881.6946476,602712,tracking_feedback_accumulate,2369,,24356,,,318458880,413138944,361206272,415236096,,,,,,,,3.024699864909053,,
1791473881.699648,602712,frontend_frame,2369,0,24356,66,8,320216576,413138944,361206272,415236096,,,,,,,,,,
1791473882.0973244,602712,tracking_feedback_accumulate,2370,,24356,,,306871296,413138944,361206272,415236096,,,,,,,,2.831700025126338,,
1791473882.1023245,602712,frontend_frame,2370,0,24356,66,8,308628992,390070272,361206272,415236096,,,,,,,,,,
1791473882.491441,602712,tracking_feedback_accumulate,2371,,24356,,,312707584,411041792,361206272,415236096,,,,,,,,3.142500063404441,,
1791473882.495944,602712,frontend_frame,2371,0,24356,66,8,314465280,411041792,361206272,415236096,,,,,,,,,,
1791473882.8718219,602712,tracking_feedback_accumulate,2372,,24356,,,318461952,411041792,361206272,415236096,,,,,,,,3.0457000248134136,,
1791473882.8768241,602712,frontend_frame,2372,0,24356,66,8,308712960,411041792,361206272,415236096,,,,,,,,,,
1791473883.2053328,602712,tracking_feedback_accumulate,2373,,24356,,,312709632,411041792,361206272,415236096,,,,,,,,2.7873998042196035,,
1791473883.2103322,602712,frontend_frame,2373,0,24356,66,8,314467328,411041792,361206272,415236096,,,,,,,,,,
1791473883.5065322,602712,tracking_feedback_accumulate,2374,,24356,,,318464000,411041792,361206272,415236096,,,,,,,,2.9158000834286213,,
1791473883.5115316,602712,frontend_frame,2374,0,24356,66,8,320221696,413138944,361206272,415236096,,,,,,,,,,
1791473883.8576422,602712,tracking_feedback_accumulate,2375,,24356,,,306876416,413138944,361206272,415236096,,,,,,,,2.9077997896820307,,
1791473883.8626416,602712,frontend_frame,2375,0,24356,66,8,308634112,413138944,361206272,415236096,,,,,,,,,,
1791473884.2373853,602712,tracking_feedback_accumulate,2376,,24356,,,312712704,413138944,361206272,415236096,,,,,,,,2.8586999978870153,,
1791473884.2413847,602712,frontend_frame,2376,0,24356,66,8,314470400,413138944,361206272,415236096,,,,,,,,,,
1791473884.5596602,602712,tracking_feedback_accumulate,2377,,24356,,,306960384,413138944,361206272,415236096,,,,,,,,2.9446000698953867,,
1791473884.6087873,602712,frontend_frame,2377,0,24356,67,8,312713728,413138944,361206272,415236096,,,,,,,,,,
1791473895.3371387,602712,tracking_feedback_accumulate,2378,,24305,,,316626944,413138944,361206272,415236096,,,,,,,,2.894399920478463,,
1791473895.3421383,602712,frontend_frame,2378,0,24305,67,8,318369792,413138944,361206272,415236096,,,,,,,,,,
1791473895.6994414,602712,tracking_feedback_accumulate,2379,,24305,,,322448384,413138944,365055488,415236096,,,,,,,,3.0652000568807125,,
1791473895.7044895,602712,frontend_frame,2379,0,24305,67,8,312699392,413138944,365055488,415236096,,,,,,,,,,
1791473896.0312436,602712,tracking_feedback_accumulate,2380,,24305,,,316696064,413138944,365055488,415236096,,,,,,,,2.8111999854445457,,
1791473896.0372434,602712,frontend_frame,2380,0,24305,67,8,318439936,390070272,365055488,415236096,,,,,,,,,,
1791473896.3989987,602712,tracking_feedback_accumulate,2381,,24305,,,322436608,411041792,365059584,415236096,,,,,,,,2.9045999981462955,,
1791473896.4029975,602712,frontend_frame,2381,0,24305,67,8,324180480,411041792,365059584,415236096,,,,,,,,,,
1791473896.8137164,602712,tracking_feedback_accumulate,2382,,24305,,,310876672,411041792,365059584,415236096,,,,,,,,2.8699999675154686,,
1791473896.8177166,602712,frontend_frame,2382,0,24305,67,8,312621056,411041792,365059584,415236096,,,,,,,,,,
1791473897.241563,602712,tracking_feedback_accumulate,2383,,24305,,,316699648,411041792,365059584,415236096,,,,,,,,3.0847000889480114,,
1791473897.246563,602712,frontend_frame,2383,0,24305,67,8,318443520,411041792,365059584,415236096,,,,,,,,,,
1791473897.585029,602712,tracking_feedback_accumulate,2384,,24305,,,322358272,411041792,365059584,415236096,,,,,,,,2.9538997914642096,,
1791473897.5900311,602712,frontend_frame,2384,0,24305,67,8,312623104,411041792,365059584,415236096,,,,,,,,,,
1791473897.9720755,602712,tracking_feedback_accumulate,2385,,24305,,,316701696,411041792,365059584,415236096,,,,,,,,2.853899961337447,,
1791473897.975613,602712,frontend_frame,2385,0,24305,67,8,318445568,411041792,365059584,415236096,,,,,,,,,,
1791473898.2893047,602712,tracking_feedback_accumulate,2386,,24305,,,322360320,411041792,365071872,415236096,,,,,,,,3.0308000277727842,,
1791473898.2943065,602712,frontend_frame,2386,0,24305,67,8,312625152,411041792,365071872,415236096,,,,,,,,,,
1791473898.6687746,602712,tracking_feedback_accumulate,2387,,24305,,,316703744,411041792,365071872,415236096,,,,,,,,2.8111999854445457,,
1791473898.673775,602712,frontend_frame,2387,0,24305,67,8,318447616,411041792,365071872,415236096,,,,,,,,,,
1791473899.042797,602712,tracking_feedback_accumulate,2388,,24305,,,322362368,411041792,365071872,415236096,,,,,,,,2.9189998749643564,,
1791473899.0467966,602712,frontend_frame,2388,0,24305,67,8,324106240,411041792,365071872,415236096,,,,,,,,,,
1791473899.388346,602712,tracking_feedback_accumulate,2389,,24305,,,316705792,411041792,365071872,415236096,,,,,,,,2.8901000041514635,,
1791473899.39335,602712,frontend_frame,2389,0,24305,67,8,318449664,411041792,365071872,415236096,,,,,,,,,,
1791473899.8306463,602712,tracking_feedback_accumulate,2390,,24305,,,322364416,411041792,365071872,415236096,,,,,,,,2.939400030300021,,
1791473899.8356466,602712,frontend_frame,2390,0,24305,67,8,324108288,390070272,365071872,415236096,,,,,,,,,,
1791473900.246479,602712,tracking_feedback_accumulate,2391,,24305,,,328186880,415236096,370771968,415236096,,,,,,,,2.7722001541405916,,
1791473900.2514803,602712,frontend_frame,2391,0,24305,67,8,318451712,415236096,370771968,415236096,,,,,,,,,,
1791473900.5239363,602712,tracking_feedback_accumulate,2392,,24305,,,322366464,415236096,370771968,415236096,,,,,,,,2.9730999376624823,,
1791473900.5289361,602712,frontend_frame,2392,0,24305,67,8,324110336,415236096,370771968,415236096,,,,,,,,,,
1791473900.9219437,602712,tracking_feedback_accumulate,2393,,24305,,,328188928,415236096,370771968,415236096,,,,,,,,2.927199937403202,,
1791473900.9269433,602712,frontend_frame,2393,0,24305,67,8,329932800,417333248,370771968,417333248,,,,,,,,,,
1791473901.2576623,602712,tracking_feedback_accumulate,2394,,24305,,,316710912,417333248,370771968,417333248,,,,,,,,2.975800074636936,,
1791473901.2616618,602712,frontend_frame,2394,0,24305,67,8,318454784,417333248,370771968,417333248,,,,,,,,,,
1791473901.6571748,602712,tracking_feedback_accumulate,2395,,24305,,,322369536,417333248,370771968,417333248,,,,,,,,2.9417001642286777,,
1791473901.6621745,602712,frontend_frame,2395,0,24305,67,8,324113408,417333248,370771968,417333248,,,,,,,,,,
1791473902.002461,602712,tracking_feedback_accumulate,2396,,24305,,,328192000,417333248,370771968,417333248,,,,,,,,3.0090000946074724,,
1791473902.0074618,602712,frontend_frame,2396,0,24305,67,8,318456832,417333248,370771968,417333248,,,,,,,,,,
1791473902.3384519,602712,tracking_feedback_accumulate,2397,,24305,,,322453504,417333248,370771968,417333248,,,,,,,,2.8844999615103006,,
1791473902.343452,602712,frontend_frame,2397,0,24305,67,8,324197376,417333248,370771968,417333248,,,,,,,,,,
1791473902.7186873,602712,tracking_feedback_accumulate,2398,,24305,,,328194048,417333248,370771968,417333248,,,,,,,,3.0282000079751015,,
1791473902.7236881,602712,frontend_frame,2398,0,24305,67,8,329937920,417333248,370771968,417333248,,,,,,,,,,
1791473903.130243,602712,tracking_feedback_accumulate,2399,,24305,,,310894592,417333248,370771968,417333248,,,,,,,,7.139699999243021,,
1791473903.135242,602712,frontend_frame,2399,0,24305,67,8,312638464,417333248,370771968,417333248,,,,,,,,,,
1791473903.456183,602712,tracking_feedback_accumulate,2400,,24305,,,316717056,417333248,370771968,417333248,,,,,,,,3.1185001134872437,,
1791473903.4621832,602712,frontend_frame,2400,0,24305,67,8,318460928,390070272,370771968,417333248,,,,,,,,,,
1791473903.8591785,602712,tracking_feedback_accumulate,2401,,24305,,,322375680,411041792,370771968,417333248,,,,,,,,2.9514001216739416,,
1791473903.864179,602712,frontend_frame,2401,0,24305,67,8,312640512,411041792,370771968,417333248,,,,,,,,,,
1791473904.2515173,602712,tracking_feedback_accumulate,2402,,24305,,,316719104,411041792,370771968,417333248,,,,,,,,2.9313000850379467,,
1791473904.3015203,602712,frontend_frame,2402,0,24305,68,8,322458624,411041792,370771968,417333248,,,,,,,,,,
1791473914.98591,602712,tracking_feedback_accumulate,2403,,24164,,,326449664,411041792,370771968,417333248,,,,,,,,2.9319999739527702,,
1791473914.9909103,602712,frontend_frame,2403,0,24164,68,8,316682752,411041792,370771968,417333248,,,,,,,,,,
1791473915.3664806,602712,tracking_feedback_accumulate,2404,,24164,,,320679424,432013312,370771968,432013312,,,,,,,,2.903900109231472,,
1791473915.3714812,602712,frontend_frame,2404,0,24164,68,8,322393088,432013312,370771968,432013312,,,,,,,,,,
1791473915.7245646,602712,tracking_feedback_accumulate,2405,,24164,,,326389760,432013312,370771968,432013312,,,,,,,,2.8511001728475094,,
1791473915.730564,602712,frontend_frame,2405,0,24164,68,8,328103424,432013312,370771968,432013312,,,,,,,,,,
1791473916.179127,602712,tracking_feedback_accumulate,2406,,24164,,,314972160,432013312,370771968,432013312,,,,,,,,2.870700089260936,,
1791473916.183127,602712,frontend_frame,2406,0,24164,68,8,316685824,432013312,370771968,432013312,,,,,,,,,,
1791473916.4943166,602712,tracking_feedback_accumulate,2407,,24164,,,320682496,432013312,370771968,432013312,,,,,,,,3.333999775350094,,
1791473916.4993327,602712,frontend_frame,2407,0,24164,68,8,322396672,432013312,370771968,432013312,,,,,,,,,,
1791473916.7529967,602712,tracking_feedback_accumulate,2408,,24164,,,326393344,432013312,370771968,432013312,,,,,,,,3.1328999903053045,,
1791473916.7579968,602712,frontend_frame,2408,0,24164,68,8,316688384,432013312,370771968,432013312,,,,,,,,,,
1791473917.1425729,602712,tracking_feedback_accumulate,2409,,24164,,,320685056,432013312,370771968,432013312,,,,,,,,2.88579985499382,,
1791473917.147573,602712,frontend_frame,2409,0,24164,68,8,322398720,432013312,370771968,432013312,,,,,,,,,,
1791473917.515723,602712,tracking_feedback_accumulate,2410,,24164,,,326313472,432013312,370771968,432013312,,,,,,,,2.815099898725748,,
1791473917.519786,602712,frontend_frame,2410,0,24164,68,8,328027136,390070272,370771968,432013312,,,,,,,,,,
1791473917.892992,602712,tracking_feedback_accumulate,2411,,24164,,,314977792,411041792,370771968,432013312,,,,,,,,2.9060000088065863,,
1791473917.8969924,602712,frontend_frame,2411,0,24164,68,8,316691456,411041792,370771968,432013312,,,,,,,,,,
1791473918.2498167,602712,tracking_feedback_accumulate,2412,,24164,,,320606208,411041792,370771968,432013312,,,,,,,,2.8311999049037695,,
1791473918.2548165,602712,frontend_frame,2412,0,24164,68,8,322319872,411041792,370771968,432013312,,,,,,,,,,
1791473918.682814,602712,tracking_feedback_accumulate,2413,,24164,,,326398464,411041792,370771968,432013312,,,,,,,,2.9014998581260443,,
1791473918.6878128,602712,frontend_frame,2413,0,24164,68,8,316693504,411041792,370771968,432013312,,,,,,,,,,
1791473919.0921433,602712,tracking_feedback_accumulate,2414,,24164,,,320608256,432013312,370771968,432013312,,,,,,,,2.8631999157369137,,
1791473919.0971425,602712,frontend_frame,2414,0,24164,68,8,322321920,432013312,370771968,432013312,,,,,,,,,,
1791473919.4847386,602712,tracking_feedback_accumulate,2415,,24164,,,326400512,432013312,370771968,432013312,,,,,,,,2.9307000804692507,,
1791473919.4907384,602712,frontend_frame,2415,0,24164,68,8,316695552,432013312,370771968,432013312,,,,,,,,,,
1791473919.8492706,602712,tracking_feedback_accumulate,2416,,24164,,,320610304,432013312,370771968,432013312,,,,,,,,2.917699981480837,,
1791473919.85327,602712,frontend_frame,2416,0,24164,68,8,322323968,432013312,370771968,432013312,,,,,,,,,,
1791473920.0745516,602712,tracking_feedback_accumulate,2417,,24164,,,326402560,432013312,370771968,432013312,,,,,,,,2.910299925133586,,
1791473920.0785515,602712,frontend_frame,2417,0,24164,68,8,328116224,432013312,370771968,432013312,,,,,,,,,,
1791473920.4888868,602712,tracking_feedback_accumulate,2418,,24164,,,320612352,432013312,370771968,432013312,,,,,,,,3.0587001238018274,,
1791473920.4938862,602712,frontend_frame,2418,0,24164,68,8,322326016,432013312,370771968,432013312,,,,,,,,,,
1791473920.8588364,602712,tracking_feedback_accumulate,2419,,24164,,,326404608,432013312,370771968,432013312,,,,,,,,2.7734998147934675,,
1791473920.8638358,602712,frontend_frame,2419,0,24164,68,8,328118272,434110464,370771968,434110464,,,,,,,,,,
1791473921.1811671,602712,tracking_feedback_accumulate,2420,,24164,,,332033024,436207616,374992896,436207616,,,,,,,,2.8801001608371735,,
1791473921.1861677,602712,frontend_frame,2420,0,24164,68,8,322328064,392167424,374992896,436207616,,,,,,,,,,
1791473921.484813,602712,tracking_feedback_accumulate,2421,,24164,,,326406656,413138944,374992896,436207616,,,,,,,,3.146100090816617,,
1791473921.4898133,602712,frontend_frame,2421,0,24164,68,8,328120320,413138944,374992896,436207616,,,,,,,,,,
1791473921.892974,602712,tracking_feedback_accumulate,2422,,24164,,,332116992,415236096,374994944,436207616,,,,,,,,3.163800109177828,,
1791473921.9430418,602712,frontend_frame,2422,0,24164,69,8,337826304,417333248,374994944,436207616,,,,,,,,,,
1791473932.7773542,602712,tracking_feedback_accumulate,2423,,24210,,,324701696,438304768,374994944,438304768,,,,,,,,2.9021999798715115,,
1791473932.781354,602712,frontend_frame,2423,0,24210,69,8,326427136,438304768,374994944,438304768,,,,,,,,,,
1791473933.1588743,602712,tracking_feedback_accumulate,2424,,24210,,,330423808,438304768,374994944,438304768,,,,,,,,2.959500066936016,,
1791473933.1648755,602712,frontend_frame,2424,0,24210,69,8,332149248,438304768,374994944,438304768,,,,,,,,,,
1791473933.5765889,602712,tracking_feedback_accumulate,2425,,24210,,,324621824,438304768,378091008,438304768,,,,,,,,2.9607999604195356,,
1791473933.581588,602712,frontend_frame,2425,0,24210,69,8,326347264,438304768,378091008,438304768,,,,,,,,,,
1791473933.9964898,602712,tracking_feedback_accumulate,2426,,24210,,,330425856,438304768,378091008,438304768,,,,,,,,2.8559998609125614,,
1791473934.0054908,602712,frontend_frame,2426,0,24210,69,8,332151296,438304768,378091008,438304768,,,,,,,,,,
1791473934.3775935,602712,tracking_feedback_accumulate,2427,,24210,,,336147968,438304768,378555392,438304768,,,,,,,,2.8958001639693975,,
1791473934.3845944,602712,frontend_frame,2427,0,24210,69,8,320722432,438304768,378555392,438304768,,,,,,,,,,
1791473934.753744,602712,tracking_feedback_accumulate,2428,,24210,,,324719104,438304768,378555392,438304768,,,,,,,,2.900599967688322,,
1791473934.7587433,602712,frontend_frame,2428,0,24210,69,8,326444544,438304768,378555392,438304768,,,,,,,,,,
1791473935.194917,602712,tracking_feedback_accumulate,2429,,24210,,,330359296,438304768,378555392,438304768,,,,,,,,3.169399918988347,,
1791473935.1999161,602712,frontend_frame,2429,0,24210,69,8,332084736,438304768,378555392,438304768,,,,,,,,,,
1791473935.5761213,602712,tracking_feedback_accumulate,2430,,24210,,,319000064,438304768,378555392,438304768,,,,,,,,3.338300157338381,,
1791473935.5811212,602712,frontend_frame,2430,0,24210,69,8,320725504,392167424,378555392,438304768,,,,,,,,,,
1791473935.901903,602712,tracking_feedback_accumulate,2431,,24210,,,324640256,434110464,378555392,438304768,,,,,,,,2.8663999401032925,,
1791473935.9069037,602712,frontend_frame,2431,0,24210,69,8,326365696,434110464,378555392,438304768,,,,,,,,,,
1791473936.2235773,602712,tracking_feedback_accumulate,2432,,24210,,,330444288,434110464,378555392,438304768,,,,,,,,2.9414999298751354,,
1791473936.2285774,602712,frontend_frame,2432,0,24210,69,8,320727552,434110464,378555392,438304768,,,,,,,,,,
1791473936.6038096,602712,tracking_feedback_accumulate,2433,,24210,,,324642304,434110464,378555392,438304768,,,,,,,,2.9038998764008284,,
1791473936.6088097,602712,frontend_frame,2433,0,24210,69,8,326367744,434110464,378555392,438304768,,,,,,,,,,
1791473936.9496021,602712,tracking_feedback_accumulate,2434,,24210,,,330446336,434110464,378555392,438304768,,,,,,,,2.9158000834286213,,
1791473936.9546046,602712,frontend_frame,2434,0,24210,69,8,332171776,436207616,378555392,438304768,,,,,,,,,,
1791473937.3900054,602712,tracking_feedback_accumulate,2435,,24210,,,319005184,436207616,378555392,438304768,,,,,,,,2.8922001365572214,,
1791473937.395007,602712,frontend_frame,2435,0,24210,69,8,320730624,436207616,378555392,438304768,,,,,,,,,,
1791473937.80058,602712,tracking_feedback_accumulate,2436,,24210,,,324645376,436207616,378555392,438304768,,,,,,,,2.9103998094797134,,
1791473937.8055816,602712,frontend_frame,2436,0,24210,69,8,326370816,436207616,378555392,438304768,,,,,,,,,,
1791473938.149706,602712,tracking_feedback_accumulate,2437,,24210,,,330449408,436207616,378555392,438304768,,,,,,,,2.9759001918137074,,
1791473938.154706,602712,frontend_frame,2437,0,24210,69,8,320732672,436207616,378555392,438304768,,,,,,,,,,
1791473938.5628173,602712,tracking_feedback_accumulate,2438,,24210,,,324729344,436207616,378555392,438304768,,,,,,,,2.8647000435739756,,
1791473938.5678177,602712,frontend_frame,2438,0,24210,69,8,326454784,436207616,378555392,438304768,,,,,,,,,,
1791473938.9365745,602712,tracking_feedback_accumulate,2439,,24210,,,330451456,436207616,378555392,438304768,,,,,,,,3.1167000997811556,,
1791473938.9416304,602712,frontend_frame,2439,0,24210,69,8,332176896,436207616,378555392,438304768,,,,,,,,,,
1791473939.3334203,602712,tracking_feedback_accumulate,2440,,24210,,,319010304,436207616,378555392,438304768,,,,,,,,2.9180001001805067,,
1791473939.338421,602712,frontend_frame,2440,0,24210,69,8,320735744,390070272,378555392,438304768,,,,,,,,,,
1791473939.762907,602712,tracking_feedback_accumulate,2441,,24210,,,324732416,432013312,378555392,438304768,,,,,,,,3.2112000044435263,,
1791473939.7679067,602712,frontend_frame,2441,0,24210,69,8,326457856,432013312,378555392,438304768,,,,,,,,,,
1791473940.1662228,602712,tracking_feedback_accumulate,2442,,24210,,,319012352,434110464,378555392,438304768,,,,,,,,3.408099990338087,,
1791473940.1712227,602712,frontend_frame,2442,0,24210,69,8,320737792,434110464,378555392,438304768,,,,,,,,,,
1791473940.4893558,602712,tracking_feedback_accumulate,2443,,24210,,,324652544,434110464,378555392,438304768,,,,,,,,2.8940001502633095,,
1791473940.4933558,602712,frontend_frame,2443,0,24210,69,8,326377984,434110464,378555392,438304768,,,,,,,,,,
1791473940.8698194,602712,tracking_feedback_accumulate,2444,,24210,,,330456576,434110464,378555392,438304768,,,,,,,,2.9697001446038485,,
1791473940.8748195,602712,frontend_frame,2444,0,24210,69,8,320739840,434110464,378555392,438304768,,,,,,,,,,
1791473941.307253,602712,tracking_feedback_accumulate,2445,,24210,,,324736512,434110464,378555392,438304768,,,,,,,,2.8695999644696712,,
1791473941.3112538,602712,frontend_frame,2445,0,24210,69,8,326461952,434110464,378555392,438304768,,,,,,,,,,
1791473941.7001214,602712,tracking_feedback_accumulate,2446,,24210,,,330458624,434110464,378555392,438304768,,,,,,,,2.862399909645319,,
1791473941.7051222,602712,frontend_frame,2446,0,24210,69,8,332184064,436207616,378555392,438304768,,,,,,,,,,
1791473942.055263,602712,tracking_feedback_accumulate,2447,,24210,,,319017472,436207616,378555392,438304768,,,,,,,,2.933099865913391,,
1791473942.0598078,602712,frontend_frame,2447,0,24210,69,8,320742912,436207616,378555392,438304768,,,,,,,,,,
1791473942.4149246,602712,tracking_feedback_accumulate,2448,,24210,,,324739584,436207616,378555392,438304768,,,,,,,,2.9183998703956604,,
1791473942.419922,602712,frontend_frame,2448,0,24210,69,8,326465024,436207616,378555392,438304768,,,,,,,,,,
1791473942.7797265,602712,tracking_feedback_accumulate,2449,,24210,,,330461696,436207616,378555392,438304768,,,,,,,,2.8033999260514975,,
1791473942.7847264,602712,frontend_frame,2449,0,24210,69,8,320744960,436207616,378555392,438304768,,,,,,,,,,
1791473943.1314495,602712,tracking_feedback_accumulate,2450,,24210,,,324659712,436207616,378555392,438304768,,,,,,,,3.2711001113057137,,
1791473943.1384504,602712,frontend_frame,2450,0,24210,69,8,326385152,390070272,378555392,438304768,,,,,,,,,,
1791473943.456613,602712,tracking_feedback_accumulate,2451,,24210,,,330463744,434110464,378555392,438304768,,,,,,,,3.176500089466572,,
1791473943.4616134,602712,frontend_frame,2451,0,24210,69,8,332189184,436207616,378555392,438304768,,,,,,,,,,
1791473943.871214,602712,tracking_feedback_accumulate,2452,,24210,,,319022592,436207616,378555392,438304768,,,,,,,,2.847899915650487,,
1791473943.8752139,602712,frontend_frame,2452,0,24210,69,8,320748032,436207616,378555392,438304768,,,,,,,,,,
1791473944.2879,602712,tracking_feedback_accumulate,2453,,24210,,,324662784,436207616,378555392,438304768,,,,,,,,3.129399847239256,,
1791473944.3359034,602712,frontend_frame,2453,0,24210,70,8,330383872,436207616,378555392,438304768,,,,,,,,,,
1791473955.1786935,602712,tracking_feedback_accumulate,2454,,24686,,,323052032,436207616,378555392,438304768,,,,,,,,3.0320000369101763,,
1791473955.1846943,602712,frontend_frame,2454,0,24686,70,8,324889600,436207616,378555392,438304768,,,,,,,,,,
1791473955.4911027,602712,tracking_feedback_accumulate,2455,,24686,,,328886272,436207616,378555392,438304768,,,,,,,,3.0276000034064054,,
1791473955.4966068,602712,frontend_frame,2455,0,24686,70,8,330720768,436207616,378555392,438304768,,,,,,,,,,
1791473955.870674,602712,tracking_feedback_accumulate,2456,,24686,,,334635520,436207616,378555392,438304768,,,,,,,,2.9322002083063126,,
1791473955.876675,602712,frontend_frame,2456,0,24686,70,8,324809728,436207616,378555392,438304768,,,,,,,,,,
1791473956.226977,602712,tracking_feedback_accumulate,2457,,24686,,,328888320,436207616,378555392,438304768,,,,,,,,3.0152001418173313,,
1791473956.2319772,602712,frontend_frame,2457,0,24686,70,8,330722816,436207616,378555392,438304768,,,,,,,,,,
1791473956.7127304,602712,tracking_feedback_accumulate,2458,,24686,,,334719488,436207616,378555392,438304768,,,,,,,,3.12180002219975,,
1791473956.717733,602712,frontend_frame,2458,0,24686,70,8,336554496,438304768,378555392,438304768,,,,,,,,,,
1791473957.1683583,602712,tracking_feedback_accumulate,2459,,24686,,,323060736,438304768,378555392,438304768,,,,,,,,2.9821000061929226,,
1791473957.173358,602712,frontend_frame,2459,0,24686,70,8,324895232,438304768,378555392,438304768,,,,,,,,,,
1791473957.5587053,602712,tracking_feedback_accumulate,2460,,24686,,,328809984,438304768,378555392,438304768,,,,,,,,3.024799982085824,,
1791473957.5637054,602712,frontend_frame,2460,0,24686,70,8,330644480,390070272,378555392,438304768,,,,,,,,,,
1791473957.9628112,602712,tracking_feedback_accumulate,2461,,24686,,,334723072,436207616,378555392,438304768,,,,,,,,2.893000142648816,,
1791473957.967811,602712,frontend_frame,2461,0,24686,70,8,324897280,436207616,378555392,438304768,,,,,,,,,,
1791473958.3870459,602712,tracking_feedback_accumulate,2462,,24686,,,328812032,436207616,378555392,438304768,,,,,,,,2.9464999679476023,,
1791473958.391045,602712,frontend_frame,2462,0,24686,70,8,330646528,436207616,378555392,438304768,,,,,,,,,,
1791473958.8060534,602712,tracking_feedback_accumulate,2463,,24686,,,334725120,436207616,378555392,438304768,,,,,,,,2.935800002887845,,
1791473958.811053,602712,frontend_frame,2463,0,24686,70,8,324899328,436207616,378555392,438304768,,,,,,,,,,
1791473959.2942877,602712,tracking_feedback_accumulate,2464,,24686,,,328814080,436207616,378555392,438304768,,,,,,,,3.2907999120652676,,
1791473959.2982872,602712,frontend_frame,2464,0,24686,70,8,330648576,436207616,378555392,438304768,,,,,,,,,,
1791473959.654611,602712,tracking_feedback_accumulate,2465,,24686,,,334727168,436207616,378555392,438304768,,,,,,,,3.087199991568923,,
1791473959.6596863,602712,frontend_frame,2465,0,24686,70,8,336561664,436207616,378555392,438304768,,,,,,,,,,
1791473960.1534808,602712,tracking_feedback_accumulate,2466,,24686,,,328816128,436207616,378555392,438304768,,,,,,,,3.046100027859211,,
1791473960.1585178,602712,frontend_frame,2466,0,24686,70,8,330650624,436207616,378555392,438304768,,,,,,,,,,
1791473960.423105,602712,tracking_feedback_accumulate,2467,,24686,,,334729216,436207616,378555392,438304768,,,,,,,,2.932799980044365,,
1791473960.4281042,602712,frontend_frame,2467,0,24686,70,8,336563712,438304768,378555392,438304768,,,,,,,,,,
1791473960.8789878,602712,tracking_feedback_accumulate,2468,,24686,,,340478464,440401920,383145472,440401920,,,,,,,,2.8729999903589487,,
1791473960.8839877,602712,frontend_frame,2468,0,24686,70,8,330652672,440401920,383145472,440401920,,,,,,,,,,
1791473961.317196,602712,tracking_feedback_accumulate,2469,,24686,,,334731264,440401920,383145472,440401920,,,,,,,,5.6535000912845135,,
1791473961.322195,602712,frontend_frame,2469,0,24686,70,8,336565760,440401920,383145472,440401920,,,,,,,,,,
1791473961.7677414,602712,tracking_feedback_accumulate,2470,,24686,,,340480512,440401920,383164416,440401920,,,,,,,,2.889599883928895,,
1791473961.7737415,602712,frontend_frame,2470,0,24686,70,8,342315008,400556032,383164416,442499072,,,,,,,,,,
1791473962.1892953,602712,tracking_feedback_accumulate,2471,,24686,,,328903168,442499072,383164416,442499072,,,,,,,,3.2506000716239214,,
1791473962.1942961,602712,frontend_frame,2471,0,24686,70,8,330737664,442499072,383164416,442499072,,,,,,,,,,
1791473962.6423388,602712,tracking_feedback_accumulate,2472,,24686,,,334734336,442499072,383164416,442499072,,,,,,,,2.9334998689591885,,
1791473962.6473424,602712,frontend_frame,2472,0,24686,70,8,336568832,442499072,383164416,442499072,,,,,,,,,,
1791473963.0915914,602712,tracking_feedback_accumulate,2473,,24686,,,340483584,442499072,383164416,442499072,,,,,,,,2.8464999049901962,,
1791473963.0995905,602712,frontend_frame,2473,0,24686,70,8,330657792,442499072,383164416,442499072,,,,,,,,,,
1791473963.5506434,602712,tracking_feedback_accumulate,2474,,24686,,,334736384,442499072,383164416,442499072,,,,,,,,2.8490000404417515,,
1791473963.5556433,602712,frontend_frame,2474,0,24686,70,8,336570880,442499072,383164416,442499072,,,,,,,,,,
1791473964.0265098,602712,tracking_feedback_accumulate,2475,,24686,,,340485632,442499072,383164416,442499072,,,,,,,,2.8846999630331993,,
1791473964.0310152,602712,frontend_frame,2475,0,24686,70,8,342320128,442499072,383164416,442499072,,,,,,,,,,
1791473964.464131,602712,tracking_feedback_accumulate,2476,,24686,,,328908288,442499072,383164416,442499072,,,,,,,,3.0037001706659794,,
1791473964.469131,602712,frontend_frame,2476,0,24686,70,8,330742784,442499072,383164416,442499072,,,,,,,,,,
1791473964.8892226,602712,tracking_feedback_accumulate,2477,,24686,,,334739456,442499072,383164416,442499072,,,,,,,,3.0447000171989202,,
1791473964.8952222,602712,frontend_frame,2477,0,24686,70,8,336573952,442499072,383164416,442499072,,,,,,,,,,
1791473965.3012302,602712,tracking_feedback_accumulate,2478,,24686,,,340570624,442499072,383480320,442499072,,,,,,,,2.9100000392645597,,
1791473965.3072302,602712,frontend_frame,2478,0,24686,70,8,330744832,442499072,383480320,442499072,,,,,,,,,,
1791473965.718955,602712,tracking_feedback_accumulate,2479,,24686,,,334659584,442499072,383480320,442499072,,,,,,,,2.9369001276791096,,
1791473965.767463,602712,frontend_frame,2479,0,24686,71,8,340489728,442499072,383480320,442499072,,,,,,,,,,
1791473976.6249082,602712,tracking_feedback_accumulate,2480,,24888,,,344585216,442499072,387169280,442499072,,,,,,,,2.9593000654131174,,
1791473976.6309087,602712,frontend_frame,2480,0,24888,71,8,334810624,415236096,387169280,442499072,,,,,,,,,,
1791473976.974123,602712,tracking_feedback_accumulate,2481,,24888,,,338807296,436207616,387169280,442499072,,,,,,,,2.9468999709933996,,
1791473976.9801238,602712,frontend_frame,2481,0,24888,71,8,340691968,438304768,387169280,442499072,,,,,,,,,,
1791473977.386322,602712,tracking_feedback_accumulate,2482,,24888,,,344688640,442499072,387308544,442499072,,,,,,,,3.4161999356001616,,
1791473977.3933213,602712,frontend_frame,2482,0,24888,71,8,346573312,444596224,387308544,444596224,,,,,,,,,,
1791473977.795786,602712,tracking_feedback_accumulate,2483,,24888,,,332929024,444596224,387308544,444596224,,,,,,,,2.883699955418706,,
1791473977.8007858,602712,frontend_frame,2483,0,24888,71,8,334813696,444596224,387308544,444596224,,,,,,,,,,
1791473978.2204342,602712,tracking_feedback_accumulate,2484,,24888,,,338810368,444596224,387308544,444596224,,,,,,,,2.9697001446038485,,
1791473978.225435,602712,frontend_frame,2484,0,24888,71,8,340695552,444596224,387308544,444596224,,,,,,,,,,
1791473978.6725574,602712,tracking_feedback_accumulate,2485,,24888,,,344610304,444596224,387617280,444596224,,,,,,,,2.8972001746296883,,
1791473978.6775606,602712,frontend_frame,2485,0,24888,71,8,328904192,444596224,387617280,444596224,,,,,,,,,,
1791473979.0919893,602712,tracking_feedback_accumulate,2486,,24888,,,332982784,444596224,387617280,444596224,,,,,,,,3.0366999562829733,,
1791473979.0969892,602712,frontend_frame,2486,0,24888,71,8,334867456,444596224,387617280,444596224,,,,,,,,,,
1791473979.508467,602712,tracking_feedback_accumulate,2487,,24888,,,338864128,444596224,387617280,444596224,,,,,,,,2.9680998995900154,,
1791473979.5134706,602712,frontend_frame,2487,0,24888,71,8,340748800,444596224,387617280,444596224,,,,,,,,,,
1791473979.9005873,602712,tracking_feedback_accumulate,2488,,24888,,,327022592,444596224,387617280,444596224,,,,,,,,2.968600019812584,,
1791473979.9055872,602712,frontend_frame,2488,0,24888,71,8,328907264,444596224,387617280,444596224,,,,,,,,,,
1791473980.2438304,602712,tracking_feedback_accumulate,2489,,24888,,,332985856,444596224,387617280,444596224,,,,,,,,2.987799933180213,,
1791473980.248831,602712,frontend_frame,2489,0,24888,71,8,334870528,444596224,387617280,444596224,,,,,,,,,,
1791473980.6537077,602712,tracking_feedback_accumulate,2490,,24888,,,338867200,444596224,387617280,444596224,,,,,,,,3.005600068718195,,
1791473980.6597111,602712,frontend_frame,2490,0,24888,71,8,328991232,396361728,387617280,444596224,,,,,,,,,,
1791473981.1559699,602712,tracking_feedback_accumulate,2491,,24888,,,332987904,438304768,387617280,444596224,,,,,,,,2.906200010329485,,
1791473981.159969,602712,frontend_frame,2491,0,24888,71,8,334872576,438304768,387617280,444596224,,,,,,,,,,
1791473981.5425315,602712,tracking_feedback_accumulate,2492,,24888,,,338869248,438304768,387617280,444596224,,,,,,,,3.3414000645279884,,
1791473981.5475304,602712,frontend_frame,2492,0,24888,71,8,328993280,438304768,387617280,444596224,,,,,,,,,,
1791473981.9905338,602712,tracking_feedback_accumulate,2493,,24888,,,332989952,438304768,387617280,444596224,,,,,,,,2.9033999890089035,,
1791473981.9945338,602712,frontend_frame,2493,0,24888,71,8,334874624,438304768,387617280,444596224,,,,,,,,,,
1791473982.3961616,602712,tracking_feedback_accumulate,2494,,24888,,,338789376,438304768,387617280,444596224,,,,,,,,3.001599805429578,,
1791473982.400161,602712,frontend_frame,2494,0,24888,71,8,340674048,438304768,387617280,444596224,,,,,,,,,,
1791473982.7805912,602712,tracking_feedback_accumulate,2495,,24888,,,332992000,438304768,387617280,444596224,,,,,,,,2.99579999409616,,
1791473982.785592,602712,frontend_frame,2495,0,24888,71,8,334876672,438304768,387617280,444596224,,,,,,,,,,
1791473983.1438851,602712,tracking_feedback_accumulate,2496,,24888,,,338791424,438304768,387617280,444596224,,,,,,,,2.92899995110929,,
1791473983.1488853,602712,frontend_frame,2496,0,24888,71,8,340676096,438304768,387617280,444596224,,,,,,,,,,
1791473983.5813048,602712,tracking_feedback_accumulate,2497,,24888,,,344754688,442499072,387617280,444596224,,,,,,,,2.959500066936016,,
1791473983.5863044,602712,frontend_frame,2497,0,24888,71,8,334878720,442499072,387617280,444596224,,,,,,,,,,
1791473983.9502628,602712,tracking_feedback_accumulate,2498,,24888,,,338875392,442499072,387617280,444596224,,,,,,,,2.9662998858839273,,
1791473983.9542634,602712,frontend_frame,2498,0,24888,71,8,340760064,442499072,387617280,444596224,,,,,,,,,,
1791473984.3873358,602712,tracking_feedback_accumulate,2499,,24888,,,344756736,442499072,387617280,444596224,,,,,,,,2.924199914559722,,
1791473984.3913348,602712,frontend_frame,2499,0,24888,71,8,346641408,442499072,387617280,444596224,,,,,,,,,,
1791473984.7590232,602712,tracking_feedback_accumulate,2500,,24888,,,332915200,442499072,387617280,444596224,,,,,,,,2.9561000410467386,,
1791473984.7640266,602712,frontend_frame,2500,0,24888,71,8,334799872,396361728,387617280,444596224,,,,,,,,,,
1791473985.174626,602712,tracking_feedback_accumulate,2501,,24888,,,338878464,438304768,387617280,444596224,,,,,,,,3.2126998994499445,,
1791473985.179674,602712,frontend_frame,2501,0,24888,71,8,340763136,438304768,387617280,444596224,,,,,,,,,,
1791473985.632259,602712,tracking_feedback_accumulate,2502,,24888,,,344677888,442499072,387684864,444596224,,,,,,,,2.8780000284314156,,
1791473985.637258,602712,frontend_frame,2502,0,24888,71,8,334801920,442499072,387684864,444596224,,,,,,,,,,
1791473985.936834,602712,tracking_feedback_accumulate,2503,,24888,,,338880512,442499072,387684864,444596224,,,,,,,,2.823099959641695,,
1791473985.9418344,602712,frontend_frame,2503,0,24888,71,8,340765184,442499072,387684864,444596224,,,,,,,,,,
1791473986.3982527,602712,tracking_feedback_accumulate,2504,,24888,,,344679936,442499072,387684864,444596224,,,,,,,,2.879299921914935,,
1791473986.4022536,602712,frontend_frame,2504,0,24888,71,8,346564608,442499072,387684864,444596224,,,,,,,,,,
1791473986.8702476,602712,tracking_feedback_accumulate,2505,,24888,,,333002240,442499072,387684864,444596224,,,,,,,,2.9597000684589148,,
1791473986.8752475,602712,frontend_frame,2505,0,24888,71,8,334886912,442499072,387684864,444596224,,,,,,,,,,
1791473987.3359485,602712,tracking_feedback_accumulate,2506,,24888,,,338801664,442499072,387684864,444596224,,,,,,,,2.9037001077085733,,
1791473987.339948,602712,frontend_frame,2506,0,24888,71,8,340686336,442499072,387684864,444596224,,,,,,,,,,
1791473987.7515905,602712,tracking_feedback_accumulate,2507,,24888,,,344764928,442499072,387684864,444596224,,,,,,,,2.764499979093671,,
1791473987.7565918,602712,frontend_frame,2507,0,24888,71,8,334888960,442499072,387684864,444596224,,,,,,,,,,
1791473988.1784215,602712,tracking_feedback_accumulate,2508,,24888,,,338885632,442499072,387684864,444596224,,,,,,,,2.947299974039197,,
1791473988.1834667,602712,frontend_frame,2508,0,24888,71,8,340770304,442499072,387684864,444596224,,,,,,,,,,
1791473988.5734823,602712,tracking_feedback_accumulate,2509,,24888,,,344766976,442499072,387692032,444596224,,,,,,,,3.046100027859211,,
1791473988.578482,602712,frontend_frame,2509,0,24888,71,8,346651648,444596224,387692032,444596224,,,,,,,,,,
1791473989.273942,602712,tracking_feedback_accumulate,2510,,24888,,,333007360,444596224,387692032,444596224,,,,,,,,2.9080999083817005,,
1791473989.278943,602712,frontend_frame,2510,0,24888,71,8,334892032,417333248,387692032,444596224,,,,,,,,,,
1791473989.7283375,602712,tracking_feedback_accumulate,2511,,24888,,,338806784,438304768,387692032,444596224,,,,,,,,2.911600051447749,,
1791473989.7323344,602712,frontend_frame,2511,0,24888,71,8,340691456,438304768,387692032,444596224,,,,,,,,,,
1791473989.9473512,602712,tracking_feedback_accumulate,2512,,24888,,,333009408,438304768,387692032,444596224,,,,,,,,2.9049001168459654,,
1791473989.9513505,602712,frontend_frame,2512,0,24888,71,8,334894080,438304768,387692032,444596224,,,,,,,,,,
1791473990.529959,602712,tracking_feedback_accumulate,2513,,24888,,,338890752,438304768,387692032,444596224,,,,,,,,2.924300031736493,,
1791473990.5339582,602712,frontend_frame,2513,0,24888,71,8,340775424,438304768,387692032,444596224,,,,,,,,,,
1791473990.9880183,602712,tracking_feedback_accumulate,2514,,24888,,,344772096,442499072,387697152,444596224,,,,,,,,3.008000086992979,,
1791473990.9940178,602712,frontend_frame,2514,0,24888,71,8,329015808,442499072,387697152,444596224,,,,,,,,,,
1791473991.3708386,602712,tracking_feedback_accumulate,2515,,24888,,,333012480,442499072,387697152,444596224,,,,,,,,2.928800182417035,,
1791473991.3758388,602712,frontend_frame,2515,0,24888,71,8,334897152,442499072,387697152,444596224,,,,,,,,,,
1791473991.8373294,602712,tracking_feedback_accumulate,2516,,24888,,,338893824,442499072,387697152,444596224,,,,,,,,2.925099804997444,,
1791473991.8423293,602712,frontend_frame,2516,0,24888,71,8,340778496,442499072,387697152,444596224,,,,,,,,,,
1791473992.4144347,602712,tracking_feedback_accumulate,2517,,24888,,,327052288,442499072,387697152,444596224,,,,,,,,2.9756000731140375,,
1791473992.4194345,602712,frontend_frame,2517,0,24888,71,8,328936960,442499072,387697152,444596224,,,,,,,,,,
1791473992.8992798,602712,tracking_feedback_accumulate,2518,,24888,,,333015552,442499072,387697152,444596224,,,,,,,,2.9101998079568148,,
1791473992.9032795,602712,frontend_frame,2518,0,24888,71,8,334900224,442499072,387697152,444596224,,,,,,,,,,
1791473993.266316,602712,tracking_feedback_accumulate,2519,,24888,,,338896896,442499072,387697152,444596224,,,,,,,,2.9986000154167414,,
1791473993.2713163,602712,frontend_frame,2519,0,24888,71,8,329020928,442499072,387697152,444596224,,,,,,,,,,
1791473993.5718074,602712,tracking_feedback_accumulate,2520,,24888,,,333017600,442499072,387697152,444596224,,,,,,,,3.081300063058734,,
1791473993.5768075,602712,frontend_frame,2520,0,24888,71,8,334902272,396361728,387697152,444596224,,,,,,,,,,
1791473994.2135801,602712,tracking_feedback_accumulate,2521,,24888,,,338817024,438304768,387697152,444596224,,,,,,,,2.864099806174636,,
1791473994.2175784,602712,frontend_frame,2521,0,24888,71,8,340701696,438304768,387697152,444596224,,,,,,,,,,
1791473994.6965575,602712,tracking_feedback_accumulate,2522,,24888,,,327139328,438304768,387697152,444596224,,,,,,,,2.8212000615894794,,
1791473994.7015588,602712,frontend_frame,2522,0,24888,71,8,329024000,438304768,387697152,444596224,,,,,,,,,,
1791473995.1627922,602712,tracking_feedback_accumulate,2523,,24888,,,333020672,438304768,387697152,444596224,,,,,,,,2.9678000137209892,,
1791473995.1687922,602712,frontend_frame,2523,0,24888,71,8,334905344,438304768,387697152,444596224,,,,,,,,,,
1791473995.6964705,602712,tracking_feedback_accumulate,2524,,24888,,,338902016,438304768,387697152,444596224,,,,,,,,2.884899964556098,,
1791473995.7014713,602712,frontend_frame,2524,0,24888,71,8,329026048,438304768,387697152,444596224,,,,,,,,,,
1791473996.1716852,602712,tracking_feedback_accumulate,2525,,24888,,,332940800,438304768,387697152,444596224,,,,,,,,2.951700007542968,,
1791473996.1766877,602712,frontend_frame,2525,0,24888,71,8,334825472,438304768,387697152,444596224,,,,,,,,,,
1791473996.6321466,602712,tracking_feedback_accumulate,2526,,24888,,,338904064,438304768,387697152,444596224,,,,,,,,2.9827000107616186,,
1791473996.6371474,602712,frontend_frame,2526,0,24888,71,8,340788736,438304768,387697152,444596224,,,,,,,,,,
1791473997.061151,602712,tracking_feedback_accumulate,2527,,24888,,,327144448,438304768,387697152,444596224,,,,,,,,3.185899928212166,,
1791473997.0661523,602712,frontend_frame,2527,0,24888,71,8,329029120,438304768,387697152,444596224,,,,,,,,,,
1791473997.6004107,602712,tracking_feedback_accumulate,2528,,24888,,,333025792,438304768,387697152,444596224,,,,,,,,2.888699993491173,,
1791473997.6054113,602712,frontend_frame,2528,0,24888,71,8,334910464,438304768,387697152,444596224,,,,,,,,,,
1791473998.0649507,602712,tracking_feedback_accumulate,2529,,24888,,,327146496,438304768,387697152,444596224,,,,,,,,3.0078000854700804,,
1791473998.069951,602712,frontend_frame,2529,0,24888,71,8,329031168,438304768,387697152,444596224,,,,,,,,,,
1791473998.5360532,602712,tracking_feedback_accumulate,2530,,24888,,,333027840,438304768,387697152,444596224,,,,,,,,2.941699931398034,,
1791473998.5410538,602712,frontend_frame,2530,0,24888,71,8,334912512,396361728,387697152,444596224,,,,,,,,,,
1791473998.9991083,602712,tracking_feedback_accumulate,2531,,24888,,,338827264,438304768,387697152,444596224,,,,,,,,2.8939000330865383,,
1791473999.0489964,602712,frontend_frame,2531,0,24888,72,8,332946944,438304768,387697152,444596224,,,,,,,,,,
1791474010.1708267,602712,tracking_feedback_accumulate,2532,,24970,,,337034240,438304768,387697152,444596224,,,,,,,,2.8435999993234873,,
1791474010.1754587,602712,frontend_frame,2532,0,24970,72,8,338941440,438304768,387697152,444596224,,,,,,,,,,
1791474010.580486,602712,tracking_feedback_accumulate,2533,,24970,,,342938112,438304768,387697152,444596224,,,,,,,,2.856600098311901,,
1791474010.5864863,602712,frontend_frame,2533,0,24970,72,8,344844800,438304768,387697152,444596224,,,,,,,,,,
1791474011.0293825,602712,tracking_feedback_accumulate,2534,,24970,,,331156480,438304768,387697152,444596224,,,,,,,,2.918099984526634,,
1791474011.0343819,602712,frontend_frame,2534,0,24970,72,8,333063168,438304768,387697152,444596224,,,,,,,,,,
1791474011.5119758,602712,tracking_feedback_accumulate,2535,,24970,,,336977920,438304768,387697152,444596224,,,,,,,,3.1169999856501818,,
1791474011.5179756,602712,frontend_frame,2535,0,24970,72,8,338884608,438304768,387697152,444596224,,,,,,,,,,
1791474011.8904192,602712,tracking_feedback_accumulate,2536,,24970,,,342963200,438304768,387697152,444596224,,,,,,,,2.9074999038130045,,
1791474011.896422,602712,frontend_frame,2536,0,24970,72,8,333065728,438304768,387697152,444596224,,,,,,,,,,
1791474012.317442,602712,tracking_feedback_accumulate,2537,,24970,,,337062400,438304768,387697152,444596224,,,,,,,,2.9821000061929226,,
1791474012.322441,602712,frontend_frame,2537,0,24970,72,8,338969088,438304768,387697152,444596224,,,,,,,,,,
1791474012.775935,602712,tracking_feedback_accumulate,2538,,24970,,,342965760,438304768,387697152,444596224,,,,,,,,2.9422000516206026,,
1791474012.780937,602712,frontend_frame,2538,0,24970,72,8,333067776,438304768,387697152,444596224,,,,,,,,,,
1791474013.2171946,602712,tracking_feedback_accumulate,2539,,24970,,,337064448,438304768,387697152,444596224,,,,,,,,3.0581001192331314,,
1791474013.222192,602712,frontend_frame,2539,0,24970,72,8,338971136,438304768,387697152,444596224,,,,,,,,,,
1791474013.6712258,602712,tracking_feedback_accumulate,2540,,24970,,,342967808,438304768,387697152,444596224,,,,,,,,2.9583999421447515,,
1791474013.676344,602712,frontend_frame,2540,0,24970,72,8,344874496,417333248,387697152,444596224,,,,,,,,,,
1791474014.114976,602712,tracking_feedback_accumulate,2541,,24970,,,336984576,438304768,387697152,444596224,,,,,,,,3.140500048175454,,
1791474014.119976,602712,frontend_frame,2541,0,24970,72,8,338891264,438304768,387697152,444596224,,,,,,,,,,
1791474014.5749922,602712,tracking_feedback_accumulate,2542,,24970,,,342969856,438304768,387697152,444596224,,,,,,,,2.877499908208847,,
1791474014.5799925,602712,frontend_frame,2542,0,24970,72,8,344876544,438304768,387697152,444596224,,,,,,,,,,
1791474015.0124002,602712,tracking_feedback_accumulate,2543,,24970,,,348791296,442499072,391173632,444596224,,,,,,,,2.887199865654111,,
1791474015.018402,602712,frontend_frame,2543,0,24970,72,8,332990976,442499072,391173632,444596224,,,,,,,,,,
1791474015.4699078,602712,tracking_feedback_accumulate,2544,,24970,,,337069568,442499072,391173632,444596224,,,,,,,,3.0580000020563602,,
1791474015.4749084,602712,frontend_frame,2544,0,24970,72,8,338976256,442499072,391173632,444596224,,,,,,,,,,
1791474015.914987,602712,tracking_feedback_accumulate,2545,,24970,,,342891008,442499072,391173632,444596224,,,,,,,,2.8262000996619463,,
1791474015.9199872,602712,frontend_frame,2545,0,24970,72,8,344797696,442499072,391173632,444596224,,,,,,,,,,
1791474016.4789345,602712,tracking_feedback_accumulate,2546,,24970,,,311134208,442499072,391173632,444596224,,,,,,,,2.9438999481499195,,
1791474016.483937,602712,frontend_frame,2546,0,24970,72,8,313040896,442499072,391173632,444596224,,,,,,,,,,
1791474016.9358988,602712,tracking_feedback_accumulate,2547,,24970,,,317037568,442499072,391173632,444596224,,,,,,,,2.96950014308095,,
1791474016.9408977,602712,frontend_frame,2547,0,24970,72,8,313041920,442499072,391173632,444596224,,,,,,,,,,
1791474017.379671,602712,tracking_feedback_accumulate,2548,,24970,,,317038592,442499072,391173632,444596224,,,,,,,,2.871499862521887,,
1791474017.38367,602712,frontend_frame,2548,0,24970,72,8,318945280,442499072,391173632,444596224,,,,,,,,,,
1791474017.827705,602712,tracking_feedback_accumulate,2549,,24970,,,311055360,442499072,391173632,444596224,,,,,,,,2.9978000093251467,,
1791474017.8327057,602712,frontend_frame,2549,0,24970,72,8,312962048,442499072,391173632,444596224,,,,,,,,,,
1791474018.2828424,602712,tracking_feedback_accumulate,2550,,24970,,,317040640,442499072,391173632,444596224,,,,,,,,2.9511998873203993,,
1791474018.2878413,602712,frontend_frame,2550,0,24970,72,8,313044992,417333248,391173632,444596224,,,,,,,,,,
1791474018.7462294,602712,tracking_feedback_accumulate,2551,,24970,,,316959744,438304768,391173632,444596224,,,,,,,,2.9510001186281443,,
1791474018.7502284,602712,frontend_frame,2551,0,24970,72,8,318866432,438304768,391173632,444596224,,,,,,,,,,
1791474019.1119359,602712,tracking_feedback_accumulate,2552,,24970,,,311140352,438304768,391173632,444596224,,,,,,,,3.179500112310052,,
1791474019.1159606,602712,frontend_frame,2552,0,24970,72,8,313047040,438304768,391173632,444596224,,,,,,,,,,
1791474019.5502794,602712,tracking_feedback_accumulate,2553,,24970,,,317043712,438304768,391173632,444596224,,,,,,,,2.9334998689591885,,
1791474019.5552804,602712,frontend_frame,2553,0,24970,72,8,318950400,438304768,391173632,444596224,,,,,,,,,,
1791474019.9330988,602712,tracking_feedback_accumulate,2554,,24970,,,311060480,438304768,391173632,444596224,,,,,,,,2.9372998978942633,,
1791474019.9392757,602712,frontend_frame,2554,0,24970,72,8,312967168,438304768,391173632,444596224,,,,,,,,,,
1791474020.4014466,602712,tracking_feedback_accumulate,2555,,24970,,,317045760,438304768,391173632,444596224,,,,,,,,2.9241000302135944,,
1791474020.4054458,602712,frontend_frame,2555,0,24970,72,8,318952448,438304768,391173632,444596224,,,,,,,,,,
1791474020.888972,602712,tracking_feedback_accumulate,2556,,24970,,,311144448,438304768,391173632,444596224,,,,,,,,2.921199891716242,,
1791474020.893972,602712,frontend_frame,2556,0,24970,72,8,313051136,438304768,391173632,444596224,,,,,,,,,,
1791474021.3153267,602712,tracking_feedback_accumulate,2557,,24970,,,317047808,438304768,391173632,444596224,,,,,,,,2.96289985999465,,
1791474021.3206353,602712,frontend_frame,2557,0,24970,72,8,318954496,438304768,391173632,444596224,,,,,,,,,,
1791474021.7926428,602712,tracking_feedback_accumulate,2558,,24970,,,322869248,438304768,391173632,444596224,,,,,,,,2.9198999982327223,,
1791474021.797643,602712,frontend_frame,2558,0,24970,72,8,312971264,438304768,391173632,444596224,,,,,,,,,,
1791474022.2698977,602712,tracking_feedback_accumulate,2559,,24970,,,317049856,438304768,391173632,444596224,,,,,,,,2.8903998900204897,,
1791474022.2748976,602712,frontend_frame,2559,0,24970,72,8,318956544,438304768,391173632,444596224,,,,,,,,,,
1791474022.7449389,602712,tracking_feedback_accumulate,2560,,24970,,,322871296,438304768,391173632,444596224,,,,,,,,2.88640009239316,,
1791474022.749939,602712,frontend_frame,2560,0,24970,72,8,312973312,417333248,391173632,444596224,,,,,,,,,,
1791474023.21076,602712,tracking_feedback_accumulate,2561,,24970,,,317051904,438304768,391173632,444596224,,,,,,,,2.914499957114458,,
1791474023.2157612,602712,frontend_frame,2561,0,24970,72,8,318958592,438304768,391173632,444596224,,,,,,,,,,
1791474023.5802903,602712,tracking_feedback_accumulate,2562,,24970,,,322873344,438304768,391173632,444596224,,,,,,,,2.86979996599257,,
1791474023.5852897,602712,frontend_frame,2562,0,24970,72,8,324780032,438304768,391173632,444596224,,,,,,,,,,
1791474023.9571462,602712,tracking_feedback_accumulate,2563,,24970,,,317053952,438304768,391173632,444596224,,,,,,,,2.9295000713318586,,
1791474023.9611452,602712,frontend_frame,2563,0,24970,72,8,318960640,438304768,391173632,444596224,,,,,,,,,,
1791474024.3842678,602712,tracking_feedback_accumulate,2564,,24970,,,322957312,438304768,391173632,444596224,,,,,,,,2.8880001045763493,,
1791474024.3882682,602712,frontend_frame,2564,0,24970,72,8,324864000,438304768,391173632,444596224,,,,,,,,,,
1791474024.7807608,602712,tracking_feedback_accumulate,2565,,24970,,,328860672,438304768,391173632,444596224,,,,,,,,2.8566999826580286,,
1791474024.78576,602712,frontend_frame,2565,0,24970,72,8,318962688,438304768,391173632,444596224,,,,,,,,,,
1791474025.236653,602712,tracking_feedback_accumulate,2566,,24970,,,322959360,438304768,391173632,444596224,,,,,,,,2.889700001105666,,
1791474025.2416546,602712,frontend_frame,2566,0,24970,72,8,324866048,438304768,391173632,444596224,,,,,,,,,,
1791474025.6756706,602712,tracking_feedback_accumulate,2567,,24970,,,328862720,438304768,391173632,444596224,,,,,,,,2.843900118023157,,
1791474025.6816714,602712,frontend_frame,2567,0,24970,72,8,313062400,438304768,391173632,444596224,,,,,,,,,,
1791474026.0827494,602712,tracking_feedback_accumulate,2568,,24970,,,316977152,438304768,391173632,444596224,,,,,,,,2.837300067767501,,
1791474026.08775,602712,frontend_frame,2568,0,24970,72,8,318883840,438304768,391173632,444596224,,,,,,,,,,
1791474026.5238748,602712,tracking_feedback_accumulate,2569,,24970,,,322962432,438304768,391173632,444596224,,,,,,,,3.05929989553988,,
1791474026.527876,602712,frontend_frame,2569,0,24970,72,8,324869120,438304768,391173632,444596224,,,,,,,,,,
1791474026.9908118,602712,tracking_feedback_accumulate,2570,,24970,,,311076864,438304768,391173632,444596224,,,,,,,,2.905600005760789,,
1791474026.9954531,602712,frontend_frame,2570,0,24970,72,8,312983552,417333248,391173632,444596224,,,,,,,,,,
1791474027.300106,602712,tracking_feedback_accumulate,2571,,24970,,,317062144,438304768,391173632,444596224,,,,,,,,2.9317999724298716,,
1791474027.3049154,602712,frontend_frame,2571,0,24970,72,8,318968832,438304768,391173632,444596224,,,,,,,,,,
1791474027.756631,602712,tracking_feedback_accumulate,2572,,24970,,,311160832,438304768,391173632,444596224,,,,,,,,2.8337000403553247,,
1791474027.7613378,602712,frontend_frame,2572,0,24970,72,8,313067520,438304768,391173632,444596224,,,,,,,,,,
1791474028.1795492,602712,tracking_feedback_accumulate,2573,,24970,,,317064192,438304768,391173632,444596224,,,,,,,,2.8588001150637865,,
1791474028.1842787,602712,frontend_frame,2573,0,24970,72,8,318970880,438304768,391173632,444596224,,,,,,,,,,
1791474028.5313127,602712,tracking_feedback_accumulate,2574,,24970,,,322885632,438304768,391173632,444596224,,,,,,,,2.951999893411994,,
1791474028.5358887,602712,frontend_frame,2574,0,24970,72,8,312987648,438304768,391173632,444596224,,,,,,,,,,
1791474028.8190558,602712,tracking_feedback_accumulate,2575,,24970,,,317066240,438304768,391173632,444596224,,,,,,,,2.8079000767320395,,
1791474028.823719,602712,frontend_frame,2575,0,24970,72,8,318972928,438304768,391173632,444596224,,,,,,,,,,
1791474029.2538133,602712,tracking_feedback_accumulate,2576,,24970,,,322969600,438304768,391173632,444596224,,,,,,,,2.856000093743205,,
1791474029.2584286,602712,frontend_frame,2576,0,24970,72,8,324876288,438304768,391173632,444596224,,,,,,,,,,
1791474029.6005208,602712,tracking_feedback_accumulate,2577,,24970,,,311084032,438304768,391173632,444596224,,,,,,,,2.9176000971347094,,
1791474029.606696,602712,frontend_frame,2577,0,24970,72,8,312990720,438304768,391173632,444596224,,,,,,,,,,
1791474030.0122836,602712,tracking_feedback_accumulate,2578,,24970,,,317069312,438304768,391173632,444596224,,,,,,,,2.90870014578104,,
1791474030.0168834,602712,frontend_frame,2578,0,24970,72,8,318976000,438304768,391173632,444596224,,,,,,,,,,
1791474030.4800115,602712,tracking_feedback_accumulate,2579,,24970,,,311168000,438304768,391173632,444596224,,,,,,,,2.8470000252127647,,
1791474030.4846585,602712,frontend_frame,2579,0,24970,72,8,313074688,438304768,391173632,444596224,,,,,,,,,,
1791474030.887737,602712,tracking_feedback_accumulate,2580,,24970,,,317071360,438304768,391173632,444596224,,,,,,,,2.8203001711517572,,
1791474030.8923883,602712,frontend_frame,2580,0,24970,72,8,318978048,417333248,391173632,444596224,,,,,,,,,,
1791474031.293292,602712,tracking_feedback_accumulate,2581,,24970,,,322974720,438304768,391173632,444596224,,,,,,,,3.190099960193038,,
1791474031.297884,602712,frontend_frame,2581,0,24970,72,8,313076736,438304768,391173632,444596224,,,,,,,,,,
1791474031.677551,602712,tracking_feedback_accumulate,2582,,24970,,,317073408,438304768,391173632,444596224,,,,,,,,2.980499994009733,,
1791474031.6825504,602712,frontend_frame,2582,0,24970,72,8,318980096,438304768,391173632,444596224,,,,,,,,,,
1791474032.056445,602712,tracking_feedback_accumulate,2583,,24970,,,322894848,438304768,391173632,444596224,,,,,,,,2.8250999748706818,,
1791474032.0614445,602712,frontend_frame,2583,0,24970,72,8,324801536,438304768,391173632,444596224,,,,,,,,,,
1791474032.5156908,602712,tracking_feedback_accumulate,2584,,24970,,,311173120,438304768,391173632,444596224,,,,,,,,2.8556999750435352,,
1791474032.520692,602712,frontend_frame,2584,0,24970,72,8,313079808,438304768,391173632,444596224,,,,,,,,,,
1791474032.98202,602712,tracking_feedback_accumulate,2585,,24970,,,317076480,438304768,391173632,444596224,,,,,,,,2.841999987140298,,
1791474032.9860198,602712,frontend_frame,2585,0,24970,72,8,318983168,438304768,391173632,444596224,,,,,,,,,,
1791474033.4031506,602712,tracking_feedback_accumulate,2586,,24970,,,322897920,438304768,391173632,444596224,,,,,,,,2.87279998883605,,
1791474033.4081519,602712,frontend_frame,2586,0,24970,72,8,312999936,438304768,391173632,444596224,,,,,,,,,,
1791474033.8097544,602712,tracking_feedback_accumulate,2587,,24970,,,317078528,438304768,391173632,444596224,,,,,,,,2.7302999515086412,,
1791474033.8137536,602712,frontend_frame,2587,0,24970,72,8,318985216,438304768,391173632,444596224,,,,,,,,,,
1791474034.2878144,602712,tracking_feedback_accumulate,2588,,24970,,,322981888,438304768,391173632,444596224,,,,,,,,3.1043998897075653,,
1791474034.2928135,602712,frontend_frame,2588,0,24970,72,8,324888576,438304768,391173632,444596224,,,,,,,,,,
1791474034.6929712,602712,tracking_feedback_accumulate,2589,,24970,,,311178240,438304768,391173632,444596224,,,,,,,,2.850899938493967,,
1791474034.6969705,602712,frontend_frame,2589,0,24970,72,8,313084928,438304768,391173632,444596224,,,,,,,,,,
1791474035.0928352,602712,tracking_feedback_accumulate,2590,,24970,,,317081600,438304768,391173632,444596224,,,,,,,,2.8925000224262476,,
1791474035.0978358,602712,frontend_frame,2590,0,24970,72,8,318988288,417333248,391173632,444596224,,,,,,,,,,
1791474035.481383,602712,tracking_feedback_accumulate,2591,,24970,,,322984960,438304768,391173632,444596224,,,,,,,,2.8846999630331993,,
1791474035.4863834,602712,frontend_frame,2591,0,24970,72,8,313086976,438304768,391173632,444596224,,,,,,,,,,
1791474035.939584,602712,tracking_feedback_accumulate,2592,,24970,,,317083648,438304768,391173632,444596224,,,,,,,,2.834599930793047,,
1791474035.943584,602712,frontend_frame,2592,0,24970,72,8,318990336,438304768,391173632,444596224,,,,,,,,,,
1791474036.3389125,602712,tracking_feedback_accumulate,2593,,24970,,,322987008,438304768,391173632,444596224,,,,,,,,3.179799998179078,,
1791474036.344914,602712,frontend_frame,2593,0,24970,72,8,313089024,438304768,391173632,444596224,,,,,,,,,,
1791474036.7533836,602712,tracking_feedback_accumulate,2594,,24970,,,317003776,438304768,391173632,444596224,,,,,,,,2.8583998791873455,,
1791474036.7573836,602712,frontend_frame,2594,0,24970,72,8,318910464,438304768,391173632,444596224,,,,,,,,,,
1791474037.201233,602712,tracking_feedback_accumulate,2595,,24970,,,322989056,438304768,391173632,444596224,,,,,,,,2.9310998506844044,,
1791474037.2062316,602712,frontend_frame,2595,0,24970,72,8,324895744,438304768,391173632,444596224,,,,,,,,,,
1791474037.5449233,602712,tracking_feedback_accumulate,2596,,24970,,,311185408,438304768,391173632,444596224,,,,,,,,2.807500073686242,,
1791474037.5499244,602712,frontend_frame,2596,0,24970,72,8,313092096,438304768,391173632,444596224,,,,,,,,,,
1791474037.9553952,602712,tracking_feedback_accumulate,2597,,24970,,,317088768,438304768,391173632,444596224,,,,,,,,2.900300081819296,,
1791474037.959395,602712,frontend_frame,2597,0,24970,72,8,318995456,438304768,391173632,444596224,,,,,,,,,,
1791474038.384347,602712,tracking_feedback_accumulate,2598,,24970,,,322910208,438304768,391173632,444596224,,,,,,,,2.9685001354664564,,
1791474038.3893464,602712,frontend_frame,2598,0,24970,72,8,313012224,438304768,391173632,444596224,,,,,,,,,,
1791474038.7907996,602712,tracking_feedback_accumulate,2599,,24970,,,317090816,438304768,391173632,444596224,,,,,,,,3.2122000120580196,,
1791474038.7957988,602712,frontend_frame,2599,0,24970,72,8,318997504,438304768,391173632,444596224,,,,,,,,,,
1791474039.1828086,602712,tracking_feedback_accumulate,2600,,24970,,,322912256,438304768,391173632,444596224,,,,,,,,2.894100034609437,,
1791474039.1878085,602712,frontend_frame,2600,0,24970,72,8,324818944,396361728,391173632,444596224,,,,,,,,,,
1791474039.4783332,602712,tracking_feedback_accumulate,2601,,24970,,,311190528,438304768,391173632,444596224,,,,,,,,3.0404001008719206,,
1791474039.4833338,602712,frontend_frame,2601,0,24970,72,8,313097216,438304768,391173632,444596224,,,,,,,,,,
1791474039.8690538,602712,tracking_feedback_accumulate,2602,,24970,,,317011968,438304768,391173632,444596224,,,,,,,,2.8621999081224203,,
1791474039.8730528,602712,frontend_frame,2602,0,24970,72,8,318918656,438304768,391173632,444596224,,,,,,,,,,
1791474040.268576,602712,tracking_feedback_accumulate,2603,,24970,,,322997248,438304768,391173632,444596224,,,,,,,,2.860700013116002,,
1791474040.2735775,602712,frontend_frame,2603,0,24970,72,8,313099264,438304768,391173632,444596224,,,,,,,,,,
1791474040.7235947,602712,tracking_feedback_accumulate,2604,,24970,,,317095936,438304768,391173632,444596224,,,,,,,,2.991299843415618,,
1791474040.727595,602712,frontend_frame,2604,0,24970,72,8,319002624,438304768,391173632,444596224,,,,,,,,,,
1791474041.0187793,602712,tracking_feedback_accumulate,2605,,24970,,,322917376,438304768,391173632,444596224,,,,,,,,2.864300040528178,,
1791474041.0227795,602712,frontend_frame,2605,0,24970,72,8,324824064,438304768,391173632,444596224,,,,,,,,,,
1791474041.31455,602712,tracking_feedback_accumulate,2606,,24970,,,311195648,438304768,391173632,444596224,,,,,,,,2.853899961337447,,
1791474041.3195508,602712,frontend_frame,2606,0,24970,72,8,313102336,438304768,391173632,444596224,,,,,,,,,,
1791474041.8168406,602712,tracking_feedback_accumulate,2607,,24970,,,317099008,438304768,391173632,444596224,,,,,,,,2.8484000358730555,,
1791474041.8218417,602712,frontend_frame,2607,0,24970,72,8,319005696,438304768,391173632,444596224,,,,,,,,,,
1791474042.2128317,602712,tracking_feedback_accumulate,2608,,24970,,,322920448,438304768,391173632,444596224,,,,,,,,3.220600076019764,,
1791474042.2188327,602712,frontend_frame,2608,0,24970,72,8,313022464,438304768,391173632,444596224,,,,,,,,,,
1791474042.519669,602712,tracking_feedback_accumulate,2609,,24970,,,317101056,438304768,391173632,444596224,,,,,,,,2.7923998422920704,,
1791474042.523669,602712,frontend_frame,2609,0,24970,72,8,319007744,438304768,391173632,444596224,,,,,,,,,,
1791474042.9359827,602712,tracking_feedback_accumulate,2610,,24970,,,323004416,438304768,391173632,444596224,,,,,,,,2.9376999009400606,,
1791474042.9414887,602712,frontend_frame,2610,0,24970,72,8,313106432,417333248,391173632,444596224,,,,,,,,,,
1791474043.266198,602712,tracking_feedback_accumulate,2611,,24970,,,317103104,438304768,391173632,444596224,,,,,,,,3.0181000474840403,,
1791474043.2701979,602712,frontend_frame,2611,0,24970,72,8,319009792,438304768,391173632,444596224,,,,,,,,,,
1791474043.6572616,602712,tracking_feedback_accumulate,2612,,24970,,,322924544,438304768,391173632,444596224,,,,,,,,2.8017000295221806,,
1791474043.6622598,602712,frontend_frame,2612,0,24970,72,8,324831232,438304768,391173632,444596224,,,,,,,,,,
1791474043.978918,602712,tracking_feedback_accumulate,2613,,24970,,,317105152,438304768,391173632,444596224,,,,,,,,3.165199887007475,,
1791474043.9839177,602712,frontend_frame,2613,0,24970,72,8,319011840,438304768,391173632,444596224,,,,,,,,,,
1791474044.4258716,602712,tracking_feedback_accumulate,2614,,24970,,,322926592,438304768,391173632,444596224,,,,,,,,2.903199987486005,,
1791474044.4298751,602712,frontend_frame,2614,0,24970,72,8,324833280,438304768,391173632,444596224,,,,,,,,,,
1791474044.8232245,602712,tracking_feedback_accumulate,2615,,24970,,,328911872,438304768,391173632,444596224,,,,,,,,2.795799868181348,,
1791474044.8282287,602712,frontend_frame,2615,0,24970,72,8,319013888,438304768,391173632,444596224,,,,,,,,,,
1791474045.2356365,602712,tracking_feedback_accumulate,2616,,24970,,,322928640,438304768,391173632,444596224,,,,,,,,2.8427999932318926,,
1791474045.2406363,602712,frontend_frame,2616,0,24970,72,8,324835328,438304768,391173632,444596224,,,,,,,,,,
1791474045.640248,602712,tracking_feedback_accumulate,2617,,24970,,,328913920,438304768,391173632,444596224,,,,,,,,3.929399885237217,,
1791474045.6447542,602712,frontend_frame,2617,0,24970,72,8,330820608,438304768,391173632,444596224,,,,,,,,,,
1791474046.0480855,602712,tracking_feedback_accumulate,2618,,24970,,,317028352,438304768,391173632,444596224,,,,,,,,2.9841000214219093,,
1791474046.0530858,602712,frontend_frame,2618,0,24970,72,8,318935040,438304768,391173632,444596224,,,,,,,,,,
1791474046.4743407,602712,tracking_feedback_accumulate,2619,,24970,,,323013632,438304768,391173632,444596224,,,,,,,,2.8705999720841646,,
1791474046.47934,602712,frontend_frame,2619,0,24970,72,8,324920320,438304768,391173632,444596224,,,,,,,,,,
1791474046.7984083,602712,tracking_feedback_accumulate,2620,,24970,,,328916992,438304768,391173632,444596224,,,,,,,,2.8844999615103006,,
1791474046.8044083,602712,frontend_frame,2620,0,24970,72,8,319019008,417333248,391173632,444596224,,,,,,,,,,
1791474047.1063447,602712,tracking_feedback_accumulate,2621,,24970,,,322933760,438304768,391173632,444596224,,,,,,,,2.895600162446499,,
1791474047.111346,602712,frontend_frame,2621,0,24970,72,8,324840448,438304768,391173632,444596224,,,,,,,,,,
1791474047.507545,602712,tracking_feedback_accumulate,2622,,24970,,,328919040,438304768,391173632,444596224,,,,,,,,2.952700015157461,,
1791474047.5121336,602712,frontend_frame,2622,0,24970,72,8,330825728,438304768,391173632,444596224,,,,,,,,,,
1791474047.8997552,602712,tracking_feedback_accumulate,2623,,24970,,,317033472,438304768,391173632,444596224,,,,,,,,2.8353999368846416,,
1791474047.9043517,602712,frontend_frame,2623,0,24970,72,8,318940160,438304768,391173632,444596224,,,,,,,,,,
1791474048.239442,602712,tracking_feedback_accumulate,2624,,24970,,,323018752,438304768,391173632,444596224,,,,,,,,2.8855002019554377,,
1791474048.244138,602712,frontend_frame,2624,0,24970,72,8,324925440,438304768,391173632,444596224,,,,,,,,,,
1791474048.7364318,602712,tracking_feedback_accumulate,2625,,24970,,,328840192,438304768,391173632,444596224,,,,,,,,2.8060998301953077,,
1791474048.7427173,602712,frontend_frame,2625,0,24970,72,8,313039872,438304768,391173632,444596224,,,,,,,,,,
1791474049.0758436,602712,tracking_feedback_accumulate,2626,,24970,,,317118464,438304768,391173632,444596224,,,,,,,,2.933899872004986,,
1791474049.0804682,602712,frontend_frame,2626,0,24970,72,8,319025152,438304768,391173632,444596224,,,,,,,,,,
1791474049.4342756,602712,tracking_feedback_accumulate,2627,,24970,,,323021824,438304768,391173632,444596224,,,,,,,,2.9947999864816666,,
1791474049.4856777,602712,frontend_frame,2627,0,24970,73,8,317119488,438304768,391173632,444596224,,,,,,,,,,
1791474060.5191138,602712,tracking_feedback_accumulate,2628,,25244,,,321135616,438304768,391173632,444596224,,,,,,,,2.9237999115139246,,
1791474060.524113,602712,frontend_frame,2628,0,25244,73,8,323104256,438304768,391173632,444596224,,,,,,,,,,
1791474060.920917,602712,tracking_feedback_accumulate,2629,,25244,,,327019008,459276288,391173632,459276288,,,,,,,,3.0104999896138906,,
1791474060.925916,602712,frontend_frame,2629,0,25244,73,8,323023360,459276288,391173632,459276288,,,,,,,,,,
1791474061.3191824,602712,tracking_feedback_accumulate,2630,,25244,,,327101952,459276288,391173632,459276288,,,,,,,,2.9080999083817005,,
1791474061.324182,602712,frontend_frame,2630,0,25244,73,8,329069056,417333248,391173632,459276288,,,,,,,,,,
1791474061.7774696,602712,tracking_feedback_accumulate,2631,,25244,,,333065728,459276288,391173632,459276288,,,,,,,,2.9015999753028154,,
1791474061.782469,602712,frontend_frame,2631,0,25244,73,8,335032832,459276288,391173632,459276288,,,,,,,,,,
1791474062.084145,602712,tracking_feedback_accumulate,2632,,25244,,,327104000,459276288,391173632,459276288,,,,,,,,2.977999858558178,,
1791474062.088146,602712,frontend_frame,2632,0,25244,73,8,329071616,459276288,391173632,459276288,,,,,,,,,,
1791474062.5547209,602712,tracking_feedback_accumulate,2633,,25244,,,333068288,459276288,391173632,459276288,,,,,,,,3.024300094693899,,
1791474062.5587218,602712,frontend_frame,2633,0,25244,73,8,335035392,459276288,391173632,459276288,,,,,,,,,,
1791474063.0030534,602712,tracking_feedback_accumulate,2634,,25244,,,338950144,459276288,391173632,459276288,,,,,,,,2.986100036650896,,
1791474063.0090535,602712,frontend_frame,2634,0,25244,73,8,328991744,459276288,391173632,459276288,,,,,,,,,,
1791474063.4072437,602712,tracking_feedback_accumulate,2635,,25244,,,333070336,459276288,391173632,459276288,,,,,,,,2.864799927920103,,
1791474063.4122436,602712,frontend_frame,2635,0,25244,73,8,335037440,459276288,391173632,459276288,,,,,,,,,,
1791474063.8387845,602712,tracking_feedback_accumulate,2636,,25244,,,339034112,459276288,391173632,459276288,,,,,,,,3.1634001061320305,,
1791474063.8437834,602712,frontend_frame,2636,0,25244,73,8,341001216,459276288,391173632,459276288,,,,,,,,,,
1791474064.2772326,602712,tracking_feedback_accumulate,2637,,25244,,,327027712,459276288,391173632,459276288,,,,,,,,2.964799990877509,,
1791474064.282232,602712,frontend_frame,2637,0,25244,73,8,328994816,459276288,391173632,459276288,,,,,,,,,,
1791474064.6799946,602712,tracking_feedback_accumulate,2638,,25244,,,333073408,459276288,391173632,459276288,,,,,,,,2.9054000042378902,,
1791474064.6849945,602712,frontend_frame,2638,0,25244,73,8,335040512,459276288,391173632,459276288,,,,,,,,,,
1791474065.1136382,602712,tracking_feedback_accumulate,2639,,25244,,,338955264,459276288,391173632,459276288,,,,,,,,3.229500027373433,,
1791474065.118638,602712,frontend_frame,2639,0,25244,73,8,328996864,459276288,391173632,459276288,,,,,,,,,,
1791474065.4377034,602712,tracking_feedback_accumulate,2640,,25244,,,333075456,459276288,391173632,459276288,,,,,,,,3.129999851807952,,
1791474065.4437044,602712,frontend_frame,2640,0,25244,73,8,335042560,417333248,391173632,459276288,,,,,,,,,,
1791474065.760308,602712,tracking_feedback_accumulate,2641,,25244,,,339039232,459276288,391173632,459276288,,,,,,,,2.9098999220877886,,
1791474065.765414,602712,frontend_frame,2641,0,25244,73,8,341006336,459276288,391173632,459276288,,,,,,,,,,
1791474066.092541,602712,tracking_feedback_accumulate,2642,,25244,,,327032832,459276288,391173632,459276288,,,,,,,,2.918099984526634,,
1791474066.0975406,602712,frontend_frame,2642,0,25244,73,8,328999936,459276288,391173632,459276288,,,,,,,,,,
1791474066.5365071,602712,tracking_feedback_accumulate,2643,,25244,,,333078528,459276288,391173632,459276288,,,,,,,,3.0549000948667526,,
1791474066.5415068,602712,frontend_frame,2643,0,25244,73,8,335045632,459276288,391173632,459276288,,,,,,,,,,
1791474066.9292629,602712,tracking_feedback_accumulate,2644,,25244,,,327034880,459276288,391173632,459276288,,,,,,,,2.914499957114458,,
1791474066.9332626,602712,frontend_frame,2644,0,25244,73,8,329001984,459276288,391173632,459276288,,,,,,,,,,
1791474067.3246377,602712,tracking_feedback_accumulate,2645,,25244,,,333080576,459276288,391173632,459276288,,,,,,,,2.8833001852035522,,
1791474067.329638,602712,frontend_frame,2645,0,25244,73,8,335047680,459276288,391173632,459276288,,,,,,,,,,
1791474067.7204418,602712,tracking_feedback_accumulate,2646,,25244,,,338962432,459276288,391173632,459276288,,,,,,,,2.884299959987402,,
1791474067.7264428,602712,frontend_frame,2646,0,25244,73,8,329004032,459276288,391173632,459276288,,,,,,,,,,
1791474068.0177898,602712,tracking_feedback_accumulate,2647,,25244,,,333082624,459276288,391173632,459276288,,,,,,,,2.9609999619424343,,
1791474068.0217912,602712,frontend_frame,2647,0,25244,73,8,335049728,459276288,391173632,459276288,,,,,,,,,,
1791474068.4687355,602712,tracking_feedback_accumulate,2648,,25244,,,339046400,459276288,391173632,459276288,,,,,,,,2.8454000130295753,,
1791474068.4737365,602712,frontend_frame,2648,0,25244,73,8,341013504,459276288,391173632,459276288,,,,,,,,,,
1791474068.875186,602712,tracking_feedback_accumulate,2649,,25244,,,327040000,459276288,391173632,459276288,,,,,,,,2.9722999315708876,,
1791474068.8801856,602712,frontend_frame,2649,0,25244,73,8,329007104,459276288,391173632,459276288,,,,,,,,,,
1791474069.2828233,602712,tracking_feedback_accumulate,2650,,25244,,,333085696,459276288,391173632,459276288,,,,,,,,2.878500148653984,,
1791474069.2878242,602712,frontend_frame,2650,0,25244,73,8,335052800,417333248,391173632,459276288,,,,,,,,,,
1791474069.6692781,602712,tracking_feedback_accumulate,2651,,25244,,,339049472,459276288,391173632,459276288,,,,,,,,2.9337999876588583,,
1791474069.6752787,602712,frontend_frame,2651,0,25244,73,8,329091072,459276288,391173632,459276288,,,,,,,,,,
1791474070.0558572,602712,tracking_feedback_accumulate,2652,,25244,,,333087744,459276288,391173632,459276288,,,,,,,,2.9254998080432415,,
1791474070.0608568,602712,frontend_frame,2652,0,25244,73,8,335054848,459276288,391173632,459276288,,,,,,,,,,
1791474070.4490461,602712,tracking_feedback_accumulate,2653,,25244,,,339051520,459276288,391173632,459276288,,,,,,,,2.8054998256266117,,
1791474070.4540489,602712,frontend_frame,2653,0,25244,73,8,341018624,459276288,391173632,459276288,,,,,,,,,,
1791474070.858585,602712,tracking_feedback_accumulate,2654,,25244,,,315180032,459276288,391173632,459276288,,,,,,,,3.0248002149164677,,
1791474070.863585,602712,frontend_frame,2654,0,25244,73,8,317147136,459276288,391173632,459276288,,,,,,,,,,
1791474071.1743324,602712,tracking_feedback_accumulate,2655,,25244,,,321225728,459276288,391173632,459276288,,,,,,,,2.9192999936640263,,
1791474071.1783319,602712,frontend_frame,2655,0,25244,73,8,323192832,459276288,391173632,459276288,,,,,,,,,,
1791474071.5617685,602712,tracking_feedback_accumulate,2656,,25244,,,327107584,459276288,391173632,459276288,,,,,,,,2.8961999341845512,,
1791474071.5677693,602712,frontend_frame,2656,0,25244,73,8,317149184,459276288,391173632,459276288,,,,,,,,,,
1791474071.997941,602712,tracking_feedback_accumulate,2657,,25244,,,321227776,459276288,391173632,459276288,,,,,,,,2.9112999327480793,,
1791474072.0019398,602712,frontend_frame,2657,0,25244,73,8,323194880,459276288,391173632,459276288,,,,,,,,,,
1791474072.3038917,602712,tracking_feedback_accumulate,2658,,25244,,,327109632,459276288,391173632,459276288,,,,,,,,2.896999940276146,,
1791474072.3088908,602712,frontend_frame,2658,0,25244,73,8,317151232,459276288,391173632,459276288,,,,,,,,,,
1791474072.7311935,602712,tracking_feedback_accumulate,2659,,25244,,,321229824,459276288,391173632,459276288,,,,,,,,3.1289998441934586,,
1791474072.7361934,602712,frontend_frame,2659,0,25244,73,8,323196928,459276288,391173632,459276288,,,,,,,,,,
1791474073.1730974,602712,tracking_feedback_accumulate,2660,,25244,,,327193600,459276288,391173632,459276288,,,,,,,,2.9193998780101538,,
1791474073.1780975,602712,frontend_frame,2660,0,25244,73,8,329160704,417333248,391173632,459276288,,,,,,,,,,
1791474073.5684395,602712,tracking_feedback_accumulate,2661,,25244,,,321231872,438304768,391173632,459276288,,,,,,,,2.938400022685528,,
1791474073.5736592,602712,frontend_frame,2661,0,25244,73,8,323198976,438304768,391173632,459276288,,,,,,,,,,
1791474073.9537852,602712,tracking_feedback_accumulate,2662,,25244,,,327113728,459276288,391173632,459276288,,,,,,,,2.897700062021613,,
1791474073.957786,602712,frontend_frame,2662,0,25244,73,8,329080832,459276288,391173632,459276288,,,,,,,,,,
1791474074.3547387,602712,tracking_feedback_accumulate,2663,,25244,,,333159424,459276288,391173632,459276288,,,,,,,,2.957200165838003,,
1791474074.359741,602712,frontend_frame,2663,0,25244,73,8,323201024,459276288,391173632,459276288,,,,,,,,,,
1791474074.7458158,602712,tracking_feedback_accumulate,2664,,25244,,,327115776,459276288,391173632,459276288,,,,,,,,2.9279999434947968,,
1791474074.7498136,602712,frontend_frame,2664,0,25244,73,8,329082880,459276288,391173632,459276288,,,,,,,,,,
1791474075.0680635,602712,tracking_feedback_accumulate,2665,,25244,,,333161472,459276288,391173632,459276288,,,,,,,,3.077100031077862,,
1791474075.0731366,602712,frontend_frame,2665,0,25244,73,8,335128576,459276288,391173632,459276288,,,,,,,,,,
1791474075.475644,602712,tracking_feedback_accumulate,2666,,25244,,,321236992,459276288,391173632,459276288,,,,,,,,2.9386000242084265,,
1791474075.479644,602712,frontend_frame,2666,0,25244,73,8,323204096,459276288,391173632,459276288,,,,,,,,,,
1791474075.9276721,602712,tracking_feedback_accumulate,2667,,25244,,,327118848,459276288,391173632,459276288,,,,,,,,2.924199914559722,,
1791474075.9316711,602712,frontend_frame,2667,0,25244,73,8,329085952,459276288,391173632,459276288,,,,,,,,,,
1791474076.3335772,602712,tracking_feedback_accumulate,2668,,25244,,,333164544,459276288,391173632,459276288,,,,,,,,3.217400051653385,,
1791474076.338578,602712,frontend_frame,2668,0,25244,73,8,323206144,459276288,391173632,459276288,,,,,,,,,,
1791474076.7842183,602712,tracking_feedback_accumulate,2669,,25244,,,327202816,459276288,391173632,459276288,,,,,,,,2.9857000336050987,,
1791474076.788216,602712,frontend_frame,2669,0,25244,73,8,329169920,459276288,391173632,459276288,,,,,,,,,,
1791474077.2142591,602712,tracking_feedback_accumulate,2670,,25244,,,333084672,459276288,391173632,459276288,,,,,,,,2.9241000302135944,,
1791474077.2192588,602712,frontend_frame,2670,0,25244,73,8,335051776,417333248,391173632,459276288,,,,,,,,,,
1791474077.5510669,602712,tracking_feedback_accumulate,2671,,25244,,,321242112,438304768,391173632,459276288,,,,,,,,2.8291998896747828,,
1791474077.5560668,602712,frontend_frame,2671,0,25244,73,8,323209216,438304768,391173632,459276288,,,,,,,,,,
1791474078.0056076,602712,tracking_feedback_accumulate,2672,,25244,,,327123968,438304768,391173632,459276288,,,,,,,,2.8316001407802105,,
1791474078.0096078,602712,frontend_frame,2672,0,25244,73,8,329091072,438304768,391173632,459276288,,,,,,,,,,
1791474078.351792,602712,tracking_feedback_accumulate,2673,,25244,,,333169664,438304768,391173632,459276288,,,,,,,,2.866599941626191,,
1791474078.3567927,602712,frontend_frame,2673,0,25244,73,8,323211264,438304768,391173632,459276288,,,,,,,,,,
1791474078.591824,602712,tracking_feedback_accumulate,2674,,25244,,,327207936,459276288,391173632,459276288,,,,,,,,2.8186000417917967,,
1791474078.5958233,602712,frontend_frame,2674,0,25244,73,8,329175040,459276288,391173632,459276288,,,,,,,,,,
1791474078.9567397,602712,tracking_feedback_accumulate,2675,,25244,,,333171712,459276288,391173632,459276288,,,,,,,,2.93230009265244,,
1791474078.9617395,602712,frontend_frame,2675,0,25244,73,8,323213312,459276288,391173632,459276288,,,,,,,,,,
1791474079.334206,602712,tracking_feedback_accumulate,2676,,25244,,,327128064,459276288,391173632,459276288,,,,,,,,3.030200023204088,,
1791474079.3382046,602712,frontend_frame,2676,0,25244,73,8,329095168,459276288,391173632,459276288,,,,,,,,,,
1791474079.7198718,602712,tracking_feedback_accumulate,2677,,25244,,,333173760,459276288,391173632,459276288,,,,,,,,2.912400057539344,,
1791474079.7238712,602712,frontend_frame,2677,0,25244,73,8,335140864,459276288,391173632,459276288,,,,,,,,,,
1791474080.114131,602712,tracking_feedback_accumulate,2678,,25244,,,327130112,459276288,391173632,459276288,,,,,,,,2.765800105407834,,
1791474080.1191313,602712,frontend_frame,2678,0,25244,73,8,329097216,459276288,391173632,459276288,,,,,,,,,,
1791474080.388307,602712,tracking_feedback_accumulate,2679,,25244,,,333175808,459276288,391173632,459276288,,,,,,,,3.0185000505298376,,
1791474080.3933063,602712,frontend_frame,2679,0,25244,73,8,335142912,459276288,391173632,459276288,,,,,,,,,,
1791474080.72549,602712,tracking_feedback_accumulate,2680,,25244,,,339057664,459276288,391173632,459276288,,,,,,,,2.855299971997738,,
1791474080.7314901,602712,frontend_frame,2680,0,25244,73,8,329099264,417333248,391173632,459276288,,,,,,,,,,
1791474081.1269221,602712,tracking_feedback_accumulate,2681,,25244,,,333177856,438304768,391173632,459276288,,,,,,,,2.9132000636309385,,
1791474081.130922,602712,frontend_frame,2681,0,25244,73,8,335144960,438304768,391173632,459276288,,,,,,,,,,
1791474081.5066276,602712,tracking_feedback_accumulate,2682,,25244,,,339059712,438304768,391173632,459276288,,,,,,,,2.8069999534636736,,
1791474081.510629,602712,frontend_frame,2682,0,25244,73,8,341026816,438304768,391173632,459276288,,,,,,,,,,
1791474081.8841765,602712,tracking_feedback_accumulate,2683,,25244,,,315291648,438304768,391173632,459276288,,,,,,,,2.917499979957938,,
1791474081.8891761,602712,frontend_frame,2683,0,25244,73,8,317258752,438304768,391173632,459276288,,,,,,,,,,
1791474082.3086302,602712,tracking_feedback_accumulate,2684,,25244,,,321255424,438304768,391173632,459276288,,,,,,,,2.8808999340981245,,
1791474082.3136299,602712,frontend_frame,2684,0,25244,73,8,323222528,438304768,391173632,459276288,,,,,,,,,,
1791474082.7105412,602712,tracking_feedback_accumulate,2685,,25244,,,327219200,459276288,391173632,459276288,,,,,,,,2.884400077164173,,
1791474082.7155404,602712,frontend_frame,2685,0,25244,73,8,317260800,459276288,391173632,459276288,,,,,,,,,,
1791474083.0921166,602712,tracking_feedback_accumulate,2686,,25244,,,321257472,459276288,391173632,459276288,,,,,,,,2.9142999555915594,,
1791474083.0971184,602712,frontend_frame,2686,0,25244,73,8,323224576,459276288,391173632,459276288,,,,,,,,,,
1791474083.4857242,602712,tracking_feedback_accumulate,2687,,25244,,,327139328,459276288,391173632,459276288,,,,,,,,2.9366998933255672,,
1791474083.4907243,602712,frontend_frame,2687,0,25244,73,8,329106432,459276288,391173632,459276288,,,,,,,,,,
1791474083.9100466,602712,tracking_feedback_accumulate,2688,,25244,,,315296768,459276288,391173632,459276288,,,,,,,,3.0116999987512827,,
1791474083.9150457,602712,frontend_frame,2688,0,25244,73,8,317263872,459276288,391173632,459276288,,,,,,,,,,
1791474084.3078077,602712,tracking_feedback_accumulate,2689,,25244,,,321178624,459276288,391173632,459276288,,,,,,,,2.9418000485748053,,
1791474084.3118088,602712,frontend_frame,2689,0,25244,73,8,323145728,459276288,391173632,459276288,,,,,,,,,,
1791474084.7005894,602712,tracking_feedback_accumulate,2690,,25244,,,327224320,459276288,391173632,459276288,,,,,,,,3.3553000539541245,,
1791474084.7055888,602712,frontend_frame,2690,0,25244,73,8,317265920,417333248,391173632,459276288,,,,,,,,,,
1791474085.0885255,602712,tracking_feedback_accumulate,2691,,25244,,,321180672,438304768,391173632,459276288,,,,,,,,2.892599906772375,,
1791474085.092525,602712,frontend_frame,2691,0,25244,73,8,323147776,438304768,391173632,459276288,,,,,,,,,,
1791474085.4890666,602712,tracking_feedback_accumulate,2692,,25244,,,327226368,438304768,391173632,459276288,,,,,,,,2.9259000439196825,,
1791474085.4950666,602712,frontend_frame,2692,0,25244,73,8,317267968,438304768,391173632,459276288,,,,,,,,,,
1791474085.789382,602712,tracking_feedback_accumulate,2693,,25244,,,321182720,459276288,391173632,459276288,,,,,,,,3.1296999659389257,,
1791474085.795383,602712,frontend_frame,2693,0,25244,73,8,323149824,459276288,391173632,459276288,,,,,,,,,,
1791474086.1474524,602712,tracking_feedback_accumulate,2694,,25244,,,327228416,459276288,391173632,459276288,,,,,,,,2.962999977171421,,
1791474086.1514523,602712,frontend_frame,2694,0,25244,73,8,329195520,459276288,391173632,459276288,,,,,,,,,,
1791474086.5862496,602712,tracking_feedback_accumulate,2695,,25244,,,321266688,459276288,391173632,459276288,,,,,,,,2.9551000334322453,,
1791474086.5902505,602712,frontend_frame,2695,0,25244,73,8,323233792,459276288,391173632,459276288,,,,,,,,,,
1791474086.9019408,602712,tracking_feedback_accumulate,2696,,25244,,,327148544,459276288,391173632,459276288,,,,,,,,2.942499937489629,,
1791474086.9069426,602712,frontend_frame,2696,0,25244,73,8,329115648,459276288,391173632,459276288,,,,,,,,,,
1791474087.284863,602712,tracking_feedback_accumulate,2697,,25244,,,333194240,459276288,391173632,459276288,,,,,,,,3.0555000994354486,,
1791474087.289863,602712,frontend_frame,2697,0,25244,73,8,323235840,459276288,391173632,459276288,,,,,,,,,,
1791474087.7566028,602712,tracking_feedback_accumulate,2698,,25244,,,327232512,459276288,391173632,459276288,,,,,,,,3.177399979904294,,
1791474087.7616012,602712,frontend_frame,2698,0,25244,73,8,329199616,459276288,391173632,459276288,,,,,,,,,,
1791474088.0844653,602712,tracking_feedback_accumulate,2699,,25244,,,333114368,459276288,391173632,459276288,,,,,,,,2.900100080296397,,
1791474088.0884674,602712,frontend_frame,2699,0,25244,73,8,335081472,459276288,391173632,459276288,,,,,,,,,,
1791474088.479506,602712,tracking_feedback_accumulate,2700,,25244,,,321271808,459276288,391173632,459276288,,,,,,,,2.964500105008483,,
1791474088.4845066,602712,frontend_frame,2700,0,25244,73,8,323238912,417333248,391173632,459276288,,,,,,,,,,
1791474088.9144478,602712,tracking_feedback_accumulate,2701,,25244,,,327153664,459276288,391173632,459276288,,,,,,,,2.797699999064207,,
1791474088.919448,602712,frontend_frame,2701,0,25244,73,8,329120768,459276288,391173632,459276288,,,,,,,,,,
1791474089.2861986,602712,tracking_feedback_accumulate,2702,,25244,,,333199360,459276288,391173632,459276288,,,,,,,,3.1122001819312572,,
1791474089.291198,602712,frontend_frame,2702,0,25244,73,8,323240960,459276288,391173632,459276288,,,,,,,,,,
1791474089.6773305,602712,tracking_feedback_accumulate,2703,,25244,,,327237632,459276288,391173632,459276288,,,,,,,,2.9847000259906054,,
1791474089.6823308,602712,frontend_frame,2703,0,25244,73,8,329204736,459276288,391173632,459276288,,,,,,,,,,
1791474090.1226356,602712,tracking_feedback_accumulate,2704,,25244,,,333119488,459276288,391173632,459276288,,,,,,,,2.899800194427371,,
1791474090.1276362,602712,frontend_frame,2704,0,25244,73,8,335086592,459276288,391173632,459276288,,,,,,,,,,
1791474090.5554216,602712,tracking_feedback_accumulate,2705,,25244,,,321276928,459276288,391173632,459276288,,,,,,,,3.022999968379736,,
1791474090.5594215,602712,frontend_frame,2705,0,25244,73,8,323244032,459276288,391173632,459276288,,,,,,,,,,
1791474090.9190004,602712,tracking_feedback_accumulate,2706,,25244,,,327240704,459276288,391173632,459276288,,,,,,,,2.9627999756485224,,
1791474090.924,602712,frontend_frame,2706,0,25244,73,8,329207808,459276288,391173632,459276288,,,,,,,,,,
1791474091.2883334,602712,tracking_feedback_accumulate,2707,,25244,,,333204480,459276288,391173632,459276288,,,,,,,,2.967200009152293,,
1791474091.2933347,602712,frontend_frame,2707,0,25244,73,8,323246080,459276288,391173632,459276288,,,,,,,,,,
1791474091.6121206,602712,tracking_feedback_accumulate,2708,,25244,,,327242752,459276288,391173632,459276288,,,,,,,,2.992300083860755,,
1791474091.617121,602712,frontend_frame,2708,0,25244,73,8,329209856,459276288,391173632,459276288,,,,,,,,,,
1791474091.944617,602712,tracking_feedback_accumulate,2709,,25244,,,333206528,459276288,391173632,459276288,,,,,,,,2.9736999422311783,,
1791474091.952616,602712,frontend_frame,2709,0,25244,73,8,323248128,459276288,391173632,459276288,,,,,,,,,,
1791474092.3473454,602712,tracking_feedback_accumulate,2710,,25244,,,327162880,459276288,391173632,459276288,,,,,,,,2.9052000027149916,,
1791474092.352347,602712,frontend_frame,2710,0,25244,73,8,329129984,417333248,391173632,459276288,,,,,,,,,,
1791474092.7514298,602712,tracking_feedback_accumulate,2711,,25244,,,333208576,438304768,391173632,459276288,,,,,,,,2.8656998183578253,,
1791474092.75643,602712,frontend_frame,2711,0,25244,73,8,335175680,438304768,391173632,459276288,,,,,,,,,,
1791474093.098606,602712,tracking_feedback_accumulate,2712,,25244,,,315239424,438304768,391173632,459276288,,,,,,,,2.8953999280929565,,
1791474093.103607,602712,frontend_frame,2712,0,25244,73,8,317206528,438304768,391173632,459276288,,,,,,,,,,
1791474093.534085,602712,tracking_feedback_accumulate,2713,,25244,,,321285120,438304768,391173632,459276288,,,,,,,,3.000900149345398,,
1791474093.5380843,602712,frontend_frame,2713,0,25244,73,8,323252224,438304768,391173632,459276288,,,,,,,,,,
1791474093.9300423,602712,tracking_feedback_accumulate,2714,,25244,,,327166976,459276288,391173632,459276288,,,,,,,,2.9259000439196825,,
1791474093.9350426,602712,frontend_frame,2714,0,25244,73,8,317208576,459276288,391173632,459276288,,,,,,,,,,
1791474094.3482356,602712,tracking_feedback_accumulate,2715,,25244,,,321287168,459276288,391173632,459276288,,,,,,,,2.857599873095751,,
1791474094.3532362,602712,frontend_frame,2715,0,25244,73,8,323254272,459276288,391173632,459276288,,,,,,,,,,
1791474094.7838218,602712,tracking_feedback_accumulate,2716,,25244,,,327250944,459276288,391173632,459276288,,,,,,,,2.973299939185381,,
1791474094.7888756,602712,frontend_frame,2716,0,25244,73,8,329218048,459276288,391173632,459276288,,,,,,,,,,
1791474095.1645677,602712,tracking_feedback_accumulate,2717,,25244,,,315326464,459276288,391173632,459276288,,,,,,,,2.9171998612582684,,
1791474095.168569,602712,frontend_frame,2717,0,25244,73,8,317293568,459276288,391173632,459276288,,,,,,,,,,
1791474095.5607476,602712,tracking_feedback_accumulate,2718,,25244,,,321290240,459276288,391173632,459276288,,,,,,,,2.894100034609437,,
1791474095.5647464,602712,frontend_frame,2718,0,25244,73,8,323257344,459276288,391173632,459276288,,,,,,,,,,
1791474095.8921995,602712,tracking_feedback_accumulate,2719,,25244,,,327172096,459276288,391173632,459276288,,,,,,,,2.923700027167797,,
1791474095.8972008,602712,frontend_frame,2719,0,25244,73,8,317213696,459276288,391173632,459276288,,,,,,,,,,
1791474096.3140516,602712,tracking_feedback_accumulate,2720,,25244,,,321292288,459276288,391173632,459276288,,,,,,,,3.003199817612767,,
1791474096.3200517,602712,frontend_frame,2720,0,25244,73,8,323259392,417333248,391173632,459276288,,,,,,,,,,
1791474096.6774142,602712,tracking_feedback_accumulate,2721,,25244,,,327256064,459276288,391173632,459276288,,,,,,,,2.913199830800295,,
1791474096.6824145,602712,frontend_frame,2721,0,25244,73,8,329223168,459276288,391173632,459276288,,,,,,,,,,
1791474097.0919785,602712,tracking_feedback_accumulate,2722,,25244,,,315249664,459276288,391173632,459276288,,,,,,,,2.9865000396966934,,
1791474097.0969791,602712,frontend_frame,2722,0,25244,73,8,317216768,459276288,391173632,459276288,,,,,,,,,,
1791474097.5010676,602712,tracking_feedback_accumulate,2723,,25244,,,321295360,459276288,391173632,459276288,,,,,,,,2.887199865654111,,
1791474097.506068,602712,frontend_frame,2723,0,25244,73,8,323262464,459276288,391173632,459276288,,,,,,,,,,
1791474097.738868,602712,tracking_feedback_accumulate,2724,,25244,,,315251712,459276288,391173632,459276288,,,,,,,,2.9978000093251467,,
1791474097.742868,602712,frontend_frame,2724,0,25244,73,8,317218816,459276288,391173632,459276288,,,,,,,,,,
1791474098.1575599,602712,tracking_feedback_accumulate,2725,,25244,,,321297408,459276288,391173632,459276288,,,,,,,,2.884299959987402,,
1791474098.1625607,602712,frontend_frame,2725,0,25244,73,8,323264512,459276288,391173632,459276288,,,,,,,,,,
1791474098.6256425,602712,tracking_feedback_accumulate,2726,,25244,,,327179264,459276288,391173632,459276288,,,,,,,,3.0867999885231256,,
1791474098.6306422,602712,frontend_frame,2726,0,25244,73,8,317220864,459276288,391173632,459276288,,,,,,,,,,
1791474099.0387259,602712,tracking_feedback_accumulate,2727,,25244,,,321299456,459276288,391173632,459276288,,,,,,,,2.796800108626485,,
1791474099.0437267,602712,frontend_frame,2727,0,25244,73,8,323266560,459276288,391173632,459276288,,,,,,,,,,
1791474099.3632529,602712,tracking_feedback_accumulate,2728,,25244,,,327181312,459276288,391173632,459276288,,,,,,,,2.8822000604122877,,
1791474099.3682532,602712,frontend_frame,2728,0,25244,73,8,329148416,459276288,391173632,459276288,,,,,,,,,,
1791474099.835178,602712,tracking_feedback_accumulate,2729,,25244,,,315338752,459276288,391173632,459276288,,,,,,,,2.9193998780101538,,
1791474099.840178,602712,frontend_frame,2729,0,25244,73,8,317305856,459276288,391173632,459276288,,,,,,,,,,
1791474100.1723258,602712,tracking_feedback_accumulate,2730,,25244,,,321302528,459276288,391173632,459276288,,,,,,,,2.9756000731140375,,
1791474100.1773252,602712,frontend_frame,2730,0,25244,73,8,323269632,417333248,391173632,459276288,,,,,,,,,,
1791474100.5806987,602712,tracking_feedback_accumulate,2731,,25244,,,327266304,459276288,391173632,459276288,,,,,,,,2.966000000014901,,
1791474100.5856977,602712,frontend_frame,2731,0,25244,73,8,317307904,459276288,391173632,459276288,,,,,,,,,,
1791474100.9643679,602712,tracking_feedback_accumulate,2732,,25244,,,321304576,459276288,391173632,459276288,,,,,,,,2.991100074723363,,
1791474100.9688723,602712,frontend_frame,2732,0,25244,73,8,323271680,459276288,391173632,459276288,,,,,,,,,,
1791474101.2746658,602712,tracking_feedback_accumulate,2733,,25244,,,327268352,459276288,391173632,459276288,,,,,,,,2.9130999464541674,,
1791474101.2796686,602712,frontend_frame,2733,0,25244,73,8,329235456,459276288,391173632,459276288,,,,,,,,,,
1791474101.6648915,602712,tracking_feedback_accumulate,2734,,25244,,,315343872,459276288,391173632,459276288,,,,,,,,2.8798000421375036,,
1791474101.6688912,602712,frontend_frame,2734,0,25244,73,8,317310976,459276288,391173632,459276288,,,,,,,,,,
1791474102.0691288,602712,tracking_feedback_accumulate,2735,,25244,,,321225728,459276288,391173632,459276288,,,,,,,,3.2782000489532948,,
1791474102.0741296,602712,frontend_frame,2735,0,25244,73,8,323192832,459276288,391173632,459276288,,,,,,,,,,
1791474102.4388394,602712,tracking_feedback_accumulate,2736,,25244,,,327271424,459276288,391173632,459276288,,,,,,,,2.9525000136345625,,
1791474102.4438396,602712,frontend_frame,2736,0,25244,73,8,317313024,459276288,391173632,459276288,,,,,,,,,,
1791474102.897533,602712,tracking_feedback_accumulate,2737,,25244,,,321227776,459276288,391173632,459276288,,,,,,,,2.975699957460165,,
1791474102.9025316,602712,frontend_frame,2737,0,25244,73,8,323194880,459276288,391173632,459276288,,,,,,,,,,
1791474103.3146415,602712,tracking_feedback_accumulate,2738,,25244,,,327273472,459276288,391173632,459276288,,,,,,,,2.905299887061119,,
1791474103.3206406,602712,frontend_frame,2738,0,25244,73,8,317315072,459276288,391173632,459276288,,,,,,,,,,
1791474103.7088675,602712,tracking_feedback_accumulate,2739,,25244,,,321311744,459276288,391173632,459276288,,,,,,,,3.0314000323414803,,
1791474103.7138684,602712,frontend_frame,2739,0,25244,73,8,323278848,459276288,391173632,459276288,,,,,,,,,,
1791474104.0992444,602712,tracking_feedback_accumulate,2740,,25244,,,327193600,459276288,391173632,459276288,,,,,,,,2.9100999236106873,,
1791474104.104245,602712,frontend_frame,2740,0,25244,73,8,329160704,417333248,391173632,459276288,,,,,,,,,,
1791474104.4905982,602712,tracking_feedback_accumulate,2741,,25244,,,315351040,438304768,391173632,459276288,,,,,,,,2.9033999890089035,,
1791474104.4945972,602712,frontend_frame,2741,0,25244,73,8,317318144,438304768,391173632,459276288,,,,,,,,,,
1791474104.8787906,602712,tracking_feedback_accumulate,2742,,25244,,,321232896,459276288,391173632,459276288,,,,,,,,2.9456999618560076,,
1791474104.8837926,602712,frontend_frame,2742,0,25244,73,8,323200000,459276288,391173632,459276288,,,,,,,,,,
1791474105.25925,602712,tracking_feedback_accumulate,2743,,25244,,,327278592,459276288,391173632,459276288,,,,,,,,2.935499884188175,,
1791474105.264251,602712,frontend_frame,2743,0,25244,73,8,317320192,459276288,391173632,459276288,,,,,,,,,,
1791474105.568897,602712,tracking_feedback_accumulate,2744,,25244,,,321234944,459276288,391173632,459276288,,,,,,,,2.963400213047862,,
1791474105.5738986,602712,frontend_frame,2744,0,25244,73,8,323202048,459276288,391173632,459276288,,,,,,,,,,
1791474105.9590902,602712,tracking_feedback_accumulate,2745,,25244,,,327280640,459276288,391173632,459276288,,,,,,,,2.8985999524593353,,
1791474105.9640906,602712,frontend_frame,2745,0,25244,73,8,329247744,459276288,391173632,459276288,,,,,,,,,,
1791474106.39678,602712,tracking_feedback_accumulate,2746,,25244,,,315274240,459276288,391173632,459276288,,,,,,,,3.0898000113666058,,
1791474106.4018588,602712,frontend_frame,2746,0,25244,73,8,317241344,459276288,391173632,459276288,,,,,,,,,,
1791474106.7961664,602712,tracking_feedback_accumulate,2747,,25244,,,321319936,459276288,391173632,459276288,,,,,,,,3.1455999705940485,,
1791474106.8012104,602712,frontend_frame,2747,0,25244,73,8,323287040,459276288,391173632,459276288,,,,,,,,,,
1791474107.1816058,602712,tracking_feedback_accumulate,2748,,25244,,,327283712,459276288,391173632,459276288,,,,,,,,2.8777001425623894,,
1791474107.1876101,602712,frontend_frame,2748,0,25244,73,8,317325312,459276288,391173632,459276288,,,,,,,,,,
1791474107.595309,602712,tracking_feedback_accumulate,2749,,25244,,,321321984,459276288,391173632,459276288,,,,,,,,3.070899983868003,,
1791474107.5998104,602712,frontend_frame,2749,0,25244,73,8,323289088,459276288,391173632,459276288,,,,,,,,,,
1791474108.011518,602712,tracking_feedback_accumulate,2750,,25244,,,327285760,459276288,391173632,459276288,,,,,,,,3.0368000734597445,,
1791474108.0175235,602712,frontend_frame,2750,0,25244,73,8,329252864,417333248,391173632,459276288,,,,,,,,,,
1791474108.3934674,602712,tracking_feedback_accumulate,2751,,25244,,,315279360,459276288,391173632,459276288,,,,,,,,3.1707000453025103,,
1791474108.3984654,602712,frontend_frame,2751,0,25244,73,8,317246464,459276288,391173632,459276288,,,,,,,,,,
1791474108.8298151,602712,tracking_feedback_accumulate,2752,,25244,,,321325056,459276288,391173632,459276288,,,,,,,,2.802800154313445,,
1791474108.8348162,602712,frontend_frame,2752,0,25244,73,8,323292160,459276288,391173632,459276288,,,,,,,,,,
1791474109.2522693,602712,tracking_feedback_accumulate,2753,,25244,,,327206912,459276288,391173632,459276288,,,,,,,,2.88009992800653,,
1791474109.2572703,602712,frontend_frame,2753,0,25244,73,8,317248512,459276288,391173632,459276288,,,,,,,,,,
1791474109.6859539,602712,tracking_feedback_accumulate,2754,,25244,,,321327104,459276288,391173632,459276288,,,,,,,,3.0068999622017145,,
1791474109.6899552,602712,frontend_frame,2754,0,25244,73,8,323294208,459276288,391173632,459276288,,,,,,,,,,
1791474110.129802,602712,tracking_feedback_accumulate,2755,,25244,,,327290880,459276288,391173632,459276288,,,,,,,,2.8886001091450453,,
1791474110.1338012,602712,frontend_frame,2755,0,25244,73,8,317332480,459276288,391173632,459276288,,,,,,,,,,
1791474110.5701902,602712,tracking_feedback_accumulate,2756,,25244,,,321247232,459276288,391173632,459276288,,,,,,,,2.792099956423044,,
1791474110.5761907,602712,frontend_frame,2756,0,25244,73,8,323214336,459276288,391173632,459276288,,,,,,,,,,
1791474110.997363,602712,tracking_feedback_accumulate,2757,,25244,,,327292928,459276288,391173632,459276288,,,,,,,,2.8548999689519405,,
1791474111.001362,602712,frontend_frame,2757,0,25244,73,8,329260032,459276288,391173632,459276288,,,,,,,,,,
1791474111.443751,602712,tracking_feedback_accumulate,2758,,25244,,,321331200,459276288,391173632,459276288,,,,,,,,2.998900134116411,,
1791474111.4487517,602712,frontend_frame,2758,0,25244,73,8,323298304,459276288,391173632,459276288,,,,,,,,,,
1791474111.813049,602712,tracking_feedback_accumulate,2759,,25244,,,327294976,459276288,391173632,459276288,,,,,,,,2.828500000759959,,
1791474111.8170488,602712,frontend_frame,2759,0,25244,73,8,329262080,459276288,391173632,459276288,,,,,,,,,,
1791474112.240456,602712,tracking_feedback_accumulate,2760,,25244,,,333176832,459276288,391173632,459276288,,,,,,,,3.0477000400424004,,
1791474112.2454555,602712,frontend_frame,2760,0,25244,73,8,323218432,417333248,391173632,459276288,,,,,,,,,,
1791474112.654844,602712,tracking_feedback_accumulate,2761,,25244,,,327297024,438304768,391173632,459276288,,,,,,,,2.904099877923727,,
1791474112.6588438,602712,frontend_frame,2761,0,25244,73,8,329264128,438304768,391173632,459276288,,,,,,,,,,
1791474113.0730834,602712,tracking_feedback_accumulate,2762,,25244,,,333260800,459276288,391173632,459276288,,,,,,,,2.919199876487255,,
1791474113.078083,602712,frontend_frame,2762,0,25244,73,8,335227904,459276288,391173632,459276288,,,,,,,,,,
1791474113.5075824,602712,tracking_feedback_accumulate,2763,,25244,,,321336320,459276288,391173632,459276288,,,,,,,,3.2312001567333937,,
1791474113.5125816,602712,frontend_frame,2763,0,25244,73,8,323303424,459276288,391173632,459276288,,,,,,,,,,
1791474113.946155,602712,tracking_feedback_accumulate,2764,,25244,,,327218176,459276288,391173632,459276288,,,,,,,,2.994399983435869,,
1791474113.951154,602712,frontend_frame,2764,0,25244,73,8,329185280,459276288,391173632,459276288,,,,,,,,,,
1791474114.37515,602712,tracking_feedback_accumulate,2765,,25244,,,333263872,459276288,391173632,459276288,,,,,,,,2.896800171583891,,
1791474114.3801506,602712,frontend_frame,2765,0,25244,73,8,323305472,459276288,391173632,459276288,,,,,,,,,,
1791474114.784691,602712,tracking_feedback_accumulate,2766,,25244,,,327220224,459276288,391173632,459276288,,,,,,,,3.159899963065982,,
1791474114.788691,602712,frontend_frame,2766,0,25244,73,8,329187328,459276288,391173632,459276288,,,,,,,,,,
1791474115.1210632,602712,tracking_feedback_accumulate,2767,,25244,,,333265920,459276288,391173632,459276288,,,,,,,,3.1903001945465803,,
1791474115.127062,602712,frontend_frame,2767,0,25244,73,8,335233024,459276288,391173632,459276288,,,,,,,,,,
1791474115.5382075,602712,tracking_feedback_accumulate,2768,,25244,,,321259520,459276288,391173632,459276288,,,,,,,,3.0541999731212854,,
1791474115.5432076,602712,frontend_frame,2768,0,25244,73,8,323226624,459276288,391173632,459276288,,,,,,,,,,
1791474115.9499652,602712,tracking_feedback_accumulate,2769,,25244,,,327305216,459276288,391173632,459276288,,,,,,,,2.945000072941184,,
1791474115.9549682,602712,frontend_frame,2769,0,25244,73,8,329272320,459276288,391173632,459276288,,,,,,,,,,
1791474116.3520775,602712,tracking_feedback_accumulate,2770,,25244,,,333268992,459276288,391173632,459276288,,,,,,,,2.892599906772375,,
1791474116.3590796,602712,frontend_frame,2770,0,25244,73,8,317347840,417333248,391173632,459276288,,,,,,,,,,
1791474116.7846959,602712,tracking_feedback_accumulate,2771,,25244,,,321262592,438304768,391173632,459276288,,,,,,,,3.003200050443411,,
1791474116.7896984,602712,frontend_frame,2771,0,25244,73,8,323229696,438304768,391173632,459276288,,,,,,,,,,
1791474117.2340467,602712,tracking_feedback_accumulate,2772,,25244,,,327308288,438304768,391173632,459276288,,,,,,,,2.9611000791192055,,
1791474117.239048,602712,frontend_frame,2772,0,25244,73,8,317349888,438304768,391173632,459276288,,,,,,,,,,
1791474117.6571171,602712,tracking_feedback_accumulate,2773,,25244,,,321346560,438304768,391173632,459276288,,,,,,,,3.0016000382602215,,
1791474117.7066224,602712,frontend_frame,2773,0,25244,74,8,327309312,438304768,391173632,459276288,,,,,,,,,,
1791474128.8175209,602712,tracking_feedback_accumulate,2774,,23721,,,331126784,459276288,391173632,459276288,,,,,,,,3.1795999966561794,,
1791474128.8235233,602712,frontend_frame,2774,0,23721,74,8,332720640,459276288,391173632,459276288,,,,,,,,,,
1791474129.252513,602712,tracking_feedback_accumulate,2775,,23721,,,325234176,459276288,391173632,459276288,,,,,,,,2.867199946194887,,
1791474129.256513,602712,frontend_frame,2775,0,23721,74,8,326840832,459276288,391173632,459276288,,,,,,,,,,
1791474129.642058,602712,tracking_feedback_accumulate,2776,,23721,,,330837504,459276288,391173632,459276288,,,,,,,,2.9160999692976475,,
1791474129.647058,602712,frontend_frame,2776,0,23721,74,8,332444160,459276288,391173632,459276288,,,,,,,,,,
1791474130.1140764,602712,tracking_feedback_accumulate,2777,,23721,,,336440832,459276288,391173632,459276288,,,,,,,,2.8152999002486467,,
1791474130.1191576,602712,frontend_frame,2777,0,23721,74,8,326842880,459276288,391173632,459276288,,,,,,,,,,
1791474130.4937124,602712,tracking_feedback_accumulate,2778,,23721,,,330757632,459276288,391173632,459276288,,,,,,,,2.8921000193804502,,
1791474130.498217,602712,frontend_frame,2778,0,23721,74,8,332364800,459276288,391173632,459276288,,,,,,,,,,
1791474130.9443831,602712,tracking_feedback_accumulate,2779,,23721,,,336443392,459276288,391173632,459276288,,,,,,,,2.869300078600645,,
1791474130.9493833,602712,frontend_frame,2779,0,23721,74,8,326845440,459276288,391173632,459276288,,,,,,,,,,
1791474131.3439138,602712,tracking_feedback_accumulate,2780,,23721,,,330760192,459276288,391173632,459276288,,,,,,,,3.1874000560492277,,
1791474131.3499143,602712,frontend_frame,2780,0,23721,74,8,332366848,417333248,391173632,459276288,,,,,,,,,,
1791474131.6410706,602712,tracking_feedback_accumulate,2781,,23721,,,336445440,459276288,391173632,459276288,,,,,,,,2.931399969384074,,
1791474131.6460705,602712,frontend_frame,2781,0,23721,74,8,338052096,459276288,391173632,459276288,,,,,,,,,,
1791474132.0231733,602712,tracking_feedback_accumulate,2782,,23721,,,330762240,459276288,391173632,459276288,,,,,,,,2.9574998188763857,,
1791474132.0281732,602712,frontend_frame,2782,0,23721,74,8,332368896,459276288,391173632,459276288,,,,,,,,,,
1791474132.4576147,602712,tracking_feedback_accumulate,2783,,23721,,,336447488,459276288,391173632,459276288,,,,,,,,2.931100083515048,,
1791474132.4626148,602712,frontend_frame,2783,0,23721,74,8,338054144,459276288,391173632,459276288,,,,,,,,,,
1791474132.9031806,602712,tracking_feedback_accumulate,2784,,23721,,,341968896,459276288,391173632,459276288,,,,,,,,2.9934998601675034,,
1791474132.9111824,602712,frontend_frame,2784,0,23721,74,8,332370944,459276288,391173632,459276288,,,,,,,,,,
1791474133.31765,602712,tracking_feedback_accumulate,2785,,23721,,,336449536,459276288,391173632,459276288,,,,,,,,3.1463000923395157,,
1791474133.3221529,602712,frontend_frame,2785,0,23721,74,8,338056192,459276288,391173632,459276288,,,,,,,,,,
1791474133.74778,602712,tracking_feedback_accumulate,2786,,23721,,,342052864,459276288,391173632,459276288,,,,,,,,2.9248001519590616,,
1791474133.7527797,602712,frontend_frame,2786,0,23721,74,8,343659520,459276288,391173632,459276288,,,,,,,,,,
1791474134.2078824,602712,tracking_feedback_accumulate,2787,,23721,,,330849280,459276288,391173632,459276288,,,,,,,,2.9544001445174217,,
1791474134.2128828,602712,frontend_frame,2787,0,23721,74,8,332455936,459276288,391173632,459276288,,,,,,,,,,
1791474134.6416385,602712,tracking_feedback_accumulate,2788,,23721,,,336452608,459276288,391173632,459276288,,,,,,,,2.9003999661654234,,
1791474134.6466389,602712,frontend_frame,2788,0,23721,74,8,338059264,459276288,391173632,459276288,,,,,,,,,,
1791474135.0376618,602712,tracking_feedback_accumulate,2789,,23721,,,342055936,459276288,391173632,459276288,,,,,,,,2.9480999801307917,,
1791474135.0426617,602712,frontend_frame,2789,0,23721,74,8,332457984,459276288,391173632,459276288,,,,,,,,,,
1791474135.4763467,602712,tracking_feedback_accumulate,2790,,23721,,,336372736,459276288,391173632,459276288,,,,,,,,2.811599988490343,,
1791474135.4813478,602712,frontend_frame,2790,0,23721,74,8,337979392,417333248,391173632,459276288,,,,,,,,,,
1791474135.8728287,602712,tracking_feedback_accumulate,2791,,23721,,,342057984,459276288,391173632,459276288,,,,,,,,2.8890001121908426,,
1791474135.8818285,602712,frontend_frame,2791,0,23721,74,8,343664640,459276288,391173632,459276288,,,,,,,,,,
1791474136.3220482,602712,tracking_feedback_accumulate,2792,,23721,,,330854400,459276288,391173632,459276288,,,,,,,,2.968600019812584,,
1791474136.3270733,602712,frontend_frame,2792,0,23721,74,8,332461056,459276288,391173632,459276288,,,,,,,,,,
1791474136.728039,602712,tracking_feedback_accumulate,2793,,23721,,,336375808,459276288,391173632,459276288,,,,,,,,2.890900010243058,,
1791474136.7320373,602712,frontend_frame,2793,0,23721,74,8,337982464,459276288,391173632,459276288,,,,,,,,,,
1791474137.1525352,602712,tracking_feedback_accumulate,2794,,23721,,,342061056,459276288,391173632,459276288,,,,,,,,3.076799912378192,,
1791474137.1575353,602712,frontend_frame,2794,0,23721,74,8,332463104,459276288,391173632,459276288,,,,,,,,,,
1791474137.5517924,602712,tracking_feedback_accumulate,2795,,23721,,,336459776,459276288,391173632,459276288,,,,,,,,2.95259989798069,,
1791474137.556793,602712,frontend_frame,2795,0,23721,74,8,338066432,459276288,391173632,459276288,,,,,,,,,,
1791474137.9916065,602712,tracking_feedback_accumulate,2796,,23721,,,342063104,459276288,391173632,459276288,,,,,,,,2.8701999690383673,,
1791474137.9966056,602712,frontend_frame,2796,0,23721,74,8,332465152,459276288,391173632,459276288,,,,,,,,,,
1791474138.3749945,602712,tracking_feedback_accumulate,2797,,23721,,,336379904,459276288,391173632,459276288,,,,,,,,2.97949998639524,,
1791474138.3799958,602712,frontend_frame,2797,0,23721,74,8,337986560,459276288,391173632,459276288,,,,,,,,,,
1791474138.8595078,602712,tracking_feedback_accumulate,2798,,23721,,,342065152,459276288,391173632,459276288,,,,,,,,3.0320000369101763,,
1791474138.8635073,602712,frontend_frame,2798,0,23721,74,8,343671808,459276288,391173632,459276288,,,,,,,,,,
1791474139.2714484,602712,tracking_feedback_accumulate,2799,,23721,,,319214592,459276288,391173632,459276288,,,,,,,,3.079300047829747,,
1791474139.2764487,602712,frontend_frame,2799,0,23721,74,8,320821248,459276288,391173632,459276288,,,,,,,,,,
1791474139.6966903,602712,tracking_feedback_accumulate,2800,,23721,,,324899840,459276288,391173632,459276288,,,,,,,,3.010899992659688,,
1791474139.701691,602712,frontend_frame,2800,0,23721,74,8,326506496,417333248,391173632,459276288,,,,,,,,,,
1791474140.1205454,602712,tracking_feedback_accumulate,2801,,23721,,,330421248,459276288,391173632,459276288,,,,,,,,3.037600079551339,,
1791474140.126546,602712,frontend_frame,2801,0,23721,74,8,320823296,459276288,391173632,459276288,,,,,,,,,,
1791474140.5588849,602712,tracking_feedback_accumulate,2802,,23721,,,324901888,459276288,391173632,459276288,,,,,,,,3.095699939876795,,
1791474140.563886,602712,frontend_frame,2802,0,23721,74,8,326508544,459276288,391173632,459276288,,,,,,,,,,
1791474140.993102,602712,tracking_feedback_accumulate,2803,,23721,,,330423296,459276288,391173632,459276288,,,,,,,,3.031899919733405,,
1791474140.9981015,602712,frontend_frame,2803,0,23721,74,8,332029952,459276288,391173632,459276288,,,,,,,,,,
1791474141.3823552,602712,tracking_feedback_accumulate,2804,,23721,,,319301632,459276288,391173632,459276288,,,,,,,,3.1315998639911413,,
1791474141.3863552,602712,frontend_frame,2804,0,23721,74,8,320908288,459276288,391173632,459276288,,,,,,,,,,
1791474141.7055144,602712,tracking_feedback_accumulate,2805,,23721,,,324904960,459276288,391173632,459276288,,,,,,,,3.0135000124573708,,
1791474141.7105174,602712,frontend_frame,2805,0,23721,74,8,326511616,459276288,391173632,459276288,,,,,,,,,,
1791474142.103743,602712,tracking_feedback_accumulate,2806,,23721,,,330426368,459276288,391173632,459276288,,,,,,,,2.97949998639524,,
1791474142.1087444,602712,frontend_frame,2806,0,23721,74,8,320828416,459276288,391173632,459276288,,,,,,,,,,
1791474142.5462766,602712,tracking_feedback_accumulate,2807,,23721,,,324907008,459276288,391173632,459276288,,,,,,,,3.4906999208033085,,
1791474142.5522773,602712,frontend_frame,2807,0,23721,74,8,326513664,459276288,391173632,459276288,,,,,,,,,,
1791474142.952877,602712,tracking_feedback_accumulate,2808,,23721,,,330428416,459276288,391173632,459276288,,,,,,,,2.8707999736070633,,
1791474142.957879,602712,frontend_frame,2808,0,23721,74,8,332035072,459276288,391173632,459276288,,,,,,,,,,
1791474143.3892982,602712,tracking_feedback_accumulate,2809,,23721,,,319306752,459276288,391173632,459276288,,,,,,,,2.8580999933183193,,
1791474143.394297,602712,frontend_frame,2809,0,23721,74,8,320913408,459276288,391173632,459276288,,,,,,,,,,
1791474143.8507557,602712,tracking_feedback_accumulate,2810,,23721,,,324828160,459276288,391173632,459276288,,,,,,,,2.8746998868882656,,
1791474143.855755,602712,frontend_frame,2810,0,23721,74,8,326434816,417333248,391173632,459276288,,,,,,,,,,
1791474144.271587,602712,tracking_feedback_accumulate,2811,,23721,,,330513408,459276288,391173632,459276288,,,,,,,,3.3001999836415052,,
1791474144.2765865,602712,frontend_frame,2811,0,23721,74,8,320915456,459276288,391173632,459276288,,,,,,,,,,
1791474144.6739035,602712,tracking_feedback_accumulate,2812,,23721,,,324912128,459276288,391173632,459276288,,,,,,,,2.9346998780965805,,
1791474144.6789033,602712,frontend_frame,2812,0,23721,74,8,326518784,459276288,391173632,459276288,,,,,,,,,,
1791474145.1412802,602712,tracking_feedback_accumulate,2813,,23721,,,330515456,459276288,391173632,459276288,,,,,,,,2.8454000130295753,,
1791474145.1462796,602712,frontend_frame,2813,0,23721,74,8,320917504,459276288,391173632,459276288,,,,,,,,,,
1791474145.494578,602712,tracking_feedback_accumulate,2814,,23721,,,324832256,459276288,391173632,459276288,,,,,,,,2.8879998717457056,,
1791474145.500083,602712,frontend_frame,2814,0,23721,74,8,326438912,459276288,391173632,459276288,,,,,,,,,,
1791474145.904899,602712,tracking_feedback_accumulate,2815,,23721,,,330517504,459276288,391173632,459276288,,,,,,,,3.0394999776035547,,
1791474145.9088979,602712,frontend_frame,2815,0,23721,74,8,332124160,459276288,391173632,459276288,,,,,,,,,,
1791474146.2643337,602712,tracking_feedback_accumulate,2816,,23721,,,324834304,459276288,391173632,459276288,,,,,,,,3.067099954932928,,
1791474146.2693336,602712,frontend_frame,2816,0,23721,74,8,326440960,459276288,391173632,459276288,,,,,,,,,,
1791474146.7135303,602712,tracking_feedback_accumulate,2817,,23721,,,330519552,459276288,391173632,459276288,,,,,,,,2.8790999203920364,,
1791474146.7175298,602712,frontend_frame,2817,0,23721,74,8,332126208,459276288,391173632,459276288,,,,,,,,,,
1791474147.1080356,602712,tracking_feedback_accumulate,2818,,23721,,,336040960,459276288,391173632,459276288,,,,,,,,2.942799823358655,,
1791474147.1140351,602712,frontend_frame,2818,0,23721,74,8,326443008,459276288,391173632,459276288,,,,,,,,,,
1791474147.5591812,602712,tracking_feedback_accumulate,2819,,23721,,,330521600,459276288,391173632,459276288,,,,,,,,2.912200056016445,,
1791474147.5631814,602712,frontend_frame,2819,0,23721,74,8,332128256,459276288,391173632,459276288,,,,,,,,,,
1791474147.9553757,602712,tracking_feedback_accumulate,2820,,23721,,,336124928,459276288,391173632,459276288,,,,,,,,2.979700220748782,,
1791474147.9603748,602712,frontend_frame,2820,0,23721,74,8,337731584,417333248,391173632,459276288,,,,,,,,,,
1791474148.3609002,602712,tracking_feedback_accumulate,2821,,23721,,,324839424,459276288,391173632,459276288,,,,,,,,3.1260999385267496,,
1791474148.365901,602712,frontend_frame,2821,0,23721,74,8,326446080,459276288,391173632,459276288,,,,,,,,,,
1791474148.7632215,602712,tracking_feedback_accumulate,2822,,23721,,,330524672,459276288,391173632,459276288,,,,,,,,3.5420001950114965,,
1791474148.769221,602712,frontend_frame,2822,0,23721,74,8,332131328,459276288,391173632,459276288,,,,,,,,,,
1791474149.1935515,602712,tracking_feedback_accumulate,2823,,23721,,,336128000,459276288,391173632,459276288,,,,,,,,2.7974999975413084,,
1791474149.198552,602712,frontend_frame,2823,0,23721,74,8,326530048,459276288,391173632,459276288,,,,,,,,,,
1791474149.6070454,602712,tracking_feedback_accumulate,2824,,23721,,,330444800,459276288,391173632,459276288,,,,,,,,3.098099958151579,,
1791474149.6560721,602712,frontend_frame,2824,0,23721,75,8,336047104,459276288,391173632,459276288,,,,,,,,,,
1791474160.8397467,602712,tracking_feedback_accumulate,2825,,22362,,,328836096,459276288,391173632,459276288,,,,,,,,2.9461998492479324,,
1791474160.8447466,602712,frontend_frame,2825,0,22362,75,8,330113536,459276288,391173632,459276288,,,,,,,,,,
1791474161.2322018,602712,tracking_feedback_accumulate,2826,,22362,,,334028288,459276288,391173632,459276288,,,,,,,,3.0140001326799393,,
1791474161.2362022,602712,frontend_frame,2826,0,22362,75,8,335316992,459276288,391173632,459276288,,,,,,,,,,
1791474161.6229298,602712,tracking_feedback_accumulate,2827,,22362,,,339395584,459276288,391173632,459276288,,,,,,,,3.061200026422739,,
1791474161.6289308,602712,frontend_frame,2827,0,22362,75,8,324513280,459276288,391173632,459276288,,,,,,,,,,
1791474162.0877469,602712,tracking_feedback_accumulate,2828,,22362,,,328428032,459276288,391173632,459276288,,,,,,,,2.8397999703884125,,
1791474162.091747,602712,frontend_frame,2828,0,22362,75,8,329716736,459276288,391173632,459276288,,,,,,,,,,
1791474162.5197573,602712,tracking_feedback_accumulate,2829,,22362,,,333795328,459276288,391173632,459276288,,,,,,,,3.5592999774962664,,
1791474162.5257568,602712,frontend_frame,2829,0,22362,75,8,335084544,459276288,391173632,459276288,,,,,,,,,,
1791474162.990616,602712,tracking_feedback_accumulate,2830,,22362,,,323146240,459276288,391173632,459276288,,,,,,,,2.9426000546664,,
1791474162.995614,602712,frontend_frame,2830,0,22362,75,8,324434944,417333248,391173632,459276288,,,,,,,,,,
1791474163.3238742,602712,tracking_feedback_accumulate,2831,,22362,,,328513536,459276288,391173632,459276288,,,,,,,,2.9426999390125275,,
1791474163.3288753,602712,frontend_frame,2831,0,22362,75,8,329802240,459276288,391173632,459276288,,,,,,,,,,
1791474163.7692277,602712,tracking_feedback_accumulate,2832,,22362,,,323148288,459276288,391173632,459276288,,,,,,,,2.86679994314909,,
1791474163.7742288,602712,frontend_frame,2832,0,22362,75,8,324436992,459276288,391173632,459276288,,,,,,,,,,
1791474164.2174535,602712,tracking_feedback_accumulate,2833,,22362,,,328515584,459276288,391173632,459276288,,,,,,,,2.85649998113513,,
1791474164.2214534,602712,frontend_frame,2833,0,22362,75,8,329804288,459276288,391173632,459276288,,,,,,,,,,
1791474164.6109881,602712,tracking_feedback_accumulate,2834,,22362,,,333800960,459276288,391173632,459276288,,,,,,,,3.1129999551922083,,
1791474164.615988,602712,frontend_frame,2834,0,22362,75,8,324520960,459276288,391173632,459276288,,,,,,,,,,
1791474165.1272082,602712,tracking_feedback_accumulate,2835,,22362,,,328517632,459276288,391173632,459276288,,,,,,,,2.8929999098181725,,
1791474165.1322086,602712,frontend_frame,2835,0,22362,75,8,329806336,459276288,391173632,459276288,,,,,,,,,,
1791474165.581133,602712,tracking_feedback_accumulate,2836,,22362,,,333803008,459276288,391173632,459276288,,,,,,,,2.7062001172453165,,
1791474165.5851345,602712,frontend_frame,2836,0,22362,75,8,335091712,459276288,391173632,459276288,,,,,,,,,,
1791474165.97302,602712,tracking_feedback_accumulate,2837,,22362,,,323153408,459276288,391173632,459276288,,,,,,,,3.6176000721752644,,
1791474165.978564,602712,frontend_frame,2837,0,22362,75,8,324442112,459276288,391173632,459276288,,,,,,,,,,
1791474166.3546062,602712,tracking_feedback_accumulate,2838,,22362,,,328520704,459276288,391173632,459276288,,,,,,,,2.8848000802099705,,
1791474166.3596063,602712,frontend_frame,2838,0,22362,75,8,329809408,459276288,391173632,459276288,,,,,,,,,,
1791474166.799346,602712,tracking_feedback_accumulate,2839,,22362,,,333724160,459276288,391173632,459276288,,,,,,,,3.059699898585677,,
1791474166.8043451,602712,frontend_frame,2839,0,22362,75,8,324444160,459276288,391173632,459276288,,,,,,,,,,
1791474167.2537808,602712,tracking_feedback_accumulate,2840,,22362,,,328522752,459276288,391173632,459276288,,,,,,,,3.1206998974084854,,
1791474167.2597826,602712,frontend_frame,2840,0,22362,75,8,329811456,417333248,391173632,459276288,,,,,,,,,,
1791474167.699182,602712,tracking_feedback_accumulate,2841,,22362,,,333726208,459276288,391173632,459276288,,,,,,,,3.064500167965889,,
1791474167.7031794,602712,frontend_frame,2841,0,22362,75,8,335014912,459276288,391173632,459276288,,,,,,,,,,
1791474168.1393168,602712,tracking_feedback_accumulate,2842,,22362,,,323240448,459276288,391173632,459276288,,,,,,,,3.200799925252795,,
1791474168.1443174,602712,frontend_frame,2842,0,22362,75,8,324529152,459276288,391173632,459276288,,,,,,,,,,
1791474168.5299428,602712,tracking_feedback_accumulate,2843,,22362,,,328443904,459276288,391173632,459276288,,,,,,,,2.8467001393437386,,
1791474168.537943,602712,frontend_frame,2843,0,22362,75,8,329732608,459276288,391173632,459276288,,,,,,,,,,
1791474168.9698443,602712,tracking_feedback_accumulate,2844,,22362,,,333811200,459276288,391173632,459276288,,,,,,,,2.8707999736070633,,
1791474168.9743881,602712,frontend_frame,2844,0,22362,75,8,324531200,459276288,391173632,459276288,,,,,,,,,,
1791474169.4022982,602712,tracking_feedback_accumulate,2845,,22362,,,328445952,459276288,391173632,459276288,,,,,,,,2.961300080642104,,
1791474169.4072988,602712,frontend_frame,2845,0,22362,75,8,329734656,459276288,391173632,459276288,,,,,,,,,,
1791474169.8457508,602712,tracking_feedback_accumulate,2846,,22362,,,333813248,459276288,391173632,459276288,,,,,,,,2.9374000150710344,,
1791474169.8507514,602712,frontend_frame,2846,0,22362,75,8,324533248,459276288,391173632,459276288,,,,,,,,,,
1791474170.283012,602712,tracking_feedback_accumulate,2847,,22362,,,328448000,459276288,391173632,459276288,,,,,,,,2.9400999192148447,,
1791474170.288011,602712,frontend_frame,2847,0,22362,75,8,329736704,459276288,391173632,459276288,,,,,,,,,,
1791474170.6721528,602712,tracking_feedback_accumulate,2848,,22362,,,333815296,459276288,391173632,459276288,,,,,,,,2.893999917432666,,
1791474170.6761525,602712,frontend_frame,2848,0,22362,75,8,335104000,459276288,391173632,459276288,,,,,,,,,,
1791474171.1214187,602712,tracking_feedback_accumulate,2849,,22362,,,328531968,459276288,391173632,459276288,,,,,,,,2.827899996191263,,
1791474171.1254199,602712,frontend_frame,2849,0,22362,75,8,329820672,459276288,391173632,459276288,,,,,,,,,,
1791474171.4308753,602712,tracking_feedback_accumulate,2850,,22362,,,333817344,459276288,391173632,459276288,,,,,,,,2.9262001626193523,,
1791474171.4368765,602712,frontend_frame,2850,0,22362,75,8,335106048,417333248,391173632,459276288,,,,,,,,,,
1791474171.8562224,602712,tracking_feedback_accumulate,2851,,22362,,,339020800,459276288,391173632,459276288,,,,,,,,3.0765000265091658,,
1791474171.861226,602712,frontend_frame,2851,0,22362,75,8,329740800,459276288,391173632,459276288,,,,,,,,,,
1791474172.232063,602712,tracking_feedback_accumulate,2852,,22362,,,333819392,459276288,391173632,459276288,,,,,,,,2.8681999538093805,,
1791474172.237064,602712,frontend_frame,2852,0,22362,75,8,335108096,459276288,391173632,459276288,,,,,,,,,,
1791474172.6697454,602712,tracking_feedback_accumulate,2853,,22362,,,339022848,459276288,391173632,459276288,,,,,,,,2.916799858212471,,
1791474172.6737459,602712,frontend_frame,2853,0,22362,75,8,340311552,459276288,391173632,459276288,,,,,,,,,,
1791474173.1259255,602712,tracking_feedback_accumulate,2854,,22362,,,328537088,459276288,391173632,459276288,,,,,,,,2.8552000876516104,,
1791474173.1299257,602712,frontend_frame,2854,0,22362,75,8,329825792,459276288,391173632,459276288,,,,,,,,,,
1791474173.573512,602712,tracking_feedback_accumulate,2855,,22362,,,333822464,459276288,391173632,459276288,,,,,,,,2.9279999434947968,,
1791474173.577512,602712,frontend_frame,2855,0,22362,75,8,335111168,459276288,391173632,459276288,,,,,,,,,,
1791474173.9489982,602712,tracking_feedback_accumulate,2856,,22362,,,339107840,459276288,391173632,459276288,,,,,,,,2.8868999797850847,,
1791474173.9539983,602712,frontend_frame,2856,0,22362,75,8,324543488,459276288,391173632,459276288,,,,,,,,,,
1791474174.379175,602712,tracking_feedback_accumulate,2857,,22362,,,328540160,459276288,391173632,459276288,,,,,,,,2.853000070899725,,
1791474174.383174,602712,frontend_frame,2857,0,22362,75,8,329828864,459276288,391173632,459276288,,,,,,,,,,
1791474174.8325987,602712,tracking_feedback_accumulate,2858,,22362,,,333743616,459276288,391173632,459276288,,,,,,,,3.101999871432781,,
1791474174.8375988,602712,frontend_frame,2858,0,22362,75,8,335032320,459276288,391173632,459276288,,,,,,,,,,
1791474175.2201123,602712,tracking_feedback_accumulate,2859,,22362,,,323257856,459276288,391173632,459276288,,,,,,,,2.9052000027149916,,
1791474175.2251124,602712,frontend_frame,2859,0,22362,75,8,324546560,459276288,391173632,459276288,,,,,,,,,,
1791474175.6488256,602712,tracking_feedback_accumulate,2860,,22362,,,328543232,459276288,391173632,459276288,,,,,,,,3.040200099349022,,
1791474175.6538265,602712,frontend_frame,2860,0,22362,75,8,329831936,438304768,391173632,459276288,,,,,,,,,,
1791474176.0889728,602712,tracking_feedback_accumulate,2861,,22362,,,333746688,459276288,391173632,459276288,,,,,,,,2.9103998094797134,,
1791474176.0939724,602712,frontend_frame,2861,0,22362,75,8,324466688,459276288,391173632,459276288,,,,,,,,,,
1791474176.5931766,602712,tracking_feedback_accumulate,2862,,22362,,,328545280,459276288,391173632,459276288,,,,,,,,2.8625999111682177,,
1791474176.598177,602712,frontend_frame,2862,0,22362,75,8,329833984,459276288,391173632,459276288,,,,,,,,,,
1791474176.9808238,602712,tracking_feedback_accumulate,2863,,22362,,,333748736,459276288,391173632,459276288,,,,,,,,2.755699912086129,,
1791474176.9858243,602712,frontend_frame,2863,0,22362,75,8,324468736,459276288,391173632,459276288,,,,,,,,,,
1791474177.411562,602712,tracking_feedback_accumulate,2864,,22362,,,328547328,459276288,391173632,459276288,,,,,,,,2.9025000985711813,,
1791474177.4165628,602712,frontend_frame,2864,0,22362,75,8,329836032,459276288,391173632,459276288,,,,,,,,,,
1791474177.87408,602712,tracking_feedback_accumulate,2865,,22362,,,333832704,459276288,391173632,459276288,,,,,,,,3.0799000523984432,,
1791474177.8790789,602712,frontend_frame,2865,0,22362,75,8,335121408,459276288,391173632,459276288,,,,,,,,,,
1791474178.244687,602712,tracking_feedback_accumulate,2866,,22362,,,328549376,459276288,391173632,459276288,,,,,,,,2.8904001228511333,,
1791474178.2496905,602712,frontend_frame,2866,0,22362,75,8,329838080,459276288,391173632,459276288,,,,,,,,,,
1791474178.5676205,602712,tracking_feedback_accumulate,2867,,22362,,,333834752,459276288,391173632,459276288,,,,,,,,2.997899893671274,,
1791474178.5716205,602712,frontend_frame,2867,0,22362,75,8,335123456,459276288,391173632,459276288,,,,,,,,,,
1791474178.9661717,602712,tracking_feedback_accumulate,2868,,22362,,,339038208,459276288,391173632,459276288,,,,,,,,2.8270999900996685,,
1791474178.9712248,602712,frontend_frame,2868,0,22362,75,8,329758208,459276288,391173632,459276288,,,,,,,,,,
1791474179.4338903,602712,tracking_feedback_accumulate,2869,,22362,,,333836800,459276288,391173632,459276288,,,,,,,,2.9011000879108906,,
1791474179.4378898,602712,frontend_frame,2869,0,22362,75,8,335125504,459276288,391173632,459276288,,,,,,,,,,
1791474179.8839178,602712,tracking_feedback_accumulate,2870,,22362,,,339122176,459276288,391173632,459276288,,,,,,,,2.9422000516206026,,
1791474179.8889174,602712,frontend_frame,2870,0,22362,75,8,340410880,438304768,391173632,459276288,,,,,,,,,,
1791474180.2671502,602712,tracking_feedback_accumulate,2871,,22362,,,328554496,459276288,391173632,459276288,,,,,,,,2.917399862781167,,
1791474180.27215,602712,frontend_frame,2871,0,22362,75,8,329843200,459276288,391173632,459276288,,,,,,,,,,
1791474180.7068462,602712,tracking_feedback_accumulate,2872,,22362,,,333839872,459276288,391173632,459276288,,,,,,,,2.968299901112914,,
1791474180.710845,602712,frontend_frame,2872,0,22362,75,8,335128576,459276288,391173632,459276288,,,,,,,,,,
1791474181.1373632,602712,tracking_feedback_accumulate,2873,,22362,,,339043328,459276288,391173632,459276288,,,,,,,,2.9545999132096767,,
1791474181.143363,602712,frontend_frame,2873,0,22362,75,8,329763328,459276288,391173632,459276288,,,,,,,,,,
1791474181.4579084,602712,tracking_feedback_accumulate,2874,,22362,,,333841920,459276288,391173632,459276288,,,,,,,,2.973100170493126,,
1791474181.4619076,602712,frontend_frame,2874,0,22362,75,8,335130624,459276288,391173632,459276288,,,,,,,,,,
1791474181.9031837,602712,tracking_feedback_accumulate,2875,,22362,,,339127296,459276288,391173632,459276288,,,,,,,,2.9582001734524965,,
1791474181.9531853,602712,frontend_frame,2875,0,22362,76,8,344411648,459276288,391173632,459276288,,,,,,,,,,
1791474192.8415298,602712,tracking_feedback_accumulate,2876,,22528,,,332484096,459276288,391173632,459276288,,,,,,,,2.7811999898403883,,
1791474192.8465292,602712,frontend_frame,2876,0,22528,76,8,333805568,459276288,391173632,459276288,,,,,,,,,,
1791474193.2773833,602712,tracking_feedback_accumulate,2877,,22528,,,337884160,459276288,391173632,459276288,,,,,,,,2.870999975129962,,
1791474193.2823825,602712,frontend_frame,2877,0,22528,76,8,339205120,459276288,391173632,459276288,,,,,,,,,,
1791474193.7155015,602712,tracking_feedback_accumulate,2878,,22528,,,332568576,459276288,391173632,459276288,,,,,,,,2.9253000393509865,,
1791474193.7205017,602712,frontend_frame,2878,0,22528,76,8,333889536,459276288,391173632,459276288,,,,,,,,,,
1791474194.1472878,602712,tracking_feedback_accumulate,2879,,22528,,,337804288,459276288,391173632,459276288,,,,,,,,3.0008999165147543,,
1791474194.1522877,602712,frontend_frame,2879,0,22528,76,8,339125248,459276288,391173632,459276288,,,,,,,,,,
1791474194.5296447,602712,tracking_feedback_accumulate,2880,,22528,,,343203840,459276288,391173632,459276288,,,,,,,,3.0968000646680593,,
1791474194.5356486,602712,frontend_frame,2880,0,22528,76,8,333892096,438304768,391173632,459276288,,,,,,,,,,
1791474194.9152682,602712,tracking_feedback_accumulate,2881,,22528,,,337888768,459276288,391173632,459276288,,,,,,,,2.891700016334653,,
1791474194.9202678,602712,frontend_frame,2881,0,22528,76,8,339209728,459276288,391173632,459276288,,,,,,,,,,
1791474195.2776558,602712,tracking_feedback_accumulate,2882,,22528,,,343124480,459276288,391173632,459276288,,,,,,,,2.8309000190347433,,
1791474195.282656,602712,frontend_frame,2882,0,22528,76,8,344445440,459276288,391173632,459276288,,,,,,,,,,
1791474195.6400979,602712,tracking_feedback_accumulate,2883,,22528,,,332574208,459276288,391173632,459276288,,,,,,,,2.843300113454461,,
1791474195.6440983,602712,frontend_frame,2883,0,22528,76,8,333895168,459276288,391173632,459276288,,,,,,,,,,
1791474196.0114565,602712,tracking_feedback_accumulate,2884,,22528,,,337809920,459276288,391173632,459276288,,,,,,,,2.8394998516887426,,
1791474196.0164602,602712,frontend_frame,2884,0,22528,76,8,339130880,459276288,391173632,459276288,,,,,,,,,,
1791474196.4420643,602712,tracking_feedback_accumulate,2885,,22528,,,343209472,459276288,391173632,459276288,,,,,,,,5.781900137662888,,
1791474196.4490635,602712,frontend_frame,2885,0,22528,76,8,328612864,459276288,391173632,459276288,,,,,,,,,,
1791474196.8288379,602712,tracking_feedback_accumulate,2886,,22528,,,332527616,459276288,391173632,459276288,,,,,,,,2.879299921914935,,
1791474196.8328376,602712,frontend_frame,2886,0,22528,76,8,333848576,459276288,391173632,459276288,,,,,,,,,,
1791474197.2604792,602712,tracking_feedback_accumulate,2887,,22528,,,337927168,459276288,391173632,459276288,,,,,,,,2.950799884274602,,
1791474197.2654824,602712,frontend_frame,2887,0,22528,76,8,339248128,459276288,391173632,459276288,,,,,,,,,,
1791474197.6506002,602712,tracking_feedback_accumulate,2888,,22528,,,327294976,459276288,391173632,459276288,,,,,,,,3.147199982777238,,
1791474197.6566012,602712,frontend_frame,2888,0,22528,76,8,328615936,459276288,391173632,459276288,,,,,,,,,,
1791474198.0659692,602712,tracking_feedback_accumulate,2889,,22528,,,332612608,459276288,391173632,459276288,,,,,,,,2.8933000285178423,,
1791474198.0699694,602712,frontend_frame,2889,0,22528,76,8,333933568,459276288,391173632,459276288,,,,,,,,,,
1791474198.4977317,602712,tracking_feedback_accumulate,2890,,22528,,,327297024,459276288,391173632,459276288,,,,,,,,2.893199911341071,,
1791474198.5027313,602712,frontend_frame,2890,0,22528,76,8,328617984,417333248,391173632,459276288,,,,,,,,,,
1791474198.89757,602712,tracking_feedback_accumulate,2891,,22528,,,332532736,459276288,391173632,459276288,,,,,,,,3.2013999298214912,,
1791474198.9025693,602712,frontend_frame,2891,0,22528,76,8,333853696,459276288,391173632,459276288,,,,,,,,,,
1791474199.2072818,602712,tracking_feedback_accumulate,2892,,22528,,,337932288,459276288,391173632,459276288,,,,,,,,2.942499937489629,,
1791474199.2132828,602712,frontend_frame,2892,0,22528,76,8,328620032,459276288,391173632,459276288,,,,,,,,,,
1791474199.695499,602712,tracking_feedback_accumulate,2893,,22528,,,332616704,459276288,391173632,459276288,,,,,,,,2.940499922260642,,
1791474199.7004993,602712,frontend_frame,2893,0,22528,76,8,333937664,459276288,391173632,459276288,,,,,,,,,,
1791474200.0824957,602712,tracking_feedback_accumulate,2894,,22528,,,337852416,459276288,391173632,459276288,,,,,,,,2.857800107449293,,
1791474200.086496,602712,frontend_frame,2894,0,22528,76,8,339173376,459276288,391173632,459276288,,,,,,,,,,
1791474200.4550953,602712,tracking_feedback_accumulate,2895,,22528,,,327302144,459276288,391173632,459276288,,,,,,,,2.8954001609236,,
1791474200.4600964,602712,frontend_frame,2895,0,22528,76,8,328623104,459276288,391173632,459276288,,,,,,,,,,
1791474200.8292193,602712,tracking_feedback_accumulate,2896,,22528,,,332537856,459276288,391173632,459276288,,,,,,,,2.9134999494999647,,
1791474200.8342195,602712,frontend_frame,2896,0,22528,76,8,333858816,459276288,391173632,459276288,,,,,,,,,,
1791474201.2855973,602712,tracking_feedback_accumulate,2897,,22528,,,337937408,459276288,391173632,459276288,,,,,,,,2.835000166669488,,
1791474201.2905982,602712,frontend_frame,2897,0,22528,76,8,328625152,459276288,391173632,459276288,,,,,,,,,,
1791474201.6316059,602712,tracking_feedback_accumulate,2898,,22528,,,332539904,459276288,391173632,459276288,,,,,,,,2.9770000837743282,,
1791474201.6356044,602712,frontend_frame,2898,0,22528,76,8,333860864,459276288,391173632,459276288,,,,,,,,,,
1791474202.0747683,602712,tracking_feedback_accumulate,2899,,22528,,,337939456,459276288,391173632,459276288,,,,,,,,3.135700011625886,,
1791474202.0797691,602712,frontend_frame,2899,0,22528,76,8,339260416,459276288,391173632,459276288,,,,,,,,,,
1791474202.5144598,602712,tracking_feedback_accumulate,2900,,22528,,,327307264,459276288,391173632,459276288,,,,,,,,3.0265001114457846,,
1791474202.519462,602712,frontend_frame,2900,0,22528,76,8,328628224,438304768,391173632,459276288,,,,,,,,,,
1791474202.8872252,602712,tracking_feedback_accumulate,2901,,22528,,,332542976,459276288,391173632,459276288,,,,,,,,2.9644998721778393,,
1791474202.8922231,602712,frontend_frame,2901,0,22528,76,8,333863936,459276288,391173632,459276288,,,,,,,,,,
1791474203.2784622,602712,tracking_feedback_accumulate,2902,,22528,,,337942528,459276288,391173632,459276288,,,,,,,,3.037000074982643,,
1791474203.282463,602712,frontend_frame,2902,0,22528,76,8,328630272,459276288,391173632,459276288,,,,,,,,,,
1791474203.6805708,602712,tracking_feedback_accumulate,2903,,22528,,,332545024,459276288,391173632,459276288,,,,,,,,2.9784999787807465,,
1791474203.7301836,602712,frontend_frame,2903,0,22528,77,8,337861632,459276288,391173632,459276288,,,,,,,,,,
1791474214.7428591,602712,tracking_feedback_accumulate,2904,,22750,,,341959680,459276288,391173632,459276288,,,,,,,,2.9329999815672636,,
1791474214.74886,602712,frontend_frame,2904,0,22750,77,8,332707328,459276288,391173632,459276288,,,,,,,,,,
1791474215.0709622,602712,tracking_feedback_accumulate,2905,,22750,,,336622080,459276288,391173632,459276288,,,,,,,,2.85649998113513,,
1791474215.075962,602712,frontend_frame,2905,0,22750,77,8,338001408,459276288,391173632,459276288,,,,,,,,,,
1791474215.4571288,602712,tracking_feedback_accumulate,2906,,22750,,,342080000,459276288,391173632,459276288,,,,,,,,2.8915000148117542,,
1791474215.4641292,602712,frontend_frame,2906,0,22750,77,8,343459328,459276288,391173632,459276288,,,,,,,,,,
1791474215.8182187,602712,tracking_feedback_accumulate,2907,,22750,,,331249152,459276288,391173632,459276288,,,,,,,,2.8260000981390476,,
1791474215.823219,602712,frontend_frame,2907,0,22750,77,8,332628480,459276288,391173632,459276288,,,,,,,,,,
1791474216.2041488,602712,tracking_feedback_accumulate,2908,,22750,,,336707072,459276288,391173632,459276288,,,,,,,,2.858199877664447,,
1791474216.208148,602712,frontend_frame,2908,0,22750,77,8,338086912,459276288,391173632,459276288,,,,,,,,,,
1791474216.524325,602712,tracking_feedback_accumulate,2909,,22750,,,342083584,459276288,391173632,459276288,,,,,,,,2.85349995829165,,
1791474216.5293245,602712,frontend_frame,2909,0,22750,77,8,332712960,459276288,391173632,459276288,,,,,,,,,,
1791474216.93519,602712,tracking_feedback_accumulate,2910,,22750,,,336709632,459276288,391173632,459276288,,,,,,,,3.2197001855820417,,
1791474216.9401903,602712,frontend_frame,2910,0,22750,77,8,338088960,438304768,391173632,459276288,,,,,,,,,,
1791474217.2610295,602712,tracking_feedback_accumulate,2911,,22750,,,342003712,459276288,391173632,459276288,,,,,,,,2.9055001214146614,,
1791474217.26503,602712,frontend_frame,2911,0,22750,77,8,343383040,459276288,391173632,459276288,,,,,,,,,,
1791474217.667067,602712,tracking_feedback_accumulate,2912,,22750,,,331336704,459276288,391173632,459276288,,,,,,,,2.942000050097704,,
1791474217.6710668,602712,frontend_frame,2912,0,22750,77,8,332716032,459276288,391173632,459276288,,,,,,,,,,
1791474217.9612494,602712,tracking_feedback_accumulate,2913,,22750,,,336630784,459276288,391173632,459276288,,,,,,,,2.849699929356575,,
1791474217.9662495,602712,frontend_frame,2913,0,22750,77,8,338010112,459276288,391173632,459276288,,,,,,,,,,
1791474218.362515,602712,tracking_feedback_accumulate,2914,,22750,,,331338752,459276288,391173632,459276288,,,,,,,,2.9212001245468855,,
1791474218.3665147,602712,frontend_frame,2914,0,22750,77,8,332718080,459276288,391173632,459276288,,,,,,,,,,
1791474218.740114,602712,tracking_feedback_accumulate,2915,,22750,,,336714752,459276288,391173632,459276288,,,,,,,,3.1047998927533627,,
1791474218.7441134,602712,frontend_frame,2915,0,22750,77,8,338094080,459276288,391173632,459276288,,,,,,,,,,
1791474219.106294,602712,tracking_feedback_accumulate,2916,,22750,,,342090752,459276288,391173632,459276288,,,,,,,,2.977200085297227,,
1791474219.1122935,602712,frontend_frame,2916,0,22750,77,8,332720128,459276288,391173632,459276288,,,,,,,,,,
1791474219.4918752,602712,tracking_feedback_accumulate,2917,,22750,,,336634880,459276288,391173632,459276288,,,,,,,,2.9313000850379467,,
1791474219.4969547,602712,frontend_frame,2917,0,22750,77,8,338014208,459276288,391173632,459276288,,,,,,,,,,
1791474219.8999925,602712,tracking_feedback_accumulate,2918,,22750,,,342092800,459276288,391173632,459276288,,,,,,,,2.898099832236767,,
1791474219.903994,602712,frontend_frame,2918,0,22750,77,8,343472128,459276288,391173632,459276288,,,,,,,,,,
1791474220.3204808,602712,tracking_feedback_accumulate,2919,,22750,,,331343872,459276288,391173632,459276288,,,,,,,,2.8578999917954206,,
1791474220.324481,602712,frontend_frame,2919,0,22750,77,8,332723200,459276288,391173632,459276288,,,,,,,,,,
1791474220.7016907,602712,tracking_feedback_accumulate,2920,,22750,,,336637952,459276288,391173632,459276288,,,,,,,,2.829300006851554,,
1791474220.7066905,602712,frontend_frame,2920,0,22750,77,8,338017280,438304768,391173632,459276288,,,,,,,,,,
1791474221.098556,602712,tracking_feedback_accumulate,2921,,22750,,,342095872,459276288,391173632,459276288,,,,,,,,3.1647998839616776,,
1791474221.1040626,602712,frontend_frame,2921,0,22750,77,8,332725248,459276288,391173632,459276288,,,,,,,,,,
1791474221.4753942,602712,tracking_feedback_accumulate,2922,,22750,,,336640000,459276288,391173632,459276288,,,,,,,,3.0532001983374357,,
1791474221.4803932,602712,frontend_frame,2922,0,22750,77,8,338019328,459276288,391173632,459276288,,,,,,,,,,
1791474221.866477,602712,tracking_feedback_accumulate,2923,,22750,,,342097920,459276288,391173632,459276288,,,,,,,,2.8842000756412745,,
1791474221.871477,602712,frontend_frame,2923,0,22750,77,8,343477248,459276288,391173632,459276288,,,,,,,,,,
1791474222.214705,602712,tracking_feedback_accumulate,2924,,22750,,,331267072,459276288,391173632,459276288,,,,,,,,3.215300152078271,,
1791474222.2197063,602712,frontend_frame,2924,0,22750,77,8,332646400,459276288,391173632,459276288,,,,,,,,,,
1791474222.5689,602712,tracking_feedback_accumulate,2925,,22750,,,336724992,459276288,391173632,459276288,,,,,,,,2.9901000671088696,,
1791474222.619975,602712,frontend_frame,2925,0,22750,78,8,342099968,459276288,391173632,459276288,,,,,,,,,,
1791474233.443309,602712,tracking_feedback_accumulate,2926,,23130,,,335292416,459276288,391173632,459276288,,,,,,,,2.856000093743205,,
1791474233.4473076,602712,frontend_frame,2926,0,23130,78,8,336764928,459276288,391173632,459276288,,,,,,,,,,
1791474233.7965064,602712,tracking_feedback_accumulate,2927,,23130,,,340843520,459276288,391173632,459276288,,,,,,,,2.9931000899523497,,
1791474233.8015053,602712,frontend_frame,2927,0,23130,78,8,342313472,459276288,391173632,459276288,,,,,,,,,,
1791474234.1769257,602712,tracking_feedback_accumulate,2928,,23130,,,346228224,480247808,391173632,480247808,,,,,,,,3.034000052139163,,
1791474234.182926,602712,frontend_frame,2928,0,23130,78,8,336766976,480247808,391173632,480247808,,,,,,,,,,
1791474234.5433526,602712,tracking_feedback_accumulate,2929,,23130,,,340845568,480247808,391173632,480247808,,,,,,,,2.8811998199671507,,
1791474234.5473528,602712,frontend_frame,2929,0,23130,78,8,342315520,480247808,391173632,480247808,,,,,,,,,,
1791474234.9163053,602712,tracking_feedback_accumulate,2930,,23130,,,346230272,480247808,391173632,480247808,,,,,,,,2.9517998918890953,,
1791474234.9213052,602712,frontend_frame,2930,0,23130,78,8,347700736,438304768,391173632,480247808,,,,,,,,,,
1791474235.2956548,602712,tracking_feedback_accumulate,2931,,23130,,,335382528,459276288,391173632,480247808,,,,,,,,2.8778999112546444,,
1791474235.3006563,602712,frontend_frame,2931,0,23130,78,8,336852480,459276288,391173632,480247808,,,,,,,,,,
1791474235.6848857,602712,tracking_feedback_accumulate,2932,,23130,,,340767232,459276288,391173632,480247808,,,,,,,,2.8832999523729086,,
1791474235.6898854,602712,frontend_frame,2932,0,23130,78,8,342237184,459276288,391173632,480247808,,,,,,,,,,
1791474235.9895716,602712,tracking_feedback_accumulate,2933,,23130,,,346315776,459276288,391173632,480247808,,,,,,,,2.808599965646863,,
1791474235.9945726,602712,frontend_frame,2933,0,23130,78,8,336854528,459276288,391173632,480247808,,,,,,,,,,
1791474236.3821943,602712,tracking_feedback_accumulate,2934,,23130,,,340851200,459276288,391173632,480247808,,,,,,,,3.0656999442726374,,
1791474236.387195,602712,frontend_frame,2934,0,23130,78,8,342321152,459276288,391173632,480247808,,,,,,,,,,
1791474236.7749188,602712,tracking_feedback_accumulate,2935,,23130,,,346317824,480247808,391173632,480247808,,,,,,,,3.1500000040978193,,
1791474236.7800472,602712,frontend_frame,2935,0,23130,78,8,347787776,480247808,391173632,480247808,,,,,,,,,,
1791474237.190965,602712,tracking_feedback_accumulate,2936,,23130,,,335305728,480247808,391173632,480247808,,,,,,,,3.2776999287307262,,
1791474237.1949642,602712,frontend_frame,2936,0,23130,78,8,336775680,480247808,391173632,480247808,,,,,,,,,,
1791474237.5811424,602712,tracking_feedback_accumulate,2937,,23130,,,340854272,480247808,391173632,480247808,,,,,,,,2.870999975129962,,
1791474237.5861404,602712,frontend_frame,2937,0,23130,78,8,342324224,480247808,391173632,480247808,,,,,,,,,,
1791474237.8933747,602712,tracking_feedback_accumulate,2938,,23130,,,335389696,480247808,391173632,480247808,,,,,,,,3.2730000093579292,,
1791474237.8983748,602712,frontend_frame,2938,0,23130,78,8,336859648,480247808,391173632,480247808,,,,,,,,,,
1791474238.3485036,602712,tracking_feedback_accumulate,2939,,23130,,,340774400,480247808,391173632,480247808,,,,,,,,3.239099867641926,,
1791474238.3535035,602712,frontend_frame,2939,0,23130,78,8,342244352,480247808,391173632,480247808,,,,,,,,,,
1791474238.6871748,602712,tracking_feedback_accumulate,2940,,23130,,,346322944,480247808,391173632,480247808,,,,,,,,2.8617000207304955,,
1791474238.6931756,602712,frontend_frame,2940,0,23130,78,8,336861696,438304768,391173632,480247808,,,,,,,,,,
1791474239.0775394,602712,tracking_feedback_accumulate,2941,,23130,,,340858368,459276288,391173632,480247808,,,,,,,,2.8713999781757593,,
1791474239.0825403,602712,frontend_frame,2941,0,23130,78,8,342328320,459276288,391173632,480247808,,,,,,,,,,
1791474239.4786072,602712,tracking_feedback_accumulate,2942,,23130,,,346243072,480247808,391173632,480247808,,,,,,,,2.8520000632852316,,
1791474239.4836104,602712,frontend_frame,2942,0,23130,78,8,347713024,480247808,391173632,480247808,,,,,,,,,,
1791474239.773226,602712,tracking_feedback_accumulate,2943,,23130,,,335394816,480247808,391173632,480247808,,,,,,,,3.0575001146644354,,
1791474239.7782269,602712,frontend_frame,2943,0,23130,78,8,336864768,480247808,391173632,480247808,,,,,,,,,,
1791474240.0279834,602712,tracking_feedback_accumulate,2944,,23130,,,340779520,480247808,391173632,480247808,,,,,,,,2.955799922347069,,
1791474240.0330713,602712,frontend_frame,2944,0,23130,78,8,342249472,480247808,391173632,480247808,,,,,,,,,,
1791474240.4222438,602712,tracking_feedback_accumulate,2945,,23130,,,346328064,480247808,391173632,480247808,,,,,,,,2.886399859562516,,
1791474240.4272437,602712,frontend_frame,2945,0,23130,78,8,336866816,480247808,391173632,480247808,,,,,,,,,,
1791474240.830794,602712,tracking_feedback_accumulate,2946,,23130,,,340781568,480247808,391173632,480247808,,,,,,,,2.9388999100774527,,
1791474240.8797958,602712,frontend_frame,2946,0,23130,79,8,346247168,480247808,391173632,480247808,,,,,,,,,,
1791474251.760805,602712,tracking_feedback_accumulate,2947,,23724,,,339436544,480247808,391173632,480247808,,,,,,,,2.9404000379145145,,
1791474251.7653975,602712,frontend_frame,2947,0,23724,79,8,341053440,480247808,391173632,480247808,,,,,,,,,,
1791474252.1238503,602712,tracking_feedback_accumulate,2948,,23724,,,345050112,480247808,391173632,480247808,,,,,,,,2.8812000527977943,,
1791474252.1278496,602712,frontend_frame,2948,0,23724,79,8,346662912,480247808,391173632,480247808,,,,,,,,,,
1791474252.437531,602712,tracking_feedback_accumulate,2949,,23724,,,350659584,480247808,393140736,480247808,,,,,,,,2.8735999949276447,,
1791474252.4435308,602712,frontend_frame,2949,0,23724,79,8,341055488,480247808,393140736,480247808,,,,,,,,,,
1791474252.778711,602712,tracking_feedback_accumulate,2950,,23724,,,345052160,480247808,393140736,480247808,,,,,,,,2.863900037482381,,
1791474252.7837107,602712,frontend_frame,2950,0,23724,79,8,346664960,438304768,393140736,480247808,,,,,,,,,,
1791474253.0816236,602712,tracking_feedback_accumulate,2951,,23724,,,350661632,480247808,393156608,480247808,,,,,,,,2.844099886715412,,
1791474253.086624,602712,frontend_frame,2951,0,23724,79,8,352274944,480247808,393156608,480247808,,,,,,,,,,
1791474253.4106915,602712,tracking_feedback_accumulate,2952,,23724,,,339364352,480247808,393156608,480247808,,,,,,,,2.9104999266564846,,
1791474253.415696,602712,frontend_frame,2952,0,23724,79,8,340977152,480247808,393156608,480247808,,,,,,,,,,
1791474253.775139,602712,tracking_feedback_accumulate,2953,,23724,,,345055744,480247808,393156608,480247808,,,,,,,,2.7942999731749296,,
1791474253.78014,602712,frontend_frame,2953,0,23724,79,8,346668544,480247808,393156608,480247808,,,,,,,,,,
1791474254.1109476,602712,tracking_feedback_accumulate,2954,,23724,,,350583296,480247808,393158656,480247808,,,,,,,,2.9776999726891518,,
1791474254.1159494,602712,frontend_frame,2954,0,23724,79,8,340979200,480247808,393158656,480247808,,,,,,,,,,
1791474254.517834,602712,tracking_feedback_accumulate,2955,,23724,,,345057792,480247808,393158656,480247808,,,,,,,,3.2537998631596565,,
1791474254.5228333,602712,frontend_frame,2955,0,23724,79,8,346670592,480247808,393158656,480247808,,,,,,,,,,
1791474254.8903408,602712,tracking_feedback_accumulate,2956,,23724,,,350667264,480247808,393158656,480247808,,,,,,,,2.8556000906974077,,
1791474254.8963413,602712,frontend_frame,2956,0,23724,79,8,341063168,480247808,393158656,480247808,,,,,,,,,,
1791474255.313316,602712,tracking_feedback_accumulate,2957,,23724,,,344977920,480247808,393158656,480247808,,,,,,,,2.9488999862223864,,
1791474255.3173187,602712,frontend_frame,2957,0,23724,79,8,346590720,480247808,393158656,480247808,,,,,,,,,,
1791474255.7008626,602712,tracking_feedback_accumulate,2958,,23724,,,350669312,480247808,393674240,480247808,,,,,,,,3.0799999367445707,,
1791474255.7058623,602712,frontend_frame,2958,0,23724,79,8,352282112,480247808,393674240,480247808,,,,,,,,,,
1791474256.0843654,602712,tracking_feedback_accumulate,2959,,23724,,,345061888,480247808,393674240,480247808,,,,,,,,2.9799998737871647,,
1791474256.0893655,602712,frontend_frame,2959,0,23724,79,8,346674688,480247808,393674240,480247808,,,,,,,,,,
1791474256.447203,602712,tracking_feedback_accumulate,2960,,23724,,,350589440,480247808,393674240,480247808,,,,,,,,2.9914001934230328,,
1791474256.452203,602712,frontend_frame,2960,0,23724,79,8,352202240,438304768,393674240,480247808,,,,,,,,,,
1791474256.7688103,602712,tracking_feedback_accumulate,2961,,23724,,,356280832,480247808,398779904,480247808,,,,,,,,2.896999940276146,,
1791474256.7733896,602712,frontend_frame,2961,0,23724,79,8,346676736,480247808,398779904,480247808,,,,,,,,,,
1791474257.2096183,602712,tracking_feedback_accumulate,2962,,23724,,,350673408,480247808,398779904,480247808,,,,,,,,3.00609995611012,,
1791474257.2136183,602712,frontend_frame,2962,0,23724,79,8,352286208,480247808,398779904,480247808,,,,,,,,,,
1791474257.6229734,602712,tracking_feedback_accumulate,2963,,23724,,,356282880,480247808,398779904,480247808,,,,,,,,2.9647001065313816,,
1791474257.6269736,602712,frontend_frame,2963,0,23724,79,8,357895680,480247808,398779904,480247808,,,,,,,,,,
1791474257.9703352,602712,tracking_feedback_accumulate,2964,,23724,,,344985088,480247808,398779904,480247808,,,,,,,,2.904399996623397,,
1791474257.9758747,602712,frontend_frame,2964,0,23724,79,8,346597888,480247808,398779904,480247808,,,,,,,,,,
1791474258.2220864,602712,tracking_feedback_accumulate,2965,,23724,,,350676480,480247808,398779904,480247808,,,,,,,,2.840499859303236,,
1791474258.226085,602712,frontend_frame,2965,0,23724,79,8,352289280,480247808,398779904,480247808,,,,,,,,,,
1791474258.560672,602712,tracking_feedback_accumulate,2966,,23724,,,356285952,480247808,398779904,480247808,,,,,,,,2.881299937143922,,
1791474258.5666723,602712,frontend_frame,2966,0,23724,79,8,346681856,480247808,398779904,480247808,,,,,,,,,,
1791474258.9934258,602712,tracking_feedback_accumulate,2967,,23724,,,350596608,480247808,398779904,480247808,,,,,,,,2.9526001308113337,,
1791474258.9974246,602712,frontend_frame,2967,0,23724,79,8,352209408,480247808,398779904,480247808,,,,,,,,,,
1791474259.3443325,602712,tracking_feedback_accumulate,2968,,23724,,,356288000,480247808,399292928,480247808,,,,,,,,3.001500153914094,,
1791474259.3493326,602712,frontend_frame,2968,0,23724,79,8,357900800,480247808,399292928,480247808,,,,,,,,,,
1791474259.701145,602712,tracking_feedback_accumulate,2969,,23724,,,339381760,480247808,399292928,480247808,,,,,,,,3.0187000520527363,,
1791474259.7061434,602712,frontend_frame,2969,0,23724,79,8,340994560,480247808,399292928,480247808,,,,,,,,,,
1791474260.110781,602712,tracking_feedback_accumulate,2970,,23724,,,345073152,480247808,399292928,480247808,,,,,,,,2.9822997748851776,,
1791474260.1157808,602712,frontend_frame,2970,0,23724,79,8,346685952,438304768,399292928,480247808,,,,,,,,,,
1791474260.472899,602712,tracking_feedback_accumulate,2971,,23724,,,350600704,480247808,399292928,480247808,,,,,,,,2.9304001946002245,,
1791474260.4778981,602712,frontend_frame,2971,0,23724,79,8,340996608,480247808,399292928,480247808,,,,,,,,,,
1791474260.8250337,602712,tracking_feedback_accumulate,2972,,23724,,,345075200,480247808,399292928,480247808,,,,,,,,2.870500087738037,,
1791474260.8300333,602712,frontend_frame,2972,0,23724,79,8,346688000,480247808,399292928,480247808,,,,,,,,,,
1791474261.2707348,602712,tracking_feedback_accumulate,2973,,23724,,,350602752,480247808,399292928,480247808,,,,,,,,3.042900003492832,,
1791474261.2757342,602712,frontend_frame,2973,0,23724,79,8,340998656,480247808,399292928,480247808,,,,,,,,,,
1791474261.6983967,602712,tracking_feedback_accumulate,2974,,23724,,,345077248,480247808,399292928,480247808,,,,,,,,2.9609999619424343,,
1791474261.7480361,602712,frontend_frame,2974,0,23724,80,8,350685696,480247808,399292928,480247808,,,,,,,,,,
1791474272.7066674,602712,tracking_feedback_accumulate,2975,,24374,,,349117952,480247808,399292928,480247808,,,,,,,,2.920700004324317,,
1791474272.7116675,602712,frontend_frame,2975,0,24374,80,8,350886400,480247808,399292928,480247808,,,,,,,,,,
1791474273.1342616,602712,tracking_feedback_accumulate,2976,,24374,,,354883072,480247808,399292928,480247808,,,,,,,,2.833800157532096,,
1791474273.1392653,602712,frontend_frame,2976,0,24374,80,8,356646912,480247808,399292928,480247808,,,,,,,,,,
1791474273.5226586,602712,tracking_feedback_accumulate,2977,,24374,,,360561664,480247808,403243008,480247808,,,,,,,,2.9467998538166285,,
1791474273.5276587,602712,frontend_frame,2977,0,24374,80,8,350806528,480247808,403243008,480247808,,,,,,,,,,
1791474273.9683084,602712,tracking_feedback_accumulate,2978,,24374,,,354885120,480247808,403243008,480247808,,,,,,,,2.9207998886704445,,
1791474273.9726558,602712,frontend_frame,2978,0,24374,80,8,356648960,480247808,403243008,480247808,,,,,,,,,,
1791474274.3102012,602712,tracking_feedback_accumulate,2979,,24374,,,360563712,480247808,403244032,480247808,,,,,,,,3.2608001492917538,,
1791474274.3152006,602712,frontend_frame,2979,0,24374,80,8,350809088,480247808,403244032,480247808,,,,,,,,,,
1791474274.672043,602712,tracking_feedback_accumulate,2980,,24374,,,354887680,480247808,403244032,480247808,,,,,,,,2.9577999375760555,,
1791474274.677046,602712,frontend_frame,2980,0,24374,80,8,356651520,438304768,403244032,480247808,,,,,,,,,,
1791474275.0874276,602712,tracking_feedback_accumulate,2981,,24374,,,360648192,480247808,403250176,480247808,,,,,,,,2.8639999218285084,,
1791474275.0914295,602712,frontend_frame,2981,0,24374,80,8,362412032,480247808,403250176,480247808,,,,,,,,,,
1791474275.4771335,602712,tracking_feedback_accumulate,2982,,24374,,,354807808,480247808,403250176,480247808,,,,,,,,2.948799869045615,,
1791474275.4821343,602712,frontend_frame,2982,0,24374,80,8,356571648,480247808,403250176,480247808,,,,,,,,,,
1791474275.8559022,602712,tracking_feedback_accumulate,2983,,24374,,,360650240,480247808,403258880,480247808,,,,,,,,2.94659985229373,,
1791474275.8609033,602712,frontend_frame,2983,0,24374,80,8,362414080,480247808,403258880,480247808,,,,,,,,,,
1791474276.2182791,602712,tracking_feedback_accumulate,2984,,24374,,,366328832,480247808,409298432,480247808,,,,,,,,2.8144000098109245,,
1791474276.223279,602712,frontend_frame,2984,0,24374,80,8,356573696,480247808,409298432,480247808,,,,,,,,,,
1791474276.5384762,602712,tracking_feedback_accumulate,2985,,24374,,,360652288,480247808,409298432,480247808,,,,,,,,2.876400016248226,,
1791474276.5434775,602712,frontend_frame,2985,0,24374,80,8,362416128,480247808,409298432,480247808,,,,,,,,,,
1791474276.9419584,602712,tracking_feedback_accumulate,2986,,24374,,,366330880,480247808,409300480,480247808,,,,,,,,2.880399813875556,,
1791474276.94696,602712,frontend_frame,2986,0,24374,80,8,368094720,480247808,409300480,480247808,,,,,,,,,,
1791474277.3225517,602712,tracking_feedback_accumulate,2987,,24374,,,354894848,480247808,409300480,480247808,,,,,,,,2.866599941626191,,
1791474277.326553,602712,frontend_frame,2987,0,24374,80,8,356658688,480247808,409300480,480247808,,,,,,,,,,
1791474277.7572029,602712,tracking_feedback_accumulate,2988,,24374,,,360655360,480247808,409300480,480247808,,,,,,,,2.992599969729781,,
1791474277.761202,602712,frontend_frame,2988,0,24374,80,8,362419200,480247808,409300480,480247808,,,,,,,,,,
1791474278.1362221,602712,tracking_feedback_accumulate,2989,,24374,,,366333952,480247808,409303552,480247808,,,,,,,,2.975800074636936,,
1791474278.1412244,602712,frontend_frame,2989,0,24374,80,8,356578816,480247808,409303552,480247808,,,,,,,,,,
1791474278.4887266,602712,tracking_feedback_accumulate,2990,,24374,,,360657408,480247808,409303552,480247808,,,,,,,,2.937600016593933,,
1791474278.4937267,602712,frontend_frame,2990,0,24374,80,8,362421248,459276288,409303552,480247808,,,,,,,,,,
1791474278.8648393,602712,tracking_feedback_accumulate,2991,,24374,,,366417920,480247808,409305600,480247808,,,,,,,,2.9267999343574047,,
1791474278.8698404,602712,frontend_frame,2991,0,24374,80,8,368181760,480247808,409305600,480247808,,,,,,,,,,
1791474279.1326578,602712,tracking_feedback_accumulate,2992,,24374,,,354818048,480247808,409305600,480247808,,,,,,,,2.917499979957938,,
1791474279.137658,602712,frontend_frame,2992,0,24374,80,8,356581888,480247808,409305600,480247808,,,,,,,,,,
1791474279.4933987,602712,tracking_feedback_accumulate,2993,,24374,,,360660480,480247808,409305600,480247808,,,,,,,,2.925500040873885,,
1791474279.498453,602712,frontend_frame,2993,0,24374,80,8,362424320,480247808,409305600,480247808,,,,,,,,,,
1791474279.8818247,602712,tracking_feedback_accumulate,2994,,24374,,,366420992,480247808,409308672,480247808,,,,,,,,2.961799968034029,,
1791474279.8868246,602712,frontend_frame,2994,0,24374,80,8,356665856,480247808,409308672,480247808,,,,,,,,,,
1791474280.300101,602712,tracking_feedback_accumulate,2995,,24374,,,360662528,480247808,409308672,480247808,,,,,,,,2.979600103572011,,
1791474280.3051012,602712,frontend_frame,2995,0,24374,80,8,362426368,480247808,409308672,480247808,,,,,,,,,,
1791474280.6834447,602712,tracking_feedback_accumulate,2996,,24374,,,366423040,480247808,409310720,480247808,,,,,,,,2.902599982917309,,
1791474280.690446,602712,frontend_frame,2996,0,24374,80,8,345299968,480247808,409310720,480247808,,,,,,,,,,
1791474281.0866113,602712,tracking_feedback_accumulate,2997,,24374,,,349296640,480247808,409310720,480247808,,,,,,,,2.990799956023693,,
1791474281.0916111,602712,frontend_frame,2997,0,24374,80,8,351060480,480247808,409310720,480247808,,,,,,,,,,
1791474281.490851,602712,tracking_feedback_accumulate,2998,,24374,,,355057152,480247808,409310720,480247808,,,,,,,,2.9879999347031116,,
1791474281.4958522,602712,frontend_frame,2998,0,24374,80,8,356820992,480247808,409310720,480247808,,,,,,,,,,
1791474281.8342743,602712,tracking_feedback_accumulate,2999,,24374,,,349216768,480247808,409310720,480247808,,,,,,,,2.968299901112914,,
1791474281.8392744,602712,frontend_frame,2999,0,24374,80,8,350980608,480247808,409310720,480247808,,,,,,,,,,
1791474282.2154968,602712,tracking_feedback_accumulate,3000,,24374,,,355059200,480247808,409310720,480247808,,,,,,,,2.9146999586373568,,
1791474282.2204967,602712,frontend_frame,3000,0,24374,80,8,356823040,459276288,409310720,480247808,,,,,,,,,,
1791474282.599298,602712,tracking_feedback_accumulate,3001,,24374,,,360819712,480247808,409310720,480247808,,,,,,,,2.912400057539344,,
1791474282.6042998,602712,frontend_frame,3001,0,24374,80,8,351064576,480247808,409310720,480247808,,,,,,,,,,
1791474282.97901,602712,tracking_feedback_accumulate,3002,,24374,,,355061248,480247808,409310720,480247808,,,,,,,,2.9257999267429113,,
1791474282.9835675,602712,frontend_frame,3002,0,24374,80,8,356825088,480247808,409310720,480247808,,,,,,,,,,
1791474283.2884173,602712,tracking_feedback_accumulate,3003,,24374,,,360739840,480247808,409310720,480247808,,,,,,,,3.0664000660181046,,
1791474283.2924185,602712,frontend_frame,3003,0,24374,80,8,362503680,480247808,409310720,480247808,,,,,,,,,,
1791474283.7085834,602712,tracking_feedback_accumulate,3004,,24374,,,349303808,480247808,409310720,480247808,,,,,,,,3.1121999491006136,,
1791474283.7135842,602712,frontend_frame,3004,0,24374,80,8,351067648,480247808,409310720,480247808,,,,,,,,,,
1791474284.109412,602712,tracking_feedback_accumulate,3005,,24374,,,354982400,480247808,409310720,480247808,,,,,,,,2.9889000579714775,,
1791474284.1590972,602712,frontend_frame,3005,0,24374,81,8,360741888,480247808,409310720,480247808,,,,,,,,,,
1791474295.0367486,602712,tracking_feedback_accumulate,3006,,25175,,,353356288,480247808,409310720,480247808,,,,,,,,3.2810999546200037,,
1791474295.0417511,602712,frontend_frame,3006,0,25175,81,8,355315712,480247808,409310720,480247808,,,,,,,,,,
1791474295.3857815,602712,tracking_feedback_accumulate,3007,,25175,,,359230464,480247808,409310720,480247808,,,,,,,,2.8674001805484295,,
1791474295.3907814,602712,frontend_frame,3007,0,25175,81,8,361183744,480247808,409310720,480247808,,,,,,,,,,
1791474295.7401907,602712,tracking_feedback_accumulate,3008,,25175,,,365262336,480247808,409310720,480247808,,,,,,,,3.2821001950651407,,
1791474295.7451916,602712,frontend_frame,3008,0,25175,81,8,355317760,480247808,409310720,480247808,,,,,,,,,,
1791474296.1627288,602712,tracking_feedback_accumulate,3009,,25175,,,359314432,480247808,409310720,480247808,,,,,,,,2.884199842810631,,
1791474296.1677296,602712,frontend_frame,3009,0,25175,81,8,361267712,480247808,409310720,480247808,,,,,,,,,,
1791474296.5157483,602712,tracking_feedback_accumulate,3010,,25175,,,365182464,480247808,409310720,480247808,,,,,,,,3.006699960678816,,
1791474296.5197475,602712,frontend_frame,3010,0,25175,81,8,367136256,438304768,409310720,480247808,,,,,,,,,,
1791474296.9607582,602712,tracking_feedback_accumulate,3011,,25175,,,353368064,480247808,409310720,480247808,,,,,,,,2.9370998963713646,,
1791474296.96476,602712,frontend_frame,3011,0,25175,81,8,355321344,480247808,409310720,480247808,,,,,,,,,,
1791474297.357575,602712,tracking_feedback_accumulate,3012,,25175,,,359318016,480247808,409310720,480247808,,,,,,,,3.069699974730611,,
1791474297.3615758,602712,frontend_frame,3012,0,25175,81,8,361271296,480247808,409310720,480247808,,,,,,,,,,
1791474297.7444549,602712,tracking_feedback_accumulate,3013,,25175,,,365267968,480247808,409310720,480247808,,,,,,,,2.944899955764413,,
1791474297.7494545,602712,frontend_frame,3013,0,25175,81,8,355323392,480247808,409310720,480247808,,,,,,,,,,
1791474298.108251,602712,tracking_feedback_accumulate,3014,,25175,,,359320064,480247808,409310720,480247808,,,,,,,,3.2326001673936844,,
1791474298.113323,602712,frontend_frame,3014,0,25175,81,8,361273344,480247808,409310720,480247808,,,,,,,,,,
1791474298.5518525,602712,tracking_feedback_accumulate,3015,,25175,,,365188096,480247808,409310720,480247808,,,,,,,,2.917900215834379,,
1791474298.5568528,602712,frontend_frame,3015,0,25175,81,8,367141376,480247808,409310720,480247808,,,,,,,,,,
1791474298.9010823,602712,tracking_feedback_accumulate,3016,,25175,,,353373184,480247808,409310720,480247808,,,,,,,,2.9094999190419912,,
1791474298.9060824,602712,frontend_frame,3016,0,25175,81,8,355326464,480247808,409310720,480247808,,,,,,,,,,
1791474299.3636837,602712,tracking_feedback_accumulate,3017,,25175,,,359241216,480247808,409310720,480247808,,,,,,,,2.9221000149846077,,
1791474299.3676858,602712,frontend_frame,3017,0,25175,81,8,361194496,480247808,409310720,480247808,,,,,,,,,,
1791474299.7268264,602712,tracking_feedback_accumulate,3018,,25175,,,353375232,480247808,409310720,480247808,,,,,,,,3.067899961024523,,
1791474299.731826,602712,frontend_frame,3018,0,25175,81,8,355328512,480247808,409310720,480247808,,,,,,,,,,
1791474300.1526594,602712,tracking_feedback_accumulate,3019,,25175,,,359243264,480247808,409310720,480247808,,,,,,,,2.991100074723363,,
1791474300.1586583,602712,frontend_frame,3019,0,25175,81,8,361196544,480247808,409310720,480247808,,,,,,,,,,
1791474300.5128076,602712,tracking_feedback_accumulate,3020,,25175,,,365275136,480247808,409310720,480247808,,,,,,,,2.771100029349327,,
1791474300.5188084,602712,frontend_frame,3020,0,25175,81,8,355330560,459276288,409310720,480247808,,,,,,,,,,
1791474300.9598432,602712,tracking_feedback_accumulate,3021,,25175,,,359327232,480247808,409310720,480247808,,,,,,,,2.980399876832962,,
1791474300.9638429,602712,frontend_frame,3021,0,25175,81,8,361280512,480247808,409310720,480247808,,,,,,,,,,
1791474301.281513,602712,tracking_feedback_accumulate,3022,,25175,,,365277184,480247808,409310720,480247808,,,,,,,,3.080100053921342,,
1791474301.2865129,602712,frontend_frame,3022,0,25175,81,8,367230464,480247808,409310720,480247808,,,,,,,,,,
1791474301.6664577,602712,tracking_feedback_accumulate,3023,,25175,,,353298432,480247808,409310720,480247808,,,,,,,,2.8818000573664904,,
1791474301.6714575,602712,frontend_frame,3023,0,25175,81,8,355251712,480247808,409310720,480247808,,,,,,,,,,
1791474302.133085,602712,tracking_feedback_accumulate,3024,,25175,,,359330304,480247808,409310720,480247808,,,,,,,,8.959899889305234,,
1791474302.13759,602712,frontend_frame,3024,0,25175,81,8,361283584,480247808,409310720,480247808,,,,,,,,,,
1791474302.441644,602712,tracking_feedback_accumulate,3025,,25175,,,365280256,480247808,409310720,480247808,,,,,,,,2.962999977171421,,
1791474302.447645,602712,frontend_frame,3025,0,25175,81,8,355335680,480247808,409310720,480247808,,,,,,,,,,
1791474302.8596325,602712,tracking_feedback_accumulate,3026,,25175,,,359332352,480247808,409310720,480247808,,,,,,,,2.982000121846795,,
1791474302.8646314,602712,frontend_frame,3026,0,25175,81,8,361285632,480247808,409310720,480247808,,,,,,,,,,
1791474303.2157376,602712,tracking_feedback_accumulate,3027,,25175,,,365282304,480247808,409310720,480247808,,,,,,,,2.956999931484461,,
1791474303.2657385,602712,frontend_frame,3027,0,25175,82,8,371231232,480247808,409310720,480247808,,,,,,,,,,
1791474314.3565428,602712,tracking_feedback_accumulate,3028,,25813,,,357341184,480247808,409310720,480247808,,,,,,,,3.1159999780356884,,
1791474314.360542,602712,frontend_frame,3028,0,25813,82,8,359443968,480247808,409310720,480247808,,,,,,,,,,
1791474314.7536995,602712,tracking_feedback_accumulate,3029,,25813,,,363522560,480247808,409310720,480247808,,,,,,,,3.075700020417571,,
1791474314.7587,602712,frontend_frame,3029,0,25813,82,8,365620736,480247808,409310720,480247808,,,,,,,,,,
1791474315.0053718,602712,tracking_feedback_accumulate,3030,,25813,,,357429760,480247808,409310720,480247808,,,,,,,,2.9341999907046556,,
1791474315.0103714,602712,frontend_frame,3030,0,25813,82,8,359527936,459276288,409310720,480247808,,,,,,,,,,
1791474315.3650537,602712,tracking_feedback_accumulate,3031,,25813,,,363524608,480247808,409310720,480247808,,,,,,,,2.90870014578104,,
1791474315.3700533,602712,frontend_frame,3031,0,25813,82,8,365622784,480247808,409310720,480247808,,,,,,,,,,
1791474315.6762748,602712,tracking_feedback_accumulate,3032,,25813,,,369537536,480247808,412659712,480247808,,,,,,,,2.9913000762462616,,
1791474315.6822772,602712,frontend_frame,3032,0,25813,82,8,359448576,480247808,412659712,480247808,,,,,,,,,,
1791474316.006507,602712,tracking_feedback_accumulate,3033,,25813,,,363527168,480247808,412659712,480247808,,,,,,,,2.883800072595477,,
1791474316.0115075,602712,frontend_frame,3033,0,25813,82,8,365625344,480247808,412659712,480247808,,,,,,,,,,
1791474316.3174987,602712,tracking_feedback_accumulate,3034,,25813,,,369540096,480247808,412659712,480247808,,,,,,,,3.2124000135809183,,
1791474316.321498,602712,frontend_frame,3034,0,25813,82,8,371638272,480247808,412659712,480247808,,,,,,,,,,
1791474316.6808376,602712,tracking_feedback_accumulate,3035,,25813,,,357435392,480247808,412659712,480247808,,,,,,,,2.9356000013649464,,
1791474316.6858363,602712,frontend_frame,3035,0,25813,82,8,359533568,480247808,412659712,480247808,,,,,,,,,,
1791474317.0177398,602712,tracking_feedback_accumulate,3036,,25813,,,363530240,480247808,412659712,480247808,,,,,,,,2.970400033518672,,
1791474317.0217388,602712,frontend_frame,3036,0,25813,82,8,365628416,480247808,412659712,480247808,,,,,,,,,,
1791474317.4301796,602712,tracking_feedback_accumulate,3037,,25813,,,369625088,480247808,412668416,480247808,,,,,,,,3.0420999974012375,,
1791474317.4351797,602712,frontend_frame,3037,0,25813,82,8,359535616,480247808,412668416,480247808,,,,,,,,,,
1791474317.778645,602712,tracking_feedback_accumulate,3038,,25813,,,363532288,480247808,412668416,480247808,,,,,,,,2.906300127506256,,
1791474317.7836473,602712,frontend_frame,3038,0,25813,82,8,365630464,480247808,412668416,480247808,,,,,,,,,,
1791474318.1357348,602712,tracking_feedback_accumulate,3039,,25813,,,369627136,480247808,412676608,480247808,,,,,,,,2.942199818789959,,
1791474318.1407356,602712,frontend_frame,3039,0,25813,82,8,371725312,480247808,412676608,480247808,,,,,,,,,,
1791474318.511567,602712,tracking_feedback_accumulate,3040,,25813,,,357440512,480247808,412676608,480247808,,,,,,,,3.0428001191467047,,
1791474318.516564,602712,frontend_frame,3040,0,25813,82,8,359538688,459276288,412676608,480247808,,,,,,,,,,
1791474318.949444,602712,tracking_feedback_accumulate,3041,,25813,,,363535360,480247808,412676608,480247808,,,,,,,,2.930200193077326,,
1791474318.954447,602712,frontend_frame,3041,0,25813,82,8,365633536,480247808,412676608,480247808,,,,,,,,,,
1791474319.3348947,602712,tracking_feedback_accumulate,3042,,25813,,,357442560,480247808,412676608,480247808,,,,,,,,3.001099918037653,,
1791474319.339894,602712,frontend_frame,3042,0,25813,82,8,359540736,480247808,412676608,480247808,,,,,,,,,,
1791474319.6662757,602712,tracking_feedback_accumulate,3043,,25813,,,363455488,480247808,412676608,480247808,,,,,,,,3.058200003579259,,
1791474319.6712747,602712,frontend_frame,3043,0,25813,82,8,365553664,480247808,412676608,480247808,,,,,,,,,,
1791474320.0956109,602712,tracking_feedback_accumulate,3044,,25813,,,369632256,480247808,412715008,480247808,,,,,,,,3.1415000557899475,,
1791474320.1001153,602712,frontend_frame,3044,0,25813,82,8,359542784,480247808,412715008,480247808,,,,,,,,,,
1791474320.4673157,602712,tracking_feedback_accumulate,3045,,25813,,,363539456,480247808,412715008,480247808,,,,,,,,2.973400056362152,,
1791474320.4713151,602712,frontend_frame,3045,0,25813,82,8,365637632,480247808,412715008,480247808,,,,,,,,,,
1791474320.7959437,602712,tracking_feedback_accumulate,3046,,25813,,,369552384,480247808,412715008,480247808,,,,,,,,3.0680999625474215,,
1791474320.8014488,602712,frontend_frame,3046,0,25813,82,8,371650560,480247808,412715008,480247808,,,,,,,,,,
1791474321.1530795,602712,tracking_feedback_accumulate,3047,,25813,,,357447680,480247808,412715008,480247808,,,,,,,,3.0324000399559736,,
1791474321.1570792,602712,frontend_frame,3047,0,25813,82,8,359545856,480247808,412715008,480247808,,,,,,,,,,
1791474321.529589,602712,tracking_feedback_accumulate,3048,,25813,,,363460608,480247808,412715008,480247808,,,,,,,,2.9837999027222395,,
1791474321.5785887,602712,frontend_frame,3048,0,25813,83,8,369554432,480247808,412715008,480247808,,,,,,,,,,
1791474332.5945165,602712,tracking_feedback_accumulate,3049,,26864,,,361516544,480247808,412715008,480247808,,,,,,,,2.938099903985858,,
1791474332.59952,602712,frontend_frame,3049,0,26864,83,8,363872256,480247808,412715008,480247808,,,,,,,,,,
1791474333.0265856,602712,tracking_feedback_accumulate,3050,,26864,,,367868928,501219328,412715008,501219328,,,,,,,,2.9233999084681273,,
1791474333.0326667,602712,frontend_frame,3050,0,26864,83,8,370216960,459276288,412715008,501219328,,,,,,,,,,
1791474333.3652778,602712,tracking_feedback_accumulate,3051,,26864,,,374131712,480247808,417572864,501219328,,,,,,,,2.8278001118451357,,
1791474333.3704202,602712,frontend_frame,3051,0,26864,83,8,363792384,480247808,417572864,501219328,,,,,,,,,,
1791474333.7330267,602712,tracking_feedback_accumulate,3052,,26864,,,367870976,480247808,417572864,501219328,,,,,,,,2.9148999601602554,,
1791474333.738026,602712,frontend_frame,3052,0,26864,83,8,370219008,480247808,417572864,501219328,,,,,,,,,,
1791474334.1011646,602712,tracking_feedback_accumulate,3053,,26864,,,374215680,480247808,417600512,501219328,,,,,,,,2.9452999588102102,,
1791474334.1061642,602712,frontend_frame,3053,0,26864,83,8,376564224,480247808,417600512,501219328,,,,,,,,,,
1791474334.4243147,602712,tracking_feedback_accumulate,3054,,26864,,,361529856,501219328,417600512,501219328,,,,,,,,3.460400039330125,,
1791474334.4293134,602712,frontend_frame,3054,0,26864,83,8,363877888,501219328,417600512,501219328,,,,,,,,,,
1791474334.7245612,602712,tracking_feedback_accumulate,3055,,26864,,,367874560,501219328,417600512,501219328,,,,,,,,2.9309000819921494,,
1791474334.7295606,602712,frontend_frame,3055,0,26864,83,8,370222592,501219328,417600512,501219328,,,,,,,,,,
1791474335.0769408,602712,tracking_feedback_accumulate,3056,,26864,,,374137344,501219328,417604096,501219328,,,,,,,,2.9376999009400606,,
1791474335.0819402,602712,frontend_frame,3056,0,26864,83,8,363798016,501219328,417604096,501219328,,,,,,,,,,
1791474335.4662874,602712,tracking_feedback_accumulate,3057,,26864,,,367876608,501219328,417604096,501219328,,,,,,,,3.0028000473976135,,
1791474335.4712877,602712,frontend_frame,3057,0,26864,83,8,370224640,501219328,417604096,501219328,,,,,,,,,,
1791474335.7873793,602712,tracking_feedback_accumulate,3058,,26864,,,374139392,501219328,417612288,501219328,,,,,,,,2.8665000572800636,,
1791474335.7923784,602712,frontend_frame,3058,0,26864,83,8,376487424,501219328,417612288,501219328,,,,,,,,,,
1791474336.1319482,602712,tracking_feedback_accumulate,3059,,26864,,,361534976,501219328,417612288,501219328,,,,,,,,2.875400008633733,,
1791474336.136948,602712,frontend_frame,3059,0,26864,83,8,363883008,501219328,417612288,501219328,,,,,,,,,,
1791474336.5220802,602712,tracking_feedback_accumulate,3060,,26864,,,367797760,501219328,417612288,501219328,,,,,,,,3.01540014334023,,
1791474336.5270805,602712,frontend_frame,3060,0,26864,83,8,370145792,459276288,417612288,501219328,,,,,,,,,,
1791474336.8354416,602712,tracking_feedback_accumulate,3061,,26864,,,374224384,480247808,417883136,501219328,,,,,,,,2.8834999538958073,,
1791474336.8404417,602712,frontend_frame,3061,0,26864,83,8,363885056,480247808,417883136,501219328,,,,,,,,,,
1791474337.223108,602712,tracking_feedback_accumulate,3062,,26864,,,367881728,480247808,417883136,501219328,,,,,,,,3.169200150296092,,
1791474337.2281084,602712,frontend_frame,3062,0,26864,83,8,370229760,480247808,417883136,501219328,,,,,,,,,,
1791474337.571903,602712,tracking_feedback_accumulate,3063,,26864,,,374144512,501219328,417883136,501219328,,,,,,,,3.006200073286891,,
1791474337.5769017,602712,frontend_frame,3063,0,26864,83,8,363805184,501219328,417883136,501219328,,,,,,,,,,
1791474337.9657745,602712,tracking_feedback_accumulate,3064,,26864,,,367883776,501219328,417883136,501219328,,,,,,,,2.9817000031471252,,
1791474337.9702811,602712,frontend_frame,3064,0,26864,83,8,370231808,501219328,417883136,501219328,,,,,,,,,,
1791474338.3431537,602712,tracking_feedback_accumulate,3065,,26864,,,374146560,501219328,417883136,501219328,,,,,,,,3.0090000946074724,,
1791474338.3511539,602712,frontend_frame,3065,0,26864,83,8,376494592,501219328,417883136,501219328,,,,,,,,,,
1791474338.7038295,602712,tracking_feedback_accumulate,3066,,26864,,,367885824,501219328,417883136,501219328,,,,,,,,3.007400082424283,,
1791474338.7088287,602712,frontend_frame,3066,0,26864,83,8,370233856,501219328,417883136,501219328,,,,,,,,,,
1791474339.088701,602712,tracking_feedback_accumulate,3067,,26864,,,374230528,501219328,417883136,501219328,,,,,,,,2.896000165492296,,
1791474339.1392093,602712,frontend_frame,3067,0,26864,84,8,380574208,501219328,417883136,501219328,,,,,,,,,,
1791474350.2069104,602712,tracking_feedback_accumulate,3068,,27799,,,384553984,501219328,428246528,501219328,,,,,,,,3.153400029987097,,
1791474350.2129087,602712,frontend_frame,3068,0,27799,84,8,374445056,501219328,428246528,501219328,,,,,,,,,,
1791474350.6254637,602712,tracking_feedback_accumulate,3069,,27799,,,378523648,501219328,428246528,501219328,,,,,,,,3.019500058144331,,
1791474350.6315107,602712,frontend_frame,3069,0,27799,84,8,381094912,501219328,428246528,501219328,,,,,,,,,,
1791474351.0174918,602712,tracking_feedback_accumulate,3070,,27799,,,385091584,503316480,428773376,503316480,,,,,,,,3.2341000624001026,,
1791474351.0234916,602712,frontend_frame,3070,0,27799,84,8,374529024,459276288,428773376,503316480,,,,,,,,,,
1791474351.3883195,602712,tracking_feedback_accumulate,3071,,27799,,,378525696,501219328,428773376,503316480,,,,,,,,2.8331000357866287,,
1791474351.3933194,602712,frontend_frame,3071,0,27799,84,8,381096960,501219328,428773376,503316480,,,,,,,,,,
1791474351.8014636,602712,tracking_feedback_accumulate,3072,,27799,,,385093632,501219328,428796416,503316480,,,,,,,,2.8940001502633095,,
1791474351.807464,602712,frontend_frame,3072,0,27799,84,8,387665408,503316480,428796416,503316480,,,,,,,,,,
1791474352.1639936,602712,tracking_feedback_accumulate,3073,,27799,,,378528256,503316480,428796416,503316480,,,,,,,,2.9203000012785196,,
1791474352.1689932,602712,frontend_frame,3073,0,27799,84,8,381099520,503316480,428796416,503316480,,,,,,,,,,
1791474352.5126355,602712,tracking_feedback_accumulate,3074,,27799,,,385014272,503316480,428820480,503316480,,,,,,,,3.139199921861291,,
1791474352.5176344,602712,frontend_frame,3074,0,27799,84,8,387585536,503316480,428820480,503316480,,,,,,,,,,
1791474352.9134219,602712,tracking_feedback_accumulate,3075,,27799,,,391664128,509607936,435402240,509607936,,,,,,,,2.938800025731325,,
1791474352.918421,602712,frontend_frame,3075,0,27799,84,8,381101568,509607936,435402240,509607936,,,,,,,,,,
1791474353.301932,602712,tracking_feedback_accumulate,3076,,27799,,,385016320,509607936,435402240,509607936,,,,,,,,3.05499997921288,,
1791474353.3069322,602712,frontend_frame,3076,0,27799,84,8,387587584,509607936,435402240,509607936,,,,,,,,,,
1791474353.654231,602712,tracking_feedback_accumulate,3077,,27799,,,391666176,509607936,435415040,509607936,,,,,,,,3.0230998527258635,,
1791474353.6592307,602712,frontend_frame,3077,0,27799,84,8,394237440,511705088,435415040,511705088,,,,,,,,,,
1791474354.0774753,602712,tracking_feedback_accumulate,3078,,27799,,,378533376,511705088,435415040,511705088,,,,,,,,3.0085998587310314,,
1791474354.0824766,602712,frontend_frame,3078,0,27799,84,8,381104640,511705088,435415040,511705088,,,,,,,,,,
1791474354.4998426,602712,tracking_feedback_accumulate,3079,,27799,,,385101312,511705088,435415040,511705088,,,,,,,,2.9836001340299845,,
1791474354.5048428,602712,frontend_frame,3079,0,27799,84,8,387672576,511705088,435415040,511705088,,,,,,,,,,
1791474354.9288259,602712,tracking_feedback_accumulate,3080,,27799,,,391587328,511705088,435415040,511705088,,,,,,,,2.9017000924795866,,
1791474354.9338264,602712,frontend_frame,3080,0,27799,84,8,381024768,463470592,435415040,511705088,,,,,,,,,,
1791474355.3195336,602712,tracking_feedback_accumulate,3081,,27799,,,385103360,505413632,435415040,511705088,,,,,,,,2.8834000695496798,,
1791474355.323536,602712,frontend_frame,3081,0,27799,84,8,387674624,505413632,435415040,511705088,,,,,,,,,,
1791474355.7164078,602712,tracking_feedback_accumulate,3082,,27799,,,391589376,509607936,435415040,511705088,,,,,,,,2.9617000836879015,,
1791474355.7214067,602712,frontend_frame,3082,0,27799,84,8,394160640,511705088,435415040,511705088,,,,,,,,,,
1791474356.122264,602712,tracking_feedback_accumulate,3083,,27799,,,365627904,511705088,435415040,511705088,,,,,,,,2.922200132161379,,
1791474356.1262639,602712,frontend_frame,3083,0,27799,84,8,368199168,511705088,435415040,511705088,,,,,,,,,,
1791474356.4428673,602712,tracking_feedback_accumulate,3084,,27799,,,372113920,511705088,435415040,511705088,,,,,,,,2.858899999409914,,
1791474356.447867,602712,frontend_frame,3084,0,27799,84,8,374685184,511705088,435415040,511705088,,,,,,,,,,
1791474356.8729463,602712,tracking_feedback_accumulate,3085,,27799,,,378763776,511705088,435415040,511705088,,,,,,,,2.9058000072836876,,
1791474356.8779454,602712,frontend_frame,3085,0,27799,84,8,368201216,511705088,435415040,511705088,,,,,,,,,,
1791474357.2656288,602712,tracking_feedback_accumulate,3086,,27799,,,372197888,511705088,435415040,511705088,,,,,,,,3.2063000835478306,,
1791474357.2716296,602712,frontend_frame,3086,0,27799,84,8,374769152,511705088,435415040,511705088,,,,,,,,,,
1791474357.6131237,602712,tracking_feedback_accumulate,3087,,27799,,,378683904,511705088,435415040,511705088,,,,,,,,3.0304999090731144,,
1791474357.662175,602712,frontend_frame,3087,0,27799,85,8,385250816,511705088,435415040,511705088,,,,,,,,,,
1791474368.7790422,602712,tracking_feedback_accumulate,3088,,28789,,,369693696,511705088,435415040,511705088,,,,,,,,2.912599826231599,,
1791474368.7850423,602712,frontend_frame,3088,0,28789,85,8,372502016,511705088,435415040,511705088,,,,,,,,,,
1791474369.1642416,602712,tracking_feedback_accumulate,3089,,28789,,,376416768,511705088,435415040,511705088,,,,,,,,2.9786000959575176,,
1791474369.1692421,602712,frontend_frame,3089,0,28789,85,8,379217920,511705088,435415040,511705088,,,,,,,,,,
1791474369.5422475,602712,tracking_feedback_accumulate,3090,,28789,,,383296512,511705088,435415040,511705088,,,,,,,,2.895199926570058,,
1791474369.5482466,602712,frontend_frame,3090,0,28789,85,8,372504064,459276288,435415040,511705088,,,,,,,,,,
1791474369.945148,602712,tracking_feedback_accumulate,3091,,28789,,,376418816,501219328,435415040,511705088,,,,,,,,2.9136999510228634,,
1791474369.9501505,602712,frontend_frame,3091,0,28789,85,8,379219968,501219328,435415040,511705088,,,,,,,,,,
1791474370.31411,602712,tracking_feedback_accumulate,3092,,28789,,,383298560,501219328,435415040,511705088,,,,,,,,3.028000006452203,,
1791474370.3191092,602712,frontend_frame,3092,0,28789,85,8,372506624,501219328,435415040,511705088,,,,,,,,,,
1791474370.7148342,602712,tracking_feedback_accumulate,3093,,28789,,,376503296,501219328,435415040,511705088,,,,,,,,2.8725999873131514,,
1791474370.7198353,602712,frontend_frame,3093,0,28789,85,8,379304448,501219328,435415040,511705088,,,,,,,,,,
1791474371.1928906,602712,tracking_feedback_accumulate,3094,,28789,,,383219200,501219328,435415040,511705088,,,,,,,,3.109999932348728,,
1791474371.1978898,602712,frontend_frame,3094,0,28789,85,8,386020352,501219328,435415040,511705088,,,,,,,,,,
1791474371.5820076,602712,tracking_feedback_accumulate,3095,,28789,,,376505344,501219328,435415040,511705088,,,,,,,,2.8228999581187963,,
1791474371.587007,602712,frontend_frame,3095,0,28789,85,8,379306496,501219328,435415040,511705088,,,,,,,,,,
1791474372.0064647,602712,tracking_feedback_accumulate,3096,,28789,,,383221248,501219328,435415040,511705088,,,,,,,,2.7952000964432955,,
1791474372.0114653,602712,frontend_frame,3096,0,28789,85,8,386022400,501219328,435415040,511705088,,,,,,,,,,
1791474372.4252772,602712,tracking_feedback_accumulate,3097,,28789,,,390100992,503316480,435415040,511705088,,,,,,,,3.205000190064311,,
1791474372.4302773,602712,frontend_frame,3097,0,28789,85,8,379308544,503316480,435415040,511705088,,,,,,,,,,
1791474372.8445098,602712,tracking_feedback_accumulate,3098,,28789,,,383305216,503316480,435415040,511705088,,,,,,,,3.000499913468957,,
1791474372.8490791,602712,frontend_frame,3098,0,28789,85,8,386106368,503316480,435415040,511705088,,,,,,,,,,
1791474373.2863426,602712,tracking_feedback_accumulate,3099,,28789,,,390103040,503316480,435415040,511705088,,,,,,,,2.8858999721705914,,
1791474373.2923434,602712,frontend_frame,3099,0,28789,85,8,392904192,505413632,435415040,511705088,,,,,,,,,,
1791474373.6823134,602712,tracking_feedback_accumulate,3100,,28789,,,376510464,505413632,435415040,511705088,,,,,,,,2.858400112017989,,
1791474373.6883147,602712,frontend_frame,3100,0,28789,85,8,379311616,480247808,435415040,511705088,,,,,,,,,,
1791474374.1182148,602712,tracking_feedback_accumulate,3101,,28789,,,383308288,501219328,435415040,511705088,,,,,,,,2.8440000023692846,,
1791474374.1232157,602712,frontend_frame,3101,0,28789,85,8,386109440,501219328,435415040,511705088,,,,,,,,,,
1791474374.417362,602712,tracking_feedback_accumulate,3102,,28789,,,390106112,503316480,435415040,511705088,,,,,,,,3.053699852898717,,
1791474374.4223611,602712,frontend_frame,3102,0,28789,85,8,379313664,503316480,435415040,511705088,,,,,,,,,,
1791474374.766408,602712,tracking_feedback_accumulate,3103,,28789,,,383228416,503316480,435415040,511705088,,,,,,,,2.97220004722476,,
1791474374.7714078,602712,frontend_frame,3103,0,28789,85,8,386029568,503316480,435415040,511705088,,,,,,,,,,
1791474375.135396,602712,tracking_feedback_accumulate,3104,,28789,,,390108160,503316480,435415040,511705088,,,,,,,,2.984799910336733,,
1791474375.140397,602712,frontend_frame,3104,0,28789,85,8,392909312,505413632,435415040,511705088,,,,,,,,,,
1791474375.5387256,602712,tracking_feedback_accumulate,3105,,28789,,,376433664,505413632,435415040,511705088,,,,,,,,2.8806000482290983,,
1791474375.5427275,602712,frontend_frame,3105,0,28789,85,8,379234816,505413632,435415040,511705088,,,,,,,,,,
1791474375.8699384,602712,tracking_feedback_accumulate,3106,,28789,,,383313408,505413632,435415040,511705088,,,,,,,,2.9148999601602554,,
1791474375.874939,602712,frontend_frame,3106,0,28789,85,8,386114560,505413632,435415040,511705088,,,,,,,,,,
1791474376.263861,602712,tracking_feedback_accumulate,3107,,28789,,,390029312,505413632,435415040,511705088,,,,,,,,2.9227000195533037,,
1791474376.3148618,602712,frontend_frame,3107,0,28789,86,8,383232512,505413632,435415040,511705088,,,,,,,,,,
1791474387.3756692,602712,tracking_feedback_accumulate,3108,,29517,,,387361280,505413632,435415040,511705088,,,,,,,,3.001200035214424,,
1791474387.380669,602712,frontend_frame,3108,0,29517,86,8,390341120,505413632,435415040,511705088,,,,,,,,,,
1791474387.7599766,602712,tracking_feedback_accumulate,3109,,29517,,,394337792,505413632,439400448,511705088,,,,,,,,2.9341999907046556,,
1791474387.7679763,602712,frontend_frame,3109,0,29517,86,8,376748544,505413632,439400448,511705088,,,,,,,,,,
1791474388.1723442,602712,tracking_feedback_accumulate,3110,,29517,,,380663296,505413632,439400448,511705088,,,,,,,,2.9959999956190586,,
1791474388.1773453,602712,frontend_frame,3110,0,29517,86,8,383637504,484442112,439400448,511705088,,,,,,,,,,
1791474388.549568,602712,tracking_feedback_accumulate,3111,,29517,,,387716096,505413632,439400448,511705088,,,,,,,,2.9317999724298716,,
1791474388.553568,602712,frontend_frame,3111,0,29517,86,8,390690304,505413632,439400448,511705088,,,,,,,,,,
1791474388.8688383,602712,tracking_feedback_accumulate,3112,,29517,,,380747264,505413632,439400448,511705088,,,,,,,,2.910899929702282,,
1791474388.874051,602712,frontend_frame,3112,0,29517,86,8,383721984,505413632,439400448,511705088,,,,,,,,,,
1791474389.3141682,602712,tracking_feedback_accumulate,3113,,29517,,,387718656,505413632,439400448,511705088,,,,,,,,2.8792000375688076,,
1791474389.319167,602712,frontend_frame,3113,0,29517,86,8,390692864,505413632,439400448,511705088,,,,,,,,,,
1791474389.745558,602712,tracking_feedback_accumulate,3114,,29517,,,394607616,505413632,439752192,511705088,,,,,,,,3.00180003978312,,
1791474389.7505574,602712,frontend_frame,3114,0,29517,86,8,383642112,505413632,439752192,511705088,,,,,,,,,,
1791474390.1227057,602712,tracking_feedback_accumulate,3115,,29517,,,387720704,505413632,439752192,511705088,,,,,,,,2.8928997926414013,,
1791474390.1277046,602712,frontend_frame,3115,0,29517,86,8,390694912,505413632,439752192,511705088,,,,,,,,,,
1791474390.542681,602712,tracking_feedback_accumulate,3116,,29517,,,394691584,505413632,439754240,511705088,,,,,,,,2.8858999721705914,,
1791474390.54768,602712,frontend_frame,3116,0,29517,86,8,397665792,507510784,439754240,511705088,,,,,,,,,,
1791474390.8579168,602712,tracking_feedback_accumulate,3117,,29517,,,380752896,507510784,439754240,511705088,,,,,,,,2.9777998570352793,,
1791474390.862917,602712,frontend_frame,3117,0,29517,86,8,383727104,507510784,439754240,511705088,,,,,,,,,,
1791474391.2715955,602712,tracking_feedback_accumulate,3118,,29517,,,387723776,507510784,439754240,511705088,,,,,,,,2.931299852207303,,
1791474391.2757227,602712,frontend_frame,3118,0,29517,86,8,390697984,507510784,439754240,511705088,,,,,,,,,,
1791474391.6941917,602712,tracking_feedback_accumulate,3119,,29517,,,394612736,507510784,439757312,511705088,,,,,,,,2.9786000959575176,,
1791474391.699191,602712,frontend_frame,3119,0,29517,86,8,383647232,507510784,439757312,511705088,,,,,,,,,,
1791474392.0605505,602712,tracking_feedback_accumulate,3120,,29517,,,387725824,507510784,439757312,511705088,,,,,,,,3.0080999713391066,,
1791474392.065208,602712,frontend_frame,3120,0,29517,86,8,390700032,484442112,439757312,511705088,,,,,,,,,,
1791474392.3808541,602712,tracking_feedback_accumulate,3121,,29517,,,394696704,505413632,439759360,511705088,,,,,,,,6.919099949300289,,
1791474392.3858547,602712,frontend_frame,3121,0,29517,86,8,397670912,507510784,439759360,511705088,,,,,,,,,,
1791474392.7020254,602712,tracking_feedback_accumulate,3122,,29517,,,380676096,507510784,439759360,511705088,,,,,,,,2.9947999864816666,,
1791474392.7070262,602712,frontend_frame,3122,0,29517,86,8,383650304,507510784,439759360,511705088,,,,,,,,,,
1791474393.0203502,602712,tracking_feedback_accumulate,3123,,29517,,,387728896,507510784,439759360,511705088,,,,,,,,3.1186998821794987,,
1791474393.02535,602712,frontend_frame,3123,0,29517,86,8,390703104,507510784,439759360,511705088,,,,,,,,,,
1791474393.318534,602712,tracking_feedback_accumulate,3124,,29517,,,394699776,507510784,439762432,511705088,,,,,,,,2.8405000921338797,,
1791474393.324534,602712,frontend_frame,3124,0,29517,86,8,383734272,507510784,439762432,511705088,,,,,,,,,,
1791474393.6889734,602712,tracking_feedback_accumulate,3125,,29517,,,387730944,507510784,439762432,511705088,,,,,,,,3.053699852898717,,
1791474393.693973,602712,frontend_frame,3125,0,29517,86,8,390705152,507510784,439762432,511705088,,,,,,,,,,
1791474394.0479379,602712,tracking_feedback_accumulate,3126,,29517,,,394619904,507510784,439764480,511705088,,,,,,,,2.926700050011277,,
1791474394.0529368,602712,frontend_frame,3126,0,29517,86,8,397594112,507510784,439764480,511705088,,,,,,,,,,
1791474394.4676075,602712,tracking_feedback_accumulate,3127,,29517,,,380763136,507510784,439764480,511705088,,,,,,,,2.9098999220877886,,
1791474394.4716074,602712,frontend_frame,3127,0,29517,86,8,383737344,507510784,439764480,511705088,,,,,,,,,,
1791474394.849733,602712,tracking_feedback_accumulate,3128,,29517,,,387734016,507510784,439764480,511705088,,,,,,,,2.8750000055879354,,
1791474394.8537323,602712,frontend_frame,3128,0,29517,86,8,390708224,507510784,439764480,511705088,,,,,,,,,,
1791474395.2912843,602712,tracking_feedback_accumulate,3129,,29517,,,380765184,507510784,439764480,511705088,,,,,,,,2.932000206783414,,
1791474395.2962856,602712,frontend_frame,3129,0,29517,86,8,383739392,507510784,439764480,511705088,,,,,,,,,,
1791474395.7156365,602712,tracking_feedback_accumulate,3130,,29517,,,387736064,507510784,439764480,511705088,,,,,,,,2.883800072595477,,
1791474395.7206364,602712,frontend_frame,3130,0,29517,86,8,390710272,484442112,439764480,511705088,,,,,,,,,,
1791474396.1193728,602712,tracking_feedback_accumulate,3131,,29517,,,394625024,505413632,439769600,511705088,,,,,,,,3.2283999025821686,,
1791474396.1243746,602712,frontend_frame,3131,0,29517,86,8,383659520,505413632,439769600,511705088,,,,,,,,,,
1791474396.5145354,602712,tracking_feedback_accumulate,3132,,29517,,,387738112,505413632,439769600,511705088,,,,,,,,2.9921000823378563,,
1791474396.519536,602712,frontend_frame,3132,0,29517,86,8,390712320,505413632,439769600,511705088,,,,,,,,,,
1791474396.9329472,602712,tracking_feedback_accumulate,3133,,29517,,,394708992,505413632,439771648,511705088,,,,,,,,2.9345001094043255,,
1791474396.9379468,602712,frontend_frame,3133,0,29517,86,8,397683200,507510784,439771648,511705088,,,,,,,,,,
1791474397.3172228,602712,tracking_feedback_accumulate,3134,,29517,,,380688384,507510784,439771648,511705088,,,,,,,,3.2670998480170965,,
1791474397.3222237,602712,frontend_frame,3134,0,29517,86,8,383662592,507510784,439771648,511705088,,,,,,,,,,
1791474397.7542956,602712,tracking_feedback_accumulate,3135,,29517,,,387741184,507510784,439771648,511705088,,,,,,,,2.836700063198805,,
1791474397.7582958,602712,frontend_frame,3135,0,29517,86,8,390715392,507510784,439771648,511705088,,,,,,,,,,
1791474398.0930984,602712,tracking_feedback_accumulate,3136,,29517,,,394630144,507510784,439774720,511705088,,,,,,,,3.1109999399632215,,
1791474398.0980966,602712,frontend_frame,3136,0,29517,86,8,383664640,507510784,439774720,511705088,,,,,,,,,,
1791474398.4726906,602712,tracking_feedback_accumulate,3137,,29517,,,387743232,507510784,439774720,511705088,,,,,,,,3.191000083461404,,
1791474398.477691,602712,frontend_frame,3137,0,29517,86,8,390717440,507510784,439774720,511705088,,,,,,,,,,
1791474398.9090428,602712,tracking_feedback_accumulate,3138,,29517,,,394632192,507510784,439776768,511705088,,,,,,,,5.674199899658561,,
1791474398.914043,602712,frontend_frame,3138,0,29517,86,8,397606400,507510784,439776768,511705088,,,,,,,,,,
1791474399.2374778,602712,tracking_feedback_accumulate,3139,,29517,,,380775424,507510784,439776768,511705088,,,,,,,,3.0588998924940825,,
1791474399.242478,602712,frontend_frame,3139,0,29517,86,8,383749632,507510784,439776768,511705088,,,,,,,,,,
1791474399.6444943,602712,tracking_feedback_accumulate,3140,,29517,,,387746304,507510784,439776768,511705088,,,,,,,,2.8824000619351864,,
1791474399.6494942,602712,frontend_frame,3140,0,29517,86,8,390720512,484442112,439776768,511705088,,,,,,,,,,
1791474399.998775,602712,tracking_feedback_accumulate,3141,,29517,,,394635264,505413632,439779840,511705088,,,,,,,,3.017999930307269,,
1791474400.0037756,602712,frontend_frame,3141,0,29517,86,8,383669760,505413632,439779840,511705088,,,,,,,,,,
1791474400.3345523,602712,tracking_feedback_accumulate,3142,,29517,,,387748352,505413632,439779840,511705088,,,,,,,,3.0098999850451946,,
1791474400.3836193,602712,frontend_frame,3142,0,29517,87,8,394718208,505413632,439779840,511705088,,,,,,,,,,
1791474411.4373105,602712,tracking_feedback_accumulate,3143,,30394,,,398693888,505413632,443798016,511705088,,,,,,,,2.9500999953597784,,
1791474411.4433115,602712,frontend_frame,3143,0,30394,87,8,387943936,505413632,443798016,511705088,,,,,,,,,,
1791474411.8201106,602712,tracking_feedback_accumulate,3144,,30394,,,392022528,505413632,443798016,511705088,,,,,,,,3.140399930998683,,
1791474411.8261116,602712,frontend_frame,3144,0,30394,87,8,395206144,505413632,443798016,511705088,,,,,,,,,,
1791474412.1040676,602712,tracking_feedback_accumulate,3145,,30394,,,399202816,505413632,444286464,511705088,,,,,,,,2.9378999024629593,,
1791474412.109067,602712,frontend_frame,3145,0,30394,87,8,402386432,507510784,444286464,511705088,,,,,,,,,,
1791474412.5041754,602712,tracking_feedback_accumulate,3146,,30394,,,384845312,507510784,444286464,511705088,,,,,,,,3.006800077855587,,
1791474412.508786,602712,frontend_frame,3146,0,30394,87,8,388028928,507510784,444286464,511705088,,,,,,,,,,
1791474412.936483,602712,tracking_feedback_accumulate,3147,,30394,,,392025600,507510784,444286464,511705088,,,,,,,,2.9734999407082796,,
1791474412.9414828,602712,frontend_frame,3147,0,30394,87,8,395209728,507510784,444286464,511705088,,,,,,,,,,
1791474413.3023953,602712,tracking_feedback_accumulate,3148,,30394,,,399206400,507510784,444295680,511705088,,,,,,,,2.917699981480837,,
1791474413.3073962,602712,frontend_frame,3148,0,30394,87,8,388031488,507510784,444295680,511705088,,,,,,,,,,
1791474413.7298865,602712,tracking_feedback_accumulate,3149,,30394,,,392028160,507510784,444295680,511705088,,,,,,,,3.261599922552705,,
1791474413.7348866,602712,frontend_frame,3149,0,30394,87,8,395211776,507510784,444295680,511705088,,,,,,,,,,
1791474414.1180704,602712,tracking_feedback_accumulate,3150,,30394,,,399208448,507510784,444295680,511705088,,,,,,,,2.909999806433916,,
1791474414.1230702,602712,frontend_frame,3150,0,30394,87,8,402392064,484442112,444295680,511705088,,,,,,,,,,
1791474414.5750308,602712,tracking_feedback_accumulate,3151,,30394,,,384769024,505413632,444295680,511705088,,,,,,,,3.003300167620182,,
1791474414.5800326,602712,frontend_frame,3151,0,30394,87,8,387952640,505413632,444295680,511705088,,,,,,,,,,
1791474415.027093,602712,tracking_feedback_accumulate,3152,,30394,,,392031232,505413632,444295680,511705088,,,,,,,,2.9656998813152313,,
1791474415.0321205,602712,frontend_frame,3152,0,30394,87,8,395214848,505413632,444295680,511705088,,,,,,,,,,
1791474415.4468255,602712,tracking_feedback_accumulate,3153,,30394,,,399129600,505413632,444296192,511705088,,,,,,,,2.9857000336050987,,
1791474415.4518259,602712,frontend_frame,3153,0,30394,87,8,387954688,505413632,444296192,511705088,,,,,,,,,,
1791474415.8248527,602712,tracking_feedback_accumulate,3154,,30394,,,392033280,505413632,444296192,511705088,,,,,,,,3.3235999289900064,,
1791474415.8298528,602712,frontend_frame,3154,0,30394,87,8,395216896,505413632,444296192,511705088,,,,,,,,,,
1791474416.2671711,602712,tracking_feedback_accumulate,3155,,30394,,,399213568,505413632,444306432,511705088,,,,,,,,2.878699917346239,,
1791474416.2731707,602712,frontend_frame,3155,0,30394,87,8,388038656,505413632,444306432,511705088,,,,,,,,,,
1791474416.6546016,602712,tracking_feedback_accumulate,3156,,30394,,,392035328,505413632,444306432,511705088,,,,,,,,3.2690998632460833,,
1791474416.6595998,602712,frontend_frame,3156,0,30394,87,8,395218944,505413632,444306432,511705088,,,,,,,,,,
1791474417.03394,602712,tracking_feedback_accumulate,3157,,30394,,,399133696,505413632,444310528,511705088,,,,,,,,2.9573000501841307,,
1791474417.03894,602712,frontend_frame,3157,0,30394,87,8,402317312,507510784,444310528,511705088,,,,,,,,,,
1791474417.455724,602712,tracking_feedback_accumulate,3158,,30394,,,392037376,507510784,444310528,511705088,,,,,,,,2.9056998901069164,,
1791474417.459723,602712,frontend_frame,3158,0,30394,87,8,395220992,507510784,444310528,511705088,,,,,,,,,,
1791474417.8661766,602712,tracking_feedback_accumulate,3159,,30394,,,399217664,507510784,444311552,511705088,,,,,,,,2.9869999270886183,,
1791474417.871177,602712,frontend_frame,3159,0,30394,87,8,402401280,507510784,444311552,511705088,,,,,,,,,,
1791474418.2998593,602712,tracking_feedback_accumulate,3160,,30394,,,406397952,511705088,451484672,511705088,,,,,,,,2.9123001731932163,,
1791474418.305859,602712,frontend_frame,3160,0,30394,87,8,395223040,486539264,451484672,511705088,,,,,,,,,,
1791474418.6598754,602712,tracking_feedback_accumulate,3161,,30394,,,399137792,507510784,451484672,511705088,,,,,,,,2.956799929961562,,
1791474418.664878,602712,frontend_frame,3161,0,30394,87,8,402321408,507510784,451484672,511705088,,,,,,,,,,
1791474419.0062842,602712,tracking_feedback_accumulate,3162,,30394,,,406400000,511705088,451484672,511705088,,,,,,,,3.1522999051958323,,
1791474419.0112846,602712,frontend_frame,3162,0,30394,87,8,409583616,515899392,451484672,515899392,,,,,,,,,,
1791474419.4144256,602712,tracking_feedback_accumulate,3163,,30394,,,392042496,515899392,451484672,515899392,,,,,,,,2.978299977257848,,
1791474419.4194255,602712,frontend_frame,3163,0,30394,87,8,395226112,515899392,451484672,515899392,,,,,,,,,,
1791474419.803052,602712,tracking_feedback_accumulate,3164,,30394,,,399222784,515899392,451484672,515899392,,,,,,,,3.041400108486414,,
1791474419.808052,602712,frontend_frame,3164,0,30394,87,8,402406400,515899392,451484672,515899392,,,,,,,,,,
1791474420.0238276,602712,tracking_feedback_accumulate,3165,,30394,,,406321152,515899392,451494912,515899392,,,,,,,,2.9804001096636057,,
1791474420.0293334,602712,frontend_frame,3165,0,30394,87,8,395146240,515899392,451494912,515899392,,,,,,,,,,
1791474420.4173353,602712,tracking_feedback_accumulate,3166,,30394,,,399224832,515899392,451494912,515899392,,,,,,,,2.970299916341901,,
1791474420.422336,602712,frontend_frame,3166,0,30394,87,8,402408448,515899392,451494912,515899392,,,,,,,,,,
1791474420.7566137,602712,tracking_feedback_accumulate,3167,,30394,,,406405120,515899392,451494912,515899392,,,,,,,,2.865399932488799,,
1791474420.7616136,602712,frontend_frame,3167,0,30394,87,8,409588736,515899392,451494912,515899392,,,,,,,,,,
1791474421.1236396,602712,tracking_feedback_accumulate,3168,,30394,,,384786432,515899392,451494912,515899392,,,,,,,,2.93960003182292,,
1791474421.1286395,602712,frontend_frame,3168,0,30394,87,8,387970048,515899392,451494912,515899392,,,,,,,,,,
1791474421.505825,602712,tracking_feedback_accumulate,3169,,30394,,,392048640,515899392,451494912,515899392,,,,,,,,2.969399793073535,,
1791474421.5103796,602712,frontend_frame,3169,0,30394,87,8,395232256,515899392,451494912,515899392,,,,,,,,,,
1791474421.896912,602712,tracking_feedback_accumulate,3170,,30394,,,399147008,515899392,451494912,515899392,,,,,,,,3.2230999786406755,,
1791474421.9029238,602712,frontend_frame,3170,0,30394,87,8,387972096,484442112,451494912,515899392,,,,,,,,,,
1791474422.2533689,602712,tracking_feedback_accumulate,3171,,30394,,,392050688,505413632,451494912,515899392,,,,,,,,2.9830001294612885,,
1791474422.2583697,602712,frontend_frame,3171,0,30394,87,8,395234304,505413632,451494912,515899392,,,,,,,,,,
1791474422.6498682,602712,tracking_feedback_accumulate,3172,,30394,,,399230976,505413632,451494912,515899392,,,,,,,,3.0123000033199787,,
1791474422.654868,602712,frontend_frame,3172,0,30394,87,8,388056064,505413632,451494912,515899392,,,,,,,,,,
1791474422.910143,602712,tracking_feedback_accumulate,3173,,30394,,,391970816,505413632,451494912,515899392,,,,,,,,2.88940011523664,,
1791474422.915144,602712,frontend_frame,3173,0,30394,87,8,395154432,505413632,451494912,515899392,,,,,,,,,,
1791474423.34556,602712,tracking_feedback_accumulate,3174,,30394,,,399233024,505413632,451494912,515899392,,,,,,,,2.939400030300021,,
1791474423.35056,602712,frontend_frame,3174,0,30394,87,8,402416640,507510784,451494912,515899392,,,,,,,,,,
1791474423.709576,602712,tracking_feedback_accumulate,3175,,30394,,,391972864,507510784,451494912,515899392,,,,,,,,2.8902001213282347,,
1791474423.7145758,602712,frontend_frame,3175,0,30394,87,8,395156480,507510784,451494912,515899392,,,,,,,,,,
1791474424.0464718,602712,tracking_feedback_accumulate,3176,,30394,,,399235072,507510784,451494912,515899392,,,,,,,,3.2307999208569527,,
1791474424.052476,602712,frontend_frame,3176,0,30394,87,8,402418688,507510784,451494912,515899392,,,,,,,,,,
1791474424.4751925,602712,tracking_feedback_accumulate,3177,,30394,,,406333440,511705088,451531264,515899392,,,,,,,,3.962599905207753,,
1791474424.4859922,602712,frontend_frame,3177,0,30394,87,8,395158528,511705088,451531264,515899392,,,,,,,,,,
1791474424.8799942,602712,tracking_feedback_accumulate,3178,,30394,,,399237120,511705088,451531264,515899392,,,,,,,,3.19429999217391,,
1791474424.8839939,602712,frontend_frame,3178,0,30394,87,8,402420736,511705088,451531264,515899392,,,,,,,,,,
1791474425.2903087,602712,tracking_feedback_accumulate,3179,,30394,,,406335488,513802240,451534336,515899392,,,,,,,,2.9248998034745455,,
1791474425.2953088,602712,frontend_frame,3179,0,30394,87,8,409519104,515899392,451534336,515899392,,,,,,,,,,
1791474425.6452937,602712,tracking_feedback_accumulate,3180,,30394,,,392059904,515899392,451534336,515899392,,,,,,,,2.944699954241514,,
1791474425.6502943,602712,frontend_frame,3180,0,30394,87,8,395243520,484442112,451534336,515899392,,,,,,,,,,
1791474426.026829,602712,tracking_feedback_accumulate,3181,,30394,,,399158272,505413632,451534336,515899392,,,,,,,,2.953300019726157,,
1791474426.031334,602712,frontend_frame,3181,0,30394,87,8,402341888,507510784,451534336,515899392,,,,,,,,,,
1791474426.4192116,602712,tracking_feedback_accumulate,3182,,30394,,,406420480,511705088,451539968,515899392,,,,,,,,3.02239996381104,,
1791474426.4252107,602712,frontend_frame,3182,0,30394,87,8,395245568,511705088,451539968,515899392,,,,,,,,,,
1791474426.8473885,602712,tracking_feedback_accumulate,3183,,30394,,,399242240,511705088,451539968,515899392,,,,,,,,3.014500020071864,,
1791474426.8523874,602712,frontend_frame,3183,0,30394,87,8,402425856,511705088,451539968,515899392,,,,,,,,,,
1791474427.319748,602712,tracking_feedback_accumulate,3184,,30394,,,406422528,513802240,451542016,515899392,,,,,,,,3.026599995791912,,
1791474427.3247473,602712,frontend_frame,3184,0,30394,87,8,409606144,515899392,451542016,515899392,,,,,,,,,,
1791474427.67277,602712,tracking_feedback_accumulate,3185,,30394,,,391983104,515899392,451542016,515899392,,,,,,,,2.900599967688322,,
1791474427.6777706,602712,frontend_frame,3185,0,30394,87,8,395166720,515899392,451542016,515899392,,,,,,,,,,
1791474428.0862389,602712,tracking_feedback_accumulate,3186,,30394,,,399245312,515899392,451542016,515899392,,,,,,,,2.9650998767465353,,
1791474428.091242,602712,frontend_frame,3186,0,30394,87,8,402428928,515899392,451542016,515899392,,,,,,,,,,
1791474428.4691525,602712,tracking_feedback_accumulate,3187,,30394,,,406425600,515899392,451542016,515899392,,,,,,,,2.8490000404417515,,
1791474428.474153,602712,frontend_frame,3187,0,30394,87,8,395250688,515899392,451542016,515899392,,,,,,,,,,
1791474428.859555,602712,tracking_feedback_accumulate,3188,,30394,,,399247360,515899392,451542016,515899392,,,,,,,,3.0276000034064054,,
1791474428.8635576,602712,frontend_frame,3188,0,30394,87,8,402430976,515899392,451542016,515899392,,,,,,,,,,
1791474429.2477558,602712,tracking_feedback_accumulate,3189,,30394,,,406427648,515899392,451542016,515899392,,,,,,,,2.954700030386448,,
1791474429.2527566,602712,frontend_frame,3189,0,30394,87,8,409611264,515899392,451542016,515899392,,,,,,,,,,
1791474429.681152,602712,tracking_feedback_accumulate,3190,,30394,,,391988224,515899392,451542016,515899392,,,,,,,,3.2138999085873365,,
1791474429.6861527,602712,frontend_frame,3190,0,30394,87,8,395171840,486539264,451542016,515899392,,,,,,,,,,
1791474430.0486646,602712,tracking_feedback_accumulate,3191,,30394,,,399250432,507510784,451542016,515899392,,,,,,,,3.2488000579178333,,
1791474430.053664,602712,frontend_frame,3191,0,30394,87,8,402434048,507510784,451542016,515899392,,,,,,,,,,
1791474430.450506,602712,tracking_feedback_accumulate,3192,,30394,,,392072192,507510784,451542016,515899392,,,,,,,,2.948399865999818,,
1791474430.4545076,602712,frontend_frame,3192,0,30394,87,8,395255808,507510784,451542016,515899392,,,,,,,,,,
1791474430.89577,602712,tracking_feedback_accumulate,3193,,30394,,,399170560,507510784,451542016,515899392,,,,,,,,2.881699940189719,,
1791474430.89977,602712,frontend_frame,3193,0,30394,87,8,402354176,507510784,451542016,515899392,,,,,,,,,,
1791474431.2711914,602712,tracking_feedback_accumulate,3194,,30394,,,406432768,511705088,451545088,515899392,,,,,,,,2.983100013807416,,
1791474431.2771916,602712,frontend_frame,3194,0,30394,87,8,395257856,511705088,451545088,515899392,,,,,,,,,,
1791474431.6977012,602712,tracking_feedback_accumulate,3195,,30394,,,399254528,511705088,451545088,515899392,,,,,,,,2.929599955677986,,
1791474431.7027004,602712,frontend_frame,3195,0,30394,87,8,402438144,511705088,451545088,515899392,,,,,,,,,,
1791474432.132763,602712,tracking_feedback_accumulate,3196,,30394,,,406352896,513802240,451549696,515899392,,,,,,,,3.0112999957054853,,
1791474432.1387632,602712,frontend_frame,3196,0,30394,87,8,409536512,515899392,451549696,515899392,,,,,,,,,,
1791474432.5239944,602712,tracking_feedback_accumulate,3197,,30394,,,384898048,515899392,451549696,515899392,,,,,,,,3.2597000245004892,,
1791474432.5299954,602712,frontend_frame,3197,0,30394,87,8,388081664,515899392,451549696,515899392,,,,,,,,,,
1791474432.8590946,602712,tracking_feedback_accumulate,3198,,30394,,,392078336,515899392,451549696,515899392,,,,,,,,2.8782000299543142,,
1791474432.8630939,602712,frontend_frame,3198,0,30394,87,8,395261952,515899392,451549696,515899392,,,,,,,,,,
1791474433.2755,602712,tracking_feedback_accumulate,3199,,30394,,,399176704,515899392,451549696,515899392,,,,,,,,3.0799999367445707,,
1791474433.2805016,602712,frontend_frame,3199,0,30394,87,8,388001792,515899392,451549696,515899392,,,,,,,,,,
1791474433.6776676,602712,tracking_feedback_accumulate,3200,,30394,,,392080384,515899392,451549696,515899392,,,,,,,,3.1767000909894705,,
1791474433.6836689,602712,frontend_frame,3200,0,30394,87,8,395264000,484442112,451549696,515899392,,,,,,,,,,
1791474434.0067832,602712,tracking_feedback_accumulate,3201,,30394,,,399178752,505413632,451549696,515899392,,,,,,,,2.9899999499320984,,
1791474434.0118551,602712,frontend_frame,3201,0,30394,87,8,402362368,507510784,451549696,515899392,,,,,,,,,,
1791474434.3924932,602712,tracking_feedback_accumulate,3202,,30394,,,384903168,507510784,451549696,515899392,,,,,,,,2.9446000698953867,,
1791474434.397496,602712,frontend_frame,3202,0,30394,87,8,388086784,507510784,451549696,515899392,,,,,,,,,,
1791474434.767342,602712,tracking_feedback_accumulate,3203,,30394,,,392083456,507510784,451549696,515899392,,,,,,,,3.0720001086592674,,
1791474434.7723422,602712,frontend_frame,3203,0,30394,87,8,395267072,507510784,451549696,515899392,,,,,,,,,,
1791474435.089084,602712,tracking_feedback_accumulate,3204,,30394,,,399181824,507510784,451549696,515899392,,,,,,,,3.038099966943264,,
1791474435.0940845,602712,frontend_frame,3204,0,30394,87,8,388006912,507510784,451549696,515899392,,,,,,,,,,
1791474435.5027173,602712,tracking_feedback_accumulate,3205,,30394,,,392085504,507510784,451549696,515899392,,,,,,,,2.988100051879883,,
1791474435.50672,602712,frontend_frame,3205,0,30394,87,8,395269120,507510784,451549696,515899392,,,,,,,,,,
1791474435.9119914,602712,tracking_feedback_accumulate,3206,,30394,,,399183872,507510784,451549696,515899392,,,,,,,,2.924300031736493,,
1791474435.9169903,602712,frontend_frame,3206,0,30394,87,8,402367488,507510784,451549696,515899392,,,,,,,,,,
1791474436.140154,602712,tracking_feedback_accumulate,3207,,30394,,,384908288,507510784,451549696,515899392,,,,,,,,3.0747000128030777,,
1791474436.1451542,602712,frontend_frame,3207,0,30394,87,8,388091904,507510784,451549696,515899392,,,,,,,,,,
1791474436.5795693,602712,tracking_feedback_accumulate,3208,,30394,,,392088576,507510784,451549696,515899392,,,,,,,,3.0642999336123466,,
1791474436.5845695,602712,frontend_frame,3208,0,30394,87,8,395272192,507510784,451549696,515899392,,,,,,,,,,
1791474437.036589,602712,tracking_feedback_accumulate,3209,,30394,,,384910336,507510784,451549696,515899392,,,,,,,,3.014700021594763,,
1791474437.041589,602712,frontend_frame,3209,0,30394,87,8,388093952,507510784,451549696,515899392,,,,,,,,,,
1791474437.4264188,602712,tracking_feedback_accumulate,3210,,30394,,,392008704,507510784,451549696,515899392,,,,,,,,2.9484000988304615,,
1791474437.4314194,602712,frontend_frame,3210,0,30394,87,8,395192320,484442112,451549696,515899392,,,,,,,,,,
1791474437.8612595,602712,tracking_feedback_accumulate,3211,,30394,,,399270912,505413632,451549696,515899392,,,,,,,,3.142300061881542,,
1791474437.8672588,602712,frontend_frame,3211,0,30394,87,8,388096000,505413632,451549696,515899392,,,,,,,,,,
1791474438.224482,602712,tracking_feedback_accumulate,3212,,30394,,,392092672,505413632,451549696,515899392,,,,,,,,3.0948000494390726,,
1791474438.228482,602712,frontend_frame,3212,0,30394,87,8,395276288,505413632,451549696,515899392,,,,,,,,,,
1791474438.6729689,602712,tracking_feedback_accumulate,3213,,30394,,,399272960,507510784,451549696,515899392,,,,,,,,3.0875999946147203,,
1791474438.677969,602712,frontend_frame,3213,0,30394,87,8,402456576,507510784,451549696,515899392,,,,,,,,,,
1791474439.083067,602712,tracking_feedback_accumulate,3214,,30394,,,384833536,507510784,451549696,515899392,,,,,,,,2.950900001451373,,
1791474439.0880675,602712,frontend_frame,3214,0,30394,87,8,388017152,507510784,451549696,515899392,,,,,,,,,,
1791474439.50455,602712,tracking_feedback_accumulate,3215,,30394,,,392095744,507510784,451549696,515899392,,,,,,,,3.273200010880828,,
1791474439.5095494,602712,frontend_frame,3215,0,30394,87,8,395279360,507510784,451549696,515899392,,,,,,,,,,
1791474439.7691636,602712,tracking_feedback_accumulate,3216,,30394,,,399276032,507510784,451549696,515899392,,,,,,,,3.076300024986267,,
1791474439.7741628,602712,frontend_frame,3216,0,30394,87,8,388101120,507510784,451549696,515899392,,,,,,,,,,
1791474440.1698718,602712,tracking_feedback_accumulate,3217,,30394,,,392097792,507510784,451549696,515899392,,,,,,,,2.9187998734414577,,
1791474440.1738722,602712,frontend_frame,3217,0,30394,87,8,395281408,507510784,451549696,515899392,,,,,,,,,,
1791474440.5239744,602712,tracking_feedback_accumulate,3218,,30394,,,399196160,507510784,451549696,515899392,,,,,,,,2.9893999453634024,,
1791474440.5289745,602712,frontend_frame,3218,0,30394,87,8,402379776,507510784,451549696,515899392,,,,,,,,,,
1791474440.9193184,602712,tracking_feedback_accumulate,3219,,30394,,,384920576,507510784,451549696,515899392,,,,,,,,3.109700046479702,,
1791474440.923318,602712,frontend_frame,3219,0,30394,87,8,388104192,507510784,451549696,515899392,,,,,,,,,,
1791474441.266237,602712,tracking_feedback_accumulate,3220,,30394,,,392100864,507510784,451549696,515899392,,,,,,,,3.0071998480707407,,
1791474441.2712367,602712,frontend_frame,3220,0,30394,87,8,395284480,484442112,451549696,515899392,,,,,,,,,,
1791474441.6851466,602712,tracking_feedback_accumulate,3221,,30394,,,399281152,505413632,451549696,515899392,,,,,,,,2.9212001245468855,,
1791474441.690147,602712,frontend_frame,3221,0,30394,87,8,388106240,505413632,451549696,515899392,,,,,,,,,,
1791474442.0878425,602712,tracking_feedback_accumulate,3222,,30394,,,392020992,505413632,451549696,515899392,,,,,,,,2.920800121501088,,
1791474442.0928428,602712,frontend_frame,3222,0,30394,87,8,395204608,505413632,451549696,515899392,,,,,,,,,,
1791474442.4261827,602712,tracking_feedback_accumulate,3223,,30394,,,399283200,505413632,451549696,515899392,,,,,,,,2.9346998780965805,,
1791474442.4311838,602712,frontend_frame,3223,0,30394,87,8,402466816,507510784,451549696,515899392,,,,,,,,,,
1791474442.857416,602712,tracking_feedback_accumulate,3224,,30394,,,384843776,507510784,451549696,515899392,,,,,,,,3.681599861010909,,
1791474442.8624172,602712,frontend_frame,3224,0,30394,87,8,388027392,507510784,451549696,515899392,,,,,,,,,,
1791474443.237814,602712,tracking_feedback_accumulate,3225,,30394,,,392105984,507510784,451549696,515899392,,,,,,,,3.0455999076366425,,
1791474443.2418132,602712,frontend_frame,3225,0,30394,87,8,395289600,507510784,451549696,515899392,,,,,,,,,,
1791474443.6582756,602712,tracking_feedback_accumulate,3226,,30394,,,384845824,507510784,451549696,515899392,,,,,,,,2.9911999590694904,,
1791474443.6632762,602712,frontend_frame,3226,0,30394,87,8,388029440,507510784,451549696,515899392,,,,,,,,,,
1791474444.0837452,602712,tracking_feedback_accumulate,3227,,30394,,,392108032,507510784,451549696,515899392,,,,,,,,2.917699981480837,,
1791474444.0887454,602712,frontend_frame,3227,0,30394,87,8,395291648,507510784,451549696,515899392,,,,,,,,,,
1791474444.488065,602712,tracking_feedback_accumulate,3228,,30394,,,399206400,507510784,451549696,515899392,,,,,,,,2.979899989441037,,
1791474444.4930649,602712,frontend_frame,3228,0,30394,87,8,388031488,507510784,451549696,515899392,,,,,,,,,,
1791474444.8694046,602712,tracking_feedback_accumulate,3229,,30394,,,392110080,507510784,451549696,515899392,,,,,,,,3.090500133112073,,
1791474444.874404,602712,frontend_frame,3229,0,30394,87,8,395293696,507510784,451549696,515899392,,,,,,,,,,
1791474445.2008588,602712,tracking_feedback_accumulate,3230,,30394,,,399290368,507510784,451549696,515899392,,,,,,,,2.9555000364780426,,
1791474445.205858,602712,frontend_frame,3230,0,30394,87,8,402473984,484442112,451549696,515899392,,,,,,,,,,
1791474445.6095607,602712,tracking_feedback_accumulate,3231,,30394,,,384850944,505413632,451549696,515899392,,,,,,,,2.9090000316500664,,
1791474445.6145606,602712,frontend_frame,3231,0,30394,87,8,388034560,505413632,451549696,515899392,,,,,,,,,,
1791474445.98864,602712,tracking_feedback_accumulate,3232,,30394,,,392113152,505413632,451549696,515899392,,,,,,,,2.9271000530570745,,
1791474445.99364,602712,frontend_frame,3232,0,30394,87,8,395296768,505413632,451549696,515899392,,,,,,,,,,
1791474446.3086636,602712,tracking_feedback_accumulate,3233,,30394,,,399211520,505413632,451549696,515899392,,,,,,,,2.9764999635517597,,
1791474446.3136632,602712,frontend_frame,3233,0,30394,87,8,388036608,505413632,451549696,515899392,,,,,,,,,,
1791474446.7189238,602712,tracking_feedback_accumulate,3234,,30394,,,392115200,505413632,451549696,515899392,,,,,,,,2.9233000241219997,,
1791474446.7229772,602712,frontend_frame,3234,0,30394,87,8,395298816,505413632,451549696,515899392,,,,,,,,,,
1791474447.087642,602712,tracking_feedback_accumulate,3235,,30394,,,399213568,505413632,451549696,515899392,,,,,,,,2.944899955764413,,
1791474447.0926428,602712,frontend_frame,3235,0,30394,87,8,402397184,507510784,451549696,515899392,,,,,,,,,,
1791474447.3983448,602712,tracking_feedback_accumulate,3236,,30394,,,384937984,507510784,451549696,515899392,,,,,,,,2.944700187072158,,
1791474447.403345,602712,frontend_frame,3236,0,30394,87,8,388121600,507510784,451549696,515899392,,,,,,,,,,
1791474447.8388338,602712,tracking_feedback_accumulate,3237,,30394,,,392118272,507510784,451549696,515899392,,,,,,,,3.083299845457077,,
1791474447.842833,602712,frontend_frame,3237,0,30394,87,8,395301888,507510784,451549696,515899392,,,,,,,,,,
1791474448.2674742,602712,tracking_feedback_accumulate,3238,,30394,,,399298560,507510784,451549696,515899392,,,,,,,,2.964999992400408,,
1791474448.2724733,602712,frontend_frame,3238,0,30394,87,8,388123648,507510784,451549696,515899392,,,,,,,,,,
1791474448.609239,602712,tracking_feedback_accumulate,3239,,30394,,,392120320,507510784,451549696,515899392,,,,,,,,2.8991999570280313,,
1791474448.613238,602712,frontend_frame,3239,0,30394,87,8,395303936,507510784,451549696,515899392,,,,,,,,,,
1791474448.9875724,602712,tracking_feedback_accumulate,3240,,30394,,,399300608,507510784,451549696,515899392,,,,,,,,3.0867999885231256,,
1791474448.9925716,602712,frontend_frame,3240,0,30394,87,8,402484224,484442112,451549696,515899392,,,,,,,,,,
1791474449.2895358,602712,tracking_feedback_accumulate,3241,,30394,,,384861184,505413632,451549696,515899392,,,,,,,,3.232700051739812,,
1791474449.2945352,602712,frontend_frame,3241,0,30394,87,8,388044800,505413632,451549696,515899392,,,,,,,,,,
1791474449.7245574,602712,tracking_feedback_accumulate,3242,,30394,,,392123392,505413632,451549696,515899392,,,,,,,,2.988100051879883,,
1791474449.7285755,602712,frontend_frame,3242,0,30394,87,8,395307008,505413632,451549696,515899392,,,,,,,,,,
1791474450.082966,602712,tracking_feedback_accumulate,3243,,30394,,,384945152,505413632,451549696,515899392,,,,,,,,2.9486999846994877,,
1791474450.0879657,602712,frontend_frame,3243,0,30394,87,8,388128768,505413632,451549696,515899392,,,,,,,,,,
1791474450.4461062,602712,tracking_feedback_accumulate,3244,,30394,,,392043520,505413632,451549696,515899392,,,,,,,,2.806199947372079,,
1791474450.4511068,602712,frontend_frame,3244,0,30394,87,8,395227136,505413632,451549696,515899392,,,,,,,,,,
1791474450.6962094,602712,tracking_feedback_accumulate,3245,,30394,,,399305728,505413632,451549696,515899392,,,,,,,,2.952700015157461,,
1791474450.702209,602712,frontend_frame,3245,0,30394,87,8,388130816,505413632,451549696,515899392,,,,,,,,,,
1791474451.043906,602712,tracking_feedback_accumulate,3246,,30394,,,392127488,505413632,451549696,515899392,,,,,,,,2.9148999601602554,,
1791474451.0479069,602712,frontend_frame,3246,0,30394,87,8,395311104,505413632,451549696,515899392,,,,,,,,,,
1791474451.4384668,602712,tracking_feedback_accumulate,3247,,30394,,,399225856,505413632,451549696,515899392,,,,,,,,3.4151000436395407,,
1791474451.4434655,602712,frontend_frame,3247,0,30394,87,8,402409472,507510784,451549696,515899392,,,,,,,,,,
1791474451.8135552,602712,tracking_feedback_accumulate,3248,,30394,,,384950272,507510784,451549696,515899392,,,,,,,,3.0143000185489655,,
1791474451.8175561,602712,frontend_frame,3248,0,30394,87,8,388133888,507510784,451549696,515899392,,,,,,,,,,
1791474452.1172369,602712,tracking_feedback_accumulate,3249,,30394,,,392130560,507510784,451549696,515899392,,,,,,,,2.9146000742912292,,
1791474452.1222367,602712,frontend_frame,3249,0,30394,87,8,395314176,507510784,451549696,515899392,,,,,,,,,,
1791474452.502,602712,tracking_feedback_accumulate,3250,,30394,,,399228928,507510784,451549696,515899392,,,,,,,,3.0799000523984432,,
1791474452.507629,602712,frontend_frame,3250,0,30394,87,8,388054016,484442112,451549696,515899392,,,,,,,,,,
1791474452.8402395,602712,tracking_feedback_accumulate,3251,,30394,,,392132608,505413632,451549696,515899392,,,,,,,,2.8780000284314156,,
1791474452.8452384,602712,frontend_frame,3251,0,30394,87,8,395316224,505413632,451549696,515899392,,,,,,,,,,
1791474453.2232308,602712,tracking_feedback_accumulate,3252,,30394,,,399230976,505413632,451549696,515899392,,,,,,,,3.0727998819202185,,
1791474453.2287364,602712,frontend_frame,3252,0,30394,87,8,402414592,507510784,451549696,515899392,,,,,,,,,,
1791474453.5484538,602712,tracking_feedback_accumulate,3253,,30394,,,384955392,507510784,451549696,515899392,,,,,,,,2.991700079292059,,
1791474453.553454,602712,frontend_frame,3253,0,30394,87,8,388139008,507510784,451549696,515899392,,,,,,,,,,
1791474453.9148211,602712,tracking_feedback_accumulate,3254,,30394,,,392053760,507510784,451549696,515899392,,,,,,,,2.903199987486005,,
1791474453.918821,602712,frontend_frame,3254,0,30394,87,8,395237376,507510784,451549696,515899392,,,,,,,,,,
1791474454.3111188,602712,tracking_feedback_accumulate,3255,,30394,,,399315968,507510784,451549696,515899392,,,,,,,,2.882199827581644,,
1791474454.3161209,602712,frontend_frame,3255,0,30394,87,8,388141056,507510784,451549696,515899392,,,,,,,,,,
1791474454.643409,602712,tracking_feedback_accumulate,3256,,30394,,,392137728,507510784,451549696,515899392,,,,,,,,2.9416000470519066,,
1791474454.648608,602712,frontend_frame,3256,0,30394,87,8,395321344,507510784,451549696,515899392,,,,,,,,,,
1791474455.1076345,602712,tracking_feedback_accumulate,3257,,30394,,,399236096,507510784,451549696,515899392,,,,,,,,2.971199806779623,,
1791474455.111635,602712,frontend_frame,3257,0,30394,87,8,402419712,507510784,451549696,515899392,,,,,,,,,,
1791474455.4945,602712,tracking_feedback_accumulate,3258,,30394,,,384960512,507510784,451549696,515899392,,,,,,,,2.9976998921483755,,
1791474455.4985812,602712,frontend_frame,3258,0,30394,87,8,388144128,507510784,451549696,515899392,,,,,,,,,,
1791474455.8863103,602712,tracking_feedback_accumulate,3259,,30394,,,392058880,507510784,451549696,515899392,,,,,,,,2.957399934530258,,
1791474455.8913107,602712,frontend_frame,3259,0,30394,87,8,395242496,507510784,451549696,515899392,,,,,,,,,,
1791474456.2987022,602712,tracking_feedback_accumulate,3260,,30394,,,384962560,507510784,451549696,515899392,,,,,,,,2.8407000936567783,,
1791474456.3037043,602712,frontend_frame,3260,0,30394,87,8,388146176,484442112,451549696,515899392,,,,,,,,,,
1791474456.720706,602712,tracking_feedback_accumulate,3261,,30394,,,392142848,505413632,451549696,515899392,,,,,,,,3.0215999577194452,,
1791474456.725706,602712,frontend_frame,3261,0,30394,87,8,395326464,505413632,451549696,515899392,,,,,,,,,,
1791474457.1005087,602712,tracking_feedback_accumulate,3262,,30394,,,399241216,505413632,451549696,515899392,,,,,,,,7.938100025057793,,
1791474457.1061673,602712,frontend_frame,3262,0,30394,87,8,388066304,505413632,451549696,515899392,,,,,,,,,,
1791474457.4646895,602712,tracking_feedback_accumulate,3263,,30394,,,392144896,505413632,451549696,515899392,,,,,,,,3.057899884879589,,
1791474457.4696906,602712,frontend_frame,3263,0,30394,87,8,395328512,505413632,451549696,515899392,,,,,,,,,,
1791474457.839071,602712,tracking_feedback_accumulate,3264,,30394,,,399325184,505413632,451549696,515899392,,,,,,,,3.096899949014187,,
1791474457.8450694,602712,frontend_frame,3264,0,30394,87,8,402508800,507510784,451549696,515899392,,,,,,,,,,
1791474458.2103083,602712,tracking_feedback_accumulate,3265,,30394,,,384967680,507510784,451549696,515899392,,,,,,,,3.1744001898914576,,
1791474458.2163072,602712,frontend_frame,3265,0,30394,87,8,388151296,507510784,451549696,515899392,,,,,,,,,,
1791474458.5789464,602712,tracking_feedback_accumulate,3266,,30394,,,392066048,507510784,451549696,515899392,,,,,,,,3.182699903845787,,
1791474458.583946,602712,frontend_frame,3266,0,30394,87,8,395249664,507510784,451549696,515899392,,,,,,,,,,
1791474458.928159,602712,tracking_feedback_accumulate,3267,,30394,,,399328256,507510784,451549696,515899392,,,,,,,,2.941699931398034,,
1791474458.9332218,602712,frontend_frame,3267,0,30394,87,8,388153344,507510784,451549696,515899392,,,,,,,,,,
1791474459.262721,602712,tracking_feedback_accumulate,3268,,30394,,,392068096,507510784,451549696,515899392,,,,,,,,2.965599996969104,,
1791474459.2677207,602712,frontend_frame,3268,0,30394,87,8,395251712,507510784,451549696,515899392,,,,,,,,,,
1791474459.608911,602712,tracking_feedback_accumulate,3269,,30394,,,399330304,507510784,451549696,515899392,,,,,,,,2.899999963119626,,
1791474459.613912,602712,frontend_frame,3269,0,30394,87,8,402513920,507510784,451549696,515899392,,,,,,,,,,
1791474460.0170171,602712,tracking_feedback_accumulate,3270,,30394,,,384972800,507510784,451549696,515899392,,,,,,,,2.967400010675192,,
1791474460.023018,602712,frontend_frame,3270,0,30394,87,8,388156416,484442112,451549696,515899392,,,,,,,,,,
1791474460.3273885,602712,tracking_feedback_accumulate,3271,,30394,,,392153088,505413632,451549696,515899392,,,,,,,,2.9799998737871647,,
1791474460.3313885,602712,frontend_frame,3271,0,30394,87,8,395336704,505413632,451549696,515899392,,,,,,,,,,
1791474460.64291,602712,tracking_feedback_accumulate,3272,,30394,,,399333376,505413632,451549696,515899392,,,,,,,,2.9115998186171055,,
1791474460.6479099,602712,frontend_frame,3272,0,30394,87,8,388158464,505413632,451549696,515899392,,,,,,,,,,
1791474461.0056283,602712,tracking_feedback_accumulate,3273,,30394,,,392155136,505413632,451549696,515899392,,,,,,,,2.9101998079568148,,
1791474461.010628,602712,frontend_frame,3273,0,30394,87,8,395338752,505413632,451549696,515899392,,,,,,,,,,
1791474461.3875139,602712,tracking_feedback_accumulate,3274,,30394,,,399335424,505413632,451549696,515899392,,,,,,,,2.9184999875724316,,
1791474461.3925135,602712,frontend_frame,3274,0,30394,87,8,402519040,507510784,451549696,515899392,,,,,,,,,,
1791474461.755493,602712,tracking_feedback_accumulate,3275,,30394,,,384896000,507510784,451549696,515899392,,,,,,,,3.063300158828497,,
1791474461.7610219,602712,frontend_frame,3275,0,30394,87,8,388079616,507510784,451549696,515899392,,,,,,,,,,
1791474462.0359907,602712,tracking_feedback_accumulate,3276,,30394,,,392158208,507510784,451549696,515899392,,,,,,,,2.870899857953191,,
1791474462.0399914,602712,frontend_frame,3276,0,30394,87,8,395341824,507510784,451549696,515899392,,,,,,,,,,
1791474462.362006,602712,tracking_feedback_accumulate,3277,,30394,,,384898048,507510784,451549696,515899392,,,,,,,,3.0994999688118696,,
1791474462.3670063,602712,frontend_frame,3277,0,30394,87,8,388081664,507510784,451549696,515899392,,,,,,,,,,
1791474462.7052217,602712,tracking_feedback_accumulate,3278,,30394,,,392160256,507510784,451549696,515899392,,,,,,,,2.899200189858675,,
1791474462.710223,602712,frontend_frame,3278,0,30394,87,8,395343872,507510784,451549696,515899392,,,,,,,,,,
1791474462.9706059,602712,tracking_feedback_accumulate,3279,,30394,,,399340544,507510784,451549696,515899392,,,,,,,,3.0999002046883106,,
1791474462.975606,602712,frontend_frame,3279,0,30394,87,8,388165632,507510784,451549696,515899392,,,,,,,,,,
1791474463.3844197,602712,tracking_feedback_accumulate,3280,,30394,,,392080384,507510784,451549696,515899392,,,,,,,,2.960300073027611,,
1791474463.3904202,602712,frontend_frame,3280,0,30394,87,8,395264000,484442112,451549696,515899392,,,,,,,,,,
1791474463.8217387,602712,tracking_feedback_accumulate,3281,,30394,,,399342592,507510784,451549696,515899392,,,,,,,,2.926100045442581,,
1791474463.8267422,602712,frontend_frame,3281,0,30394,87,8,402526208,507510784,451549696,515899392,,,,,,,,,,
1791474464.2290401,602712,tracking_feedback_accumulate,3282,,30394,,,384903168,507510784,451549696,515899392,,,,,,,,3.007899969816208,,
1791474464.2340403,602712,frontend_frame,3282,0,30394,87,8,388086784,507510784,451549696,515899392,,,,,,,,,,
1791474464.6165087,602712,tracking_feedback_accumulate,3283,,30394,,,392165376,507510784,451549696,515899392,,,,,,,,2.96920002438128,,
1791474464.621509,602712,frontend_frame,3283,0,30394,87,8,395348992,507510784,451549696,515899392,,,,,,,,,,
1791474465.0592365,602712,tracking_feedback_accumulate,3284,,30394,,,399345664,507510784,451549696,515899392,,,,,,,,2.9656998813152313,,
1791474465.0652368,602712,frontend_frame,3284,0,30394,87,8,388170752,507510784,451549696,515899392,,,,,,,,,,
1791474465.4486716,602712,tracking_feedback_accumulate,3285,,30394,,,392167424,507510784,451549696,515899392,,,,,,,,3.009200096130371,,
1791474465.4536724,602712,frontend_frame,3285,0,30394,87,8,395351040,507510784,451549696,515899392,,,,,,,,,,
1791474465.7167385,602712,tracking_feedback_accumulate,3286,,30394,,,399265792,507510784,451549696,515899392,,,,,,,,3.148999996483326,,
1791474465.7217395,602712,frontend_frame,3286,0,30394,87,8,402449408,507510784,451549696,515899392,,,,,,,,,,
1791474466.1561644,602712,tracking_feedback_accumulate,3287,,30394,,,384990208,507510784,451549696,515899392,,,,,,,,3.082099836319685,,
1791474466.1611652,602712,frontend_frame,3287,0,30394,87,8,388173824,507510784,451549696,515899392,,,,,,,,,,
1791474466.570349,602712,tracking_feedback_accumulate,3288,,30394,,,392088576,507510784,451549696,515899392,,,,,,,,3.227599896490574,,
1791474466.5753484,602712,frontend_frame,3288,0,30394,87,8,395272192,507510784,451549696,515899392,,,,,,,,,,
1791474466.9602425,602712,tracking_feedback_accumulate,3289,,30394,,,399350784,507510784,451549696,515899392,,,,,,,,2.9698999132961035,,
1791474466.9662428,602712,frontend_frame,3289,0,30394,87,8,388175872,507510784,451549696,515899392,,,,,,,,,,
1791474467.3159916,602712,tracking_feedback_accumulate,3290,,30394,,,392172544,507510784,451549696,515899392,,,,,,,,2.9782000929117203,,
1791474467.3209925,602712,frontend_frame,3290,0,30394,87,8,395356160,484442112,451549696,515899392,,,,,,,,,,
1791474467.7307625,602712,tracking_feedback_accumulate,3291,,30394,,,399352832,505413632,451549696,515899392,,,,,,,,2.93230009265244,,
1791474467.7357624,602712,frontend_frame,3291,0,30394,87,8,402536448,507510784,451549696,515899392,,,,,,,,,,
1791474468.1385076,602712,tracking_feedback_accumulate,3292,,30394,,,384913408,507510784,451549696,515899392,,,,,,,,3.1203997787088156,,
1791474468.1435392,602712,frontend_frame,3292,0,30394,87,8,388097024,507510784,451549696,515899392,,,,,,,,,,
1791474468.5027263,602712,tracking_feedback_accumulate,3293,,30394,,,392175616,507510784,451549696,515899392,,,,,,,,2.9431998264044523,,
1791474468.5077248,602712,frontend_frame,3293,0,30394,87,8,395359232,507510784,451549696,515899392,,,,,,,,,,
1791474468.821732,602712,tracking_feedback_accumulate,3294,,30394,,,384997376,507510784,451549696,515899392,,,,,,,,2.9146999586373568,,
1791474468.826732,602712,frontend_frame,3294,0,30394,87,8,388180992,507510784,451549696,515899392,,,,,,,,,,
1791474469.1179523,602712,tracking_feedback_accumulate,3295,,30394,,,392177664,507510784,451549696,515899392,,,,,,,,3.254600102081895,,
1791474469.1229527,602712,frontend_frame,3295,0,30394,87,8,395361280,507510784,451549696,515899392,,,,,,,,,,
1791474469.4657874,602712,tracking_feedback_accumulate,3296,,30394,,,399357952,507510784,451549696,515899392,,,,,,,,2.931800205260515,,
1791474469.4707875,602712,frontend_frame,3296,0,30394,87,8,388183040,507510784,451549696,515899392,,,,,,,,,,
1791474469.8383505,602712,tracking_feedback_accumulate,3297,,30394,,,392179712,507510784,451549696,515899392,,,,,,,,2.996899886056781,,
1791474469.8433833,602712,frontend_frame,3297,0,30394,87,8,395363328,507510784,451549696,515899392,,,,,,,,,,
1791474470.231965,602712,tracking_feedback_accumulate,3298,,30394,,,399278080,507510784,451549696,515899392,,,,,,,,3.018799936398864,,
1791474470.2359653,602712,frontend_frame,3298,0,30394,87,8,402461696,507510784,451549696,515899392,,,,,,,,,,
1791474470.388982,602712,tracking_feedback_accumulate,3299,,30394,,,385002496,507510784,451549696,515899392,,,,,,,,3.0038999393582344,,
1791474470.3929815,602712,frontend_frame,3299,0,30394,87,8,388186112,507510784,451549696,515899392,,,,,,,,,,
1791474470.798433,602712,tracking_feedback_accumulate,3300,,30394,,,392100864,507510784,451549696,515899392,,,,,,,,2.961499849334359,,
1791474470.8034332,602712,frontend_frame,3300,0,30394,87,8,395284480,484442112,451549696,515899392,,,,,,,,,,
1791474471.2037792,602712,tracking_feedback_accumulate,3301,,30394,,,399363072,505413632,451549696,515899392,,,,,,,,3.3986999187618494,,
1791474471.2097788,602712,frontend_frame,3301,0,30394,87,8,388188160,505413632,451549696,515899392,,,,,,,,,,
1791474471.5128906,602712,tracking_feedback_accumulate,3302,,30394,,,392184832,505413632,451549696,515899392,,,,,,,,2.926700050011277,,
1791474471.5168903,602712,frontend_frame,3302,0,30394,87,8,395368448,505413632,451549696,515899392,,,,,,,,,,
1791474471.903122,602712,tracking_feedback_accumulate,3303,,30394,,,399283200,505413632,451549696,515899392,,,,,,,,3.058200003579259,,
1791474471.9081228,602712,frontend_frame,3303,0,30394,87,8,402466816,507510784,451549696,515899392,,,,,,,,,,
1791474472.268668,602712,tracking_feedback_accumulate,3304,,30394,,,385007616,507510784,451549696,515899392,,,,,,,,2.9527998995035887,,
1791474472.2736678,602712,frontend_frame,3304,0,30394,87,8,388191232,507510784,451549696,515899392,,,,,,,,,,
1791474472.63787,602712,tracking_feedback_accumulate,3305,,30394,,,392105984,507510784,451549696,515899392,,,,,,,,3.0422001145780087,,
1791474472.6428702,602712,frontend_frame,3305,0,30394,87,8,395289600,507510784,451549696,515899392,,,,,,,,,,
1791474473.0773818,602712,tracking_feedback_accumulate,3306,,30394,,,399368192,507510784,451549696,515899392,,,,,,,,2.997000003233552,,
1791474473.0823827,602712,frontend_frame,3306,0,30394,87,8,388193280,507510784,451549696,515899392,,,,,,,,,,
1791474473.548374,602712,tracking_feedback_accumulate,3307,,30394,,,392189952,507510784,451549696,515899392,,,,,,,,2.933999989181757,,
1791474473.5533755,602712,frontend_frame,3307,0,30394,87,8,395373568,507510784,451549696,515899392,,,,,,,,,,
1791474473.836753,602712,tracking_feedback_accumulate,3308,,30394,,,399288320,507510784,451549696,515899392,,,,,,,,3.070299979299307,,
1791474473.8407524,602712,frontend_frame,3308,0,30394,87,8,402471936,507510784,451549696,515899392,,,,,,,,,,
1791474474.2150512,602712,tracking_feedback_accumulate,3309,,30394,,,385012736,507510784,451549696,515899392,,,,,,,,3.0005001462996006,,
1791474474.2200515,602712,frontend_frame,3309,0,30394,87,8,388196352,507510784,451549696,515899392,,,,,,,,,,
1791474474.5298197,602712,tracking_feedback_accumulate,3310,,30394,,,392111104,507510784,451549696,515899392,,,,,,,,3.0609997920691967,,
1791474474.5348213,602712,frontend_frame,3310,0,30394,87,8,395294720,484442112,451549696,515899392,,,,,,,,,,
1791474474.7999034,602712,tracking_feedback_accumulate,3311,,30394,,,385014784,505413632,451549696,515899392,,,,,,,,2.8935999143868685,,
1791474474.8049037,602712,frontend_frame,3311,0,30394,87,8,388198400,505413632,451549696,515899392,,,,,,,,,,
1791474475.1542327,602712,tracking_feedback_accumulate,3312,,30394,,,392113152,505413632,451549696,515899392,,,,,,,,3.0818998347967863,,
1791474475.1582327,602712,frontend_frame,3312,0,30394,87,8,395296768,505413632,451549696,515899392,,,,,,,,,,
1791474475.588021,602712,tracking_feedback_accumulate,3313,,30394,,,399375360,505413632,451549696,515899392,,,,,,,,3.0799000523984432,,
1791474475.5930207,602712,frontend_frame,3313,0,30394,87,8,388200448,505413632,451549696,515899392,,,,,,,,,,
1791474475.9798567,602712,tracking_feedback_accumulate,3314,,30394,,,392115200,505413632,451549696,515899392,,,,,,,,3.3005999866873026,,
1791474475.984857,602712,frontend_frame,3314,0,30394,87,8,395298816,505413632,451549696,515899392,,,,,,,,,,
1791474476.3196452,602712,tracking_feedback_accumulate,3315,,30394,,,399377408,505413632,451549696,515899392,,,,,,,,3.01510002464056,,
1791474476.3256443,602712,frontend_frame,3315,0,30394,87,8,402561024,507510784,451549696,515899392,,,,,,,,,,
1791474476.6970258,602712,tracking_feedback_accumulate,3316,,30394,,,385019904,507510784,451549696,515899392,,,,,,,,2.9116999357938766,,
1791474476.7030253,602712,frontend_frame,3316,0,30394,87,8,388203520,507510784,451549696,515899392,,,,,,,,,,
1791474477.0478263,602712,tracking_feedback_accumulate,3317,,30394,,,392118272,507510784,451549696,515899392,,,,,,,,2.88909999653697,,
1791474477.0523329,602712,frontend_frame,3317,0,30394,87,8,395301888,507510784,451549696,515899392,,,,,,,,,,
1791474477.4123228,602712,tracking_feedback_accumulate,3318,,30394,,,399380480,507510784,451549696,515899392,,,,,,,,2.949400106444955,,
1791474477.4173236,602712,frontend_frame,3318,0,30394,87,8,388205568,507510784,451549696,515899392,,,,,,,,,,
1791474477.837151,602712,tracking_feedback_accumulate,3319,,30394,,,392202240,507510784,451549696,515899392,,,,,,,,3.0408999882638454,,
1791474477.8421512,602712,frontend_frame,3319,0,30394,87,8,395385856,507510784,451549696,515899392,,,,,,,,,,
1791474478.1754866,602712,tracking_feedback_accumulate,3320,,30394,,,399382528,507510784,451549696,515899392,,,,,,,,2.9531000182032585,,
1791474478.180491,602712,frontend_frame,3320,0,30394,87,8,402566144,484442112,451549696,515899392,,,,,,,,,,
1791474478.5778282,602712,tracking_feedback_accumulate,3321,,30394,,,385025024,505413632,451549696,515899392,,,,,,,,3.104900009930134,,
1791474478.5828278,602712,frontend_frame,3321,0,30394,87,8,388208640,505413632,451549696,515899392,,,,,,,,,,
1791474478.9479957,602712,tracking_feedback_accumulate,3322,,30394,,,392205312,505413632,451549696,515899392,,,,,,,,3.3273000735789537,,
1791474478.9519951,602712,frontend_frame,3322,0,30394,87,8,395388928,505413632,451549696,515899392,,,,,,,,,,
1791474479.3192077,602712,tracking_feedback_accumulate,3323,,30394,,,399303680,505413632,451549696,515899392,,,,,,,,2.9363001231104136,,
1791474479.370265,602712,frontend_frame,3323,0,30394,88,8,392124416,505413632,451549696,515899392,,,,,,,,,,
1791474490.4640846,602712,tracking_feedback_accumulate,3324,,27252,,,395999744,526385152,451549696,526385152,,,,,,,,2.9574998188763857,,
1791474490.469085,602712,frontend_frame,3324,0,27252,88,8,398412800,526385152,451549696,526385152,,,,,,,,,,
1791474490.8127346,602712,tracking_feedback_accumulate,3325,,27252,,,402409472,526385152,451549696,526385152,,,,,,,,2.9460000805556774,,
1791474490.817735,602712,frontend_frame,3325,0,27252,88,8,391234560,526385152,451549696,526385152,,,,,,,,,,
1791474491.1680973,602712,tracking_feedback_accumulate,3326,,27252,,,395231232,526385152,451549696,526385152,,,,,,,,2.997000003233552,,
1791474491.1730976,602712,frontend_frame,3326,0,27252,88,8,397669888,526385152,451549696,526385152,,,,,,,,,,
1791474491.5453422,602712,tracking_feedback_accumulate,3327,,27252,,,401666560,526385152,451549696,526385152,,,,,,,,2.996099879965186,,
1791474491.549344,602712,frontend_frame,3327,0,27252,88,8,404105216,526385152,451549696,526385152,,,,,,,,,,
1791474491.8659062,602712,tracking_feedback_accumulate,3328,,27252,,,388798976,526385152,451549696,526385152,,,,,,,,3.417900064960122,,
1791474491.8709059,602712,frontend_frame,3328,0,27252,88,8,391238144,526385152,451549696,526385152,,,,,,,,,,
1791474492.2714622,602712,tracking_feedback_accumulate,3329,,27252,,,395234816,526385152,451549696,526385152,,,,,,,,2.9205000028014183,,
1791474492.276462,602712,frontend_frame,3329,0,27252,88,8,397673472,526385152,451549696,526385152,,,,,,,,,,
1791474492.4830782,602712,tracking_feedback_accumulate,3330,,27252,,,401588224,526385152,451549696,526385152,,,,,,,,2.913899952545762,,
1791474492.489079,602712,frontend_frame,3330,0,27252,88,8,391158272,484442112,451549696,526385152,,,,,,,,,,
1791474492.8702881,602712,tracking_feedback_accumulate,3331,,27252,,,395236864,526385152,451549696,526385152,,,,,,,,3.0765000265091658,,
1791474492.8742886,602712,frontend_frame,3331,0,27252,88,8,397675520,526385152,451549696,526385152,,,,,,,,,,
1791474493.310254,602712,tracking_feedback_accumulate,3332,,27252,,,401672192,526385152,451549696,526385152,,,,,,,,2.8880001045763493,,
1791474493.3172543,602712,frontend_frame,3332,0,27252,88,8,404110848,526385152,451549696,526385152,,,,,,,,,,
1791474493.4493628,602712,tracking_feedback_accumulate,3333,,27252,,,388722688,526385152,451549696,526385152,,,,,,,,2.877600025385618,,
1791474493.4533658,602712,frontend_frame,3333,0,27252,88,8,391161344,526385152,451549696,526385152,,,,,,,,,,
1791474493.7757566,602712,tracking_feedback_accumulate,3334,,27252,,,395239936,526385152,451549696,526385152,,,,,,,,2.8698998503386974,,
1791474493.780757,602712,frontend_frame,3334,0,27252,88,8,397678592,526385152,451549696,526385152,,,,,,,,,,
1791474494.1294537,602712,tracking_feedback_accumulate,3335,,27252,,,401675264,526385152,451549696,526385152,,,,,,,,2.9974000062793493,,
1791474494.1344543,602712,frontend_frame,3335,0,27252,88,8,391245312,526385152,451549696,526385152,,,,,,,,,,
1791474494.5707827,602712,tracking_feedback_accumulate,3336,,27252,,,395241984,526385152,451549696,526385152,,,,,,,,2.924799919128418,,
1791474494.574783,602712,frontend_frame,3336,0,27252,88,8,397680640,526385152,451549696,526385152,,,,,,,,,,
1791474494.8389397,602712,tracking_feedback_accumulate,3337,,27252,,,401677312,526385152,451549696,526385152,,,,,,,,2.9741001781076193,,
1791474494.844939,602712,frontend_frame,3337,0,27252,88,8,391247360,526385152,451549696,526385152,,,,,,,,,,
1791474495.2412884,602712,tracking_feedback_accumulate,3338,,27252,,,395244032,526385152,451549696,526385152,,,,,,,,3.23419994674623,,
1791474495.2462895,602712,frontend_frame,3338,0,27252,88,8,397682688,526385152,451549696,526385152,,,,,,,,,,
1791474495.6558776,602712,tracking_feedback_accumulate,3339,,27252,,,401679360,526385152,451549696,526385152,,,,,,,,3.142500063404441,,
1791474495.660877,602712,frontend_frame,3339,0,27252,88,8,404118016,526385152,451549696,526385152,,,,,,,,,,
1791474495.959402,602712,tracking_feedback_accumulate,3340,,27252,,,395164160,526385152,451549696,526385152,,,,,,,,2.898199949413538,,
1791474495.964402,602712,frontend_frame,3340,0,27252,88,8,397602816,484442112,451549696,526385152,,,,,,,,,,
1791474496.3269467,602712,tracking_feedback_accumulate,3341,,27252,,,401681408,526385152,451549696,526385152,,,,,,,,3.134199883788824,,
1791474496.331948,602712,frontend_frame,3341,0,27252,88,8,404120064,526385152,451549696,526385152,,,,,,,,,,
1791474496.6934745,602712,tracking_feedback_accumulate,3342,,27252,,,408034816,530579456,452959744,530579456,,,,,,,,2.884299959987402,,
1791474496.6984727,602712,frontend_frame,3342,0,27252,88,8,391170560,530579456,452959744,530579456,,,,,,,,,,
1791474497.0529435,602712,tracking_feedback_accumulate,3343,,27252,,,395249152,530579456,452959744,530579456,,,,,,,,3.025100100785494,,
1791474497.0569432,602712,frontend_frame,3343,0,27252,88,8,397687808,530579456,452959744,530579456,,,,,,,,,,
1791474497.386848,602712,tracking_feedback_accumulate,3344,,27252,,,401684480,530579456,452959744,530579456,,,,,,,,2.919600112363696,,
1791474497.3918486,602712,frontend_frame,3344,0,27252,88,8,404123136,530579456,452959744,530579456,,,,,,,,,,
1791474497.750639,602712,tracking_feedback_accumulate,3345,,27252,,,388816896,530579456,452959744,530579456,,,,,,,,3.101399866864085,,
1791474497.7556388,602712,frontend_frame,3345,0,27252,88,8,391255552,530579456,452959744,530579456,,,,,,,,,,
1791474498.1658552,602712,tracking_feedback_accumulate,3346,,27252,,,395252224,530579456,452959744,530579456,,,,,,,,2.9683001339435577,,
1791474498.1708558,602712,frontend_frame,3346,0,27252,88,8,397690880,530579456,452959744,530579456,,,,,,,,,,
1791474498.5651357,602712,tracking_feedback_accumulate,3347,,27252,,,401687552,530579456,452959744,530579456,,,,,,,,2.940499922260642,,
1791474498.5701365,602712,frontend_frame,3347,0,27252,88,8,391257600,530579456,452959744,530579456,,,,,,,,,,
1791474498.9180396,602712,tracking_feedback_accumulate,3348,,27252,,,395254272,530579456,452959744,530579456,,,,,,,,2.9366000089794397,,
1791474498.9220397,602712,frontend_frame,3348,0,27252,88,8,397692928,530579456,452959744,530579456,,,,,,,,,,
1791474499.270249,602712,tracking_feedback_accumulate,3349,,27252,,,401689600,530579456,452959744,530579456,,,,,,,,2.9353999998420477,,
1791474499.2757492,602712,frontend_frame,3349,0,27252,88,8,404128256,530579456,452959744,530579456,,,,,,,,,,
1791474499.6507008,602712,tracking_feedback_accumulate,3350,,27252,,,388740096,530579456,452959744,530579456,,,,,,,,2.9094000346958637,,
1791474499.655702,602712,frontend_frame,3350,0,27252,88,8,391178752,484442112,452959744,530579456,,,,,,,,,,
1791474499.991969,602712,tracking_feedback_accumulate,3351,,27252,,,395257344,526385152,452959744,530579456,,,,,,,,3.0019001569598913,,
1791474499.9969683,602712,frontend_frame,3351,0,27252,88,8,397696000,526385152,452959744,530579456,,,,,,,,,,
1791474500.369452,602712,tracking_feedback_accumulate,3352,,27252,,,401610752,526385152,452959744,530579456,,,,,,,,2.9215000104159117,,
1791474500.3745959,602712,frontend_frame,3352,0,27252,88,8,391180800,526385152,452959744,530579456,,,,,,,,,,
1791474500.793043,602712,tracking_feedback_accumulate,3353,,27252,,,395259392,526385152,452959744,530579456,,,,,,,,2.836500061675906,,
1791474500.7980433,602712,frontend_frame,3353,0,27252,88,8,397698048,526385152,452959744,530579456,,,,,,,,,,
1791474501.1039588,602712,tracking_feedback_accumulate,3354,,27252,,,401694720,526385152,452959744,530579456,,,,,,,,3.0867999885231256,,
1791474501.108959,602712,frontend_frame,3354,0,27252,88,8,391264768,526385152,452959744,530579456,,,,,,,,,,
1791474501.5208237,602712,tracking_feedback_accumulate,3355,,27252,,,395261440,526385152,452959744,530579456,,,,,,,,3.2101001124829054,,
1791474501.5258226,602712,frontend_frame,3355,0,27252,88,8,397700096,526385152,452959744,530579456,,,,,,,,,,
1791474501.9237523,602712,tracking_feedback_accumulate,3356,,27252,,,401696768,526385152,452959744,530579456,,,,,,,,2.981900004670024,,
1791474501.928752,602712,frontend_frame,3356,0,27252,88,8,404135424,526385152,452959744,530579456,,,,,,,,,,
1791474502.3125978,602712,tracking_feedback_accumulate,3357,,27252,,,395263488,526385152,452959744,530579456,,,,,,,,2.9978000093251467,,
1791474502.317598,602712,frontend_frame,3357,0,27252,88,8,397702144,526385152,452959744,530579456,,,,,,,,,,
1791474502.7233396,602712,tracking_feedback_accumulate,3358,,27252,,,401698816,526385152,452959744,530579456,,,,,,,,2.900499850511551,,
1791474502.7283404,602712,frontend_frame,3358,0,27252,88,8,404137472,526385152,452959744,530579456,,,,,,,,,,
1791474503.1510146,602712,tracking_feedback_accumulate,3359,,27252,,,408134144,530579456,452977152,530579456,,,,,,,,2.97520007006824,,
1791474503.156014,602712,frontend_frame,3359,0,27252,88,8,397704192,530579456,452977152,530579456,,,,,,,,,,
1791474503.5595555,602712,tracking_feedback_accumulate,3360,,27252,,,401618944,530579456,452977152,530579456,,,,,,,,3.1220000237226486,,
1791474503.564557,602712,frontend_frame,3360,0,27252,88,8,404057600,484442112,452977152,530579456,,,,,,,,,,
1791474503.9442165,602712,tracking_feedback_accumulate,3361,,27252,,,408136192,530579456,452977152,530579456,,,,,,,,2.93629989027977,,
1791474503.9492183,602712,frontend_frame,3361,0,27252,88,8,410574848,532676608,452977152,532676608,,,,,,,,,,
1791474504.3061314,602712,tracking_feedback_accumulate,3362,,27252,,,395186688,532676608,452977152,532676608,,,,,,,,3.4066999796777964,,
1791474504.3111305,602712,frontend_frame,3362,0,27252,88,8,397625344,532676608,452977152,532676608,,,,,,,,,,
1791474504.651368,602712,tracking_feedback_accumulate,3363,,27252,,,401703936,532676608,452977152,532676608,,,,,,,,2.925700042396784,,
1791474504.6553652,602712,frontend_frame,3363,0,27252,88,8,404142592,532676608,452977152,532676608,,,,,,,,,,
1791474504.8494792,602712,tracking_feedback_accumulate,3364,,27252,,,408057344,532676608,452977152,532676608,,,,,,,,2.939899917691946,,
1791474504.8544786,602712,frontend_frame,3364,0,27252,88,8,397627392,532676608,452977152,532676608,,,,,,,,,,
1791474505.1328642,602712,tracking_feedback_accumulate,3365,,27252,,,401705984,532676608,452977152,532676608,,,,,,,,2.9085001442581415,,
1791474505.1378653,602712,frontend_frame,3365,0,27252,88,8,404144640,532676608,452977152,532676608,,,,,,,,,,
1791474505.5695252,602712,tracking_feedback_accumulate,3366,,27252,,,408059392,532676608,452984320,532676608,,,,,,,,2.868700074031949,,
1791474505.574525,602712,frontend_frame,3366,0,27252,88,8,410498048,532676608,452984320,532676608,,,,,,,,,,
1791474505.909124,602712,tracking_feedback_accumulate,3367,,27252,,,395273728,532676608,452984320,532676608,,,,,,,,3.0175000429153442,,
1791474505.9141228,602712,frontend_frame,3367,0,27252,88,8,397712384,532676608,452984320,532676608,,,,,,,,,,
1791474506.3067718,602712,tracking_feedback_accumulate,3368,,27252,,,401709056,532676608,452984320,532676608,,,,,,,,2.905899891629815,,
1791474506.3117714,602712,frontend_frame,3368,0,27252,88,8,404147712,532676608,452984320,532676608,,,,,,,,,,
1791474506.7322614,602712,tracking_feedback_accumulate,3369,,27252,,,408062464,532676608,452984320,532676608,,,,,,,,2.922600135207176,,
1791474506.7372642,602712,frontend_frame,3369,0,27252,88,8,397632512,532676608,452984320,532676608,,,,,,,,,,
1791474507.0126438,602712,tracking_feedback_accumulate,3370,,27252,,,401711104,532676608,452984320,532676608,,,,,,,,3.1150998547673225,,
1791474507.018647,602712,frontend_frame,3370,0,27252,88,8,404149760,484442112,452984320,532676608,,,,,,,,,,
1791474507.2924552,602712,tracking_feedback_accumulate,3371,,27252,,,408064512,530579456,452984320,532676608,,,,,,,,3.1096001621335745,,
1791474507.2974548,602712,frontend_frame,3371,0,27252,88,8,410503168,532676608,452984320,532676608,,,,,,,,,,
1791474507.619575,602712,tracking_feedback_accumulate,3372,,27252,,,388844544,532676608,452984320,532676608,,,,,,,,2.924500033259392,,
1791474507.6245737,602712,frontend_frame,3372,0,27252,88,8,391283200,532676608,452984320,532676608,,,,,,,,,,
1791474508.024223,602712,tracking_feedback_accumulate,3373,,27252,,,395197952,532676608,452984320,532676608,,,,,,,,3.1449999660253525,,
1791474508.0297906,602712,frontend_frame,3373,0,27252,88,8,397636608,532676608,452984320,532676608,,,,,,,,,,
1791474508.4045942,602712,tracking_feedback_accumulate,3374,,27252,,,388846592,532676608,452984320,532676608,,,,,,,,2.9573000501841307,,
1791474508.4095957,602712,frontend_frame,3374,0,27252,88,8,391285248,532676608,452984320,532676608,,,,,,,,,,
1791474508.7453237,602712,tracking_feedback_accumulate,3375,,27252,,,395200000,532676608,452984320,532676608,,,,,,,,2.909300150349736,,
1791474508.7533243,602712,frontend_frame,3375,0,27252,88,8,397638656,532676608,452984320,532676608,,,,,,,,,,
1791474509.1486814,602712,tracking_feedback_accumulate,3376,,27252,,,401717248,532676608,452984320,532676608,,,,,,,,3.14539996907115,,
1791474509.153681,602712,frontend_frame,3376,0,27252,88,8,391287296,532676608,452984320,532676608,,,,,,,,,,
1791474509.41739,602712,tracking_feedback_accumulate,3377,,27252,,,395202048,532676608,452984320,532676608,,,,,,,,2.9066000133752823,,
1791474509.42139,602712,frontend_frame,3377,0,27252,88,8,397640704,532676608,452984320,532676608,,,,,,,,,,
1791474509.6954236,602712,tracking_feedback_accumulate,3378,,27252,,,401719296,532676608,452984320,532676608,,,,,,,,2.895300043746829,,
1791474509.7004244,602712,frontend_frame,3378,0,27252,88,8,404157952,532676608,452984320,532676608,,,,,,,,,,
1791474510.0890088,602712,tracking_feedback_accumulate,3379,,27252,,,388851712,532676608,452984320,532676608,,,,,,,,3.0978999566286802,,
1791474510.094009,602712,frontend_frame,3379,0,27252,88,8,391290368,532676608,452984320,532676608,,,,,,,,,,
1791474510.4673045,602712,tracking_feedback_accumulate,3380,,27252,,,395205120,532676608,452984320,532676608,,,,,,,,3.1697999220341444,,
1791474510.4733078,602712,frontend_frame,3380,0,27252,88,8,397643776,484442112,452984320,532676608,,,,,,,,,,
1791474510.8391268,602712,tracking_feedback_accumulate,3381,,27252,,,401722368,526385152,452984320,532676608,,,,,,,,2.954100025817752,,
1791474510.8441262,602712,frontend_frame,3381,0,27252,88,8,391292416,526385152,452984320,532676608,,,,,,,,,,
1791474511.2572145,602712,tracking_feedback_accumulate,3382,,27252,,,395289088,526385152,452984320,532676608,,,,,,,,3.2480000518262386,,
1791474511.2622142,602712,frontend_frame,3382,0,27252,88,8,397727744,526385152,452984320,532676608,,,,,,,,,,
1791474511.6806023,602712,tracking_feedback_accumulate,3383,,27252,,,401724416,526385152,452984320,532676608,,,,,,,,2.8790999203920364,,
1791474511.685673,602712,frontend_frame,3383,0,27252,88,8,404163072,528482304,452984320,532676608,,,,,,,,,,
1791474511.9755936,602712,tracking_feedback_accumulate,3384,,27252,,,388774912,528482304,452984320,532676608,,,,,,,,3.012700006365776,,
1791474511.980593,602712,frontend_frame,3384,0,27252,88,8,391213568,528482304,452984320,532676608,,,,,,,,,,
1791474512.3646119,602712,tracking_feedback_accumulate,3385,,27252,,,395292160,528482304,452984320,532676608,,,,,,,,2.996700117364526,,
1791474512.3696132,602712,frontend_frame,3385,0,27252,88,8,397730816,528482304,452984320,532676608,,,,,,,,,,
1791474512.7512343,602712,tracking_feedback_accumulate,3386,,27252,,,401727488,528482304,452984320,532676608,,,,,,,,3.1076997984200716,,
1791474512.7572339,602712,frontend_frame,3386,0,27252,88,8,391297536,528482304,452984320,532676608,,,,,,,,,,
1791474513.1365085,602712,tracking_feedback_accumulate,3387,,27252,,,395212288,528482304,452984320,532676608,,,,,,,,2.950900001451373,,
1791474513.1415086,602712,frontend_frame,3387,0,27252,88,8,397650944,528482304,452984320,532676608,,,,,,,,,,
1791474513.4769764,602712,tracking_feedback_accumulate,3388,,27252,,,401729536,528482304,452984320,532676608,,,,,,,,2.9190999921411276,,
1791474513.4809756,602712,frontend_frame,3388,0,27252,88,8,404168192,528482304,452984320,532676608,,,,,,,,,,
1791474513.861528,602712,tracking_feedback_accumulate,3389,,27252,,,388780032,528482304,452984320,532676608,,,,,,,,2.9144000727683306,,
1791474513.8665273,602712,frontend_frame,3389,0,27252,88,8,391218688,528482304,452984320,532676608,,,,,,,,,,
1791474514.266183,602712,tracking_feedback_accumulate,3390,,27252,,,395297280,528482304,452984320,532676608,,,,,,,,3.144599962979555,,
1791474514.271183,602712,frontend_frame,3390,0,27252,88,8,397735936,484442112,452984320,532676608,,,,,,,,,,
1791474514.616822,602712,tracking_feedback_accumulate,3391,,27252,,,388864000,526385152,452984320,532676608,,,,,,,,3.019699826836586,,
1791474514.620821,602712,frontend_frame,3391,0,27252,88,8,391302656,526385152,452984320,532676608,,,,,,,,,,
1791474515.0366328,602712,tracking_feedback_accumulate,3392,,27252,,,395299328,526385152,452984320,532676608,,,,,,,,2.9084000270813704,,
1791474515.0406334,602712,frontend_frame,3392,0,27252,88,8,397737984,526385152,452984320,532676608,,,,,,,,,,
1791474515.4061372,602712,tracking_feedback_accumulate,3393,,27252,,,401652736,526385152,452984320,532676608,,,,,,,,3.317000111564994,,
1791474515.411137,602712,frontend_frame,3393,0,27252,88,8,391222784,526385152,452984320,532676608,,,,,,,,,,
1791474515.7618086,602712,tracking_feedback_accumulate,3394,,27252,,,395301376,526385152,452984320,532676608,,,,,,,,2.9889000579714775,,
1791474515.7658105,602712,frontend_frame,3394,0,27252,88,8,397740032,526385152,452984320,532676608,,,,,,,,,,
1791474516.1592577,602712,tracking_feedback_accumulate,3395,,27252,,,401654784,526385152,452984320,532676608,,,,,,,,2.8675999492406845,,
1791474516.1632586,602712,frontend_frame,3395,0,27252,88,8,404093440,526385152,452984320,532676608,,,,,,,,,,
1791474516.5021908,602712,tracking_feedback_accumulate,3396,,27252,,,388869120,526385152,452984320,532676608,,,,,,,,2.9720000457018614,,
1791474516.5067406,602712,frontend_frame,3396,0,27252,88,8,391307776,526385152,452984320,532676608,,,,,,,,,,
1791474516.5077415,602712,frontend_complete,3397,0,27252,88,8,391307776,526385152,452984320,532676608,,,,,,,,,,
