time_wall_s,pid,event,frame_idx,mapping_iteration,gaussian_count,retained_keyframes,window_keyframes,cuda_allocated_bytes,cuda_reserved_bytes,cuda_peak_allocated_bytes,cuda_peak_reserved_bytes,mapping_enqueue_ms,count_before,count_after,attempted_growth,admitted_growth,rejected_growth,protected_rows,policy_wall_ms,row_ceiling,row_violation
1791440114.5338364,580176,tracking_feedback_accumulate,1,,21345,,,24051200,69206016,63331840,69206016,,,,,,,,278.16920005716383,,
1791440114.542814,580176,frontend_frame,1,0,21345,1,1,25272832,73400320,63331840,73400320,,,,,,,,,,
1791440115.1255383,580176,tracking_feedback_accumulate,2,,21345,,,29433344,98566144,75916800,98566144,,,,,,,,6.146499887108803,,
1791440115.154603,580176,frontend_frame,2,0,21345,1,1,30482432,98566144,75916800,98566144,,,,,,,,,,
1791440115.7035308,580176,tracking_feedback_accumulate,3,,21345,,,34315264,102760448,79832064,102760448,,,,,,,,3.557599848136306,,
1791440115.708545,580176,frontend_frame,3,0,21345,1,1,35364352,104857600,79832064,104857600,,,,,,,,,,
1791440116.1959739,580176,tracking_feedback_accumulate,4,,21345,,,34480128,104857600,79832064,104857600,,,,,,,,3.035800065845251,,
1791440116.1999736,580176,frontend_frame,4,0,21345,1,1,35529216,104857600,79832064,104857600,,,,,,,,,,
1791440116.725691,580176,tracking_feedback_accumulate,5,,21345,,,39362048,106954752,84780544,106954752,,,,,,,,3.0332000460475683,,
1791440116.729693,580176,frontend_frame,5,0,21345,1,1,40411648,109051904,84780544,109051904,,,,,,,,,,
1791440117.3009565,580176,tracking_feedback_accumulate,6,,21345,,,34482688,109051904,84780544,109051904,,,,,,,,2.987600164487958,,
1791440117.3074703,580176,frontend_frame,6,0,21345,2,2,39527424,109051904,84780544,109051904,,,,,,,,,,
1791440120.6872103,580176,tracking_feedback_accumulate,7,,10160,,,42637824,109051904,84780544,109051904,,,,,,,,2.870700089260936,,
1791440120.693729,580176,frontend_frame,7,0,10160,2,2,25824256,109051904,84780544,109051904,,,,,,,,,,
1791440121.2472076,580176,tracking_feedback_accumulate,8,,10160,,,29902848,109051904,84780544,109051904,,,,,,,,2.8874999843537807,,
1791440121.2522073,580176,frontend_frame,8,0,10160,2,2,28313600,109051904,84780544,109051904,,,,,,,,,,
1791440121.842633,580176,tracking_feedback_accumulate,9,,10160,,,32228352,109051904,84780544,109051904,,,,,,,,3.316699992865324,,
1791440121.8479075,580176,frontend_frame,9,0,10160,2,2,25826304,109051904,84780544,109051904,,,,,,,,,,
1791440122.5324075,580176,tracking_feedback_accumulate,10,,10160,,,29822976,109051904,84780544,109051904,,,,,,,,3.177299862727523,,
1791440122.5381894,580176,frontend_frame,10,0,10160,2,2,28233728,56623104,84780544,109051904,,,,,,,,,,
1791440123.2883422,580176,tracking_feedback_accumulate,11,,10160,,,32394240,98566144,84780544,109051904,,,,,,,,2.8689999599009752,,
1791440123.29335,580176,frontend_frame,11,0,10160,2,2,25992704,98566144,84780544,109051904,,,,,,,,,,
1791440123.879213,580176,tracking_feedback_accumulate,12,,10160,,,29825536,98566144,84780544,109051904,,,,,,,,3.4835999831557274,,
1791440123.8858852,580176,frontend_frame,12,0,10160,3,3,32231936,98566144,84780544,109051904,,,,,,,,,,
1791440128.378367,580176,tracking_feedback_accumulate,13,,10521,,,36418048,98566144,84780544,109051904,,,,,,,,2.921300008893013,,
1791440128.3838692,580176,frontend_frame,13,0,10521,3,3,30100992,98566144,84780544,109051904,,,,,,,,,,
1791440128.9763823,580176,tracking_feedback_accumulate,14,,10521,,,34015744,98566144,84780544,109051904,,,,,,,,2.870200201869011,,
1791440128.9834545,580176,frontend_frame,14,0,10521,3,3,32508928,98566144,84780544,109051904,,,,,,,,,,
1791440129.5516567,580176,tracking_feedback_accumulate,15,,10521,,,36587520,98566144,84780544,109051904,,,,,,,,3.5965999122709036,,
1791440129.555926,580176,frontend_frame,15,0,10521,3,3,30103040,98566144,84780544,109051904,,,,,,,,,,
1791440130.2561703,580176,tracking_feedback_accumulate,16,,10521,,,33935872,98566144,84780544,109051904,,,,,,,,3.113900078460574,,
1791440130.2611868,580176,frontend_frame,16,0,10521,3,3,32429056,98566144,84780544,109051904,,,,,,,,,,
1791440130.830912,580176,tracking_feedback_accumulate,17,,10521,,,36589568,98566144,84780544,109051904,,,,,,,,2.875699894502759,,
1791440130.8375046,580176,frontend_frame,17,0,10521,4,4,34101248,98566144,84780544,109051904,,,,,,,,,,
1791440136.4392152,580176,tracking_feedback_accumulate,18,,11228,,,37982208,98566144,84780544,109051904,,,,,,,,2.9211000073701143,,
1791440136.4458854,580176,frontend_frame,18,0,11228,4,4,36647936,98566144,84780544,109051904,,,,,,,,,,
1791440137.104078,580176,tracking_feedback_accumulate,19,,11228,,,40808448,98566144,84780544,109051904,,,,,,,,2.6922000106424093,,
1791440137.1096733,580176,frontend_frame,19,0,11228,4,4,36812800,98566144,84780544,109051904,,,,,,,,,,
1791440137.6259542,580176,tracking_feedback_accumulate,20,,11228,,,40645632,98566144,84780544,109051904,,,,,,,,3.6455998197197914,,
1791440137.6319137,580176,frontend_frame,20,0,11228,4,4,39306240,56623104,84780544,109051904,,,,,,,,,,
1791440138.0680668,580176,tracking_feedback_accumulate,21,,11228,,,43384832,100663296,84780544,109051904,,,,,,,,2.840799978002906,,
1791440138.072065,580176,frontend_frame,21,0,11228,4,4,42045440,100663296,84780544,109051904,,,,,,,,,,
1791440138.5123909,580176,tracking_feedback_accumulate,22,,11228,,,40647680,100663296,84780544,109051904,,,,,,,,2.8343000449240208,,
1791440138.519063,580176,frontend_frame,22,0,11228,5,5,43304448,100663296,84780544,109051904,,,,,,,,,,
1791440145.351013,580176,tracking_feedback_accumulate,23,,12107,,,39722496,100663296,84780544,109051904,,,,,,,,3.206899855285883,,
1791440145.356275,580176,frontend_frame,23,0,12107,5,5,38595072,100663296,84780544,109051904,,,,,,,,,,
1791440145.9838047,580176,tracking_feedback_accumulate,24,,12107,,,42509824,100663296,84780544,109051904,,,,,,,,3.310800064355135,,
1791440145.9888248,580176,frontend_frame,24,0,12107,5,5,41375744,100663296,84780544,109051904,,,,,,,,,,
1791440146.4985032,580176,tracking_feedback_accumulate,25,,12107,,,39731200,100663296,84780544,109051904,,,,,,,,2.791800070554018,,
1791440146.5035067,580176,frontend_frame,25,0,12107,5,5,38597120,100663296,84780544,109051904,,,,,,,,,,
1791440147.067259,580176,tracking_feedback_accumulate,26,,12107,,,42511872,100663296,84780544,109051904,,,,,,,,2.8828000649809837,,
1791440147.0722897,580176,frontend_frame,26,0,12107,5,5,41377792,100663296,84780544,109051904,,,,,,,,,,
1791440147.6823308,580176,tracking_feedback_accumulate,27,,12107,,,39733248,100663296,84780544,109051904,,,,,,,,2.7369000017642975,,
1791440147.6900277,580176,frontend_frame,27,0,12107,6,6,42595328,100663296,84780544,109051904,,,,,,,,,,
1791440155.2790885,580176,tracking_feedback_accumulate,28,,13109,,,46579200,100663296,84780544,109051904,,,,,,,,3.6730000283569098,,
1791440155.2835937,580176,frontend_frame,28,0,13109,6,6,45691904,100663296,84780544,109051904,,,,,,,,,,
1791440155.8265731,580176,tracking_feedback_accumulate,29,,13109,,,43807744,100663296,87568384,109051904,,,,,,,,2.947299974039197,,
1791440155.831573,580176,frontend_frame,29,0,13109,6,6,42913280,100663296,87568384,109051904,,,,,,,,,,
1791440156.4120893,580176,tracking_feedback_accumulate,30,,13109,,,46828032,100663296,87568384,109051904,,,,,,,,3.6200000904500484,,
1791440156.4176023,580176,frontend_frame,30,0,13109,6,6,45933568,77594624,87568384,109051904,,,,,,,,,,
1791440156.9428377,580176,tracking_feedback_accumulate,31,,13109,,,50012160,98566144,87568384,109051904,,,,,,,,3.103800117969513,,
1791440156.948507,580176,frontend_frame,31,0,13109,6,6,42915328,98566144,87568384,109051904,,,,,,,,,,
1791440157.4225764,580176,tracking_feedback_accumulate,32,,13109,,,46830080,98566144,87568384,109051904,,,,,,,,2.8653000481426716,,
1791440157.4307747,580176,frontend_frame,32,0,13109,7,7,49931776,98566144,87568384,109051904,,,,,,,,,,
1791440165.8774095,580176,tracking_feedback_accumulate,33,,14661,,,54112768,98566144,92432896,109051904,,,,,,,,3.513599978759885,,
1791440165.886925,580176,frontend_frame,33,0,14661,7,7,47392768,98566144,92432896,109051904,,,,,,,,,,
1791440166.5480728,580176,tracking_feedback_accumulate,34,,14661,,,51307520,98566144,92432896,109051904,,,,,,,,3.0853000935167074,,
1791440166.5535767,580176,frontend_frame,34,0,14661,7,7,50777600,98566144,92432896,109051904,,,,,,,,,,
1791440167.0191355,580176,tracking_feedback_accumulate,35,,14661,,,54692352,100663296,93265920,109051904,,,,,,,,2.7336999773979187,,
1791440167.024665,580176,frontend_frame,35,0,14661,7,7,54162432,100663296,93265920,109051904,,,,,,,,,,
1791440167.5365696,580176,tracking_feedback_accumulate,36,,14661,,,47843840,100663296,93265920,109051904,,,,,,,,2.7817999944090843,,
1791440167.5420778,580176,frontend_frame,36,0,14661,7,7,47313920,100663296,93265920,109051904,,,,,,,,,,
1791440168.0413287,580176,tracking_feedback_accumulate,37,,14661,,,51392512,100663296,93265920,109051904,,,,,,,,4.552500089630485,,
1791440168.050039,580176,frontend_frame,37,0,14661,8,7,54858752,100663296,93265920,109051904,,,,,,,,,,
1791440177.557199,580176,tracking_feedback_accumulate,38,,16179,,,51944448,121634816,93265920,121634816,,,,,,,,3.0636999290436506,,
1791440177.5612013,580176,frontend_frame,38,0,16179,8,7,51786240,121634816,93265920,121634816,,,,,,,,,,
1791440178.0891404,580176,tracking_feedback_accumulate,39,,16179,,,55700992,121634816,94556672,121634816,,,,,,,,2.880300162360072,,
1791440178.095147,580176,frontend_frame,39,0,16179,8,7,55531520,121634816,94556672,121634816,,,,,,,,,,
1791440178.7010398,580176,tracking_feedback_accumulate,40,,16179,,,59692032,121634816,98383872,121634816,,,,,,,,2.9152000788599253,,
1791440178.706053,580176,frontend_frame,40,0,16179,8,7,51870208,77594624,98383872,121634816,,,,,,,,,,
1791440179.1821892,580176,tracking_feedback_accumulate,41,,16179,,,55784960,119537664,98383872,121634816,,,,,,,,2.7846000157296658,,
1791440179.1872017,580176,frontend_frame,41,0,16179,8,7,55615488,119537664,98383872,121634816,,,,,,,,,,
1791440179.823627,580176,tracking_feedback_accumulate,42,,16179,,,59694080,121634816,98385920,121634816,,,,,,,,2.9442000668495893,,
1791440179.8306487,580176,frontend_frame,42,0,16179,9,7,63520768,123731968,98385920,123731968,,,,,,,,,,
1791440190.313594,580176,tracking_feedback_accumulate,43,,15585,,,55920128,123731968,98385920,123731968,,,,,,,,3.5922001115977764,,
1791440190.3191068,580176,frontend_frame,43,0,15585,9,7,55604736,123731968,98385920,123731968,,,,,,,,,,
1791440190.7552996,580176,tracking_feedback_accumulate,44,,15585,,,59601408,123731968,98385920,123731968,,,,,,,,2.883399836719036,,
1791440190.759306,580176,frontend_frame,44,0,15585,9,7,59291136,123731968,98385920,123731968,,,,,,,,,,
1791440191.2363853,580176,tracking_feedback_accumulate,45,,15585,,,56080896,123731968,98385920,123731968,,,,,,,,3.1651000026613474,,
1791440191.2418933,580176,frontend_frame,45,0,15585,9,7,55770624,123731968,98385920,123731968,,,,,,,,,,
1791440191.762114,580176,tracking_feedback_accumulate,46,,15585,,,59521536,123731968,98385920,123731968,,,,,,,,2.883500186726451,,
1791440191.7681234,580176,frontend_frame,46,0,15585,9,7,59211264,123731968,98385920,123731968,,,,,,,,,,
1791440192.3063629,580176,tracking_feedback_accumulate,47,,15585,,,63371776,123731968,102005760,123731968,,,,,,,,3.6509998608380556,,
1791440192.31187,580176,frontend_frame,47,0,15585,9,7,55691264,123731968,102005760,123731968,,,,,,,,,,
1791440192.8653939,580176,tracking_feedback_accumulate,48,,15585,,,59524096,123731968,102005760,123731968,,,,,,,,3.1186998821794987,,
1791440192.8724048,580176,frontend_frame,48,0,15585,10,7,63209472,123731968,102005760,123731968,,,,,,,,,,
1791440203.3997207,580176,tracking_feedback_accumulate,49,,16805,,,67451392,123731968,106131456,123731968,,,,,,,,2.9042998794466257,,
1791440203.405415,580176,frontend_frame,49,0,16805,10,7,60065280,123731968,106131456,123731968,,,,,,,,,,
1791440203.8537354,580176,tracking_feedback_accumulate,50,,16805,,,63980032,123731968,106131456,123731968,,,,,,,,2.9364998918026686,,
1791440203.859749,580176,frontend_frame,50,0,16805,10,7,63955456,79691776,106131456,123731968,,,,,,,,,,
1791440204.3544688,580176,tracking_feedback_accumulate,51,,16805,,,68034048,123731968,106784768,123731968,,,,,,,,2.804799936711788,,
1791440204.360977,580176,frontend_frame,51,0,16805,10,7,68009472,125829120,106784768,125829120,,,,,,,,,,
1791440204.821109,580176,tracking_feedback_accumulate,52,,16805,,,63982080,125829120,106784768,125829120,,,,,,,,2.7807001024484634,,
1791440204.825395,580176,frontend_frame,52,0,16805,10,7,63957504,125829120,106784768,125829120,,,,,,,,,,
1791440205.3585613,580176,tracking_feedback_accumulate,53,,16805,,,68036096,125829120,106786816,125829120,,,,,,,,2.824899973347783,,
1791440205.3702476,580176,frontend_frame,53,0,16805,11,7,72007680,125829120,106786816,125829120,,,,,,,,,,
1791440215.8871295,580176,tracking_feedback_accumulate,54,,18023,,,68062208,125829120,108170752,125829120,,,,,,,,3.043100005015731,,
1791440215.8949826,580176,frontend_frame,54,0,18023,11,7,68335104,125829120,108170752,125829120,,,,,,,,,,
1791440216.3949661,580176,tracking_feedback_accumulate,55,,18023,,,72331776,125829120,112512512,125829120,,,,,,,,2.9899999499320984,,
1791440216.3999698,580176,frontend_frame,55,0,18023,11,7,72595456,125829120,112512512,125829120,,,,,,,,,,
1791440216.8702242,580176,tracking_feedback_accumulate,56,,18023,,,76592128,130023424,116772864,130023424,,,,,,,,2.9589999467134476,,
1791440216.8752353,580176,frontend_frame,56,0,18023,11,7,68337152,130023424,116772864,130023424,,,,,,,,,,
1791440217.374313,580176,tracking_feedback_accumulate,57,,18023,,,72333824,130023424,116772864,130023424,,,,,,,,3.465200075879693,,
1791440217.379479,580176,frontend_frame,57,0,18023,11,7,72597504,130023424,116772864,130023424,,,,,,,,,,
1791440217.9610517,580176,tracking_feedback_accumulate,58,,18023,,,76594176,130023424,116772864,130023424,,,,,,,,4.763700067996979,,
1791440217.9702287,580176,frontend_frame,58,0,18023,12,7,72335360,130023424,116772864,130023424,,,,,,,,,,
1791440228.5900807,580176,tracking_feedback_accumulate,59,,19458,,,76512256,130023424,117728256,130023424,,,,,,,,6.824100157245994,,
1791440228.599751,580176,frontend_frame,59,0,19458,12,7,77131264,130023424,117728256,130023424,,,,,,,,,,
1791440229.2057917,580176,tracking_feedback_accumulate,60,,19458,,,81046016,130023424,121738752,130023424,,,,,,,,3.6902998108416796,,
1791440229.2123039,580176,frontend_frame,60,0,19458,12,7,81653760,111149056,121738752,132120576,,,,,,,,,,
1791440229.7449994,580176,tracking_feedback_accumulate,61,,19458,,,76443648,132120576,121738752,132120576,,,,,,,,2.945000072941184,,
1791440229.7505994,580176,frontend_frame,61,0,19458,12,7,77051392,132120576,121738752,132120576,,,,,,,,,,
1791440230.293568,580176,tracking_feedback_accumulate,62,,19458,,,81129984,132120576,121738752,132120576,,,,,,,,2.996500115841627,,
1791440230.2978303,580176,frontend_frame,62,0,19458,12,7,81737728,132120576,121738752,132120576,,,,,,,,,,
1791440230.8787699,580176,tracking_feedback_accumulate,63,,19458,,,85652480,134217728,126153216,134217728,,,,,,,,2.938699908554554,,
1791440230.8907852,580176,frontend_frame,63,0,19458,13,8,72819200,134217728,126153216,134217728,,,,,,,,,,
1791440242.5673547,580176,tracking_feedback_accumulate,64,,20696,,,76979200,155189248,126153216,155189248,,,,,,,,4.87620010972023,,
1791440242.5723662,580176,frontend_frame,64,0,20696,13,8,77884416,155189248,126153216,155189248,,,,,,,,,,
1791440243.18803,580176,tracking_feedback_accumulate,65,,20696,,,81799168,155189248,126153216,155189248,,,,,,,,3.007099963724613,,
1791440243.1925337,580176,frontend_frame,65,0,20696,13,8,73200128,155189248,126153216,155189248,,,,,,,,,,
1791440243.7492797,580176,tracking_feedback_accumulate,66,,20696,,,77278720,155189248,126153216,155189248,,,,,,,,2.879600040614605,,
1791440243.754398,580176,frontend_frame,66,0,20696,13,8,78174720,155189248,126153216,155189248,,,,,,,,,,
1791440244.4310396,580176,tracking_feedback_accumulate,67,,20696,,,82089472,155189248,126153216,155189248,,,,,,,,3.177100094035268,,
1791440244.4370534,580176,frontend_frame,67,0,20696,13,8,82985472,155189248,126153216,155189248,,,,,,,,,,
1791440245.1215744,580176,tracking_feedback_accumulate,68,,20696,,,72307200,155189248,126153216,155189248,,,,,,,,3.353399923071265,,
1791440245.182575,580176,frontend_frame,68,0,20696,14,8,77199360,155189248,126153216,155189248,,,,,,,,,,
1791440257.04733,580176,tracking_feedback_accumulate,69,,21832,,,81353216,155189248,126153216,155189248,,,,,,,,2.978899981826544,,
1791440257.0518348,580176,frontend_frame,69,0,21832,14,8,82523648,155189248,126153216,155189248,,,,,,,,,,
1791440257.6590953,580176,tracking_feedback_accumulate,70,,21832,,,76389376,155189248,126153216,155189248,,,,,,,,3.1289998441934586,,
1791440257.6653385,580176,frontend_frame,70,0,21832,14,8,77551104,104857600,126153216,155189248,,,,,,,,,,
1791440258.324656,580176,tracking_feedback_accumulate,71,,21832,,,81629696,146800640,126153216,155189248,,,,,,,,2.8295000083744526,,
1791440258.3296604,580176,frontend_frame,71,0,21832,14,8,82791424,146800640,126153216,155189248,,,,,,,,,,
1791440258.9106488,580176,tracking_feedback_accumulate,72,,21832,,,86706176,148897792,128342528,155189248,,,,,,,,2.946800086647272,,
1791440258.9153323,580176,frontend_frame,72,0,21832,14,8,77553152,148897792,128342528,155189248,,,,,,,,,,
1791440259.4172125,580176,tracking_feedback_accumulate,73,,21832,,,81549824,148897792,128342528,155189248,,,,,,,,3.2949999440461397,,
1791440259.4805324,580176,frontend_frame,73,0,21832,15,8,86707712,148897792,128342528,155189248,,,,,,,,,,
1791440271.6537633,580176,tracking_feedback_accumulate,74,,22906,,,90857472,150994944,132676096,155189248,,,,,,,,3.0018999241292477,,
1791440271.6585035,580176,frontend_frame,74,0,22906,15,8,81961984,150994944,132676096,155189248,,,,,,,,,,
1791440272.199814,580176,tracking_feedback_accumulate,75,,22906,,,85876736,150994944,132676096,155189248,,,,,,,,3.1392001546919346,,
1791440272.2050095,580176,frontend_frame,75,0,22906,15,8,87288320,150994944,132676096,155189248,,,,,,,,,,
1791440272.6845162,580176,tracking_feedback_accumulate,76,,22906,,,91284992,150994944,132690944,155189248,,,,,,,,3.590299980714917,,
1791440272.6891968,580176,frontend_frame,76,0,22906,15,8,92696576,153092096,132690944,155189248,,,,,,,,,,
1791440273.1713488,580176,tracking_feedback_accumulate,77,,22906,,,80471552,153092096,132690944,155189248,,,,,,,,2.9806001111865044,,
1791440273.175032,580176,frontend_frame,77,0,22906,15,8,81883136,153092096,132690944,155189248,,,,,,,,,,
1791440273.6242657,580176,tracking_feedback_accumulate,78,,22906,,,85961728,153092096,132690944,155189248,,,,,,,,2.9243999160826206,,
1791440273.6846168,580176,frontend_frame,78,0,22906,16,8,91369472,153092096,132690944,155189248,,,,,,,,,,
1791440285.5973942,580176,tracking_feedback_accumulate,79,,23668,,,84522496,153092096,132690944,155189248,,,,,,,,6.734099937602878,,
1791440285.6023943,580176,frontend_frame,79,0,23668,16,8,86120960,153092096,132690944,155189248,,,,,,,,,,
1791440286.0175116,580176,tracking_feedback_accumulate,80,,23668,,,90117632,153092096,132690944,155189248,,,,,,,,3.01840016618371,,
1791440286.0240633,580176,frontend_frame,80,0,23668,16,8,91710464,125829120,132690944,155189248,,,,,,,,,,
1791440286.5753157,580176,tracking_feedback_accumulate,81,,23668,,,95789056,150994944,137744896,155189248,,,,,,,,3.0005997978150845,,
1791440286.5815785,580176,frontend_frame,81,0,23668,16,8,86204928,150994944,137744896,155189248,,,,,,,,,,
1791440287.2987783,580176,tracking_feedback_accumulate,82,,23668,,,90119680,150994944,137744896,155189248,,,,,,,,3.309600055217743,,
1791440287.3022826,580176,frontend_frame,82,0,23668,16,8,91712512,150994944,137744896,155189248,,,,,,,,,,
1791440287.905906,580176,tracking_feedback_accumulate,83,,23668,,,95709184,150994944,137746944,155189248,,,,,,,,2.8550000861287117,,
1791440287.9724665,580176,frontend_frame,83,0,23668,17,8,90121216,150994944,137746944,155189248,,,,,,,,,,
1791440299.907201,580176,tracking_feedback_accumulate,84,,24548,,,94260224,150994944,137746944,155189248,,,,,,,,2.6422999799251556,,
1791440299.9142172,580176,frontend_frame,84,0,24548,17,8,96071168,150994944,137746944,155189248,,,,,,,,,,
1791440300.4452696,580176,tracking_feedback_accumulate,85,,24548,,,99985920,153092096,141820928,155189248,,,,,,,,4.4414999429136515,,
1791440300.451277,580176,frontend_frame,85,0,24548,17,8,101790208,155189248,141820928,155189248,,,,,,,,,,
1791440301.0962868,580176,tracking_feedback_accumulate,86,,24548,,,94268928,155189248,141820928,155189248,,,,,,,,6.279299966990948,,
1791440301.101287,580176,frontend_frame,86,0,24548,17,8,96073216,155189248,141820928,155189248,,,,,,,,,,
1791440301.8337047,580176,tracking_feedback_accumulate,87,,24548,,,99987968,155189248,141822976,155189248,,,,,,,,3.2998998649418354,,
1791440301.838717,580176,frontend_frame,87,0,24548,17,8,101792256,155189248,141822976,155189248,,,,,,,,,,
1791440302.5782542,580176,tracking_feedback_accumulate,88,,24548,,,105870848,159383552,147623936,159383552,,,,,,,,3.082999959588051,,
1791440302.6330814,580176,frontend_frame,88,0,24548,18,8,100071424,159383552,147623936,159383552,,,,,,,,,,
1791440314.5927215,580176,tracking_feedback_accumulate,89,,25152,,,104028672,180355072,147623936,180355072,,,,,,,,3.1777999829500914,,
1791440314.598737,580176,frontend_frame,89,0,25152,18,8,105977856,180355072,147623936,180355072,,,,,,,,,,
1791440315.268024,580176,tracking_feedback_accumulate,90,,25152,,,109974528,180355072,152351744,180355072,,,,,,,,2.8991999570280313,,
1791440315.2773757,580176,frontend_frame,90,0,25152,18,8,94590464,132120576,152351744,180355072,,,,,,,,,,
1791440315.9611118,580176,tracking_feedback_accumulate,91,,25152,,,98587136,174063616,152351744,180355072,,,,,,,,3.13209998421371,,
1791440315.9667726,580176,frontend_frame,91,0,25152,18,8,100532224,174063616,152351744,180355072,,,,,,,,,,
1791440316.7124345,580176,tracking_feedback_accumulate,92,,25152,,,104610816,176160768,152351744,180355072,,,,,,,,3.2399999909102917,,
1791440316.7174344,580176,frontend_frame,92,0,25152,18,8,106555904,178257920,152351744,180355072,,,,,,,,,,
1791440317.2927678,580176,tracking_feedback_accumulate,93,,25152,,,92648448,178257920,152351744,180355072,,,,,,,,2.7630000840872526,,
1791440317.3428073,580176,frontend_frame,93,0,25152,19,8,98589696,178257920,152351744,180355072,,,,,,,,,,
1791440329.095396,580176,tracking_feedback_accumulate,94,,25909,,,102638592,178257920,152351744,180355072,,,,,,,,2.927699824795127,,
1791440329.0999255,580176,frontend_frame,94,0,25909,19,8,104770560,178257920,152351744,180355072,,,,,,,,,,
1791440329.6517522,580176,tracking_feedback_accumulate,95,,25909,,,96704512,178257920,152351744,180355072,,,,,,,,5.645999917760491,,
1791440329.658258,580176,frontend_frame,95,0,25909,19,8,98830848,178257920,152351744,180355072,,,,,,,,,,
1791440330.2560802,580176,tracking_feedback_accumulate,96,,25909,,,102909440,178257920,152351744,180355072,,,,,,,,4.189800005406141,,
1791440330.2602425,580176,frontend_frame,96,0,25909,19,8,105035776,178257920,152351744,180355072,,,,,,,,,,
1791440330.7393994,580176,tracking_feedback_accumulate,97,,25909,,,108950528,178257920,152351744,180355072,,,,,,,,2.941099926829338,,
1791440330.7449048,580176,frontend_frame,97,0,25909,19,8,98832896,178257920,152351744,180355072,,,,,,,,,,
1791440331.3012013,580176,tracking_feedback_accumulate,98,,25909,,,102911488,178257920,152351744,180355072,,,,,,,,5.7224000338464975,,
1791440331.367136,580176,frontend_frame,98,0,25909,20,8,109033984,178257920,152351744,180355072,,,,,,,,,,
1791440343.35411,580176,tracking_feedback_accumulate,99,,26470,,,112986624,178257920,155852288,180355072,,,,,,,,3.2881000079214573,,
1791440343.361431,580176,frontend_frame,99,0,26470,20,8,103004160,178257920,155852288,180355072,,,,,,,,,,
1791440344.010143,580176,tracking_feedback_accumulate,100,,26470,,,107082752,178257920,155852288,180355072,,,,,,,,3.2088998705148697,,
1791440344.0156443,580176,frontend_frame,100,0,26470,20,8,109340160,130023424,155852288,180355072,,,,,,,,,,
1791440344.4742193,580176,tracking_feedback_accumulate,101,,26470,,,113254912,178257920,156142080,180355072,,,,,,,,3.240699879825115,,
1791440344.4799402,580176,frontend_frame,101,0,26470,20,8,115512320,180355072,156142080,180355072,,,,,,,,,,
1791440345.1608298,580176,tracking_feedback_accumulate,102,,26470,,,107002880,180355072,156142080,180355072,,,,,,,,3.0342000536620617,,
1791440345.1658294,580176,frontend_frame,102,0,26470,20,8,109260288,180355072,156142080,180355072,,,,,,,,,,
1791440345.7801204,580176,tracking_feedback_accumulate,103,,26470,,,113256960,180355072,156198912,180355072,,,,,,,,2.9685997869819403,,
1791440345.8323104,580176,frontend_frame,103,0,26470,21,8,119510528,180355072,156198912,180355072,,,,,,,,,,
1791440357.9213765,580176,tracking_feedback_accumulate,104,,26866,,,111110656,180355072,156198912,180355072,,,,,,,,3.000600030645728,,
1791440357.9263797,580176,frontend_frame,104,0,26866,21,8,113461248,180355072,156198912,180355072,,,,,,,,,,
1791440358.4983435,580176,tracking_feedback_accumulate,105,,26866,,,117376000,180355072,160510464,180355072,,,,,,,,3.1618999782949686,,
1791440358.5043538,580176,frontend_frame,105,0,26866,21,8,119724032,180355072,160510464,180355072,,,,,,,,,,
1791440359.0315182,580176,tracking_feedback_accumulate,106,,26866,,,123720704,184549376,166851584,184549376,,,,,,,,3.046700032427907,,
1791440359.0365238,580176,frontend_frame,106,0,26866,21,8,113381376,184549376,166851584,184549376,,,,,,,,,,
1791440359.5179763,580176,tracking_feedback_accumulate,107,,26866,,,117378048,184549376,166851584,184549376,,,,,,,,3.2444000244140625,,
1791440359.5240152,580176,frontend_frame,107,0,26866,21,8,119726080,184549376,166851584,184549376,,,,,,,,,,
1791440360.1183226,580176,tracking_feedback_accumulate,108,,26866,,,123804672,184549376,166851584,184549376,,,,,,,,3.0302999075502157,,
1791440360.173447,580176,frontend_frame,108,0,26866,22,8,130148864,186646528,166851584,186646528,,,,,,,,,,
1791440372.0681236,580176,tracking_feedback_accumulate,109,,24926,,,114910208,186646528,166851584,186646528,,,,,,,,3.319900017231703,,
1791440372.0731711,580176,frontend_frame,109,0,24926,22,8,116787200,186646528,166851584,186646528,,,,,,,,,,
1791440372.6826906,580176,tracking_feedback_accumulate,110,,24926,,,120865792,186646528,166851584,186646528,,,,,,,,2.851499943062663,,
1791440372.6892083,580176,frontend_frame,110,0,24926,22,8,122758656,157286400,166851584,186646528,,,,,,,,,,
1791440373.0728407,580176,tracking_feedback_accumulate,111,,24926,,,126673408,182452224,169261056,186646528,,,,,,,,3.315800102427602,,
1791440373.0778668,580176,frontend_frame,111,0,24926,22,8,116789248,182452224,169261056,186646528,,,,,,,,,,
1791440373.6981308,580176,tracking_feedback_accumulate,112,,24926,,,120867840,182452224,169261056,186646528,,,,,,,,3.240999998524785,,
1791440373.7031317,580176,frontend_frame,112,0,24926,22,8,122760704,182452224,169261056,186646528,,,,,,,,,,
1791440374.3123944,580176,tracking_feedback_accumulate,113,,24926,,,126675456,182452224,169279488,186646528,,,,,,,,2.70389998331666,,
1791440374.369524,580176,frontend_frame,113,0,24926,23,8,132564480,184549376,169279488,186646528,,,,,,,,,,
1791440386.1347003,580176,tracking_feedback_accumulate,114,,24604,,,118877696,184549376,169279488,186646528,,,,,,,,3.3921999856829643,,
1791440386.1402152,580176,frontend_frame,114,0,24604,23,8,120690688,184549376,169279488,186646528,,,,,,,,,,
1791440386.673042,580176,tracking_feedback_accumulate,115,,24604,,,124687360,184549376,169279488,186646528,,,,,,,,3.0504001770168543,,
1791440386.6785753,580176,frontend_frame,115,0,24604,23,8,126503424,184549376,169279488,186646528,,,,,,,,,,
1791440387.1628938,580176,tracking_feedback_accumulate,116,,24604,,,118958592,184549376,169279488,186646528,,,,,,,,5.990399979054928,,
1791440387.1709127,580176,frontend_frame,116,0,24604,23,8,120774656,184549376,169279488,186646528,,,,,,,,,,
1791440387.752646,580176,tracking_feedback_accumulate,117,,24604,,,124689408,205520896,169279488,205520896,,,,,,,,3.1943998765200377,,
1791440387.7573612,580176,frontend_frame,117,0,24604,23,8,126505472,205520896,169279488,205520896,,,,,,,,,,
1791440388.3411896,580176,tracking_feedback_accumulate,118,,24604,,,130502144,205520896,172921344,205520896,,,,,,,,3.0291001312434673,,
1791440388.3954725,580176,frontend_frame,118,0,24604,24,8,118437888,205520896,172921344,205520896,,,,,,,,,,
1791440400.3059242,580176,tracking_feedback_accumulate,119,,24345,,,122420224,205520896,172921344,205520896,,,,,,,,2.9198999982327223,,
1791440400.311619,580176,frontend_frame,119,0,24345,24,8,124173312,205520896,172921344,205520896,,,,,,,,,,
1791440400.870527,580176,tracking_feedback_accumulate,120,,24345,,,128251904,205520896,172921344,205520896,,,,,,,,2.9053001198917627,,
1791440400.876529,580176,frontend_frame,120,0,24345,24,8,118444544,155189248,172921344,205520896,,,,,,,,,,
1791440401.4834373,580176,tracking_feedback_accumulate,121,,24345,,,122359296,197132288,172921344,205520896,,,,,,,,6.337899947538972,,
1791440401.489466,580176,frontend_frame,121,0,24345,24,8,124114944,197132288,172921344,205520896,,,,,,,,,,
1791440401.9434667,580176,tracking_feedback_accumulate,122,,24345,,,128193536,197132288,172921344,205520896,,,,,,,,2.868100069463253,,
1791440401.949141,580176,frontend_frame,122,0,24345,24,8,129949184,199229440,172921344,205520896,,,,,,,,,,
1791440402.4953814,580176,tracking_feedback_accumulate,123,,24345,,,116610048,199229440,172921344,205520896,,,,,,,,3.15869995392859,,
1791440402.5509322,580176,frontend_frame,123,0,24345,25,8,122361856,199229440,172921344,205520896,,,,,,,,,,
1791440414.3810914,580176,tracking_feedback_accumulate,124,,24570,,,126373376,199229440,172921344,205520896,,,,,,,,2.9317999724298716,,
1791440414.3867786,580176,frontend_frame,124,0,24570,25,8,128178688,199229440,172921344,205520896,,,,,,,,,,
1791440414.8701055,580176,tracking_feedback_accumulate,125,,24570,,,120706048,199229440,172921344,205520896,,,,,,,,3.1528000254184008,,
1791440414.875609,580176,frontend_frame,125,0,24570,25,8,122510336,199229440,172921344,205520896,,,,,,,,,,
1791440415.411664,580176,tracking_feedback_accumulate,126,,24570,,,126425088,199229440,172921344,205520896,,,,,,,,3.2752000261098146,,
1791440415.41797,580176,frontend_frame,126,0,24570,25,8,128229376,199229440,172921344,205520896,,,,,,,,,,
1791440415.947094,580176,tracking_feedback_accumulate,127,,24570,,,132226048,199229440,174576128,205520896,,,,,,,,3.7029001396149397,,
1791440415.9526014,580176,frontend_frame,127,0,24570,25,8,122430464,199229440,174576128,205520896,,,,,,,,,,
1791440416.4903626,580176,tracking_feedback_accumulate,128,,24570,,,126427136,199229440,174576128,205520896,,,,,,,,5.892799934372306,,
1791440416.5422928,580176,frontend_frame,128,0,24570,26,8,132227584,199229440,174576128,205520896,,,,,,,,,,
1791440428.2817376,580176,tracking_feedback_accumulate,129,,25073,,,136260096,199229440,178798592,205520896,,,,,,,,3.8153999485075474,,
1791440428.2904017,580176,frontend_frame,129,0,25073,26,8,126588928,201326592,178798592,205520896,,,,,,,,,,
1791440428.7712617,580176,tracking_feedback_accumulate,130,,25073,,,130667520,201326592,178798592,205520896,,,,,,,,2.8957000467926264,,
1791440428.7772787,580176,frontend_frame,130,0,25073,26,8,132592640,180355072,178798592,205520896,,,,,,,,,,
1791440429.3166447,580176,tracking_feedback_accumulate,131,,25073,,,136507392,201326592,179690496,205520896,,,,,,,,3.0433000065386295,,
1791440429.3211553,580176,frontend_frame,131,0,25073,26,8,138432512,201326592,179690496,205520896,,,,,,,,,,
1791440429.8837094,580176,tracking_feedback_accumulate,132,,25073,,,130669568,201326592,179690496,205520896,,,,,,,,9.757000021636486,,
1791440429.8882244,580176,frontend_frame,132,0,25073,26,8,132594688,201326592,179690496,205520896,,,,,,,,,,
1791440430.400961,580176,tracking_feedback_accumulate,133,,25073,,,136509440,201326592,179692544,205520896,,,,,,,,3.2740000169724226,,
1791440430.4540508,580176,frontend_frame,133,0,25073,27,8,142430720,201326592,179692544,205520896,,,,,,,,,,
1791440442.4514108,580176,tracking_feedback_accumulate,134,,25618,,,134708224,201326592,179692544,205520896,,,,,,,,2.924900036305189,,
1791440442.456927,580176,frontend_frame,134,0,25618,27,8,136770048,201326592,179692544,205520896,,,,,,,,,,
1791440443.1295378,580176,tracking_feedback_accumulate,135,,25618,,,140684800,201326592,183909376,205520896,,,,,,,,2.8349999338388443,,
1791440443.1355376,580176,frontend_frame,135,0,25618,27,8,142742528,203423744,183909376,205520896,,,,,,,,,,
1791440443.6144395,580176,tracking_feedback_accumulate,136,,25618,,,146739200,207618048,189461504,207618048,,,,,,,,3.146999981254339,,
1791440443.619956,580176,frontend_frame,136,0,25618,27,8,136690176,207618048,189461504,207618048,,,,,,,,,,
1791440444.3489318,580176,tracking_feedback_accumulate,137,,25618,,,140686848,207618048,189461504,207618048,,,,,,,,2.9255999252200127,,
1791440444.3539317,580176,frontend_frame,137,0,25618,27,8,142744576,207618048,189461504,207618048,,,,,,,,,,
1791440445.024729,580176,tracking_feedback_accumulate,138,,25618,,,146823168,207618048,189461504,207618048,,,,,,,,2.804200164973736,,
1791440445.0856655,580176,frontend_frame,138,0,25618,28,8,152877056,209715200,189461504,209715200,,,,,,,,,,
1791440456.9902916,580176,tracking_feedback_accumulate,139,,25827,,,138646528,209715200,189461504,209715200,,,,,,,,6.2391001265496016,,
1791440457.0000093,580176,frontend_frame,139,0,25827,28,8,140753920,209715200,189461504,209715200,,,,,,,,,,
1791440457.639995,580176,tracking_feedback_accumulate,140,,25827,,,144750592,230686720,189461504,230686720,,,,,,,,3.268799977377057,,
1791440457.6454966,580176,frontend_frame,140,0,25827,28,8,146856960,182452224,189461504,230686720,,,,,,,,,,
1791440458.3136425,580176,tracking_feedback_accumulate,141,,25827,,,138731520,203423744,189461504,230686720,,,,,,,,3.2672001980245113,,
1791440458.318454,580176,frontend_frame,141,0,25827,28,8,140837888,203423744,189461504,230686720,,,,,,,,,,
1791440459.0554621,580176,tracking_feedback_accumulate,142,,25827,,,144752640,224395264,189461504,230686720,,,,,,,,3.2972998451441526,,
1791440459.0606837,580176,frontend_frame,142,0,25827,28,8,146859008,224395264,189461504,230686720,,,,,,,,,,
1791440459.6437495,580176,tracking_feedback_accumulate,143,,25827,,,150855680,228589568,194100224,230686720,,,,,,,,2.9527998995035887,,
1791440459.7042003,580176,frontend_frame,143,0,25827,29,8,144754176,228589568,194100224,230686720,,,,,,,,,,
1791440471.7501879,580176,tracking_feedback_accumulate,144,,26039,,,148767744,228589568,194100224,230686720,,,,,,,,2.976899966597557,,
1791440471.7556937,580176,frontend_frame,144,0,26039,29,8,150925312,228589568,194100224,230686720,,,,,,,,,,
1791440472.3593776,580176,tracking_feedback_accumulate,145,,26039,,,154921984,228589568,197801472,230686720,,,,,,,,3.200799925252795,,
1791440472.365391,580176,frontend_frame,145,0,26039,29,8,157078528,230686720,197801472,230686720,,,,,,,,,,
1791440472.9810731,580176,tracking_feedback_accumulate,146,,26039,,,136829952,230686720,197801472,230686720,,,,,,,,2.9911999590694904,,
1791440472.9855752,580176,frontend_frame,146,0,26039,29,8,138986496,230686720,197801472,230686720,,,,,,,,,,
1791440473.5869987,580176,tracking_feedback_accumulate,147,,26039,,,142901248,230686720,197801472,230686720,,,,,,,,2.974800067022443,,
1791440473.5920024,580176,frontend_frame,147,0,26039,29,8,145057792,230686720,197801472,230686720,,,,,,,,,,
1791440474.3041587,580176,tracking_feedback_accumulate,148,,26039,,,149136384,230686720,197801472,230686720,,,,,,,,2.907299902290106,,
1791440474.3554463,580176,frontend_frame,148,0,26039,30,8,142984704,230686720,197801472,230686720,,,,,,,,,,
1791440486.5817125,580176,tracking_feedback_accumulate,149,,26345,,,146920960,230686720,197801472,230686720,,,,,,,,2.8631999157369137,,
1791440486.5872207,580176,frontend_frame,149,0,26345,30,8,149150208,230686720,197801472,230686720,,,,,,,,,,
1791440487.2611876,580176,tracking_feedback_accumulate,150,,26345,,,153228800,230686720,197801472,230686720,,,,,,,,2.9052000027149916,,
1791440487.2672021,580176,frontend_frame,150,0,26345,30,8,143080960,180355072,197801472,230686720,,,,,,,,,,
1791440487.9330661,580176,tracking_feedback_accumulate,151,,26345,,,146995712,222298112,197801472,230686720,,,,,,,,5.719500128179789,,
1791440487.9392886,580176,frontend_frame,151,0,26345,30,8,149222912,222298112,197801472,230686720,,,,,,,,,,
1791440488.6782231,580176,tracking_feedback_accumulate,152,,26345,,,153219584,224395264,197801472,230686720,,,,,,,,2.8390998486429453,,
1791440488.6827269,580176,frontend_frame,152,0,26345,30,8,155446784,226492416,197801472,230686720,,,,,,,,,,
1791440489.2340648,580176,tracking_feedback_accumulate,153,,26345,,,147079680,226492416,197801472,230686720,,,,,,,,2.9334998689591885,,
1791440489.2940743,580176,frontend_frame,153,0,26345,31,8,153303040,226492416,197801472,230686720,,,,,,,,,,
1791440501.5102541,580176,tracking_feedback_accumulate,154,,26728,,,157245440,226492416,200104960,230686720,,,,,,,,2.629899885505438,,
1791440501.5147588,580176,frontend_frame,154,0,26728,31,8,159565824,226492416,200104960,230686720,,,,,,,,,,
1791440502.2380884,580176,tracking_feedback_accumulate,155,,26728,,,163562496,230686720,206367744,230686720,,,,,,,,6.326199974864721,,
1791440502.2441025,580176,frontend_frame,155,0,26728,31,8,153344000,230686720,206367744,230686720,,,,,,,,,,
1791440503.0295548,580176,tracking_feedback_accumulate,156,,26728,,,157422592,230686720,206367744,230686720,,,,,,,,3.199300030246377,,
1791440503.0341775,580176,frontend_frame,156,0,26728,31,8,159740416,230686720,206367744,230686720,,,,,,,,,,
1791440503.6692395,580176,tracking_feedback_accumulate,157,,26728,,,163655168,230686720,206367744,230686720,,,,,,,,2.9961001127958298,,
1791440503.6742387,580176,frontend_frame,157,0,26728,31,8,153346048,230686720,206367744,230686720,,,,,,,,,,
1791440504.2943916,580176,tracking_feedback_accumulate,158,,26728,,,157342720,230686720,206367744,230686720,,,,,,,,2.6802998036146164,,
1791440504.345401,580176,frontend_frame,158,0,26728,32,8,163656704,230686720,206367744,230686720,,,,,,,,,,
1791440516.3739443,580176,tracking_feedback_accumulate,159,,27654,,,167800320,232783872,210769408,232783872,,,,,,,,2.7224000077694654,,
1791440516.3794646,580176,frontend_frame,159,0,27654,32,8,170348544,234881024,210769408,234881024,,,,,,,,,,
1791440517.0334103,580176,tracking_feedback_accumulate,160,,27654,,,161413120,234881024,210769408,234881024,,,,,,,,4.573300015181303,,
1791440517.0409412,580176,frontend_frame,160,0,27654,32,8,163954176,207618048,210769408,234881024,,,,,,,,,,
1791440517.6319845,580176,tracking_feedback_accumulate,161,,27654,,,168032768,232783872,211164672,234881024,,,,,,,,3.2643999438732862,,
1791440517.6377897,580176,frontend_frame,161,0,27654,32,8,170573824,234881024,211164672,234881024,,,,,,,,,,
1791440518.2741091,580176,tracking_feedback_accumulate,162,,27654,,,161415168,234881024,211164672,234881024,,,,,,,,3.221499966457486,,
1791440518.279125,580176,frontend_frame,162,0,27654,32,8,163956224,234881024,211164672,234881024,,,,,,,,,,
1791440518.8286908,580176,tracking_feedback_accumulate,163,,27654,,,167952896,234881024,211164672,234881024,,,,,,,,2.918099984526634,,
1791440518.8789492,580176,frontend_frame,163,0,27654,33,8,174490112,234881024,211164672,234881024,,,,,,,,,,
1791440531.197683,580176,tracking_feedback_accumulate,164,,28290,,,178612736,239075328,221918208,239075328,,,,,,,,3.070899983868003,,
1791440531.2036934,580176,frontend_frame,164,0,28290,33,8,168236032,239075328,221918208,239075328,,,,,,,,,,
1791440531.880287,580176,tracking_feedback_accumulate,165,,28290,,,172150784,260046848,221918208,260046848,,,,,,,,3.018599934875965,,
1791440531.886321,580176,frontend_frame,165,0,28290,33,8,174842880,260046848,221918208,260046848,,,,,,,,,,
1791440532.3889554,580176,tracking_feedback_accumulate,166,,28290,,,178921472,260046848,221918208,260046848,,,,,,,,2.9227999038994312,,
1791440532.3944602,580176,frontend_frame,166,0,28290,33,8,181613568,262144000,221918208,262144000,,,,,,,,,,
1791440532.955551,580176,tracking_feedback_accumulate,167,,28290,,,165465088,262144000,221918208,262144000,,,,,,,,2.8800000436604023,,
1791440532.9602308,580176,frontend_frame,167,0,28290,33,8,168157184,262144000,221918208,262144000,,,,,,,,,,
1791440533.478957,580176,tracking_feedback_accumulate,168,,28290,,,172153856,262144000,221918208,262144000,,,,,,,,2.877000020816922,,
1791440533.483965,580176,frontend_frame,168,0,28290,33,8,174846464,262144000,221918208,262144000,,,,,,,,,,
1791440534.082901,580176,tracking_feedback_accumulate,169,,28290,,,165467648,262144000,221918208,262144000,,,,,,,,3.292500041425228,,
1791440534.136327,580176,frontend_frame,169,0,28290,34,8,172155392,262144000,221918208,262144000,,,,,,,,,,
1791440546.3044398,580176,tracking_feedback_accumulate,170,,29383,,,176223232,262144000,221918208,262144000,,,,,,,,3.155600046738982,,
1791440546.3091974,580176,frontend_frame,170,0,29383,34,8,179175424,213909504,221918208,262144000,,,,,,,,,,
1791440546.9057577,580176,tracking_feedback_accumulate,171,,29383,,,183254016,262144000,226163200,262144000,,,,,,,,2.929599955677986,,
1791440546.910284,580176,frontend_frame,171,0,29383,34,8,172570624,262144000,226163200,262144000,,,,,,,,,,
1791440547.6520598,580176,tracking_feedback_accumulate,172,,29383,,,176485376,262144000,226163200,262144000,,,,,,,,3.2256999984383583,,
1791440547.6571167,580176,frontend_frame,172,0,29383,34,8,179429376,262144000,226163200,262144000,,,,,,,,,,
1791440548.3779347,580176,tracking_feedback_accumulate,173,,29383,,,183507968,262144000,226163200,262144000,,,,,,,,2.936700126156211,,
1791440548.382439,580176,frontend_frame,173,0,29383,34,8,186451968,264241152,226163200,264241152,,,,,,,,,,
1791440549.0974672,580176,tracking_feedback_accumulate,174,,29383,,,157011456,264241152,226163200,264241152,,,,,,,,2.923100022599101,,
1791440549.1059778,580176,frontend_frame,174,0,29383,35,8,163951616,264241152,226163200,264241152,,,,,,,,,,
1791440561.333646,580176,tracking_feedback_accumulate,175,,28551,,,167898624,264241152,226163200,264241152,,,,,,,,2.9088000301271677,,
1791440561.342325,580176,frontend_frame,175,0,28551,35,8,170643968,264241152,226163200,264241152,,,,,,,,,,
1791440561.9441082,580176,tracking_feedback_accumulate,176,,28551,,,160952832,264241152,226163200,264241152,,,,,,,,2.97189992852509,,
1791440561.949621,580176,frontend_frame,176,0,28551,35,8,163705344,264241152,226163200,264241152,,,,,,,,,,
1791440562.5397265,580176,tracking_feedback_accumulate,177,,28551,,,167783936,264241152,226163200,264241152,,,,,,,,6.069299997761846,,
1791440562.546227,580176,frontend_frame,177,0,28551,35,8,170536448,264241152,226163200,264241152,,,,,,,,,,
1791440563.0970926,580176,tracking_feedback_accumulate,178,,28551,,,174451200,264241152,226163200,264241152,,,,,,,,3.0223000794649124,,
1791440563.1025999,580176,frontend_frame,178,0,28551,35,8,163707392,264241152,226163200,264241152,,,,,,,,,,
1791440563.6936615,580176,tracking_feedback_accumulate,179,,28551,,,167785984,264241152,226163200,264241152,,,,,,,,2.8985999524593353,,
1791440563.6998587,580176,frontend_frame,179,0,28551,35,8,170539008,264241152,226163200,264241152,,,,,,,,,,
1791440564.396394,580176,tracking_feedback_accumulate,180,,28551,,,174453760,264241152,226163200,264241152,,,,,,,,2.837300067767501,,
1791440564.4050705,580176,frontend_frame,180,0,28551,36,8,181201920,264241152,226163200,264241152,,,,,,,,,,
1791440576.4071286,580176,tracking_feedback_accumulate,181,,27764,,,164984832,264241152,226163200,264241152,,,,,,,,2.917099976912141,,
1791440576.411637,580176,frontend_frame,181,0,27764,36,8,167537152,264241152,226163200,264241152,,,,,,,,,,
1791440577.1565795,580176,tracking_feedback_accumulate,182,,27764,,,171451904,264241152,226163200,264241152,,,,,,,,3.7268998567014933,,
1791440577.1627448,580176,frontend_frame,182,0,27764,36,8,174011392,264241152,226163200,264241152,,,,,,,,,,
1791440577.899573,580176,tracking_feedback_accumulate,183,,27764,,,164979712,264241152,226163200,264241152,,,,,,,,6.393000017851591,,
1791440577.905586,580176,frontend_frame,183,0,27764,36,8,167539200,264241152,226163200,264241152,,,,,,,,,,
1791440578.680906,580176,tracking_feedback_accumulate,184,,27764,,,171453952,264241152,226163200,264241152,,,,,,,,3.5159001126885414,,
1791440578.6856918,580176,frontend_frame,184,0,27764,36,8,174013440,264241152,226163200,264241152,,,,,,,,,,
1791440579.4826822,580176,tracking_feedback_accumulate,185,,27764,,,178092032,264241152,226163200,264241152,,,,,,,,3.5539998207241297,,
1791440579.5434003,580176,frontend_frame,185,0,27764,37,8,171537408,264241152,226163200,264241152,,,,,,,,,,
1791440591.704652,580176,tracking_feedback_accumulate,186,,27881,,,175462912,264241152,226163200,264241152,,,,,,,,2.9998000245541334,,
1791440591.709664,580176,frontend_frame,186,0,27881,37,8,178053120,264241152,226163200,264241152,,,,,,,,,,
1791440592.457956,580176,tracking_feedback_accumulate,187,,27881,,,182131712,264241152,226163200,264241152,,,,,,,,4.7512000892311335,,
1791440592.4654586,580176,frontend_frame,187,0,27881,37,8,171580928,264241152,226163200,264241152,,,,,,,,,,
1791440593.2155833,580176,tracking_feedback_accumulate,188,,27881,,,175495680,264241152,226163200,264241152,,,,,,,,2.928100060671568,,
1791440593.2200909,580176,frontend_frame,188,0,27881,37,8,178085376,264241152,226163200,264241152,,,,,,,,,,
1791440593.7901084,580176,tracking_feedback_accumulate,189,,27881,,,182163968,264241152,226163200,264241152,,,,,,,,2.8079000767320395,,
1791440593.7956126,580176,frontend_frame,189,0,27881,37,8,184753664,264241152,226163200,264241152,,,,,,,,,,
1791440594.340249,580176,tracking_feedback_accumulate,190,,27881,,,175497728,264241152,226163200,264241152,,,,,,,,3.1538999173790216,,
1791440594.416491,580176,frontend_frame,190,0,27881,38,8,182083584,264241152,226163200,264241152,,,,,,,,,,
1791440606.4656837,580176,tracking_feedback_accumulate,191,,28273,,,186189824,264241152,229854208,264241152,,,,,,,,5.910799838602543,,
1791440606.4731953,580176,frontend_frame,191,0,28273,38,8,188872704,264241152,229854208,264241152,,,,,,,,,,
1791440607.0297608,580176,tracking_feedback_accumulate,192,,28273,,,192787456,285212672,236433920,285212672,,,,,,,,3.0288000125437975,,
1791440607.0363326,580176,frontend_frame,192,0,28273,38,8,182206464,285212672,236433920,285212672,,,,,,,,,,
1791440607.705813,580176,tracking_feedback_accumulate,193,,28273,,,186285056,285212672,236433920,285212672,,,,,,,,5.8783001732081175,,
1791440607.711499,580176,frontend_frame,193,0,28273,38,8,188965376,285212672,236433920,285212672,,,,,,,,,,
1791440608.3388588,580176,tracking_feedback_accumulate,194,,28273,,,192880128,285212672,236492288,285212672,,,,,,,,2.942000050097704,,
1791440608.34437,580176,frontend_frame,194,0,28273,38,8,182208512,285212672,236492288,285212672,,,,,,,,,,
1791440609.073944,580176,tracking_feedback_accumulate,195,,28273,,,186205184,285212672,236492288,285212672,,,,,,,,2.937499899417162,,
1791440609.133787,580176,frontend_frame,195,0,28273,39,8,192881664,285212672,236492288,285212672,,,,,,,,,,
1791440621.3222451,580176,tracking_feedback_accumulate,196,,28739,,,196994048,285212672,240691712,285212672,,,,,,,,2.976400079205632,,
1791440621.3282816,580176,frontend_frame,196,0,28739,39,8,199790592,285212672,240691712,285212672,,,,,,,,,,
1791440621.8873117,580176,tracking_feedback_accumulate,197,,28739,,,190240768,285212672,240691712,285212672,,,,,,,,4.1837000753730536,,
1791440621.8928225,580176,frontend_frame,197,0,28739,39,8,193033728,285212672,240691712,285212672,,,,,,,,,,
1791440622.4863625,580176,tracking_feedback_accumulate,198,,28739,,,197030400,285212672,240691712,285212672,,,,,,,,6.654700031504035,,
1791440622.4953766,580176,frontend_frame,198,0,28739,39,8,199823360,285212672,240691712,285212672,,,,,,,,,,
1791440623.0215986,580176,tracking_feedback_accumulate,199,,28739,,,203820032,285212672,247307776,285212672,,,,,,,,3.8660001009702682,,
1791440623.0266054,580176,frontend_frame,199,0,28739,39,8,193035776,285212672,247307776,285212672,,,,,,,,,,
1791440623.6071997,580176,tracking_feedback_accumulate,200,,28739,,,197032448,285212672,247307776,285212672,,,,,,,,2.85980012267828,,
1791440623.6589699,580176,frontend_frame,200,0,28739,40,8,203821568,285212672,247307776,285212672,,,,,,,,,,
1791440635.7729464,580176,tracking_feedback_accumulate,201,,29869,,,181057024,285212672,247307776,285212672,,,,,,,,3.7477000150829554,,
1791440635.7769527,580176,frontend_frame,201,0,29869,40,8,184128000,285212672,247307776,285212672,,,,,,,,,,
1791440636.3323739,580176,tracking_feedback_accumulate,202,,29869,,,188206592,285212672,247307776,285212672,,,,,,,,2.974999835714698,,
1791440636.338026,580176,frontend_frame,202,0,29869,40,8,191269376,285212672,247307776,285212672,,,,,,,,,,
1791440636.9847515,580176,tracking_feedback_accumulate,203,,29869,,,195184128,285212672,247307776,285212672,,,,,,,,2.8916997835040092,,
1791440636.9892561,580176,frontend_frame,203,0,29869,40,8,184130048,285212672,247307776,285212672,,,,,,,,,,
1791440637.6614587,580176,tracking_feedback_accumulate,204,,29869,,,188208640,285212672,247307776,285212672,,,,,,,,3.0401002150028944,,
1791440637.6665864,580176,frontend_frame,204,0,29869,40,8,191271424,285212672,247307776,285212672,,,,,,,,,,
1791440638.303671,580176,tracking_feedback_accumulate,205,,29869,,,195186176,285212672,247307776,285212672,,,,,,,,2.895300043746829,,
1791440638.3548155,580176,frontend_frame,205,0,29869,41,8,202245120,285212672,247307776,285212672,,,,,,,,,,
1791440650.2930138,580176,tracking_feedback_accumulate,206,,30548,,,185110528,285212672,247307776,285212672,,,,,,,,5.122100003063679,,
1791440650.2990296,580176,frontend_frame,206,0,30548,41,8,188331520,285212672,247307776,285212672,,,,,,,,,,
1791440650.8014328,580176,tracking_feedback_accumulate,207,,30548,,,192328192,285212672,247307776,285212672,,,,,,,,5.7649000082165,,
1791440650.807232,580176,frontend_frame,207,0,30548,41,8,195544064,285212672,247307776,285212672,,,,,,,,,,
1791440651.3722122,580176,tracking_feedback_accumulate,208,,30548,,,185117696,285212672,247307776,285212672,,,,,,,,2.9376999009400606,,
1791440651.3772218,580176,frontend_frame,208,0,30548,41,8,188333568,285212672,247307776,285212672,,,,,,,,,,
1791440651.871878,580176,tracking_feedback_accumulate,209,,30548,,,192330240,285212672,247307776,285212672,,,,,,,,3.0849999748170376,,
1791440651.8768878,580176,frontend_frame,209,0,30548,41,8,195546112,285212672,247307776,285212672,,,,,,,,,,
1791440652.3889205,580176,tracking_feedback_accumulate,210,,30548,,,199624704,285212672,247307776,285212672,,,,,,,,3.010000102221966,,
1791440652.4416642,580176,frontend_frame,210,0,30548,42,8,192413696,285212672,247307776,285212672,,,,,,,,,,
1791440664.4760134,580176,tracking_feedback_accumulate,211,,31070,,,196366336,285212672,247307776,285212672,,,,,,,,2.88009992800653,,
1791440664.4806778,580176,frontend_frame,211,0,31070,42,8,199712768,285212672,247307776,285212672,,,,,,,,,,
1791440665.020441,580176,tracking_feedback_accumulate,212,,31070,,,203791360,285212672,247595520,285212672,,,,,,,,3.328799968585372,,
1791440665.0269575,580176,frontend_frame,212,0,31070,42,8,192584192,285212672,247595520,285212672,,,,,,,,,,
1791440665.579772,580176,tracking_feedback_accumulate,213,,31070,,,196498944,285212672,247595520,285212672,,,,,,,,2.963900100439787,,
1791440665.584776,580176,frontend_frame,213,0,31070,42,8,199841792,285212672,247595520,285212672,,,,,,,,,,
1791440666.1755786,580176,tracking_feedback_accumulate,214,,31070,,,203920384,285212672,247820288,285212672,,,,,,,,2.7544000186026096,,
1791440666.1807625,580176,frontend_frame,214,0,31070,42,8,207263232,285212672,247820288,285212672,,,,,,,,,,
1791440666.9047794,580176,tracking_feedback_accumulate,215,,31070,,,196500992,285212672,247820288,285212672,,,,,,,,2.9123001731932163,,
1791440666.9578402,580176,frontend_frame,215,0,31070,43,8,203840000,285212672,247820288,285212672,,,,,,,,,,
1791440679.3218603,580176,tracking_feedback_accumulate,216,,32404,,,207926784,306184192,252205568,306184192,,,,,,,,2.968000015243888,,
1791440679.3263626,580176,frontend_frame,216,0,32404,43,8,211595776,306184192,252205568,306184192,,,,,,,,,,
1791440679.93094,580176,tracking_feedback_accumulate,217,,32404,,,215674368,306184192,259986432,306184192,,,,,,,,2.9374000150710344,,
1791440679.9371781,580176,frontend_frame,217,0,32404,43,8,219333120,306184192,259986432,306184192,,,,,,,,,,
1791440680.5939903,580176,tracking_feedback_accumulate,218,,32404,,,200600576,306184192,259986432,306184192,,,,,,,,3.229399910196662,,
1791440680.5995145,580176,frontend_frame,218,0,32404,43,8,204259328,306184192,259986432,306184192,,,,,,,,,,
1791440681.1681879,580176,tracking_feedback_accumulate,219,,32404,,,208256000,306184192,259986432,306184192,,,,,,,,5.90119999833405,,
1791440681.1771986,580176,frontend_frame,219,0,32404,43,8,211914752,306184192,259986432,306184192,,,,,,,,,,
1791440681.6979594,580176,tracking_feedback_accumulate,220,,32404,,,215993344,306184192,261359616,306184192,,,,,,,,3.084199968725443,,
1791440681.7536163,580176,frontend_frame,220,0,32404,44,8,208339456,306184192,261359616,306184192,,,,,,,,,,
1791440693.8079088,580176,tracking_feedback_accumulate,221,,32660,,,212273152,306184192,261359616,306184192,,,,,,,,5.9772999957203865,,
1791440693.8164186,580176,frontend_frame,221,0,32660,44,8,215993856,306184192,261359616,306184192,,,,,,,,,,
1791440694.2556708,580176,tracking_feedback_accumulate,222,,32660,,,219990528,306184192,264691712,306184192,,,,,,,,2.971799811348319,,
1791440694.2616832,580176,frontend_frame,222,0,32660,44,8,208340480,306184192,264691712,306184192,,,,,,,,,,
1791440694.8345792,580176,tracking_feedback_accumulate,223,,32660,,,212419072,306184192,264691712,306184192,,,,,,,,3.6159998271614313,,
1791440694.8401124,580176,frontend_frame,223,0,32660,44,8,216138240,306184192,264691712,306184192,,,,,,,,,,
1791440695.2308912,580176,tracking_feedback_accumulate,224,,32660,,,220052992,306184192,264979968,306184192,,,,,,,,2.998699899762869,,
1791440695.2358973,580176,frontend_frame,224,0,32660,44,8,223772160,306184192,264979968,306184192,,,,,,,,,,
1791440695.7042172,580176,tracking_feedback_accumulate,225,,32660,,,204706304,306184192,264979968,306184192,,,,,,,,3.1266999430954456,,
1791440695.7569554,580176,frontend_frame,225,0,32660,45,8,212421632,306184192,264979968,306184192,,,,,,,,,,
1791440707.858156,580176,tracking_feedback_accumulate,226,,33548,,,208682496,306184192,264979968,306184192,,,,,,,,3.01510002464056,,
1791440707.864157,580176,frontend_frame,226,0,33548,45,8,212619776,306184192,264979968,306184192,,,,,,,,,,
1791440708.4164987,580176,tracking_feedback_accumulate,227,,33548,,,216616448,306184192,264979968,306184192,,,,,,,,3.3454999793320894,,
1791440708.4210036,580176,frontend_frame,227,0,33548,45,8,220547072,306184192,264979968,306184192,,,,,,,,,,
1791440708.9183393,580176,tracking_feedback_accumulate,228,,33548,,,224543744,306184192,269441536,306184192,,,,,,,,3.047499805688858,,
1791440708.9270158,580176,frontend_frame,228,0,33548,45,8,205283328,306184192,269441536,306184192,,,,,,,,,,
1791440709.4267726,580176,tracking_feedback_accumulate,229,,33548,,,209280000,306184192,269441536,306184192,,,,,,,,2.918299986049533,,
1791440709.4312809,580176,frontend_frame,229,0,33548,45,8,213210624,306184192,269441536,306184192,,,,,,,,,,
1791440710.027195,580176,tracking_feedback_accumulate,230,,33548,,,217207296,306184192,269441536,306184192,,,,,,,,2.928899833932519,,
1791440710.081555,580176,frontend_frame,230,0,33548,46,8,209281536,306184192,269441536,306184192,,,,,,,,,,
1791440722.272524,580176,tracking_feedback_accumulate,231,,34089,,,213395968,306184192,269441536,306184192,,,,,,,,3.2917000353336334,,
1791440722.278536,580176,frontend_frame,231,0,34089,46,8,217453056,306184192,269441536,306184192,,,,,,,,,,
1791440722.7469413,580176,tracking_feedback_accumulate,232,,34089,,,221367808,306184192,269441536,306184192,,,,,,,,3.242200007662177,,
1791440722.7514489,580176,frontend_frame,232,0,34089,46,8,225421312,306184192,269441536,306184192,,,,,,,,,,
1791440723.3081362,580176,tracking_feedback_accumulate,233,,34089,,,213401600,306184192,269441536,306184192,,,,,,,,2.6595001108944416,,
1791440723.3116403,580176,frontend_frame,233,0,34089,46,8,217455104,306184192,269441536,306184192,,,,,,,,,,
1791440723.8339064,580176,tracking_feedback_accumulate,234,,34089,,,221369856,306184192,269441536,306184192,,,,,,,,2.990699838846922,,
1791440723.8399339,580176,frontend_frame,234,0,34089,46,8,225423360,306184192,269441536,306184192,,,,,,,,,,
1791440724.4431772,580176,tracking_feedback_accumulate,235,,34089,,,229501952,306184192,274562560,306184192,,,,,,,,3.2230999786406755,,
1791440724.49998,580176,frontend_frame,235,0,34089,47,8,221453312,306184192,274562560,306184192,,,,,,,,,,
1791440736.4869945,580176,tracking_feedback_accumulate,236,,34901,,,225422848,327155712,274562560,327155712,,,,,,,,3.114100079983473,,
1791440736.4899964,580176,frontend_frame,236,0,34901,47,8,229671936,327155712,274562560,327155712,,,,,,,,,,
1791440737.0265532,580176,tracking_feedback_accumulate,237,,34901,,,233750528,329252864,280335872,329252864,,,,,,,,3.26410005800426,,
1791440737.0306156,580176,frontend_frame,237,0,34901,47,8,221705728,329252864,280335872,329252864,,,,,,,,,,
1791440737.6492054,580176,tracking_feedback_accumulate,238,,34901,,,225620480,329252864,280335872,329252864,,,,,,,,2.918899990618229,,
1791440737.654207,580176,frontend_frame,238,0,34901,47,8,229863424,329252864,280335872,329252864,,,,,,,,,,
1791440738.1334765,580176,tracking_feedback_accumulate,239,,34901,,,233860096,329252864,280496128,329252864,,,,,,,,3.077700035646558,,
1791440738.1385248,580176,frontend_frame,239,0,34901,47,8,238103040,331350016,280496128,331350016,,,,,,,,,,
1791440738.5892797,580176,tracking_feedback_accumulate,240,,34901,,,217465856,331350016,280496128,331350016,,,,,,,,2.758299931883812,,
1791440738.593787,580176,frontend_frame,240,0,34901,47,8,221709312,274726912,280496128,331350016,,,,,,,,,,
1791440739.2000525,580176,tracking_feedback_accumulate,241,,34901,,,225624064,320864256,280496128,331350016,,,,,,,,6.332499906420708,,
1791440739.258384,580176,frontend_frame,241,0,34901,48,8,233862656,322961408,280496128,331350016,,,,,,,,,,
1791440751.6407194,580176,tracking_feedback_accumulate,242,,35621,,,221432320,322961408,280496128,331350016,,,,,,,,2.9224001336842775,,
1791440751.6457283,580176,frontend_frame,242,0,35621,48,8,225853440,322961408,280496128,331350016,,,,,,,,,,
1791440752.10976,580176,tracking_feedback_accumulate,243,,35621,,,229932032,322961408,280496128,331350016,,,,,,,,5.9903000947088,,
1791440752.1168413,580176,frontend_frame,243,0,35621,48,8,234348032,325058560,280496128,331350016,,,,,,,,,,
1791440752.556574,580176,tracking_feedback_accumulate,244,,35621,,,238262784,329252864,285291008,331350016,,,,,,,,3.1701999250799417,,
1791440752.5622692,580176,frontend_frame,244,0,35621,48,8,225855488,329252864,285291008,331350016,,,,,,,,,,
1791440753.0121946,580176,tracking_feedback_accumulate,245,,35621,,,229852160,329252864,285291008,331350016,,,,,,,,3.1159999780356884,,
1791440753.0172791,580176,frontend_frame,245,0,35621,48,8,234268160,329252864,285291008,331350016,,,,,,,,,,
1791440753.477649,580176,tracking_feedback_accumulate,246,,35621,,,238346752,329252864,285291008,331350016,,,,,,,,3.1882000621408224,,
1791440753.482155,580176,frontend_frame,246,0,35621,48,8,242763264,333447168,285291008,333447168,,,,,,,,,,
1791440753.9958794,580176,tracking_feedback_accumulate,247,,35621,,,221443072,333447168,285291008,333447168,,,,,,,,3.15140001475811,,
1791440754.0000322,580176,frontend_frame,247,0,35621,48,8,225859072,333447168,285291008,333447168,,,,,,,,,,
1791440754.573926,580176,tracking_feedback_accumulate,248,,35621,,,229855744,333447168,285291008,333447168,,,,,,,,5.9963001403957605,,
1791440754.6235647,580176,frontend_frame,248,0,35621,49,8,238267392,333447168,285291008,333447168,,,,,,,,,,
1791440766.3184502,580176,tracking_feedback_accumulate,249,,31413,,,225252864,333447168,285291008,333447168,,,,,,,,5.855099996551871,,
1791440766.3269703,580176,frontend_frame,249,0,31413,49,8,228643840,333447168,285291008,333447168,,,,,,,,,,
1791440766.803756,580176,tracking_feedback_accumulate,250,,31413,,,232558592,333447168,285291008,333447168,,,,,,,,5.705100018531084,,
1791440766.8135319,580176,frontend_frame,250,0,31413,49,8,235983872,276824064,285291008,333447168,,,,,,,,,,
1791440767.3040717,580176,tracking_feedback_accumulate,251,,31413,,,240062464,325058560,285310976,333447168,,,,,,,,3.254199866205454,,
1791440767.3110912,580176,frontend_frame,251,0,31413,49,8,228645888,325058560,285310976,333447168,,,,,,,,,,
1791440767.81624,580176,tracking_feedback_accumulate,252,,31413,,,232560640,325058560,285310976,333447168,,,,,,,,3.306199796497822,,
1791440767.8212445,580176,frontend_frame,252,0,31413,49,8,235985920,325058560,285310976,333447168,,,,,,,,,,
1791440768.3467848,580176,tracking_feedback_accumulate,253,,31413,,,240064512,325058560,285313024,333447168,,,,,,,,2.9500999953597784,,
1791440768.351787,580176,frontend_frame,253,0,31413,49,8,243490304,329252864,285313024,333447168,,,,,,,,,,
1791440768.8774881,580176,tracking_feedback_accumulate,254,,31413,,,225142272,329252864,285313024,333447168,,,,,,,,3.2178000546991825,,
1791440768.9346347,580176,frontend_frame,254,0,31413,50,8,232563200,329252864,285313024,333447168,,,,,,,,,,
1791440780.8574123,580176,tracking_feedback_accumulate,255,,31529,,,221303296,329252864,285313024,333447168,,,,,,,,3.0638999305665493,,
1791440780.8624153,580176,frontend_frame,255,0,31529,50,8,224753152,329252864,285313024,333447168,,,,,,,,,,
1791440781.5100746,580176,tracking_feedback_accumulate,256,,31529,,,228667904,329252864,285313024,333447168,,,,,,,,3.2297999132424593,,
1791440781.516392,580176,frontend_frame,256,0,31529,50,8,232117248,329252864,285313024,333447168,,,,,,,,,,
1791440782.189838,580176,tracking_feedback_accumulate,257,,31529,,,236195840,329252864,285313024,333447168,,,,,,,,3.184800036251545,,
1791440782.1948369,580176,frontend_frame,257,0,31529,50,8,224755200,329252864,285313024,333447168,,,,,,,,,,
1791440782.8041646,580176,tracking_feedback_accumulate,258,,31529,,,228669952,329252864,285313024,333447168,,,,,,,,5.613800138235092,,
1791440782.813178,580176,frontend_frame,258,0,31529,50,8,232119296,329252864,285313024,333447168,,,,,,,,,,
1791440783.557016,580176,tracking_feedback_accumulate,259,,31529,,,236197888,329252864,285313024,333447168,,,,,,,,2.8609000146389008,,
1791440783.6085365,580176,frontend_frame,259,0,31529,51,8,243643392,329252864,285313024,333447168,,,,,,,,,,
1791440795.4707766,580176,tracking_feedback_accumulate,260,,30646,,,225169408,329252864,285313024,333447168,,,,,,,,3.4383998718112707,,
1791440795.4763122,580176,frontend_frame,260,0,30646,51,8,228405760,291504128,285313024,333447168,,,,,,,,,,
1791440796.0090702,580176,tracking_feedback_accumulate,261,,30646,,,232402432,312475648,285313024,333447168,,,,,,,,2.7917001862078905,,
1791440796.014076,580176,frontend_frame,261,0,30646,51,8,235646464,314572800,285313024,333447168,,,,,,,,,,
1791440796.5012894,580176,tracking_feedback_accumulate,262,,30646,,,225245696,314572800,285313024,333447168,,,,,,,,3.23089980520308,,
1791440796.5063014,580176,frontend_frame,262,0,30646,51,8,228489728,314572800,285313024,333447168,,,,,,,,,,
1791440797.131192,580176,tracking_feedback_accumulate,263,,30646,,,232404480,314572800,285313024,333447168,,,,,,,,3.003600053489208,,
1791440797.1372042,580176,frontend_frame,263,0,30646,51,8,235648512,314572800,285313024,333447168,,,,,,,,,,
1791440797.8179982,580176,tracking_feedback_accumulate,264,,30646,,,239645184,316669952,285313024,333447168,,,,,,,,6.156799849122763,,
1791440797.8700974,580176,frontend_frame,264,0,30646,52,8,232406016,316669952,285313024,333447168,,,,,,,,,,
1791440809.7889087,580176,tracking_feedback_accumulate,265,,29358,,,236404224,316669952,285313024,333447168,,,,,,,,2.9247000347822905,,
1791440809.793415,580176,frontend_frame,265,0,29358,52,8,239335424,316669952,285313024,333447168,,,,,,,,,,
1791440810.387105,580176,tracking_feedback_accumulate,266,,29358,,,243250176,318767104,286621696,333447168,,,,,,,,3.210800001397729,,
1791440810.392612,580176,frontend_frame,266,0,29358,52,8,232014848,318767104,286621696,333447168,,,,,,,,,,
1791440811.055878,580176,tracking_feedback_accumulate,267,,29358,,,236011520,318767104,286621696,333447168,,,,,,,,3.4592999145388603,,
1791440811.0616949,580176,frontend_frame,267,0,29358,52,8,238953472,318767104,286621696,333447168,,,,,,,,,,
1791440811.4497955,580176,tracking_feedback_accumulate,268,,29358,,,243032064,318767104,286621696,333447168,,,,,,,,2.881099935621023,,
1791440811.4543004,580176,frontend_frame,268,0,29358,52,8,245974016,320864256,286621696,333447168,,,,,,,,,,
1791440812.157211,580176,tracking_feedback_accumulate,269,,29358,,,236013568,320864256,286621696,333447168,,,,,,,,6.479999981820583,,
1791440812.1712565,580176,frontend_frame,269,0,29358,53,8,242951680,320864256,286621696,333447168,,,,,,,,,,
1791440824.0223265,580176,tracking_feedback_accumulate,270,,29739,,,247057920,320864256,290483200,333447168,,,,,,,,6.385499844327569,,
1791440824.0320609,580176,frontend_frame,270,0,29739,53,8,250093056,299892736,290483200,333447168,,,,,,,,,,
1791440824.7910702,580176,tracking_feedback_accumulate,271,,29739,,,254007808,346030080,297452544,346030080,,,,,,,,2.89339991286397,,
1791440824.7970777,580176,frontend_frame,271,0,29739,53,8,243074560,346030080,297452544,346030080,,,,,,,,,,
1791440825.4872632,580176,tracking_feedback_accumulate,272,,29739,,,247153152,346030080,297452544,346030080,,,,,,,,3.2971000764518976,,
1791440825.4917676,580176,frontend_frame,272,0,29739,53,8,250185728,346030080,297452544,346030080,,,,,,,,,,
1791440825.9593759,580176,tracking_feedback_accumulate,273,,29739,,,254100480,346030080,297452544,346030080,,,,,,,,3.070699982345104,,
1791440825.9643757,580176,frontend_frame,273,0,29739,53,8,243076608,346030080,297452544,346030080,,,,,,,,,,
1791440826.6679237,580176,tracking_feedback_accumulate,274,,29739,,,247155200,346030080,297452544,346030080,,,,,,,,2.8753001242876053,,
1791440826.7198305,580176,frontend_frame,274,0,29739,54,8,254183936,346030080,297452544,346030080,,,,,,,,,,
1791440838.5365427,580176,tracking_feedback_accumulate,275,,29996,,,258117632,346030080,300837376,346030080,,,,,,,,3.239500103518367,,
1791440838.5421107,580176,frontend_frame,275,0,29996,54,8,261212160,350224384,300837376,350224384,,,,,,,,,,
1791440838.9896872,580176,tracking_feedback_accumulate,276,,29996,,,251091968,350224384,300837376,350224384,,,,,,,,3.1664001289755106,,
1791440838.9966931,580176,frontend_frame,276,0,29996,54,8,254184960,350224384,300837376,350224384,,,,,,,,,,
1791440839.7480884,580176,tracking_feedback_accumulate,277,,29996,,,258263552,350224384,300917760,350224384,,,,,,,,3.0642999336123466,,
1791440839.7531037,580176,frontend_frame,277,0,29996,54,8,261356544,350224384,300917760,350224384,,,,,,,,,,
1791440840.5132902,580176,tracking_feedback_accumulate,278,,29996,,,251094016,354418688,307505152,354418688,,,,,,,,3.1572000589221716,,
1791440840.5190234,580176,frontend_frame,278,0,29996,54,8,254187008,354418688,307505152,354418688,,,,,,,,,,
1791440841.319359,580176,tracking_feedback_accumulate,279,,29996,,,258265600,354418688,307505152,354418688,,,,,,,,3.4279997926205397,,
1791440841.3764005,580176,frontend_frame,279,0,29996,55,8,265354752,354418688,307505152,354418688,,,,,,,,,,
1791440853.161719,580176,tracking_feedback_accumulate,280,,30679,,,255138304,354418688,307505152,354418688,,,,,,,,5.70839992724359,,
1791440853.1709116,580176,frontend_frame,280,0,30679,55,8,258395648,322961408,307505152,354418688,,,,,,,,,,
1791440853.9278934,580176,tracking_feedback_accumulate,281,,30679,,,262474240,348127232,307505152,354418688,,,,,,,,5.958300083875656,,
1791440853.9338932,580176,frontend_frame,281,0,30679,55,8,265726464,350224384,307505152,354418688,,,,,,,,,,
1791440854.6958125,580176,tracking_feedback_accumulate,282,,30679,,,269641216,354418688,312442880,354418688,,,,,,,,4.10089991055429,,
1791440854.710052,580176,frontend_frame,282,0,30679,55,8,244431872,354418688,312442880,354418688,,,,,,,,,,
1791440855.4908028,580176,tracking_feedback_accumulate,283,,30679,,,248510464,354418688,312442880,354418688,,,,,,,,2.906900132074952,,
1791440855.4958029,580176,frontend_frame,283,0,30679,55,8,251762688,354418688,312442880,354418688,,,,,,,,,,
1791440856.2070024,580176,tracking_feedback_accumulate,284,,30679,,,255677440,354418688,312442880,354418688,,,,,,,,3.0280998907983303,,
1791440856.2615893,580176,frontend_frame,284,0,30679,56,8,262925824,354418688,312442880,354418688,,,,,,,,,,
1791440868.2863123,580176,tracking_feedback_accumulate,285,,31343,,,245305344,354418688,312442880,354418688,,,,,,,,2.9015999753028154,,
1791440868.2903163,580176,frontend_frame,285,0,31343,56,8,248715264,354418688,312442880,354418688,,,,,,,,,,
1791440868.9689333,580176,tracking_feedback_accumulate,286,,31343,,,252630016,354418688,312442880,354418688,,,,,,,,2.7395000215619802,,
1791440868.9734383,580176,frontend_frame,286,0,31343,56,8,256035328,354418688,312442880,354418688,,,,,,,,,,
1791440869.679928,580176,tracking_feedback_accumulate,287,,31343,,,245230080,354418688,312442880,354418688,,,,,,,,3.349500009790063,,
1791440869.6858768,580176,frontend_frame,287,0,31343,56,8,248635392,354418688,312442880,354418688,,,,,,,,,,
1791440870.3539374,580176,tracking_feedback_accumulate,288,,31343,,,252632064,354418688,312442880,354418688,,,,,,,,2.958799945190549,,
1791440870.3589458,580176,frontend_frame,288,0,31343,56,8,256037376,354418688,312442880,354418688,,,,,,,,,,
1791440870.908159,580176,tracking_feedback_accumulate,289,,31343,,,260034048,354418688,312442880,354418688,,,,,,,,5.584900034591556,,
1791440870.960534,580176,frontend_frame,289,0,31343,57,8,252633600,354418688,312442880,354418688,,,,,,,,,,
1791440882.9799855,580176,tracking_feedback_accumulate,290,,31860,,,256666112,354418688,312442880,354418688,,,,,,,,3.1210999004542828,,
1791440882.9863484,580176,frontend_frame,290,0,31860,57,8,260195840,316669952,312442880,354418688,,,,,,,,,,
1791440883.6214669,580176,tracking_feedback_accumulate,291,,31860,,,264192512,341835776,312442880,354418688,,,,,,,,3.077500034123659,,
1791440883.628477,580176,frontend_frame,291,0,31860,57,8,267718656,343932928,312442880,354418688,,,,,,,,,,
1791440884.3979373,580176,tracking_feedback_accumulate,292,,31860,,,249352704,343932928,312442880,354418688,,,,,,,,3.104599891230464,,
1791440884.4024413,580176,frontend_frame,292,0,31860,57,8,252878848,343932928,312442880,354418688,,,,,,,,,,
1791440885.0162997,580176,tracking_feedback_accumulate,293,,31860,,,256793600,343932928,312442880,354418688,,,,,,,,2.964999992400408,,
1791440885.021302,580176,frontend_frame,293,0,31860,57,8,260319744,343932928,312442880,354418688,,,,,,,,,,
1791440885.6412275,580176,tracking_feedback_accumulate,294,,31860,,,264398336,343932928,312442880,354418688,,,,,,,,2.9835000168532133,,
1791440885.692925,580176,frontend_frame,294,0,31860,58,8,256877056,343932928,312442880,354418688,,,,,,,,,,
1791440897.6019845,580176,tracking_feedback_accumulate,295,,32078,,,260808704,343932928,312442880,354418688,,,,,,,,3.19099985063076,,
1791440897.6069963,580176,frontend_frame,295,0,32078,58,8,264388608,343932928,312442880,354418688,,,,,,,,,,
1791440898.1799204,580176,tracking_feedback_accumulate,296,,32078,,,268467200,343932928,312442880,354418688,,,,,,,,2.7880999259650707,,
1791440898.186428,580176,frontend_frame,296,0,32078,58,8,256949760,343932928,312442880,354418688,,,,,,,,,,
1791440898.6290855,580176,tracking_feedback_accumulate,297,,32078,,,260864512,364904448,312442880,364904448,,,,,,,,3.44299990683794,,
1791440898.63459,580176,frontend_frame,297,0,32078,58,8,264442880,364904448,312442880,364904448,,,,,,,,,,
1791440899.2821546,580176,tracking_feedback_accumulate,298,,32078,,,268521472,364904448,312442880,364904448,,,,,,,,4.614100093021989,,
1791440899.2873464,580176,frontend_frame,298,0,32078,58,8,272099840,367001600,312442880,367001600,,,,,,,,,,
1791440899.9420817,580176,tracking_feedback_accumulate,299,,32078,,,260866560,367001600,312442880,367001600,,,,,,,,2.7679000049829483,,
1791440899.9971788,580176,frontend_frame,299,0,32078,59,8,268441088,367001600,312442880,367001600,,,,,,,,,,
1791440911.8099399,580176,tracking_feedback_accumulate,300,,32475,,,272467456,367001600,316563968,367001600,,,,,,,,3.0231999699026346,,
1791440911.815448,580176,frontend_frame,300,0,32475,59,8,276145152,325058560,316563968,367001600,,,,,,,,,,
1791440912.3182359,580176,tracking_feedback_accumulate,301,,32475,,,264897024,373293056,323552768,373293056,,,,,,,,3.002600045874715,,
1791440912.323739,580176,frontend_frame,301,0,32475,59,8,268572160,373293056,323552768,373293056,,,,,,,,,,
1791440913.0070772,580176,tracking_feedback_accumulate,302,,32475,,,272650752,373293056,323552768,373293056,,,,,,,,3.05169983766973,,
1791440913.0140805,580176,frontend_frame,302,0,32475,59,8,276325888,373293056,323552768,373293056,,,,,,,,,,
1791440913.5791867,580176,tracking_feedback_accumulate,303,,32475,,,280240640,373293056,324423680,373293056,,,,,,,,3.2395999878644943,,
1791440913.5842605,580176,frontend_frame,303,0,32475,59,8,268574208,373293056,324423680,373293056,,,,,,,,,,
1791440914.2774718,580176,tracking_feedback_accumulate,304,,32475,,,272570880,373293056,324423680,373293056,,,,,,,,2.898799953982234,,
1791440914.328879,580176,frontend_frame,304,0,32475,60,8,280242176,373293056,324423680,373293056,,,,,,,,,,
1791440926.3699703,580176,tracking_feedback_accumulate,305,,32790,,,268920832,373293056,324423680,373293056,,,,,,,,2.9892001766711473,,
1791440926.3754725,580176,frontend_frame,305,0,32790,60,8,272672256,373293056,324423680,373293056,,,,,,,,,,
1791440926.9805143,580176,tracking_feedback_accumulate,306,,32790,,,276668928,373293056,324423680,373293056,,,,,,,,5.4148000199347734,,
1791440926.9865263,580176,frontend_frame,306,0,32790,60,8,280418304,373293056,324423680,373293056,,,,,,,,,,
1791440927.61357,580176,tracking_feedback_accumulate,307,,32790,,,284496896,373293056,328944640,373293056,,,,,,,,3.260500030592084,,
1791440927.6187491,580176,frontend_frame,307,0,32790,60,8,272756224,373293056,328944640,373293056,,,,,,,,,,
1791440928.3054578,580176,tracking_feedback_accumulate,308,,32790,,,276670976,373293056,328944640,373293056,,,,,,,,2.9209000058472157,,
1791440928.310515,580176,frontend_frame,308,0,32790,60,8,280420352,373293056,328944640,373293056,,,,,,,,,,
1791440928.971211,580176,tracking_feedback_accumulate,309,,32790,,,284498944,375390208,328979968,375390208,,,,,,,,2.737100003287196,,
1791440929.035755,580176,frontend_frame,309,0,32790,61,8,269180416,375390208,328979968,375390208,,,,,,,,,,
1791440940.9812272,580176,tracking_feedback_accumulate,310,,30923,,,272974848,375390208,328979968,375390208,,,,,,,,2.877800026908517,,
1791440940.9869075,580176,frontend_frame,310,0,30923,61,8,276265984,341835776,328979968,375390208,,,,,,,,,,
1791440941.4771025,580176,tracking_feedback_accumulate,311,,30923,,,280344576,364904448,328979968,375390208,,,,,,,,5.967899924144149,,
1791440941.4831212,580176,frontend_frame,311,0,30923,61,8,283651072,367001600,328979968,375390208,,,,,,,,,,
1791440942.1970067,580176,tracking_feedback_accumulate,312,,30923,,,272961536,367001600,328979968,375390208,,,,,,,,3.192000091075897,,
1791440942.2025144,580176,frontend_frame,312,0,30923,61,8,276268032,367001600,328979968,375390208,,,,,,,,,,
1791440942.9681673,580176,tracking_feedback_accumulate,313,,30923,,,280346624,367001600,328979968,375390208,,,,,,,,2.7769000735133886,,
1791440942.9723897,580176,frontend_frame,313,0,30923,61,8,283653120,369098752,328979968,375390208,,,,,,,,,,
1791440943.5873768,580176,tracking_feedback_accumulate,314,,30923,,,287567872,373293056,331660288,375390208,,,,,,,,2.8518999461084604,,
1791440943.5958807,580176,frontend_frame,314,0,30923,62,8,280266240,373293056,331660288,375390208,,,,,,,,,,
1791440955.5837605,580176,tracking_feedback_accumulate,315,,29822,,,284274688,373293056,331660288,375390208,,,,,,,,2.927500056102872,,
1791440955.588938,580176,frontend_frame,315,0,29822,62,8,287307776,373293056,331660288,375390208,,,,,,,,,,
1791440956.3614604,580176,tracking_feedback_accumulate,316,,29822,,,291222528,373293056,335254016,375390208,,,,,,,,3.008499974384904,,
1791440956.3664675,580176,frontend_frame,316,0,29822,62,8,279924736,373293056,335254016,375390208,,,,,,,,,,
1791440956.9241285,580176,tracking_feedback_accumulate,317,,29822,,,284003328,373293056,335254016,375390208,,,,,,,,2.615799894556403,,
1791440956.9281373,580176,frontend_frame,317,0,29822,62,8,287046144,373293056,335254016,375390208,,,,,,,,,,
1791440957.5292842,580176,tracking_feedback_accumulate,318,,29822,,,290960896,373293056,335254016,375390208,,,,,,,,2.8015999123454094,,
1791440957.5357883,580176,frontend_frame,318,0,29822,62,8,294003712,375390208,335254016,375390208,,,,,,,,,,
1791440958.365702,580176,tracking_feedback_accumulate,319,,29822,,,276966912,375390208,335254016,375390208,,,,,,,,3.1655000057071447,,
1791440958.4177206,580176,frontend_frame,319,0,29822,63,8,284005888,375390208,335254016,375390208,,,,,,,,,,
1791440970.3665564,580176,tracking_feedback_accumulate,320,,29436,,,287898112,396361728,335254016,396361728,,,,,,,,3.347699996083975,,
1791440970.3730688,580176,frontend_frame,320,0,29436,63,8,290846720,343932928,335254016,396361728,,,,,,,,,,
1791440971.0315635,580176,tracking_feedback_accumulate,321,,29436,,,280939008,385875968,335254016,396361728,,,,,,,,3.205500077456236,,
1791440971.0371509,580176,frontend_frame,321,0,29436,63,8,283891200,385875968,335254016,396361728,,,,,,,,,,
1791440971.775619,580176,tracking_feedback_accumulate,322,,29436,,,287805952,385875968,335254016,396361728,,,,,,,,2.985600149258971,,
1791440971.7808099,580176,frontend_frame,322,0,29436,63,8,290758144,390070272,335254016,396361728,,,,,,,,,,
1791440972.4310036,580176,tracking_feedback_accumulate,323,,29436,,,294836736,392167424,338973184,396361728,,,,,,,,2.906900132074952,,
1791440972.4355087,580176,frontend_frame,323,0,29436,63,8,283893248,392167424,338973184,396361728,,,,,,,,,,
1791440972.8656042,580176,tracking_feedback_accumulate,324,,29436,,,287808000,392167424,338973184,396361728,,,,,,,,2.9961999971419573,,
1791440972.914714,580176,frontend_frame,324,0,29436,64,8,294756352,392167424,338973184,396361728,,,,,,,,,,
1791440984.9376159,580176,tracking_feedback_accumulate,325,,29323,,,298751488,392167424,342810112,396361728,,,,,,,,3.0088000930845737,,
1791440984.9431174,580176,frontend_frame,325,0,29323,64,8,287788544,392167424,342810112,396361728,,,,,,,,,,
1791440985.5109708,580176,tracking_feedback_accumulate,326,,29323,,,291785216,392167424,342810112,396361728,,,,,,,,2.9129001777619123,,
1791440985.5154757,580176,frontend_frame,326,0,29323,64,8,294718976,392167424,342810112,396361728,,,,,,,,,,
1791440986.0541985,580176,tracking_feedback_accumulate,327,,29323,,,298715648,394264576,343843840,396361728,,,,,,,,2.861300017684698,,
1791440986.0597146,580176,frontend_frame,327,0,29323,64,8,301649408,396361728,343843840,396361728,,,,,,,,,,
1791440986.727036,580176,tracking_feedback_accumulate,328,,29323,,,291869184,396361728,343843840,396361728,,,,,,,,3.0215999577194452,,
1791440986.7320392,580176,frontend_frame,328,0,29323,64,8,294802944,396361728,343843840,396361728,,,,,,,,,,
1791440987.4890265,580176,tracking_feedback_accumulate,329,,29323,,,298717696,396361728,343845888,396361728,,,,,,,,3.0066000763326883,,
1791440987.5374205,580176,frontend_frame,329,0,29323,65,8,305647616,396361728,343845888,396361728,,,,,,,,,,
1791440999.5540073,580176,tracking_feedback_accumulate,330,,29733,,,295813120,396361728,343845888,396361728,,,,,,,,3.183000022545457,,
1791440999.5595307,580176,frontend_frame,330,0,29733,65,8,298842112,348127232,343845888,396361728,,,,,,,,,,
1791441000.291902,580176,tracking_feedback_accumulate,331,,29733,,,302838784,394264576,348004864,396361728,,,,,,,,5.901499884203076,,
1791441000.301117,580176,frontend_frame,331,0,29733,65,8,305865216,396361728,348004864,396361728,,,,,,,,,,
1791441000.8064902,580176,tracking_feedback_accumulate,332,,29733,,,309943808,400556032,353947136,400556032,,,,,,,,5.7882999535650015,,
1791441000.8131804,580176,frontend_frame,332,0,29733,65,8,298926080,400556032,353947136,400556032,,,,,,,,,,
1791441001.385622,580176,tracking_feedback_accumulate,333,,29733,,,302840832,400556032,353947136,400556032,,,,,,,,6.917699938639998,,
1791441001.394133,580176,frontend_frame,333,0,29733,65,8,305867264,400556032,353947136,400556032,,,,,,,,,,
1791441002.0208037,580176,tracking_feedback_accumulate,334,,29733,,,309945856,400556032,353947136,400556032,,,,,,,,6.858599837869406,,
1791441002.1098194,580176,frontend_frame,334,0,29733,66,8,302924288,400556032,353947136,400556032,,,,,,,,,,
1791441014.1781747,580176,tracking_feedback_accumulate,335,,30343,,,306883072,400556032,353947136,400556032,,,,,,,,3.3684000372886658,,
1791441014.1836832,580176,frontend_frame,335,0,30343,66,8,310063104,400556032,353947136,400556032,,,,,,,,,,
1791441014.700257,580176,tracking_feedback_accumulate,336,,30343,,,314059776,402653184,358177792,402653184,,,,,,,,3.2840000931173563,,
1791441014.705764,580176,frontend_frame,336,0,30343,66,8,317235200,404750336,358177792,404750336,,,,,,,,,,
1791441015.231668,580176,tracking_feedback_accumulate,337,,30343,,,292938240,404750336,358177792,404750336,,,,,,,,3.5904000978916883,,
1791441015.237202,580176,frontend_frame,337,0,30343,66,8,296113664,404750336,358177792,404750336,,,,,,,,,,
1791441016.005632,580176,tracking_feedback_accumulate,338,,30343,,,300192256,404750336,358177792,404750336,,,,,,,,2.659900113940239,,
1791441016.0096421,580176,frontend_frame,338,0,30343,66,8,303367680,404750336,358177792,404750336,,,,,,,,,,
1791441016.769899,580176,tracking_feedback_accumulate,339,,30343,,,307282432,404750336,358177792,404750336,,,,,,,,6.069499999284744,,
1791441016.8304791,580176,frontend_frame,339,0,30343,67,8,300111872,404750336,358177792,404750336,,,,,,,,,,
1791441028.8604283,580176,tracking_feedback_accumulate,340,,30219,,,304102912,404750336,358177792,404750336,,,,,,,,3.188100177794695,,
1791441028.8669405,580176,frontend_frame,340,0,30219,67,8,307246592,367001600,358177792,404750336,,,,,,,,,,
1791441029.6354175,580176,tracking_feedback_accumulate,341,,30219,,,311325184,394264576,358177792,404750336,,,,,,,,2.783300122246146,,
1791441029.640924,580176,frontend_frame,341,0,30219,67,8,300158464,394264576,358177792,404750336,,,,,,,,,,
1791441030.303472,580176,tracking_feedback_accumulate,342,,30219,,,304073216,394264576,358177792,404750336,,,,,,,,3.2856001053005457,,
1791441030.309398,580176,frontend_frame,342,0,30219,67,8,307218432,394264576,358177792,404750336,,,,,,,,,,
1791441031.134188,580176,tracking_feedback_accumulate,343,,30219,,,311297024,394264576,358177792,404750336,,,,,,,,6.090099923312664,,
1791441031.1407032,580176,frontend_frame,343,0,30219,67,8,314442240,396361728,358177792,404750336,,,,,,,,,,
1791441031.793891,580176,tracking_feedback_accumulate,344,,30219,,,296934400,396361728,358177792,404750336,,,,,,,,2.7257001493126154,,
1791441031.7989,580176,frontend_frame,344,0,30219,67,8,300080128,396361728,358177792,404750336,,,,,,,,,,
1791441032.4298093,580176,tracking_feedback_accumulate,345,,30219,,,304158720,396361728,358177792,404750336,,,,,,,,3.089000005275011,,
1791441032.4353309,580176,frontend_frame,345,0,30219,67,8,307303936,396361728,358177792,404750336,,,,,,,,,,
1791441033.1881225,580176,tracking_feedback_accumulate,346,,30219,,,311218688,396361728,358177792,404750336,,,,,,,,2.908299909904599,,
1791441033.1936266,580176,frontend_frame,346,0,30219,67,8,300082176,396361728,358177792,404750336,,,,,,,,,,
1791441033.9417012,580176,tracking_feedback_accumulate,347,,30219,,,304160768,396361728,358177792,404750336,,,,,,,,2.949699992313981,,
1791441033.9467435,580176,frontend_frame,347,0,30219,67,8,307305984,396361728,358177792,404750336,,,,,,,,,,
1791441034.6522994,580176,tracking_feedback_accumulate,348,,30219,,,311220736,396361728,358177792,404750336,,,,,,,,3.604799974709749,,
1791441034.704551,580176,frontend_frame,348,0,30219,68,8,318361600,398458880,358177792,404750336,,,,,,,,,,
1791441046.8007295,580176,tracking_feedback_accumulate,349,,30378,,,300946432,398458880,358177792,404750336,,,,,,,,3.2504999544471502,,
1791441046.805733,580176,frontend_frame,349,0,30378,68,8,304124416,398458880,358177792,404750336,,,,,,,,,,
1791441047.4278064,580176,tracking_feedback_accumulate,350,,30378,,,308203008,398458880,358177792,404750336,,,,,,,,2.6223999448120594,,
1791441047.4363127,580176,frontend_frame,350,0,30378,68,8,311380480,371195904,358177792,404750336,,,,,,,,,,
1791441047.9461863,580176,tracking_feedback_accumulate,351,,30378,,,300948992,413138944,358177792,413138944,,,,,,,,2.953300019726157,,
1791441047.951162,580176,frontend_frame,351,0,30378,68,8,304126464,413138944,358177792,413138944,,,,,,,,,,
1791441048.6411996,580176,tracking_feedback_accumulate,352,,30378,,,308205056,413138944,358177792,413138944,,,,,,,,2.6815999299287796,,
1791441048.645702,580176,frontend_frame,352,0,30378,68,8,311382528,413138944,358177792,413138944,,,,,,,,,,
1791441049.3789308,580176,tracking_feedback_accumulate,353,,30378,,,315297280,417333248,358321664,417333248,,,,,,,,2.9709001537412405,,
1791441049.3844361,580176,frontend_frame,353,0,30378,68,8,304129024,417333248,358321664,417333248,,,,,,,,,,
1791441050.1638863,580176,tracking_feedback_accumulate,354,,30378,,,308207616,417333248,358321664,417333248,,,,,,,,5.801100051030517,,
1791441050.2150383,580176,frontend_frame,354,0,30378,69,8,315380736,417333248,358321664,417333248,,,,,,,,,,
1791441062.4500644,580176,tracking_feedback_accumulate,355,,31032,,,319341568,417333248,363129856,417333248,,,,,,,,3.411900019273162,,
1791441062.4565718,580176,frontend_frame,355,0,31032,69,8,322680832,421527552,363129856,421527552,,,,,,,,,,
1791441063.1162229,580176,tracking_feedback_accumulate,356,,31032,,,305000960,421527552,363129856,421527552,,,,,,,,3.572699846699834,,
1791441063.1212306,580176,frontend_frame,356,0,31032,69,8,308335616,421527552,363129856,421527552,,,,,,,,,,
1791441063.930759,580176,tracking_feedback_accumulate,357,,31032,,,312414208,421527552,363129856,421527552,,,,,,,,3.138599917292595,,
1791441063.9362833,580176,frontend_frame,357,0,31032,69,8,315748864,421527552,363129856,421527552,,,,,,,,,,
1791441064.5976586,580176,tracking_feedback_accumulate,358,,31032,,,305003008,421527552,363129856,421527552,,,,,,,,6.386199966073036,,
1791441064.607182,580176,frontend_frame,358,0,31032,69,8,308337664,421527552,363129856,421527552,,,,,,,,,,
1791441065.3340292,580176,tracking_feedback_accumulate,359,,31032,,,312334336,421527552,363129856,421527552,,,,,,,,2.771900035440922,,
1791441065.3841035,580176,frontend_frame,359,0,31032,70,8,319665152,421527552,363129856,421527552,,,,,,,,,,
1791441077.642376,580176,tracking_feedback_accumulate,360,,31979,,,309146112,421527552,363129856,421527552,,,,,,,,2.9887999407947063,,
1791441077.6485932,580176,frontend_frame,360,0,31979,70,8,312709632,390070272,363129856,421527552,,,,,,,,,,
1791441078.4209356,580176,tracking_feedback_accumulate,361,,31979,,,316624384,413138944,363129856,421527552,,,,,,,,3.011499997228384,,
1791441078.4264407,580176,frontend_frame,361,0,31979,70,8,320180736,415236096,363129856,421527552,,,,,,,,,,
1791441079.2222028,580176,tracking_feedback_accumulate,362,,31979,,,324259328,419430400,369561600,421527552,,,,,,,,2.879700157791376,,
1791441079.22721,580176,frontend_frame,362,0,31979,70,8,312711680,419430400,369561600,421527552,,,,,,,,,,
1791441080.0064447,580176,tracking_feedback_accumulate,363,,31979,,,316626432,419430400,369561600,421527552,,,,,,,,2.973299939185381,,
1791441080.0114472,580176,frontend_frame,363,0,31979,70,8,320182784,419430400,369561600,421527552,,,,,,,,,,
1791441080.7671041,580176,tracking_feedback_accumulate,364,,31979,,,324261376,419430400,369561600,421527552,,,,,,,,2.9624998569488525,,
1791441080.8170626,580176,frontend_frame,364,0,31979,71,8,331813888,421527552,369561600,421527552,,,,,,,,,,
1791441092.9376774,580176,tracking_feedback_accumulate,365,,32606,,,313116672,421527552,369561600,421527552,,,,,,,,2.9961999971419573,,
1791441092.942183,580176,frontend_frame,365,0,32606,71,8,316826624,421527552,369561600,421527552,,,,,,,,,,
1791441093.448451,580176,tracking_feedback_accumulate,366,,32606,,,320823296,421527552,369561600,421527552,,,,,,,,6.122099934145808,,
1791441093.45546,580176,frontend_frame,366,0,32606,71,8,324528640,421527552,369561600,421527552,,,,,,,,,,
1791441094.0708706,580176,tracking_feedback_accumulate,367,,32606,,,328607232,421527552,372924416,421527552,,,,,,,,2.952400129288435,,
1791441094.076877,580176,frontend_frame,367,0,32606,71,8,316910592,421527552,372924416,421527552,,,,,,,,,,
1791441094.808045,580176,tracking_feedback_accumulate,368,,32606,,,320825344,421527552,372924416,421527552,,,,,,,,5.264800041913986,,
1791441094.8170645,580176,frontend_frame,368,0,32606,71,8,324530688,421527552,372924416,421527552,,,,,,,,,,
1791441095.458935,580176,tracking_feedback_accumulate,369,,32606,,,328527360,421527552,373030400,421527552,,,,,,,,3.014399902895093,,
1791441095.5191188,580176,frontend_frame,369,0,32606,72,8,320826880,421527552,373030400,421527552,,,,,,,,,,
1791441107.7332895,580176,tracking_feedback_accumulate,370,,33466,,,324882432,442499072,373030400,442499072,,,,,,,,3.2210000790655613,,
1791441107.7395213,580176,frontend_frame,370,0,33466,72,8,328797184,392167424,373030400,442499072,,,,,,,,,,
1791441108.3455,580176,tracking_feedback_accumulate,371,,33466,,,332875776,442499072,377656832,442499072,,,,,,,,6.329499883577228,,
1791441108.352257,580176,frontend_frame,371,0,33466,72,8,336784384,444596224,377656832,444596224,,,,,,,,,,
1791441108.9570034,580176,tracking_feedback_accumulate,372,,33466,,,324890624,444596224,377656832,444596224,,,,,,,,3.016500035300851,,
1791441108.9615135,580176,frontend_frame,372,0,33466,72,8,328799232,444596224,377656832,444596224,,,,,,,,,,
1791441109.6213791,580176,tracking_feedback_accumulate,373,,33466,,,332877824,444596224,377774080,444596224,,,,,,,,3.0125000048428774,,
1791441109.6263905,580176,frontend_frame,373,0,33466,72,8,336786432,444596224,377774080,444596224,,,,,,,,,,
1791441110.2664788,580176,tracking_feedback_accumulate,374,,33466,,,340701184,448790528,386210816,448790528,,,,,,,,3.0509999487549067,,
1791441110.3223214,580176,frontend_frame,374,0,33466,73,8,332797440,448790528,386210816,448790528,,,,,,,,,,
1791441122.4942927,580176,tracking_feedback_accumulate,375,,33779,,,336897024,448790528,386210816,448790528,,,,,,,,2.9780000913888216,,
1791441122.499066,580176,frontend_frame,375,0,33779,73,8,340878336,448790528,386210816,448790528,,,,,,,,,,
1791441123.1703546,580176,tracking_feedback_accumulate,376,,33779,,,344793088,450887680,391497728,450887680,,,,,,,,3.0545000918209553,,
1791441123.178386,580176,frontend_frame,376,0,33779,73,8,332893184,450887680,391497728,450887680,,,,,,,,,,
1791441123.9365358,580176,tracking_feedback_accumulate,377,,33779,,,336971776,450887680,391497728,450887680,,,,,,,,3.174399957060814,,
1791441123.942042,580176,frontend_frame,377,0,33779,73,8,340951040,450887680,391497728,450887680,,,,,,,,,,
1791441124.7626877,580176,tracking_feedback_accumulate,378,,33779,,,344865792,450887680,391570432,450887680,,,,,,,,3.495600074529648,,
1791441124.7676935,580176,frontend_frame,378,0,33779,73,8,348845056,452984832,391570432,452984832,,,,,,,,,,
1791441125.547924,580176,tracking_feedback_accumulate,379,,33779,,,328998912,452984832,391570432,452984832,,,,,,,,3.106100019067526,,
1791441125.5993414,580176,frontend_frame,379,0,33779,74,8,336974336,452984832,391570432,452984832,,,,,,,,,,
1791441137.871532,580176,tracking_feedback_accumulate,380,,31097,,,340717056,452984832,391570432,452984832,,,,,,,,2.9571999330073595,,
1791441137.877216,580176,frontend_frame,380,0,31097,74,8,344039936,400556032,391570432,452984832,,,,,,,,,,
1791441138.4882503,580176,tracking_feedback_accumulate,381,,31097,,,332721152,442499072,391570432,452984832,,,,,,,,3.3353001344949007,,
1791441138.4932504,580176,frontend_frame,381,0,31097,74,8,336066048,442499072,391570432,452984832,,,,,,,,,,
1791441139.2016497,580176,tracking_feedback_accumulate,382,,31097,,,340144640,442499072,391570432,452984832,,,,,,,,2.9446000698953867,,
1791441139.2066746,580176,frontend_frame,382,0,31097,74,8,343489536,442499072,391570432,452984832,,,,,,,,,,
1791441139.8673694,580176,tracking_feedback_accumulate,383,,31097,,,347404288,448790528,392701440,452984832,,,,,,,,2.991999965161085,,
1791441139.871878,580176,frontend_frame,383,0,31097,74,8,336068096,448790528,392701440,452984832,,,,,,,,,,
1791441140.5362656,580176,tracking_feedback_accumulate,384,,31097,,,340064768,448790528,392701440,452984832,,,,,,,,3.0822001863271,,
1791441140.5865145,580176,frontend_frame,384,0,31097,75,8,347405824,448790528,392701440,452984832,,,,,,,,,,
1791441152.9399552,580176,tracking_feedback_accumulate,385,,29038,,,336672768,448790528,392701440,452984832,,,,,,,,3.0157999135553837,,
1791441152.9454594,580176,frontend_frame,385,0,29038,75,8,339517440,448790528,392701440,452984832,,,,,,,,,,
1791441153.6065595,580176,tracking_feedback_accumulate,386,,29038,,,343432192,448790528,392701440,452984832,,,,,,,,3.4769000485539436,,
1791441153.6111443,580176,frontend_frame,386,0,29038,75,8,346293760,448790528,392701440,452984832,,,,,,,,,,
1791441154.1556334,580176,tracking_feedback_accumulate,387,,29038,,,350372352,448790528,395388928,452984832,,,,,,,,3.413100028410554,,
1791441154.1619816,580176,frontend_frame,387,0,29038,75,8,339519488,448790528,395388928,452984832,,,,,,,,,,
1791441154.7315443,580176,tracking_feedback_accumulate,388,,29038,,,343434240,448790528,395388928,452984832,,,,,,,,2.960300073027611,,
1791441154.7370696,580176,frontend_frame,388,0,29038,75,8,346295808,448790528,395388928,452984832,,,,,,,,,,
1791441155.3201313,580176,tracking_feedback_accumulate,389,,29038,,,350374400,448790528,395390976,452984832,,,,,,,,2.8681999538093805,,
1791441155.3699841,580176,frontend_frame,389,0,29038,76,8,343517696,448790528,395390976,452984832,,,,,,,,,,
1791441167.4775503,580176,tracking_feedback_accumulate,390,,28158,,,347376640,448790528,395390976,452984832,,,,,,,,2.7556000277400017,,
1791441167.4825587,580176,frontend_frame,390,0,28158,76,8,350019072,423624704,395390976,452984832,,,,,,,,,,
1791441168.0820456,580176,tracking_feedback_accumulate,391,,28158,,,354097664,446693376,399027200,452984832,,,,,,,,2.937800018116832,,
1791441168.0865536,580176,frontend_frame,391,0,28158,76,8,356747776,448790528,399027200,452984832,,,,,,,,,,
1791441168.801942,580176,tracking_feedback_accumulate,392,,28158,,,332812800,448790528,399027200,452984832,,,,,,,,5.752500146627426,,
1791441168.809956,580176,frontend_frame,392,0,28158,76,8,335462912,448790528,399027200,452984832,,,,,,,,,,
1791441169.4142454,580176,tracking_feedback_accumulate,393,,28158,,,339459584,448790528,399027200,452984832,,,,,,,,3.742600092664361,,
1791441169.4199197,580176,frontend_frame,393,0,28158,76,8,342109696,448790528,399027200,452984832,,,,,,,,,,
1791441170.0725942,580176,tracking_feedback_accumulate,394,,28158,,,346188288,448790528,399027200,452984832,,,,,,,,5.429600132629275,,
1791441170.1238,580176,frontend_frame,394,0,28158,77,8,339543040,448790528,399027200,452984832,,,,,,,,,,
1791441182.2827759,580176,tracking_feedback_accumulate,395,,27938,,,343448064,448790528,399027200,452984832,,,,,,,,2.826299984008074,,
1791441182.286984,580176,frontend_frame,395,0,27938,77,8,346049536,448790528,399027200,452984832,,,,,,,,,,
1791441182.8343925,580176,tracking_feedback_accumulate,396,,27938,,,350128128,448790528,399027200,452984832,,,,,,,,2.9927000869065523,,
1791441182.8395786,580176,frontend_frame,396,0,27938,77,8,339486720,448790528,399027200,452984832,,,,,,,,,,
1791441183.4557,580176,tracking_feedback_accumulate,397,,27938,,,343401472,448790528,399027200,452984832,,,,,,,,3.262300044298172,,
1791441183.4603963,580176,frontend_frame,397,0,27938,77,8,346004992,448790528,399027200,452984832,,,,,,,,,,
1791441184.137301,580176,tracking_feedback_accumulate,398,,27938,,,350083584,448790528,399027200,452984832,,,,,,,,3.3318998757749796,,
1791441184.1423006,580176,frontend_frame,398,0,27938,77,8,352687104,448790528,399027200,452984832,,,,,,,,,,
1791441184.7848084,580176,tracking_feedback_accumulate,399,,27938,,,336804352,448790528,399027200,452984832,,,,,,,,2.9253000393509865,,
1791441184.832918,580176,frontend_frame,399,0,27938,78,8,343404032,448790528,399027200,452984832,,,,,,,,,,
1791441196.7262523,580176,tracking_feedback_accumulate,400,,27935,,,347403264,469762048,399027200,469762048,,,,,,,,2.9443001840263605,,
1791441196.7319348,580176,frontend_frame,400,0,27935,78,8,350004224,415236096,399027200,469762048,,,,,,,,,,
1791441197.359622,580176,tracking_feedback_accumulate,401,,27935,,,340886528,457179136,399027200,469762048,,,,,,,,3.171600168570876,,
1791441197.3641295,580176,frontend_frame,401,0,27935,78,8,343488000,457179136,399027200,469762048,,,,,,,,,,
1791441197.7345903,580176,tracking_feedback_accumulate,402,,27935,,,347402752,457179136,399027200,469762048,,,,,,,,2.9862001538276672,,
1791441197.739242,580176,frontend_frame,402,0,27935,78,8,350004224,457179136,399027200,469762048,,,,,,,,,,
1791441198.3042305,580176,tracking_feedback_accumulate,403,,27935,,,354082816,459276288,399027200,469762048,,,,,,,,6.052199983969331,,
1791441198.312917,580176,frontend_frame,403,0,27935,78,8,343490048,459276288,399027200,469762048,,,,,,,,,,
1791441198.921855,580176,tracking_feedback_accumulate,404,,27935,,,347404800,459276288,399027200,469762048,,,,,,,,3.181200008839369,,
1791441198.9728901,580176,frontend_frame,404,0,27935,79,8,354002432,459276288,399027200,469762048,,,,,,,,,,
1791441210.8791313,580176,tracking_feedback_accumulate,405,,28152,,,358095872,461373440,403012096,469762048,,,,,,,,3.982699941843748,,
1791441210.8919003,580176,frontend_frame,405,0,28152,79,8,360747008,465567744,403012096,469762048,,,,,,,,,,
1791441211.636174,580176,tracking_feedback_accumulate,406,,28152,,,344821760,465567744,403012096,469762048,,,,,,,,3.607999999076128,,
1791441211.643186,580176,frontend_frame,406,0,28152,79,8,347471872,465567744,403012096,469762048,,,,,,,,,,
1791441212.2792134,580176,tracking_feedback_accumulate,407,,28152,,,351468544,465567744,403012096,469762048,,,,,,,,2.683500060811639,,
1791441212.2847185,580176,frontend_frame,407,0,28152,79,8,354118656,465567744,403012096,469762048,,,,,,,,,,
1791441212.9955003,580176,tracking_feedback_accumulate,408,,28152,,,344905728,465567744,403012096,469762048,,,,,,,,2.8947999235242605,,
1791441212.9991982,580176,frontend_frame,408,0,28152,79,8,347555840,465567744,403012096,469762048,,,,,,,,,,
1791441213.5517192,580176,tracking_feedback_accumulate,409,,28152,,,351470592,465567744,403012096,469762048,,,,,,,,6.273099919781089,,
1791441213.6037068,580176,frontend_frame,409,0,28152,80,8,358116864,465567744,403012096,469762048,,,,,,,,,,
1791441225.6262813,580176,tracking_feedback_accumulate,410,,28480,,,348929536,465567744,403012096,469762048,,,,,,,,2.892900025472045,,
1791441225.6323297,580176,frontend_frame,410,0,28480,80,8,351662080,436207616,403012096,469762048,,,,,,,,,,
1791441226.1741521,580176,tracking_feedback_accumulate,411,,28480,,,355576832,457179136,403012096,469762048,,,,,,,,2.8597000055015087,,
1791441226.1791632,580176,frontend_frame,411,0,28480,80,8,358307328,457179136,403012096,469762048,,,,,,,,,,
1791441226.7230706,580176,tracking_feedback_accumulate,412,,28480,,,362385920,461373440,407348736,469762048,,,,,,,,3.0406001023948193,,
1791441226.7280822,580176,frontend_frame,412,0,28480,80,8,351664128,461373440,407348736,469762048,,,,,,,,,,
1791441227.257138,580176,tracking_feedback_accumulate,413,,28480,,,355578880,461373440,407348736,469762048,,,,,,,,2.7735999319702387,,
1791441227.2611399,580176,frontend_frame,413,0,28480,80,8,358309376,461373440,407348736,469762048,,,,,,,,,,
1791441227.73868,580176,tracking_feedback_accumulate,414,,28480,,,362387968,461373440,407350784,469762048,,,,,,,,3.082500072196126,,
1791441227.7436793,580176,frontend_frame,414,0,28480,80,8,365118976,463470592,407350784,469762048,,,,,,,,,,
1791441228.2092364,580176,tracking_feedback_accumulate,415,,28480,,,348855296,463470592,407350784,469762048,,,,,,,,2.984799910336733,,
1791441228.213237,580176,frontend_frame,415,0,28480,80,8,351585792,463470592,407350784,469762048,,,,,,,,,,
1791441228.7242944,580176,tracking_feedback_accumulate,416,,28480,,,355582464,463470592,407350784,469762048,,,,,,,,5.89819997549057,,
1791441228.776064,580176,frontend_frame,416,0,28480,81,8,362308608,463470592,407350784,469762048,,,,,,,,,,
1791441240.5556357,580176,tracking_feedback_accumulate,417,,28713,,,352952320,463470592,407350784,469762048,,,,,,,,2.8793001547455788,,
1791441240.5613172,580176,frontend_frame,417,0,28713,81,8,355738624,463470592,407350784,469762048,,,,,,,,,,
1791441241.1235251,580176,tracking_feedback_accumulate,418,,28713,,,359653376,463470592,407350784,469762048,,,,,,,,5.569499917328358,,
1791441241.1285486,580176,frontend_frame,418,0,28713,81,8,362438144,463470592,407350784,469762048,,,,,,,,,,
1791441241.713727,580176,tracking_feedback_accumulate,419,,28713,,,366516736,463470592,411501568,469762048,,,,,,,,5.980200134217739,,
1791441241.7214007,580176,frontend_frame,419,0,28713,81,8,355740672,463470592,411501568,469762048,,,,,,,,,,
1791441242.3301775,580176,tracking_feedback_accumulate,420,,28713,,,359655424,463470592,411501568,469762048,,,,,,,,3.063000040128827,,
1791441242.33568,580176,frontend_frame,420,0,28713,81,8,362440192,417333248,411501568,469762048,,,,,,,,,,
1791441242.9587088,580176,tracking_feedback_accumulate,421,,28713,,,366436864,463470592,411501568,469762048,,,,,,,,3.2635999377816916,,
1791441242.9637125,580176,frontend_frame,421,0,28713,81,8,369222144,463470592,411501568,469762048,,,,,,,,,,
1791441243.5075688,580176,tracking_feedback_accumulate,422,,28713,,,352877568,463470592,411501568,469762048,,,,,,,,2.613099990412593,,
1791441243.5704029,580176,frontend_frame,422,0,28713,82,8,359657984,463470592,411501568,469762048,,,,,,,,,,
1791441255.4897504,580176,tracking_feedback_accumulate,423,,28928,,,363669504,463470592,411501568,469762048,,,,,,,,3.1054001301527023,,
1791441255.4957645,580176,frontend_frame,423,0,28928,82,8,366501888,463470592,411501568,469762048,,,,,,,,,,
1791441256.0627427,580176,tracking_feedback_accumulate,424,,28928,,,356891136,463470592,411501568,469762048,,,,,,,,3.56599991209805,,
1791441256.06797,580176,frontend_frame,424,0,28928,82,8,359722496,463470592,411501568,469762048,,,,,,,,,,
1791441256.5716474,580176,tracking_feedback_accumulate,425,,28928,,,363801088,463470592,411501568,469762048,,,,,,,,3.1886999495327473,,
1791441256.5771735,580176,frontend_frame,425,0,28928,82,8,366632448,463470592,411501568,469762048,,,,,,,,,,
1791441257.091787,580176,tracking_feedback_accumulate,426,,28928,,,370547200,463470592,414494720,469762048,,,,,,,,3.144300077110529,,
1791441257.098023,580176,frontend_frame,426,0,28928,82,8,359724544,463470592,414494720,469762048,,,,,,,,,,
1791441257.581776,580176,tracking_feedback_accumulate,427,,28928,,,363721216,463470592,414494720,469762048,,,,,,,,3.316399874165654,,
1791441257.5862775,580176,frontend_frame,427,0,28928,82,8,366553088,463470592,414494720,469762048,,,,,,,,,,
1791441258.1409478,580176,tracking_feedback_accumulate,428,,28928,,,370631680,463470592,414500864,469762048,,,,,,,,3.1504000071436167,,
1791441258.1464531,580176,frontend_frame,428,0,28928,82,8,373463040,465567744,414500864,469762048,,,,,,,,,,
1791441258.7316368,580176,tracking_feedback_accumulate,429,,28928,,,356896768,465567744,414500864,469762048,,,,,,,,3.159899963065982,,
1791441258.7366412,580176,frontend_frame,429,0,28928,82,8,359728128,465567744,414500864,469762048,,,,,,,,,,
1791441259.3065143,580176,tracking_feedback_accumulate,430,,28928,,,363806720,465567744,414500864,469762048,,,,,,,,3.169399918988347,,
1791441259.3123422,580176,frontend_frame,430,0,28928,82,8,366638080,436207616,414500864,469762048,,,,,,,,,,
1791441259.976651,580176,tracking_feedback_accumulate,431,,28928,,,370552832,463470592,414528000,469762048,,,,,,,,3.0304999090731144,,
1791441259.9823375,580176,frontend_frame,431,0,28928,82,8,359730176,463470592,414528000,469762048,,,,,,,,,,
1791441260.325206,580176,tracking_feedback_accumulate,432,,28928,,,363726848,463470592,414528000,469762048,,,,,,,,2.836699830368161,,
1791441260.3745959,580176,frontend_frame,432,0,28928,83,8,370553856,463470592,414528000,469762048,,,,,,,,,,
1791441272.2688699,580176,tracking_feedback_accumulate,433,,28850,,,374551040,484442112,418675200,484442112,,,,,,,,2.6994000654667616,,
1791441272.27487,580176,frontend_frame,433,0,28850,83,8,363717120,484442112,418675200,484442112,,,,,,,,,,
1791441272.9254017,580176,tracking_feedback_accumulate,434,,28850,,,367713792,484442112,418675200,484442112,,,,,,,,2.718699863180518,,
1791441272.9304152,580176,frontend_frame,434,0,28850,83,8,370534912,484442112,418675200,484442112,,,,,,,,,,
1791441273.475464,580176,tracking_feedback_accumulate,435,,28850,,,374531584,484442112,418727936,484442112,,,,,,,,2.8880999889224768,,
1791441273.481476,580176,frontend_frame,435,0,28850,83,8,377352704,486539264,418727936,486539264,,,,,,,,,,
1791441273.9943547,580176,tracking_feedback_accumulate,436,,28850,,,367797760,486539264,418727936,486539264,,,,,,,,3.197500016540289,,
1791441274.0038788,580176,frontend_frame,436,0,28850,83,8,370618880,486539264,418727936,486539264,,,,,,,,,,
1791441274.637189,580176,tracking_feedback_accumulate,437,,28850,,,374533632,486539264,419615744,486539264,,,,,,,,3.3013999927788973,,
1791441274.6431928,580176,frontend_frame,437,0,28850,83,8,377355264,486539264,419615744,486539264,,,,,,,,,,
1791441275.151342,580176,tracking_feedback_accumulate,438,,28850,,,381351936,490733568,425556992,490733568,,,,,,,,5.625300109386444,,
1791441275.2119675,580176,frontend_frame,438,0,28850,84,8,374535168,490733568,425556992,490733568,,,,,,,,,,
1791441287.3040676,580176,tracking_feedback_accumulate,439,,29150,,,378552832,490733568,425556992,490733568,,,,,,,,2.681999932974577,,
1791441287.3085866,580176,frontend_frame,439,0,29150,84,8,381444608,490733568,425556992,490733568,,,,,,,,,,
1791441287.9783177,580176,tracking_feedback_accumulate,440,,29150,,,385523200,492830720,430551552,492830720,,,,,,,,3.2460999209433794,,
1791441287.98363,580176,frontend_frame,440,0,29150,84,8,374710784,446693376,430551552,492830720,,,,,,,,,,
1791441288.5815535,580176,tracking_feedback_accumulate,441,,29150,,,378625536,488636416,430551552,492830720,,,,,,,,3.393300110474229,,
1791441288.585557,580176,frontend_frame,441,0,29150,84,8,381515264,488636416,430551552,492830720,,,,,,,,,,
1791441289.119783,580176,tracking_feedback_accumulate,442,,29150,,,385511936,492830720,430622208,492830720,,,,,,,,2.742399927228689,,
1791441289.1247852,580176,frontend_frame,442,0,29150,84,8,388401664,494927872,430622208,494927872,,,,,,,,,,
1791441289.635693,580176,tracking_feedback_accumulate,443,,29150,,,378627584,494927872,430622208,494927872,,,,,,,,6.066699977964163,,
1791441289.6875112,580176,frontend_frame,443,0,29150,85,8,385513472,494927872,430622208,494927872,,,,,,,,,,
1791441301.56991,580176,tracking_feedback_accumulate,444,,29211,,,382631936,494927872,430622208,494927872,,,,,,,,3.067400073632598,,
1791441301.5754218,580176,frontend_frame,444,0,29211,85,8,385535488,494927872,430622208,494927872,,,,,,,,,,
1791441302.121988,580176,tracking_feedback_accumulate,445,,29211,,,389614080,494927872,434648064,494927872,,,,,,,,2.9881999362260103,,
1791441302.1272378,580176,frontend_frame,445,0,29211,85,8,392517632,494927872,434648064,494927872,,,,,,,,,,
1791441302.6755009,580176,tracking_feedback_accumulate,446,,29211,,,396432384,501219328,441548288,501219328,,,,,,,,6.207600003108382,,
1791441302.6842988,580176,frontend_frame,446,0,29211,85,8,371835392,501219328,441548288,501219328,,,,,,,,,,
1791441303.253747,580176,tracking_feedback_accumulate,447,,29211,,,375913984,501219328,441548288,501219328,,,,,,,,2.9950998723506927,,
1791441303.258928,580176,frontend_frame,447,0,29211,85,8,378817536,501219328,441548288,501219328,,,,,,,,,,
1791441303.827922,580176,tracking_feedback_accumulate,448,,29211,,,382732288,501219328,441548288,501219328,,,,,,,,3.262599930167198,,
1791441303.9018238,580176,frontend_frame,448,0,29211,86,8,375833600,501219328,441548288,501219328,,,,,,,,,,
1791441315.9706345,580176,tracking_feedback_accumulate,449,,29518,,,379851264,501219328,441548288,501219328,,,,,,,,3.376399865373969,,
1791441315.9756773,580176,frontend_frame,449,0,29518,86,8,382827520,501219328,441548288,501219328,,,,,,,,,,
1791441316.5876927,580176,tracking_feedback_accumulate,450,,29518,,,386906112,501219328,441548288,501219328,,,,,,,,6.2628998421132565,,
1791441316.5932477,580176,frontend_frame,450,0,29518,86,8,389880320,467664896,441548288,501219328,,,,,,,,,,
1791441317.1542127,580176,tracking_feedback_accumulate,451,,29518,,,379855360,488636416,441548288,501219328,,,,,,,,2.983100013807416,,
1791441317.1607463,580176,frontend_frame,451,0,29518,86,8,382829568,488636416,441548288,501219328,,,,,,,,,,
1791441317.7386415,580176,tracking_feedback_accumulate,452,,29518,,,386826240,488636416,441548288,501219328,,,,,,,,3.1719000544399023,,
1791441317.7436416,580176,frontend_frame,452,0,29518,86,8,389800448,490733568,441548288,501219328,,,,,,,,,,
1791441318.4113345,580176,tracking_feedback_accumulate,453,,29518,,,393879040,494927872,441548288,501219328,,,,,,,,3.146299859508872,,
1791441318.4670208,580176,frontend_frame,453,0,29518,87,8,386909696,494927872,441548288,501219328,,,,,,,,,,
1791441330.5013824,580176,tracking_feedback_accumulate,454,,29722,,,390841856,494927872,441548288,501219328,,,,,,,,3.0129000078886747,,
1791441330.506895,580176,frontend_frame,454,0,29722,87,8,393867264,494927872,441548288,501219328,,,,,,,,,,
1791441331.0945177,580176,tracking_feedback_accumulate,455,,29722,,,397945856,494927872,442962432,501219328,,,,,,,,2.9799998737871647,,
1791441331.0997477,580176,frontend_frame,455,0,29722,87,8,386980352,494927872,442962432,501219328,,,,,,,,,,
1791441331.8165178,580176,tracking_feedback_accumulate,456,,29722,,,390895104,494927872,442962432,501219328,,,,,,,,2.8984001837670803,,
1791441331.8200223,580176,frontend_frame,456,0,29722,87,8,393919488,494927872,442962432,501219328,,,,,,,,,,
1791441332.340357,580176,tracking_feedback_accumulate,457,,29722,,,397916160,494927872,442962432,501219328,,,,,,,,3.0807999428361654,,
1791441332.3458588,580176,frontend_frame,457,0,29722,87,8,400940544,497025024,442962432,501219328,,,,,,,,,,
1791441332.883564,580176,tracking_feedback_accumulate,458,,29722,,,383959040,497025024,442962432,501219328,,,,,,,,3.0348999425768852,,
1791441332.9363148,580176,frontend_frame,458,0,29722,88,8,390979584,497025024,442962432,501219328,,,,,,,,,,
1791441345.2053893,580176,tracking_feedback_accumulate,459,,27471,,,394748928,517996544,442962432,517996544,,,,,,,,3.38379992172122,,
1791441345.2110589,580176,frontend_frame,459,0,27471,88,8,397221376,517996544,442962432,517996544,,,,,,,,,,
1791441345.902905,580176,tracking_feedback_accumulate,460,,27471,,,401299968,517996544,445438464,517996544,,,,,,,,5.482400069013238,,
1791441345.908415,580176,frontend_frame,460,0,27471,88,8,403790848,471859200,445438464,517996544,,,,,,,,,,
1791441346.5561109,580176,tracking_feedback_accumulate,461,,27471,,,387712512,513802240,445438464,517996544,,,,,,,,3.563400125131011,,
1791441346.560618,580176,frontend_frame,461,0,27471,88,8,390203392,513802240,445438464,517996544,,,,,,,,,,
1791441347.1681428,580176,tracking_feedback_accumulate,462,,27471,,,394281984,513802240,445438464,517996544,,,,,,,,3.1279001850634813,,
1791441347.1741574,580176,frontend_frame,462,0,27471,88,8,396772864,513802240,445438464,517996544,,,,,,,,,,
1791441347.9037156,580176,tracking_feedback_accumulate,463,,27471,,,400687616,513802240,445438464,517996544,,,,,,,,2.9429998248815536,,
1791441347.9751062,580176,frontend_frame,463,0,27471,89,8,394201600,513802240,445438464,517996544,,,,,,,,,,
1791441359.8871973,580176,tracking_feedback_accumulate,464,,26834,,,398159360,513802240,445438464,517996544,,,,,,,,3.5933000035583973,,
1791441359.891705,580176,frontend_frame,464,0,26834,89,8,400493568,513802240,445438464,517996544,,,,,,,,,,
1791441360.4601755,580176,tracking_feedback_accumulate,465,,26834,,,404572160,513802240,448035840,517996544,,,,,,,,3.34089994430542,,
1791441360.4667287,580176,frontend_frame,465,0,26834,89,8,394089984,513802240,448035840,517996544,,,,,,,,,,
1791441360.993074,580176,tracking_feedback_accumulate,466,,26834,,,398004736,513802240,448035840,517996544,,,,,,,,2.616100013256073,,
1791441360.99708,580176,frontend_frame,466,0,26834,89,8,400344576,513802240,448035840,517996544,,,,,,,,,,
1791441361.4963639,580176,tracking_feedback_accumulate,467,,26834,,,404423168,513802240,448035840,517996544,,,,,,,,2.9583999421447515,,
1791441361.5010426,580176,frontend_frame,467,0,26834,89,8,406763008,515899392,448035840,517996544,,,,,,,,,,
1791441361.977184,580176,tracking_feedback_accumulate,468,,26834,,,391671296,515899392,448035840,517996544,,,,,,,,3.062400035560131,,
1791441361.9825642,580176,frontend_frame,468,0,26834,89,8,394011648,515899392,448035840,517996544,,,,,,,,,,
1791441362.7164865,580176,tracking_feedback_accumulate,469,,26834,,,398090240,515899392,448035840,517996544,,,,,,,,3.1421000603586435,,
1791441362.721642,580176,frontend_frame,469,0,26834,89,8,400430080,515899392,448035840,517996544,,,,,,,,,,
1791441363.493704,580176,tracking_feedback_accumulate,470,,26834,,,404344832,515899392,449228800,517996544,,,,,,,,2.9595999512821436,,
1791441363.544255,580176,frontend_frame,470,0,26834,90,8,398009344,515899392,449228800,517996544,,,,,,,,,,
1791441375.550528,580176,tracking_feedback_accumulate,471,,26725,,,395666944,515899392,449228800,517996544,,,,,,,,3.280000062659383,,
1791441375.5560286,580176,frontend_frame,471,0,26725,90,8,397983232,515899392,449228800,517996544,,,,,,,,,,
1791441376.2968147,580176,tracking_feedback_accumulate,472,,26725,,,402061824,515899392,449228800,517996544,,,,,,,,2.7995998971164227,,
1791441376.3018177,580176,frontend_frame,472,0,26725,90,8,404379648,515899392,449228800,517996544,,,,,,,,,,
1791441377.1221192,580176,tracking_feedback_accumulate,473,,26725,,,408294400,515899392,453169664,517996544,,,,,,,,3.0843999702483416,,
1791441377.1301284,580176,frontend_frame,473,0,26725,90,8,391086080,515899392,453169664,517996544,,,,,,,,,,
1791441377.8653855,580176,tracking_feedback_accumulate,474,,26725,,,395082752,515899392,453169664,517996544,,,,,,,,5.370000144466758,,
1791441377.8708963,580176,frontend_frame,474,0,26725,90,8,397400576,515899392,453169664,517996544,,,,,,,,,,
1791441378.4818084,580176,tracking_feedback_accumulate,475,,26725,,,401397248,515899392,453169664,517996544,,,,,,,,2.962700091302395,,
1791441378.5412357,580176,frontend_frame,475,0,26725,91,8,395084288,515899392,453169664,517996544,,,,,,,,,,
1791441390.4192865,580176,tracking_feedback_accumulate,476,,26600,,,399074816,515899392,453169664,517996544,,,,,,,,5.125000141561031,,
1791441390.4243252,580176,frontend_frame,476,0,26600,91,8,401360896,515899392,453169664,517996544,,,,,,,,,,
1791441390.9301221,580176,tracking_feedback_accumulate,477,,26600,,,405439488,515899392,453169664,517996544,,,,,,,,2.8880999889224768,,
1791441390.9356246,580176,frontend_frame,477,0,26600,91,8,407727104,515899392,453169664,517996544,,,,,,,,,,
1791441391.494161,580176,tracking_feedback_accumulate,478,,26600,,,399075328,515899392,453169664,517996544,,,,,,,,3.0209000688046217,,
1791441391.4993227,580176,frontend_frame,478,0,26600,91,8,401362944,515899392,453169664,517996544,,,,,,,,,,
1791441392.0992827,580176,tracking_feedback_accumulate,479,,26600,,,405441536,515899392,453169664,517996544,,,,,,,,5.87129988707602,,
1791441392.1057847,580176,frontend_frame,479,0,26600,91,8,407729152,515899392,453169664,517996544,,,,,,,,,,
1791441392.7172167,580176,tracking_feedback_accumulate,480,,26600,,,411643904,515899392,455328768,517996544,,,,,,,,2.8645999263972044,,
1791441392.7687073,580176,frontend_frame,480,0,26600,92,8,405361152,515899392,455328768,517996544,,,,,,,,,,
1791441404.8981087,580176,tracking_feedback_accumulate,481,,26491,,,409434112,515899392,455328768,517996544,,,,,,,,3.3231000415980816,,
1791441404.9041443,580176,frontend_frame,481,0,26491,92,8,411689984,515899392,455328768,517996544,,,,,,,,,,
1791441405.482965,580176,tracking_feedback_accumulate,482,,26491,,,415604736,515899392,459308032,517996544,,,,,,,,3.8679998833686113,,
1791441405.4879732,580176,frontend_frame,482,0,26491,92,8,405325824,515899392,459308032,517996544,,,,,,,,,,
1791441406.0639594,580176,tracking_feedback_accumulate,483,,26491,,,409322496,515899392,459308032,517996544,,,,,,,,3.10819991864264,,
1791441406.0699704,580176,frontend_frame,483,0,26491,92,8,411579904,515899392,459308032,517996544,,,,,,,,,,
1791441406.622911,580176,tracking_feedback_accumulate,484,,26491,,,415658496,515899392,459308032,517996544,,,,,,,,2.964799990877509,,
1791441406.626917,580176,frontend_frame,484,0,26491,92,8,417915904,515899392,459308032,517996544,,,,,,,,,,
1791441407.0766459,580176,tracking_feedback_accumulate,485,,26491,,,409324544,515899392,459308032,517996544,,,,,,,,2.8651999309659004,,
1791441407.1255383,580176,frontend_frame,485,0,26491,93,8,415578112,515899392,459308032,517996544,,,,,,,,,,
1791441419.0764358,580176,tracking_feedback_accumulate,486,,26613,,,419667456,515899392,463089664,517996544,,,,,,,,3.033699933439493,,
1791441419.0814672,580176,frontend_frame,486,0,26613,93,8,421955584,515899392,463089664,517996544,,,,,,,,,,
1791441419.5766497,580176,tracking_feedback_accumulate,487,,26613,,,425870336,520093696,469585920,520093696,,,,,,,,2.9266998171806335,,
1791441419.5813167,580176,frontend_frame,487,0,26613,93,8,415621632,520093696,469585920,520093696,,,,,,,,,,
1791441420.2409172,580176,tracking_feedback_accumulate,488,,26613,,,419618304,520093696,469585920,520093696,,,,,,,,3.034299938008189,,
1791441420.2471826,580176,frontend_frame,488,0,26613,93,8,421905920,520093696,469585920,520093696,,,,,,,,,,
1791441420.9205563,580176,tracking_feedback_accumulate,489,,26613,,,425902592,520093696,469618176,520093696,,,,,,,,2.916199853643775,,
1791441420.9272804,580176,frontend_frame,489,0,26613,93,8,415623680,520093696,469618176,520093696,,,,,,,,,,
1791441421.506447,580176,tracking_feedback_accumulate,490,,26613,,,419620352,520093696,469618176,520093696,,,,,,,,2.8019999153912067,,
1791441421.5583751,580176,frontend_frame,490,0,26613,94,8,425904128,520093696,469618176,520093696,,,,,,,,,,
1791441433.6119545,580176,tracking_feedback_accumulate,491,,26619,,,429985280,541065216,473196544,541065216,,,,,,,,3.198800142854452,,
1791441433.6181412,580176,frontend_frame,491,0,26619,94,8,432272384,543162368,473196544,543162368,,,,,,,,,,
1791441434.1922204,580176,tracking_feedback_accumulate,492,,26619,,,423620608,543162368,473196544,543162368,,,,,,,,3.2380002085119486,,
1791441434.198074,580176,frontend_frame,492,0,26619,94,8,425908224,543162368,473196544,543162368,,,,,,,,,,
1791441434.869451,580176,tracking_feedback_accumulate,493,,26619,,,429904896,543162368,473200128,543162368,,,,,,,,2.8834999538958073,,
1791441434.8739517,580176,frontend_frame,493,0,26619,94,8,432192512,543162368,473200128,543162368,,,,,,,,,,
1791441435.6106834,580176,tracking_feedback_accumulate,494,,26619,,,436271104,547356672,478734336,547356672,,,,,,,,2.967699896544218,,
1791441435.6167095,580176,frontend_frame,494,0,26619,94,8,425992192,547356672,478734336,547356672,,,,,,,,,,
1791441436.2245781,580176,tracking_feedback_accumulate,495,,26619,,,429906944,547356672,478734336,547356672,,,,,,,,2.9736000578850508,,
1791441436.232262,580176,frontend_frame,495,0,26619,95,8,436190720,547356672,478734336,547356672,,,,,,,,,,
1791441448.3291495,580176,tracking_feedback_accumulate,496,,26863,,,427640320,547356672,478734336,547356672,,,,,,,,2.9550998006016016,,
1791441448.3341496,580176,frontend_frame,496,0,26863,95,8,429989888,547356672,478734336,547356672,,,,,,,,,,
1791441448.8994496,580176,tracking_feedback_accumulate,497,,26863,,,433986560,547356672,478734336,547356672,,,,,,,,2.9005000833421946,,
1791441448.9044495,580176,frontend_frame,497,0,26863,95,8,436334592,547356672,478734336,547356672,,,,,,,,,,
1791441449.5242674,580176,tracking_feedback_accumulate,498,,26863,,,440413184,549453824,483093504,549453824,,,,,,,,2.947899978607893,,
1791441449.530279,580176,frontend_frame,498,0,26863,95,8,430073856,549453824,483093504,549453824,,,,,,,,,,
1791441450.167072,580176,tracking_feedback_accumulate,499,,26863,,,433988608,549453824,483093504,549453824,,,,,,,,2.8556000906974077,,
1791441450.1720753,580176,frontend_frame,499,0,26863,95,8,436336640,549453824,483093504,549453824,,,,,,,,,,
1791441450.8322773,580176,tracking_feedback_accumulate,500,,26863,,,440415232,549453824,483093504,549453824,,,,,,,,3.4155999310314655,,
1791441450.8391693,580176,frontend_frame,500,0,26863,96,8,446759424,549453824,483093504,549453824,,,,,,,,,,
1791441462.9182057,580176,tracking_feedback_accumulate,501,,27406,,,412833280,549453824,483093504,549453824,,,,,,,,3.393599996343255,,
1791441462.9247127,580176,frontend_frame,501,0,27406,96,8,415318016,549453824,483093504,549453824,,,,,,,,,,
1791441463.6710632,580176,tracking_feedback_accumulate,502,,27406,,,419314688,549453824,483093504,549453824,,,,,,,,2.9278001748025417,,
1791441463.6765702,580176,frontend_frame,502,0,27406,96,8,421795328,549453824,483093504,549453824,,,,,,,,,,
1791441464.4314063,580176,tracking_feedback_accumulate,503,,27406,,,412921344,549453824,483093504,549453824,,,,,,,,3.1620999798178673,,
1791441464.4371276,580176,frontend_frame,503,0,27406,96,8,415401984,549453824,483093504,549453824,,,,,,,,,,
1791441465.2008805,580176,tracking_feedback_accumulate,504,,27406,,,419316736,549453824,483093504,549453824,,,,,,,,3.437599865719676,,
1791441465.2063851,580176,frontend_frame,504,0,27406,96,8,421797376,549453824,483093504,549453824,,,,,,,,,,
1791441465.964504,580176,tracking_feedback_accumulate,505,,27406,,,425875968,549453824,483093504,549453824,,,,,,,,2.956800162792206,,
1791441466.0203912,580176,frontend_frame,505,0,27406,97,8,419400192,549453824,483093504,549453824,,,,,,,,,,
1791441477.8909807,580176,tracking_feedback_accumulate,506,,27900,,,423346688,549453824,483093504,549453824,,,,,,,,3.4600000362843275,,
1791441477.895483,580176,frontend_frame,506,0,27900,97,8,425939456,549453824,483093504,549453824,,,,,,,,,,
1791441478.5222383,580176,tracking_feedback_accumulate,507,,27900,,,430018048,549453824,483093504,549453824,,,,,,,,2.9698999132961035,,
1791441478.5279841,580176,frontend_frame,507,0,27900,97,8,419546112,549453824,483093504,549453824,,,,,,,,,,
1791441479.1886487,580176,tracking_feedback_accumulate,508,,27900,,,423460864,549453824,483093504,549453824,,,,,,,,3.239499870687723,,
1791441479.193648,580176,frontend_frame,508,0,27900,97,8,426050560,549453824,483093504,549453824,,,,,,,,,,
1791441479.8856058,580176,tracking_feedback_accumulate,509,,27900,,,430129152,549453824,483093504,549453824,,,,,,,,5.322800017893314,,
1791441479.8906193,580176,frontend_frame,509,0,27900,97,8,432718848,549453824,483093504,549453824,,,,,,,,,,
1791441480.5785406,580176,tracking_feedback_accumulate,510,,27900,,,423462912,549453824,483093504,549453824,,,,,,,,3.5190999042242765,,
1791441480.628897,580176,frontend_frame,510,0,27900,98,8,430048768,549453824,483093504,549453824,,,,,,,,,,
1791441492.3329897,580176,tracking_feedback_accumulate,511,,28522,,,434171392,549453824,483093504,549453824,,,,,,,,2.843499882146716,,
1791441492.3380022,580176,frontend_frame,511,0,28522,98,8,436916736,549453824,483093504,549453824,,,,,,,,,,
1791441492.9680452,580176,tracking_feedback_accumulate,512,,28522,,,440831488,570425344,484652544,570425344,,,,,,,,2.803599927574396,,
1791441492.974749,580176,frontend_frame,512,0,28522,98,8,430250496,570425344,484652544,570425344,,,,,,,,,,
1791441493.5801156,580176,tracking_feedback_accumulate,513,,28522,,,434329088,570425344,484652544,570425344,,,,,,,,2.8774000238627195,,
1791441493.5842524,580176,frontend_frame,513,0,28522,98,8,437069824,570425344,484652544,570425344,,,,,,,,,,
1791441494.2343185,580176,tracking_feedback_accumulate,514,,28522,,,440984576,570425344,484807680,570425344,,,,,,,,5.307500017806888,,
1791441494.240859,580176,frontend_frame,514,0,28522,98,8,443725312,570425344,484807680,570425344,,,,,,,,,,
1791441494.8436573,580176,tracking_feedback_accumulate,515,,28522,,,427594752,570425344,484807680,570425344,,,,,,,,3.135399892926216,,
1791441494.89416,580176,frontend_frame,515,0,28522,99,8,434331648,570425344,484807680,570425344,,,,,,,,,,
1791441506.531367,580176,tracking_feedback_accumulate,516,,28944,,,438278144,570425344,484807680,570425344,,,,,,,,2.959699835628271,,
1791441506.5370283,580176,frontend_frame,516,0,28944,99,8,441124352,570425344,484807680,570425344,,,,,,,,,,
1791441507.0423656,580176,tracking_feedback_accumulate,517,,28944,,,431627776,570425344,484807680,570425344,,,,,,,,2.9076000209897757,,
1791441507.046892,580176,frontend_frame,517,0,28944,99,8,434470912,570425344,484807680,570425344,,,,,,,,,,
1791441507.6317484,580176,tracking_feedback_accumulate,518,,28944,,,438385664,570425344,484807680,570425344,,,,,,,,2.8701999690383673,,
1791441507.636291,580176,frontend_frame,518,0,28944,99,8,441228800,570425344,484807680,570425344,,,,,,,,,,
1791441508.0989463,580176,tracking_feedback_accumulate,519,,28944,,,445225472,570425344,490316288,570425344,,,,,,,,2.8141001239418983,,
1791441508.1039479,580176,frontend_frame,519,0,28944,99,8,434391040,570425344,490316288,570425344,,,,,,,,,,
1791441508.6187387,580176,tracking_feedback_accumulate,520,,28944,,,438387712,570425344,490316288,570425344,,,,,,,,2.876599784940481,,
1791441508.6700437,580176,frontend_frame,520,0,28944,100,8,445227008,570425344,490316288,570425344,,,,,,,,,,
1791441520.4214246,580176,tracking_feedback_accumulate,521,,29412,,,435577856,570425344,490316288,570425344,,,,,,,,2.8740998823195696,,
1791441520.4264338,580176,frontend_frame,521,0,29412,100,8,438533120,570425344,490316288,570425344,,,,,,,,,,
1791441521.1405592,580176,tracking_feedback_accumulate,522,,29412,,,442611712,570425344,490316288,570425344,,,,,,,,2.9088000301271677,,
1791441521.1455655,580176,frontend_frame,522,0,29412,100,8,445563904,570425344,490316288,570425344,,,,,,,,,,
1791441521.7191775,580176,tracking_feedback_accumulate,523,,29412,,,449478656,570425344,494614528,570425344,,,,,,,,3.069399856030941,,
1791441521.7243917,580176,frontend_frame,523,0,29412,100,8,438535168,570425344,494614528,570425344,,,,,,,,,,
1791441522.44985,580176,tracking_feedback_accumulate,524,,29412,,,442613760,570425344,494614528,570425344,,,,,,,,3.267900086939335,,
1791441522.454872,580176,frontend_frame,524,0,29412,100,8,445565952,570425344,494614528,570425344,,,,,,,,,,
1791441523.1787066,580176,tracking_feedback_accumulate,525,,29412,,,449480704,570425344,494616576,570425344,,,,,,,,3.001599805429578,,
1791441523.233158,580176,frontend_frame,525,0,29412,101,8,456429056,570425344,494616576,570425344,,,,,,,,,,
1791441534.9634228,580176,tracking_feedback_accumulate,526,,26698,,,439408128,570425344,494616576,570425344,,,,,,,,3.03869997151196,,
1791441534.9686053,580176,frontend_frame,526,0,26698,101,8,441695744,570425344,494616576,570425344,,,,,,,,,,
1791441535.3723059,580176,tracking_feedback_accumulate,527,,26698,,,445774336,570425344,494616576,570425344,,,,,,,,2.8850999660789967,,
1791441535.3781128,580176,frontend_frame,527,0,26698,101,8,448083968,570425344,494616576,570425344,,,,,,,,,,
1791441535.8913162,580176,tracking_feedback_accumulate,528,,26698,,,432802816,570425344,494616576,570425344,,,,,,,,2.9030998703092337,,
1791441535.8966563,580176,frontend_frame,528,0,26698,101,8,435112448,570425344,494616576,570425344,,,,,,,,,,
1791441536.492286,580176,tracking_feedback_accumulate,529,,26698,,,439109120,570425344,494616576,570425344,,,,,,,,2.836299827322364,,
1791441536.4973862,580176,frontend_frame,529,0,26698,101,8,441418752,570425344,494616576,570425344,,,,,,,,,,
1791441537.0114257,580176,tracking_feedback_accumulate,530,,26698,,,445415424,570425344,494616576,570425344,,,,,,,,2.9398000333458185,,
1791441537.0642695,580176,frontend_frame,530,0,26698,102,8,439110656,570425344,494616576,570425344,,,,,,,,,,
1791441548.6673646,580176,tracking_feedback_accumulate,531,,26323,,,443166720,570425344,494616576,570425344,,,,,,,,2.996299881488085,,
1791441548.6723676,580176,frontend_frame,531,0,26323,102,8,445382144,570425344,494616576,570425344,,,,,,,,,,
1791441549.1890228,580176,tracking_feedback_accumulate,532,,26323,,,449296896,570425344,494616576,570425344,,,,,,,,3.3438000828027725,,
1791441549.1940298,580176,frontend_frame,532,0,26323,102,8,438995968,570425344,494616576,570425344,,,,,,,,,,
1791441549.655702,580176,tracking_feedback_accumulate,533,,26323,,,442992640,570425344,494616576,570425344,,,,,,,,2.882499946281314,,
1791441549.6596298,580176,frontend_frame,533,0,26323,102,8,445211648,570425344,494616576,570425344,,,,,,,,,,
1791441550.071726,580176,tracking_feedback_accumulate,534,,26323,,,449208320,570425344,494616576,570425344,,,,,,,,2.983700018376112,,
1791441550.0771673,580176,frontend_frame,534,0,26323,102,8,451427328,570425344,494616576,570425344,,,,,,,,,,
1791441550.4862769,580176,tracking_feedback_accumulate,535,,26323,,,442994688,570425344,494616576,570425344,,,,,,,,3.0102001037448645,,
1791441550.5341983,580176,frontend_frame,535,0,26323,103,8,449209856,570425344,494616576,570425344,,,,,,,,,,
1791441562.0223782,580176,tracking_feedback_accumulate,536,,26271,,,453207040,591396864,499266048,591396864,,,,,,,,3.0165999196469784,,
1791441562.0265791,580176,frontend_frame,536,0,26271,103,8,455414784,591396864,499266048,591396864,,,,,,,,,,
1791441562.4964356,580176,tracking_feedback_accumulate,537,,26271,,,459411456,591396864,505470464,591396864,,,,,,,,3.1870000530034304,,
1791441562.50153,580176,frontend_frame,537,0,26271,103,8,449201152,591396864,505470464,591396864,,,,,,,,,,
1791441563.017877,580176,tracking_feedback_accumulate,538,,26271,,,453197824,591396864,505470464,591396864,,,,,,,,2.960400190204382,,
1791441563.0218768,580176,frontend_frame,538,0,26271,103,8,455406592,591396864,505470464,591396864,,,,,,,,,,
1791441563.5264773,580176,tracking_feedback_accumulate,539,,26271,,,459485184,591396864,505470464,591396864,,,,,,,,3.4976000897586346,,
1791441563.531683,580176,frontend_frame,539,0,26271,103,8,461693952,591396864,505470464,591396864,,,,,,,,,,
1791441563.9921925,580176,tracking_feedback_accumulate,540,,26271,,,446995456,591396864,505470464,591396864,,,,,,,,3.0469000339508057,,
1791441563.9982047,580176,frontend_frame,540,0,26271,103,8,449204736,530579456,505470464,591396864,,,,,,,,,,
1791441564.4270394,580176,tracking_feedback_accumulate,541,,26271,,,453201408,574619648,505470464,591396864,,,,,,,,3.032800043001771,,
1791441564.4764647,580176,frontend_frame,541,0,26271,104,8,459405824,576716800,505470464,591396864,,,,,,,,,,
1791441576.0499718,580176,tracking_feedback_accumulate,542,,26608,,,451016704,576716800,505470464,591396864,,,,,,,,3.00510018132627,,
1791441576.0539718,580176,frontend_frame,542,0,26608,104,8,453306368,576716800,505470464,591396864,,,,,,,,,,
1791441576.5158193,580176,tracking_feedback_accumulate,543,,26608,,,457303040,576716800,505470464,591396864,,,,,,,,2.9661001171916723,,
1791441576.5199933,580176,frontend_frame,543,0,26608,104,8,459590656,576716800,505470464,591396864,,,,,,,,,,
1791441576.955846,580176,tracking_feedback_accumulate,544,,26608,,,463587328,580911104,509678592,591396864,,,,,,,,2.8735999949276447,,
1791441576.9608884,580176,frontend_frame,544,0,26608,104,8,453308416,580911104,509678592,591396864,,,,,,,,,,
1791441577.4329782,580176,tracking_feedback_accumulate,545,,26608,,,457387008,580911104,509678592,591396864,,,,,,,,3.0991998501122,,
1791441577.4375784,580176,frontend_frame,545,0,26608,104,8,459674624,580911104,509678592,591396864,,,,,,,,,,
1791441577.9266982,580176,tracking_feedback_accumulate,546,,26608,,,463589376,580911104,509680640,591396864,,,,,,,,3.3056000247597694,,
1791441577.9324217,580176,frontend_frame,546,0,26608,104,8,465877504,583008256,509680640,591396864,,,,,,,,,,
1791441578.4093363,580176,tracking_feedback_accumulate,547,,26608,,,451024384,583008256,509680640,591396864,,,,,,,,3.0724999960511923,,
1791441578.4145222,580176,frontend_frame,547,0,26608,104,8,453312000,583008256,509680640,591396864,,,,,,,,,,
1791441578.7245908,580176,tracking_feedback_accumulate,548,,26608,,,457308672,583008256,509680640,591396864,,,,,,,,3.171199932694435,,
1791441578.7303107,580176,frontend_frame,548,0,26608,104,8,459596288,583008256,509680640,591396864,,,,,,,,,,
1791441579.1988933,580176,tracking_feedback_accumulate,549,,26608,,,463674880,583008256,509684224,591396864,,,,,,,,3.452999982982874,,
1791441579.2064872,580176,frontend_frame,549,0,26608,104,8,453395968,583008256,509684224,591396864,,,,,,,,,,
1791441579.692236,580176,tracking_feedback_accumulate,550,,26608,,,457310720,583008256,509684224,591396864,,,,,,,,2.8926001396030188,,
1791441579.7428362,580176,frontend_frame,550,0,26608,105,8,463593984,583008256,509684224,591396864,,,,,,,,,,
1791441591.5105457,580176,tracking_feedback_accumulate,551,,27092,,,455139840,583008256,509684224,591396864,,,,,,,,3.0077998526394367,,
1791441591.5165744,580176,frontend_frame,551,0,27092,105,8,457543680,583008256,509684224,591396864,,,,,,,,,,
1791441591.898763,580176,tracking_feedback_accumulate,552,,27092,,,461458432,583008256,509684224,591396864,,,,,,,,2.918099984526634,,
1791441591.9027667,580176,frontend_frame,552,0,27092,105,8,463858688,583008256,509684224,591396864,,,,,,,,,,
1791441592.381545,580176,tracking_feedback_accumulate,553,,27092,,,467855360,583008256,513992704,591396864,,,,,,,,2.9291000682860613,,
1791441592.3865507,580176,frontend_frame,553,0,27092,105,8,457463808,583008256,513992704,591396864,,,,,,,,,,
1791441592.8055809,580176,tracking_feedback_accumulate,554,,27092,,,461460480,583008256,513992704,591396864,,,,,,,,2.8626001439988613,,
1791441592.8102818,580176,frontend_frame,554,0,27092,105,8,463860736,583008256,513992704,591396864,,,,,,,,,,
1791441593.3424814,580176,tracking_feedback_accumulate,555,,27092,,,467939328,583008256,513994752,591396864,,,,,,,,3.3478999976068735,,
1791441593.3496277,580176,frontend_frame,555,0,27092,105,8,451333632,583008256,513994752,591396864,,,,,,,,,,
1791441593.8926127,580176,tracking_feedback_accumulate,556,,27092,,,455248384,583008256,513994752,591396864,,,,,,,,3.196900011971593,,
1791441593.8978298,580176,frontend_frame,556,0,27092,105,8,457648640,583008256,513994752,591396864,,,,,,,,,,
1791441594.45087,580176,tracking_feedback_accumulate,557,,27092,,,461727232,583008256,513994752,591396864,,,,,,,,3.1840999145060778,,
1791441594.4543731,580176,frontend_frame,557,0,27092,105,8,464127488,583008256,513994752,591396864,,,,,,,,,,
1791441595.0005014,580176,tracking_feedback_accumulate,558,,27092,,,455250432,583008256,513994752,591396864,,,,,,,,2.947299974039197,,
1791441595.0521498,580176,frontend_frame,558,0,27092,106,8,461646336,583008256,513994752,591396864,,,,,,,,,,
1791441606.789103,580176,tracking_feedback_accumulate,559,,27558,,,465676800,583008256,513994752,591396864,,,,,,,,3.2862999942153692,,
1791441606.7941124,580176,frontend_frame,559,0,27558,106,8,468192768,583008256,513994752,591396864,,,,,,,,,,
1791441607.319354,580176,tracking_feedback_accumulate,560,,27558,,,472189440,583008256,518372864,591396864,,,,,,,,2.8995999600738287,,
1791441607.3253622,580176,frontend_frame,560,0,27558,106,8,461797888,536870912,518372864,591396864,,,,,,,,,,
1791441607.9318762,580176,tracking_feedback_accumulate,561,,27558,,,465794560,578813952,518372864,591396864,,,,,,,,2.984199905768037,,
1791441607.9363809,580176,frontend_frame,561,0,27558,106,8,468307456,578813952,518372864,591396864,,,,,,,,,,
1791441608.394442,580176,tracking_feedback_accumulate,562,,27558,,,472304128,583008256,518487552,591396864,,,,,,,,3.173900069668889,,
1791441608.3989766,580176,frontend_frame,562,0,27558,106,8,474817024,585105408,518487552,591396864,,,,,,,,,,
1791441608.8464432,580176,tracking_feedback_accumulate,563,,27558,,,459369984,585105408,518487552,591396864,,,,,,,,2.9096000362187624,,
1791441608.8516293,580176,frontend_frame,563,0,27558,106,8,461883392,585105408,518487552,591396864,,,,,,,,,,
1791441609.3186343,580176,tracking_feedback_accumulate,564,,27558,,,465798144,585105408,518487552,591396864,,,,,,,,3.078700043261051,,
1791441609.323634,580176,frontend_frame,564,0,27558,106,8,468311040,585105408,518487552,591396864,,,,,,,,,,
1791441609.807728,580176,tracking_feedback_accumulate,565,,27558,,,472389632,585105408,518491136,591396864,,,,,,,,3.0503999441862106,,
1791441609.813231,580176,frontend_frame,565,0,27558,106,8,461885440,585105408,518491136,591396864,,,,,,,,,,
1791441610.4209898,580176,tracking_feedback_accumulate,566,,27558,,,465800192,585105408,518491136,591396864,,,,,,,,2.997700124979019,,
1791441610.4255683,580176,frontend_frame,566,0,27558,106,8,468313088,585105408,518491136,591396864,,,,,,,,,,
1791441610.7925687,580176,tracking_feedback_accumulate,567,,27558,,,472391680,585105408,518493184,591396864,,,,,,,,3.3237000461667776,,
1791441610.79832,580176,frontend_frame,567,0,27558,106,8,461887488,585105408,518493184,591396864,,,,,,,,,,
1791441611.2048085,580176,tracking_feedback_accumulate,568,,27558,,,465802240,585105408,518493184,591396864,,,,,,,,3.0580000020563602,,
1791441611.2554598,580176,frontend_frame,568,0,27558,107,8,472310784,585105408,518493184,591396864,,,,,,,,,,
1791441622.9953825,580176,tracking_feedback_accumulate,569,,28196,,,476352000,585105408,522445824,591396864,,,,,,,,3.1215001363307238,,
1791441623.0001047,580176,frontend_frame,569,0,28196,107,8,479020544,585105408,522445824,591396864,,,,,,,,,,
1791441623.4799078,580176,tracking_feedback_accumulate,570,,28196,,,469849088,585105408,522445824,591396864,,,,,,,,3.02539998665452,,
1791441623.4845426,580176,frontend_frame,570,0,28196,107,8,472513024,559939584,522445824,591396864,,,,,,,,,,
1791441623.870581,580176,tracking_feedback_accumulate,571,,28196,,,476509696,585105408,522620416,591396864,,,,,,,,3.0622000340372324,,
1791441623.8767326,580176,frontend_frame,571,0,28196,107,8,479173632,587202560,522620416,591396864,,,,,,,,,,
1791441624.401883,580176,tracking_feedback_accumulate,572,,28196,,,483170304,591396864,529283072,591396864,,,,,,,,2.998500131070614,,
1791441624.4071808,580176,frontend_frame,572,0,28196,107,8,472515072,591396864,529283072,591396864,,,,,,,,,,
1791441624.8881106,580176,tracking_feedback_accumulate,573,,28196,,,476593664,591396864,529283072,591396864,,,,,,,,2.9189002234488726,,
1791441624.892616,580176,frontend_frame,573,0,28196,107,8,479258112,591396864,529283072,591396864,,,,,,,,,,
1791441625.4095619,580176,tracking_feedback_accumulate,574,,28196,,,483172864,591396864,529326592,591396864,,,,,,,,3.500400111079216,,
1791441625.4155858,580176,frontend_frame,574,0,28196,107,8,485836800,593494016,529326592,593494016,,,,,,,,,,
1791441625.7910275,580176,tracking_feedback_accumulate,575,,28196,,,469854720,593494016,529326592,593494016,,,,,,,,2.994299866259098,,
1791441625.7956932,580176,frontend_frame,575,0,28196,107,8,472518656,593494016,529326592,593494016,,,,,,,,,,
1791441626.244107,580176,tracking_feedback_accumulate,576,,28196,,,476515328,593494016,529326592,593494016,,,,,,,,3.3017999958246946,,
1791441626.2491238,580176,frontend_frame,576,0,28196,107,8,479179264,593494016,529326592,593494016,,,,,,,,,,
1791441626.6800468,580176,tracking_feedback_accumulate,577,,28196,,,483257856,593494016,529326592,593494016,,,,,,,,2.942199818789959,,
1791441626.6855896,580176,frontend_frame,577,0,28196,107,8,472602624,593494016,529326592,593494016,,,,,,,,,,
1791441627.1237624,580176,tracking_feedback_accumulate,578,,28196,,,476517376,593494016,529326592,593494016,,,,,,,,2.955300034955144,,
1791441627.178014,580176,frontend_frame,578,0,28196,108,8,483176960,593494016,529326592,593494016,,,,,,,,,,
1791441638.886684,580176,tracking_feedback_accumulate,579,,28861,,,487301632,614465536,533490176,614465536,,,,,,,,2.908499911427498,,
1791441638.8933856,580176,frontend_frame,579,0,28861,108,8,476808192,614465536,533490176,614465536,,,,,,,,,,
1791441639.3324919,580176,tracking_feedback_accumulate,580,,28861,,,480722944,614465536,533490176,614465536,,,,,,,,2.94229993596673,,
1791441639.3383543,580176,frontend_frame,580,0,28861,108,8,483544064,564133888,533490176,614465536,,,,,,,,,,
1791441639.74538,580176,tracking_feedback_accumulate,581,,28861,,,487540736,612368384,533851648,614465536,,,,,,,,3.027800004929304,,
1791441639.750017,580176,frontend_frame,581,0,28861,108,8,490361856,614465536,533851648,614465536,,,,,,,,,,
1791441640.1486847,580176,tracking_feedback_accumulate,582,,28861,,,473990144,614465536,533851648,614465536,,,,,,,,3.9073999505490065,,
1791441640.1531935,580176,frontend_frame,582,0,28861,108,8,476811264,614465536,533851648,614465536,,,,,,,,,,
1791441640.4811525,580176,tracking_feedback_accumulate,583,,28861,,,480726016,614465536,533851648,614465536,,,,,,,,2.9736000578850508,,
1791441640.485684,580176,frontend_frame,583,0,28861,108,8,483547648,614465536,533851648,614465536,,,,,,,,,,
1791441640.9308648,580176,tracking_feedback_accumulate,584,,28861,,,487626240,614465536,533855232,614465536,,,,,,,,3.101699985563755,,
1791441640.9380865,580176,frontend_frame,584,0,28861,108,8,470305280,614465536,533855232,614465536,,,,,,,,,,
1791441641.4008088,580176,tracking_feedback_accumulate,585,,28861,,,474220032,614465536,533855232,614465536,,,,,,,,3.039600094780326,,
1791441641.4063106,580176,frontend_frame,585,0,28861,108,8,477041152,614465536,533855232,614465536,,,,,,,,,,
1791441641.6818926,580176,tracking_feedback_accumulate,586,,28861,,,481119744,614465536,533855232,614465536,,,,,,,,3.573100082576275,,
1791441641.6873608,580176,frontend_frame,586,0,28861,108,8,483940864,614465536,533855232,614465536,,,,,,,,,,
1791441642.0655017,580176,tracking_feedback_accumulate,587,,28861,,,467405312,614465536,533855232,614465536,,,,,,,,2.9500999953597784,,
1791441642.0702624,580176,frontend_frame,587,0,28861,108,8,470226432,614465536,533855232,614465536,,,,,,,,,,
1791441642.5125096,580176,tracking_feedback_accumulate,588,,28861,,,474305024,614465536,533855232,614465536,,,,,,,,3.447800176218152,,
1791441642.5175352,580176,frontend_frame,588,0,28861,108,8,477126144,614465536,533855232,614465536,,,,,,,,,,
1791441642.9135692,580176,tracking_feedback_accumulate,589,,28861,,,467407360,614465536,533855232,614465536,,,,,,,,3.6102000158280134,,
1791441642.9189286,580176,frontend_frame,589,0,28861,108,8,470228480,614465536,533855232,614465536,,,,,,,,,,
1791441643.3036375,580176,tracking_feedback_accumulate,590,,28861,,,474225152,614465536,533855232,614465536,,,,,,,,2.962500089779496,,
1791441643.310078,580176,frontend_frame,590,0,28861,108,8,477046272,557842432,533855232,614465536,,,,,,,,,,
1791441643.6615639,580176,tracking_feedback_accumulate,591,,28861,,,481042944,606076928,533855232,614465536,,,,,,,,3.7899999879300594,,
1791441643.666574,580176,frontend_frame,591,0,28861,108,8,470230528,606076928,533855232,614465536,,,,,,,,,,
1791441643.667294,580176,frontend_complete,592,0,28861,108,8,470230528,606076928,533855232,614465536,,,,,,,,,,
