time_wall_s,pid,event,frame_idx,mapping_iteration,gaussian_count,retained_keyframes,window_keyframes,cuda_allocated_bytes,cuda_reserved_bytes,cuda_peak_allocated_bytes,cuda_peak_reserved_bytes,mapping_enqueue_ms,count_before,count_after,attempted_growth,admitted_growth,rejected_growth,protected_rows,policy_wall_ms,row_ceiling,row_violation
1791466751.8806932,600068,tracking_feedback_accumulate,1,,21428,,,24057344,69206016,62112256,69206016,,,,,,,,272.98610005527735,,
1791466751.889694,600068,frontend_frame,1,0,21428,1,1,25299456,73400320,62112256,73400320,,,,,,,,,,
1791466752.4030366,600068,tracking_feedback_accumulate,2,,21428,,,29296128,96468992,74722816,96468992,,,,,,,,3.0338000506162643,,
1791466752.4090364,600068,frontend_frame,2,0,21428,1,1,30365184,100663296,74722816,100663296,,,,,,,,,,
1791466752.9454496,600068,tracking_feedback_accumulate,3,,21428,,,34525696,102760448,79788544,102760448,,,,,,,,2.9638998676091433,,
1791466752.950448,600068,frontend_frame,3,0,21428,1,1,35594752,104857600,79788544,104857600,,,,,,,,,,
1791466753.3866587,600068,tracking_feedback_accumulate,4,,21428,,,34362880,104857600,79789568,104857600,,,,,,,,2.9839000198990107,,
1791466753.391658,600068,frontend_frame,4,0,21428,1,1,35431936,104857600,79789568,104857600,,,,,,,,,,
1791466753.859307,600068,tracking_feedback_accumulate,5,,21428,,,39592448,106954752,84855296,106954752,,,,,,,,3.2516999635845423,,
1791466753.8653085,600068,frontend_frame,5,0,21428,1,1,40662016,109051904,84855296,109051904,,,,,,,,,,
1791466754.4191263,600068,tracking_feedback_accumulate,6,,21428,,,34365440,109051904,84855296,109051904,,,,,,,,2.983399899676442,,
1791466754.425127,600068,frontend_frame,6,0,21428,2,2,39430144,109051904,84855296,109051904,,,,,,,,,,
1791466757.3051364,600068,tracking_feedback_accumulate,7,,10306,,,42870784,109051904,84855296,109051904,,,,,,,,2.833500038832426,,
1791466757.3101366,600068,frontend_frame,7,0,10306,2,2,26030592,109051904,84855296,109051904,,,,,,,,,,
1791466757.783948,600068,tracking_feedback_accumulate,8,,10306,,,29863424,109051904,84855296,109051904,,,,,,,,2.6833999436348677,,
1791466757.7889483,600068,frontend_frame,8,0,10306,2,2,28306432,109051904,84855296,109051904,,,,,,,,,,
1791466758.2893286,600068,tracking_feedback_accumulate,9,,10306,,,32385024,109051904,84855296,109051904,,,,,,,,2.7855001389980316,,
1791466758.2943287,600068,frontend_frame,9,0,10306,2,2,25868800,109051904,84855296,109051904,,,,,,,,,,
1791466758.8505654,600068,tracking_feedback_accumulate,10,,10306,,,29865472,109051904,84855296,109051904,,,,,,,,2.6787000242620707,,
1791466758.857565,600068,frontend_frame,10,0,10306,2,2,28308480,52428800,84855296,109051904,,,,,,,,,,
1791466759.4420328,600068,tracking_feedback_accumulate,11,,10306,,,32387072,96468992,84855296,109051904,,,,,,,,2.897700062021613,,
1791466759.447035,600068,frontend_frame,11,0,10306,2,2,25871360,96468992,84855296,109051904,,,,,,,,,,
1791466759.9403746,600068,tracking_feedback_accumulate,12,,10306,,,29868032,96468992,84855296,109051904,,,,,,,,2.6537999510765076,,
1791466759.946375,600068,frontend_frame,12,0,10306,3,3,32306688,96468992,84855296,109051904,,,,,,,,,,
1791466763.8742967,600068,tracking_feedback_accumulate,13,,10500,,,36320256,96468992,84855296,109051904,,,,,,,,2.840599976480007,,
1791466763.8832974,600068,frontend_frame,13,0,10500,3,3,29937152,96468992,84855296,109051904,,,,,,,,,,
1791466764.390741,600068,tracking_feedback_accumulate,14,,10500,,,34179584,96468992,84855296,109051904,,,,,,,,2.8586999978870153,,
1791466764.3957407,600068,frontend_frame,14,0,10500,3,3,32590848,96468992,84855296,109051904,,,,,,,,,,
1791466764.9095592,600068,tracking_feedback_accumulate,15,,10500,,,36423680,96468992,84855296,109051904,,,,,,,,2.875400008633733,,
1791466764.9145586,600068,frontend_frame,15,0,10500,3,3,29939200,96468992,84855296,109051904,,,,,,,,,,
1791466765.5186083,600068,tracking_feedback_accumulate,16,,10500,,,34099712,96468992,84855296,109051904,,,,,,,,2.783200005069375,,
1791466765.5236087,600068,frontend_frame,16,0,10500,3,3,32592896,96468992,84855296,109051904,,,,,,,,,,
1791466766.0420885,600068,tracking_feedback_accumulate,17,,10500,,,36507648,96468992,84855296,109051904,,,,,,,,2.8031000401824713,,
1791466766.0480878,600068,frontend_frame,17,0,10500,4,4,34019328,96468992,84855296,109051904,,,,,,,,,,
1791466770.944692,600068,tracking_feedback_accumulate,18,,11050,,,38133760,96468992,84855296,109051904,,,,,,,,2.7534998953342438,,
1791466770.9486933,600068,frontend_frame,18,0,11050,4,4,36753408,96468992,84855296,109051904,,,,,,,,,,
1791466771.5123677,600068,tracking_feedback_accumulate,19,,11050,,,40668160,96468992,84855296,109051904,,,,,,,,3.074199892580509,,
1791466771.5173671,600068,frontend_frame,19,0,11050,4,4,36672512,96468992,84855296,109051904,,,,,,,,,,
1791466771.9375885,600068,tracking_feedback_accumulate,20,,11050,,,40587264,96468992,84855296,109051904,,,,,,,,2.8208999428898096,,
1791466771.9425895,600068,frontend_frame,20,0,11050,4,4,39203328,54525952,84855296,109051904,,,,,,,,,,
1791466772.4211712,600068,tracking_feedback_accumulate,21,,11050,,,43281920,100663296,84855296,109051904,,,,,,,,2.9533999040722847,,
1791466772.426325,600068,frontend_frame,21,0,11050,4,4,41897984,100663296,84855296,109051904,,,,,,,,,,
1791466772.8665798,600068,tracking_feedback_accumulate,22,,11050,,,40589312,100663296,84855296,109051904,,,,,,,,2.836399944499135,,
1791466772.8725789,600068,frontend_frame,22,0,11050,5,5,43201536,100663296,84855296,109051904,,,,,,,,,,
1791466778.7717898,600068,tracking_feedback_accumulate,23,,11937,,,39710720,100663296,84855296,109051904,,,,,,,,2.800900023430586,,
1791466778.7767906,600068,frontend_frame,23,0,11937,5,5,38544896,100663296,84855296,109051904,,,,,,,,,,
1791466779.3073065,600068,tracking_feedback_accumulate,24,,11937,,,42459648,100663296,84855296,109051904,,,,,,,,2.7133000548928976,,
1791466779.3123071,600068,frontend_frame,24,0,11937,5,5,41287168,100663296,84855296,109051904,,,,,,,,,,
1791466779.7959442,600068,tracking_feedback_accumulate,25,,11937,,,39555584,100663296,84855296,109051904,,,,,,,,2.929199952632189,,
1791466779.8009448,600068,frontend_frame,25,0,11937,5,5,38383104,100663296,84855296,109051904,,,,,,,,,,
1791466780.297231,600068,tracking_feedback_accumulate,26,,11937,,,42543616,100663296,84855296,109051904,,,,,,,,2.8208999428898096,,
1791466780.302232,600068,frontend_frame,26,0,11937,5,5,41371136,100663296,84855296,109051904,,,,,,,,,,
1791466780.8019056,600068,tracking_feedback_accumulate,27,,11937,,,39639552,100663296,84855296,109051904,,,,,,,,2.773699816316366,,
1791466780.8089051,600068,frontend_frame,27,0,11937,6,6,42463232,100663296,84855296,109051904,,,,,,,,,,
1791466787.4924514,600068,tracking_feedback_accumulate,28,,13150,,,46459392,100663296,84855296,109051904,,,,,,,,2.8182000387459993,,
1791466787.4975066,600068,frontend_frame,28,0,13150,6,6,45582336,100663296,84855296,109051904,,,,,,,,,,
1791466787.9243677,600068,tracking_feedback_accumulate,29,,13150,,,43728384,100663296,87772160,109051904,,,,,,,,2.825399860739708,,
1791466787.9293673,600068,frontend_frame,29,0,13150,6,6,42842112,100663296,87772160,109051904,,,,,,,,,,
1791466788.4110198,600068,tracking_feedback_accumulate,30,,13150,,,46756864,100663296,87772160,109051904,,,,,,,,2.84289987757802,,
1791466788.41602,600068,frontend_frame,30,0,13150,6,6,45870592,73400320,87772160,109051904,,,,,,,,,,
1791466788.8572628,600068,tracking_feedback_accumulate,31,,13150,,,49949184,98566144,87772160,109051904,,,,,,,,2.745299832895398,,
1791466788.862263,600068,frontend_frame,31,0,13150,6,6,42844160,98566144,87772160,109051904,,,,,,,,,,
1791466789.3006995,600068,tracking_feedback_accumulate,32,,13150,,,46922752,98566144,87772160,109051904,,,,,,,,2.9931000899523497,,
1791466789.3087006,600068,frontend_frame,32,0,13150,7,7,50032640,98566144,87772160,109051904,,,,,,,,,,
1791466796.8036754,600068,tracking_feedback_accumulate,33,,14749,,,54053888,98566144,92459008,109051904,,,,,,,,2.7208998799324036,,
1791466796.8096752,600068,frontend_frame,33,0,14749,7,7,47337472,98566144,92459008,109051904,,,,,,,,,,
1791466797.3068912,600068,tracking_feedback_accumulate,34,,14749,,,51416064,98566144,92459008,109051904,,,,,,,,2.820800058543682,,
1791466797.3118913,600068,frontend_frame,34,0,14749,7,7,50906112,98566144,92459008,109051904,,,,,,,,,,
1791466797.7485168,600068,tracking_feedback_accumulate,35,,14749,,,54820864,100663296,92459008,109051904,,,,,,,,2.8957000467926264,,
1791466797.7535174,600068,frontend_frame,35,0,14749,7,7,54310912,100663296,92459008,109051904,,,,,,,,,,
1791466798.1999002,600068,tracking_feedback_accumulate,36,,14749,,,47768576,100663296,92459008,109051904,,,,,,,,2.7791999746114016,,
1791466798.2048993,600068,frontend_frame,36,0,14749,7,7,47258624,100663296,92459008,109051904,,,,,,,,,,
1791466798.6009285,600068,tracking_feedback_accumulate,37,,14749,,,51419136,100663296,92459008,109051904,,,,,,,,2.6805999223142862,,
1791466798.6089294,600068,frontend_frame,37,0,14749,8,7,54905344,100663296,92459008,109051904,,,,,,,,,,
1791466807.0069654,600068,tracking_feedback_accumulate,38,,16402,,,51959808,121634816,92459008,121634816,,,,,,,,2.883999841287732,,
1791466807.011965,600068,frontend_frame,38,0,16402,8,7,51855360,121634816,92459008,121634816,,,,,,,,,,
1791466807.4694145,600068,tracking_feedback_accumulate,39,,16402,,,55933952,121634816,94647296,121634816,,,,,,,,2.8397999703884125,,
1791466807.4754176,600068,frontend_frame,39,0,16402,8,7,55816704,121634816,94647296,121634816,,,,,,,,,,
1791466807.9648983,600068,tracking_feedback_accumulate,40,,16402,,,59731456,121634816,98526720,121634816,,,,,,,,2.889299998059869,,
1791466807.9709444,600068,frontend_frame,40,0,16402,8,7,51857408,75497472,98526720,121634816,,,,,,,,,,
1791466808.447571,600068,tracking_feedback_accumulate,41,,16402,,,55772160,117440512,98526720,121634816,,,,,,,,3.099299967288971,,
1791466808.4535706,600068,frontend_frame,41,0,16402,8,7,55654912,119537664,98526720,121634816,,,,,,,,,,
1791466809.006358,600068,tracking_feedback_accumulate,42,,16402,,,59733504,123731968,98526720,123731968,,,,,,,,3.1157999765127897,,
1791466809.0143633,600068,frontend_frame,42,0,16402,9,7,63612416,123731968,98526720,123731968,,,,,,,,,,
1791466818.2240045,600068,tracking_feedback_accumulate,43,,15632,,,56008192,123731968,98526720,123731968,,,,,,,,2.705699997022748,,
1791466818.2290046,600068,frontend_frame,43,0,15632,9,7,55703040,123731968,98526720,123731968,,,,,,,,,,
1791466818.613455,600068,tracking_feedback_accumulate,44,,15632,,,59617792,123731968,98526720,123731968,,,,,,,,2.643299987539649,,
1791466818.6185262,600068,frontend_frame,44,0,15632,9,7,59319296,123731968,98526720,123731968,,,,,,,,,,
1791466819.018695,600068,tracking_feedback_accumulate,45,,15632,,,56003584,123731968,98526720,123731968,,,,,,,,2.7336999773979187,,
1791466819.0226939,600068,frontend_frame,45,0,15632,9,7,55705088,123731968,98526720,123731968,,,,,,,,,,
1791466819.4217274,600068,tracking_feedback_accumulate,46,,15632,,,59619840,123731968,98526720,123731968,,,,,,,,2.826400101184845,,
1791466819.4257276,600068,frontend_frame,46,0,15632,9,7,59321344,123731968,98526720,123731968,,,,,,,,,,
1791466819.8729062,600068,tracking_feedback_accumulate,47,,15632,,,63399936,123731968,102038528,123731968,,,,,,,,2.7294999454170465,,
1791466819.8809056,600068,frontend_frame,47,0,15632,10,7,59703296,123731968,102038528,123731968,,,,,,,,,,
1791466829.1584487,600068,tracking_feedback_accumulate,48,,16992,,,63708160,123731968,102480896,123731968,,,,,,,,2.810099860653281,,
1791466829.164449,600068,frontend_frame,48,0,16992,10,7,63738368,123731968,102480896,123731968,,,,,,,,,,
1791466829.6248026,600068,tracking_feedback_accumulate,49,,16992,,,67735040,123731968,106587136,123731968,,,,,,,,2.9041001107543707,,
1791466829.6291938,600068,frontend_frame,49,0,16992,10,7,67755008,125829120,106587136,125829120,,,,,,,,,,
1791466830.0177088,600068,tracking_feedback_accumulate,50,,16992,,,60023296,125829120,106587136,125829120,,,,,,,,2.746900077909231,,
1791466830.0227082,600068,frontend_frame,50,0,16992,10,7,60043264,79691776,106587136,125829120,,,,,,,,,,
1791466830.4482703,600068,tracking_feedback_accumulate,51,,16992,,,64039936,121634816,106587136,125829120,,,,,,,,2.8522999491542578,,
1791466830.4532704,600068,frontend_frame,51,0,16992,10,7,64059904,121634816,106587136,125829120,,,,,,,,,,
1791466830.8843112,600068,tracking_feedback_accumulate,52,,16992,,,68056576,123731968,106908672,125829120,,,,,,,,2.920700004324317,,
1791466830.8923113,600068,frontend_frame,52,0,16992,11,7,64041472,123731968,106908672,125829120,,,,,,,,,,
1791466840.1993098,600068,tracking_feedback_accumulate,53,,18444,,,68136448,123731968,108273664,125829120,,,,,,,,2.877200022339821,,
1791466840.2043104,600068,frontend_frame,53,0,18444,11,7,68513792,123731968,108273664,125829120,,,,,,,,,,
1791466840.6286843,600068,tracking_feedback_accumulate,54,,18444,,,72592384,125829120,112733184,125829120,,,,,,,,2.7926000766456127,,
1791466840.6336844,600068,frontend_frame,54,0,18444,11,7,64581120,125829120,112733184,125829120,,,,,,,,,,
1791466841.0453002,600068,tracking_feedback_accumulate,55,,18444,,,68495872,125829120,112733184,125829120,,,,,,,,2.7462998405098915,,
1791466841.0493,600068,frontend_frame,55,0,18444,11,7,68861952,125829120,112733184,125829120,,,,,,,,,,
1791466841.5128438,600068,tracking_feedback_accumulate,56,,18444,,,72940544,125829120,113081344,125829120,,,,,,,,2.835199935361743,,
1791466841.5188444,600068,frontend_frame,56,0,18444,11,7,73306624,125829120,113081344,125829120,,,,,,,,,,
1791466841.9313147,600068,tracking_feedback_accumulate,57,,18444,,,64136192,125829120,113081344,125829120,,,,,,,,2.7469999622553587,,
1791466841.9384496,600068,frontend_frame,57,0,18444,12,7,68498432,125829120,113081344,125829120,,,,,,,,,,
1791466851.2621095,600068,tracking_feedback_accumulate,58,,19939,,,72674816,125829120,113345536,125829120,,,,,,,,2.917099976912141,,
1791466851.2671115,600068,frontend_frame,58,0,19939,12,7,73402880,125829120,113345536,125829120,,,,,,,,,,
1791466851.7667933,600068,tracking_feedback_accumulate,59,,19939,,,68243456,125829120,113345536,125829120,,,,,,,,2.908899914473295,,
1791466851.7707932,600068,frontend_frame,59,0,19939,12,7,68960256,125829120,113345536,125829120,,,,,,,,,,
1791466852.2492783,600068,tracking_feedback_accumulate,60,,19939,,,72956928,125829120,113695232,125829120,,,,,,,,2.9027999844402075,,
1791466852.2542791,600068,frontend_frame,60,0,19939,12,7,73673728,100663296,113695232,125829120,,,,,,,,,,
1791466852.7301276,600068,tracking_feedback_accumulate,61,,19939,,,77670400,125829120,119169024,125829120,,,,,,,,3.1602000817656517,,
1791466852.7361295,600068,frontend_frame,61,0,19939,12,7,68962304,125829120,119169024,125829120,,,,,,,,,,
1791466853.1821942,600068,tracking_feedback_accumulate,62,,19939,,,72958976,125829120,119169024,125829120,,,,,,,,3.0487999320030212,,
1791466853.189194,600068,frontend_frame,62,0,19939,13,8,77671936,125829120,119169024,125829120,,,,,,,,,,
1791466863.5853724,600068,tracking_feedback_accumulate,63,,21262,,,81758720,148897792,123486720,148897792,,,,,,,,2.804799936711788,,
1791466863.5943725,600068,frontend_frame,63,0,21262,13,8,73374720,148897792,123486720,148897792,,,,,,,,,,
1791466864.0754228,600068,tracking_feedback_accumulate,64,,21262,,,77535232,148897792,123486720,148897792,,,,,,,,2.8487001545727253,,
1791466864.0804229,600068,frontend_frame,64,0,21262,13,8,78565888,148897792,123486720,148897792,,,,,,,,,,
1791466864.5558703,600068,tracking_feedback_accumulate,65,,21262,,,82398720,148897792,124205056,148897792,,,,,,,,2.827899996191263,,
1791466864.5618703,600068,frontend_frame,65,0,21262,13,8,83429376,150994944,124205056,150994944,,,,,,,,,,
1791466865.0935602,600068,tracking_feedback_accumulate,66,,21262,,,77455360,150994944,124205056,150994944,,,,,,,,3.2459998037666082,,
1791466865.0975604,600068,frontend_frame,66,0,21262,13,8,78486016,150994944,124205056,150994944,,,,,,,,,,
1791466865.7282188,600068,tracking_feedback_accumulate,67,,21262,,,82400768,150994944,124207104,150994944,,,,,,,,2.9114000499248505,,
1791466865.77788,600068,frontend_frame,67,0,21262,14,8,87427584,150994944,124207104,150994944,,,,,,,,,,
1791466876.2934926,600068,tracking_feedback_accumulate,68,,22371,,,91497472,155189248,133109248,155189248,,,,,,,,2.838500076904893,,
1791466876.2984924,600068,frontend_frame,68,0,22371,14,8,82743808,155189248,133109248,155189248,,,,,,,,,,
1791466876.7273402,600068,tracking_feedback_accumulate,69,,22371,,,86822400,155189248,133109248,155189248,,,,,,,,2.8794000390917063,,
1791466876.7323394,600068,frontend_frame,69,0,22371,14,8,88113152,155189248,133109248,155189248,,,,,,,,,,
1791466877.2323449,600068,tracking_feedback_accumulate,70,,22371,,,91945984,155189248,133704192,155189248,,,,,,,,2.8669999446719885,,
1791466877.2383454,600068,frontend_frame,70,0,22371,14,8,82663936,111149056,133704192,155189248,,,,,,,,,,
1791466877.7921708,600068,tracking_feedback_accumulate,71,,22371,,,86824448,153092096,133704192,155189248,,,,,,,,2.8043000493198633,,
1791466877.7971714,600068,frontend_frame,71,0,22371,14,8,88115200,153092096,133704192,155189248,,,,,,,,,,
1791466878.294499,600068,tracking_feedback_accumulate,72,,22371,,,92111872,155189248,133706240,155189248,,,,,,,,2.792299957945943,,
1791466878.343499,600068,frontend_frame,72,0,22371,15,8,97398784,157286400,133706240,157286400,,,,,,,,,,
1791466888.982916,600068,tracking_feedback_accumulate,73,,23296,,,90801664,157286400,133706240,157286400,,,,,,,,2.809699857607484,,
1791466888.9879155,600068,frontend_frame,73,0,23296,15,8,92310528,157286400,133706240,157286400,,,,,,,,,,
1791466889.5224862,600068,tracking_feedback_accumulate,74,,23296,,,96307200,157286400,138307584,157286400,,,,,,,,2.830399898812175,,
1791466889.526486,600068,frontend_frame,74,0,23296,15,8,97809408,159383552,138307584,159383552,,,,,,,,,,
1791466889.9978623,600068,tracking_feedback_accumulate,75,,23296,,,90810368,163577856,143240192,163577856,,,,,,,,2.8582001104950905,,
1791466890.0028625,600068,frontend_frame,75,0,23296,15,8,92312576,163577856,143240192,163577856,,,,,,,,,,
1791466890.5142848,600068,tracking_feedback_accumulate,76,,23296,,,96391168,163577856,143240192,163577856,,,,,,,,2.764900214970112,,
1791466890.5192854,600068,frontend_frame,76,0,23296,15,8,97893376,163577856,143240192,163577856,,,,,,,,,,
1791466891.001124,600068,tracking_feedback_accumulate,77,,23296,,,101808128,163577856,143808512,163577856,,,,,,,,2.818299923092127,,
1791466891.0503216,600068,frontend_frame,77,0,23296,16,8,96310784,163577856,143808512,163577856,,,,,,,,,,
1791466901.675951,600068,tracking_feedback_accumulate,78,,24003,,,100357632,163577856,143808512,163577856,,,,,,,,2.8824000619351864,,
1791466901.6799529,600068,frontend_frame,78,0,24003,16,8,102038528,163577856,143808512,163577856,,,,,,,,,,
1791466902.147353,600068,tracking_feedback_accumulate,79,,24003,,,106117120,165675008,148106240,165675008,,,,,,,,2.8852999676018953,,
1791466902.1523538,600068,frontend_frame,79,0,24003,16,8,107792384,165675008,148106240,165675008,,,,,,,,,,
1791466902.5465043,600068,tracking_feedback_accumulate,80,,24003,,,94867456,165675008,148106240,165675008,,,,,,,,2.909500151872635,,
1791466902.552505,600068,frontend_frame,80,0,24003,16,8,96542720,113246208,148106240,165675008,,,,,,,,,,
1791466903.0447562,600068,tracking_feedback_accumulate,81,,24003,,,100621312,159383552,148106240,165675008,,,,,,,,3.200799925252795,,
1791466903.049757,600068,frontend_frame,81,0,24003,16,8,102296576,159383552,148106240,165675008,,,,,,,,,,
1791466903.6622767,600068,tracking_feedback_accumulate,82,,24003,,,106211328,163577856,148282368,165675008,,,,,,,,2.7179999742656946,,
1791466903.667277,600068,frontend_frame,82,0,24003,16,8,96545280,163577856,148282368,165675008,,,,,,,,,,
1791466904.1824088,600068,tracking_feedback_accumulate,83,,24003,,,100541952,163577856,148282368,165675008,,,,,,,,2.799500012770295,,
1791466904.231914,600068,frontend_frame,83,0,24003,17,8,106212864,163577856,148282368,165675008,,,,,,,,,,
1791466914.8729794,600068,tracking_feedback_accumulate,84,,24954,,,110272512,165675008,152080384,165675008,,,,,,,,2.844100119546056,,
1791466914.878979,600068,frontend_frame,84,0,24954,17,8,100832256,165675008,152080384,165675008,,,,,,,,,,
1791466915.336679,600068,tracking_feedback_accumulate,85,,24954,,,104910848,165675008,152080384,165675008,,,,,,,,2.6025997940450907,,
1791466915.340679,600068,frontend_frame,85,0,24954,17,8,106805760,165675008,152080384,165675008,,,,,,,,,,
1791466915.9334056,600068,tracking_feedback_accumulate,86,,24954,,,110720512,165675008,152583680,165675008,,,,,,,,2.9127998277544975,,
1791466915.9384055,600068,frontend_frame,86,0,24954,17,8,112615424,165675008,152583680,165675008,,,,,,,,,,
1791466916.5245984,600068,tracking_feedback_accumulate,87,,24954,,,98940416,165675008,152583680,165675008,,,,,,,,3.139699809253216,,
1791466916.5285985,600068,frontend_frame,87,0,24954,17,8,100835328,165675008,152583680,165675008,,,,,,,,,,
1791466917.177963,600068,tracking_feedback_accumulate,88,,24954,,,104913920,165675008,152583680,165675008,,,,,,,,2.9030998703092337,,
1791466917.226979,600068,frontend_frame,88,0,24954,18,8,110804992,165675008,152583680,165675008,,,,,,,,,,
1791466928.1698325,600068,tracking_feedback_accumulate,89,,25713,,,102991360,186646528,152583680,186646528,,,,,,,,2.8278001118451357,,
1791466928.174832,600068,frontend_frame,89,0,25713,18,8,105073152,186646528,152583680,186646528,,,,,,,,,,
1791466928.7487464,600068,tracking_feedback_accumulate,90,,25713,,,109151744,186646528,152583680,186646528,,,,,,,,3.1644999980926514,,
1791466928.7557473,600068,frontend_frame,90,0,25713,18,8,111227904,140509184,152583680,186646528,,,,,,,,,,
1791466929.3990004,600068,tracking_feedback_accumulate,91,,25713,,,115142656,186646528,158372864,186646528,,,,,,,,2.895300043746829,,
1791466929.4080029,600068,frontend_frame,91,0,25713,18,8,99788800,186646528,158372864,186646528,,,,,,,,,,
1791466930.0745893,600068,tracking_feedback_accumulate,92,,25713,,,103867392,186646528,158372864,186646528,,,,,,,,2.8413000982254744,,
1791466930.0785887,600068,frontend_frame,92,0,25713,18,8,105943552,186646528,158372864,186646528,,,,,,,,,,
1791466930.6874697,600068,tracking_feedback_accumulate,93,,25713,,,109858304,186646528,158372864,186646528,,,,,,,,2.9561000410467386,,
1791466930.7411244,600068,frontend_frame,93,0,25713,19,8,115930624,186646528,158372864,186646528,,,,,,,,,,
1791466941.5606737,600068,tracking_feedback_accumulate,94,,26345,,,101755904,186646528,158372864,186646528,,,,,,,,2.9100999236106873,,
1791466941.5656738,600068,frontend_frame,94,0,26345,19,8,103987712,186646528,158372864,186646528,,,,,,,,,,
1791466942.020709,600068,tracking_feedback_accumulate,95,,26345,,,107984384,186646528,158372864,186646528,,,,,,,,2.807500073686242,,
1791466942.0267084,600068,frontend_frame,95,0,26345,19,8,110211584,186646528,158372864,186646528,,,,,,,,,,
1791466942.4748344,600068,tracking_feedback_accumulate,96,,26345,,,101844480,186646528,158372864,186646528,,,,,,,,2.8127001132816076,,
1791466942.4798343,600068,frontend_frame,96,0,26345,19,8,104071680,186646528,158372864,186646528,,,,,,,,,,
1791466942.9763694,600068,tracking_feedback_accumulate,97,,26345,,,107986432,186646528,158372864,186646528,,,,,,,,2.999299904331565,,
1791466942.9803689,600068,frontend_frame,97,0,26345,19,8,110213632,186646528,158372864,186646528,,,,,,,,,,
1791466943.4810233,600068,tracking_feedback_accumulate,98,,26345,,,114292224,186646528,158372864,186646528,,,,,,,,3.1478002201765776,,
1791466943.5317316,600068,frontend_frame,98,0,26345,20,8,108069888,186646528,158372864,186646528,,,,,,,,,,
1791466954.5126832,600068,tracking_feedback_accumulate,99,,26569,,,112001536,186646528,158372864,186646528,,,,,,,,2.9072000179439783,,
1791466954.5176818,600068,frontend_frame,99,0,26569,20,8,114282496,186646528,158372864,186646528,,,,,,,,,,
1791466955.0692,600068,tracking_feedback_accumulate,100,,26569,,,118361088,186646528,161142784,186646528,,,,,,,,8.367600152269006,,
1791466955.0752015,600068,frontend_frame,100,0,26569,20,8,108142592,138412032,161142784,186646528,,,,,,,,,,
1791466955.592502,600068,tracking_feedback_accumulate,101,,26569,,,112057344,180355072,161142784,186646528,,,,,,,,2.8832999523729086,,
1791466955.5975027,600068,frontend_frame,101,0,26569,20,8,114336768,180355072,161142784,186646528,,,,,,,,,,
1791466956.1840093,600068,tracking_feedback_accumulate,102,,26569,,,118415360,182452224,161240064,186646528,,,,,,,,2.8309000190347433,,
1791466956.1890078,600068,frontend_frame,102,0,26569,20,8,120694784,184549376,161240064,186646528,,,,,,,,,,
1791466956.7672024,600068,tracking_feedback_accumulate,103,,26569,,,112059392,184549376,161240064,186646528,,,,,,,,3.1279001850634813,,
1791466956.8170097,600068,frontend_frame,103,0,26569,21,8,118334976,184549376,161240064,186646528,,,,,,,,,,
1791466967.8061748,600068,tracking_feedback_accumulate,104,,27100,,,122369536,184549376,165408768,186646528,,,,,,,,2.822499955072999,,
1791466967.8111746,600068,frontend_frame,104,0,27100,21,8,124779520,186646528,165408768,186646528,,,,,,,,,,
1791466968.3102982,600068,tracking_feedback_accumulate,105,,27100,,,128776192,190840832,171890688,190840832,,,,,,,,2.9944998677819967,,
1791466968.3162975,600068,frontend_frame,105,0,27100,21,8,118505472,190840832,171890688,190840832,,,,,,,,,,
1791466968.8372667,600068,tracking_feedback_accumulate,106,,27100,,,122502144,190840832,171890688,190840832,,,,,,,,2.856600098311901,,
1791466968.842269,600068,frontend_frame,106,0,27100,21,8,124908544,190840832,171890688,190840832,,,,,,,,,,
1791466969.2072704,600068,tracking_feedback_accumulate,107,,27100,,,128987136,190840832,172004864,190840832,,,,,,,,2.855599857866764,,
1791466969.21227,600068,frontend_frame,107,0,27100,21,8,131393536,192937984,172004864,192937984,,,,,,,,,,
1791466969.752003,600068,tracking_feedback_accumulate,108,,27100,,,122504192,192937984,172004864,192937984,,,,,,,,2.8276999946683645,,
1791466969.8015072,600068,frontend_frame,108,0,27100,22,8,128906752,192937984,172004864,192937984,,,,,,,,,,
1791466980.6591232,600068,tracking_feedback_accumulate,109,,25086,,,132772864,192937984,175472128,192937984,,,,,,,,2.8448000084608793,,
1791466980.6631231,600068,frontend_frame,109,0,25086,22,8,134681088,192937984,175472128,192937984,,,,,,,,,,
1791466981.218601,600068,tracking_feedback_accumulate,110,,25086,,,126354944,192937984,175472128,192937984,,,,,,,,3.028600011020899,,
1791466981.224926,600068,frontend_frame,110,0,25086,22,8,128280064,163577856,175472128,192937984,,,,,,,,,,
1791466981.5710924,600068,tracking_feedback_accumulate,111,,25086,,,132276736,188743680,175472128,192937984,,,,,,,,3.1969998963177204,,
1791466981.5770936,600068,frontend_frame,111,0,25086,22,8,134201856,190840832,175472128,192937984,,,,,,,,,,
1791466982.1469936,600068,tracking_feedback_accumulate,112,,25086,,,138280448,195035136,180785152,195035136,,,,,,,,2.863599918782711,,
1791466982.151993,600068,frontend_frame,112,0,25086,22,8,128364032,195035136,180785152,195035136,,,,,,,,,,
1791466982.7054605,600068,tracking_feedback_accumulate,113,,25086,,,132278784,195035136,180785152,195035136,,,,,,,,2.784400014206767,,
1791466982.7546458,600068,frontend_frame,113,0,25086,23,8,138200064,195035136,180785152,195035136,,,,,,,,,,
1791466993.4667432,600068,tracking_feedback_accumulate,114,,24532,,,142245888,195035136,184600064,195035136,,,,,,,,3.0547999776899815,,
1791466993.4717424,600068,frontend_frame,114,0,24532,23,8,132195840,195035136,184600064,195035136,,,,,,,,,,
1791466993.8936656,600068,tracking_feedback_accumulate,115,,24532,,,136110592,216006656,184600064,216006656,,,,,,,,2.6970000471919775,,
1791466993.8986654,600068,frontend_frame,115,0,24532,23,8,137906688,216006656,184600064,216006656,,,,,,,,,,
1791466994.3378174,600068,tracking_feedback_accumulate,116,,24532,,,141985280,216006656,184600064,216006656,,,,,,,,2.875400008633733,,
1791466994.3428185,600068,frontend_frame,116,0,24532,23,8,143781376,218103808,184600064,218103808,,,,,,,,,,
1791466994.7571456,600068,tracking_feedback_accumulate,117,,24532,,,136112640,218103808,184600064,218103808,,,,,,,,2.9163998551666737,,
1791466994.7611454,600068,frontend_frame,117,0,24532,23,8,137908736,218103808,184600064,218103808,,,,,,,,,,
1791466995.3073542,600068,tracking_feedback_accumulate,118,,24532,,,141905408,218103808,184600064,218103808,,,,,,,,2.848200034350157,,
1791466995.3565063,600068,frontend_frame,118,0,24532,24,8,147697664,218103808,184600064,218103808,,,,,,,,,,
1791467006.081079,600068,tracking_feedback_accumulate,119,,24992,,,121675776,218103808,184600064,218103808,,,,,,,,2.8530999552458525,,
1791467006.0850792,600068,frontend_frame,119,0,24992,24,8,123585536,218103808,184600064,218103808,,,,,,,,,,
1791467006.60883,600068,tracking_feedback_accumulate,120,,24992,,,127582208,218103808,184600064,218103808,,,,,,,,2.931299852207303,,
1791467006.6148305,600068,frontend_frame,120,0,24992,24,8,129488896,161480704,184600064,218103808,,,,,,,,,,
1791467007.164239,600068,tracking_feedback_accumulate,121,,24992,,,133485568,203423744,184600064,218103808,,,,,,,,2.8183998074382544,,
1791467007.1702375,600068,frontend_frame,121,0,24992,24,8,123587584,203423744,184600064,218103808,,,,,,,,,,
1791467007.6447372,600068,tracking_feedback_accumulate,122,,24992,,,127584256,203423744,184600064,218103808,,,,,,,,3.01510002464056,,
1791467007.648738,600068,frontend_frame,122,0,24992,24,8,129490944,203423744,184600064,218103808,,,,,,,,,,
1791467008.162439,600068,tracking_feedback_accumulate,123,,24992,,,133487616,203423744,184600064,218103808,,,,,,,,2.892300020903349,,
1791467008.2119496,600068,frontend_frame,123,0,24992,25,8,139390464,205520896,184600064,218103808,,,,,,,,,,
1791467019.0988526,600068,tracking_feedback_accumulate,124,,24563,,,125735424,205520896,184600064,218103808,,,,,,,,3.030400024726987,,
1791467019.1039271,600068,frontend_frame,124,0,24563,25,8,127535616,205520896,184600064,218103808,,,,,,,,,,
1791467019.5314372,600068,tracking_feedback_accumulate,125,,24563,,,131450368,205520896,184600064,218103808,,,,,,,,2.8432998806238174,,
1791467019.536438,600068,frontend_frame,125,0,24563,25,8,133254656,205520896,184600064,218103808,,,,,,,,,,
1791467020.0030286,600068,tracking_feedback_accumulate,126,,24563,,,125733376,205520896,184600064,218103808,,,,,,,,2.890799893066287,,
1791467020.0070326,600068,frontend_frame,126,0,24563,25,8,127537664,205520896,184600064,218103808,,,,,,,,,,
1791467020.433457,600068,tracking_feedback_accumulate,127,,24563,,,131452416,205520896,184600064,218103808,,,,,,,,3.122099908068776,,
1791467020.4385808,600068,frontend_frame,127,0,24563,25,8,133256704,205520896,184600064,218103808,,,,,,,,,,
1791467020.8934953,600068,tracking_feedback_accumulate,128,,24563,,,137253376,205520896,184600064,218103808,,,,,,,,2.919600112363696,,
1791467020.9435475,600068,frontend_frame,128,0,24563,26,8,131453952,205520896,184600064,218103808,,,,,,,,,,
1791467031.5937212,600068,tracking_feedback_accumulate,129,,24984,,,135564288,205520896,184600064,218103808,,,,,,,,2.8446000069379807,,
1791467031.5987203,600068,frontend_frame,129,0,24984,26,8,137474048,205520896,184600064,218103808,,,,,,,,,,
1791467032.019778,600068,tracking_feedback_accumulate,130,,24984,,,141388800,205520896,184600064,218103808,,,,,,,,2.8605000115931034,,
1791467032.0257788,600068,frontend_frame,130,0,24984,26,8,131593216,159383552,184600064,218103808,,,,,,,,,,
1791467032.5124917,600068,tracking_feedback_accumulate,131,,24984,,,135671808,201326592,184600064,218103808,,,,,,,,2.8206000570207834,,
1791467032.5166042,600068,frontend_frame,131,0,24984,26,8,137578496,201326592,184600064,218103808,,,,,,,,,,
1791467033.0461466,600068,tracking_feedback_accumulate,132,,24984,,,141493248,205520896,184600064,218103808,,,,,,,,3.0813999474048615,,
1791467033.0514033,600068,frontend_frame,132,0,24984,26,8,143399936,207618048,184600064,218103808,,,,,,,,,,
1791467033.5329554,600068,tracking_feedback_accumulate,133,,24984,,,135591936,207618048,184600064,218103808,,,,,,,,2.920599887147546,,
1791467033.5819554,600068,frontend_frame,133,0,24984,27,8,141494784,207618048,184600064,218103808,,,,,,,,,,
1791467044.479651,600068,tracking_feedback_accumulate,134,,25429,,,145521152,207618048,188030976,218103808,,,,,,,,2.843300113454461,,
1791467044.4836524,600068,frontend_frame,134,0,25429,27,8,147531776,207618048,188030976,218103808,,,,,,,,,,
1791467045.0760064,600068,tracking_feedback_accumulate,135,,25429,,,151610368,211812352,194064384,218103808,,,,,,,,2.845600014552474,,
1791467045.0820062,600068,frontend_frame,135,0,25429,27,8,141712384,211812352,194064384,218103808,,,,,,,,,,
1791467045.6179388,600068,tracking_feedback_accumulate,136,,25429,,,145627136,211812352,194064384,218103808,,,,,,,,3.0082000885158777,,
1791467045.6229386,600068,frontend_frame,136,0,25429,27,8,147634688,211812352,194064384,218103808,,,,,,,,,,
1791467046.2811487,600068,tracking_feedback_accumulate,137,,25429,,,151713280,211812352,194181120,218103808,,,,,,,,3.046700032427907,,
1791467046.2861485,600068,frontend_frame,137,0,25429,27,8,141714432,211812352,194181120,218103808,,,,,,,,,,
1791467046.926684,600068,tracking_feedback_accumulate,138,,25429,,,145629184,211812352,194181120,218103808,,,,,,,,2.771100029349327,,
1791467046.9759653,600068,frontend_frame,138,0,25429,28,8,151632896,211812352,194181120,218103808,,,,,,,,,,
1791467057.833827,600068,tracking_feedback_accumulate,139,,25332,,,155707904,213909504,198836224,218103808,,,,,,,,3.086300101131201,,
1791467057.8388262,600068,frontend_frame,139,0,25332,28,8,157691904,213909504,198836224,218103808,,,,,,,,,,
1791467058.387058,600068,tracking_feedback_accumulate,140,,25332,,,149622272,234881024,198836224,234881024,,,,,,,,3.0221999622881413,,
1791467058.3930593,600068,frontend_frame,140,0,25332,28,8,151607808,188743680,198836224,234881024,,,,,,,,,,
1791467058.8863938,600068,tracking_feedback_accumulate,141,,25332,,,155686400,213909504,198836224,234881024,,,,,,,,2.906499896198511,,
1791467058.892394,600068,frontend_frame,141,0,25332,28,8,157671936,213909504,198836224,234881024,,,,,,,,,,
1791467059.5239372,600068,tracking_feedback_accumulate,142,,25332,,,161586688,239075328,204707328,239075328,,,,,,,,2.849099924787879,,
1791467059.528939,600068,frontend_frame,142,0,25332,28,8,151609856,239075328,204707328,239075328,,,,,,,,,,
1791467060.0008078,600068,tracking_feedback_accumulate,143,,25332,,,155688448,239075328,204707328,239075328,,,,,,,,3.1788998749107122,,
1791467060.0489163,600068,frontend_frame,143,0,25332,29,8,161670144,239075328,204707328,239075328,,,,,,,,,,
1791467070.9937088,600068,tracking_feedback_accumulate,144,,25758,,,153654272,239075328,204707328,239075328,,,,,,,,2.9259000439196825,,
1791467070.9977088,600068,frontend_frame,144,0,25758,29,8,155745280,239075328,204707328,239075328,,,,,,,,,,
1791467071.5194821,600068,tracking_feedback_accumulate,145,,25758,,,159741952,239075328,204707328,239075328,,,,,,,,3.071499988436699,,
1791467071.5244813,600068,frontend_frame,145,0,25758,29,8,161829888,239075328,204707328,239075328,,,,,,,,,,
1791467072.0596786,600068,tracking_feedback_accumulate,146,,25758,,,165826560,241172480,208614400,241172480,,,,,,,,2.8843998443335295,,
1791467072.0686784,600068,frontend_frame,146,0,25758,29,8,143841792,241172480,208614400,241172480,,,,,,,,,,
1791467072.5785892,600068,tracking_feedback_accumulate,147,,25758,,,147920384,241172480,208614400,241172480,,,,,,,,3.0648999381810427,,
1791467072.5825908,600068,frontend_frame,147,0,25758,29,8,150008320,241172480,208614400,241172480,,,,,,,,,,
1791467073.221569,600068,tracking_feedback_accumulate,148,,25758,,,153923072,241172480,208614400,241172480,,,,,,,,5.628499900922179,,
1791467073.2769053,600068,frontend_frame,148,0,25758,30,8,147840000,241172480,208614400,241172480,,,,,,,,,,
1791467084.3810933,600068,tracking_feedback_accumulate,149,,25882,,,151929344,241172480,208614400,241172480,,,,,,,,2.885499969124794,,
1791467084.386093,600068,frontend_frame,149,0,25882,30,8,154048000,241172480,208614400,241172480,,,,,,,,,,
1791467084.947541,600068,tracking_feedback_accumulate,150,,25882,,,157962752,241172480,208614400,241172480,,,,,,,,3.0231999699026346,,
1791467084.9525416,600068,frontend_frame,150,0,25882,30,8,160080896,188743680,208614400,241172480,,,,,,,,,,
1791467085.5526505,600068,tracking_feedback_accumulate,151,,25882,,,151931904,230686720,208614400,241172480,,,,,,,,2.862299792468548,,
1791467085.556653,600068,frontend_frame,151,0,25882,30,8,154050048,230686720,208614400,241172480,,,,,,,,,,
1791467086.2224646,600068,tracking_feedback_accumulate,152,,25882,,,157964800,230686720,208614400,241172480,,,,,,,,2.9992000199854374,,
1791467086.2284646,600068,frontend_frame,152,0,25882,30,8,160082944,232783872,208614400,241172480,,,,,,,,,,
1791467086.7407918,600068,tracking_feedback_accumulate,153,,25882,,,164079616,234881024,208614400,241172480,,,,,,,,3.0447000171989202,,
1791467086.7912977,600068,frontend_frame,153,0,25882,31,8,157966336,234881024,208614400,241172480,,,,,,,,,,
1791467097.7468688,600068,tracking_feedback_accumulate,154,,26305,,,162074624,234881024,208614400,241172480,,,,,,,,2.894400153309107,,
1791467097.7514985,600068,frontend_frame,154,0,26305,31,8,164296704,234881024,208614400,241172480,,,,,,,,,,
1791467098.406596,600068,tracking_feedback_accumulate,155,,26305,,,168211456,236978176,211485696,241172480,,,,,,,,2.901199972257018,,
1791467098.412707,600068,frontend_frame,155,0,26305,31,8,158102016,236978176,211485696,241172480,,,,,,,,,,
1791467099.0800498,600068,tracking_feedback_accumulate,156,,26305,,,162180608,236978176,211485696,241172480,,,,,,,,2.8770999051630497,,
1791467099.084623,600068,frontend_frame,156,0,26305,31,8,164399616,236978176,211485696,241172480,,,,,,,,,,
1791467099.652763,600068,tracking_feedback_accumulate,157,,26305,,,168314368,236978176,211485696,241172480,,,,,,,,2.909800037741661,,
1791467099.6573632,600068,frontend_frame,157,0,26305,31,8,170533376,236978176,211485696,241172480,,,,,,,,,,
1791467100.232528,600068,tracking_feedback_accumulate,158,,26305,,,155968000,236978176,211485696,241172480,,,,,,,,2.9813998844474554,,
1791467100.2821808,600068,frontend_frame,158,0,26305,32,8,162183168,236978176,211485696,241172480,,,,,,,,,,
1791467111.380776,600068,tracking_feedback_accumulate,159,,27107,,,166152192,236978176,211485696,241172480,,,,,,,,2.84019997343421,,
1791467111.3857813,600068,frontend_frame,159,0,27107,32,8,168566272,236978176,211485696,241172480,,,,,,,,,,
1791467111.9475753,600068,tracking_feedback_accumulate,160,,27107,,,160026112,236978176,211485696,241172480,,,,,,,,2.9404000379145145,,
1791467111.9535778,600068,frontend_frame,160,0,27107,32,8,162434560,209715200,211485696,241172480,,,,,,,,,,
1791467112.4987736,600068,tracking_feedback_accumulate,161,,27107,,,166349312,230686720,211485696,241172480,,,,,,,,2.9070000164210796,,
1791467112.5043118,600068,frontend_frame,161,0,27107,32,8,168757760,232783872,211485696,241172480,,,,,,,,,,
1791467112.9826024,600068,tracking_feedback_accumulate,162,,27107,,,172836352,236978176,215680512,241172480,,,,,,,,2.759000053629279,,
1791467112.9876046,600068,frontend_frame,162,0,27107,32,8,162436608,236978176,215680512,241172480,,,,,,,,,,
1791467113.5022256,600068,tracking_feedback_accumulate,163,,27107,,,166351360,236978176,215680512,241172480,,,,,,,,2.938399789854884,,
1791467113.5512915,600068,frontend_frame,163,0,27107,33,8,172755968,236978176,215680512,241172480,,,,,,,,,,
1791467124.7376473,600068,tracking_feedback_accumulate,164,,27588,,,176868352,239075328,220129792,241172480,,,,,,,,2.931899856775999,,
1791467124.7436469,600068,frontend_frame,164,0,27588,33,8,166584832,239075328,220129792,241172480,,,,,,,,,,
1791467125.2957592,600068,tracking_feedback_accumulate,165,,27588,,,170499584,260046848,220129792,260046848,,,,,,,,3.3964000176638365,,
1791467125.3007607,600068,frontend_frame,165,0,27588,33,8,173020672,260046848,220129792,260046848,,,,,,,,,,
1791467125.747767,600068,tracking_feedback_accumulate,166,,27588,,,177099264,260046848,220129792,260046848,,,,,,,,3.177100094035268,,
1791467125.7538333,600068,frontend_frame,166,0,27588,33,8,179620352,260046848,220129792,260046848,,,,,,,,,,
1791467126.2595596,600068,tracking_feedback_accumulate,167,,27588,,,170501632,260046848,220129792,260046848,,,,,,,,2.9346998780965805,,
1791467126.2645593,600068,frontend_frame,167,0,27588,33,8,173022720,260046848,220129792,260046848,,,,,,,,,,
1791467126.6694522,600068,tracking_feedback_accumulate,168,,27588,,,177101312,260046848,220129792,260046848,,,,,,,,2.91600008495152,,
1791467126.674452,600068,frontend_frame,168,0,27588,33,8,179622912,260046848,220129792,260046848,,,,,,,,,,
1791467127.1941054,600068,tracking_feedback_accumulate,169,,27588,,,183537664,266338304,226125824,266338304,,,,,,,,2.9454000759869814,,
1791467127.2441318,600068,frontend_frame,169,0,27588,34,8,177020928,266338304,226125824,266338304,,,,,,,,,,
1791467138.2686303,600068,tracking_feedback_accumulate,170,,28646,,,181088768,266338304,226125824,266338304,,,,,,,,2.945000072941184,,
1791467138.27363,600068,frontend_frame,170,0,28646,34,8,183867392,218103808,226125824,266338304,,,,,,,,,,
1791467138.7688441,600068,tracking_feedback_accumulate,171,,28646,,,187864064,266338304,230615040,266338304,,,,,,,,2.8500999324023724,,
1791467138.7748444,600068,frontend_frame,171,0,28646,34,8,177351680,266338304,230615040,266338304,,,,,,,,,,
1791467139.4280891,600068,tracking_feedback_accumulate,172,,28646,,,181430272,266338304,230615040,266338304,,,,,,,,2.9468999709933996,,
1791467139.4321337,600068,frontend_frame,172,0,28646,34,8,184201216,266338304,230615040,266338304,,,,,,,,,,
1791467140.0712667,600068,tracking_feedback_accumulate,173,,28646,,,188115968,266338304,230719488,266338304,,,,,,,,3.111399943009019,,
1791467140.0762658,600068,frontend_frame,173,0,28646,34,8,190886912,268435456,230719488,268435456,,,,,,,,,,
1791467140.7094176,600068,tracking_feedback_accumulate,174,,28646,,,162065408,268435456,230719488,268435456,,,,,,,,2.8057999443262815,,
1791467140.7174208,600068,frontend_frame,174,0,28646,35,8,168832512,268435456,230719488,268435456,,,,,,,,,,
1791467151.7600057,600068,tracking_feedback_accumulate,175,,28082,,,172714496,268435456,230719488,268435456,,,,,,,,2.8707999736070633,,
1791467151.7650056,600068,frontend_frame,175,0,28082,35,8,175349248,268435456,230719488,268435456,,,,,,,,,,
1791467152.2766278,600068,tracking_feedback_accumulate,176,,28082,,,165943808,268435456,230719488,268435456,,,,,,,,2.8547002002596855,,
1791467152.2806277,600068,frontend_frame,176,0,28082,35,8,168583680,268435456,230719488,268435456,,,,,,,,,,
1791467152.7332714,600068,tracking_feedback_accumulate,177,,28082,,,172662272,268435456,230719488,268435456,,,,,,,,3.045800141990185,,
1791467152.7379663,600068,frontend_frame,177,0,28082,35,8,175302144,268435456,230719488,268435456,,,,,,,,,,
1791467153.1934042,600068,tracking_feedback_accumulate,178,,28082,,,179216896,268435456,230719488,268435456,,,,,,,,2.9229000210762024,,
1791467153.1984034,600068,frontend_frame,178,0,28082,35,8,168585728,268435456,230719488,268435456,,,,,,,,,,
1791467153.6659217,600068,tracking_feedback_accumulate,179,,28082,,,172664320,268435456,230719488,268435456,,,,,,,,2.8425001073628664,,
1791467153.6709228,600068,frontend_frame,179,0,28082,35,8,175304704,268435456,230719488,268435456,,,,,,,,,,
1791467154.2997167,600068,tracking_feedback_accumulate,180,,28082,,,179219456,268435456,230719488,268435456,,,,,,,,2.848900156095624,,
1791467154.306716,600068,frontend_frame,180,0,28082,36,8,185854976,268435456,230719488,268435456,,,,,,,,,,
1791467165.2697341,600068,tracking_feedback_accumulate,181,,27587,,,169996288,268435456,230719488,268435456,,,,,,,,3.0634000431746244,,
1791467165.2747333,600068,frontend_frame,181,0,27587,36,8,172513280,268435456,230719488,268435456,,,,,,,,,,
1791467165.9196658,600068,tracking_feedback_accumulate,182,,27587,,,176428032,268435456,230719488,268435456,,,,,,,,2.881099935621023,,
1791467165.9256673,600068,frontend_frame,182,0,27587,36,8,178949120,268435456,230719488,268435456,,,,,,,,,,
1791467166.5770266,600068,tracking_feedback_accumulate,183,,27587,,,169994240,268435456,230719488,268435456,,,,,,,,2.8609000146389008,,
1791467166.5810266,600068,frontend_frame,183,0,27587,36,8,172515328,268435456,230719488,268435456,,,,,,,,,,
1791467167.2371254,600068,tracking_feedback_accumulate,184,,27587,,,176430080,268435456,230719488,268435456,,,,,,,,2.8140998911112547,,
1791467167.2421274,600068,frontend_frame,184,0,27587,36,8,178951168,268435456,230719488,268435456,,,,,,,,,,
1791467167.9111168,600068,tracking_feedback_accumulate,185,,27587,,,183029760,268435456,230719488,268435456,,,,,,,,2.966000000014901,,
1791467167.9624825,600068,frontend_frame,185,0,27587,37,8,176513536,268435456,230719488,268435456,,,,,,,,,,
1791467179.0259027,600068,tracking_feedback_accumulate,186,,27807,,,180445696,268435456,230719488,268435456,,,,,,,,2.8650001622736454,,
1791467179.031007,600068,frontend_frame,186,0,27807,37,8,183017984,268435456,230719488,268435456,,,,,,,,,,
1791467179.7082286,600068,tracking_feedback_accumulate,187,,27807,,,187096576,268435456,230719488,268435456,,,,,,,,3.2415001187473536,,
1791467179.7132277,600068,frontend_frame,187,0,27807,37,8,189667840,268435456,230719488,268435456,,,,,,,,,,
1791467180.3749096,600068,tracking_feedback_accumulate,188,,27807,,,173932032,268435456,230719488,268435456,,,,,,,,2.821899950504303,,
1791467180.378909,600068,frontend_frame,188,0,27807,37,8,176503296,268435456,230719488,268435456,,,,,,,,,,
1791467180.91032,600068,tracking_feedback_accumulate,189,,27807,,,180581888,268435456,230719488,268435456,,,,,,,,2.7657998725771904,,
1791467180.9143193,600068,frontend_frame,189,0,27807,37,8,183153152,268435456,230719488,268435456,,,,,,,,,,
1791467181.4212806,600068,tracking_feedback_accumulate,190,,27807,,,173934080,268435456,230719488,268435456,,,,,,,,2.9014002066105604,,
1791467181.4713035,600068,frontend_frame,190,0,27807,38,8,180501504,268435456,230719488,268435456,,,,,,,,,,
1791467192.4914432,600068,tracking_feedback_accumulate,191,,28014,,,184594944,268435456,230719488,268435456,,,,,,,,2.9498999938368797,,
1791467192.4959457,600068,frontend_frame,191,0,28014,38,8,187215872,268435456,230719488,268435456,,,,,,,,,,
1791467192.9854202,600068,tracking_feedback_accumulate,192,,28014,,,191130624,289406976,234725888,289406976,,,,,,,,2.991100074723363,,
1791467192.9914196,600068,frontend_frame,192,0,28014,38,8,180568064,289406976,234725888,289406976,,,,,,,,,,
1791467193.3724997,600068,tracking_feedback_accumulate,193,,28014,,,184564736,289406976,234725888,289406976,,,,,,,,2.8788000345230103,,
1791467193.3774998,600068,frontend_frame,193,0,28014,38,8,187184640,289406976,234725888,289406976,,,,,,,,,,
1791467193.9036496,600068,tracking_feedback_accumulate,194,,28014,,,191181312,289406976,234808320,289406976,,,,,,,,3.0574998818337917,,
1791467193.9076507,600068,frontend_frame,194,0,28014,38,8,193801216,289406976,234808320,289406976,,,,,,,,,,
1791467194.4769235,600068,tracking_feedback_accumulate,195,,28014,,,178033152,289406976,234808320,289406976,,,,,,,,2.9682000167667866,,
1791467194.5266798,600068,frontend_frame,195,0,28014,39,8,184649216,289406976,234808320,289406976,,,,,,,,,,
1791467205.478975,600068,tracking_feedback_accumulate,196,,28425,,,188595712,289406976,234808320,289406976,,,,,,,,2.900900086387992,,
1791467205.4829743,600068,frontend_frame,196,0,28425,39,8,191321088,289406976,234808320,289406976,,,,,,,,,,
1791467205.9651945,600068,tracking_feedback_accumulate,197,,28425,,,181984256,289406976,234808320,289406976,,,,,,,,2.8417001012712717,,
1791467205.971254,600068,frontend_frame,197,0,28425,39,8,184706560,289406976,234808320,289406976,,,,,,,,,,
1791467206.4752436,600068,tracking_feedback_accumulate,198,,28425,,,188703232,289406976,234808320,289406976,,,,,,,,2.889900002628565,,
1791467206.479246,600068,frontend_frame,198,0,28425,39,8,191425536,289406976,234808320,289406976,,,,,,,,,,
1791467207.0050938,600068,tracking_feedback_accumulate,199,,28425,,,195504128,289406976,238852096,289406976,,,,,,,,2.8991999570280313,,
1791467207.010093,600068,frontend_frame,199,0,28425,39,8,184790528,289406976,238852096,289406976,,,,,,,,,,
1791467207.5468533,600068,tracking_feedback_accumulate,200,,28425,,,188705280,289406976,238852096,289406976,,,,,,,,3.3925999887287617,,
1791467207.595882,600068,frontend_frame,200,0,28425,40,8,195423744,289406976,238852096,289406976,,,,,,,,,,
1791467218.592057,600068,tracking_feedback_accumulate,201,,29419,,,186131456,289406976,238852096,289406976,,,,,,,,3.06560005992651,,
1791467218.597057,600068,frontend_frame,201,0,29419,40,8,189090816,289406976,238852096,289406976,,,,,,,,,,
1791467219.0473967,600068,tracking_feedback_accumulate,202,,29419,,,193005568,289406976,238852096,289406976,,,,,,,,2.9738000594079494,,
1791467219.0513968,600068,frontend_frame,202,0,29419,40,8,195957760,289406976,238852096,289406976,,,,,,,,,,
1791467219.5978994,600068,tracking_feedback_accumulate,203,,29419,,,199954432,289406976,243355648,289406976,,,,,,,,3.104900009930134,,
1791467219.6028996,600068,frontend_frame,203,0,29419,40,8,189010944,289406976,243355648,289406976,,,,,,,,,,
1791467220.15485,600068,tracking_feedback_accumulate,204,,29419,,,193089536,289406976,243355648,289406976,,,,,,,,3.108999924734235,,
1791467220.1598494,600068,frontend_frame,204,0,29419,40,8,196041728,289406976,243355648,289406976,,,,,,,,,,
1791467220.6749375,600068,tracking_feedback_accumulate,205,,29419,,,199956480,289406976,243457536,289406976,,,,,,,,3.2331999391317368,,
1791467220.7254457,600068,frontend_frame,205,0,29419,41,8,206904832,289406976,243457536,289406976,,,,,,,,,,
1791467231.7138479,600068,tracking_feedback_accumulate,206,,30190,,,190110208,289406976,243457536,289406976,,,,,,,,2.93530011549592,,
1791467231.7178898,600068,frontend_frame,206,0,30190,41,8,193249280,289406976,243457536,289406976,,,,,,,,,,
1791467232.1383965,600068,tracking_feedback_accumulate,207,,30190,,,197245952,289406976,243457536,289406976,,,,,,,,3.0188001692295074,,
1791467232.1443975,600068,frontend_frame,207,0,30190,41,8,200379392,289406976,243457536,289406976,,,,,,,,,,
1791467232.5742111,600068,tracking_feedback_accumulate,208,,30190,,,190199808,289406976,243457536,289406976,,,,,,,,2.8023000340908766,,
1791467232.5782108,600068,frontend_frame,208,0,30190,41,8,193333248,289406976,243457536,289406976,,,,,,,,,,
1791467232.99062,600068,tracking_feedback_accumulate,209,,30190,,,197248000,289406976,243457536,289406976,,,,,,,,2.888499991968274,,
1791467232.9946194,600068,frontend_frame,209,0,30190,41,8,200381440,289406976,243457536,289406976,,,,,,,,,,
1791467233.4512978,600068,tracking_feedback_accumulate,210,,30190,,,204378112,289406976,247686656,289406976,,,,,,,,2.9301000759005547,,
1791467233.503328,600068,frontend_frame,210,0,30190,42,8,197249536,289406976,247686656,289406976,,,,,,,,,,
1791467244.4869447,600068,tracking_feedback_accumulate,211,,31049,,,201305088,289406976,247686656,289406976,,,,,,,,3.105300012975931,,
1791467244.4919448,600068,frontend_frame,211,0,31049,42,8,204648448,289406976,247686656,289406976,,,,,,,,,,
1791467244.9980395,600068,tracking_feedback_accumulate,212,,31049,,,208645120,289406976,252322304,289406976,,,,,,,,2.95559992082417,,
1791467245.0030386,600068,frontend_frame,212,0,31049,42,8,197520384,289406976,252322304,289406976,,,,,,,,,,
1791467245.5130515,600068,tracking_feedback_accumulate,213,,31049,,,201517056,289406976,252322304,289406976,,,,,,,,3.113000188022852,,
1791467245.5180545,600068,frontend_frame,213,0,31049,42,8,204853760,289406976,252322304,289406976,,,,,,,,,,
1791467246.0550385,600068,tracking_feedback_accumulate,214,,31049,,,208932352,289406976,252604928,289406976,,,,,,,,2.8603000100702047,,
1791467246.0590377,600068,frontend_frame,214,0,31049,42,8,212269056,289406976,252604928,289406976,,,,,,,,,,
1791467246.723069,600068,tracking_feedback_accumulate,215,,31049,,,201519104,289406976,252604928,289406976,,,,,,,,3.1574000604450703,,
1791467246.7741368,600068,frontend_frame,215,0,31049,43,8,208851968,289406976,252604928,289406976,,,,,,,,,,
1791467257.9897406,600068,tracking_feedback_accumulate,216,,31923,,,212909568,289406976,257033216,289406976,,,,,,,,2.93329986743629,,
1791467257.994741,600068,frontend_frame,216,0,31923,43,8,216461824,289406976,257033216,289406976,,,,,,,,,,
1791467258.560193,600068,tracking_feedback_accumulate,217,,31923,,,205584384,289406976,263980032,289406976,,,,,,,,2.9648998752236366,,
1791467258.5661926,600068,frontend_frame,217,0,31923,43,8,209130496,289406976,263980032,289406976,,,,,,,,,,
1791467259.1087801,600068,tracking_feedback_accumulate,218,,31923,,,213209088,310378496,263980032,310378496,,,,,,,,2.898300066590309,,
1791467259.113781,600068,frontend_frame,218,0,31923,43,8,216755200,310378496,263980032,310378496,,,,,,,,,,
1791467259.625258,600068,tracking_feedback_accumulate,219,,31923,,,220669952,310378496,264913920,310378496,,,,,,,,2.8940998017787933,,
1791467259.63026,600068,frontend_frame,219,0,31923,43,8,209132544,310378496,264913920,310378496,,,,,,,,,,
1791467260.1454115,600068,tracking_feedback_accumulate,220,,31923,,,213211136,310378496,264913920,310378496,,,,,,,,2.8953999280929565,,
1791467260.1964114,600068,frontend_frame,220,0,31923,44,8,220753408,310378496,264913920,310378496,,,,,,,,,,
1791467271.2559125,600068,tracking_feedback_accumulate,221,,32394,,,224701952,310378496,269560832,310378496,,,,,,,,2.9416000470519066,,
1791467271.2609127,600068,frontend_frame,221,0,32394,44,8,213280768,310378496,269560832,310378496,,,,,,,,,,
1791467271.6378837,600068,tracking_feedback_accumulate,222,,32394,,,217359360,310378496,269560832,310378496,,,,,,,,2.9485998675227165,,
1791467271.6428876,600068,frontend_frame,222,0,32394,44,8,221018112,310378496,269560832,310378496,,,,,,,,,,
1791467272.1403928,600068,tracking_feedback_accumulate,223,,32394,,,224932864,310378496,269820928,310378496,,,,,,,,2.9281999450176954,,
1791467272.1463928,600068,frontend_frame,223,0,32394,44,8,228591616,312475648,269820928,312475648,,,,,,,,,,
1791467272.5398674,600068,tracking_feedback_accumulate,224,,32394,,,217279488,312475648,269820928,312475648,,,,,,,,2.845499897375703,,
1791467272.544868,600068,frontend_frame,224,0,32394,44,8,220938240,312475648,269820928,312475648,,,,,,,,,,
1791467272.940981,600068,tracking_feedback_accumulate,225,,32394,,,224934912,312475648,269820928,312475648,,,,,,,,2.959999954327941,,
1791467272.9905033,600068,frontend_frame,225,0,32394,45,8,232589824,312475648,269820928,312475648,,,,,,,,,,
1791467284.1828978,600068,tracking_feedback_accumulate,226,,32950,,,221397504,312475648,269820928,312475648,,,,,,,,2.9935999773442745,,
1791467284.1878955,600068,frontend_frame,226,0,32950,45,8,225188864,312475648,269820928,312475648,,,,,,,,,,
1791467284.6775231,600068,tracking_feedback_accumulate,227,,32950,,,229103616,312475648,274075136,312475648,,,,,,,,3.0354000627994537,,
1791467284.6825225,600068,frontend_frame,227,0,32950,45,8,232891392,314572800,274075136,314572800,,,,,,,,,,
1791467285.1190362,600068,tracking_feedback_accumulate,228,,32950,,,236888064,320864256,281592320,320864256,,,,,,,,3.3753998577594757,,
1791467285.1280344,600068,frontend_frame,228,0,32950,45,8,210122240,320864256,281592320,320864256,,,,,,,,,,
1791467285.572929,600068,tracking_feedback_accumulate,229,,32950,,,214200832,320864256,281592320,320864256,,,,,,,,2.8317999094724655,,
1791467285.5779293,600068,frontend_frame,229,0,32950,45,8,217988608,320864256,281592320,320864256,,,,,,,,,,
1791467286.0803614,600068,tracking_feedback_accumulate,230,,32950,,,221903360,320864256,281592320,320864256,,,,,,,,2.861500019207597,,
1791467286.1303616,600068,frontend_frame,230,0,32950,46,8,214120448,320864256,281592320,320864256,,,,,,,,,,
1791467297.3154864,600068,tracking_feedback_accumulate,231,,33378,,,218228736,320864256,281592320,320864256,,,,,,,,2.8939000330865383,,
1791467297.320487,600068,frontend_frame,231,0,33378,46,8,222120448,320864256,281592320,320864256,,,,,,,,,,
1791467297.7803023,600068,tracking_feedback_accumulate,232,,33378,,,226035200,320864256,281592320,320864256,,,,,,,,2.8617000207304955,,
1791467297.7846262,600068,frontend_frame,232,0,33378,46,8,229923840,320864256,281592320,320864256,,,,,,,,,,
1791467298.267084,600068,tracking_feedback_accumulate,233,,33378,,,218233856,320864256,281592320,320864256,,,,,,,,2.8831001836806536,,
1791467298.2710836,600068,frontend_frame,233,0,33378,46,8,222122496,320864256,281592320,320864256,,,,,,,,,,
1791467298.6864173,600068,tracking_feedback_accumulate,234,,33378,,,226037248,320864256,281592320,320864256,,,,,,,,3.0227999668568373,,
1791467298.6904166,600068,frontend_frame,234,0,33378,46,8,229925888,320864256,281592320,320864256,,,,,,,,,,
1791467299.2013402,600068,tracking_feedback_accumulate,235,,33378,,,234004480,320864256,281592320,320864256,,,,,,,,2.9676000121980906,,
1791467299.25034,600068,frontend_frame,235,0,33378,47,8,226120704,320864256,281592320,320864256,,,,,,,,,,
1791467310.4341388,600068,tracking_feedback_accumulate,236,,33897,,,230071296,341835776,281592320,341835776,,,,,,,,3.059699898585677,,
1791467310.439138,600068,frontend_frame,236,0,33897,47,8,234084352,341835776,281592320,341835776,,,,,,,,,,
1791467310.9014974,600068,tracking_feedback_accumulate,237,,33897,,,238162944,341835776,283807744,341835776,,,,,,,,3.0276000034064054,,
1791467310.9064972,600068,frontend_frame,237,0,33897,47,8,226283008,341835776,283807744,341835776,,,,,,,,,,
1791467311.4095159,600068,tracking_feedback_accumulate,238,,33897,,,230197760,341835776,283807744,341835776,,,,,,,,2.964199986308813,,
1791467311.4135153,600068,frontend_frame,238,0,33897,47,8,234207232,341835776,283807744,341835776,,,,,,,,,,
1791467311.8590813,600068,tracking_feedback_accumulate,239,,33897,,,238285824,341835776,283914752,341835776,,,,,,,,3.270799992606044,,
1791467311.863102,600068,frontend_frame,239,0,33897,47,8,242295296,341835776,283914752,341835776,,,,,,,,,,
1791467312.098447,600068,tracking_feedback_accumulate,240,,33897,,,222194688,341835776,283914752,341835776,,,,,,,,3.062400035560131,,
1791467312.1044478,600068,frontend_frame,240,0,33897,47,8,226204672,283115520,283914752,341835776,,,,,,,,,,
1791467312.5278432,600068,tracking_feedback_accumulate,241,,33897,,,230283264,327155712,283914752,341835776,,,,,,,,2.934499876573682,,
1791467312.577844,600068,frontend_frame,241,0,33897,48,8,238288384,329252864,283914752,341835776,,,,,,,,,,
1791467323.8937101,600068,tracking_feedback_accumulate,242,,34117,,,226209792,329252864,283914752,341835776,,,,,,,,3.1455999705940485,,
1791467323.8997133,600068,frontend_frame,242,0,34117,48,8,230273024,329252864,283914752,341835776,,,,,,,,,,
1791467324.323857,600068,tracking_feedback_accumulate,243,,34117,,,234269696,329252864,283914752,341835776,,,,,,,,3.0996999703347683,,
1791467324.328856,600068,frontend_frame,243,0,34117,48,8,238331392,329252864,283914752,341835776,,,,,,,,,,
1791467324.768779,600068,tracking_feedback_accumulate,244,,34117,,,242328064,335544320,288077312,341835776,,,,,,,,2.921799896284938,,
1791467324.7737806,600068,frontend_frame,244,0,34117,48,8,230275072,335544320,288077312,341835776,,,,,,,,,,
1791467325.202538,600068,tracking_feedback_accumulate,245,,34117,,,234271744,335544320,288077312,341835776,,,,,,,,3.1095000449568033,,
1791467325.206539,600068,frontend_frame,245,0,34117,48,8,238333440,335544320,288077312,341835776,,,,,,,,,,
1791467325.610937,600068,tracking_feedback_accumulate,246,,34117,,,242412032,335544320,288079360,341835776,,,,,,,,2.8761001303792,,
1791467325.6160035,600068,frontend_frame,246,0,34117,48,8,246474240,337641472,288079360,341835776,,,,,,,,,,
1791467326.101102,600068,tracking_feedback_accumulate,247,,34117,,,226216960,337641472,288079360,341835776,,,,,,,,3.226500004529953,,
1791467326.1051013,600068,frontend_frame,247,0,34117,48,8,230278656,337641472,288079360,341835776,,,,,,,,,,
1791467326.579624,600068,tracking_feedback_accumulate,248,,34117,,,234357248,337641472,288079360,341835776,,,,,,,,3.181800013408065,,
1791467326.6286747,600068,frontend_frame,248,0,34117,49,8,242414592,337641472,288079360,341835776,,,,,,,,,,
1791467337.595013,600068,tracking_feedback_accumulate,249,,31082,,,230019584,337641472,288079360,341835776,,,,,,,,3.113199956715107,,
1791467337.6000097,600068,frontend_frame,249,0,31082,49,8,233339392,337641472,288079360,341835776,,,,,,,,,,
1791467337.9868557,600068,tracking_feedback_accumulate,250,,31082,,,237417984,337641472,288079360,341835776,,,,,,,,2.876600017771125,,
1791467337.9918559,600068,frontend_frame,250,0,31082,49,8,240762880,283115520,288079360,341835776,,,,,,,,,,
1791467338.4572725,600068,tracking_feedback_accumulate,251,,31082,,,244677632,331350016,289974784,341835776,,,,,,,,3.0811999458819628,,
1791467338.4632728,600068,frontend_frame,251,0,31082,49,8,233341440,331350016,289974784,341835776,,,,,,,,,,
1791467338.9140604,600068,tracking_feedback_accumulate,252,,31082,,,237338112,331350016,289974784,341835776,,,,,,,,2.8831998351961374,,
1791467338.9190602,600068,frontend_frame,252,0,31082,49,8,240683008,331350016,289974784,341835776,,,,,,,,,,
1791467339.4023523,600068,tracking_feedback_accumulate,253,,31082,,,244761600,333447168,289976832,341835776,,,,,,,,3.133100224658847,,
1791467339.408353,600068,frontend_frame,253,0,31082,49,8,248107008,335544320,289976832,341835776,,,,,,,,,,
1791467339.900898,600068,tracking_feedback_accumulate,254,,31082,,,230000128,335544320,289976832,341835776,,,,,,,,2.902599982917309,,
1791467339.9499733,600068,frontend_frame,254,0,31082,50,8,237340672,335544320,289976832,341835776,,,,,,,,,,
1791467351.0842104,600068,tracking_feedback_accumulate,255,,31500,,,226245120,335544320,289976832,341835776,,,,,,,,2.962999977171421,,
1791467351.08821,600068,frontend_frame,255,0,31500,50,8,229695488,335544320,289976832,341835776,,,,,,,,,,
1791467351.5719745,600068,tracking_feedback_accumulate,256,,31500,,,233692160,335544320,289976832,341835776,,,,,,,,3.0590000096708536,,
1791467351.577974,600068,frontend_frame,256,0,31500,50,8,237139456,335544320,289976832,341835776,,,,,,,,,,
1791467352.1391551,600068,tracking_feedback_accumulate,257,,31500,,,241136128,335544320,289976832,341835776,,,,,,,,3.132800105959177,,
1791467352.1441562,600068,frontend_frame,257,0,31500,50,8,229697536,335544320,289976832,341835776,,,,,,,,,,
1791467352.7204692,600068,tracking_feedback_accumulate,258,,31500,,,233776128,335544320,289976832,341835776,,,,,,,,2.982600126415491,,
1791467352.7244716,600068,frontend_frame,258,0,31500,50,8,237223424,335544320,289976832,341835776,,,,,,,,,,
1791467353.3412428,600068,tracking_feedback_accumulate,259,,31500,,,241138176,335544320,289976832,341835776,,,,,,,,3.1522999051958323,,
1791467353.3903666,600068,frontend_frame,259,0,31500,51,8,248581632,335544320,289976832,341835776,,,,,,,,,,
1791467364.500708,600068,tracking_feedback_accumulate,260,,30258,,,230171136,335544320,289976832,341835776,,,,,,,,2.9064000118523836,,
1791467364.505708,600068,frontend_frame,260,0,30258,51,8,233313792,297795584,289976832,341835776,,,,,,,,,,
1791467365.008652,600068,tracking_feedback_accumulate,261,,30258,,,237392384,318767104,289976832,341835776,,,,,,,,2.926100045442581,,
1791467365.0136533,600068,frontend_frame,261,0,30258,51,8,240545792,318767104,289976832,341835776,,,,,,,,,,
1791467365.4776306,600068,tracking_feedback_accumulate,262,,30258,,,230162432,318767104,289976832,341835776,,,,,,,,2.8967000544071198,,
1791467365.4826324,600068,frontend_frame,262,0,30258,51,8,233315840,318767104,289976832,341835776,,,,,,,,,,
1791467366.0189614,600068,tracking_feedback_accumulate,263,,30258,,,237312512,318767104,289976832,341835776,,,,,,,,2.7906999457627535,,
1791467366.0239618,600068,frontend_frame,263,0,30258,51,8,240465920,318767104,289976832,341835776,,,,,,,,,,
1791467366.5778928,600068,tracking_feedback_accumulate,264,,30258,,,244462592,322961408,289976832,341835776,,,,,,,,3.0219999607652426,,
1791467366.585895,600068,frontend_frame,264,0,30258,52,8,237314048,322961408,289976832,341835776,,,,,,,,,,
1791467377.7170262,600068,tracking_feedback_accumulate,265,,29185,,,241244672,322961408,289976832,341835776,,,,,,,,2.9408999253064394,,
1791467377.7220268,600068,frontend_frame,265,0,29185,52,8,244139520,322961408,289976832,341835776,,,,,,,,,,
1791467378.276827,600068,tracking_feedback_accumulate,266,,29185,,,248136192,322961408,291416064,341835776,,,,,,,,2.8289000038057566,,
1791467378.282827,600068,frontend_frame,266,0,29185,52,8,236991488,325058560,291416064,341835776,,,,,,,,,,
1791467378.8149006,600068,tracking_feedback_accumulate,267,,29185,,,240988160,325058560,291416064,341835776,,,,,,,,2.9802999924868345,,
1791467378.819902,600068,frontend_frame,267,0,29185,52,8,243891712,325058560,291416064,341835776,,,,,,,,,,
1791467379.3603323,600068,tracking_feedback_accumulate,268,,29185,,,247970304,325058560,291416064,341835776,,,,,,,,2.8788000345230103,,
1791467379.365392,600068,frontend_frame,268,0,29185,52,8,250873856,325058560,291416064,341835776,,,,,,,,,,
1791467379.953886,600068,tracking_feedback_accumulate,269,,29185,,,240990208,325058560,291416064,341835776,,,,,,,,2.9331999830901623,,
1791467380.0031493,600068,frontend_frame,269,0,29185,53,8,247889920,325058560,291416064,341835776,,,,,,,,,,
1791467390.9423556,600068,tracking_feedback_accumulate,270,,29640,,,251915776,325058560,295412224,341835776,,,,,,,,2.8899998869746923,,
1791467390.9483554,600068,frontend_frame,270,0,29640,53,8,254923264,304087040,295412224,341835776,,,,,,,,,,
1791467391.5889547,600068,tracking_feedback_accumulate,271,,29640,,,259001856,331350016,302441984,341835776,,,,,,,,2.917499979957938,,
1791467391.5949547,600068,frontend_frame,271,0,29640,53,8,248107008,331350016,302441984,341835776,,,,,,,,,,
1791467392.1673756,600068,tracking_feedback_accumulate,272,,29640,,,252021760,352321536,302441984,352321536,,,,,,,,2.7781000826507807,,
1791467392.1713767,600068,frontend_frame,272,0,29640,53,8,255026176,352321536,302441984,352321536,,,,,,,,,,
1791467392.684124,600068,tracking_feedback_accumulate,273,,29640,,,259022848,352321536,302441984,352321536,,,,,,,,2.7211999986320734,,
1791467392.6891248,600068,frontend_frame,273,0,29640,53,8,262027264,354418688,302441984,354418688,,,,,,,,,,
1791467393.3248723,600068,tracking_feedback_accumulate,274,,29640,,,245105664,354418688,302441984,354418688,,,,,,,,2.7684997767210007,,
1791467393.3739305,600068,frontend_frame,274,0,29640,54,8,252106240,354418688,302441984,354418688,,,,,,,,,,
1791467404.2918036,600068,tracking_feedback_accumulate,275,,29837,,,256038400,354418688,302441984,354418688,,,,,,,,2.877800026908517,,
1791467404.2968044,600068,frontend_frame,275,0,29837,54,8,259094016,354418688,302441984,354418688,,,,,,,,,,
1791467404.690234,600068,tracking_feedback_accumulate,276,,29837,,,249040384,354418688,302441984,354418688,,,,,,,,2.866199938580394,,
1791467404.6952336,600068,frontend_frame,276,0,29837,54,8,252094976,354418688,302441984,354418688,,,,,,,,,,
1791467405.3270578,600068,tracking_feedback_accumulate,277,,29837,,,256173568,354418688,302441984,354418688,,,,,,,,2.80330004170537,,
1791467405.3310587,600068,frontend_frame,277,0,29837,54,8,259228160,354418688,302441984,354418688,,,,,,,,,,
1791467405.965695,600068,tracking_feedback_accumulate,278,,29837,,,263142912,354418688,305863168,354418688,,,,,,,,2.7997998986393213,,
1791467405.971202,600068,frontend_frame,278,0,29837,54,8,252097024,354418688,305863168,354418688,,,,,,,,,,
1791467406.6013792,600068,tracking_feedback_accumulate,279,,29837,,,256175616,354418688,305863168,354418688,,,,,,,,2.8470000252127647,,
1791467406.651379,600068,frontend_frame,279,0,29837,55,8,263226368,354418688,305863168,354418688,,,,,,,,,,
1791467417.5367959,600068,tracking_feedback_accumulate,280,,30595,,,253092864,354418688,305863168,354418688,,,,,,,,2.8321000281721354,,
1791467417.5427969,600068,frontend_frame,280,0,30595,55,8,256334336,325058560,305863168,354418688,,,,,,,,,,
1791467418.179596,600068,tracking_feedback_accumulate,281,,30595,,,260412928,346030080,305863168,354418688,,,,,,,,3.0314000323414803,,
1791467418.1845946,600068,frontend_frame,281,0,30595,55,8,263648768,350224384,305863168,354418688,,,,,,,,,,
1791467418.8271012,600068,tracking_feedback_accumulate,282,,30595,,,267563520,354418688,310358016,354418688,,,,,,,,2.7689000125974417,,
1791467418.8361006,600068,frontend_frame,282,0,30595,55,8,249437184,354418688,310358016,354418688,,,,,,,,,,
1791467419.4718337,600068,tracking_feedback_accumulate,283,,30595,,,253515776,354418688,310358016,354418688,,,,,,,,2.785600023344159,,
1791467419.476834,600068,frontend_frame,283,0,30595,55,8,256751616,354418688,310358016,354418688,,,,,,,,,,
1791467420.111626,600068,tracking_feedback_accumulate,284,,30595,,,260666368,354418688,310358016,354418688,,,,,,,,2.7399000246077776,,
1791467420.1616256,600068,frontend_frame,284,0,30595,56,8,253435392,354418688,310358016,354418688,,,,,,,,,,
1791467431.2051218,600068,tracking_feedback_accumulate,285,,31042,,,257543680,354418688,310358016,354418688,,,,,,,,2.8909998945891857,,
1791467431.210121,600068,frontend_frame,285,0,31042,56,8,260883456,354418688,310358016,354418688,,,,,,,,,,
1791467431.851861,600068,tracking_feedback_accumulate,286,,31042,,,264798208,354418688,310358016,354418688,,,,,,,,8.298699976876378,,
1791467431.8568609,600068,frontend_frame,286,0,31042,56,8,268134912,354418688,310358016,354418688,,,,,,,,,,
1791467432.4929426,600068,tracking_feedback_accumulate,287,,31042,,,257548800,354418688,310358016,354418688,,,,,,,,2.7872000355273485,,
1791467432.4974477,600068,frontend_frame,287,0,31042,56,8,260885504,354418688,310358016,354418688,,,,,,,,,,
1791467433.1233215,600068,tracking_feedback_accumulate,288,,31042,,,264800256,354418688,310358016,354418688,,,,,,,,2.620900049805641,,
1791467433.1283228,600068,frontend_frame,288,0,31042,56,8,268136960,354418688,310358016,354418688,,,,,,,,,,
1791467433.7610471,600068,tracking_feedback_accumulate,289,,31042,,,272215552,354418688,314969600,354418688,,,,,,,,3.0207999516278505,,
1791467433.8120494,600068,frontend_frame,289,0,31042,57,8,264883712,354418688,314969600,354418688,,,,,,,,,,
1791467444.8336825,600068,tracking_feedback_accumulate,290,,31483,,,268828160,354418688,314969600,354418688,,,,,,,,2.882300177589059,,
1791467444.8386827,600068,frontend_frame,290,0,31483,57,8,272266240,308281344,314969600,354418688,,,,,,,,,,
1791467445.422083,600068,tracking_feedback_accumulate,291,,31483,,,276344832,356515840,319749632,356515840,,,,,,,,2.8731999918818474,,
1791467445.4280825,600068,frontend_frame,291,0,31483,57,8,265016832,356515840,319749632,356515840,,,,,,,,,,
1791467446.06621,600068,tracking_feedback_accumulate,292,,31483,,,268931584,356515840,319749632,356515840,,,,,,,,2.890300005674362,,
1791467446.0702088,600068,frontend_frame,292,0,31483,57,8,272367104,356515840,319749632,356515840,,,,,,,,,,
1791467446.6525588,600068,tracking_feedback_accumulate,293,,31483,,,276445696,356515840,319851520,356515840,,,,,,,,2.9172999784350395,,
1791467446.6575594,600068,frontend_frame,293,0,31483,57,8,279881216,356515840,319851520,356515840,,,,,,,,,,
1791467447.2582903,600068,tracking_feedback_accumulate,294,,31483,,,261502464,356515840,319851520,356515840,,,,,,,,2.840600209310651,,
1791467447.312291,600068,frontend_frame,294,0,31483,58,8,268934144,356515840,319851520,356515840,,,,,,,,,,
1791467458.3952465,600068,tracking_feedback_accumulate,295,,31781,,,272954368,356515840,319851520,356515840,,,,,,,,2.9171002097427845,,
1791467458.401248,600068,frontend_frame,295,0,31781,58,8,276466176,356515840,319851520,356515840,,,,,,,,,,
1791467458.9489536,600068,tracking_feedback_accumulate,296,,31781,,,265608192,356515840,323973120,356515840,,,,,,,,3.174399957060814,,
1791467458.953955,600068,frontend_frame,296,0,31781,58,8,269117952,356515840,323973120,356515840,,,,,,,,,,
1791467459.34951,600068,tracking_feedback_accumulate,297,,31781,,,273032704,377487360,323973120,377487360,,,,,,,,2.958799945190549,,
1791467459.3545089,600068,frontend_frame,297,0,31781,58,8,276542464,377487360,323973120,377487360,,,,,,,,,,
1791467459.9814308,600068,tracking_feedback_accumulate,298,,31781,,,280539136,377487360,324262912,377487360,,,,,,,,2.787400037050247,,
1791467459.9864311,600068,frontend_frame,298,0,31781,58,8,269038080,377487360,324262912,377487360,,,,,,,,,,
1791467460.6036105,600068,tracking_feedback_accumulate,299,,31781,,,273116672,377487360,324262912,377487360,,,,,,,,2.873099874705076,,
1791467460.653118,600068,frontend_frame,299,0,31781,59,8,280622592,377487360,324262912,377487360,,,,,,,,,,
1791467471.638381,600068,tracking_feedback_accumulate,300,,31847,,,284544000,377487360,328410112,377487360,,,,,,,,3.0533000826835632,,
1791467471.6433809,600068,frontend_frame,300,0,31847,59,8,288070144,335544320,328410112,379584512,,,,,,,,,,
1791467472.1399722,600068,tracking_feedback_accumulate,301,,31847,,,269616128,377487360,328410112,379584512,,,,,,,,2.852899953722954,,
1791467472.1449735,600068,frontend_frame,301,0,31847,59,8,273142272,377487360,328410112,379584512,,,,,,,,,,
1791467472.7513583,600068,tracking_feedback_accumulate,302,,31847,,,277057024,377487360,328410112,379584512,,,,,,,,2.961300080642104,,
1791467472.756359,600068,frontend_frame,302,0,31847,59,8,280583168,377487360,328410112,379584512,,,,,,,,,,
1791467473.2603664,600068,tracking_feedback_accumulate,303,,31847,,,269536256,377487360,328410112,379584512,,,,,,,,2.9762000776827335,,
1791467473.2653654,600068,frontend_frame,303,0,31847,59,8,273062400,377487360,328410112,379584512,,,,,,,,,,
1791467473.8385947,600068,tracking_feedback_accumulate,304,,31847,,,277140992,377487360,328410112,379584512,,,,,,,,2.794200088828802,,
1791467473.8856559,600068,frontend_frame,304,0,31847,60,8,284663296,377487360,328410112,379584512,,,,,,,,,,
1791467484.978909,600068,tracking_feedback_accumulate,305,,32278,,,273566208,377487360,328410112,379584512,,,,,,,,2.9423001687973738,,
1791467484.9839077,600068,frontend_frame,305,0,32278,60,8,277197824,377487360,328410112,379584512,,,,,,,,,,
1791467485.5369055,600068,tracking_feedback_accumulate,306,,32278,,,281276416,377487360,328410112,379584512,,,,,,,,2.9808999970555305,,
1791467485.541905,600068,frontend_frame,306,0,32278,60,8,284904960,377487360,328410112,379584512,,,,,,,,,,
1791467486.0829573,600068,tracking_feedback_accumulate,307,,32278,,,288819712,377487360,333205504,379584512,,,,,,,,2.880200045183301,,
1791467486.0879583,600068,frontend_frame,307,0,32278,60,8,277199872,377487360,333205504,379584512,,,,,,,,,,
1791467486.6759162,600068,tracking_feedback_accumulate,308,,32278,,,281196544,377487360,333205504,379584512,,,,,,,,2.8822000604122877,,
1791467486.6809165,600068,frontend_frame,308,0,32278,60,8,284825088,377487360,333205504,379584512,,,,,,,,,,
1791467487.2735913,600068,tracking_feedback_accumulate,309,,32278,,,288903680,377487360,333246464,379584512,,,,,,,,3.065000055357814,,
1791467487.3236258,600068,frontend_frame,309,0,32278,61,8,296528384,379584512,333246464,379584512,,,,,,,,,,
1791467498.504666,600068,tracking_feedback_accumulate,310,,30669,,,270235136,379584512,333246464,379584512,,,,,,,,2.9054000042378902,,
1791467498.510838,600068,frontend_frame,310,0,30669,61,8,273467904,346030080,333246464,379584512,,,,,,,,,,
1791467498.9836636,600068,tracking_feedback_accumulate,311,,30669,,,277546496,367001600,333246464,379584512,,,,,,,,2.8554999735206366,,
1791467498.9898753,600068,frontend_frame,311,0,30669,61,8,280792576,367001600,333246464,379584512,,,,,,,,,,
1791467499.6498206,600068,tracking_feedback_accumulate,312,,30669,,,270223872,367001600,333246464,379584512,,,,,,,,2.7832998894155025,,
1791467499.654513,600068,frontend_frame,312,0,30669,61,8,273469952,367001600,333246464,379584512,,,,,,,,,,
1791467500.3273888,600068,tracking_feedback_accumulate,313,,30669,,,277548544,367001600,333246464,379584512,,,,,,,,2.9316002037376165,,
1791467500.332012,600068,frontend_frame,313,0,30669,61,8,280794624,367001600,333246464,379584512,,,,,,,,,,
1791467500.8052335,600068,tracking_feedback_accumulate,314,,30669,,,284709376,369098752,333246464,379584512,,,,,,,,3.0029001645743847,,
1791467500.85626,600068,frontend_frame,314,0,30669,62,8,277468160,369098752,333246464,379584512,,,,,,,,,,
1791467511.941481,600068,tracking_feedback_accumulate,315,,29678,,,281402880,369098752,333246464,379584512,,,,,,,,2.938400022685528,,
1791467511.9464808,600068,frontend_frame,315,0,29678,62,8,284406784,369098752,333246464,379584512,,,,,,,,,,
1791467512.6337326,600068,tracking_feedback_accumulate,316,,29678,,,288485376,369098752,333246464,379584512,,,,,,,,2.8875998686999083,,
1791467512.6397336,600068,frontend_frame,316,0,29678,62,8,277248000,369098752,333246464,379584512,,,,,,,,,,
1791467513.112622,600068,tracking_feedback_accumulate,317,,29678,,,281162752,369098752,333246464,379584512,,,,,,,,2.920800121501088,,
1791467513.1176212,600068,frontend_frame,317,0,29678,62,8,284175360,369098752,333246464,379584512,,,,,,,,,,
1791467513.7074163,600068,tracking_feedback_accumulate,318,,29678,,,288253952,369098752,333246464,379584512,,,,,,,,2.917099976912141,,
1791467513.7124162,600068,frontend_frame,318,0,29678,62,8,291266560,373293056,333246464,379584512,,,,,,,,,,
1791467514.4025075,600068,tracking_feedback_accumulate,319,,29678,,,281164800,373293056,333246464,379584512,,,,,,,,2.820699941366911,,
1791467514.4515076,600068,frontend_frame,319,0,29678,63,8,288173568,373293056,333246464,379584512,,,,,,,,,,
1791467525.5628364,600068,tracking_feedback_accumulate,320,,29382,,,292154368,394264576,336427008,394264576,,,,,,,,2.9678000137209892,,
1791467525.5678356,600068,frontend_frame,320,0,29382,63,8,295095808,350224384,336427008,394264576,,,,,,,,,,
1791467526.1339097,600068,tracking_feedback_accumulate,321,,29382,,,299174400,398458880,343389184,398458880,,,,,,,,2.844899892807007,,
1791467526.1389096,600068,frontend_frame,321,0,29382,63,8,288170496,398458880,343389184,398458880,,,,,,,,,,
1791467526.8283565,600068,tracking_feedback_accumulate,322,,29382,,,292085248,398458880,343389184,398458880,,,,,,,,2.928399946540594,,
1791467526.8323557,600068,frontend_frame,322,0,29382,63,8,295029248,398458880,343389184,398458880,,,,,,,,,,
1791467527.4139876,600068,tracking_feedback_accumulate,323,,29382,,,299025920,398458880,343389184,398458880,,,,,,,,2.901999978348613,,
1791467527.4204943,600068,frontend_frame,323,0,29382,63,8,288090624,398458880,343389184,398458880,,,,,,,,,,
1791467527.92734,600068,tracking_feedback_accumulate,324,,29382,,,292087296,398458880,343389184,398458880,,,,,,,,2.934599993750453,,
1791467527.9765265,600068,frontend_frame,324,0,29382,64,8,299027456,398458880,343389184,398458880,,,,,,,,,,
1791467539.220518,600068,tracking_feedback_accumulate,325,,29510,,,303034880,398458880,348170240,398458880,,,,,,,,2.7034999802708626,,
1791467539.2256005,600068,frontend_frame,325,0,29510,64,8,306009600,402653184,348170240,402653184,,,,,,,,,,
1791467539.7220132,600068,tracking_feedback_accumulate,326,,29510,,,296096768,402653184,348170240,402653184,,,,,,,,3.0392000917345285,,
1791467539.727094,600068,frontend_frame,326,0,29510,64,8,299070976,402653184,348170240,402653184,,,,,,,,,,
1791467540.23274,600068,tracking_feedback_accumulate,327,,29510,,,303067648,402653184,348212224,402653184,,,,,,,,2.900300081819296,,
1791467540.2367404,600068,frontend_frame,327,0,29510,64,8,306041856,402653184,348212224,402653184,,,,,,,,,,
1791467540.8157215,600068,tracking_feedback_accumulate,328,,29510,,,310120448,404750336,355183104,404750336,,,,,,,,2.997299889102578,,
1791467540.8207211,600068,frontend_frame,328,0,29510,64,8,299154944,404750336,355183104,404750336,,,,,,,,,,
1791467541.4807913,600068,tracking_feedback_accumulate,329,,29510,,,303069696,404750336,355183104,404750336,,,,,,,,2.9446000698953867,,
1791467541.5290325,600068,frontend_frame,329,0,29510,65,8,310040064,404750336,355183104,404750336,,,,,,,,,,
1791467552.757572,600068,tracking_feedback_accumulate,330,,29493,,,300181504,404750336,355183104,404750336,,,,,,,,2.946800086647272,,
1791467552.7635727,600068,frontend_frame,330,0,29493,65,8,303152640,373293056,355183104,404750336,,,,,,,,,,
1791467553.3687444,600068,tracking_feedback_accumulate,331,,29493,,,307067392,398458880,355183104,404750336,,,,,,,,2.8925000224262476,,
1791467553.373744,600068,frontend_frame,331,0,29493,65,8,310039552,400556032,355183104,404750336,,,,,,,,,,
1791467553.9523087,600068,tracking_feedback_accumulate,332,,29493,,,314118144,404750336,359180288,404750336,,,,,,,,3.160799853503704,,
1791467553.958312,600068,frontend_frame,332,0,29493,65,8,303154688,404750336,359180288,404750336,,,,,,,,,,
1791467554.4127147,600068,tracking_feedback_accumulate,333,,29493,,,307069440,404750336,359180288,404750336,,,,,,,,2.977499971166253,,
1791467554.4177144,600068,frontend_frame,333,0,29493,65,8,310041600,404750336,359180288,404750336,,,,,,,,,,
1791467554.9511092,600068,tracking_feedback_accumulate,334,,29493,,,314120192,406847488,359182336,406847488,,,,,,,,2.9570998158305883,,
1791467555.0016692,600068,frontend_frame,334,0,29493,66,8,321088512,408944640,359182336,408944640,,,,,,,,,,
1791467566.174855,600068,tracking_feedback_accumulate,335,,29971,,,304133632,408944640,359182336,408944640,,,,,,,,2.9035001061856747,,
1791467566.1798556,600068,frontend_frame,335,0,29971,66,8,307222016,408944640,359182336,408944640,,,,,,,,,,
1791467566.6409345,600068,tracking_feedback_accumulate,336,,29971,,,311218688,408944640,359182336,408944640,,,,,,,,3.0825999565422535,,
1791467566.6469352,600068,frontend_frame,336,0,29971,66,8,314303488,408944640,359182336,408944640,,,,,,,,,,
1791467567.1293209,600068,tracking_feedback_accumulate,337,,29971,,,290273280,408944640,359182336,408944640,,,,,,,,2.8650001622736454,,
1791467567.13332,600068,frontend_frame,337,0,29971,66,8,293358080,408944640,359182336,408944640,,,,,,,,,,
1791467567.8429153,600068,tracking_feedback_accumulate,338,,29971,,,297272832,408944640,359182336,408944640,,,,,,,,3.008499974384904,,
1791467567.8479161,600068,frontend_frame,338,0,29971,66,8,300357632,408944640,359182336,408944640,,,,,,,,,,
1791467568.5468433,600068,tracking_feedback_accumulate,339,,29971,,,304436224,408944640,359182336,408944640,,,,,,,,3.048199927434325,,
1791467568.595883,600068,frontend_frame,339,0,29971,67,8,297356288,408944640,359182336,408944640,,,,,,,,,,
1791467579.856475,600068,tracking_feedback_accumulate,340,,30033,,,301275648,408944640,359182336,408944640,,,,,,,,2.8703000862151384,,
1791467579.8624752,600068,frontend_frame,340,0,30033,67,8,304370688,348127232,359182336,408944640,,,,,,,,,,
1791467580.5570607,600068,tracking_feedback_accumulate,341,,30033,,,308449280,392167424,359182336,408944640,,,,,,,,2.87249987013638,,
1791467580.5630615,600068,frontend_frame,341,0,30033,67,8,297373184,392167424,359182336,408944640,,,,,,,,,,
1791467581.0618472,600068,tracking_feedback_accumulate,342,,30033,,,301287936,392167424,359182336,408944640,,,,,,,,3.226999891921878,,
1791467581.066907,600068,frontend_frame,342,0,30033,67,8,304382976,392167424,359182336,408944640,,,,,,,,,,
1791467581.7461042,600068,tracking_feedback_accumulate,343,,30033,,,308461568,392167424,359182336,408944640,,,,,,,,2.838699845597148,,
1791467581.7511086,600068,frontend_frame,343,0,30033,67,8,311556608,396361728,359182336,408944640,,,,,,,,,,
1791467582.2247596,600068,tracking_feedback_accumulate,344,,30033,,,301289984,396361728,359182336,408944640,,,,,,,,3.0110999941825867,,
1791467582.2297597,600068,frontend_frame,344,0,30033,67,8,304385536,396361728,359182336,408944640,,,,,,,,,,
1791467582.7894855,600068,tracking_feedback_accumulate,345,,30033,,,308382208,396361728,359182336,408944640,,,,,,,,2.9726000502705574,,
1791467582.7944849,600068,frontend_frame,345,0,30033,67,8,311477248,396361728,359182336,408944640,,,,,,,,,,
1791467583.4656117,600068,tracking_feedback_accumulate,346,,30033,,,315555840,400556032,359182336,408944640,,,,,,,,2.8408998623490334,,
1791467583.4701166,600068,frontend_frame,346,0,30033,67,8,304469504,400556032,359182336,408944640,,,,,,,,,,
1791467584.1404762,600068,tracking_feedback_accumulate,347,,30033,,,308384256,400556032,359182336,408944640,,,,,,,,3.0682000797241926,,
1791467584.1444755,600068,frontend_frame,347,0,30033,67,8,311479296,400556032,359182336,408944640,,,,,,,,,,
1791467584.7972858,600068,tracking_feedback_accumulate,348,,30033,,,315475968,400556032,359182336,408944640,,,,,,,,2.8661000542342663,,
1791467584.8472862,600068,frontend_frame,348,0,30033,68,8,322566656,404750336,359182336,408944640,,,,,,,,,,
1791467596.0916307,600068,tracking_feedback_accumulate,349,,30883,,,305350144,404750336,359182336,408944640,,,,,,,,2.8861998580396175,,
1791467596.095631,600068,frontend_frame,349,0,30883,68,8,308654592,404750336,359182336,408944640,,,,,,,,,,
1791467596.608913,600068,tracking_feedback_accumulate,350,,30883,,,312651264,404750336,359182336,408944640,,,,,,,,2.7894999366253614,,
1791467596.6149132,600068,frontend_frame,350,0,30883,68,8,315949568,375390208,359182336,408944640,,,,,,,,,,
1791467597.0692134,600068,tracking_feedback_accumulate,351,,30883,,,305440256,396361728,359182336,408944640,,,,,,,,3.087799996137619,,
1791467597.0732129,600068,frontend_frame,351,0,30883,68,8,308738560,396361728,359182336,408944640,,,,,,,,,,
1791467597.738998,600068,tracking_feedback_accumulate,352,,30883,,,312653312,417333248,359182336,417333248,,,,,,,,2.8361999429762363,,
1791467597.7439978,600068,frontend_frame,352,0,30883,68,8,315951616,419430400,359182336,419430400,,,,,,,,,,
1791467598.417623,600068,tracking_feedback_accumulate,353,,30883,,,320030208,423624704,363561472,423624704,,,,,,,,2.9698999132961035,,
1791467598.4226222,600068,frontend_frame,353,0,30883,68,8,308741120,423624704,363561472,423624704,,,,,,,,,,
1791467599.1011553,600068,tracking_feedback_accumulate,354,,30883,,,312655872,423624704,363561472,423624704,,,,,,,,2.890500007197261,,
1791467599.1501544,600068,frontend_frame,354,0,30883,69,8,319949824,423624704,363561472,423624704,,,,,,,,,,
1791467610.451314,600068,tracking_feedback_accumulate,355,,31628,,,309492736,423624704,363561472,423624704,,,,,,,,3.182099899277091,,
1791467610.4563138,600068,frontend_frame,355,0,31628,69,8,312975872,423624704,363561472,423624704,,,,,,,,,,
1791467611.1775787,600068,tracking_feedback_accumulate,356,,31628,,,316890624,423624704,363561472,423624704,,,,,,,,3.6438999231904745,,
1791467611.1915812,600068,frontend_frame,356,0,31628,69,8,320368128,423624704,363561472,423624704,,,,,,,,,,
1791467611.9974487,600068,tracking_feedback_accumulate,357,,31628,,,324446720,423624704,368636928,423624704,,,,,,,,2.979299984872341,,
1791467612.0034494,600068,frontend_frame,357,0,31628,69,8,312977920,423624704,368636928,423624704,,,,,,,,,,
1791467612.6002223,600068,tracking_feedback_accumulate,358,,31628,,,316892672,423624704,368636928,423624704,,,,,,,,2.9128999449312687,,
1791467612.6052232,600068,frontend_frame,358,0,31628,69,8,320370176,423624704,368636928,423624704,,,,,,,,,,
1791467613.2735536,600068,tracking_feedback_accumulate,359,,31628,,,324448768,423624704,369718272,423624704,,,,,,,,3.1445000786334276,,
1791467613.322881,600068,frontend_frame,359,0,31628,70,8,331922432,425721856,369718272,425721856,,,,,,,,,,
1791467624.824947,600068,tracking_feedback_accumulate,360,,32608,,,313482752,425721856,369718272,425721856,,,,,,,,2.878099912777543,,
1791467624.8309464,600068,frontend_frame,360,0,32608,70,8,317195264,392167424,369718272,425721856,,,,,,,,,,
1791467625.5263991,600068,tracking_feedback_accumulate,361,,32608,,,321273856,417333248,369718272,425721856,,,,,,,,2.8798000421375036,,
1791467625.5313993,600068,frontend_frame,361,0,32608,70,8,324979200,419430400,369718272,425721856,,,,,,,,,,
1791467626.2290728,600068,tracking_feedback_accumulate,362,,32608,,,328893952,423624704,373449728,425721856,,,,,,,,2.877499908208847,,
1791467626.236073,600068,frontend_frame,362,0,32608,70,8,310106624,423624704,373449728,425721856,,,,,,,,,,
1791467626.9315233,600068,tracking_feedback_accumulate,363,,32608,,,314185216,423624704,373449728,425721856,,,,,,,,2.862700028344989,,
1791467626.9365237,600068,frontend_frame,363,0,32608,70,8,317890560,423624704,373449728,425721856,,,,,,,,,,
1791467627.6161783,600068,tracking_feedback_accumulate,364,,32608,,,321805312,423624704,373449728,425721856,,,,,,,,2.9603999573737383,,
1791467627.6667047,600068,frontend_frame,364,0,32608,71,8,314104832,423624704,373449728,425721856,,,,,,,,,,
1791467638.9871626,600068,tracking_feedback_accumulate,365,,33292,,,318232064,423624704,373449728,425721856,,,,,,,,3.222899977117777,,
1791467638.9921627,600068,frontend_frame,365,0,33292,71,8,322107392,423624704,373449728,425721856,,,,,,,,,,
1791467639.427001,600068,tracking_feedback_accumulate,366,,33292,,,326022144,423624704,373449728,425721856,,,,,,,,3.0755999032408,,
1791467639.4320009,600068,frontend_frame,366,0,33292,71,8,329892352,423624704,373449728,425721856,,,,,,,,,,
1791467639.9081643,600068,tracking_feedback_accumulate,367,,33292,,,318157312,423624704,373449728,425721856,,,,,,,,2.8383000753819942,,
1791467639.9131637,600068,frontend_frame,367,0,33292,71,8,322027520,423624704,373449728,425721856,,,,,,,,,,
1791467640.536814,600068,tracking_feedback_accumulate,368,,33292,,,326024192,423624704,373449728,425721856,,,,,,,,3.0644999351352453,,
1791467640.5408137,600068,frontend_frame,368,0,33292,71,8,329894400,423624704,373449728,425721856,,,,,,,,,,
1791467641.093736,600068,tracking_feedback_accumulate,369,,33292,,,333891072,425721856,378655232,425721856,,,,,,,,3.0185000505298376,,
1791467641.1437798,600068,frontend_frame,369,0,33292,72,8,326025728,425721856,378655232,425721856,,,,,,,,,,
1791467652.4958549,600068,tracking_feedback_accumulate,370,,34316,,,330173440,446693376,378655232,446693376,,,,,,,,2.991100074723363,,
1791467652.500951,600068,frontend_frame,370,0,34316,72,8,334292992,400556032,378655232,446693376,,,,,,,,,,
1791467653.0117917,600068,tracking_feedback_accumulate,371,,34316,,,338207744,446693376,383743488,446693376,,,,,,,,3.005899954587221,,
1791467653.0177946,600068,frontend_frame,371,0,34316,72,8,326346240,446693376,383743488,446693376,,,,,,,,,,
1791467653.5927494,600068,tracking_feedback_accumulate,372,,34316,,,330424832,446693376,383743488,446693376,,,,,,,,2.8468999080359936,,
1791467653.5977492,600068,frontend_frame,372,0,34316,72,8,334536704,446693376,383743488,446693376,,,,,,,,,,
1791467654.1874704,600068,tracking_feedback_accumulate,373,,34316,,,338451456,446693376,384060928,446693376,,,,,,,,2.9490001033991575,,
1791467654.1924698,600068,frontend_frame,373,0,34316,72,8,342563328,448790528,384060928,448790528,,,,,,,,,,
1791467654.766687,600068,tracking_feedback_accumulate,374,,34316,,,322237440,448790528,384060928,448790528,,,,,,,,2.9551999177783728,,
1791467654.8148084,600068,frontend_frame,374,0,34316,73,8,330345472,448790528,384060928,448790528,,,,,,,,,,
1791467666.2638981,600068,tracking_feedback_accumulate,375,,34732,,,334371328,448790528,384060928,448790528,,,,,,,,2.8617000207304955,,
1791467666.2688973,600068,frontend_frame,375,0,34732,73,8,338584576,448790528,384060928,448790528,,,,,,,,,,
1791467666.8586292,600068,tracking_feedback_accumulate,376,,34732,,,326349312,448790528,384060928,448790528,,,,,,,,2.8689000755548477,,
1791467666.8636293,600068,frontend_frame,376,0,34732,73,8,330560000,448790528,384060928,448790528,,,,,,,,,,
1791467667.5750542,600068,tracking_feedback_accumulate,377,,34732,,,334474752,448790528,384060928,448790528,,,,,,,,3.046200145035982,,
1791467667.5800538,600068,frontend_frame,377,0,34732,73,8,338685440,448790528,384060928,448790528,,,,,,,,,,
1791467668.2779195,600068,tracking_feedback_accumulate,378,,34732,,,342764032,448790528,388733952,448790528,,,,,,,,2.9880001675337553,,
1791467668.2839203,600068,frontend_frame,378,0,34732,73,8,330562048,448790528,388733952,448790528,,,,,,,,,,
1791467668.9537554,600068,tracking_feedback_accumulate,379,,34732,,,334476800,448790528,388733952,448790528,,,,,,,,3.005000064149499,,
1791467669.002811,600068,frontend_frame,379,0,34732,74,8,342683648,448790528,388733952,448790528,,,,,,,,,,
1791467680.5248203,600068,tracking_feedback_accumulate,380,,31576,,,346477056,448790528,392001536,448790528,,,,,,,,2.922399900853634,,
1791467680.5298207,600068,frontend_frame,380,0,31576,74,8,349915136,404750336,392001536,448790528,,,,,,,,,,
1791467681.0742836,600068,tracking_feedback_accumulate,381,,31576,,,330121728,446693376,392001536,448790528,,,,,,,,2.883800072595477,,
1791467681.0792837,600068,frontend_frame,381,0,31576,74,8,333585408,446693376,392001536,448790528,,,,,,,,,,
1791467681.6655672,600068,tracking_feedback_accumulate,382,,31576,,,337500160,446693376,392001536,448790528,,,,,,,,3.020700067281723,,
1791467681.6705675,600068,frontend_frame,382,0,31576,74,8,340963840,446693376,392001536,448790528,,,,,,,,,,
1791467682.2557354,600068,tracking_feedback_accumulate,383,,31576,,,330123776,446693376,392001536,448790528,,,,,,,,3.0443998984992504,,
1791467682.2607348,600068,frontend_frame,383,0,31576,74,8,333587456,446693376,392001536,448790528,,,,,,,,,,
1791467682.862817,600068,tracking_feedback_accumulate,384,,31576,,,337502208,446693376,392001536,448790528,,,,,,,,3.139000153169036,,
1791467682.9108174,600068,frontend_frame,384,0,31576,75,8,344962048,446693376,392001536,448790528,,,,,,,,,,
1791467694.4747539,600068,tracking_feedback_accumulate,385,,30139,,,334030848,446693376,392001536,448790528,,,,,,,,2.91269994340837,,
1791467694.4797537,600068,frontend_frame,385,0,30139,75,8,337141760,446693376,392001536,448790528,,,,,,,,,,
1791467695.0959713,600068,tracking_feedback_accumulate,386,,30139,,,341056512,446693376,392001536,448790528,,,,,,,,3.5939000081270933,,
1791467695.0999708,600068,frontend_frame,386,0,30139,75,8,344179712,446693376,392001536,448790528,,,,,,,,,,
1791467695.700832,600068,tracking_feedback_accumulate,387,,30139,,,348176384,446693376,393382400,448790528,,,,,,,,2.9966000001877546,,
1791467695.706832,600068,frontend_frame,387,0,30139,75,8,337061888,446693376,393382400,448790528,,,,,,,,,,
1791467696.287958,600068,tracking_feedback_accumulate,388,,30139,,,341058560,446693376,393382400,448790528,,,,,,,,3.1097999308258295,,
1791467696.292959,600068,frontend_frame,388,0,30139,75,8,344181760,446693376,393382400,448790528,,,,,,,,,,
1791467696.7975452,600068,tracking_feedback_accumulate,389,,30139,,,348178432,446693376,393384448,448790528,,,,,,,,2.9372998978942633,,
1791467696.8465447,600068,frontend_frame,389,0,30139,76,8,355297792,448790528,393384448,448790528,,,,,,,,,,
1791467708.2004168,600068,tracking_feedback_accumulate,390,,29892,,,330305024,448790528,393384448,448790528,,,,,,,,2.8476999141275883,,
1791467708.2064176,600068,frontend_frame,390,0,29892,76,8,333367808,415236096,393384448,448790528,,,,,,,,,,
1791467708.755695,600068,tracking_feedback_accumulate,391,,29892,,,337282560,436207616,393384448,448790528,,,,,,,,2.8635000344365835,,
1791467708.7616966,600068,frontend_frame,391,0,29892,76,8,340347392,436207616,393384448,448790528,,,,,,,,,,
1791467709.308098,600068,tracking_feedback_accumulate,392,,29892,,,330223104,436207616,393384448,448790528,,,,,,,,2.9086999129503965,,
1791467709.312097,600068,frontend_frame,392,0,29892,76,8,333287936,436207616,393384448,448790528,,,,,,,,,,
1791467709.7947094,600068,tracking_feedback_accumulate,393,,29892,,,337284608,436207616,393384448,448790528,,,,,,,,2.881400054320693,,
1791467709.7997096,600068,frontend_frame,393,0,29892,76,8,340349440,436207616,393384448,448790528,,,,,,,,,,
1791467710.3240438,600068,tracking_feedback_accumulate,394,,29892,,,344346112,438304768,393384448,448790528,,,,,,,,3.001400036737323,,
1791467710.377047,600068,frontend_frame,394,0,29892,77,8,337286144,438304768,393384448,448790528,,,,,,,,,,
1791467721.6570442,600068,tracking_feedback_accumulate,395,,29835,,,341365248,438304768,393384448,448790528,,,,,,,,2.8862999752163887,,
1791467721.6610441,600068,frontend_frame,395,0,29835,77,8,344418816,438304768,393384448,448790528,,,,,,,,,,
1791467722.1644216,600068,tracking_feedback_accumulate,396,,29835,,,348333568,438304768,393384448,448790528,,,,,,,,2.856799867004156,,
1791467722.1705005,600068,frontend_frame,396,0,29835,77,8,337277440,438304768,393384448,448790528,,,,,,,,,,
1791467722.685809,600068,tracking_feedback_accumulate,397,,29835,,,341356032,438304768,393384448,448790528,,,,,,,,3.097600070759654,,
1791467722.6908114,600068,frontend_frame,397,0,29835,77,8,344410624,438304768,393384448,448790528,,,,,,,,,,
1791467723.247211,600068,tracking_feedback_accumulate,398,,29835,,,348325376,438304768,393384448,448790528,,,,,,,,2.8897998854517937,,
1791467723.2522104,600068,frontend_frame,398,0,29835,77,8,351379968,440401920,393384448,448790528,,,,,,,,,,
1791467723.8014286,600068,tracking_feedback_accumulate,399,,29835,,,341276160,440401920,393384448,448790528,,,,,,,,2.94229993596673,,
1791467723.8525007,600068,frontend_frame,399,0,29835,78,8,348326912,440401920,393384448,448790528,,,,,,,,,,
1791467735.0988786,600068,tracking_feedback_accumulate,400,,30072,,,352338432,461373440,397038592,461373440,,,,,,,,3.000199794769287,,
1791467735.104879,600068,frontend_frame,400,0,30072,78,8,355442688,417333248,397038592,461373440,,,,,,,,,,
1791467735.6902835,600068,tracking_feedback_accumulate,401,,30072,,,359439360,465567744,404076544,465567744,,,,,,,,2.862899797037244,,
1791467735.6962838,600068,frontend_frame,401,0,30072,78,8,348393472,465567744,404076544,465567744,,,,,,,,,,
1791467736.1801753,600068,tracking_feedback_accumulate,402,,30072,,,352472064,465567744,404076544,465567744,,,,,,,,2.8683000709861517,,
1791467736.1841757,600068,frontend_frame,402,0,30072,78,8,355575296,465567744,404076544,465567744,,,,,,,,,,
1791467736.6849413,600068,tracking_feedback_accumulate,403,,30072,,,359490048,465567744,404687872,465567744,,,,,,,,2.8188000433146954,,
1791467736.6899421,600068,frontend_frame,403,0,30072,78,8,362593280,469762048,404687872,469762048,,,,,,,,,,
1791467737.2220442,600068,tracking_feedback_accumulate,404,,30072,,,345293312,469762048,404687872,469762048,,,,,,,,2.8357000555843115,,
1791467737.2713048,600068,frontend_frame,404,0,30072,79,8,352392704,469762048,404687872,469762048,,,,,,,,,,
1791467748.492568,600068,tracking_feedback_accumulate,405,,30375,,,356412928,469762048,404687872,469762048,,,,,,,,2.969099907204509,,
1791467748.4976268,600068,frontend_frame,405,0,30375,79,8,359592448,469762048,404687872,469762048,,,,,,,,,,
1791467748.9685678,600068,tracking_feedback_accumulate,406,,30375,,,349317120,469762048,404687872,469762048,,,,,,,,3.0312000308185816,,
1791467748.97357,600068,frontend_frame,406,0,30375,79,8,352494592,469762048,404687872,469762048,,,,,,,,,,
1791467749.5093658,600068,tracking_feedback_accumulate,407,,30375,,,356573184,469762048,404687872,469762048,,,,,,,,2.9881999362260103,,
1791467749.5143683,600068,frontend_frame,407,0,30375,79,8,359750656,469762048,404687872,469762048,,,,,,,,,,
1791467750.108962,600068,tracking_feedback_accumulate,408,,30375,,,363665408,469762048,408893440,469762048,,,,,,,,2.893000142648816,,
1791467750.114965,600068,frontend_frame,408,0,30375,79,8,352496640,469762048,408893440,469762048,,,,,,,,,,
1791467750.5708656,600068,tracking_feedback_accumulate,409,,30375,,,356493312,469762048,408893440,469762048,,,,,,,,2.9293999541550875,,
1791467750.6198685,600068,frontend_frame,409,0,30375,80,8,363666944,469762048,408893440,469762048,,,,,,,,,,
1791467761.7786043,600068,tracking_feedback_accumulate,410,,30360,,,353401856,469762048,408893440,469762048,,,,,,,,2.861699787899852,,
1791467761.7846038,600068,frontend_frame,410,0,30360,80,8,356576768,438304768,408893440,469762048,,,,,,,,,,
1791467762.2463455,600068,tracking_feedback_accumulate,411,,30360,,,360491520,459276288,408893440,469762048,,,,,,,,2.962399972602725,,
1791467762.2523456,600068,frontend_frame,411,0,30360,80,8,363666944,463470592,408893440,469762048,,,,,,,,,,
1791467762.7624972,600068,tracking_feedback_accumulate,412,,30360,,,367663616,467664896,412891136,469762048,,,,,,,,3.052400192245841,,
1791467762.7684975,600068,frontend_frame,412,0,30360,80,8,356496896,467664896,412891136,469762048,,,,,,,,,,
1791467763.2372847,600068,tracking_feedback_accumulate,413,,30360,,,360493568,467664896,412891136,469762048,,,,,,,,2.908799797296524,,
1791467763.2423902,600068,frontend_frame,413,0,30360,80,8,363668992,467664896,412891136,469762048,,,,,,,,,,
1791467763.7177758,600068,tracking_feedback_accumulate,414,,30360,,,367665664,467664896,412893184,469762048,,,,,,,,2.890300005674362,,
1791467763.7227747,600068,frontend_frame,414,0,30360,80,8,356499456,467664896,412893184,469762048,,,,,,,,,,
1791467764.2111444,600068,tracking_feedback_accumulate,415,,30360,,,360578048,467664896,412893184,469762048,,,,,,,,3.1936001032590866,,
1791467764.260283,600068,frontend_frame,415,0,30360,81,8,367749120,467664896,412893184,469762048,,,,,,,,,,
1791467775.3218803,600068,tracking_feedback_accumulate,416,,30555,,,371678720,467664896,416912384,469762048,,,,,,,,2.9239000286906958,,
1791467775.3278818,600068,frontend_frame,416,0,30555,81,8,374901760,471859200,416912384,471859200,,,,,,,,,,
1791467775.6802304,600068,tracking_feedback_accumulate,417,,30555,,,350288384,471859200,416912384,471859200,,,,,,,,3.2816999591886997,,
1791467775.6852305,600068,frontend_frame,417,0,30555,81,8,353510400,471859200,416912384,471859200,,,,,,,,,,
1791467776.1594775,600068,tracking_feedback_accumulate,418,,30555,,,357507072,471859200,416912384,471859200,,,,,,,,2.8693999629467726,,
1791467776.1634774,600068,frontend_frame,418,0,30555,81,8,360729088,471859200,416912384,471859200,,,,,,,,,,
1791467776.6603167,600068,tracking_feedback_accumulate,419,,30555,,,364725760,471859200,416912384,471859200,,,,,,,,2.926899818703532,,
1791467776.6653163,600068,frontend_frame,419,0,30555,81,8,353512448,471859200,416912384,471859200,,,,,,,,,,
1791467777.1476777,600068,tracking_feedback_accumulate,420,,30555,,,357509120,471859200,416912384,471859200,,,,,,,,3.109100041911006,,
1791467777.1536791,600068,frontend_frame,420,0,30555,81,8,360731648,417333248,416912384,471859200,,,,,,,,,,
1791467777.5980334,600068,tracking_feedback_accumulate,421,,30555,,,364810240,461373440,416912384,471859200,,,,,,,,2.8940001502633095,,
1791467777.6480358,600068,frontend_frame,421,0,30555,82,8,357592576,461373440,416912384,471859200,,,,,,,,,,
1791467788.787702,600068,tracking_feedback_accumulate,422,,30717,,,361518080,461373440,416912384,471859200,,,,,,,,2.8783001471310854,,
1791467788.7927022,600068,frontend_frame,422,0,30717,82,8,364772864,461373440,416912384,471859200,,,,,,,,,,
1791467789.206837,600068,tracking_feedback_accumulate,423,,30717,,,368851456,463470592,416912384,471859200,,,,,,,,2.929799957200885,,
1791467789.211836,600068,frontend_frame,423,0,30717,82,8,372105728,465567744,416912384,471859200,,,,,,,,,,
1791467789.7338893,600068,tracking_feedback_accumulate,424,,30717,,,361520640,465567744,416912384,471859200,,,,,,,,2.94659985229373,,
1791467789.7388897,600068,frontend_frame,424,0,30717,82,8,364774912,465567744,416912384,471859200,,,,,,,,,,
1791467790.2245274,600068,tracking_feedback_accumulate,425,,30717,,,368853504,465567744,416912384,471859200,,,,,,,,2.814600011333823,,
1791467790.2285273,600068,frontend_frame,425,0,30717,82,8,372107776,465567744,416912384,471859200,,,,,,,,,,
1791467790.6819584,600068,tracking_feedback_accumulate,426,,30717,,,376022528,469762048,420168704,471859200,,,,,,,,2.822800073772669,,
1791467790.6879587,600068,frontend_frame,426,0,30717,82,8,364777472,469762048,420168704,471859200,,,,,,,,,,
1791467791.1265974,600068,tracking_feedback_accumulate,427,,30717,,,368856064,469762048,420168704,471859200,,,,,,,,2.8681999538093805,,
1791467791.1305978,600068,frontend_frame,427,0,30717,82,8,372110336,469762048,420168704,471859200,,,,,,,,,,
1791467791.6508827,600068,tracking_feedback_accumulate,428,,30717,,,376025088,469762048,420168704,471859200,,,,,,,,2.838799962773919,,
1791467791.658886,600068,frontend_frame,428,0,30717,82,8,379279360,471859200,420168704,471859200,,,,,,,,,,
1791467792.216361,600068,tracking_feedback_accumulate,429,,30717,,,361526272,471859200,420168704,471859200,,,,,,,,2.772300038486719,,
1791467792.2213614,600068,frontend_frame,429,0,30717,82,8,364780544,471859200,420168704,471859200,,,,,,,,,,
1791467792.6841016,600068,tracking_feedback_accumulate,430,,30717,,,368777216,471859200,420168704,471859200,,,,,,,,2.8858999721705914,,
1791467792.7331023,600068,frontend_frame,430,0,30717,83,8,376027136,471859200,420168704,471859200,,,,,,,,,,
1791467803.9680939,600068,tracking_feedback_accumulate,431,,31190,,,365559808,492830720,420168704,492830720,,,,,,,,2.885200083255768,,
1791467803.9730966,600068,frontend_frame,431,0,31190,83,8,368936448,492830720,420168704,492830720,,,,,,,,,,
1791467804.4233887,600068,tracking_feedback_accumulate,432,,31190,,,373015040,492830720,420168704,492830720,,,,,,,,2.971499925479293,,
1791467804.4283876,600068,frontend_frame,432,0,31190,83,8,376388096,492830720,420168704,492830720,,,,,,,,,,
1791467804.920894,600068,tracking_feedback_accumulate,433,,31190,,,380302848,492830720,425611776,492830720,,,,,,,,2.7860000263899565,,
1791467804.9258947,600068,frontend_frame,433,0,31190,83,8,368938496,492830720,425611776,492830720,,,,,,,,,,
1791467805.4547176,600068,tracking_feedback_accumulate,434,,31190,,,373017088,492830720,425611776,492830720,,,,,,,,2.964199986308813,,
1791467805.4597194,600068,frontend_frame,434,0,31190,83,8,376390144,492830720,425611776,492830720,,,,,,,,,,
1791467805.9576066,600068,tracking_feedback_accumulate,435,,31190,,,380304896,492830720,425613824,492830720,,,,,,,,2.8741999994963408,,
1791467805.9636066,600068,frontend_frame,435,0,31190,83,8,383678464,494927872,425613824,494927872,,,,,,,,,,
1791467806.5193274,600068,tracking_feedback_accumulate,436,,31190,,,365650944,494927872,425613824,494927872,,,,,,,,3.2235998660326004,,
1791467806.5693297,600068,frontend_frame,436,0,31190,84,8,373019648,494927872,425613824,494927872,,,,,,,,,,
1791467817.8484333,600068,tracking_feedback_accumulate,437,,31368,,,376949760,494927872,425613824,494927872,,,,,,,,2.9688000213354826,,
1791467817.8534322,600068,frontend_frame,437,0,31368,84,8,380367872,494927872,425613824,494927872,,,,,,,,,,
1791467818.3726501,600068,tracking_feedback_accumulate,438,,31368,,,369665024,494927872,425613824,494927872,,,,,,,,2.956800162792206,,
1791467818.3816502,600068,frontend_frame,438,0,31368,84,8,373082112,494927872,425613824,494927872,,,,,,,,,,
1791467818.9440832,600068,tracking_feedback_accumulate,439,,31368,,,376996864,494927872,425613824,494927872,,,,,,,,2.8458999004215,,
1791467818.9480836,600068,frontend_frame,439,0,31368,84,8,380413952,494927872,425613824,494927872,,,,,,,,,,
1791467819.4437642,600068,tracking_feedback_accumulate,440,,31368,,,384492544,494927872,429737472,494927872,,,,,,,,2.905100118368864,,
1791467819.4497666,600068,frontend_frame,440,0,31368,84,8,373084160,444596224,429737472,494927872,,,,,,,,,,
1791467819.9963915,600068,tracking_feedback_accumulate,441,,31368,,,376998912,486539264,429737472,494927872,,,,,,,,2.8995999600738287,,
1791467820.0449715,600068,frontend_frame,441,0,31368,85,8,384412160,486539264,429737472,494927872,,,,,,,,,,
1791467831.3275676,600068,tracking_feedback_accumulate,442,,31537,,,373596160,486539264,429737472,494927872,,,,,,,,3.1534999143332243,,
1791467831.3335662,600068,frontend_frame,442,0,31537,85,8,377052160,486539264,429737472,494927872,,,,,,,,,,
1791467831.7819114,600068,tracking_feedback_accumulate,443,,31537,,,381048832,486539264,429737472,494927872,,,,,,,,2.825399860739708,,
1791467831.7859113,600068,frontend_frame,443,0,31537,85,8,384504320,486539264,429737472,494927872,,,,,,,,,,
1791467832.25468,600068,tracking_feedback_accumulate,444,,31537,,,388500992,492830720,433843712,494927872,,,,,,,,2.8748000040650368,,
1791467832.2616804,600068,frontend_frame,444,0,31537,85,8,369836544,492830720,433843712,494927872,,,,,,,,,,
1791467832.7494054,600068,tracking_feedback_accumulate,445,,31537,,,373833216,492830720,433843712,494927872,,,,,,,,2.9801998753100634,,
1791467832.753404,600068,frontend_frame,445,0,31537,85,8,377288704,492830720,433843712,494927872,,,,,,,,,,
1791467833.280879,600068,tracking_feedback_accumulate,446,,31537,,,381367296,492830720,433843712,494927872,,,,,,,,3.0441000126302242,,
1791467833.2858791,600068,frontend_frame,446,0,31537,85,8,384823296,492830720,433843712,494927872,,,,,,,,,,
1791467833.7972229,600068,tracking_feedback_accumulate,447,,31537,,,366384640,492830720,433843712,494927872,,,,,,,,2.9140999540686607,,
1791467833.8517318,600068,frontend_frame,447,0,31537,86,8,373835776,492830720,433843712,494927872,,,,,,,,,,
1791467845.1502147,600068,tracking_feedback_accumulate,448,,31695,,,377843200,492830720,433843712,494927872,,,,,,,,3.05530009791255,,
1791467845.1542137,600068,frontend_frame,448,0,31695,86,8,381331968,492830720,433843712,494927872,,,,,,,,,,
1791467845.723704,600068,tracking_feedback_accumulate,449,,31695,,,370476032,492830720,433843712,494927872,,,,,,,,2.885499969124794,,
1791467845.7292113,600068,frontend_frame,449,0,31695,86,8,373963776,492830720,433843712,494927872,,,,,,,,,,
1791467846.2904599,600068,tracking_feedback_accumulate,450,,31695,,,377878528,492830720,433843712,494927872,,,,,,,,3.140699816867709,,
1791467846.2964585,600068,frontend_frame,450,0,31695,86,8,381366272,442499072,433843712,494927872,,,,,,,,,,
1791467846.811456,600068,tracking_feedback_accumulate,451,,31695,,,385444864,484442112,433843712,494927872,,,,,,,,2.970699919387698,,
1791467846.8164575,600068,frontend_frame,451,0,31695,86,8,373965824,484442112,433843712,494927872,,,,,,,,,,
1791467847.3399,600068,tracking_feedback_accumulate,452,,31695,,,377880576,484442112,433843712,494927872,,,,,,,,2.9470999725162983,,
1791467847.3898997,600068,frontend_frame,452,0,31695,87,8,385364480,484442112,433843712,494927872,,,,,,,,,,
1791467858.8178482,600068,tracking_feedback_accumulate,453,,32318,,,389405696,505413632,434876416,505413632,,,,,,,,2.994399983435869,,
1791467858.8228476,600068,frontend_frame,453,0,32318,87,8,378079744,505413632,434876416,505413632,,,,,,,,,,
1791467859.294893,600068,tracking_feedback_accumulate,454,,32318,,,382158336,505413632,434876416,505413632,,,,,,,,2.9329999815672636,,
1791467859.300892,600068,frontend_frame,454,0,32318,87,8,385795072,505413632,434876416,505413632,,,,,,,,,,
1791467859.8641322,600068,tracking_feedback_accumulate,455,,32318,,,389709824,507510784,435158528,507510784,,,,,,,,2.933500101789832,,
1791467859.8691335,600068,frontend_frame,455,0,32318,87,8,393346560,509607936,435158528,509607936,,,,,,,,,,
1791467860.5165424,600068,tracking_feedback_accumulate,456,,32318,,,382078464,509607936,435158528,509607936,,,,,,,,2.9412000440061092,,
1791467860.5215437,600068,frontend_frame,456,0,32318,87,8,385715200,509607936,435158528,509607936,,,,,,,,,,
1791467861.0057883,600068,tracking_feedback_accumulate,457,,32318,,,389711872,509607936,435158528,509607936,,,,,,,,3.1024999916553497,,
1791467861.0549793,600068,frontend_frame,457,0,32318,88,8,397344768,509607936,435158528,509607936,,,,,,,,,,
1791467872.3867815,600068,tracking_feedback_accumulate,458,,28452,,,385827328,509607936,435158528,509607936,,,,,,,,2.9310001991689205,,
1791467872.3927824,600068,frontend_frame,458,0,28452,88,8,388520448,509607936,435158528,509607936,,,,,,,,,,
1791467873.0209165,600068,tracking_feedback_accumulate,459,,28452,,,392599040,509607936,436940800,509607936,,,,,,,,2.971100155264139,,
1791467873.0269172,600068,frontend_frame,459,0,28452,88,8,395323392,509607936,436940800,509607936,,,,,,,,,,
1791467873.6443453,600068,tracking_feedback_accumulate,460,,28452,,,399238144,511705088,444279808,511705088,,,,,,,,2.9090000316500664,,
1791467873.6493454,600068,frontend_frame,460,0,28452,88,8,388522496,465567744,444279808,511705088,,,,,,,,,,
1791467874.2035506,600068,tracking_feedback_accumulate,461,,28452,,,392519168,507510784,444279808,511705088,,,,,,,,4.337900085374713,,
1791467874.2095509,600068,frontend_frame,461,0,28452,88,8,395243520,507510784,444279808,511705088,,,,,,,,,,
1791467874.7294195,600068,tracking_feedback_accumulate,462,,28452,,,399240192,511705088,444279808,511705088,,,,,,,,3.1712001655250788,,
1791467874.7804503,600068,frontend_frame,462,0,28452,89,8,405960704,513802240,444279808,513802240,,,,,,,,,,
1791467886.0778396,600068,tracking_feedback_accumulate,463,,28167,,,389865472,513802240,444279808,513802240,,,,,,,,2.956600161269307,,
1791467886.0828393,600068,frontend_frame,463,0,28167,89,8,392524800,513802240,444279808,513802240,,,,,,,,,,
1791467886.5704203,600068,tracking_feedback_accumulate,464,,28167,,,396439552,513802240,444279808,513802240,,,,,,,,3.020599950104952,,
1791467886.576421,600068,frontend_frame,464,0,28167,89,8,399101440,513802240,444279808,513802240,,,,,,,,,,
1791467887.0626729,600068,tracking_feedback_accumulate,465,,28167,,,389864960,513802240,444279808,513802240,,,,,,,,3.3694999292492867,,
1791467887.0681782,600068,frontend_frame,465,0,28167,89,8,392526848,513802240,444279808,513802240,,,,,,,,,,
1791467887.517689,600068,tracking_feedback_accumulate,466,,28167,,,396441600,513802240,444279808,513802240,,,,,,,,2.9762000776827335,,
1791467887.5227342,600068,frontend_frame,466,0,28167,89,8,399103488,513802240,444279808,513802240,,,,,,,,,,
1791467887.9906092,600068,tracking_feedback_accumulate,467,,28167,,,403100160,513802240,446881792,513802240,,,,,,,,3.2007000409066677,,
1791467887.9956074,600068,frontend_frame,467,0,28167,89,8,392447488,513802240,446881792,513802240,,,,,,,,,,
1791467888.4411461,600068,tracking_feedback_accumulate,468,,28167,,,396526080,513802240,446881792,513802240,,,,,,,,5.583900026977062,,
1791467888.4461474,600068,frontend_frame,468,0,28167,89,8,399187968,513802240,446881792,513802240,,,,,,,,,,
1791467889.1377344,600068,tracking_feedback_accumulate,469,,28167,,,403102720,513802240,448119296,513802240,,,,,,,,2.9337999876588583,,
1791467889.187243,600068,frontend_frame,469,0,28167,90,8,409760256,513802240,448119296,513802240,,,,,,,,,,
1791467900.5959394,600068,tracking_feedback_accumulate,470,,28161,,,386236416,513802240,448119296,513802240,,,,,,,,2.8511998243629932,,
1791467900.6019406,600068,frontend_frame,470,0,28161,90,8,388897792,484442112,448119296,513802240,,,,,,,,,,
1791467901.1466641,600068,tracking_feedback_accumulate,471,,28161,,,392812544,505413632,448119296,513802240,,,,,,,,3.135700011625886,,
1791467901.1516645,600068,frontend_frame,471,0,28161,90,8,395474432,505413632,448119296,513802240,,,,,,,,,,
1791467901.848421,600068,tracking_feedback_accumulate,472,,28161,,,399553024,505413632,448119296,513802240,,,,,,,,3.0919001437723637,,
1791467901.8534207,600068,frontend_frame,472,0,28161,90,8,388899840,505413632,448119296,513802240,,,,,,,,,,
1791467902.5428624,600068,tracking_feedback_accumulate,473,,28161,,,392814592,505413632,448119296,513802240,,,,,,,,3.0747000128030777,,
1791467902.5478632,600068,frontend_frame,473,0,28161,90,8,395476480,505413632,448119296,513802240,,,,,,,,,,
1791467903.1392884,600068,tracking_feedback_accumulate,474,,28161,,,399473152,505413632,448119296,513802240,,,,,,,,2.937000012025237,,
1791467903.1893709,600068,frontend_frame,474,0,28161,91,8,406131200,507510784,448119296,513802240,,,,,,,,,,
1791467914.4045877,600068,tracking_feedback_accumulate,475,,28088,,,390151168,507510784,448119296,513802240,,,,,,,,2.940499922260642,,
1791467914.4093409,600068,frontend_frame,475,0,28088,91,8,392789504,507510784,448119296,513802240,,,,,,,,,,
1791467914.872434,600068,tracking_feedback_accumulate,476,,28088,,,396868096,507510784,448119296,513802240,,,,,,,,2.9633999802172184,,
1791467914.8772523,600068,frontend_frame,476,0,28088,91,8,399507968,507510784,448119296,513802240,,,,,,,,,,
1791467915.3673692,600068,tracking_feedback_accumulate,477,,28088,,,390151680,507510784,448119296,513802240,,,,,,,,3.3255000598728657,,
1791467915.3720407,600068,frontend_frame,477,0,28088,91,8,392791552,507510784,448119296,513802240,,,,,,,,,,
1791467915.9837153,600068,tracking_feedback_accumulate,478,,28088,,,396788224,507510784,448119296,513802240,,,,,,,,3.0082000885158777,,
1791467915.9884338,600068,frontend_frame,478,0,28088,91,8,399428096,507510784,448119296,513802240,,,,,,,,,,
1791467916.485615,600068,tracking_feedback_accumulate,479,,28088,,,403506688,507510784,448432128,513802240,,,,,,,,3.061099909245968,,
1791467916.5369,600068,frontend_frame,479,0,28088,92,8,396871680,507510784,448432128,513802240,,,,,,,,,,
1791467927.8079593,600068,tracking_feedback_accumulate,480,,27591,,,400755712,507510784,448432128,513802240,,,,,,,,2.8695000801235437,,
1791467927.812959,600068,frontend_frame,480,0,27591,92,8,403272704,484442112,448432128,513802240,,,,,,,,,,
1791467928.4444425,600068,tracking_feedback_accumulate,481,,27591,,,407351296,505413632,451235328,513802240,,,,,,,,3.0116999987512827,,
1791467928.4504426,600068,frontend_frame,481,0,27591,92,8,396720128,505413632,451235328,513802240,,,,,,,,,,
1791467928.994879,600068,tracking_feedback_accumulate,482,,27591,,,400634880,505413632,451235328,513802240,,,,,,,,2.972300164401531,,
1791467928.9988787,600068,frontend_frame,482,0,27591,92,8,403155968,505413632,451235328,513802240,,,,,,,,,,
1791467929.528106,600068,tracking_feedback_accumulate,483,,27591,,,407234560,505413632,451235328,513802240,,,,,,,,2.96589988283813,,
1791467929.5341067,600068,frontend_frame,483,0,27591,92,8,409755648,507510784,451235328,513802240,,,,,,,,,,
1791467930.1309822,600068,tracking_feedback_accumulate,484,,27591,,,400636928,507510784,451235328,513802240,,,,,,,,2.9630998615175486,,
1791467930.1799812,600068,frontend_frame,484,0,27591,93,8,407154176,507510784,451235328,513802240,,,,,,,,,,
1791467941.3338528,600068,tracking_feedback_accumulate,485,,28002,,,411262464,528482304,455143936,528482304,,,,,,,,2.882900182157755,,
1791467941.3388522,600068,frontend_frame,485,0,28002,93,8,413884928,528482304,455143936,528482304,,,,,,,,,,
1791467941.9302053,600068,tracking_feedback_accumulate,486,,28002,,,417799680,532676608,461576704,532676608,,,,,,,,3.14110005274415,,
1791467941.936204,600068,frontend_frame,486,0,28002,93,8,407287296,532676608,461576704,532676608,,,,,,,,,,
1791467942.3809607,600068,tracking_feedback_accumulate,487,,28002,,,411283968,532676608,461576704,532676608,,,,,,,,2.8903998900204897,,
1791467942.3859613,600068,frontend_frame,487,0,28002,93,8,413903872,532676608,461576704,532676608,,,,,,,,,,
1791467942.9416637,600068,tracking_feedback_accumulate,488,,28002,,,417982464,532676608,461576704,532676608,,,,,,,,2.8423999901860952,,
1791467942.9466636,600068,frontend_frame,488,0,28002,93,8,407371264,532676608,461576704,532676608,,,,,,,,,,
1791467943.5252023,600068,tracking_feedback_accumulate,489,,28002,,,411286016,532676608,461576704,532676608,,,,,,,,2.879000036045909,,
1791467943.573408,600068,frontend_frame,489,0,28002,94,8,417902080,532676608,461576704,532676608,,,,,,,,,,
1791467954.7552724,600068,tracking_feedback_accumulate,490,,28042,,,421905408,532676608,465070080,532676608,,,,,,,,2.931700088083744,,
1791467954.7612736,600068,frontend_frame,490,0,28042,94,8,424537088,492830720,465070080,534773760,,,,,,,,,,
1791467955.3472745,600068,tracking_feedback_accumulate,491,,28042,,,415372800,534773760,465070080,534773760,,,,,,,,2.7909998316317797,,
1791467955.3532748,600068,frontend_frame,491,0,28042,94,8,418004480,534773760,465070080,534773760,,,,,,,,,,
1791467955.8929498,600068,tracking_feedback_accumulate,492,,28042,,,421919232,534773760,465070080,534773760,,,,,,,,2.975800074636936,,
1791467955.8979511,600068,frontend_frame,492,0,28042,94,8,424550912,534773760,465070080,534773760,,,,,,,,,,
1791467956.4712877,600068,tracking_feedback_accumulate,493,,28042,,,428547584,541065216,471403008,541065216,,,,,,,,2.766599878668785,,
1791467956.4772882,600068,frontend_frame,493,0,28042,94,8,417924608,541065216,471403008,541065216,,,,,,,,,,
1791467957.0366244,600068,tracking_feedback_accumulate,494,,28042,,,422003200,541065216,471403008,541065216,,,,,,,,2.8352001681923866,,
1791467957.0432174,600068,frontend_frame,494,0,28042,95,8,428631040,541065216,471403008,541065216,,,,,,,,,,
1791467968.4225645,600068,tracking_feedback_accumulate,495,,28245,,,419304448,541065216,471403008,541065216,,,,,,,,2.853799844160676,,
1791467968.4275663,600068,frontend_frame,495,0,28245,95,8,421977600,541065216,471403008,541065216,,,,,,,,,,
1791467968.952554,600068,tracking_feedback_accumulate,496,,28245,,,425974272,541065216,471403008,541065216,,,,,,,,2.8649000450968742,,
1791467968.9575565,600068,frontend_frame,496,0,28245,95,8,428646400,541065216,471403008,541065216,,,,,,,,,,
1791467969.4863994,600068,tracking_feedback_accumulate,497,,28245,,,432724992,541065216,475792384,541065216,,,,,,,,2.911499934270978,,
1791467969.4959013,600068,frontend_frame,497,0,28245,95,8,408929280,541065216,475792384,541065216,,,,,,,,,,
1791467970.0535905,600068,tracking_feedback_accumulate,498,,28245,,,412844032,541065216,475792384,541065216,,,,,,,,2.850600052624941,,
1791467970.0585911,600068,frontend_frame,498,0,28245,95,8,415516160,541065216,475792384,541065216,,,,,,,,,,
1791467970.6530404,600068,tracking_feedback_accumulate,499,,28245,,,419512832,541065216,475792384,541065216,,,,,,,,2.9919000808149576,,
1791467970.7020416,600068,frontend_frame,499,0,28245,96,8,426181120,541065216,475792384,541065216,,,,,,,,,,
1791467981.892616,600068,tracking_feedback_accumulate,500,,28344,,,410185216,541065216,475792384,541065216,,,,,,,,2.8603998944163322,,
1791467981.8986166,600068,frontend_frame,500,0,28344,96,8,412885504,505413632,475792384,541065216,,,,,,,,,,
1791467982.4944031,600068,tracking_feedback_accumulate,501,,28344,,,416964096,526385152,475792384,541065216,,,,,,,,2.8627999126911163,,
1791467982.49991,600068,frontend_frame,501,0,28344,96,8,419664384,526385152,475792384,541065216,,,,,,,,,,
1791467983.1116965,600068,tracking_feedback_accumulate,502,,28344,,,410187264,526385152,475792384,541065216,,,,,,,,2.8204999398440123,,
1791467983.1166954,600068,frontend_frame,502,0,28344,96,8,412887552,526385152,475792384,541065216,,,,,,,,,,
1791467983.7598865,600068,tracking_feedback_accumulate,503,,28344,,,416966144,526385152,475792384,541065216,,,,,,,,2.8564000967890024,,
1791467983.7648873,600068,frontend_frame,503,0,28344,96,8,419666432,526385152,475792384,541065216,,,,,,,,,,
1791467984.3893168,600068,tracking_feedback_accumulate,504,,28344,,,423581184,528482304,475792384,541065216,,,,,,,,2.8950998093932867,,
1791467984.4383175,600068,frontend_frame,504,0,28344,97,8,416885760,528482304,475792384,541065216,,,,,,,,,,
1791467995.6845667,600068,tracking_feedback_accumulate,505,,28814,,,420916224,528482304,475792384,541065216,,,,,,,,3.159299958497286,,
1791467995.690567,600068,frontend_frame,505,0,28814,97,8,423732736,528482304,475792384,541065216,,,,,,,,,,
1791467996.2666445,600068,tracking_feedback_accumulate,506,,28814,,,427811328,528482304,475792384,541065216,,,,,,,,3.0908999033272266,,
1791467996.2717395,600068,frontend_frame,506,0,28814,97,8,417119744,528482304,475792384,541065216,,,,,,,,,,
1791467996.8765404,600068,tracking_feedback_accumulate,507,,28814,,,421034496,528482304,475792384,541065216,,,,,,,,2.851300174370408,,
1791467996.88154,600068,frontend_frame,507,0,28814,97,8,423847424,528482304,475792384,541065216,,,,,,,,,,
1791467997.5343866,600068,tracking_feedback_accumulate,508,,28814,,,427926016,528482304,475792384,541065216,,,,,,,,2.842299873009324,,
1791467997.540386,600068,frontend_frame,508,0,28814,97,8,430738944,530579456,475792384,541065216,,,,,,,,,,
1791467998.1910925,600068,tracking_feedback_accumulate,509,,28814,,,421036544,530579456,475792384,541065216,,,,,,,,3.302099881693721,,
1791467998.2400928,600068,frontend_frame,509,0,28814,98,8,427845632,530579456,475792384,541065216,,,,,,,,,,
1791468009.467111,600068,tracking_feedback_accumulate,510,,29088,,,431861248,551550976,476045312,551550976,,,,,,,,2.9502001125365496,,
1791468009.472112,600068,frontend_frame,510,0,29088,98,8,434736128,509607936,476045312,551550976,,,,,,,,,,
1791468010.1304116,600068,tracking_feedback_accumulate,511,,29088,,,438814720,557842432,482962944,557842432,,,,,,,,2.805299824103713,,
1791468010.1364107,600068,frontend_frame,511,0,29088,98,8,428010496,557842432,482962944,557842432,,,,,,,,,,
1791468010.7901883,600068,tracking_feedback_accumulate,512,,29088,,,431925248,557842432,482962944,557842432,,,,,,,,2.9480999801307917,,
1791468010.7951882,600068,frontend_frame,512,0,29088,98,8,434798592,557842432,482962944,557842432,,,,,,,,,,
1791468011.3966155,600068,tracking_feedback_accumulate,513,,29088,,,438877184,557842432,483042816,557842432,,,,,,,,3.208500100299716,,
1791468011.401616,600068,frontend_frame,513,0,29088,98,8,441750528,557842432,483042816,557842432,,,,,,,,,,
1791468012.035899,600068,tracking_feedback_accumulate,514,,29088,,,425058304,557842432,483042816,557842432,,,,,,,,2.930500078946352,,
1791468012.0439003,600068,frontend_frame,514,0,29088,99,8,431927808,557842432,483042816,557842432,,,,,,,,,,
1791468023.176721,600068,tracking_feedback_accumulate,515,,29460,,,435952128,557842432,483042816,557842432,,,,,,,,2.8818000573664904,,
1791468023.1817243,600068,frontend_frame,515,0,29460,99,8,438918656,557842432,483042816,557842432,,,,,,,,,,
1791468023.7028444,600068,tracking_feedback_accumulate,516,,29460,,,429168640,557842432,483042816,557842432,,,,,,,,2.9009999707341194,,
1791468023.7088437,600068,frontend_frame,516,0,29460,99,8,432132608,557842432,483042816,557842432,,,,,,,,,,
1791468024.2022445,600068,tracking_feedback_accumulate,517,,29460,,,436047360,557842432,483042816,557842432,,,,,,,,2.9853000305593014,,
1791468024.2072427,600068,frontend_frame,517,0,29460,99,8,439011328,557842432,483042816,557842432,,,,,,,,,,
1791468024.784711,600068,tracking_feedback_accumulate,518,,29460,,,443008000,557842432,488148480,557842432,,,,,,,,3.0803000554442406,,
1791468024.789711,600068,frontend_frame,518,0,29460,99,8,432052736,557842432,488148480,557842432,,,,,,,,,,
1791468025.293227,600068,tracking_feedback_accumulate,519,,29460,,,436131328,557842432,488148480,557842432,,,,,,,,2.9429998248815536,,
1791468025.3424373,600068,frontend_frame,519,0,29460,100,8,443091456,557842432,488148480,557842432,,,,,,,,,,
1791468036.3996406,600068,tracking_feedback_accumulate,520,,29804,,,433110528,557842432,488148480,557842432,,,,,,,,2.951800124719739,,
1791468036.4066725,600068,frontend_frame,520,0,29804,100,8,436155392,526385152,488148480,557842432,,,,,,,,,,
1791468036.9090092,600068,tracking_feedback_accumulate,521,,29804,,,440152064,551550976,488148480,557842432,,,,,,,,3.0298999045044184,,
1791468036.9150095,600068,frontend_frame,521,0,29804,100,8,443194880,553648128,488148480,557842432,,,,,,,,,,
1791468037.478632,600068,tracking_feedback_accumulate,522,,29804,,,447191552,557842432,492364800,557842432,,,,,,,,3.048800164833665,,
1791468037.483634,600068,frontend_frame,522,0,29804,100,8,436157440,557842432,492364800,557842432,,,,,,,,,,
1791468037.965849,600068,tracking_feedback_accumulate,523,,29804,,,440236032,557842432,492364800,557842432,,,,,,,,2.9825998935848475,,
1791468037.9698899,600068,frontend_frame,523,0,29804,100,8,443278848,557842432,492364800,557842432,,,,,,,,,,
1791468038.6368759,600068,tracking_feedback_accumulate,524,,29804,,,447193600,557842432,492366848,557842432,,,,,,,,2.888999879360199,,
1791468038.6908755,600068,frontend_frame,524,0,29804,101,8,454232576,562036736,492366848,562036736,,,,,,,,,,
1791468049.9528444,600068,tracking_feedback_accumulate,525,,27994,,,430273024,562036736,492366848,562036736,,,,,,,,2.960499841719866,,
1791468049.9578469,600068,frontend_frame,525,0,27994,101,8,432876032,562036736,492366848,562036736,,,,,,,,,,
1791468050.3499446,600068,tracking_feedback_accumulate,526,,27994,,,436790784,562036736,492366848,562036736,,,,,,,,2.9337999876588583,,
1791468050.3539443,600068,frontend_frame,526,0,27994,101,8,439408640,562036736,492366848,562036736,,,,,,,,,,
1791468050.784162,600068,tracking_feedback_accumulate,527,,27994,,,430178304,562036736,492366848,562036736,,,,,,,,2.883800072595477,,
1791468050.7891655,600068,frontend_frame,527,0,27994,101,8,432796160,562036736,492366848,562036736,,,,,,,,,,
1791468051.2762907,600068,tracking_feedback_accumulate,528,,27994,,,436792832,562036736,492366848,562036736,,,,,,,,2.9629000928252935,,
1791468051.2802901,600068,frontend_frame,528,0,27994,101,8,439410688,562036736,492366848,562036736,,,,,,,,,,
1791468051.7341878,600068,tracking_feedback_accumulate,529,,27994,,,443489280,562036736,492366848,562036736,,,,,,,,2.9877000488340855,,
1791468051.7842095,600068,frontend_frame,529,0,27994,102,8,436876288,562036736,492366848,562036736,,,,,,,,,,
1791468062.9053109,600068,tracking_feedback_accumulate,530,,27101,,,440735232,562036736,492366848,562036736,,,,,,,,2.88309995085001,,
1791468062.9113116,600068,frontend_frame,530,0,27101,102,8,443133952,526385152,492366848,562036736,,,,,,,,,,
1791468063.354664,600068,tracking_feedback_accumulate,531,,27101,,,447130624,549453824,492366848,562036736,,,,,,,,2.9392000287771225,,
1791468063.3606634,600068,frontend_frame,531,0,27101,102,8,436521472,549453824,492366848,562036736,,,,,,,,,,
1791468063.8510182,600068,tracking_feedback_accumulate,532,,27101,,,440600064,549453824,492366848,562036736,,,,,,,,2.9506999999284744,,
1791468063.8550189,600068,frontend_frame,532,0,27101,102,8,443006464,549453824,492366848,562036736,,,,,,,,,,
1791468064.2680397,600068,tracking_feedback_accumulate,533,,27101,,,446921216,549453824,492366848,562036736,,,,,,,,2.9968000017106533,,
1791468064.2720401,600068,frontend_frame,533,0,27101,102,8,449327616,551550976,492366848,562036736,,,,,,,,,,
1791468064.6913397,600068,tracking_feedback_accumulate,534,,27101,,,440520192,551550976,492366848,562036736,,,,,,,,2.9322998598217964,,
1791468064.7408478,600068,frontend_frame,534,0,27101,103,8,446922752,551550976,492366848,562036736,,,,,,,,,,
1791468075.754918,600068,tracking_feedback_accumulate,535,,27185,,,450928640,572522496,497070592,572522496,,,,,,,,2.7431000489741564,,
1791468075.758919,600068,frontend_frame,535,0,27185,103,8,453357056,572522496,497070592,572522496,,,,,,,,,,
1791468076.1402154,600068,tracking_feedback_accumulate,536,,27185,,,457435648,576716800,503503360,576716800,,,,,,,,3.013799898326397,,
1791468076.1457202,600068,frontend_frame,536,0,27185,103,8,447037952,576716800,503503360,576716800,,,,,,,,,,
1791468076.641429,600068,tracking_feedback_accumulate,537,,27185,,,450952704,576716800,503503360,576716800,,,,,,,,2.9877000488340855,,
1791468076.6459348,600068,frontend_frame,537,0,27185,103,8,453381120,576716800,503503360,576716800,,,,,,,,,,
1791468077.090923,600068,tracking_feedback_accumulate,538,,27185,,,457459712,578813952,503527424,578813952,,,,,,,,3.0210998374968767,,
1791468077.0959215,600068,frontend_frame,538,0,27185,103,8,459888128,580911104,503527424,580911104,,,,,,,,,,
1791468077.583239,600068,tracking_feedback_accumulate,539,,27185,,,444530688,580911104,503527424,580911104,,,,,,,,3.202900057658553,,
1791468077.5892398,600068,frontend_frame,539,0,27185,103,8,446959616,580911104,503527424,580911104,,,,,,,,,,
1791468078.0116851,600068,tracking_feedback_accumulate,540,,27185,,,451038208,580911104,503527424,580911104,,,,,,,,2.987500047311187,,
1791468078.0607867,600068,frontend_frame,540,0,27185,104,8,457462272,580911104,503527424,580911104,,,,,,,,,,
1791468089.120005,600068,tracking_feedback_accumulate,541,,27314,,,448539648,580911104,503527424,580911104,,,,,,,,3.150900127366185,,
1791468089.127006,600068,frontend_frame,541,0,27314,104,8,450998784,580911104,503527424,580911104,,,,,,,,,,
1791468089.5237193,600068,tracking_feedback_accumulate,542,,27314,,,454995456,580911104,503527424,580911104,,,,,,,,2.888800110667944,,
1791468089.5297198,600068,frontend_frame,542,0,27314,104,8,457454080,580911104,503527424,580911104,,,,,,,,,,
1791468089.906853,600068,tracking_feedback_accumulate,543,,27314,,,461450752,580911104,507612672,580911104,,,,,,,,3.490900155156851,,
1791468089.9128525,600068,frontend_frame,543,0,27314,104,8,451000832,580911104,507612672,580911104,,,,,,,,,,
1791468090.233789,600068,tracking_feedback_accumulate,544,,27314,,,455079424,580911104,507612672,580911104,,,,,,,,2.8403999749571085,,
1791468090.2387881,600068,frontend_frame,544,0,27314,104,8,457538048,580911104,507612672,580911104,,,,,,,,,,
1791468090.5957148,600068,tracking_feedback_accumulate,545,,27314,,,461452800,580911104,507614720,580911104,,,,,,,,2.9529999010264874,,
1791468090.600714,600068,frontend_frame,545,0,27314,104,8,463911936,580911104,507614720,580911104,,,,,,,,,,
1791468090.9876087,600068,tracking_feedback_accumulate,546,,27314,,,448545792,580911104,507614720,580911104,,,,,,,,2.9139001853764057,,
1791468090.9926085,600068,frontend_frame,546,0,27314,104,8,451004416,580911104,507614720,580911104,,,,,,,,,,
1791468091.4211452,600068,tracking_feedback_accumulate,547,,27314,,,455083008,580911104,507614720,580911104,,,,,,,,2.867500064894557,,
1791468091.4696524,600068,frontend_frame,547,0,27314,105,8,461537280,580911104,507614720,580911104,,,,,,,,,,
1791468102.6816008,600068,tracking_feedback_accumulate,548,,27816,,,452577280,580911104,507614720,580911104,,,,,,,,2.8876999858766794,,
1791468102.6866002,600068,frontend_frame,548,0,27816,105,8,455154176,580911104,507614720,580911104,,,,,,,,,,
1791468103.1084378,600068,tracking_feedback_accumulate,549,,27816,,,459232768,580911104,507614720,580911104,,,,,,,,2.9082000255584717,,
1791468103.1126964,600068,frontend_frame,549,0,27816,105,8,461806080,580911104,507614720,580911104,,,,,,,,,,
1791468103.5699432,600068,tracking_feedback_accumulate,550,,27816,,,465720832,580911104,511929344,580911104,,,,,,,,2.968700136989355,,
1791468103.5784507,600068,frontend_frame,550,0,27816,105,8,448754176,530579456,511929344,580911104,,,,,,,,,,
1791468104.0578039,600068,tracking_feedback_accumulate,551,,27816,,,452750848,572522496,511929344,580911104,,,,,,,,2.914999844506383,,
1791468104.062805,600068,frontend_frame,551,0,27816,105,8,455324160,572522496,511929344,580911104,,,,,,,,,,
1791468104.466603,600068,tracking_feedback_accumulate,552,,27816,,,459402752,574619648,511929344,580911104,,,,,,,,2.934700110927224,,
1791468104.4716167,600068,frontend_frame,552,0,27816,105,8,461976576,576716800,511929344,580911104,,,,,,,,,,
1791468104.925647,600068,tracking_feedback_accumulate,553,,27816,,,446184448,576716800,511929344,580911104,,,,,,,,3.0162001494318247,,
1791468104.9306488,600068,frontend_frame,553,0,27816,105,8,448757760,576716800,511929344,580911104,,,,,,,,,,
1791468105.35808,600068,tracking_feedback_accumulate,554,,27816,,,452754432,576716800,511929344,580911104,,,,,,,,2.934300107881427,,
1791468105.3620794,600068,frontend_frame,554,0,27816,105,8,455327744,576716800,511929344,580911104,,,,,,,,,,
1791468105.8648186,600068,tracking_feedback_accumulate,555,,27816,,,459324416,576716800,511929344,580911104,,,,,,,,2.9127001762390137,,
1791468105.8703241,600068,frontend_frame,555,0,27816,105,8,448759808,576716800,511929344,580911104,,,,,,,,,,
1791468106.378533,600068,tracking_feedback_accumulate,556,,27816,,,452838400,576716800,511929344,580911104,,,,,,,,2.933699870482087,,
1791468106.38396,600068,frontend_frame,556,0,27816,105,8,455411712,576716800,511929344,580911104,,,,,,,,,,
1791468106.8675132,600068,tracking_feedback_accumulate,557,,27816,,,459326464,576716800,511929344,580911104,,,,,,,,3.0578000005334616,,
1791468106.9180195,600068,frontend_frame,557,0,27816,106,8,452757504,576716800,511929344,580911104,,,,,,,,,,
1791468118.1450105,600068,tracking_feedback_accumulate,558,,28215,,,456865792,576716800,511929344,580911104,,,,,,,,2.947899978607893,,
1791468118.1500099,600068,frontend_frame,558,0,28215,106,8,459538432,576716800,511929344,580911104,,,,,,,,,,
1791468118.5549583,600068,tracking_feedback_accumulate,559,,28215,,,463453184,576716800,511929344,580911104,,,,,,,,2.956399926915765,,
1791468118.5609577,600068,frontend_frame,559,0,28215,106,8,466123264,576716800,511929344,580911104,,,,,,,,,,
1791468119.0739355,600068,tracking_feedback_accumulate,560,,28215,,,456870400,576716800,511929344,580911104,,,,,,,,3.041400108486414,,
1791468119.0789359,600068,frontend_frame,560,0,28215,106,8,459540480,549453824,511929344,580911104,,,,,,,,,,
1791468119.6745377,600068,tracking_feedback_accumulate,561,,28215,,,463455232,574619648,511929344,580911104,,,,,,,,2.858799882233143,,
1791468119.6795378,600068,frontend_frame,561,0,28215,106,8,466125312,576716800,511929344,580911104,,,,,,,,,,
1791468120.1349943,600068,tracking_feedback_accumulate,562,,28215,,,470203904,580911104,516370944,580911104,,,,,,,,2.9695997945964336,,
1791468120.1409943,600068,frontend_frame,562,0,28215,106,8,459543040,580911104,516370944,580911104,,,,,,,,,,
1791468120.564163,600068,tracking_feedback_accumulate,563,,28215,,,463457792,580911104,516370944,580911104,,,,,,,,2.9660998843610287,,
1791468120.569168,600068,frontend_frame,563,0,28215,106,8,466127872,580911104,516370944,580911104,,,,,,,,,,
1791468121.026758,600068,tracking_feedback_accumulate,564,,28215,,,470206464,580911104,516373504,580911104,,,,,,,,2.804199932143092,,
1791468121.0332634,600068,frontend_frame,564,0,28215,106,8,472876544,583008256,516373504,583008256,,,,,,,,,,
1791468121.4071436,600068,tracking_feedback_accumulate,565,,28215,,,456794112,583008256,516373504,583008256,,,,,,,,2.8892001137137413,,
1791468121.4121459,600068,frontend_frame,565,0,28215,106,8,459464192,583008256,516373504,583008256,,,,,,,,,,
1791468121.9209464,600068,tracking_feedback_accumulate,566,,28215,,,463542784,583008256,516373504,583008256,,,,,,,,2.9808999970555305,,
1791468121.9249456,600068,frontend_frame,566,0,28215,106,8,466212864,583008256,516373504,583008256,,,,,,,,,,
1791468122.2808282,600068,tracking_feedback_accumulate,567,,28215,,,470127616,583008256,516376576,583008256,,,,,,,,3.00180003978312,,
1791468122.3303328,600068,frontend_frame,567,0,28215,107,8,463461888,583008256,516376576,583008256,,,,,,,,,,
1791468133.5001047,600068,tracking_feedback_accumulate,568,,28589,,,467485696,583008256,516376576,583008256,,,,,,,,2.9301000759005547,,
1791468133.5046635,600068,frontend_frame,568,0,28589,107,8,470248960,583008256,516376576,583008256,,,,,,,,,,
1791468133.8385046,600068,tracking_feedback_accumulate,569,,28589,,,474245632,583008256,520101888,583008256,,,,,,,,3.014100017026067,,
1791468133.8445036,600068,frontend_frame,569,0,28589,107,8,463584256,583008256,520101888,583008256,,,,,,,,,,
1791468134.2699084,600068,tracking_feedback_accumulate,570,,28589,,,467662848,583008256,520101888,583008256,,,,,,,,2.9408999253064394,,
1791468134.2749088,600068,frontend_frame,570,0,28589,107,8,470423552,555745280,520101888,583008256,,,,,,,,,,
1791468134.6684318,600068,tracking_feedback_accumulate,571,,28589,,,474338304,583008256,520203776,583008256,,,,,,,,2.9784999787807465,,
1791468134.6734326,600068,frontend_frame,571,0,28589,107,8,477099008,583008256,520203776,583008256,,,,,,,,,,
1791468135.1639664,600068,tracking_feedback_accumulate,572,,28589,,,460908544,583008256,520203776,583008256,,,,,,,,2.8937000315636396,,
1791468135.1679664,600068,frontend_frame,572,0,28589,107,8,463669760,583008256,520203776,583008256,,,,,,,,,,
1791468135.6261675,600068,tracking_feedback_accumulate,573,,28589,,,467584512,583008256,520203776,583008256,,,,,,,,2.9655001126229763,,
1791468135.6311667,600068,frontend_frame,573,0,28589,107,8,470345216,583008256,520203776,583008256,,,,,,,,,,
1791468136.0766165,600068,tracking_feedback_accumulate,574,,28589,,,474341888,583008256,520239616,583008256,,,,,,,,2.8448000084608793,,
1791468136.08262,600068,frontend_frame,574,0,28589,107,8,463589888,583008256,520239616,583008256,,,,,,,,,,
1791468136.3948379,600068,tracking_feedback_accumulate,575,,28589,,,467668480,583008256,520239616,583008256,,,,,,,,2.929599955677986,,
1791468136.3994453,600068,frontend_frame,575,0,28589,107,8,470429184,583008256,520239616,583008256,,,,,,,,,,
1791468136.81517,600068,tracking_feedback_accumulate,576,,28589,,,474343936,583008256,520291840,583008256,,,,,,,,3.2369999680668116,,
1791468136.8201692,600068,frontend_frame,576,0,28589,107,8,477104640,583008256,520291840,583008256,,,,,,,,,,
1791468137.1786916,600068,tracking_feedback_accumulate,577,,28589,,,460914176,583008256,520291840,583008256,,,,,,,,2.9611000791192055,,
1791468137.1826952,600068,frontend_frame,577,0,28589,107,8,463674880,583008256,520291840,583008256,,,,,,,,,,
1791468137.5581102,600068,tracking_feedback_accumulate,578,,28589,,,467589632,583008256,520291840,583008256,,,,,,,,2.9420999344438314,,
1791468137.6092184,600068,frontend_frame,578,0,28589,108,8,474345984,583008256,520291840,583008256,,,,,,,,,,
1791468148.7286425,600068,tracking_feedback_accumulate,579,,29694,,,458332160,603979776,520291840,603979776,,,,,,,,2.9301000759005547,,
1791468148.7336428,600068,frontend_frame,579,0,29694,108,8,461352960,603979776,520291840,603979776,,,,,,,,,,
1791468149.182223,600068,tracking_feedback_accumulate,580,,29694,,,465349632,603979776,520291840,603979776,,,,,,,,3.086599987000227,,
1791468149.1882243,600068,frontend_frame,580,0,29694,108,8,468362240,549453824,520291840,603979776,,,,,,,,,,
1791468149.466689,600068,tracking_feedback_accumulate,581,,29694,,,472440832,597688320,520291840,603979776,,,,,,,,2.9100000392645597,,
1791468149.4726884,600068,frontend_frame,581,0,29694,108,8,461436928,597688320,520291840,603979776,,,,,,,,,,
1791468149.8592978,600068,tracking_feedback_accumulate,582,,29694,,,465351680,597688320,520291840,603979776,,,,,,,,3.011499997228384,,
1791468149.8642986,600068,frontend_frame,582,0,29694,108,8,468364288,597688320,520291840,603979776,,,,,,,,,,
1791468150.2759416,600068,tracking_feedback_accumulate,583,,29694,,,472442880,597688320,520291840,603979776,,,,,,,,3.0561001040041447,,
1791468150.2839425,600068,frontend_frame,583,0,29694,108,8,475456000,599785472,520291840,603979776,,,,,,,,,,
1791468150.729635,600068,tracking_feedback_accumulate,584,,29694,,,458345984,599785472,520291840,603979776,,,,,,,,2.894800156354904,,
1791468150.7346337,600068,frontend_frame,584,0,29694,108,8,461358592,599785472,520291840,603979776,,,,,,,,,,
1791468151.0462098,600068,tracking_feedback_accumulate,585,,29694,,,465355264,599785472,520291840,603979776,,,,,,,,2.938800025731325,,
1791468151.0502093,600068,frontend_frame,585,0,29694,108,8,468367872,599785472,520291840,603979776,,,,,,,,,,
1791468151.1627154,600068,tracking_feedback_accumulate,586,,29694,,,472446464,599785472,520291840,603979776,,,,,,,,2.9368000105023384,,
1791468151.1677175,600068,frontend_frame,586,0,29694,108,8,461442560,599785472,520291840,603979776,,,,,,,,,,
1791468151.5216243,600068,tracking_feedback_accumulate,587,,29694,,,465357312,599785472,520291840,603979776,,,,,,,,2.9366998933255672,,
1791468151.5266232,600068,frontend_frame,587,0,29694,108,8,468369920,599785472,520291840,603979776,,,,,,,,,,
1791468151.913808,600068,tracking_feedback_accumulate,588,,29694,,,472448512,599785472,520291840,603979776,,,,,,,,2.930799964815378,,
1791468151.9178078,600068,frontend_frame,588,0,29694,108,8,475461120,599785472,520291840,603979776,,,,,,,,,,
1791468152.2905025,600068,tracking_feedback_accumulate,589,,29694,,,458351104,599785472,520291840,603979776,,,,,,,,2.9515998903661966,,
1791468152.2945051,600068,frontend_frame,589,0,29694,108,8,461363712,599785472,520291840,603979776,,,,,,,,,,
1791468152.6495264,600068,tracking_feedback_accumulate,590,,29694,,,465442304,599785472,520291840,603979776,,,,,,,,3.009699983522296,,
1791468152.6545262,600068,frontend_frame,590,0,29694,108,8,468454912,549453824,520291840,603979776,,,,,,,,,,
1791468153.0196106,600068,tracking_feedback_accumulate,591,,29694,,,472369664,597688320,520291840,603979776,,,,,,,,2.9889000579714775,,
1791468153.0256102,600068,frontend_frame,591,0,29694,108,8,461365760,597688320,520291840,603979776,,,,,,,,,,
1791468153.0256102,600068,frontend_complete,592,0,29694,108,8,461365760,597688320,520291840,603979776,,,,,,,,,,
