time_wall_s,pid,event,frame_idx,mapping_iteration,gaussian_count,retained_keyframes,window_keyframes,cuda_allocated_bytes,cuda_reserved_bytes,cuda_peak_allocated_bytes,cuda_peak_reserved_bytes,mapping_enqueue_ms,count_before,count_after,attempted_growth,admitted_growth,rejected_growth,protected_rows,policy_wall_ms,row_ceiling,row_violation
1791418483.484091,556796,tracking_feedback_accumulate,1,,21793,,,24244224,69206016,62226432,69206016,,,,,,,,291.2274000700563,,
1791418483.4951599,556796,frontend_frame,1,0,21793,1,1,25573888,73400320,62226432,73400320,,,,,,,,,,
1791418484.119083,556796,tracking_feedback_accumulate,2,,21793,,,29406720,98566144,74867712,98566144,,,,,,,,3.5176000092178583,,
1791418484.124112,556796,frontend_frame,2,0,21793,1,1,30560256,98566144,74867712,98566144,,,,,,,,,,
1791418484.5389779,556796,tracking_feedback_accumulate,3,,21793,,,34720768,102760448,80017920,102760448,,,,,,,,3.1081000342965126,,
1791418484.5444822,556796,frontend_frame,3,0,21793,1,1,35874304,104857600,80017920,104857600,,,,,,,,,,
1791418485.0242593,556796,tracking_feedback_accumulate,4,,21793,,,34557952,104857600,80018944,104857600,,,,,,,,3.0563001055270433,,
1791418485.02967,556796,frontend_frame,4,0,21793,1,1,35711488,104857600,80018944,104857600,,,,,,,,,,
1791418485.539337,556796,tracking_feedback_accumulate,5,,21793,,,39708160,109051904,85169152,109051904,,,,,,,,3.0648999381810427,,
1791418485.5440006,556796,frontend_frame,5,0,21793,1,1,40862208,111149056,85169152,111149056,,,,,,,,,,
1791418486.0658243,556796,tracking_feedback_accumulate,6,,21793,,,34724352,111149056,85169152,111149056,,,,,,,,3.1661998946219683,,
1791418486.0718546,556796,frontend_frame,6,0,21793,2,2,39873536,111149056,85169152,111149056,,,,,,,,,,
1791418489.062392,556796,tracking_feedback_accumulate,7,,10651,,,42985984,111149056,85169152,111149056,,,,,,,,2.879000036045909,,
1791418489.0689,556796,frontend_frame,7,0,10651,2,2,25972224,111149056,85169152,111149056,,,,,,,,,,
1791418489.551679,556796,tracking_feedback_accumulate,8,,10651,,,29968896,111149056,85169152,111149056,,,,,,,,2.781899878755212,,
1791418489.55718,556796,frontend_frame,8,0,10651,2,2,28492288,111149056,85169152,111149056,,,,,,,,,,
1791418490.0322964,556796,tracking_feedback_accumulate,9,,10651,,,32652800,111149056,85169152,111149056,,,,,,,,2.8677000664174557,,
1791418490.0372956,556796,frontend_frame,9,0,10651,2,2,26138112,111149056,85169152,111149056,,,,,,,,,,
1791418490.6240776,556796,tracking_feedback_accumulate,10,,10651,,,29970944,111149056,85169152,111149056,,,,,,,,2.807399956509471,,
1791418490.6311462,556796,frontend_frame,10,0,10651,2,2,28494336,56623104,85169152,111149056,,,,,,,,,,
1791418491.226529,556796,tracking_feedback_accumulate,11,,10651,,,32491008,98566144,85169152,111149056,,,,,,,,3.5609998740255833,,
1791418491.231528,556796,frontend_frame,11,0,10651,2,2,25976832,98566144,85169152,111149056,,,,,,,,,,
1791418491.7250853,556796,tracking_feedback_accumulate,12,,10651,,,30055424,98566144,85169152,111149056,,,,,,,,3.2281000167131424,,
1791418491.7310846,556796,frontend_frame,12,0,10651,3,3,32574464,98566144,85169152,111149056,,,,,,,,,,
1791418495.8373947,556796,tracking_feedback_accumulate,13,,10754,,,36746240,98566144,85169152,111149056,,,,,,,,2.8568999841809273,,
1791418495.8423972,556796,frontend_frame,13,0,10754,3,3,30098432,98566144,85169152,111149056,,,,,,,,,,
1791418496.3595536,556796,tracking_feedback_accumulate,14,,10754,,,34095104,98566144,85169152,111149056,,,,,,,,2.9995001386851072,,
1791418496.3646123,556796,frontend_frame,14,0,10754,3,3,32648704,98566144,85169152,111149056,,,,,,,,,,
1791418496.9322276,556796,tracking_feedback_accumulate,15,,10754,,,36809216,98566144,85169152,111149056,,,,,,,,3.4130001440644264,,
1791418496.9374316,556796,frontend_frame,15,0,10754,3,3,30264320,98566144,85169152,111149056,,,,,,,,,,
1791418497.568555,556796,tracking_feedback_accumulate,16,,10754,,,34097152,98566144,85169152,111149056,,,,,,,,3.0655001755803823,,
1791418497.572556,556796,frontend_frame,16,0,10754,3,3,32650752,98566144,85169152,111149056,,,,,,,,,,
1791418498.1165261,556796,tracking_feedback_accumulate,17,,10754,,,36647424,98566144,85169152,111149056,,,,,,,,2.9954002238810062,,
1791418498.1236231,556796,frontend_frame,17,0,10754,4,4,34098688,98566144,85169152,111149056,,,,,,,,,,
1791418503.1627438,556796,tracking_feedback_accumulate,18,,11319,,,38133248,98566144,85169152,111149056,,,,,,,,2.804199932143092,,
1791418503.1672454,556796,frontend_frame,18,0,11319,4,4,36819456,98566144,85169152,111149056,,,,,,,,,,
1791418503.7451835,556796,tracking_feedback_accumulate,19,,11319,,,40979968,98566144,85169152,111149056,,,,,,,,3.0492001678794622,,
1791418503.7501864,556796,frontend_frame,19,0,11319,4,4,36984320,98566144,85169152,111149056,,,,,,,,,,
1791418504.1641054,556796,tracking_feedback_accumulate,20,,11319,,,40817152,98566144,85169152,111149056,,,,,,,,2.7622999623417854,,
1791418504.169106,556796,frontend_frame,20,0,11319,4,4,39499776,77594624,85169152,111149056,,,,,,,,,,
1791418504.6367424,556796,tracking_feedback_accumulate,21,,11319,,,43496448,100663296,85169152,111149056,,,,,,,,2.820999827235937,,
1791418504.6407423,556796,frontend_frame,21,0,11319,4,4,42179072,100663296,85169152,111149056,,,,,,,,,,
1791418505.1633203,556796,tracking_feedback_accumulate,22,,11319,,,40819200,100663296,85169152,111149056,,,,,,,,2.921199891716242,,
1791418505.1703207,556796,frontend_frame,22,0,11319,5,5,43497984,100663296,85169152,111149056,,,,,,,,,,
1791418511.368671,556796,tracking_feedback_accumulate,23,,12368,,,39657984,100663296,85169152,111149056,,,,,,,,2.823099959641695,,
1791418511.3736732,556796,frontend_frame,23,0,12368,5,5,38592512,100663296,85169152,111149056,,,,,,,,,,
1791418511.9376626,556796,tracking_feedback_accumulate,24,,12368,,,42753024,100663296,85169152,111149056,,,,,,,,2.8093999717384577,,
1791418511.9416628,556796,frontend_frame,24,0,12368,5,5,41679360,100663296,85169152,111149056,,,,,,,,,,
1791418512.4803188,556796,tracking_feedback_accumulate,25,,12368,,,39668224,100663296,85169152,111149056,,,,,,,,3.0618999153375626,,
1791418512.4843602,556796,frontend_frame,25,0,12368,5,5,38594560,100663296,85169152,111149056,,,,,,,,,,
1791418512.9578195,556796,tracking_feedback_accumulate,26,,12368,,,42591232,100663296,85169152,111149056,,,,,,,,2.7891001664102077,,
1791418512.9618642,556796,frontend_frame,26,0,12368,5,5,41517568,100663296,85169152,111149056,,,,,,,,,,
1791418513.478874,556796,tracking_feedback_accumulate,27,,12368,,,39834112,100663296,85169152,111149056,,,,,,,,3.090400015935302,,
1791418513.4848742,556796,frontend_frame,27,0,12368,6,6,42756608,100663296,85169152,111149056,,,,,,,,,,
1791418520.461964,556796,tracking_feedback_accumulate,28,,13488,,,46666752,100663296,85169152,111149056,,,,,,,,2.8635000344365835,,
1791418520.4659636,556796,frontend_frame,28,0,13488,6,6,45871104,100663296,85169152,111149056,,,,,,,,,,
1791418520.9183774,556796,tracking_feedback_accumulate,29,,13488,,,43917824,100663296,88274944,111149056,,,,,,,,2.8331999201327562,,
1791418520.9228835,556796,frontend_frame,29,0,13488,6,6,43113984,100663296,88274944,111149056,,,,,,,,,,
1791418521.4574816,556796,tracking_feedback_accumulate,30,,13488,,,46946816,100663296,88274944,111149056,,,,,,,,3.087499877437949,,
1791418521.4629877,556796,frontend_frame,30,0,13488,6,6,46142976,56623104,88274944,111149056,,,,,,,,,,
1791418521.9357939,556796,tracking_feedback_accumulate,31,,13488,,,50303488,98566144,88274944,111149056,,,,,,,,2.7793999761343002,,
1791418521.9407947,556796,frontend_frame,31,0,13488,6,6,43116032,98566144,88274944,111149056,,,,,,,,,,
1791418522.350646,556796,tracking_feedback_accumulate,32,,13488,,,46948864,98566144,88274944,111149056,,,,,,,,2.7662001084536314,,
1791418522.358738,556796,frontend_frame,32,0,13488,7,7,50141184,98566144,88274944,111149056,,,,,,,,,,
1791418530.1794517,556796,tracking_feedback_accumulate,33,,15058,,,54404096,98566144,92670464,111149056,,,,,,,,2.8751001227647066,,
1791418530.1854591,556796,frontend_frame,33,0,15058,7,7,47593472,98566144,92670464,111149056,,,,,,,,,,
1791418530.637867,556796,tracking_feedback_accumulate,34,,15058,,,51426304,98566144,92670464,111149056,,,,,,,,2.810999983921647,,
1791418530.6428695,556796,frontend_frame,34,0,15058,7,7,50987008,98566144,92670464,111149056,,,,,,,,,,
1791418531.1411848,556796,tracking_feedback_accumulate,35,,15058,,,55147520,100663296,93503488,111149056,,,,,,,,2.790899947285652,,
1791418531.1461856,556796,frontend_frame,35,0,15058,7,7,54708224,100663296,93503488,111149056,,,,,,,,,,
1791418531.6104267,556796,tracking_feedback_accumulate,36,,15058,,,47872000,100663296,93503488,111149056,,,,,,,,2.7203999925404787,,
1791418531.6144297,556796,frontend_frame,36,0,15058,7,7,47432704,100663296,93503488,111149056,,,,,,,,,,
1791418531.976058,556796,tracking_feedback_accumulate,37,,15058,,,51511296,100663296,93503488,111149056,,,,,,,,2.76040006428957,,
1791418531.9855645,556796,frontend_frame,37,0,15058,8,7,55068160,100663296,93503488,111149056,,,,,,,,,,
1791418540.7898595,556796,tracking_feedback_accumulate,38,,16647,,,51978752,121634816,93503488,121634816,,,,,,,,2.727299928665161,,
1791418540.7958598,556796,frontend_frame,38,0,16647,8,7,51934208,121634816,93503488,121634816,,,,,,,,,,
1791418541.297493,556796,tracking_feedback_accumulate,39,,16647,,,56094720,121634816,94838784,121634816,,,,,,,,2.8599000070244074,,
1791418541.301493,556796,frontend_frame,39,0,16647,8,7,56037888,121634816,94838784,121634816,,,,,,,,,,
1791418541.7547894,556796,tracking_feedback_accumulate,40,,16647,,,59952640,123731968,98778624,123731968,,,,,,,,3.141300054267049,,
1791418541.7609768,556796,frontend_frame,40,0,16647,8,7,52018176,79691776,98778624,123731968,,,,,,,,,,
1791418542.179662,556796,tracking_feedback_accumulate,41,,16647,,,56096768,121634816,98778624,123731968,,,,,,,,3.2367000821977854,,
1791418542.183662,556796,frontend_frame,41,0,16647,8,7,56039936,121634816,98778624,123731968,,,,,,,,,,
1791418542.7685854,556796,tracking_feedback_accumulate,42,,16647,,,59872768,123731968,98778624,123731968,,,,,,,,3.1765999738126993,,
1791418542.7760937,556796,frontend_frame,42,0,16647,9,7,63812096,123731968,98778624,123731968,,,,,,,,,,
1791418552.4274018,556796,tracking_feedback_accumulate,43,,15587,,,56006144,123731968,98778624,123731968,,,,,,,,2.861199900507927,,
1791418552.4319072,556796,frontend_frame,43,0,15587,9,7,55686656,123731968,98778624,123731968,,,,,,,,,,
1791418552.8276942,556796,tracking_feedback_accumulate,44,,15587,,,59601408,123731968,98778624,123731968,,,,,,,,3.274699905887246,,
1791418552.833745,556796,frontend_frame,44,0,15587,9,7,59291136,123731968,98778624,123731968,,,,,,,,,,
1791418553.243504,556796,tracking_feedback_accumulate,45,,15587,,,55998976,123731968,98778624,123731968,,,,,,,,2.8530999552458525,,
1791418553.2485058,556796,frontend_frame,45,0,15587,9,7,55688704,123731968,98778624,123731968,,,,,,,,,,
1791418553.653719,556796,tracking_feedback_accumulate,46,,15587,,,59767296,123731968,98778624,123731968,,,,,,,,2.832300029695034,,
1791418553.6587193,556796,frontend_frame,46,0,15587,9,7,59457024,123731968,98778624,123731968,,,,,,,,,,
1791418554.1006892,556796,tracking_feedback_accumulate,47,,15587,,,63289856,123731968,102005760,123731968,,,,,,,,2.9165998566895723,,
1791418554.105689,556796,frontend_frame,47,0,15587,9,7,55609344,123731968,102005760,123731968,,,,,,,,,,
1791418554.612088,556796,tracking_feedback_accumulate,48,,15587,,,59769856,123731968,102005760,123731968,,,,,,,,3.089600009843707,,
1791418554.6190877,556796,frontend_frame,48,0,15587,10,7,63455232,123731968,102005760,123731968,,,,,,,,,,
1791418564.2674718,556796,tracking_feedback_accumulate,49,,16878,,,67455488,123731968,106138624,123731968,,,,,,,,2.8842000756412745,,
1791418564.2724707,556796,frontend_frame,49,0,16878,10,7,67457024,123731968,106138624,123731968,,,,,,,,,,
1791418564.6651328,556796,tracking_feedback_accumulate,50,,16878,,,60177408,123731968,106138624,123731968,,,,,,,,2.849400043487549,,
1791418564.6701336,556796,frontend_frame,50,0,16878,10,7,60169216,98566144,106138624,123731968,,,,,,,,,,
1791418565.1071317,556796,tracking_feedback_accumulate,51,,16878,,,64002048,119537664,106138624,123731968,,,,,,,,2.9404000379145145,,
1791418565.1126392,556796,frontend_frame,51,0,16878,10,7,63993856,121634816,106138624,123731968,,,,,,,,,,
1791418565.552011,556796,tracking_feedback_accumulate,52,,16878,,,68154368,123731968,106830336,123731968,,,,,,,,2.9211000073701143,,
1791418565.5570095,556796,frontend_frame,52,0,16878,10,7,60171264,123731968,106830336,123731968,,,,,,,,,,
1791418566.055719,556796,tracking_feedback_accumulate,53,,16878,,,64086016,123731968,106830336,123731968,,,,,,,,3.5087999422103167,,
1791418566.0622225,556796,frontend_frame,53,0,16878,11,7,68073984,123731968,106830336,123731968,,,,,,,,,,
1791418575.6525385,556796,tracking_feedback_accumulate,54,,18129,,,72072704,123731968,111104512,123731968,,,,,,,,2.7920000720769167,,
1791418575.657539,556796,frontend_frame,54,0,18129,11,7,64393216,123731968,111104512,123731968,,,,,,,,,,
1791418576.060271,556796,tracking_feedback_accumulate,55,,18129,,,68553728,123731968,111104512,123731968,,,,,,,,3.2011999282985926,,
1791418576.0658,556796,frontend_frame,55,0,18129,11,7,68839424,123731968,111104512,123731968,,,,,,,,,,
1791418576.5075538,556796,tracking_feedback_accumulate,56,,18129,,,72672256,125829120,111756800,125829120,,,,,,,,2.874300116673112,,
1791418576.5125551,556796,frontend_frame,56,0,18129,11,7,72957952,125829120,111756800,125829120,,,,,,,,,,
1791418576.9281707,556796,tracking_feedback_accumulate,57,,18129,,,64274432,125829120,111756800,125829120,,,,,,,,2.893999917432666,,
1791418576.9341698,556796,frontend_frame,57,0,18129,11,7,64560128,125829120,111756800,125829120,,,,,,,,,,
1791418577.4325423,556796,tracking_feedback_accumulate,58,,18129,,,68474880,125829120,111756800,125829120,,,,,,,,2.687700092792511,,
1791418577.4402158,556796,frontend_frame,58,0,18129,12,7,72756736,125829120,111756800,125829120,,,,,,,,,,
1791418587.185959,556796,tracking_feedback_accumulate,59,,19400,,,68194304,125829120,111756800,125829120,,,,,,,,2.7758998330682516,,
1791418587.1909592,556796,frontend_frame,59,0,19400,12,7,68791808,125829120,111756800,125829120,,,,,,,,,,
1791418587.6937582,556796,tracking_feedback_accumulate,60,,19400,,,72952320,125829120,113427456,125829120,,,,,,,,2.775500062853098,,
1791418587.6982658,556796,frontend_frame,60,0,19400,12,7,73540096,100663296,113427456,125829120,,,,,,,,,,
1791418588.2062645,556796,tracking_feedback_accumulate,61,,19400,,,77372928,125829120,118831616,125829120,,,,,,,,2.756000030785799,,
1791418588.2118318,556796,frontend_frame,61,0,19400,12,7,68793856,125829120,118831616,125829120,,,,,,,,,,
1791418588.6851826,556796,tracking_feedback_accumulate,62,,19400,,,72954368,125829120,118831616,125829120,,,,,,,,2.857699990272522,,
1791418588.6911821,556796,frontend_frame,62,0,19400,12,7,73542144,125829120,118831616,125829120,,,,,,,,,,
1791418589.1940732,556796,tracking_feedback_accumulate,63,,19400,,,77456896,125829120,118831616,125829120,,,,,,,,3.0544998589903116,,
1791418589.2015781,556796,frontend_frame,63,0,19400,13,8,82040832,127926272,118831616,127926272,,,,,,,,,,
1791418599.9232085,556796,tracking_feedback_accumulate,64,,20734,,,72293376,148897792,118831616,148897792,,,,,,,,3.0502998270094395,,
1791418599.9297504,556796,frontend_frame,64,0,20734,13,8,73201152,148897792,118831616,148897792,,,,,,,,,,
1791418600.4053776,556796,tracking_feedback_accumulate,65,,20734,,,77279744,148897792,118949888,148897792,,,,,,,,3.4735999070107937,,
1791418600.4103777,556796,frontend_frame,65,0,20734,13,8,78177792,148897792,118949888,148897792,,,,,,,,,,
1791418600.9165266,556796,tracking_feedback_accumulate,66,,20734,,,72468992,148897792,118949888,148897792,,,,,,,,3.1099000480026007,,
1791418600.921536,556796,frontend_frame,66,0,20734,13,8,73367040,148897792,118949888,148897792,,,,,,,,,,
1791418601.595709,556796,tracking_feedback_accumulate,67,,20734,,,77199872,148897792,118951936,148897792,,,,,,,,2.9383001383394003,,
1791418601.5997102,556796,frontend_frame,67,0,20734,13,8,78097920,148897792,118951936,148897792,,,,,,,,,,
1791418602.2133622,556796,tracking_feedback_accumulate,68,,20734,,,82176512,148897792,123846656,148897792,,,,,,,,2.82990001142025,,
1791418602.2677035,556796,frontend_frame,68,0,20734,14,8,77283328,148897792,123846656,148897792,,,,,,,,,,
1791418613.1404018,556796,tracking_feedback_accumulate,69,,21633,,,81426944,148897792,123846656,148897792,,,,,,,,3.019799944013357,,
1791418613.145404,556796,frontend_frame,69,0,21633,14,8,82555392,148897792,123846656,148897792,,,,,,,,,,
1791418613.6811004,556796,tracking_feedback_accumulate,70,,21633,,,86470144,148897792,128012288,148897792,,,,,,,,2.870399970561266,,
1791418613.6881008,556796,frontend_frame,70,0,21633,14,8,77580800,106954752,128012288,148897792,,,,,,,,,,
1791418614.2981536,556796,tracking_feedback_accumulate,71,,21633,,,81659392,148897792,128012288,148897792,,,,,,,,3.217799821868539,,
1791418614.3031788,556796,frontend_frame,71,0,21633,14,8,82780672,148897792,128012288,148897792,,,,,,,,,,
1791418614.8298748,556796,tracking_feedback_accumulate,72,,21633,,,86695424,150994944,128237568,150994944,,,,,,,,2.743000164628029,,
1791418614.833875,556796,frontend_frame,72,0,21633,14,8,87816704,150994944,128237568,150994944,,,,,,,,,,
1791418615.2791777,556796,tracking_feedback_accumulate,73,,21633,,,81497600,150994944,128237568,150994944,,,,,,,,2.8089999686926603,,
1791418615.3351943,556796,frontend_frame,73,0,21633,15,8,86615040,150994944,128237568,150994944,,,,,,,,,,
1791418626.2579637,556796,tracking_feedback_accumulate,74,,22461,,,90747904,150994944,131993088,150994944,,,,,,,,2.7803999837487936,,
1791418626.2634676,556796,frontend_frame,74,0,22461,15,8,92064256,153092096,131993088,153092096,,,,,,,,,,
1791418626.7839005,556796,tracking_feedback_accumulate,75,,22461,,,96142848,155189248,137353728,155189248,,,,,,,,3.7889000959694386,,
1791418626.789899,556796,frontend_frame,75,0,22461,15,8,87030272,155189248,137353728,155189248,,,,,,,,,,
1791418627.2709062,556796,tracking_feedback_accumulate,76,,22461,,,90863104,155189248,137353728,155189248,,,,,,,,2.785200020298362,,
1791418627.2749636,556796,frontend_frame,76,0,22461,15,8,92173824,155189248,137353728,155189248,,,,,,,,,,
1791418627.7240827,556796,tracking_feedback_accumulate,77,,22461,,,96334336,157286400,137545216,157286400,,,,,,,,3.037200076505542,,
1791418627.7290854,556796,frontend_frame,77,0,22461,15,8,97645056,159383552,137545216,159383552,,,,,,,,,,
1791418628.1549222,556796,tracking_feedback_accumulate,78,,22461,,,90947072,159383552,137545216,159383552,,,,,,,,2.8478000313043594,,
1791418628.2057433,556796,frontend_frame,78,0,22461,16,8,96253952,159383552,137545216,159383552,,,,,,,,,,
1791418639.0506854,556796,tracking_feedback_accumulate,79,,23189,,,100219392,159383552,141603840,159383552,,,,,,,,3.521700156852603,,
1791418639.0556853,556796,frontend_frame,79,0,23189,16,8,101708800,159383552,141603840,159383552,,,,,,,,,,
1791418639.4416027,556796,tracking_feedback_accumulate,80,,23189,,,95001600,163577856,147133952,163577856,,,,,,,,2.9070000164210796,,
1791418639.4476032,556796,frontend_frame,80,0,23189,16,8,96485376,111149056,147133952,163577856,,,,,,,,,,
1791418639.9476104,556796,tracking_feedback_accumulate,81,,23189,,,100563968,157286400,147133952,163577856,,,,,,,,3.0376999638974667,,
1791418639.952832,556796,frontend_frame,81,0,23189,16,8,102047744,159383552,147133952,163577856,,,,,,,,,,
1791418640.5722156,556796,tracking_feedback_accumulate,82,,23189,,,105962496,163577856,147616768,163577856,,,,,,,,2.9553999193012714,,
1791418640.5782146,556796,frontend_frame,82,0,23189,16,8,96487424,163577856,147616768,163577856,,,,,,,,,,
1791418641.1267657,556796,tracking_feedback_accumulate,83,,23189,,,100402176,163577856,147616768,163577856,,,,,,,,2.946099964901805,,
1791418641.176283,556796,frontend_frame,83,0,23189,17,8,105882112,163577856,147616768,163577856,,,,,,,,,,
1791418652.0936098,556796,tracking_feedback_accumulate,84,,24196,,,110029824,163577856,151698432,163577856,,,,,,,,3.067699959501624,,
1791418652.0986104,556796,frontend_frame,84,0,24196,17,8,100804096,163577856,151698432,163577856,,,,,,,,,,
1791418652.5661883,556796,tracking_feedback_accumulate,85,,24196,,,104718848,163577856,151698432,163577856,,,,,,,,2.8429001104086637,,
1791418652.5706925,556796,frontend_frame,85,0,24196,17,8,106444288,163577856,151698432,163577856,,,,,,,,,,
1791418653.1640801,556796,tracking_feedback_accumulate,86,,24196,,,110604800,163577856,152251904,163577856,,,,,,,,2.7660001069307327,,
1791418653.1680806,556796,frontend_frame,86,0,24196,17,8,112330240,165675008,152251904,165675008,,,,,,,,,,
1791418653.779419,556796,tracking_feedback_accumulate,87,,24196,,,104720896,165675008,152251904,165675008,,,,,,,,3.3309999853372574,,
1791418653.7839255,556796,frontend_frame,87,0,24196,17,8,106446336,165675008,152251904,165675008,,,,,,,,,,
1791418654.4416027,556796,tracking_feedback_accumulate,88,,24196,,,110606848,165675008,152253952,165675008,,,,,,,,2.7645998634397984,,
1791418654.49765,556796,frontend_frame,88,0,24196,18,8,116328448,165675008,152253952,165675008,,,,,,,,,,
1791418665.7980244,556796,tracking_feedback_accumulate,89,,24942,,,108849152,165675008,152253952,165675008,,,,,,,,2.9019000940024853,,
1791418665.803024,556796,frontend_frame,89,0,24942,18,8,110749184,165675008,152253952,165675008,,,,,,,,,,
1791418666.4467695,556796,tracking_feedback_accumulate,90,,24942,,,114827776,186646528,156914688,186646528,,,,,,,,3.229299793019891,,
1791418666.4527698,556796,frontend_frame,90,0,24942,18,8,116722688,144703488,156914688,188743680,,,,,,,,,,
1791418667.1216345,556796,tracking_feedback_accumulate,91,,24942,,,120637440,192937984,162828800,192937984,,,,,,,,3.044300014153123,,
1791418667.1308744,556796,frontend_frame,91,0,24942,18,8,94606848,192937984,162828800,192937984,,,,,,,,,,
1791418667.8141153,556796,tracking_feedback_accumulate,92,,24942,,,98685440,192937984,162828800,192937984,,,,,,,,2.8881998732686043,,
1791418667.8196597,556796,frontend_frame,92,0,24942,18,8,100580352,192937984,162828800,192937984,,,,,,,,,,
1791418668.455432,556796,tracking_feedback_accumulate,93,,24942,,,104495104,192937984,162828800,192937984,,,,,,,,2.7372001204639673,,
1791418668.50552,556796,frontend_frame,93,0,24942,19,8,110386176,192937984,162828800,192937984,,,,,,,,,,
1791418679.6653032,556796,tracking_feedback_accumulate,94,,25743,,,96849920,192937984,162828800,192937984,,,,,,,,2.972800051793456,,
1791418679.6703055,556796,frontend_frame,94,0,25743,19,8,98944000,192937984,162828800,192937984,,,,,,,,,,
1791418680.140596,556796,tracking_feedback_accumulate,95,,25743,,,102776832,192937984,162828800,192937984,,,,,,,,3.4868998918682337,,
1791418680.1465974,556796,frontend_frame,95,0,25743,19,8,104864768,192937984,162828800,192937984,,,,,,,,,,
1791418680.6078432,556796,tracking_feedback_accumulate,96,,25743,,,96776192,192937984,162828800,192937984,,,,,,,,6.375200115144253,,
1791418680.6128526,556796,frontend_frame,96,0,25743,19,8,98864128,192937984,162828800,192937984,,,,,,,,,,
1791418681.0834944,556796,tracking_feedback_accumulate,97,,25743,,,102942720,192937984,162828800,192937984,,,,,,,,3.0043998267501593,,
1791418681.0885966,556796,frontend_frame,97,0,25743,19,8,105030656,192937984,162828800,192937984,,,,,,,,,,
1791418681.5755603,556796,tracking_feedback_accumulate,98,,25743,,,108863488,192937984,162828800,192937984,,,,,,,,2.933899872004986,,
1791418681.6262946,556796,frontend_frame,98,0,25743,20,8,102780416,192937984,162828800,192937984,,,,,,,,,,
1791418693.0058992,556796,tracking_feedback_accumulate,99,,26172,,,106970624,192937984,162828800,192937984,,,,,,,,2.8928001411259174,,
1791418693.0120196,556796,frontend_frame,99,0,26172,20,8,109159936,192937984,162828800,192937984,,,,,,,,,,
1791418693.6105058,556796,tracking_feedback_accumulate,100,,26172,,,112992768,192937984,162828800,192937984,,,,,,,,2.9003999661654234,,
1791418693.6171503,556796,frontend_frame,100,0,26172,20,8,102913536,134217728,162828800,192937984,,,,,,,,,,
1791418694.1532683,556796,tracking_feedback_accumulate,101,,26172,,,106992128,176160768,162828800,192937984,,,,,,,,3.420600201934576,,
1791418694.15827,556796,frontend_frame,101,0,26172,20,8,109178880,176160768,162828800,192937984,,,,,,,,,,
1791418694.7774754,556796,tracking_feedback_accumulate,102,,26172,,,113257472,178257920,162828800,192937984,,,,,,,,3.082799958065152,,
1791418694.7830272,556796,frontend_frame,102,0,26172,20,8,115444224,180355072,162828800,192937984,,,,,,,,,,
1791418695.3921735,556796,tracking_feedback_accumulate,103,,26172,,,106994176,180355072,162828800,192937984,,,,,,,,2.8994001913815737,,
1791418695.4426055,556796,frontend_frame,103,0,26172,21,8,113177088,180355072,162828800,192937984,,,,,,,,,,
1791418706.6934261,556796,tracking_feedback_accumulate,104,,26514,,,117116928,180355072,162828800,192937984,,,,,,,,3.1222000252455473,,
1791418706.699489,556796,frontend_frame,104,0,26514,21,8,119388672,182452224,162828800,192937984,,,,,,,,,,
1791418707.2147322,556796,tracking_feedback_accumulate,105,,26514,,,123467264,186646528,166383616,192937984,,,,,,,,2.9988999012857676,,
1791418707.22073,556796,frontend_frame,105,0,26514,21,8,113289216,186646528,166383616,192937984,,,,,,,,,,
1791418707.752045,556796,tracking_feedback_accumulate,106,,26514,,,117367808,186646528,166383616,192937984,,,,,,,,3.6464000586420298,,
1791418707.7580454,556796,frontend_frame,106,0,26514,21,8,119636992,186646528,166383616,192937984,,,,,,,,,,
1791418708.2181458,556796,tracking_feedback_accumulate,107,,26514,,,123469824,186646528,166451712,192937984,,,,,,,,3.0090000946074724,,
1791418708.2236488,556796,frontend_frame,107,0,26514,21,8,113209344,186646528,166451712,192937984,,,,,,,,,,
1791418708.7991064,556796,tracking_feedback_accumulate,108,,26514,,,117287936,186646528,166451712,192937984,,,,,,,,3.0277001205831766,,
1791418708.8482897,556796,frontend_frame,108,0,26514,22,8,123553280,186646528,166451712,192937984,,,,,,,,,,
1791418720.0050552,556796,tracking_feedback_accumulate,109,,24711,,,127518208,186646528,169917952,192937984,,,,,,,,2.954399911686778,,
1791418720.0095632,556796,frontend_frame,109,0,24711,22,8,129349632,186646528,169917952,192937984,,,,,,,,,,
1791418720.5529037,556796,tracking_feedback_accumulate,110,,24711,,,133264384,190840832,175650816,192937984,,,,,,,,3.091400023549795,,
1791418720.5604053,556796,frontend_frame,110,0,24711,22,8,116739072,157286400,175650816,192937984,,,,,,,,,,
1791418721.034362,556796,tracking_feedback_accumulate,111,,24711,,,120817664,178257920,175650816,192937984,,,,,,,,2.9696000274270773,,
1791418721.0384881,556796,frontend_frame,111,0,24711,22,8,122663936,178257920,175650816,192937984,,,,,,,,,,
1791418721.613003,556796,tracking_feedback_accumulate,112,,24711,,,126496768,182452224,175650816,192937984,,,,,,,,2.994599984958768,,
1791418721.6181033,556796,frontend_frame,112,0,24711,22,8,116659200,182452224,175650816,192937984,,,,,,,,,,
1791418722.162592,556796,tracking_feedback_accumulate,113,,24711,,,120819712,182452224,175650816,192937984,,,,,,,,2.885399851948023,,
1791418722.2163653,556796,frontend_frame,113,0,24711,23,8,126662144,182452224,175650816,192937984,,,,,,,,,,
1791418733.3171008,556796,tracking_feedback_accumulate,114,,24545,,,130484736,184549376,175650816,192937984,,,,,,,,2.9591000638902187,,
1791418733.322607,556796,frontend_frame,114,0,24545,23,8,132286976,184549376,175650816,192937984,,,,,,,,,,
1791418733.766016,556796,tracking_feedback_accumulate,115,,24545,,,124805632,205520896,175650816,205520896,,,,,,,,2.93960003182292,,
1791418733.771016,556796,frontend_frame,115,0,24545,23,8,126609920,205520896,175650816,205520896,,,,,,,,,,
1791418734.217094,556796,tracking_feedback_accumulate,116,,24545,,,130524672,205520896,175650816,205520896,,,,,,,,2.853299956768751,,
1791418734.2210915,556796,frontend_frame,116,0,24545,23,8,132328960,205520896,175650816,205520896,,,,,,,,,,
1791418734.71474,556796,tracking_feedback_accumulate,117,,24545,,,136407552,209715200,178664960,209715200,,,,,,,,2.9961999971419573,,
1791418734.7197719,556796,frontend_frame,117,0,24545,23,8,126611968,209715200,178664960,209715200,,,,,,,,,,
1791418735.284422,556796,tracking_feedback_accumulate,118,,24545,,,130526720,209715200,178664960,209715200,,,,,,,,2.845600014552474,,
1791418735.289427,556796,frontend_frame,118,0,24545,23,8,132331520,209715200,178664960,209715200,,,,,,,,,,
1791418735.8952796,556796,tracking_feedback_accumulate,119,,24545,,,136246272,209715200,178699776,209715200,,,,,,,,3.1687000300735235,,
1791418735.9496694,556796,frontend_frame,119,0,24545,24,8,118422016,209715200,178699776,209715200,,,,,,,,,,
1791418746.9765146,556796,tracking_feedback_accumulate,120,,24415,,,122494976,209715200,178699776,209715200,,,,,,,,2.865100046619773,,
1791418746.9820194,556796,frontend_frame,120,0,24415,24,8,124265472,161480704,178699776,209715200,,,,,,,,,,
1791418747.5191193,556796,tracking_feedback_accumulate,121,,24415,,,128180224,203423744,178699776,209715200,,,,,,,,2.883800072595477,,
1791418747.525701,556796,frontend_frame,121,0,24415,24,8,129952256,203423744,178699776,209715200,,,,,,,,,,
1791418748.0909138,556796,tracking_feedback_accumulate,122,,24415,,,122577408,203423744,178699776,209715200,,,,,,,,3.216699929907918,,
1791418748.0959125,556796,frontend_frame,122,0,24415,24,8,124349440,203423744,178699776,209715200,,,,,,,,,,
1791418748.5761113,556796,tracking_feedback_accumulate,123,,24415,,,128264192,203423744,178699776,209715200,,,,,,,,3.313699970021844,,
1791418748.580942,556796,frontend_frame,123,0,24415,24,8,130036224,203423744,178699776,209715200,,,,,,,,,,
1791418749.0685484,556796,tracking_feedback_accumulate,124,,24415,,,133950976,205520896,178699776,209715200,,,,,,,,2.730600070208311,,
1791418749.1200514,556796,frontend_frame,124,0,24415,25,8,128183808,205520896,178699776,209715200,,,,,,,,,,
1791418760.1340358,556796,tracking_feedback_accumulate,125,,24649,,,132361728,205520896,178699776,209715200,,,,,,,,2.8645999263972044,,
1791418760.1395419,556796,frontend_frame,125,0,24649,25,8,134189568,205520896,178699776,209715200,,,,,,,,,,
1791418760.609179,556796,tracking_feedback_accumulate,126,,24649,,,138022400,205520896,180408320,209715200,,,,,,,,3.0827000737190247,,
1791418760.6141794,556796,frontend_frame,126,0,24649,25,8,128259072,205520896,180408320,209715200,,,,,,,,,,
1791418761.1246743,556796,tracking_feedback_accumulate,127,,24649,,,132419584,205520896,180408320,209715200,,,,,,,,3.223600098863244,,
1791418761.1293051,556796,frontend_frame,127,0,24649,25,8,134245888,205520896,180408320,209715200,,,,,,,,,,
1791418761.591296,556796,tracking_feedback_accumulate,128,,24649,,,138160640,205520896,180440064,209715200,,,,,,,,3.163799876347184,,
1791418761.5963595,556796,frontend_frame,128,0,24649,25,8,139986944,207618048,180440064,209715200,,,,,,,,,,
1791418762.1174245,556796,tracking_feedback_accumulate,129,,24649,,,126435840,207618048,180440064,209715200,,,,,,,,2.8213998302817345,,
1791418762.1682162,556796,frontend_frame,129,0,24649,26,8,132258304,207618048,180440064,209715200,,,,,,,,,,
1791418773.289332,556796,tracking_feedback_accumulate,130,,25138,,,136454656,207618048,180440064,209715200,,,,,,,,2.8580999933183193,,
1791418773.2938354,556796,frontend_frame,130,0,25138,26,8,138402816,182452224,180440064,209715200,,,,,,,,,,
1791418773.7760534,556796,tracking_feedback_accumulate,131,,25138,,,130472960,203423744,180440064,209715200,,,,,,,,2.924799919128418,,
1791418773.781055,556796,frontend_frame,131,0,25138,26,8,132418048,203423744,180440064,209715200,,,,,,,,,,
1791418774.3133996,556796,tracking_feedback_accumulate,132,,25138,,,136496640,203423744,180440064,209715200,,,,,,,,2.853799844160676,,
1791418774.3184342,556796,frontend_frame,132,0,25138,26,8,138441728,203423744,180440064,209715200,,,,,,,,,,
1791418774.7970521,556796,tracking_feedback_accumulate,133,,25138,,,142356480,205520896,184793600,209715200,,,,,,,,2.9877000488340855,,
1791418774.8034596,556796,frontend_frame,133,0,25138,26,8,132420096,205520896,184793600,209715200,,,,,,,,,,
1791418775.4876032,556796,tracking_feedback_accumulate,134,,25138,,,136580608,205520896,184793600,209715200,,,,,,,,2.8307000175118446,,
1791418775.537708,556796,frontend_frame,134,0,25138,27,8,142521856,205520896,184793600,209715200,,,,,,,,,,
1791418786.8371754,556796,tracking_feedback_accumulate,135,,25208,,,146441216,207618048,188939776,209715200,,,,,,,,2.744800178334117,,
1791418786.8416774,556796,frontend_frame,135,0,25208,27,8,136515072,207618048,188939776,209715200,,,,,,,,,,
1791418787.3760104,556796,tracking_feedback_accumulate,136,,25208,,,140593664,207618048,188939776,209715200,,,,,,,,2.926100045442581,,
1791418787.3811543,556796,frontend_frame,136,0,25208,27,8,142548992,207618048,188939776,209715200,,,,,,,,,,
1791418788.0551312,556796,tracking_feedback_accumulate,137,,25208,,,146381824,207618048,188979200,209715200,,,,,,,,2.8719999827444553,,
1791418788.0601308,556796,frontend_frame,137,0,25208,27,8,148337152,209715200,188979200,209715200,,,,,,,,,,
1791418788.7265837,556796,tracking_feedback_accumulate,138,,25208,,,140513792,209715200,188979200,209715200,,,,,,,,2.952300012111664,,
1791418788.7314968,556796,frontend_frame,138,0,25208,27,8,142469120,209715200,188979200,209715200,,,,,,,,,,
1791418789.3190951,556796,tracking_feedback_accumulate,139,,25208,,,146547712,209715200,188998656,209715200,,,,,,,,3.283499972894788,,
1791418789.368603,556796,frontend_frame,139,0,25208,28,8,152499200,209715200,188998656,209715200,,,,,,,,,,
1791418800.61702,556796,tracking_feedback_accumulate,140,,25338,,,144440832,209715200,188998656,209715200,,,,,,,,2.7610999532043934,,
1791418800.6220174,556796,frontend_frame,140,0,25338,28,8,146426880,182452224,188998656,209715200,,,,,,,,,,
1791418801.1729612,556796,tracking_feedback_accumulate,141,,25338,,,150505472,230686720,193630720,230686720,,,,,,,,2.933999989181757,,
1791418801.1785111,556796,frontend_frame,141,0,25338,28,8,152491008,230686720,193630720,230686720,,,,,,,,,,
1791418801.8124182,556796,tracking_feedback_accumulate,142,,25338,,,156569600,234881024,199997440,234881024,,,,,,,,3.243000013753772,,
1791418801.8179235,556796,frontend_frame,142,0,25338,28,8,146592768,234881024,199997440,234881024,,,,,,,,,,
1791418802.2655764,556796,tracking_feedback_accumulate,143,,25338,,,150507520,234881024,199997440,234881024,,,,,,,,2.8464999049901962,,
1791418802.2708251,556796,frontend_frame,143,0,25338,28,8,152493056,234881024,199997440,234881024,,,,,,,,,,
1791418802.8317266,556796,tracking_feedback_accumulate,144,,25338,,,156571648,234881024,199999488,234881024,,,,,,,,3.5804000217467546,,
1791418802.8820891,556796,frontend_frame,144,0,25338,29,8,162553344,236978176,199999488,236978176,,,,,,,,,,
1791418814.126264,556796,tracking_feedback_accumulate,145,,25647,,,148550144,236978176,199999488,236978176,,,,,,,,3.056999994441867,,
1791418814.131773,556796,frontend_frame,145,0,25647,29,8,150618112,236978176,199999488,236978176,,,,,,,,,,
1791418814.6983883,556796,tracking_feedback_accumulate,146,,25647,,,154696704,236978176,199999488,236978176,,,,,,,,2.8087999671697617,,
1791418814.7033877,556796,frontend_frame,146,0,25647,29,8,156762624,236978176,199999488,236978176,,,,,,,,,,
1791418815.2465496,556796,tracking_feedback_accumulate,147,,25647,,,142521344,236978176,199999488,236978176,,,,,,,,2.9406999237835407,,
1791418815.2518408,556796,frontend_frame,147,0,25647,29,8,144587264,236978176,199999488,236978176,,,,,,,,,,
1791418815.942438,556796,tracking_feedback_accumulate,148,,25647,,,148747776,236978176,199999488,236978176,,,,,,,,2.993500092998147,,
1791418815.947444,556796,frontend_frame,148,0,25647,29,8,150813696,236978176,199999488,236978176,,,,,,,,,,
1791418816.5972147,556796,tracking_feedback_accumulate,149,,25647,,,154728448,236978176,199999488,236978176,,,,,,,,3.0372999608516693,,
1791418816.6508505,556796,frontend_frame,149,0,25647,30,8,148667392,236978176,199999488,236978176,,,,,,,,,,
1791418828.0853918,556796,tracking_feedback_accumulate,150,,26144,,,152779776,236978176,199999488,236978176,,,,,,,,2.9341999907046556,,
1791418828.0908966,556796,frontend_frame,150,0,26144,30,8,154961920,205520896,199999488,236978176,,,,,,,,,,
1791418828.74193,556796,tracking_feedback_accumulate,151,,26144,,,158794752,230686720,202056704,236978176,,,,,,,,2.9861999209970236,,
1791418828.7469332,556796,frontend_frame,151,0,26144,30,8,160973312,232783872,202056704,236978176,,,,,,,,,,
1791418829.4087393,556796,tracking_feedback_accumulate,152,,26144,,,146641920,232783872,202056704,236978176,,,,,,,,2.9458000790327787,,
1791418829.4137387,556796,frontend_frame,152,0,26144,30,8,148820480,232783872,202056704,236978176,,,,,,,,,,
1791418829.929415,556796,tracking_feedback_accumulate,153,,26144,,,152899072,232783872,202056704,236978176,,,,,,,,2.957599936053157,,
1791418829.9344165,556796,frontend_frame,153,0,26144,30,8,155077632,232783872,202056704,236978176,,,,,,,,,,
1791418830.5011704,556796,tracking_feedback_accumulate,154,,26144,,,158992384,232783872,202172416,236978176,,,,,,,,3.041099989786744,,
1791418830.5532982,556796,frontend_frame,154,0,26144,31,8,152818688,232783872,202172416,236978176,,,,,,,,,,
1791418842.10087,556796,tracking_feedback_accumulate,155,,26484,,,156920320,232783872,202172416,236978176,,,,,,,,2.8910001274198294,,
1791418842.1088905,556796,frontend_frame,155,0,26484,31,8,159179776,232783872,202172416,236978176,,,,,,,,,,
1791418842.813048,556796,tracking_feedback_accumulate,156,,26484,,,163012608,232783872,206298624,236978176,,,,,,,,2.8867998626083136,,
1791418842.8185146,556796,frontend_frame,156,0,26484,31,8,152842752,232783872,206298624,236978176,,,,,,,,,,
1791418843.4336896,556796,tracking_feedback_accumulate,157,,26484,,,156921344,232783872,206298624,236978176,,,,,,,,2.882499946281314,,
1791418843.4386919,556796,frontend_frame,157,0,26484,31,8,159178752,232783872,206298624,236978176,,,,,,,,,,
1791418844.0823848,556796,tracking_feedback_accumulate,158,,26484,,,163257344,232783872,206298624,236978176,,,,,,,,3.145600203424692,,
1791418844.0876143,556796,frontend_frame,158,0,26484,31,8,165514752,234881024,206298624,236978176,,,,,,,,,,
1791418844.6187491,556796,tracking_feedback_accumulate,159,,26484,,,156841472,234881024,206298624,236978176,,,,,,,,2.9502001125365496,,
1791418844.671356,556796,frontend_frame,159,0,26484,32,8,163095040,234881024,206298624,236978176,,,,,,,,,,
1791418856.1979797,556796,tracking_feedback_accumulate,160,,27020,,,167213568,234881024,210138112,236978176,,,,,,,,2.924000145867467,,
1791418856.2040272,556796,frontend_frame,160,0,27020,32,8,169607680,213909504,210138112,236978176,,,,,,,,,,
1791418856.7369683,556796,tracking_feedback_accumulate,161,,27020,,,160883712,239075328,215964672,239075328,,,,,,,,3.5294999834150076,,
1791418856.7429676,556796,frontend_frame,161,0,27020,32,8,163273728,239075328,215964672,239075328,,,,,,,,,,
1791418857.311509,556796,tracking_feedback_accumulate,162,,27020,,,167434240,239075328,215964672,239075328,,,,,,,,2.9982998967170715,,
1791418857.3165247,556796,frontend_frame,162,0,27020,32,8,169824256,239075328,215964672,239075328,,,,,,,,,,
1791418857.9058328,556796,tracking_feedback_accumulate,163,,27020,,,173657088,239075328,216984064,239075328,,,,,,,,3.155200043693185,,
1791418857.9108665,556796,frontend_frame,163,0,27020,32,8,163275776,239075328,216984064,239075328,,,,,,,,,,
1791418858.5494907,556796,tracking_feedback_accumulate,164,,27020,,,167436288,239075328,216984064,239075328,,,,,,,,2.8201001696288586,,
1791418858.5985742,556796,frontend_frame,164,0,27020,33,8,173822464,239075328,216984064,239075328,,,,,,,,,,
1791418870.048278,556796,tracking_feedback_accumulate,165,,27866,,,177794048,239075328,221501440,239075328,,,,,,,,2.895799931138754,,
1791418870.05328,556796,frontend_frame,165,0,27866,33,8,167616512,239075328,221501440,239075328,,,,,,,,,,
1791418870.4351366,556796,tracking_feedback_accumulate,166,,27866,,,171695104,239075328,221501440,239075328,,,,,,,,3.139300039038062,,
1791418870.4401364,556796,frontend_frame,166,0,27866,33,8,174282752,239075328,221501440,239075328,,,,,,,,,,
1791418870.9846356,556796,tracking_feedback_accumulate,167,,27866,,,178197504,262144000,221501440,262144000,,,,,,,,3.741699969395995,,
1791418870.9896333,556796,frontend_frame,167,0,27866,33,8,180785152,262144000,221501440,262144000,,,,,,,,,,
1791418871.4367654,556796,tracking_feedback_accumulate,168,,27866,,,171533312,262144000,221501440,262144000,,,,,,,,2.903599990531802,,
1791418871.4412713,556796,frontend_frame,168,0,27866,33,8,174120960,262144000,221501440,262144000,,,,,,,,,,
1791418871.9578867,556796,tracking_feedback_accumulate,169,,27866,,,178199552,262144000,221511168,262144000,,,,,,,,2.837900072336197,,
1791418871.9628887,556796,frontend_frame,169,0,27866,33,8,180787712,264241152,221511168,264241152,,,,,,,,,,
1791418872.455228,556796,tracking_feedback_accumulate,170,,27866,,,184866304,268435456,227927552,268435456,,,,,,,,3.051100065931678,,
1791418872.5061905,556796,frontend_frame,170,0,27866,34,8,178283008,268435456,227927552,268435456,,,,,,,,,,
1791418883.963548,556796,tracking_feedback_accumulate,171,,28417,,,182237696,268435456,227927552,268435456,,,,,,,,2.926700050011277,,
1791418883.969578,556796,frontend_frame,171,0,28417,34,8,184964096,268435456,227927552,268435456,,,,,,,,,,
1791418884.6458983,556796,tracking_feedback_accumulate,172,,28417,,,189042688,268435456,231495680,268435456,,,,,,,,3.1667998991906643,,
1791418884.6528978,556796,frontend_frame,172,0,28417,34,8,178463744,268435456,231495680,268435456,,,,,,,,,,
1791418885.3226671,556796,tracking_feedback_accumulate,173,,28417,,,182296576,268435456,231495680,268435456,,,,,,,,2.8925000224262476,,
1791418885.327668,556796,frontend_frame,173,0,28417,34,8,185018880,268435456,231495680,268435456,,,,,,,,,,
1791418885.987864,556796,tracking_feedback_accumulate,174,,28417,,,189097472,268435456,231599104,268435456,,,,,,,,2.943499945104122,,
1791418885.9928644,556796,frontend_frame,174,0,28417,34,8,191819776,268435456,231599104,268435456,,,,,,,,,,
1791418886.52151,556796,tracking_feedback_accumulate,175,,28417,,,162908160,268435456,231599104,268435456,,,,,,,,2.8967000544071198,,
1791418886.5305104,556796,frontend_frame,175,0,28417,35,8,169626624,268435456,231599104,268435456,,,,,,,,,,
1791418897.9118738,556796,tracking_feedback_accumulate,176,,27598,,,173487616,268435456,231599104,268435456,,,,,,,,3.3313001040369272,,
1791418897.9178736,556796,frontend_frame,176,0,27598,35,8,176001536,268435456,231599104,268435456,,,,,,,,,,
1791418898.2441144,556796,tracking_feedback_accumulate,177,,27598,,,166681600,268435456,231599104,268435456,,,,,,,,3.0514001846313477,,
1791418898.2489645,556796,frontend_frame,177,0,27598,35,8,169202688,268435456,231599104,268435456,,,,,,,,,,
1791418898.7439947,556796,tracking_feedback_accumulate,178,,27598,,,173281280,268435456,231599104,268435456,,,,,,,,3.1866999343037605,,
1791418898.7499936,556796,frontend_frame,178,0,27598,35,8,175802368,268435456,231599104,268435456,,,,,,,,,,
1791418899.248411,556796,tracking_feedback_accumulate,179,,27598,,,179717120,268435456,231599104,268435456,,,,,,,,3.195700002834201,,
1791418899.253745,556796,frontend_frame,179,0,27598,35,8,169204736,268435456,231599104,268435456,,,,,,,,,,
1791418899.8628743,556796,tracking_feedback_accumulate,180,,27598,,,173365248,268435456,231599104,268435456,,,,,,,,2.8381000738590956,,
1791418899.868878,556796,frontend_frame,180,0,27598,35,8,175886848,230686720,231599104,268435456,,,,,,,,,,
1791418900.5258331,556796,tracking_feedback_accumulate,181,,27598,,,179719680,255852544,231599104,268435456,,,,,,,,2.7268000412732363,,
1791418900.576553,556796,frontend_frame,181,0,27598,36,8,186236416,257949696,231599104,268435456,,,,,,,,,,
1791418911.9810374,556796,tracking_feedback_accumulate,182,,26091,,,170751488,257949696,231599104,268435456,,,,,,,,2.9349999967962503,,
1791418911.9865415,556796,frontend_frame,182,0,26091,36,8,172905472,257949696,231599104,268435456,,,,,,,,,,
1791418912.6533313,556796,tracking_feedback_accumulate,183,,26091,,,176738304,257949696,231599104,268435456,,,,,,,,2.82990001142025,,
1791418912.6588373,556796,frontend_frame,183,0,26091,36,8,178905088,257949696,231599104,268435456,,,,,,,,,,
1791418913.3466935,556796,tracking_feedback_accumulate,184,,26091,,,170740736,257949696,231599104,268435456,,,,,,,,3.876199945807457,,
1791418913.3516917,556796,frontend_frame,184,0,26091,36,8,172907520,257949696,231599104,268435456,,,,,,,,,,
1791418914.0747418,556796,tracking_feedback_accumulate,185,,26091,,,176740352,257949696,231599104,268435456,,,,,,,,2.8403999749571085,,
1791418914.0802486,556796,frontend_frame,185,0,26091,36,8,178907136,257949696,231599104,268435456,,,,,,,,,,
1791418914.7664366,556796,tracking_feedback_accumulate,186,,26091,,,183067648,257949696,231599104,268435456,,,,,,,,3.0869999900460243,,
1791418914.819877,556796,frontend_frame,186,0,26091,37,8,176905728,257949696,231599104,268435456,,,,,,,,,,
1791418926.0031478,556796,tracking_feedback_accumulate,187,,26154,,,180827648,257949696,231599104,268435456,,,,,,,,2.8289000038057566,,
1791418926.0086546,556796,frontend_frame,187,0,26154,37,8,183008256,257949696,231599104,268435456,,,,,,,,,,
1791418926.6114187,556796,tracking_feedback_accumulate,188,,26154,,,186923008,257949696,231599104,268435456,,,,,,,,2.8512999415397644,,
1791418926.6170592,556796,frontend_frame,188,0,26154,37,8,189103616,257949696,231599104,268435456,,,,,,,,,,
1791418927.1459985,556796,tracking_feedback_accumulate,189,,26154,,,174749184,257949696,231599104,268435456,,,,,,,,3.3022998832166195,,
1791418927.1500018,556796,frontend_frame,189,0,26154,37,8,176929792,257949696,231599104,268435456,,,,,,,,,,
1791418927.6388886,556796,tracking_feedback_accumulate,190,,26154,,,180844544,257949696,231599104,268435456,,,,,,,,2.807699842378497,,
1791418927.644618,556796,frontend_frame,190,0,26154,37,8,183025152,230686720,231599104,268435456,,,,,,,,,,
1791418928.210184,556796,tracking_feedback_accumulate,191,,26154,,,186939904,253755392,231599104,268435456,,,,,,,,4.827899858355522,,
1791418928.263776,556796,frontend_frame,191,0,26154,38,8,180764160,253755392,231599104,268435456,,,,,,,,,,
1791418939.4041784,556796,tracking_feedback_accumulate,192,,26218,,,184849408,253755392,231599104,268435456,,,,,,,,2.9602001886814833,,
1791418939.408177,556796,frontend_frame,192,0,26218,38,8,187046400,253755392,231599104,268435456,,,,,,,,,,
1791418939.900584,556796,tracking_feedback_accumulate,193,,26218,,,190961152,253755392,234353664,268435456,,,,,,,,2.860700013116002,,
1791418939.9065843,556796,frontend_frame,193,0,26218,38,8,180789248,253755392,234353664,268435456,,,,,,,,,,
1791418940.4764476,556796,tracking_feedback_accumulate,194,,26218,,,184867840,253755392,234353664,268435456,,,,,,,,2.8578999917954206,,
1791418940.4814644,556796,frontend_frame,194,0,26218,38,8,187064832,253755392,234353664,268435456,,,,,,,,,,
1791418941.097951,556796,tracking_feedback_accumulate,195,,26218,,,190979584,253755392,234353664,268435456,,,,,,,,3.1706998124718666,,
1791418941.10395,556796,frontend_frame,195,0,26218,38,8,193176576,257949696,234353664,268435456,,,,,,,,,,
1791418941.6951077,556796,tracking_feedback_accumulate,196,,26218,,,178759168,257949696,234353664,268435456,,,,,,,,2.9341999907046556,,
1791418941.7487917,556796,frontend_frame,196,0,26218,39,8,184952320,257949696,234353664,268435456,,,,,,,,,,
1791418953.0109897,556796,tracking_feedback_accumulate,197,,26427,,,188883968,278921216,234353664,278921216,,,,,,,,2.9771998524665833,,
1791418953.0154955,556796,frontend_frame,197,0,26427,39,8,191132160,278921216,234353664,278921216,,,,,,,,,,
1791418953.564577,556796,tracking_feedback_accumulate,198,,26427,,,182775296,278921216,234353664,278921216,,,,,,,,3.0276000034064054,,
1791418953.5695767,556796,frontend_frame,198,0,26427,39,8,185022464,278921216,234353664,278921216,,,,,,,,,,
1791418954.1250746,556796,tracking_feedback_accumulate,199,,26427,,,188855296,278921216,234353664,278921216,,,,,,,,2.9159002006053925,,
1791418954.1300774,556796,frontend_frame,199,0,26427,39,8,191102464,278921216,234353664,278921216,,,,,,,,,,
1791418954.6512213,556796,tracking_feedback_accumulate,200,,26427,,,195181056,278921216,238097408,278921216,,,,,,,,2.9335999861359596,,
1791418954.6572218,556796,frontend_frame,200,0,26427,39,8,184942592,230686720,238097408,278921216,,,,,,,,,,
1791418955.1849172,556796,tracking_feedback_accumulate,201,,26427,,,188857344,272629760,238097408,278921216,,,,,,,,2.9097998049110174,,
1791418955.2373254,556796,frontend_frame,201,0,26427,40,8,195100672,272629760,238097408,278921216,,,,,,,,,,
1791418966.5833652,556796,tracking_feedback_accumulate,202,,27188,,,186746368,272629760,238097408,278921216,,,,,,,,3.054100088775158,,
1791418966.5883653,556796,frontend_frame,202,0,27188,40,8,189180416,272629760,238097408,278921216,,,,,,,,,,
1791418967.1446192,556796,tracking_feedback_accumulate,203,,27188,,,193095168,272629760,238097408,278921216,,,,,,,,2.8973999433219433,,
1791418967.1501253,556796,frontend_frame,203,0,27188,40,8,195523584,274726912,238097408,278921216,,,,,,,,,,
1791418967.7102711,556796,tracking_feedback_accumulate,204,,27188,,,199602176,276824064,242494464,278921216,,,,,,,,2.8091000858694315,,
1791418967.7157779,556796,frontend_frame,204,0,27188,40,8,189182464,276824064,242494464,278921216,,,,,,,,,,
1791418968.251016,556796,tracking_feedback_accumulate,205,,27188,,,193097216,276824064,242494464,278921216,,,,,,,,3.5018001217395067,,
1791418968.2574174,556796,frontend_frame,205,0,27188,40,8,195525632,276824064,242494464,278921216,,,,,,,,,,
1791418968.7219796,556796,tracking_feedback_accumulate,206,,27188,,,199604224,278921216,242494464,278921216,,,,,,,,3.1691999174654484,,
1791418968.7750597,556796,frontend_frame,206,0,27188,41,8,206028800,281018368,242494464,281018368,,,,,,,,,,
1791418980.005142,556796,tracking_feedback_accumulate,207,,27943,,,190885376,281018368,242494464,281018368,,,,,,,,2.96920002438128,,
1791418980.010648,556796,frontend_frame,207,0,27943,41,8,193494528,281018368,242494464,281018368,,,,,,,,,,
1791418980.4441504,556796,tracking_feedback_accumulate,208,,27943,,,197409280,281018368,242494464,281018368,,,,,,,,2.9349999967962503,,
1791418980.4532485,556796,frontend_frame,208,0,27943,41,8,200012800,281018368,242494464,281018368,,,,,,,,,,
1791418980.8730419,556796,tracking_feedback_accumulate,209,,27943,,,190729216,281018368,242494464,281018368,,,,,,,,2.7534998953342438,,
1791418980.8775477,556796,frontend_frame,209,0,27943,41,8,193332736,281018368,242494464,281018368,,,,,,,,,,
1791418981.300985,556796,tracking_feedback_accumulate,210,,27943,,,197411328,281018368,242494464,281018368,,,,,,,,2.827000105753541,,
1791418981.3059855,556796,frontend_frame,210,0,27943,41,8,200014848,232783872,242494464,281018368,,,,,,,,,,
1791418981.784373,556796,tracking_feedback_accumulate,211,,27943,,,204093440,278921216,247116800,281018368,,,,,,,,3.772999858483672,,
1791418981.8369105,556796,frontend_frame,211,0,27943,42,8,197494784,278921216,247116800,281018368,,,,,,,,,,
1791418993.1690428,556796,tracking_feedback_accumulate,212,,28803,,,201388544,278921216,247116800,281018368,,,,,,,,2.6946000289171934,,
1791418993.1750455,556796,frontend_frame,212,0,28803,42,8,204208128,278921216,247116800,281018368,,,,,,,,,,
1791418993.703476,556796,tracking_feedback_accumulate,213,,28803,,,208368640,278921216,251848704,281018368,,,,,,,,3.0197000596672297,,
1791418993.708656,556796,frontend_frame,213,0,28803,42,8,197773824,278921216,251848704,281018368,,,,,,,,,,
1791418994.2406821,556796,tracking_feedback_accumulate,214,,28803,,,201688576,278921216,251848704,281018368,,,,,,,,2.8427999932318926,,
1791418994.2457128,556796,frontend_frame,214,0,28803,42,8,204501504,278921216,251848704,281018368,,,,,,,,,,
1791418994.9329703,556796,tracking_feedback_accumulate,215,,28803,,,208580096,278921216,252175360,281018368,,,,,,,,2.9426000546664,,
1791418994.9384747,556796,frontend_frame,215,0,28803,42,8,211393024,281018368,252175360,281018368,,,,,,,,,,
1791418995.5945606,556796,tracking_feedback_accumulate,216,,28803,,,201608704,281018368,252175360,281018368,,,,,,,,2.9571999330073595,,
1791418995.6452887,556796,frontend_frame,216,0,28803,43,8,208417792,281018368,252175360,281018368,,,,,,,,,,
1791419007.02742,556796,tracking_feedback_accumulate,217,,29190,,,212524032,301989888,256439296,301989888,,,,,,,,3.0369998421519995,,
1791419007.0329237,556796,frontend_frame,217,0,29190,43,8,215430144,304087040,256439296,304087040,,,,,,,,,,
1791419007.5825043,556796,tracking_feedback_accumulate,218,,29190,,,219344896,308281344,263408640,308281344,,,,,,,,2.919199876487255,,
1791419007.5880084,556796,frontend_frame,218,0,29190,43,8,208540672,308281344,263408640,308281344,,,,,,,,,,
1791419008.1240938,556796,tracking_feedback_accumulate,219,,29190,,,212701184,308281344,263408640,308281344,,,,,,,,3.036899957805872,,
1791419008.129649,556796,frontend_frame,219,0,29190,43,8,215604736,308281344,263408640,308281344,,,,,,,,,,
1791419008.655631,556796,tracking_feedback_accumulate,220,,29190,,,219437568,308281344,263485440,308281344,,,,,,,,2.9002001974731684,,
1791419008.6616337,556796,frontend_frame,220,0,29190,43,8,222341120,268435456,263485440,312475648,,,,,,,,,,
1791419009.168769,556796,tracking_feedback_accumulate,221,,29190,,,205804032,310378496,263485440,312475648,,,,,,,,2.7606000658124685,,
1791419009.218981,556796,frontend_frame,221,0,29190,44,8,212703744,310378496,263485440,312475648,,,,,,,,,,
1791419020.7906713,556796,tracking_feedback_accumulate,222,,29696,,,216649728,310378496,263485440,312475648,,,,,,,,3.349799895659089,,
1791419020.7951736,556796,frontend_frame,222,0,29696,44,8,219665408,310378496,263485440,312475648,,,,,,,,,,
1791419021.2160919,556796,tracking_feedback_accumulate,223,,29696,,,209672704,310378496,263485440,312475648,,,,,,,,3.2166000455617905,,
1791419021.2226658,556796,frontend_frame,223,0,29696,44,8,212685312,310378496,263485440,312475648,,,,,,,,,,
1791419021.7027853,556796,tracking_feedback_accumulate,224,,29696,,,216763904,310378496,263485440,312475648,,,,,,,,2.947600092738867,,
1791419021.7079222,556796,frontend_frame,224,0,29696,44,8,219776512,310378496,263485440,312475648,,,,,,,,,,
1791419022.162848,556796,tracking_feedback_accumulate,225,,29696,,,223691264,310378496,268851712,312475648,,,,,,,,2.904699882492423,,
1791419022.1679125,556796,frontend_frame,225,0,29696,44,8,212687360,310378496,268851712,312475648,,,,,,,,,,
1791419022.4829204,556796,tracking_feedback_accumulate,226,,29696,,,216765952,310378496,268851712,312475648,,,,,,,,2.9267999343574047,,
1791419022.5328598,556796,frontend_frame,226,0,29696,45,8,223774720,310378496,268851712,312475648,,,,,,,,,,
1791419034.0946221,556796,tracking_feedback_accumulate,227,,30533,,,213895680,310378496,268851712,312475648,,,,,,,,2.963499864563346,,
1791419034.100637,556796,frontend_frame,227,0,30533,45,8,217118208,310378496,268851712,312475648,,,,,,,,,,
1791419034.530143,556796,tracking_feedback_accumulate,228,,30533,,,220951040,310378496,268851712,312475648,,,,,,,,2.884100191295147,,
1791419034.535701,556796,frontend_frame,228,0,30533,45,8,224166912,310378496,268851712,312475648,,,,,,,,,,
1791419034.9799855,556796,tracking_feedback_accumulate,229,,30533,,,228245504,310378496,273407488,312475648,,,,,,,,3.005899954587221,,
1791419034.9889855,556796,frontend_frame,229,0,30533,45,8,210229760,310378496,273407488,312475648,,,,,,,,,,
1791419035.5137377,556796,tracking_feedback_accumulate,230,,30533,,,214144512,310378496,273407488,312475648,,,,,,,,2.9148999601602554,,
1791419035.5187387,556796,frontend_frame,230,0,30533,45,8,217360384,257949696,273407488,312475648,,,,,,,,,,
1791419036.0246513,556796,tracking_feedback_accumulate,231,,30533,,,221520896,304087040,273407488,312475648,,,,,,,,2.996700117364526,,
1791419036.0757556,556796,frontend_frame,231,0,30533,46,8,228732928,306184192,273407488,312475648,,,,,,,,,,
1791419047.5573876,556796,tracking_feedback_accumulate,232,,31078,,,211051008,306184192,273407488,312475648,,,,,,,,2.987500047311187,,
1791419047.5628917,556796,frontend_frame,232,0,31078,46,8,214399488,306184192,273407488,312475648,,,,,,,,,,
1791419048.0619142,556796,tracking_feedback_accumulate,233,,31078,,,218314240,306184192,273407488,312475648,,,,,,,,3.0082000885158777,,
1791419048.065922,556796,frontend_frame,233,0,31078,46,8,221659136,306184192,273407488,312475648,,,,,,,,,,
1791419048.5849838,556796,tracking_feedback_accumulate,234,,31078,,,211056640,306184192,273407488,312475648,,,,,,,,2.956399926915765,,
1791419048.5894873,556796,frontend_frame,234,0,31078,46,8,214401536,306184192,273407488,312475648,,,,,,,,,,
1791419049.1073205,556796,tracking_feedback_accumulate,235,,31078,,,218480128,306184192,273407488,312475648,,,,,,,,2.924500033259392,,
1791419049.1113203,556796,frontend_frame,235,0,31078,46,8,221825024,306184192,273407488,312475648,,,,,,,,,,
1791419049.5637136,556796,tracking_feedback_accumulate,236,,31078,,,225657856,306184192,273407488,312475648,,,,,,,,2.982799895107746,,
1791419049.6137712,556796,frontend_frame,236,0,31078,47,8,218317824,306184192,273407488,312475648,,,,,,,,,,
1791419061.0831332,556796,tracking_feedback_accumulate,237,,31791,,,222529024,306184192,273407488,312475648,,,,,,,,3.016900038346648,,
1791419061.0881333,556796,frontend_frame,237,0,31791,47,8,226050048,306184192,273407488,312475648,,,,,,,,,,
1791419061.5869954,556796,tracking_feedback_accumulate,238,,31791,,,229882880,306184192,274877440,312475648,,,,,,,,2.768400125205517,,
1791419061.5919964,556796,frontend_frame,238,0,31791,47,8,233398784,308281344,274877440,312475648,,,,,,,,,,
1791419062.083783,556796,tracking_feedback_accumulate,239,,31791,,,215113728,308281344,274877440,312475648,,,,,,,,3.20459995418787,,
1791419062.0877893,556796,frontend_frame,239,0,31791,47,8,218629632,308281344,274877440,312475648,,,,,,,,,,
1791419062.4153574,556796,tracking_feedback_accumulate,240,,31791,,,222544384,308281344,274877440,312475648,,,,,,,,3.3048999030143023,,
1791419062.420866,556796,frontend_frame,240,0,31791,47,8,226060288,278921216,274877440,312475648,,,,,,,,,,
1791419062.845945,556796,tracking_feedback_accumulate,241,,31791,,,230138880,304087040,275107840,312475648,,,,,,,,2.9382999055087566,,
1791419062.850183,556796,frontend_frame,241,0,31791,47,8,218632192,304087040,275107840,312475648,,,,,,,,,,
1791419063.4178333,556796,tracking_feedback_accumulate,242,,31791,,,222710784,304087040,275107840,312475648,,,,,,,,3.040800103917718,,
1791419063.4685733,556796,frontend_frame,242,0,31791,48,8,230222336,304087040,275107840,312475648,,,,,,,,,,
1791419075.0876782,556796,tracking_feedback_accumulate,243,,32015,,,234072064,327155712,279533056,327155712,,,,,,,,2.9205000028014183,,
1791419075.0946786,556796,frontend_frame,243,0,32015,48,8,222618624,327155712,279533056,327155712,,,,,,,,,,
1791419075.5259707,556796,tracking_feedback_accumulate,244,,32015,,,226697216,327155712,279533056,327155712,,,,,,,,2.931700088083744,,
1791419075.5309708,556796,frontend_frame,244,0,32015,48,8,230265344,327155712,279533056,327155712,,,,,,,,,,
1791419076.1126723,556796,tracking_feedback_accumulate,245,,32015,,,234180096,327155712,279666688,327155712,,,,,,,,3.1489001121371984,,
1791419076.1177344,556796,frontend_frame,245,0,32015,48,8,237748224,329252864,279666688,329252864,,,,,,,,,,
1791419076.4812224,556796,tracking_feedback_accumulate,246,,32015,,,219135488,329252864,279666688,329252864,,,,,,,,2.854200080037117,,
1791419076.4862225,556796,frontend_frame,246,0,32015,48,8,222703616,329252864,279666688,329252864,,,,,,,,,,
1791419076.9703665,556796,tracking_feedback_accumulate,247,,32015,,,226618368,329252864,279666688,329252864,,,,,,,,3.2777998130768538,,
1791419076.9753845,556796,frontend_frame,247,0,32015,48,8,230187008,329252864,279666688,329252864,,,,,,,,,,
1791419077.4290473,556796,tracking_feedback_accumulate,248,,32015,,,234265600,329252864,279696896,329252864,,,,,,,,2.945000072941184,,
1791419077.4341784,556796,frontend_frame,248,0,32015,48,8,222706176,329252864,279696896,329252864,,,,,,,,,,
1791419077.8488095,556796,tracking_feedback_accumulate,249,,32015,,,226620928,329252864,279696896,329252864,,,,,,,,3.2399999909102917,,
1791419077.8532147,556796,frontend_frame,249,0,32015,48,8,230189056,329252864,279696896,329252864,,,,,,,,,,
1791419078.2280068,556796,tracking_feedback_accumulate,250,,32015,,,234267648,329252864,279737856,329252864,,,,,,,,2.9903000686317682,,
1791419078.28044,556796,frontend_frame,250,0,32015,49,8,226703872,329252864,279737856,329252864,,,,,,,,,,
1791419089.7253826,556796,tracking_feedback_accumulate,251,,28966,,,230585344,329252864,279737856,329252864,,,,,,,,3.1435999553650618,,
1791419089.7293816,556796,frontend_frame,251,0,28966,49,8,233405440,329252864,279737856,329252864,,,,,,,,,,
1791419090.185458,556796,tracking_feedback_accumulate,252,,28966,,,237238272,329252864,282329600,329252864,,,,,,,,3.0267001129686832,,
1791419090.1906137,556796,frontend_frame,252,0,28966,49,8,240083456,329252864,282329600,329252864,,,,,,,,,,
1791419090.6395268,556796,tracking_feedback_accumulate,253,,28966,,,230562304,329252864,282329600,329252864,,,,,,,,3.2917000353336334,,
1791419090.64403,556796,frontend_frame,253,0,28966,49,8,233407488,329252864,282329600,329252864,,,,,,,,,,
1791419091.1369252,556796,tracking_feedback_accumulate,254,,28966,,,237240320,329252864,282331648,329252864,,,,,,,,2.91300006210804,,
1791419091.1419306,556796,frontend_frame,254,0,28966,49,8,240085504,329252864,282331648,329252864,,,,,,,,,,
1791419091.6489546,556796,tracking_feedback_accumulate,255,,28966,,,244246016,331350016,289173504,331350016,,,,,,,,2.9492999892681837,,
1791419091.6999745,556796,frontend_frame,255,0,28966,50,8,237405696,331350016,289173504,331350016,,,,,,,,,,
1791419103.237171,556796,tracking_feedback_accumulate,256,,28919,,,226832384,331350016,289173504,331350016,,,,,,,,2.879899926483631,,
1791419103.2433403,556796,frontend_frame,256,0,28919,50,8,229662720,331350016,289173504,331350016,,,,,,,,,,
1791419103.8831096,556796,tracking_feedback_accumulate,257,,28919,,,233823232,331350016,289173504,331350016,,,,,,,,3.0668999534100294,,
1791419103.8871133,556796,frontend_frame,257,0,28919,50,8,236654592,331350016,289173504,331350016,,,,,,,,,,
1791419104.481499,556796,tracking_feedback_accumulate,258,,28919,,,240569344,331350016,289173504,331350016,,,,,,,,2.921600127592683,,
1791419104.4860055,556796,frontend_frame,258,0,28919,50,8,229746688,331350016,289173504,331350016,,,,,,,,,,
1791419105.1953511,556796,tracking_feedback_accumulate,259,,28919,,,233825280,331350016,289173504,331350016,,,,,,,,2.933999989181757,,
1791419105.2003744,556796,frontend_frame,259,0,28919,50,8,236656640,331350016,289173504,331350016,,,,,,,,,,
1791419105.901479,556796,tracking_feedback_accumulate,260,,28919,,,240489472,331350016,289173504,331350016,,,,,,,,2.908600028604269,,
1791419105.953215,556796,frontend_frame,260,0,28919,51,8,247316992,331350016,289173504,331350016,,,,,,,,,,
1791419117.3562052,556796,tracking_feedback_accumulate,261,,27942,,,230936576,331350016,289173504,331350016,,,,,,,,3.029000014066696,,
1791419117.3612056,556796,frontend_frame,261,0,27942,51,8,233531904,331350016,289173504,331350016,,,,,,,,,,
1791419117.8214798,556796,tracking_feedback_accumulate,262,,27942,,,237446656,331350016,289173504,331350016,,,,,,,,2.984900027513504,,
1791419117.8269846,556796,frontend_frame,262,0,27942,51,8,240050176,331350016,289173504,331350016,,,,,,,,,,
1791419118.3889163,556796,tracking_feedback_accumulate,263,,27942,,,230930432,331350016,289173504,331350016,,,,,,,,3.1908999662846327,,
1791419118.3939157,556796,frontend_frame,263,0,27942,51,8,233533952,331350016,289173504,331350016,,,,,,,,,,
1791419118.9720984,556796,tracking_feedback_accumulate,264,,27942,,,237366784,331350016,289173504,331350016,,,,,,,,3.2351999543607235,,
1791419118.977098,556796,frontend_frame,264,0,27942,51,8,239970304,331350016,289173504,331350016,,,,,,,,,,
1791419119.446486,556796,tracking_feedback_accumulate,265,,27942,,,244130816,331350016,289173504,331350016,,,,,,,,2.927799941971898,,
1791419119.49933,556796,frontend_frame,265,0,27942,52,8,237532160,331350016,289173504,331350016,,,,,,,,,,
1791419130.9346979,556796,tracking_feedback_accumulate,266,,26674,,,241286656,331350016,289173504,331350016,,,,,,,,3.0638999305665493,,
1791419130.938697,556796,frontend_frame,266,0,26674,52,8,243583488,331350016,289173504,331350016,,,,,,,,,,
1791419131.5455067,556796,tracking_feedback_accumulate,267,,26674,,,247744000,331350016,290513920,331350016,,,,,,,,3.295399947091937,,
1791419131.5514355,556796,frontend_frame,267,0,26674,52,8,237149184,331350016,290513920,331350016,,,,,,,,,,
1791419132.0478766,556796,tracking_feedback_accumulate,268,,26674,,,241063936,331350016,290513920,331350016,,,,,,,,3.0263999942690134,,
1791419132.0528767,556796,frontend_frame,268,0,26674,52,8,243371520,331350016,290513920,331350016,,,,,,,,,,
1791419132.5930228,556796,tracking_feedback_accumulate,269,,26674,,,247450112,331350016,290513920,331350016,,,,,,,,2.8627999126911163,,
1791419132.5980618,556796,frontend_frame,269,0,26674,52,8,249757696,331350016,290513920,331350016,,,,,,,,,,
1791419133.11469,556796,tracking_feedback_accumulate,270,,26674,,,240984064,331350016,290513920,331350016,,,,,,,,2.9269999358803034,,
1791419133.1658251,556796,frontend_frame,270,0,26674,53,8,247287808,331350016,290513920,331350016,,,,,,,,,,
1791419144.5716045,556796,tracking_feedback_accumulate,271,,27145,,,251400192,331350016,294630912,331350016,,,,,,,,2.915400080382824,,
1791419144.577109,556796,frontend_frame,271,0,27145,53,8,253824000,331350016,294630912,331350016,,,,,,,,,,
1791419145.1430104,556796,tracking_feedback_accumulate,272,,27145,,,257738752,331350016,301080576,331350016,,,,,,,,3.1687000300735235,,
1791419145.1490464,556796,frontend_frame,272,0,27145,53,8,247439872,331350016,301080576,331350016,,,,,,,,,,
1791419145.6461587,556796,tracking_feedback_accumulate,273,,27145,,,251518464,331350016,301080576,331350016,,,,,,,,2.8957000467926264,,
1791419145.6529565,556796,frontend_frame,273,0,27145,53,8,253938688,331350016,301080576,331350016,,,,,,,,,,
1791419146.3028033,556796,tracking_feedback_accumulate,274,,27145,,,258017280,331350016,301080576,331350016,,,,,,,,3.1170998699963093,,
1791419146.3083084,556796,frontend_frame,274,0,27145,53,8,247605760,331350016,301080576,331350016,,,,,,,,,,
1791419146.7804883,556796,tracking_feedback_accumulate,275,,27145,,,251438592,352321536,301080576,352321536,,,,,,,,2.9771998524665833,,
1791419146.7899973,556796,frontend_frame,275,0,27145,54,8,257854976,352321536,301080576,352321536,,,,,,,,,,
1791419157.9976587,556796,tracking_feedback_accumulate,276,,27607,,,261964800,354418688,304358912,354418688,,,,,,,,3.474900033324957,,
1791419158.0026705,556796,frontend_frame,276,0,27607,54,8,264495104,356515840,304358912,356515840,,,,,,,,,,
1791419158.647293,556796,tracking_feedback_accumulate,277,,27607,,,255471104,356515840,304358912,356515840,,,,,,,,3.180700121447444,,
1791419158.6513333,556796,frontend_frame,277,0,27607,54,8,257998336,356515840,304358912,356515840,,,,,,,,,,
1791419159.3016422,556796,tracking_feedback_accumulate,278,,27607,,,262158848,356515840,304498688,356515840,,,,,,,,2.925100037828088,,
1791419159.3071475,556796,frontend_frame,278,0,27607,54,8,264686080,356515840,304498688,356515840,,,,,,,,,,
1791419159.9574187,556796,tracking_feedback_accumulate,279,,27607,,,268518912,360710144,311022592,360710144,,,,,,,,2.9048998840153217,,
1791419159.9624221,556796,frontend_frame,279,0,27607,54,8,258000384,360710144,311022592,360710144,,,,,,,,,,
1791419160.6210518,556796,tracking_feedback_accumulate,280,,27607,,,262160896,360710144,311022592,360710144,,,,,,,,3.1087000388652086,,
1791419160.6735702,556796,frontend_frame,280,0,27607,55,8,268684288,360710144,311022592,360710144,,,,,,,,,,
1791419171.906097,556796,tracking_feedback_accumulate,281,,27962,,,259578880,360710144,311022592,360710144,,,,,,,,2.814300125464797,,
1791419171.9122286,556796,frontend_frame,281,0,27962,55,8,262190592,360710144,311022592,360710144,,,,,,,,,,
1791419172.5543818,556796,tracking_feedback_accumulate,282,,27962,,,266269184,360710144,311022592,360710144,,,,,,,,2.821299945935607,,
1791419172.5589101,556796,frontend_frame,282,0,27962,55,8,268878848,360710144,311022592,360710144,,,,,,,,,,
1791419173.2132225,556796,tracking_feedback_accumulate,283,,27962,,,272711680,360710144,315294208,360710144,,,,,,,,3.2134000211954117,,
1791419173.223223,556796,frontend_frame,283,0,27962,55,8,249391616,360710144,315294208,360710144,,,,,,,,,,
1791419173.874408,556796,tracking_feedback_accumulate,284,,27962,,,253552128,360710144,315294208,360710144,,,,,,,,2.7785999700427055,,
1791419173.879045,556796,frontend_frame,284,0,27962,55,8,256161792,360710144,315294208,360710144,,,,,,,,,,
1791419174.5360548,556796,tracking_feedback_accumulate,285,,27962,,,259994624,360710144,315294208,360710144,,,,,,,,2.8649000450968742,,
1791419174.58822,556796,frontend_frame,285,0,27962,56,8,253389824,360710144,315294208,360710144,,,,,,,,,,
1791419185.984947,556796,tracking_feedback_accumulate,286,,28407,,,257580032,360710144,315294208,360710144,,,,,,,,3.0303001403808594,,
1791419185.9899502,556796,frontend_frame,286,0,28407,56,8,260293632,360710144,315294208,360710144,,,,,,,,,,
1791419186.6426895,556796,tracking_feedback_accumulate,287,,28407,,,264126464,360710144,315294208,360710144,,,,,,,,3.032699925825,,
1791419186.648691,556796,frontend_frame,287,0,28407,56,8,266836992,360710144,315294208,360710144,,,,,,,,,,
1791419187.215293,556796,tracking_feedback_accumulate,288,,28407,,,257503232,360710144,315294208,360710144,,,,,,,,2.8677000664174557,,
1791419187.2196875,556796,frontend_frame,288,0,28407,56,8,260213760,360710144,315294208,360710144,,,,,,,,,,
1791419187.8536215,556796,tracking_feedback_accumulate,289,,28407,,,264292352,360710144,315294208,360710144,,,,,,,,3.2596001401543617,,
1791419187.8576207,556796,frontend_frame,289,0,28407,56,8,267002880,360710144,315294208,360710144,,,,,,,,,,
1791419188.5057304,556796,tracking_feedback_accumulate,290,,28407,,,270835712,360710144,315294208,360710144,,,,,,,,2.8509998228400946,,
1791419188.556705,556796,frontend_frame,290,0,28407,57,8,264130048,360710144,315294208,360710144,,,,,,,,,,
1791419199.789147,556796,tracking_feedback_accumulate,291,,28640,,,268309504,360710144,315294208,360710144,,,,,,,,3.0974000692367554,,
1791419199.793653,556796,frontend_frame,291,0,28640,57,8,271079936,360710144,315294208,360710144,,,,,,,,,,
1791419200.4545302,556796,tracking_feedback_accumulate,292,,28640,,,274912768,360710144,317796352,360710144,,,,,,,,2.861300017684698,,
1791419200.4605296,556796,frontend_frame,292,0,28640,57,8,264210944,360710144,317796352,360710144,,,,,,,,,,
1791419201.0476284,556796,tracking_feedback_accumulate,293,,28640,,,268371456,360710144,317796352,360710144,,,,,,,,3.2388002146035433,,
1791419201.0531356,556796,frontend_frame,293,0,28640,57,8,271140352,360710144,317796352,360710144,,,,,,,,,,
1791419201.577897,556796,tracking_feedback_accumulate,294,,28640,,,274973184,360710144,317904896,360710144,,,,,,,,3.2081000972539186,,
1791419201.5829,556796,frontend_frame,294,0,28640,57,8,277742080,360710144,317904896,360710144,,,,,,,,,,
1791419202.2512841,556796,tracking_feedback_accumulate,295,,28640,,,261608960,360710144,317904896,360710144,,,,,,,,3.011800115928054,,
1791419202.3007393,556796,frontend_frame,295,0,28640,58,8,268374016,360710144,317904896,360710144,,,,,,,,,,
1791419213.5911295,556796,tracking_feedback_accumulate,296,,28964,,,272230400,360710144,317904896,360710144,,,,,,,,2.8647000435739756,,
1791419213.597129,556796,frontend_frame,296,0,28964,58,8,275077632,360710144,317904896,360710144,,,,,,,,,,
1791419214.0471208,556796,tracking_feedback_accumulate,297,,28964,,,279238144,381681664,322547200,381681664,,,,,,,,3.175499849021435,,
1791419214.0521197,556796,frontend_frame,297,0,28964,58,8,268477952,381681664,322547200,381681664,,,,,,,,,,
1791419214.6593943,556796,tracking_feedback_accumulate,298,,28964,,,272310784,381681664,322547200,381681664,,,,,,,,3.001599805429578,,
1791419214.6643949,556796,frontend_frame,298,0,28964,58,8,275155968,381681664,322547200,381681664,,,,,,,,,,
1791419215.1758814,556796,tracking_feedback_accumulate,299,,28964,,,279234560,381681664,322625536,381681664,,,,,,,,2.8521998319774866,,
1791419215.1813865,556796,frontend_frame,299,0,28964,58,8,282079744,381681664,322625536,381681664,,,,,,,,,,
1791419215.6189213,556796,tracking_feedback_accumulate,300,,28964,,,265635840,381681664,322625536,381681664,,,,,,,,3.076000139117241,,
1791419215.671009,556796,frontend_frame,300,0,28964,59,8,272477184,381681664,322625536,381681664,,,,,,,,,,
1791419226.8814762,556796,tracking_feedback_accumulate,301,,29175,,,276324864,381681664,322625536,381681664,,,,,,,,2.8914997819811106,,
1791419226.886476,556796,frontend_frame,301,0,29175,59,8,279217664,381681664,322625536,381681664,,,,,,,,,,
1791419227.452841,556796,tracking_feedback_accumulate,302,,29175,,,269568000,381681664,322625536,381681664,,,,,,,,7.107599871233106,,
1791419227.4591446,556796,frontend_frame,302,0,29175,59,8,272459776,381681664,322625536,381681664,,,,,,,,,,
1791419227.9390187,556796,tracking_feedback_accumulate,303,,29175,,,276538368,381681664,322625536,381681664,,,,,,,,3.100200090557337,,
1791419227.943018,556796,frontend_frame,303,0,29175,59,8,279430144,381681664,322625536,381681664,,,,,,,,,,
1791419228.5133462,556796,tracking_feedback_accumulate,304,,29175,,,283344896,381681664,326832128,381681664,,,,,,,,3.187699941918254,,
1791419228.5188541,556796,frontend_frame,304,0,29175,59,8,272461824,381681664,326832128,381681664,,,,,,,,,,
1791419229.1614099,556796,tracking_feedback_accumulate,305,,29175,,,276376576,381681664,326832128,381681664,,,,,,,,2.8804000467061996,,
1791419229.2124958,556796,frontend_frame,305,0,29175,60,8,283264512,381681664,326832128,381681664,,,,,,,,,,
1791419240.6350207,556796,tracking_feedback_accumulate,306,,29303,,,273579520,381681664,326832128,381681664,,,,,,,,3.072800114750862,,
1791419240.640528,556796,frontend_frame,306,0,29303,60,8,276502016,381681664,326832128,381681664,,,,,,,,,,
1791419241.1652503,556796,tracking_feedback_accumulate,307,,29303,,,280416768,381681664,326832128,381681664,,,,,,,,3.0330000445246696,,
1791419241.1692493,556796,frontend_frame,307,0,29303,60,8,283338752,381681664,326832128,381681664,,,,,,,,,,
1791419241.7735865,556796,tracking_feedback_accumulate,308,,29303,,,287499264,381681664,331198464,381681664,,,,,,,,3.0151999089866877,,
1791419241.7785878,556796,frontend_frame,308,0,29303,60,8,276585984,381681664,331198464,381681664,,,,,,,,,,
1791419242.4217875,556796,tracking_feedback_accumulate,309,,29303,,,280500736,381681664,331198464,381681664,,,,,,,,2.9351001139730215,,
1791419242.425789,556796,frontend_frame,309,0,29303,60,8,283422720,381681664,331198464,381681664,,,,,,,,,,
1791419243.0074751,556796,tracking_feedback_accumulate,310,,29303,,,287501312,381681664,331301888,381681664,,,,,,,,3.0096000991761684,,
1791419243.0610836,556796,frontend_frame,310,0,29303,61,8,273978880,381681664,331301888,381681664,,,,,,,,,,
1791419254.441554,556796,tracking_feedback_accumulate,311,,27190,,,277679104,381681664,331301888,381681664,,,,,,,,2.8649000450968742,,
1791419254.4465573,556796,frontend_frame,311,0,27190,61,8,280090112,381681664,331301888,381681664,,,,,,,,,,
1791419255.1118789,556796,tracking_feedback_accumulate,312,,27190,,,284168704,381681664,331301888,381681664,,,,,,,,3.0026999302208424,,
1791419255.1178782,556796,frontend_frame,312,0,27190,61,8,286597120,381681664,331301888,381681664,,,,,,,,,,
1791419255.812669,556796,tracking_feedback_accumulate,313,,27190,,,277827584,381681664,331301888,381681664,,,,,,,,3.0116999987512827,,
1791419255.8177578,556796,frontend_frame,313,0,27190,61,8,280256000,381681664,331301888,381681664,,,,,,,,,,
1791419256.3737757,556796,tracking_feedback_accumulate,314,,27190,,,284088832,381681664,331301888,381681664,,,,,,,,3.266100073233247,,
1791419256.3794649,556796,frontend_frame,314,0,27190,61,8,286517248,381681664,331301888,381681664,,,,,,,,,,
1791419257.0555327,556796,tracking_feedback_accumulate,315,,27190,,,290677760,381681664,334024704,381681664,,,,,,,,2.973799826577306,,
1791419257.1077359,556796,frontend_frame,315,0,27190,62,8,284254208,381681664,334024704,381681664,,,,,,,,,,
1791419268.6585035,556796,tracking_feedback_accumulate,316,,26139,,,288020992,381681664,334024704,381681664,,,,,,,,2.922600135207176,,
1791419268.6635551,556796,frontend_frame,316,0,26139,62,8,290190848,381681664,334024704,381681664,,,,,,,,,,
1791419269.1130538,556796,tracking_feedback_accumulate,317,,26139,,,294351360,381681664,337695232,381681664,,,,,,,,3.0533999670296907,,
1791419269.1198864,556796,frontend_frame,317,0,26139,62,8,283931648,381681664,337695232,381681664,,,,,,,,,,
1791419269.6613884,556796,tracking_feedback_accumulate,318,,26139,,,287764480,381681664,337695232,381681664,,,,,,,,3.4577001351863146,,
1791419269.6668894,556796,frontend_frame,318,0,26139,62,8,289943040,381681664,337695232,381681664,,,,,,,,,,
1791419270.3652813,556796,tracking_feedback_accumulate,319,,26139,,,294103552,381681664,337695232,381681664,,,,,,,,2.836500061675906,,
1791419270.3697858,556796,frontend_frame,319,0,26139,62,8,296282112,381681664,337695232,381681664,,,,,,,,,,
1791419271.009802,556796,tracking_feedback_accumulate,320,,26139,,,281674240,381681664,337695232,381681664,,,,,,,,2.9254001565277576,,
1791419271.0604413,556796,frontend_frame,320,0,26139,63,8,287848960,381681664,337695232,381681664,,,,,,,,,,
1791419282.270678,556796,tracking_feedback_accumulate,321,,25792,,,291907072,381681664,337695232,381681664,,,,,,,,2.9484000988304615,,
1791419282.2756782,556796,frontend_frame,321,0,25792,63,8,293999616,381681664,337695232,381681664,,,,,,,,,,
1791419282.9749386,556796,tracking_feedback_accumulate,322,,25792,,,285566464,402653184,337695232,402653184,,,,,,,,3.078100038692355,,
1791419282.9809368,556796,frontend_frame,322,0,25792,63,8,287662592,402653184,337695232,402653184,,,,,,,,,,
1791419283.5786068,556796,tracking_feedback_accumulate,323,,25792,,,291741184,402653184,337695232,402653184,,,,,,,,3.118199994787574,,
1791419283.5836217,556796,frontend_frame,323,0,25792,63,8,293837312,402653184,337695232,402653184,,,,,,,,,,
1791419284.0909946,556796,tracking_feedback_accumulate,324,,25792,,,297752064,402653184,341306880,402653184,,,,,,,,3.0475000385195017,,
1791419284.0959954,556796,frontend_frame,324,0,25792,63,8,287664640,402653184,341306880,402653184,,,,,,,,,,
1791419284.8071632,556796,tracking_feedback_accumulate,325,,25792,,,291825152,402653184,341306880,402653184,,,,,,,,2.848300151526928,,
1791419284.8583708,556796,frontend_frame,325,0,25792,64,8,297917440,402653184,341306880,402653184,,,,,,,,,,
1791419296.0887046,556796,tracking_feedback_accumulate,326,,25929,,,301761024,402653184,345304576,402653184,,,,,,,,3.2731001265347004,,
1791419296.0942085,556796,frontend_frame,326,0,25929,64,8,303890432,402653184,345304576,402653184,,,,,,,,,,
1791419296.626289,556796,tracking_feedback_accumulate,327,,25929,,,289661440,402653184,345304576,402653184,,,,,,,,2.937900135293603,,
1791419296.631289,556796,frontend_frame,327,0,25929,64,8,291789824,402653184,345304576,402653184,,,,,,,,,,
1791419297.2639863,556796,tracking_feedback_accumulate,328,,25929,,,295868416,402653184,345304576,402653184,,,,,,,,2.9682000167667866,,
1791419297.2680075,556796,frontend_frame,328,0,25929,64,8,297996800,402653184,345304576,402653184,,,,,,,,,,
1791419297.9806247,556796,tracking_feedback_accumulate,329,,25929,,,289581568,402653184,345304576,402653184,,,,,,,,2.8198000509291887,,
1791419297.9846237,556796,frontend_frame,329,0,25929,64,8,291709952,402653184,345304576,402653184,,,,,,,,,,
1791419298.6230094,556796,tracking_feedback_accumulate,330,,25929,,,295788544,402653184,345304576,402653184,,,,,,,,3.0578000005334616,,
1791419298.6748867,556796,frontend_frame,330,0,25929,65,8,301913088,402653184,345304576,402653184,,,,,,,,,,
1791419310.1101277,556796,tracking_feedback_accumulate,331,,26240,,,293601280,402653184,345304576,402653184,,,,,,,,3.0127998907119036,,
1791419310.1161592,556796,frontend_frame,331,0,26240,65,8,295799808,402653184,345304576,402653184,,,,,,,,,,
1791419310.5842702,556796,tracking_feedback_accumulate,332,,26240,,,299878400,402653184,345304576,402653184,,,,,,,,5.434000166133046,,
1791419310.5902708,556796,frontend_frame,332,0,26240,65,8,302075392,402653184,345304576,402653184,,,,,,,,,,
1791419311.119654,556796,tracking_feedback_accumulate,333,,26240,,,305990144,402653184,349477376,402653184,,,,,,,,2.8991999570280313,,
1791419311.1246538,556796,frontend_frame,333,0,26240,65,8,295801856,402653184,349477376,402653184,,,,,,,,,,
1791419311.717899,556796,tracking_feedback_accumulate,334,,26240,,,299962368,402653184,349477376,402653184,,,,,,,,3.4533999860286713,,
1791419311.723905,556796,frontend_frame,334,0,26240,65,8,302159360,402653184,349477376,402653184,,,,,,,,,,
1791419312.2738764,556796,tracking_feedback_accumulate,335,,26240,,,306074112,402653184,349477376,402653184,,,,,,,,2.8530999552458525,,
1791419312.3236685,556796,frontend_frame,335,0,26240,66,8,312267264,402653184,349477376,402653184,,,,,,,,,,
1791419323.747185,556796,tracking_feedback_accumulate,336,,26623,,,297795072,402653184,349477376,402653184,,,,,,,,3.0758001375943422,,
1791419323.7528422,556796,frontend_frame,336,0,26623,66,8,300085248,402653184,349477376,402653184,,,,,,,,,,
1791419324.2749562,556796,tracking_feedback_accumulate,337,,26623,,,304000000,402653184,349477376,402653184,,,,,,,,2.950299996882677,,
1791419324.2799559,556796,frontend_frame,337,0,26623,66,8,306287616,402653184,349477376,402653184,,,,,,,,,,
1791419324.992185,556796,tracking_feedback_accumulate,338,,26623,,,297799680,402653184,349477376,402653184,,,,,,,,2.968600019812584,,
1791419324.9971857,556796,frontend_frame,338,0,26623,66,8,300087296,402653184,349477376,402653184,,,,,,,,,,
1791419325.6530018,556796,tracking_feedback_accumulate,339,,26623,,,303920128,402653184,349477376,402653184,,,,,,,,3.1262999400496483,,
1791419325.6575744,556796,frontend_frame,339,0,26623,66,8,306207744,402653184,349477376,402653184,,,,,,,,,,
1791419326.3338752,556796,tracking_feedback_accumulate,340,,26623,,,310368256,402653184,353254912,402653184,,,,,,,,2.863100031390786,,
1791419326.386079,556796,frontend_frame,340,0,26623,67,8,304085504,402653184,353254912,402653184,,,,,,,,,,
1791419338.0139256,556796,tracking_feedback_accumulate,341,,26853,,,307937792,402653184,353254912,402653184,,,,,,,,3.0611001420766115,,
1791419338.018974,556796,frontend_frame,341,0,26853,67,8,310287360,402653184,353254912,402653184,,,,,,,,,,
1791419338.665998,556796,tracking_feedback_accumulate,342,,26853,,,314447872,402653184,357162496,402653184,,,,,,,,3.3140999730676413,,
1791419338.6719985,556796,frontend_frame,342,0,26853,67,8,304168960,402653184,357162496,402653184,,,,,,,,,,
1791419339.3564694,556796,tracking_feedback_accumulate,343,,26853,,,308001792,402653184,357162496,402653184,,,,,,,,2.899100072681904,,
1791419339.361562,556796,frontend_frame,343,0,26853,67,8,310349824,402653184,357162496,402653184,,,,,,,,,,
1791419339.8475175,556796,tracking_feedback_accumulate,344,,26853,,,314510336,402653184,357162496,402653184,,,,,,,,3.2261000014841557,,
1791419339.8530254,556796,frontend_frame,344,0,26853,67,8,316858368,402653184,357162496,402653184,,,,,,,,,,
1791419340.4576945,556796,tracking_feedback_accumulate,345,,26853,,,308085760,402653184,357162496,402653184,,,,,,,,2.8419001027941704,,
1791419340.4626954,556796,frontend_frame,345,0,26853,67,8,310434304,402653184,357162496,402653184,,,,,,,,,,
1791419341.1582239,556796,tracking_feedback_accumulate,346,,26853,,,314512896,402653184,357162496,402653184,,,,,,,,3.0006999149918556,,
1791419341.16383,556796,frontend_frame,346,0,26853,67,8,316860928,402653184,357162496,402653184,,,,,,,,,,
1791419341.8552804,556796,tracking_feedback_accumulate,347,,26853,,,320693760,406847488,363123712,406847488,,,,,,,,3.328499849885702,,
1791419341.8602796,556796,frontend_frame,347,0,26853,67,8,310354432,406847488,363123712,406847488,,,,,,,,,,
1791419342.5461748,556796,tracking_feedback_accumulate,348,,26853,,,314514944,406847488,363123712,406847488,,,,,,,,2.867999952286482,,
1791419342.551175,556796,frontend_frame,348,0,26853,67,8,316862976,406847488,363123712,406847488,,,,,,,,,,
1791419343.1748102,556796,tracking_feedback_accumulate,349,,26853,,,320695808,406847488,363125760,406847488,,,,,,,,2.9162000864744186,,
1791419343.2253714,556796,frontend_frame,349,0,26853,68,8,327039488,408944640,363125760,408944640,,,,,,,,,,
1791419354.6739612,556796,tracking_feedback_accumulate,350,,26970,,,312097792,408944640,363125760,408944640,,,,,,,,2.873700112104416,,
1791419354.6799986,556796,frontend_frame,350,0,26970,68,8,314474496,377487360,363125760,408944640,,,,,,,,,,
1791419355.1289737,556796,tracking_feedback_accumulate,351,,26970,,,318389248,400556032,363125760,408944640,,,,,,,,2.952300012111664,,
1791419355.135974,556796,frontend_frame,351,0,26970,68,8,320765440,402653184,363125760,408944640,,,,,,,,,,
1791419355.7207806,556796,tracking_feedback_accumulate,352,,26970,,,312182272,404750336,366692352,408944640,,,,,,,,2.9321000911295414,,
1791419355.7257807,556796,frontend_frame,352,0,26970,68,8,314558464,404750336,366692352,408944640,,,,,,,,,,
1791419356.4154787,556796,tracking_feedback_accumulate,353,,26970,,,318391296,425721856,366692352,425721856,,,,,,,,2.918099984526634,,
1791419356.419984,556796,frontend_frame,353,0,26970,68,8,320767488,425721856,366692352,425721856,,,,,,,,,,
1791419357.1111312,556796,tracking_feedback_accumulate,354,,26970,,,324928000,427819008,367358464,427819008,,,,,,,,2.946099964901805,,
1791419357.1616054,556796,frontend_frame,354,0,26970,69,8,318556672,427819008,367358464,427819008,,,,,,,,,,
1791419368.719377,556796,tracking_feedback_accumulate,355,,27938,,,322454528,427819008,367358464,427819008,,,,,,,,3.252800088375807,,
1791419368.7233775,556796,frontend_frame,355,0,27938,69,8,325065216,427819008,367358464,427819008,,,,,,,,,,
1791419369.3441367,556796,tracking_feedback_accumulate,356,,27938,,,329225728,427819008,372454912,427819008,,,,,,,,3.071199869737029,,
1791419369.3501363,556796,frontend_frame,356,0,27938,69,8,331829248,429916160,372454912,429916160,,,,,,,,,,
1791419370.062519,556796,tracking_feedback_accumulate,357,,27938,,,316091904,429916160,372454912,429916160,,,,,,,,2.8659000527113676,,
1791419370.0675182,556796,frontend_frame,357,0,27938,69,8,318695424,429916160,372454912,429916160,,,,,,,,,,
1791419370.6828914,556796,tracking_feedback_accumulate,358,,27938,,,322774016,429916160,372454912,429916160,,,,,,,,3.5945000126957893,,
1791419370.6878955,556796,frontend_frame,358,0,27938,69,8,325377536,429916160,372454912,429916160,,,,,,,,,,
1791419371.373419,556796,tracking_feedback_accumulate,359,,27938,,,329292288,429916160,372685312,429916160,,,,,,,,2.952100010588765,,
1791419371.4243584,556796,frontend_frame,359,0,27938,70,8,322693632,429916160,372685312,429916160,,,,,,,,,,
1791419383.1378605,556796,tracking_feedback_accumulate,360,,29125,,,320252416,429916160,372685312,429916160,,,,,,,,2.9587000608444214,,
1791419383.1443658,556796,frontend_frame,360,0,29125,70,8,323145216,377487360,372685312,429916160,,,,,,,,,,
1791419383.859305,556796,tracking_feedback_accumulate,361,,29125,,,327223808,423624704,372685312,429916160,,,,,,,,2.938400022685528,,
1791419383.8643079,556796,frontend_frame,361,0,29125,70,8,330107392,425721856,372685312,429916160,,,,,,,,,,
1791419384.5723293,556796,tracking_feedback_accumulate,362,,29125,,,333940224,427819008,377655808,429916160,,,,,,,,2.9551000334322453,,
1791419384.5773323,556796,frontend_frame,362,0,29125,70,8,323065344,427819008,377655808,429916160,,,,,,,,,,
1791419385.2874072,556796,tracking_feedback_accumulate,363,,29125,,,327225856,427819008,377655808,429916160,,,,,,,,3.1282000709325075,,
1791419385.2924182,556796,frontend_frame,363,0,29125,70,8,330109440,427819008,377655808,429916160,,,,,,,,,,
1791419385.87504,556796,tracking_feedback_accumulate,364,,29125,,,334024192,427819008,377655808,429916160,,,,,,,,2.8401000890880823,,
1791419385.9281151,556796,frontend_frame,364,0,29125,71,8,340903936,432013312,377655808,432013312,,,,,,,,,,
1791419397.4285665,556796,tracking_feedback_accumulate,365,,29864,,,317888000,432013312,377655808,432013312,,,,,,,,3.204700071364641,,
1791419397.4325657,556796,frontend_frame,365,0,29864,71,8,320949760,432013312,377655808,432013312,,,,,,,,,,
1791419397.8623004,556796,tracking_feedback_accumulate,366,,29864,,,325110272,432013312,377655808,432013312,,,,,,,,3.845199942588806,,
1791419397.8674123,556796,frontend_frame,366,0,29864,71,8,328166912,432013312,377655808,432013312,,,,,,,,,,
1791419398.364875,556796,tracking_feedback_accumulate,367,,29864,,,317895168,432013312,377655808,432013312,,,,,,,,2.9468999709933996,,
1791419398.3704734,556796,frontend_frame,367,0,29864,71,8,320951808,432013312,377655808,432013312,,,,,,,,,,
1791419398.9959595,556796,tracking_feedback_accumulate,368,,29864,,,325112320,432013312,377655808,432013312,,,,,,,,3.6607999354600906,,
1791419399.0009592,556796,frontend_frame,368,0,29864,71,8,328168960,432013312,377655808,432013312,,,,,,,,,,
1791419399.570056,556796,tracking_feedback_accumulate,369,,29864,,,332001792,432013312,377655808,432013312,,,,,,,,2.975400071591139,,
1791419399.620702,556796,frontend_frame,369,0,29864,72,8,324950016,432013312,377655808,432013312,,,,,,,,,,
1791419411.2651181,556796,tracking_feedback_accumulate,370,,31017,,,329187840,432013312,377655808,432013312,,,,,,,,2.9945001006126404,,
1791419411.2711196,556796,frontend_frame,370,0,31017,72,8,332525056,398458880,377655808,432013312,,,,,,,,,,
1791419411.7816966,556796,tracking_feedback_accumulate,371,,31017,,,336439808,425721856,380556288,432013312,,,,,,,,2.957999939098954,,
1791419411.7888234,556796,frontend_frame,371,0,31017,72,8,325391872,425721856,380556288,432013312,,,,,,,,,,
1791419412.3840199,556796,tracking_feedback_accumulate,372,,31017,,,329306624,425721856,380556288,432013312,,,,,,,,2.957999939098954,,
1791419412.3885207,556796,frontend_frame,372,0,31017,72,8,332635136,425721856,380556288,432013312,,,,,,,,,,
1791419412.9984355,556796,tracking_feedback_accumulate,373,,31017,,,336713728,425721856,380926976,432013312,,,,,,,,2.819100162014365,,
1791419413.0049326,556796,frontend_frame,373,0,31017,72,8,340042240,429916160,380926976,432013312,,,,,,,,,,
1791419413.6189365,556796,tracking_feedback_accumulate,374,,31017,,,329308672,429916160,380926976,432013312,,,,,,,,2.841699868440628,,
1791419413.6695166,556796,frontend_frame,374,0,31017,73,8,336633344,429916160,380926976,432013312,,,,,,,,,,
1791419425.3565364,556796,tracking_feedback_accumulate,375,,31768,,,340764672,450887680,385213440,450887680,,,,,,,,3.0716999899595976,,
1791419425.360536,556796,frontend_frame,375,0,31768,73,8,344278016,450887680,385213440,450887680,,,,,,,,,,
1791419425.9567652,556796,tracking_feedback_accumulate,376,,31768,,,348356608,455081984,392835072,455081984,,,,,,,,3.094700165092945,,
1791419425.9622703,556796,frontend_frame,376,0,31768,73,8,337036800,455081984,392835072,455081984,,,,,,,,,,
1791419426.6684823,556796,tracking_feedback_accumulate,377,,31768,,,340869632,455081984,392835072,455081984,,,,,,,,3.0300000216811895,,
1791419426.6739924,556796,frontend_frame,377,0,31768,73,8,344377344,455081984,392835072,455081984,,,,,,,,,,
1791419427.3621743,556796,tracking_feedback_accumulate,378,,31768,,,348455936,455081984,393207296,455081984,,,,,,,,3.1175001058727503,,
1791419427.3671734,556796,frontend_frame,378,0,31768,73,8,351963648,457179136,393207296,457179136,,,,,,,,,,
1791419428.022828,556796,tracking_feedback_accumulate,379,,31768,,,333532160,457179136,393207296,457179136,,,,,,,,3.235999960452318,,
1791419428.0729663,556796,frontend_frame,379,0,31768,74,8,341036032,457179136,393207296,457179136,,,,,,,,,,
1791419440.018674,556796,tracking_feedback_accumulate,380,,29072,,,337192960,457179136,393207296,457179136,,,,,,,,3.0525000765919685,,
1791419440.0271766,556796,frontend_frame,380,0,29072,74,8,340044288,402653184,393207296,457179136,,,,,,,,,,
1791419440.5794334,556796,tracking_feedback_accumulate,381,,29072,,,344122880,444596224,393207296,457179136,,,,,,,,2.924199914559722,,
1791419440.5851183,556796,frontend_frame,381,0,29072,74,8,346996224,448790528,393207296,457179136,,,,,,,,,,
1791419441.2336054,556796,tracking_feedback_accumulate,382,,29072,,,351074816,452984832,396014080,457179136,,,,,,,,2.9895000625401735,,
1791419441.2401106,556796,frontend_frame,382,0,29072,74,8,340210176,452984832,396014080,457179136,,,,,,,,,,
1791419441.8301036,556796,tracking_feedback_accumulate,383,,29072,,,344043008,452984832,396014080,457179136,,,,,,,,3.1298999674618244,,
1791419441.8346372,556796,frontend_frame,383,0,29072,74,8,346916352,452984832,396014080,457179136,,,,,,,,,,
1791419442.487715,556796,tracking_feedback_accumulate,384,,29072,,,351076864,452984832,396016128,457179136,,,,,,,,2.9511000029742718,,
1791419442.5387182,556796,frontend_frame,384,0,29072,75,8,357946368,452984832,396016128,457179136,,,,,,,,,,
1791419454.5899048,556796,tracking_feedback_accumulate,385,,27751,,,341087744,452984832,396016128,457179136,,,,,,,,3.140100045129657,,
1791419454.594407,556796,frontend_frame,385,0,27751,75,8,343635968,452984832,396016128,457179136,,,,,,,,,,
1791419455.2205198,556796,tracking_feedback_accumulate,386,,27751,,,347714560,452984832,396016128,457179136,,,,,,,,3.3439998514950275,,
1791419455.225523,556796,frontend_frame,386,0,27751,75,8,350274048,452984832,396016128,457179136,,,,,,,,,,
1791419455.864377,556796,tracking_feedback_accumulate,387,,27751,,,341242368,452984832,398489600,457179136,,,,,,,,4.271100042387843,,
1791419455.8708832,556796,frontend_frame,387,0,27751,75,8,343801856,452984832,398489600,457179136,,,,,,,,,,
1791419456.4743738,556796,tracking_feedback_accumulate,388,,27751,,,347634688,452984832,398489600,457179136,,,,,,,,2.951399888843298,,
1791419456.4783745,556796,frontend_frame,388,0,27751,75,8,350194176,452984832,398489600,457179136,,,,,,,,,,
1791419457.049087,556796,tracking_feedback_accumulate,389,,27751,,,354272768,452984832,399165440,457179136,,,,,,,,3.3142000902444124,,
1791419457.1093016,556796,frontend_frame,389,0,27751,76,8,340393984,452984832,399165440,457179136,,,,,,,,,,
1791419468.9181888,556796,tracking_feedback_accumulate,390,,27350,,,344286208,452984832,399165440,457179136,,,,,,,,3.669300116598606,,
1791419468.924189,556796,frontend_frame,390,0,27350,76,8,346749440,423624704,399165440,457179136,,,,,,,,,,
1791419469.4226313,556796,tracking_feedback_accumulate,391,,27350,,,350828032,444596224,399165440,457179136,,,,,,,,3.211400005966425,,
1791419469.428634,556796,frontend_frame,391,0,27350,76,8,340277248,444596224,399165440,457179136,,,,,,,,,,
1791419469.9276698,556796,tracking_feedback_accumulate,392,,27350,,,344192000,444596224,399165440,457179136,,,,,,,,3.0187000520527363,,
1791419469.9326723,556796,frontend_frame,392,0,27350,76,8,346658816,444596224,399165440,457179136,,,,,,,,,,
1791419470.4328544,556796,tracking_feedback_accumulate,393,,27350,,,350737408,444596224,399165440,457179136,,,,,,,,2.8776999097317457,,
1791419470.438907,556796,frontend_frame,393,0,27350,76,8,353204224,446693376,399165440,457179136,,,,,,,,,,
1791419471.0060773,556796,tracking_feedback_accumulate,394,,27350,,,344194048,446693376,399165440,457179136,,,,,,,,2.9430000577121973,,
1791419471.0565028,556796,frontend_frame,394,0,27350,77,8,350657024,446693376,399165440,457179136,,,,,,,,,,
1791419482.7082791,556796,tracking_feedback_accumulate,395,,27429,,,354824192,446693376,399165440,457179136,,,,,,,,3.2613000366836786,,
1791419482.7132795,556796,frontend_frame,395,0,27429,77,8,357306880,446693376,399165440,457179136,,,,,,,,,,
1791419483.238662,556796,tracking_feedback_accumulate,396,,27429,,,361221632,450887680,405444096,457179136,,,,,,,,2.972999820485711,,
1791419483.2451713,556796,frontend_frame,396,0,27429,77,8,350763520,450887680,405444096,457179136,,,,,,,,,,
1791419483.7517474,556796,tracking_feedback_accumulate,397,,27429,,,354842112,450887680,405444096,457179136,,,,,,,,3.0249999836087227,,
1791419483.7572532,556796,frontend_frame,397,0,27429,77,8,357324800,450887680,405444096,457179136,,,,,,,,,,
1791419484.3933177,556796,tracking_feedback_accumulate,398,,27429,,,361157632,450887680,405444096,457179136,,,,,,,,2.7759000658988953,,
1791419484.3988543,556796,frontend_frame,398,0,27429,77,8,350683648,450887680,405444096,457179136,,,,,,,,,,
1791419484.957354,556796,tracking_feedback_accumulate,399,,27429,,,354762240,450887680,405444096,457179136,,,,,,,,2.9364998918026686,,
1791419485.0078914,556796,frontend_frame,399,0,27429,78,8,361241088,450887680,405444096,457179136,,,,,,,,,,
1791419496.593408,556796,tracking_feedback_accumulate,400,,27894,,,365351424,471859200,409369088,471859200,,,,,,,,3.0016000382602215,,
1791419496.598407,556796,frontend_frame,400,0,27894,78,8,367944192,432013312,409369088,473956352,,,,,,,,,,
1791419497.162274,556796,tracking_feedback_accumulate,401,,27894,,,358713344,473956352,409369088,473956352,,,,,,,,3.46389994956553,,
1791419497.1672745,556796,frontend_frame,401,0,27894,78,8,361303040,473956352,409369088,473956352,,,,,,,,,,
1791419497.667096,556796,tracking_feedback_accumulate,402,,27894,,,365463552,473956352,409418752,473956352,,,,,,,,3.3656000159680843,,
1791419497.672601,556796,frontend_frame,402,0,27894,78,8,368053248,476053504,409418752,476053504,,,,,,,,,,
1791419498.1981907,556796,tracking_feedback_accumulate,403,,27894,,,371968000,480247808,416872960,480247808,,,,,,,,3.2794999424368143,,
1791419498.2086906,556796,frontend_frame,403,0,27894,78,8,361387008,480247808,416872960,480247808,,,,,,,,,,
1791419498.7378552,556796,tracking_feedback_accumulate,404,,27894,,,365465600,480247808,416872960,480247808,,,,,,,,3.1912000849843025,,
1791419498.7909262,556796,frontend_frame,404,0,27894,79,8,372051456,480247808,416872960,480247808,,,,,,,,,,
1791419510.4774659,556796,tracking_feedback_accumulate,405,,28383,,,376002048,480247808,420924928,480247808,,,,,,,,3.354300046339631,,
1791419510.4834626,556796,frontend_frame,405,0,28383,79,8,365543424,480247808,420924928,480247808,,,,,,,,,,
1791419510.9793398,556796,tracking_feedback_accumulate,406,,28383,,,369622016,480247808,420924928,480247808,,,,,,,,2.8611000161617994,,
1791419510.984363,556796,frontend_frame,406,0,28383,79,8,372330496,480247808,420924928,480247808,,,,,,,,,,
1791419511.510299,556796,tracking_feedback_accumulate,407,,28383,,,376245248,480247808,421199360,480247808,,,,,,,,3.130899975076318,,
1791419511.516349,556796,frontend_frame,407,0,28383,79,8,378953728,482344960,421199360,482344960,,,,,,,,,,
1791419512.139311,556796,tracking_feedback_accumulate,408,,28383,,,362919936,482344960,421199360,482344960,,,,,,,,2.9443998355418444,,
1791419512.1453416,556796,frontend_frame,408,0,28383,79,8,365628416,482344960,421199360,482344960,,,,,,,,,,
1791419512.6272185,556796,tracking_feedback_accumulate,409,,28383,,,369543168,482344960,421199360,482344960,,,,,,,,3.3283999655395746,,
1791419512.6768384,556796,frontend_frame,409,0,28383,80,8,376247808,482344960,421199360,482344960,,,,,,,,,,
1791419524.3467884,556796,tracking_feedback_accumulate,410,,28653,,,366937088,482344960,421199360,482344960,,,,,,,,2.894200151786208,,
1791419524.3525631,556796,frontend_frame,410,0,28653,80,8,369709568,448790528,421199360,482344960,,,,,,,,,,
1791419524.8477674,556796,tracking_feedback_accumulate,411,,28653,,,373624320,473956352,421199360,482344960,,,,,,,,3.070699982345104,,
1791419524.8532705,556796,frontend_frame,411,0,28653,80,8,376395264,476053504,421199360,482344960,,,,,,,,,,
1791419525.37127,556796,tracking_feedback_accumulate,412,,28653,,,380473856,480247808,425371136,482344960,,,,,,,,3.223000094294548,,
1791419525.3764856,556796,frontend_frame,412,0,28653,80,8,369711616,480247808,425371136,482344960,,,,,,,,,,
1791419525.858342,556796,tracking_feedback_accumulate,413,,28653,,,373626368,480247808,425371136,482344960,,,,,,,,2.894700039178133,,
1791419525.8628497,556796,frontend_frame,413,0,28653,80,8,376397312,480247808,425371136,482344960,,,,,,,,,,
1791419526.3448324,556796,tracking_feedback_accumulate,414,,28653,,,380475904,480247808,425373184,482344960,,,,,,,,3.2675000838935375,,
1791419526.3503394,556796,frontend_frame,414,0,28653,80,8,383247360,482344960,425373184,482344960,,,,,,,,,,
1791419526.8720016,556796,tracking_feedback_accumulate,415,,28653,,,366780416,482344960,425373184,482344960,,,,,,,,2.962100086733699,,
1791419526.921662,556796,frontend_frame,415,0,28653,81,8,373547008,482344960,425373184,482344960,,,,,,,,,,
1791419538.4027712,556796,tracking_feedback_accumulate,416,,28907,,,377645056,482344960,425373184,482344960,,,,,,,,2.8623000252991915,,
1791419538.4077716,556796,frontend_frame,416,0,28907,81,8,380477952,482344960,425373184,482344960,,,,,,,,,,
1791419538.9181783,556796,tracking_feedback_accumulate,417,,28907,,,358022144,482344960,425373184,482344960,,,,,,,,2.9794001020491123,,
1791419538.9246836,556796,frontend_frame,417,0,28907,81,8,360853504,482344960,425373184,482344960,,,,,,,,,,
1791419539.317559,556796,tracking_feedback_accumulate,418,,28907,,,364686336,482344960,425373184,482344960,,,,,,,,3.20790009573102,,
1791419539.3240645,556796,frontend_frame,418,0,28907,81,8,367517696,482344960,425373184,482344960,,,,,,,,,,
1791419539.848724,556796,tracking_feedback_accumulate,419,,28907,,,371596288,482344960,425373184,482344960,,,,,,,,2.8594001196324825,,
1791419539.8542473,556796,frontend_frame,419,0,28907,81,8,360773632,482344960,425373184,482344960,,,,,,,,,,
1791419540.3435047,556796,tracking_feedback_accumulate,420,,28907,,,364688384,482344960,425373184,482344960,,,,,,,,2.804200164973736,,
1791419540.3490107,556796,frontend_frame,420,0,28907,81,8,367520256,425721856,425373184,482344960,,,,,,,,,,
1791419540.9011877,556796,tracking_feedback_accumulate,421,,28907,,,371598848,467664896,425373184,482344960,,,,,,,,2.9150000773370266,,
1791419540.9547863,556796,frontend_frame,421,0,28907,82,8,378425856,469762048,425373184,482344960,,,,,,,,,,
1791419552.534309,556796,tracking_feedback_accumulate,422,,29092,,,362038272,469762048,425373184,482344960,,,,,,,,2.9627999756485224,,
1791419552.5398161,556796,frontend_frame,422,0,29092,82,8,364914688,469762048,425373184,482344960,,,,,,,,,,
1791419553.0172231,556796,tracking_feedback_accumulate,423,,29092,,,368747520,469762048,425373184,482344960,,,,,,,,2.8433999978005886,,
1791419553.022732,556796,frontend_frame,423,0,29092,82,8,371622912,469762048,425373184,482344960,,,,,,,,,,
1791419553.5666502,556796,tracking_feedback_accumulate,424,,29092,,,362041344,469762048,425373184,482344960,,,,,,,,2.8250999748706818,,
1791419553.5716834,556796,frontend_frame,424,0,29092,82,8,364916736,469762048,425373184,482344960,,,,,,,,,,
1791419554.080581,556796,tracking_feedback_accumulate,425,,29092,,,368831488,469762048,425373184,482344960,,,,,,,,2.9650998767465353,,
1791419554.0850852,556796,frontend_frame,425,0,29092,82,8,371706880,469762048,425373184,482344960,,,,,,,,,,
1791419554.561787,556796,tracking_feedback_accumulate,426,,29092,,,375785472,469762048,425373184,482344960,,,,,,,,3.0767000280320644,,
1791419554.6174579,556796,frontend_frame,426,0,29092,83,8,368914944,469762048,425373184,482344960,,,,,,,,,,
1791419566.207276,556796,tracking_feedback_accumulate,427,,29112,,,372834304,490733568,425373184,490733568,,,,,,,,2.8736998792737722,,
1791419566.2123003,556796,frontend_frame,427,0,29112,83,8,375715328,490733568,425373184,490733568,,,,,,,,,,
1791419566.7346964,556796,tracking_feedback_accumulate,428,,29112,,,379630080,490733568,425373184,490733568,,,,,,,,3.013300010934472,,
1791419566.7407308,556796,frontend_frame,428,0,29112,83,8,382511616,492830720,425373184,492830720,,,,,,,,,,
1791419567.2594602,556796,tracking_feedback_accumulate,429,,29112,,,366046720,492830720,425373184,492830720,,,,,,,,2.9023000970482826,,
1791419567.263965,556796,frontend_frame,429,0,29112,83,8,368928256,492830720,425373184,492830720,,,,,,,,,,
1791419567.7945805,556796,tracking_feedback_accumulate,430,,29112,,,372843008,492830720,425373184,492830720,,,,,,,,3.74219985678792,,
1791419567.8000875,556796,frontend_frame,430,0,29112,83,8,375724544,446693376,425373184,492830720,,,,,,,,,,
1791419568.3653853,556796,tracking_feedback_accumulate,431,,29112,,,366048768,488636416,425373184,492830720,,,,,,,,2.873399993404746,,
1791419568.370385,556796,frontend_frame,431,0,29112,83,8,368930816,488636416,425373184,492830720,,,,,,,,,,
1791419568.8137789,556796,tracking_feedback_accumulate,432,,29112,,,372763648,488636416,425373184,492830720,,,,,,,,3.449000185355544,,
1791419568.8187795,556796,frontend_frame,432,0,29112,83,8,375645184,488636416,425373184,492830720,,,,,,,,,,
1791419569.2181213,556796,tracking_feedback_accumulate,433,,29112,,,379723776,490733568,425373184,492830720,,,,,,,,2.9691997915506363,,
1791419569.2698507,556796,frontend_frame,433,0,29112,84,8,372846592,490733568,425373184,492830720,,,,,,,,,,
1791419580.9471269,556796,tracking_feedback_accumulate,434,,29517,,,376952832,490733568,425373184,492830720,,,,,,,,3.011800115928054,,
1791419580.9521492,556796,frontend_frame,434,0,29517,84,8,379930112,490733568,425373184,492830720,,,,,,,,,,
1791419581.4485939,556796,tracking_feedback_accumulate,435,,29517,,,383844864,490733568,427840512,492830720,,,,,,,,3.0545000918209553,,
1791419581.4535933,556796,frontend_frame,435,0,29517,84,8,386819072,494927872,427840512,494927872,,,,,,,,,,
1791419581.8839116,556796,tracking_feedback_accumulate,436,,29517,,,369916928,494927872,427840512,494927872,,,,,,,,3.481999970972538,,
1791419581.8879118,556796,frontend_frame,436,0,29517,84,8,372891136,494927872,427840512,494927872,,,,,,,,,,
1791419582.4375832,556796,tracking_feedback_accumulate,437,,29517,,,376969728,494927872,427840512,494927872,,,,,,,,3.4910000395029783,,
1791419582.4430535,556796,frontend_frame,437,0,29517,84,8,379943936,494927872,427840512,494927872,,,,,,,,,,
1791419582.9929016,556796,tracking_feedback_accumulate,438,,29517,,,370082816,494927872,427840512,494927872,,,,,,,,3.0810001771897078,,
1791419583.044819,556796,frontend_frame,438,0,29517,85,8,377053184,494927872,427840512,494927872,,,,,,,,,,
1791419594.7539783,556796,tracking_feedback_accumulate,439,,29642,,,373926912,494927872,427840512,494927872,,,,,,,,2.9770999681204557,,
1791419594.758979,556796,frontend_frame,439,0,29642,85,8,376931840,494927872,427840512,494927872,,,,,,,,,,
1791419595.2759287,556796,tracking_feedback_accumulate,440,,29642,,,381092352,494927872,427840512,494927872,,,,,,,,2.9552001506090164,,
1791419595.2819376,556796,frontend_frame,440,0,29642,85,8,384096768,446693376,427840512,494927872,,,,,,,,,,
1791419595.837347,556796,tracking_feedback_accumulate,441,,29642,,,388011520,492830720,433086464,494927872,,,,,,,,2.971300156787038,,
1791419595.8428545,556796,frontend_frame,441,0,29642,85,8,377015808,492830720,433086464,494927872,,,,,,,,,,
1791419596.2917893,556796,tracking_feedback_accumulate,442,,29642,,,380930560,492830720,433086464,494927872,,,,,,,,2.923599909991026,,
1791419596.2962902,556796,frontend_frame,442,0,29642,85,8,383934976,492830720,433086464,494927872,,,,,,,,,,
1791419596.7823362,556796,tracking_feedback_accumulate,443,,29642,,,388095488,492830720,433088512,494927872,,,,,,,,3.6297000478953123,,
1791419596.8345482,556796,frontend_frame,443,0,29642,86,8,395096064,494927872,433088512,494927872,,,,,,,,,,
1791419608.5495143,556796,tracking_feedback_accumulate,444,,29845,,,377946112,494927872,433088512,494927872,,,,,,,,3.1295998487621546,,
1791419608.554258,556796,frontend_frame,444,0,29845,86,8,381001728,494927872,433088512,494927872,,,,,,,,,,
1791419609.087717,556796,tracking_feedback_accumulate,445,,29845,,,385080320,494927872,433088512,494927872,,,,,,,,3.361599985510111,,
1791419609.0940924,556796,frontend_frame,445,0,29845,86,8,388134912,494927872,433088512,494927872,,,,,,,,,,
1791419609.614539,556796,tracking_feedback_accumulate,446,,29845,,,378113024,494927872,433088512,494927872,,,,,,,,3.1904999632388353,,
1791419609.6195722,556796,frontend_frame,446,0,29845,86,8,381167616,494927872,433088512,494927872,,,,,,,,,,
1791419610.124188,556796,tracking_feedback_accumulate,447,,29845,,,385000448,494927872,433088512,494927872,,,,,,,,3.0157999135553837,,
1791419610.1291916,556796,frontend_frame,447,0,29845,86,8,388055040,494927872,433088512,494927872,,,,,,,,,,
1791419610.6818345,556796,tracking_feedback_accumulate,448,,29845,,,392133632,494927872,437229568,494927872,,,,,,,,3.677800064906478,,
1791419610.7335565,556796,frontend_frame,448,0,29845,87,8,385083904,494927872,437229568,494927872,,,,,,,,,,
1791419623.1586645,556796,tracking_feedback_accumulate,449,,30059,,,389177344,494927872,437229568,494927872,,,,,,,,3.2184000592678785,,
1791419623.1636643,556796,frontend_frame,449,0,30059,87,8,392281600,494927872,437229568,494927872,,,,,,,,,,
1791419623.7259393,556796,tracking_feedback_accumulate,450,,30059,,,396114432,494927872,441161216,494927872,,,,,,,,3.320199903100729,,
1791419623.7329502,556796,frontend_frame,450,0,30059,87,8,385068544,471859200,441161216,494927872,,,,,,,,,,
1791419624.2636435,556796,tracking_feedback_accumulate,451,,30059,,,389229056,492830720,441161216,494927872,,,,,,,,7.222400046885014,,
1791419624.2726576,556796,frontend_frame,451,0,30059,87,8,392332288,492830720,441161216,494927872,,,,,,,,,,
1791419624.8751519,556796,tracking_feedback_accumulate,452,,30059,,,396247040,492830720,441217536,494927872,,,,,,,,3.07890004478395,,
1791419624.879762,556796,frontend_frame,452,0,30059,87,8,399350272,497025024,441217536,497025024,,,,,,,,,,
1791419625.5150723,556796,tracking_feedback_accumulate,453,,30059,,,389231104,497025024,441217536,497025024,,,,,,,,3.4060999751091003,,
1791419625.573638,556796,frontend_frame,453,0,30059,88,8,396330496,497025024,441217536,497025024,,,,,,,,,,
1791419637.728736,556796,tracking_feedback_accumulate,454,,26878,,,399958016,517996544,444343808,517996544,,,,,,,,6.425200030207634,,
1791419637.741388,556796,frontend_frame,454,0,26878,88,8,402279936,517996544,444343808,517996544,,,,,,,,,,
1791419638.3320017,556796,tracking_feedback_accumulate,455,,26878,,,406358528,517996544,451164160,517996544,,,,,,,,3.149600001052022,,
1791419638.3390744,556796,frontend_frame,455,0,26878,88,8,395264000,517996544,451164160,517996544,,,,,,,,,,
1791419639.0353625,556796,tracking_feedback_accumulate,456,,26878,,,399342592,517996544,451164160,517996544,,,,,,,,3.0217000748962164,,
1791419639.0395226,556796,frontend_frame,456,0,26878,88,8,401690624,517996544,451164160,517996544,,,,,,,,,,
1791419639.5358982,556796,tracking_feedback_accumulate,457,,26878,,,405523456,517996544,451164160,517996544,,,,,,,,3.0637001618742943,,
1791419639.5405953,556796,frontend_frame,457,0,26878,88,8,407871488,520093696,451164160,520093696,,,,,,,,,,
1791419640.0908327,556796,tracking_feedback_accumulate,458,,26878,,,393000960,520093696,451164160,520093696,,,,,,,,3.024199977517128,,
1791419640.1483417,556796,frontend_frame,458,0,26878,89,8,399345152,520093696,451164160,520093696,,,,,,,,,,
1791419652.3333285,556796,tracking_feedback_accumulate,459,,26843,,,403262464,520093696,451164160,520093696,,,,,,,,2.5974998716264963,,
1791419652.3378432,556796,frontend_frame,459,0,26843,89,8,405607936,520093696,451164160,520093696,,,,,,,,,,
1791419653.0804803,556796,tracking_feedback_accumulate,460,,26843,,,397001216,520093696,451164160,520093696,,,,,,,,3.087300108745694,,
1791419653.0873802,556796,frontend_frame,460,0,26843,89,8,399347200,471859200,451164160,520093696,,,,,,,,,,
1791419653.694687,556796,tracking_feedback_accumulate,461,,26843,,,403180032,513802240,451164160,520093696,,,,,,,,2.910799812525511,,
1791419653.7023876,556796,frontend_frame,461,0,26843,89,8,405526016,513802240,451164160,520093696,,,,,,,,,,
1791419654.2222598,556796,tracking_feedback_accumulate,462,,26843,,,409604608,517996544,453170176,520093696,,,,,,,,2.899100072681904,,
1791419654.2282815,556796,frontend_frame,462,0,26843,89,8,399267328,517996544,453170176,520093696,,,,,,,,,,
1791419654.8686707,556796,tracking_feedback_accumulate,463,,26843,,,403182080,517996544,453170176,520093696,,,,,,,,2.9393001459538937,,
1791419654.9277651,556796,frontend_frame,463,0,26843,90,8,409524224,517996544,453170176,520093696,,,,,,,,,,
1791419666.9297497,556796,tracking_feedback_accumulate,464,,26496,,,400897024,517996544,453170176,520093696,,,,,,,,3.1321998685598373,,
1791419666.9352515,556796,frontend_frame,464,0,26496,90,8,403150848,517996544,453170176,520093696,,,,,,,,,,
1791419667.4737384,556796,tracking_feedback_accumulate,465,,26496,,,407065600,517996544,453170176,520093696,,,,,,,,3.9552999660372734,,
1791419667.4780917,556796,frontend_frame,465,0,26496,90,8,409323008,517996544,453170176,520093696,,,,,,,,,,
1791419667.916325,556796,tracking_feedback_accumulate,466,,26496,,,413401600,517996544,456659968,520093696,,,,,,,,3.057700116187334,,
1791419667.9213293,556796,frontend_frame,466,0,26496,90,8,403152896,517996544,456659968,520093696,,,,,,,,,,
1791419668.4303262,556796,tracking_feedback_accumulate,467,,26496,,,407231488,517996544,456659968,520093696,,,,,,,,2.9986000154167414,,
1791419668.4348288,556796,frontend_frame,467,0,26496,90,8,409488896,517996544,456659968,520093696,,,,,,,,,,
1791419668.942055,556796,tracking_feedback_accumulate,468,,26496,,,413403648,517996544,456878080,520093696,,,,,,,,3.8111000321805477,,
1791419668.9472663,556796,frontend_frame,468,0,26496,90,8,403155456,517996544,456878080,520093696,,,,,,,,,,
1791419669.6974838,556796,tracking_feedback_accumulate,469,,26496,,,407234048,517996544,456878080,520093696,,,,,,,,2.984199905768037,,
1791419669.7024837,556796,frontend_frame,469,0,26496,90,8,409491456,517996544,456878080,520093696,,,,,,,,,,
1791419670.476857,556796,tracking_feedback_accumulate,470,,26496,,,413324288,517996544,457080832,520093696,,,,,,,,3.8616000674664974,,
1791419670.5279076,556796,frontend_frame,470,0,26496,91,8,419577344,520093696,457080832,520093696,,,,,,,,,,
1791419682.612283,556796,tracking_feedback_accumulate,471,,26665,,,397895168,520093696,457080832,520093696,,,,,,,,3.0612999107688665,,
1791419682.616796,556796,frontend_frame,471,0,26665,91,8,400197632,520093696,457080832,520093696,,,,,,,,,,
1791419683.3911202,556796,tracking_feedback_accumulate,472,,26665,,,404030464,520093696,457080832,520093696,,,,,,,,3.033700166270137,,
1791419683.3956237,556796,frontend_frame,472,0,26665,91,8,406331904,520093696,457080832,520093696,,,,,,,,,,
1791419684.1732352,556796,tracking_feedback_accumulate,473,,26665,,,410492416,520093696,457080832,520093696,,,,,,,,3.1997000332921743,,
1791419684.1792502,556796,frontend_frame,473,0,26665,91,8,400199680,520093696,457080832,520093696,,,,,,,,,,
1791419684.8466165,556796,tracking_feedback_accumulate,474,,26665,,,404114432,520093696,457080832,520093696,,,,,,,,3.4856998827308416,,
1791419684.8506188,556796,frontend_frame,474,0,26665,91,8,406415872,520093696,457080832,520093696,,,,,,,,,,
1791419685.4179397,556796,tracking_feedback_accumulate,475,,26665,,,410330624,520093696,457080832,520093696,,,,,,,,2.7161999605596066,,
1791419685.4670715,556796,frontend_frame,475,0,26665,92,8,416628224,520093696,457080832,520093696,,,,,,,,,,
1791419697.4224894,556796,tracking_feedback_accumulate,476,,26989,,,401838592,520093696,457080832,520093696,,,,,,,,3.100000089034438,,
1791419697.4275055,556796,frontend_frame,476,0,26989,92,8,404218880,520093696,457080832,520093696,,,,,,,,,,
1791419697.9345438,556796,tracking_feedback_accumulate,477,,26989,,,408133632,520093696,457080832,520093696,,,,,,,,2.7596999425441027,,
1791419697.9397833,556796,frontend_frame,477,0,26989,92,8,410511872,520093696,457080832,520093696,,,,,,,,,,
1791419698.6248288,556796,tracking_feedback_accumulate,478,,26989,,,401842688,520093696,457080832,520093696,,,,,,,,6.203199969604611,,
1791419698.6328456,556796,frontend_frame,478,0,26989,92,8,404220928,520093696,457080832,520093696,,,,,,,,,,
1791419699.1776052,556796,tracking_feedback_accumulate,479,,26989,,,408299520,520093696,457080832,520093696,,,,,,,,3.308200044557452,,
1791419699.1826043,556796,frontend_frame,479,0,26989,92,8,410677760,520093696,457080832,520093696,,,,,,,,,,
1791419699.762319,556796,tracking_feedback_accumulate,480,,26989,,,414510592,520093696,458482688,520093696,,,,,,,,3.470499999821186,,
1791419699.81787,556796,frontend_frame,480,0,26989,93,8,408137216,520093696,458482688,520093696,,,,,,,,,,
1791419711.9076517,556796,tracking_feedback_accumulate,481,,26840,,,412292096,541065216,458482688,541065216,,,,,,,,6.178200012072921,,
1791419711.9162006,556796,frontend_frame,481,0,26840,93,8,414636544,541065216,458482688,541065216,,,,,,,,,,
1791419712.5064619,556796,tracking_feedback_accumulate,482,,26840,,,418469376,541065216,462286848,541065216,,,,,,,,2.947799861431122,,
1791419712.5124643,556796,frontend_frame,482,0,26840,93,8,420815360,541065216,462286848,541065216,,,,,,,,,,
1791419713.1205838,556796,tracking_feedback_accumulate,483,,26840,,,405836800,541065216,462286848,541065216,,,,,,,,3.0026999302208424,,
1791419713.125648,556796,frontend_frame,483,0,26840,93,8,408182784,541065216,462286848,541065216,,,,,,,,,,
1791419713.735016,556796,tracking_feedback_accumulate,484,,26840,,,412261376,541065216,462286848,541065216,,,,,,,,5.7884999550879,,
1791419713.7401352,556796,frontend_frame,484,0,26840,93,8,414607360,541065216,462286848,541065216,,,,,,,,,,
1791419714.383008,556796,tracking_feedback_accumulate,485,,26840,,,405838848,541065216,462286848,541065216,,,,,,,,3.1312000937759876,,
1791419714.4351003,556796,frontend_frame,485,0,26840,94,8,412180992,541065216,462286848,541065216,,,,,,,,,,
1791419726.3999467,556796,tracking_feedback_accumulate,486,,27028,,,416110592,541065216,462286848,541065216,,,,,,,,3.5453999880701303,,
1791419726.4049566,556796,frontend_frame,486,0,27028,94,8,418501632,541065216,462286848,541065216,,,,,,,,,,
1791419726.9049118,556796,tracking_feedback_accumulate,487,,27028,,,422580224,541065216,466076672,541065216,,,,,,,,2.925700042396784,,
1791419726.9104187,556796,frontend_frame,487,0,27028,94,8,412242944,541065216,466076672,541065216,,,,,,,,,,
1791419727.6364224,556796,tracking_feedback_accumulate,488,,27028,,,416321536,541065216,466076672,541065216,,,,,,,,3.2695999834686518,,
1791419727.6414263,556796,frontend_frame,488,0,27028,94,8,418711552,541065216,466076672,541065216,,,,,,,,,,
1791419728.2564719,556796,tracking_feedback_accumulate,489,,27028,,,422626304,541065216,466076672,541065216,,,,,,,,2.9631999786943197,,
1791419728.2619789,556796,frontend_frame,489,0,27028,94,8,425016320,541065216,466076672,541065216,,,,,,,,,,
1791419728.9528136,556796,tracking_feedback_accumulate,490,,27028,,,409774080,541065216,466076672,541065216,,,,,,,,6.171500077471137,,
1791419729.0153887,556796,frontend_frame,490,0,27028,95,8,416160256,541065216,466076672,541065216,,,,,,,,,,
1791419741.2780645,556796,tracking_feedback_accumulate,491,,27034,,,413855744,541065216,466076672,541065216,,,,,,,,2.8250000905245543,,
1791419741.2831213,556796,frontend_frame,491,0,27034,95,8,416245248,541065216,466076672,541065216,,,,,,,,,,
1791419741.919875,556796,tracking_feedback_accumulate,492,,27034,,,420160000,541065216,466076672,541065216,,,,,,,,3.4435000270605087,,
1791419741.9248846,556796,frontend_frame,492,0,27034,95,8,422550016,541065216,466076672,541065216,,,,,,,,,,
1791419742.5209687,556796,tracking_feedback_accumulate,493,,27034,,,426628608,541065216,469482496,541065216,,,,,,,,2.91600008495152,,
1791419742.5260415,556796,frontend_frame,493,0,27034,95,8,416247296,541065216,469482496,541065216,,,,,,,,,,
1791419743.1234984,556796,tracking_feedback_accumulate,494,,27034,,,420162048,541065216,469482496,541065216,,,,,,,,2.7032000944018364,,
1791419743.1285076,556796,frontend_frame,494,0,27034,95,8,422552064,541065216,469482496,541065216,,,,,,,,,,
1791419743.7539976,556796,tracking_feedback_accumulate,495,,27034,,,426630656,541065216,469482496,541065216,,,,,,,,2.9513000044971704,,
1791419743.8074484,556796,frontend_frame,495,0,27034,96,8,420245504,541065216,469482496,541065216,,,,,,,,,,
1791419755.919969,556796,tracking_feedback_accumulate,496,,27382,,,424183808,541065216,469482496,541065216,,,,,,,,2.6463998947292566,,
1791419755.9249716,556796,frontend_frame,496,0,27382,96,8,426654720,541065216,469482496,541065216,,,,,,,,,,
1791419756.5189018,556796,tracking_feedback_accumulate,497,,27382,,,430815232,541065216,473708032,541065216,,,,,,,,2.9931000899523497,,
1791419756.523904,556796,frontend_frame,497,0,27382,96,8,433284096,541065216,473708032,541065216,,,,,,,,,,
1791419757.1538627,556796,tracking_feedback_accumulate,498,,27382,,,417884160,541065216,473708032,541065216,,,,,,,,2.9716999270021915,,
1791419757.1595292,556796,frontend_frame,498,0,27382,96,8,420353024,541065216,473708032,541065216,,,,,,,,,,
1791419757.8540173,556796,tracking_feedback_accumulate,499,,27382,,,424431616,541065216,473708032,541065216,,,,,,,,3.010799875482917,,
1791419757.8595266,556796,frontend_frame,499,0,27382,96,8,426900480,541065216,473708032,541065216,,,,,,,,,,
1791419758.5215158,556796,tracking_feedback_accumulate,500,,27382,,,430733312,541065216,473808896,541065216,,,,,,,,2.8409999795258045,,
1791419758.581295,556796,frontend_frame,500,0,27382,97,8,424269312,541065216,473808896,541065216,,,,,,,,,,
1791419770.544772,556796,tracking_feedback_accumulate,501,,27552,,,428362752,541065216,473808896,541065216,,,,,,,,3.697300096973777,,
1791419770.5498667,556796,frontend_frame,501,0,27552,97,8,430874624,541065216,473808896,541065216,,,,,,,,,,
1791419771.1555793,556796,tracking_feedback_accumulate,502,,27552,,,434789376,541065216,478160384,541065216,,,,,,,,2.803599927574396,,
1791419771.1611269,556796,frontend_frame,502,0,27552,97,8,437300224,541065216,478160384,541065216,,,,,,,,,,
1791419771.7706726,556796,tracking_feedback_accumulate,503,,27552,,,421983232,541065216,478160384,541065216,,,,,,,,2.892599906772375,,
1791419771.775708,556796,frontend_frame,503,0,27552,97,8,424494080,541065216,478160384,541065216,,,,,,,,,,
1791419772.455341,556796,tracking_feedback_accumulate,504,,27552,,,428408832,541065216,478160384,541065216,,,,,,,,3.3406999427825212,,
1791419772.4605725,556796,frontend_frame,504,0,27552,97,8,430919680,541065216,478160384,541065216,,,,,,,,,,
1791419773.1264668,556796,tracking_feedback_accumulate,505,,27552,,,434998272,541065216,478185984,541065216,,,,,,,,2.9039999935775995,,
1791419773.1857827,556796,frontend_frame,505,0,27552,98,8,428492288,541065216,478185984,541065216,,,,,,,,,,
1791419785.165734,556796,tracking_feedback_accumulate,506,,27662,,,432336384,541065216,478185984,541065216,,,,,,,,4.979099845513701,,
1791419785.1709075,556796,frontend_frame,506,0,27662,98,8,434877952,541065216,478185984,541065216,,,,,,,,,,
1791419785.8424659,556796,tracking_feedback_accumulate,507,,27662,,,438956544,562036736,482406912,562036736,,,,,,,,2.911200048401952,,
1791419785.8477023,556796,frontend_frame,507,0,27662,98,8,428454400,562036736,482406912,562036736,,,,,,,,,,
1791419786.5873787,556796,tracking_feedback_accumulate,508,,27662,,,432532992,562036736,482406912,562036736,,,,,,,,3.3256998285651207,,
1791419786.5933888,556796,frontend_frame,508,0,27662,98,8,435074048,562036736,482406912,562036736,,,,,,,,,,
1791419787.3118203,556796,tracking_feedback_accumulate,509,,27662,,,438906880,562036736,482415104,562036736,,,,,,,,3.2434999011456966,,
1791419787.316829,556796,frontend_frame,509,0,27662,98,8,441447936,562036736,482415104,562036736,,,,,,,,,,
1791419788.0675075,556796,tracking_feedback_accumulate,510,,27662,,,425998336,562036736,482415104,562036736,,,,,,,,3.025899874046445,,
1791419788.122225,556796,frontend_frame,510,0,27662,99,8,432535552,562036736,482415104,562036736,,,,,,,,,,
1791419800.3182957,556796,tracking_feedback_accumulate,511,,28160,,,436399616,562036736,482415104,562036736,,,,,,,,2.984900027513504,,
1791419800.3232963,556796,frontend_frame,511,0,28160,99,8,439052800,562036736,482415104,562036736,,,,,,,,,,
1791419801.0243173,556796,tracking_feedback_accumulate,512,,28160,,,429948928,562036736,482415104,562036736,,,,,,,,3.618299961090088,,
1791419801.030329,556796,frontend_frame,512,0,28160,99,8,432599040,562036736,482415104,562036736,,,,,,,,,,
1791419801.7170067,556796,tracking_feedback_accumulate,513,,28160,,,436513792,562036736,482415104,562036736,,,,,,,,2.912800060585141,,
1791419801.7220325,556796,frontend_frame,513,0,28160,99,8,439163904,562036736,482415104,562036736,,,,,,,,,,
1791419802.4633722,556796,tracking_feedback_accumulate,514,,28160,,,443324416,562036736,487102464,562036736,,,,,,,,3.2035999465733767,,
1791419802.4685915,556796,frontend_frame,514,0,28160,99,8,432683008,562036736,487102464,562036736,,,,,,,,,,
1791419803.086442,556796,tracking_feedback_accumulate,515,,28160,,,436515840,562036736,487102464,562036736,,,,,,,,2.9106000438332558,,
1791419803.1457167,556796,frontend_frame,515,0,28160,100,8,443162112,562036736,487102464,562036736,,,,,,,,,,
1791419815.1305506,556796,tracking_feedback_accumulate,516,,28507,,,433976832,562036736,487102464,562036736,,,,,,,,3.1516999006271362,,
1791419815.1362789,556796,frontend_frame,516,0,28507,100,8,436718080,562036736,487102464,562036736,,,,,,,,,,
1791419815.7033675,556796,tracking_feedback_accumulate,517,,28507,,,440632832,562036736,487102464,562036736,,,,,,,,2.9775998555123806,,
1791419815.7070305,556796,frontend_frame,517,0,28507,100,8,443371520,562036736,487102464,562036736,,,,,,,,,,
1791419816.2722824,556796,tracking_feedback_accumulate,518,,28507,,,447450112,562036736,492416512,562036736,,,,,,,,2.917200094088912,,
1791419816.2782924,556796,frontend_frame,518,0,28507,100,8,436720128,562036736,492416512,562036736,,,,,,,,,,
1791419816.780438,556796,tracking_feedback_accumulate,519,,28507,,,440798720,562036736,492416512,562036736,,,,,,,,2.8777997940778732,,
1791419816.7849393,556796,frontend_frame,519,0,28507,100,8,443537408,562036736,492416512,562036736,,,,,,,,,,
1791419817.2640417,556796,tracking_feedback_accumulate,520,,28507,,,447452160,562036736,492418560,562036736,,,,,,,,6.0998001135885715,,
1791419817.3194156,556796,frontend_frame,520,0,28507,101,8,454187008,562036736,492418560,562036736,,,,,,,,,,
1791419829.4828782,556796,tracking_feedback_accumulate,521,,26565,,,437774336,562036736,492418560,562036736,,,,,,,,2.8729999903589487,,
1791419829.488388,556796,frontend_frame,521,0,26565,101,8,440037888,562036736,492418560,562036736,,,,,,,,,,
1791419830.1948328,556796,tracking_feedback_accumulate,522,,26565,,,444116480,562036736,492418560,562036736,,,,,,,,3.174399957060814,,
1791419830.20005,556796,frontend_frame,522,0,26565,101,8,446395904,562036736,492418560,562036736,,,,,,,,,,
1791419830.734911,556796,tracking_feedback_accumulate,523,,26565,,,437924352,562036736,492418560,562036736,,,,,,,,2.9058000072836876,,
1791419830.7399266,556796,frontend_frame,523,0,26565,101,8,440203776,562036736,492418560,562036736,,,,,,,,,,
1791419831.5206683,556796,tracking_feedback_accumulate,524,,26565,,,444036608,562036736,492418560,562036736,,,,,,,,3.2187998294830322,,
1791419831.526103,556796,frontend_frame,524,0,26565,101,8,446316032,562036736,492418560,562036736,,,,,,,,,,
1791419832.2863116,556796,tracking_feedback_accumulate,525,,26565,,,450476544,562036736,495171584,562036736,,,,,,,,3.024099860340357,,
1791419832.3420684,556796,frontend_frame,525,0,26565,102,8,444201984,562036736,495171584,562036736,,,,,,,,,,
1791419844.299703,556796,tracking_feedback_accumulate,526,,26028,,,448004096,562036736,495171584,562036736,,,,,,,,2.93960003182292,,
1791419844.3047135,556796,frontend_frame,526,0,26028,102,8,450155520,562036736,495171584,562036736,,,,,,,,,,
1791419844.8003347,556796,tracking_feedback_accumulate,527,,26028,,,454316032,562036736,498840064,562036736,,,,,,,,2.9059001244604588,,
1791419844.8063457,556796,frontend_frame,527,0,26028,102,8,444045312,562036736,498840064,562036736,,,,,,,,,,
1791419845.2883554,556796,tracking_feedback_accumulate,528,,26028,,,447960064,562036736,498840064,562036736,,,,,,,,3.7642999086529016,,
1791419845.2933547,556796,frontend_frame,528,0,26028,102,8,450116608,562036736,498840064,562036736,,,,,,,,,,
1791419845.8589213,556796,tracking_feedback_accumulate,529,,26028,,,454031360,562036736,498884096,562036736,,,,,,,,3.234799951314926,,
1791419845.8649838,556796,frontend_frame,529,0,26028,102,8,456187904,562036736,498884096,562036736,,,,,,,,,,
1791419846.3792577,556796,tracking_feedback_accumulate,530,,26028,,,448044032,562036736,498884096,562036736,,,,,,,,3.1979000195860863,,
1791419846.4297934,556796,frontend_frame,530,0,26028,103,8,454196736,562036736,498884096,562036736,,,,,,,,,,
1791419858.1028743,556796,tracking_feedback_accumulate,531,,26089,,,458116096,583008256,503437824,583008256,,,,,,,,3.1603998504579067,,
1791419858.1083875,556796,frontend_frame,531,0,26089,103,8,460282880,583008256,503437824,583008256,,,,,,,,,,
1791419858.6549718,556796,tracking_feedback_accumulate,532,,26089,,,464197632,585105408,510239232,585105408,,,,,,,,3.1217997893691063,,
1791419858.6606107,556796,frontend_frame,532,0,26089,103,8,454049792,585105408,510239232,585105408,,,,,,,,,,
1791419859.1458611,556796,tracking_feedback_accumulate,533,,26089,,,458128384,585105408,510239232,585105408,,,,,,,,3.0209000688046217,,
1791419859.1513784,556796,frontend_frame,533,0,26089,103,8,460295168,585105408,510239232,585105408,,,,,,,,,,
1791419859.4855785,556796,tracking_feedback_accumulate,534,,26089,,,464209920,585105408,510251520,585105408,,,,,,,,3.3718999475240707,,
1791419859.490275,556796,frontend_frame,534,0,26089,103,8,466376704,587202560,510251520,587202560,,,,,,,,,,
1791419859.983258,556796,tracking_feedback_accumulate,535,,26089,,,451968000,587202560,510251520,587202560,,,,,,,,2.927300054579973,,
1791419860.0365405,556796,frontend_frame,535,0,26089,104,8,458130944,587202560,510251520,587202560,,,,,,,,,,
1791419871.709493,556796,tracking_feedback_accumulate,536,,26368,,,462065152,587202560,510251520,587202560,,,,,,,,3.123299917206168,,
1791419871.7140002,556796,frontend_frame,536,0,26368,104,8,464293888,587202560,510251520,587202560,,,,,,,,,,
1791419871.8138309,556796,tracking_feedback_accumulate,537,,26368,,,455987200,587202560,510251520,587202560,,,,,,,,2.7764998376369476,,
1791419871.818094,556796,frontend_frame,537,0,26368,104,8,458214400,587202560,510251520,587202560,,,,,,,,,,
1791419872.3028388,556796,tracking_feedback_accumulate,538,,26368,,,462292992,587202560,510251520,587202560,,,,,,,,5.998200038447976,,
1791419872.3078678,556796,frontend_frame,538,0,26368,104,8,464520192,587202560,510251520,587202560,,,,,,,,,,
1791419872.921541,556796,tracking_feedback_accumulate,539,,26368,,,468434944,587202560,514419712,587202560,,,,,,,,3.007400082424283,,
1791419872.9275537,556796,frontend_frame,539,0,26368,104,8,458216448,587202560,514419712,587202560,,,,,,,,,,
1791419873.4591684,556796,tracking_feedback_accumulate,540,,26368,,,462295040,587202560,514419712,587202560,,,,,,,,3.191000083461404,,
1791419873.4641714,556796,frontend_frame,540,0,26368,104,8,464522752,538968064,514419712,587202560,,,,,,,,,,
1791419873.8674583,556796,tracking_feedback_accumulate,541,,26368,,,468355584,585105408,514422272,587202560,,,,,,,,5.904800025746226,,
1791419873.923576,556796,frontend_frame,541,0,26368,105,8,474578432,587202560,514422272,587202560,,,,,,,,,,
1791419885.7315924,556796,tracking_feedback_accumulate,542,,26730,,,460016128,587202560,514422272,587202560,,,,,,,,3.244300140067935,,
1791419885.7371237,556796,frontend_frame,542,0,26730,105,8,462336512,587202560,514422272,587202560,,,,,,,,,,
1791419886.2924826,556796,tracking_feedback_accumulate,543,,26730,,,466251264,587202560,514422272,587202560,,,,,,,,2.9656998813152313,,
1791419886.2979977,556796,frontend_frame,543,0,26730,105,8,468569088,587202560,514422272,587202560,,,,,,,,,,
1791419886.7885096,556796,tracking_feedback_accumulate,544,,26730,,,472729600,587202560,518669824,587202560,,,,,,,,2.9266998171806335,,
1791419886.7940156,556796,frontend_frame,544,0,26730,105,8,462420480,587202560,518669824,587202560,,,,,,,,,,
1791419887.1655502,556796,tracking_feedback_accumulate,545,,26730,,,466253312,587202560,518669824,587202560,,,,,,,,3.3580001909285784,,
1791419887.170553,556796,frontend_frame,545,0,26730,105,8,468571136,587202560,518669824,587202560,,,,,,,,,,
1791419887.5470877,556796,tracking_feedback_accumulate,546,,26730,,,472649728,587202560,518671872,587202560,,,,,,,,3.0490998178720474,,
1791419887.551592,556796,frontend_frame,546,0,26730,105,8,462341120,587202560,518671872,587202560,,,,,,,,,,
1791419887.9949996,556796,tracking_feedback_accumulate,547,,26730,,,466419712,587202560,518671872,587202560,,,,,,,,3.754999954253435,,
1791419888.003033,556796,frontend_frame,547,0,26730,105,8,468737536,587202560,518671872,587202560,,,,,,,,,,
1791419888.4469216,556796,tracking_feedback_accumulate,548,,26730,,,472570368,587202560,518674432,587202560,,,,,,,,3.131000092253089,,
1791419888.4519715,556796,frontend_frame,548,0,26730,105,8,474888192,587202560,518674432,587202560,,,,,,,,,,
1791419888.9708562,556796,tracking_feedback_accumulate,549,,26730,,,466421760,587202560,518674432,587202560,,,,,,,,6.054400000721216,,
1791419888.9796233,556796,frontend_frame,549,0,26730,105,8,468739584,587202560,518674432,587202560,,,,,,,,,,
1791419889.5259652,556796,tracking_feedback_accumulate,550,,26730,,,472654336,587202560,518676480,587202560,,,,,,,,2.852899953722954,,
1791419889.575561,556796,frontend_frame,550,0,26730,106,8,478967808,587202560,518676480,587202560,,,,,,,,,,
1791419901.3362184,556796,tracking_feedback_accumulate,551,,27289,,,483086336,591396864,529046528,591396864,,,,,,,,3.0744001269340515,,
1791419901.3447726,556796,frontend_frame,551,0,27289,106,8,460448256,591396864,529046528,591396864,,,,,,,,,,
1791419901.696686,556796,tracking_feedback_accumulate,552,,27289,,,464281088,591396864,529046528,591396864,,,,,,,,3.328499849885702,,
1791419901.702736,556796,frontend_frame,552,0,27289,106,8,466731520,591396864,529046528,591396864,,,,,,,,,,
1791419902.143466,556796,tracking_feedback_accumulate,553,,27289,,,470810112,591396864,529046528,591396864,,,,,,,,2.8921000193804502,,
1791419902.1489837,556796,frontend_frame,553,0,27289,106,8,473260544,591396864,529046528,591396864,,,,,,,,,,
1791419902.6575537,556796,tracking_feedback_accumulate,554,,27289,,,457837056,591396864,529046528,591396864,,,,,,,,2.861300017684698,,
1791419902.6620553,556796,frontend_frame,554,0,27289,106,8,460287488,591396864,529046528,591396864,,,,,,,,,,
1791419903.2494562,556796,tracking_feedback_accumulate,555,,27289,,,464448000,591396864,529046528,591396864,,,,,,,,3.518700134009123,,
1791419903.2535622,556796,frontend_frame,555,0,27289,106,8,466898944,591396864,529046528,591396864,,,,,,,,,,
1791419903.8710186,556796,tracking_feedback_accumulate,556,,27289,,,457839616,591396864,529046528,591396864,,,,,,,,3.1032999977469444,,
1791419903.8763044,556796,frontend_frame,556,0,27289,106,8,460290048,591396864,529046528,591396864,,,,,,,,,,
1791419904.4388683,556796,tracking_feedback_accumulate,557,,27289,,,464450560,591396864,529046528,591396864,,,,,,,,2.6783000212162733,,
1791419904.443885,556796,frontend_frame,557,0,27289,106,8,466900992,591396864,529046528,591396864,,,,,,,,,,
1791419905.169493,556796,tracking_feedback_accumulate,558,,27289,,,470733824,591396864,529046528,591396864,,,,,,,,2.8782000299543142,,
1791419905.2249951,556796,frontend_frame,558,0,27289,107,8,464287744,591396864,529046528,591396864,,,,,,,,,,
1791419916.9759965,556796,tracking_feedback_accumulate,559,,27949,,,468494336,591396864,529046528,591396864,,,,,,,,4.26280009560287,,
1791419916.9855177,556796,frontend_frame,559,0,27949,107,8,471108608,591396864,529046528,591396864,,,,,,,,,,
1791419917.5581727,556796,tracking_feedback_accumulate,560,,27949,,,475023360,591396864,529046528,591396864,,,,,,,,3.2599999103695154,,
1791419917.5641732,556796,frontend_frame,560,0,27949,107,8,477633024,562036736,529046528,591396864,,,,,,,,,,
1791419918.2049787,556796,tracking_feedback_accumulate,561,,27949,,,461891072,583008256,529046528,591396864,,,,,,,,2.9404000379145145,,
1791419918.2099912,556796,frontend_frame,561,0,27949,107,8,464500736,583008256,529046528,591396864,,,,,,,,,,
1791419918.615554,556796,tracking_feedback_accumulate,562,,27949,,,468579328,583008256,529046528,591396864,,,,,,,,3.0233999714255333,,
1791419918.6205566,556796,frontend_frame,562,0,27949,107,8,471188992,583008256,529046528,591396864,,,,,,,,,,
1791419919.0848885,556796,tracking_feedback_accumulate,563,,27949,,,475267584,583008256,529046528,591396864,,,,,,,,2.921599894762039,,
1791419919.0899003,556796,frontend_frame,563,0,27949,107,8,464667136,583008256,529046528,591396864,,,,,,,,,,
1791419919.617736,556796,tracking_feedback_accumulate,564,,27949,,,468581888,583008256,529046528,591396864,,,,,,,,3.2512000761926174,,
1791419919.6212406,556796,frontend_frame,564,0,27949,107,8,471191552,583008256,529046528,591396864,,,,,,,,,,
1791419920.0939465,556796,tracking_feedback_accumulate,565,,27949,,,475106304,583008256,529046528,591396864,,,,,,,,2.9460000805556774,,
1791419920.0999565,556796,frontend_frame,565,0,27949,107,8,464505344,583008256,529046528,591396864,,,,,,,,,,
1791419920.7269466,556796,tracking_feedback_accumulate,566,,27949,,,468583936,583008256,529046528,591396864,,,,,,,,3.4215999767184258,,
1791419920.7314484,556796,frontend_frame,566,0,27949,107,8,471193600,583008256,529046528,591396864,,,,,,,,,,
1791419921.1533194,556796,tracking_feedback_accumulate,567,,27949,,,475272192,583008256,529046528,591396864,,,,,,,,3.0018999241292477,,
1791419921.1594164,556796,frontend_frame,567,0,27949,107,8,477881856,583008256,529046528,591396864,,,,,,,,,,
1791419921.5618556,556796,tracking_feedback_accumulate,568,,27949,,,468504064,583008256,529046528,591396864,,,,,,,,2.946699969470501,,
1791419921.6222317,556796,frontend_frame,568,0,27949,108,8,475109376,583008256,529046528,591396864,,,,,,,,,,
1791419933.5092149,556796,tracking_feedback_accumulate,569,,28069,,,479196672,603979776,529046528,603979776,,,,,,,,3.088299883529544,,
1791419933.5153239,556796,frontend_frame,569,0,28069,108,8,481830912,606076928,529046528,606076928,,,,,,,,,,
1791419933.985109,556796,tracking_feedback_accumulate,570,,28069,,,485909504,610271232,531978752,610271232,,,,,,,,2.981400117278099,,
1791419933.992184,556796,frontend_frame,570,0,28069,108,8,475308544,562036736,531978752,610271232,,,,,,,,,,
1791419934.478539,556796,tracking_feedback_accumulate,571,,28069,,,479223296,603979776,531978752,610271232,,,,,,,,3.00180003978312,,
1791419934.4830444,556796,frontend_frame,571,0,28069,108,8,481857024,606076928,531978752,610271232,,,,,,,,,,
1791419935.0714679,556796,tracking_feedback_accumulate,572,,28069,,,485771776,610271232,532004864,610271232,,,,,,,,3.1032999977469444,,
1791419935.0764766,556796,frontend_frame,572,0,28069,108,8,488405504,612368384,532004864,612368384,,,,,,,,,,
1791419935.638778,556796,tracking_feedback_accumulate,573,,28069,,,472677888,612368384,532004864,612368384,,,,,,,,2.876899903640151,,
1791419935.6437798,556796,frontend_frame,573,0,28069,108,8,475312128,612368384,532004864,612368384,,,,,,,,,,
1791419936.1903741,556796,tracking_feedback_accumulate,574,,28069,,,479144960,612368384,532004864,612368384,,,,,,,,3.289699787274003,,
1791419936.1958828,556796,frontend_frame,574,0,28069,108,8,481778688,612368384,532004864,612368384,,,,,,,,,,
1791419936.6767068,556796,tracking_feedback_accumulate,575,,28069,,,485857280,612368384,532008448,612368384,,,,,,,,3.111999947577715,,
1791419936.6822135,556796,frontend_frame,575,0,28069,108,8,475232256,612368384,532008448,612368384,,,,,,,,,,
1791419937.1934068,556796,tracking_feedback_accumulate,576,,28069,,,479147008,612368384,532008448,612368384,,,,,,,,5.08329994045198,,
1791419937.1984155,556796,frontend_frame,576,0,28069,108,8,481780736,612368384,532008448,612368384,,,,,,,,,,
1791419937.7526364,556796,tracking_feedback_accumulate,577,,28069,,,485941248,612368384,532010496,612368384,,,,,,,,3.061099909245968,,
1791419937.7576454,556796,frontend_frame,577,0,28069,108,8,475316224,612368384,532010496,612368384,,,,,,,,,,
1791419938.1920698,556796,tracking_feedback_accumulate,578,,28069,,,479149056,612368384,532010496,612368384,,,,,,,,2.996500115841627,,
1791419938.241077,556796,frontend_frame,578,0,28069,109,8,485778432,612368384,532010496,612368384,,,,,,,,,,
1791419949.8662584,556796,tracking_feedback_accumulate,579,,28612,,,489894912,612368384,536066048,612368384,,,,,,,,3.2014998141676188,,
1791419949.871263,556796,frontend_frame,579,0,28612,109,8,492661760,612368384,536066048,612368384,,,,,,,,,,
1791419950.3518867,556796,tracking_feedback_accumulate,580,,28612,,,469954048,612368384,536066048,612368384,,,,,,,,3.043999895453453,,
1791419950.3589096,556796,frontend_frame,580,0,28612,109,8,472716800,557842432,536066048,612368384,,,,,,,,,,
1791419950.7348478,556796,tracking_feedback_accumulate,581,,28612,,,476877312,599785472,536066048,612368384,,,,,,,,6.283900002017617,,
1791419950.7421432,556796,frontend_frame,581,0,28612,109,8,479640064,599785472,536066048,612368384,,,,,,,,,,
1791419951.1316454,556796,tracking_feedback_accumulate,582,,28612,,,483472896,603979776,536066048,612368384,,,,,,,,3.84790007956326,,
1791419951.137656,556796,frontend_frame,582,0,28612,109,8,472718848,603979776,536066048,612368384,,,,,,,,,,
1791419951.5639923,556796,tracking_feedback_accumulate,583,,28612,,,476797440,603979776,536066048,612368384,,,,,,,,3.538199933245778,,
1791419951.5682085,556796,frontend_frame,583,0,28612,109,8,479560704,603979776,536066048,612368384,,,,,,,,,,
1791419951.998571,556796,tracking_feedback_accumulate,584,,28612,,,483475456,603979776,536066048,612368384,,,,,,,,3.6464999429881573,,
1791419952.0035708,556796,frontend_frame,584,0,28612,109,8,486238208,606076928,536066048,612368384,,,,,,,,,,
1791419952.403296,556796,tracking_feedback_accumulate,585,,28612,,,470041600,606076928,536066048,612368384,,,,,,,,2.9309000819921494,,
1791419952.4085383,556796,frontend_frame,585,0,28612,109,8,472804352,606076928,536066048,612368384,,,,,,,,,,
1791419952.814739,556796,tracking_feedback_accumulate,586,,28612,,,476882944,606076928,536066048,612368384,,,,,,,,3.3301999792456627,,
1791419952.8195562,556796,frontend_frame,586,0,28612,109,8,479645696,606076928,536066048,612368384,,,,,,,,,,
1791419953.2656753,556796,tracking_feedback_accumulate,587,,28612,,,470043648,606076928,536066048,612368384,,,,,,,,3.434099955484271,,
1791419953.2703645,556796,frontend_frame,587,0,28612,109,8,472806400,606076928,536066048,612368384,,,,,,,,,,
1791419953.7744882,556796,tracking_feedback_accumulate,588,,28612,,,476721152,606076928,536066048,612368384,,,,,,,,3.7159998901188374,,
1791419953.778311,556796,frontend_frame,588,0,28612,109,8,479483904,606076928,536066048,612368384,,,,,,,,,,
1791419954.240715,556796,tracking_feedback_accumulate,589,,28612,,,483644416,606076928,536066048,612368384,,,,,,,,3.3486001193523407,,
1791419954.245721,556796,frontend_frame,589,0,28612,109,8,472890368,606076928,536066048,612368384,,,,,,,,,,
1791419954.7073295,556796,tracking_feedback_accumulate,590,,28612,,,476805120,606076928,536066048,612368384,,,,,,,,6.301600020378828,,
1791419954.7165225,556796,frontend_frame,590,0,28612,109,8,479567872,557842432,536066048,612368384,,,,,,,,,,
1791419955.11592,556796,tracking_feedback_accumulate,591,,28612,,,483482624,603979776,536066048,612368384,,,,,,,,2.875699894502759,,
1791419955.1209738,556796,frontend_frame,591,0,28612,109,8,486245376,606076928,536066048,612368384,,,,,,,,,,
1791419955.1219742,556796,frontend_complete,592,0,28612,109,8,465970176,606076928,536066048,612368384,,,,,,,,,,
