time_wall_s,pid,event,frame_idx,mapping_iteration,gaussian_count,retained_keyframes,window_keyframes,cuda_allocated_bytes,cuda_reserved_bytes,cuda_peak_allocated_bytes,cuda_peak_reserved_bytes,mapping_enqueue_ms,count_before,count_after,attempted_growth,admitted_growth,rejected_growth,protected_rows,policy_wall_ms,row_ceiling,row_violation
1791270541.8618202,418148,tracking_feedback_accumulate,1,,16829,,,23757824,69206016,59088896,69206016,,,,,,,,286.8496000301093,,
1791270541.8703392,418148,frontend_frame,1,0,16829,1,1,23875584,71303168,59088896,71303168,,,,,,,,,,
1791270542.3441334,418148,tracking_feedback_accumulate,2,,16829,,,28036096,94371840,70414848,94371840,,,,,,,,4.08729980699718,,
1791270542.3493037,418148,frontend_frame,2,0,16829,1,1,28017664,96468992,70414848,96468992,,,,,,,,,,
1791270542.65702,418148,tracking_feedback_accumulate,3,,16829,,,31850496,98566144,74393088,98566144,,,,,,,,3.0798001680523157,,
1791270542.6617916,418148,frontend_frame,3,0,16829,1,1,31832064,100663296,74393088,100663296,,,,,,,,,,
1791270543.0482292,418148,tracking_feedback_accumulate,4,,16829,,,31851520,100663296,74394112,100663296,,,,,,,,2.763899974524975,,
1791270543.0526562,418148,frontend_frame,4,0,16829,1,1,31833088,100663296,74394112,100663296,,,,,,,,,,
1791270543.4679544,418148,tracking_feedback_accumulate,5,,16829,,,35993600,102760448,78372352,102760448,,,,,,,,2.889299998059869,,
1791270543.4731057,418148,frontend_frame,5,0,16829,1,1,35975680,104857600,78372352,104857600,,,,,,,,,,
1791270543.72284,418148,tracking_feedback_accumulate,6,,16829,,,31854080,104857600,78372352,104857600,,,,,,,,3.014500020071864,,
1791270543.7268684,418148,frontend_frame,6,0,16829,1,1,31835648,104857600,78372352,104857600,,,,,,,,,,
1791270544.105978,418148,tracking_feedback_accumulate,7,,16829,,,35996160,104857600,78374912,104857600,,,,,,,,2.757699927315116,,
1791270544.110688,418148,frontend_frame,7,0,16829,1,1,35977728,104857600,78374912,104857600,,,,,,,,,,
1791270544.5163593,418148,tracking_feedback_accumulate,8,,16829,,,31856128,104857600,78374912,104857600,,,,,,,,3.0173000413924456,,
1791270544.520565,418148,frontend_frame,8,0,16829,1,1,31837696,104857600,78374912,104857600,,,,,,,,,,
1791270544.8952618,418148,tracking_feedback_accumulate,9,,16829,,,35834368,104857600,78376960,104857600,,,,,,,,3.680499969050288,,
1791270544.8999217,418148,frontend_frame,9,0,16829,1,1,35815936,104857600,78376960,104857600,,,,,,,,,,
1791270545.254734,418148,tracking_feedback_accumulate,10,,16829,,,31858176,104857600,78376960,104857600,,,,,,,,2.804199932143092,,
1791270545.2607493,418148,frontend_frame,10,0,16829,1,1,31839744,58720256,78376960,104857600,,,,,,,,,,
1791270545.5702481,418148,tracking_feedback_accumulate,11,,16829,,,36000256,102760448,78379008,104857600,,,,,,,,2.988299820572138,,
1791270545.5757544,418148,frontend_frame,11,0,16829,1,1,35981824,104857600,78379008,104857600,,,,,,,,,,
1791270545.8691385,418148,tracking_feedback_accumulate,12,,16829,,,31860224,104857600,78379008,104857600,,,,,,,,2.6850001886487007,,
1791270545.872828,418148,frontend_frame,12,0,16829,1,1,31841792,104857600,78379008,104857600,,,,,,,,,,
1791270546.2517946,418148,tracking_feedback_accumulate,13,,16829,,,36002304,104857600,78381056,104857600,,,,,,,,2.8580999933183193,,
1791270546.2562976,418148,frontend_frame,13,0,16829,1,1,35983872,104857600,78381056,104857600,,,,,,,,,,
1791270546.6908293,418148,tracking_feedback_accumulate,14,,16829,,,39816704,106954752,82359296,106954752,,,,,,,,2.903599990531802,,
1791270546.6964557,418148,frontend_frame,14,0,16829,1,1,31843840,106954752,82359296,106954752,,,,,,,,,,
1791270547.0721257,418148,tracking_feedback_accumulate,15,,16829,,,36004352,106954752,82359296,106954752,,,,,,,,3.0662999488413334,,
1791270547.0766366,418148,frontend_frame,15,0,16829,1,1,35985920,106954752,82359296,106954752,,,,,,,,,,
1791270547.4379835,418148,tracking_feedback_accumulate,16,,16829,,,39818752,106954752,82361344,106954752,,,,,,,,2.939000027254224,,
1791270547.4435642,418148,frontend_frame,16,0,16829,1,1,39800320,109051904,82361344,109051904,,,,,,,,,,
1791270547.8212996,418148,tracking_feedback_accumulate,17,,16829,,,32029184,109051904,82361344,109051904,,,,,,,,2.9648998752236366,,
1791270547.8260236,418148,frontend_frame,17,0,16829,1,1,32010752,109051904,82361344,109051904,,,,,,,,,,
1791270548.2380886,418148,tracking_feedback_accumulate,18,,16829,,,35843584,109051904,82361344,109051904,,,,,,,,2.802100032567978,,
1791270548.2427635,418148,frontend_frame,18,0,16829,1,1,35825152,109051904,82361344,109051904,,,,,,,,,,
1791270548.6492138,418148,tracking_feedback_accumulate,19,,16829,,,32031232,109051904,82361344,109051904,,,,,,,,3.1204000115394592,,
1791270548.6537285,418148,frontend_frame,19,0,16829,1,1,32012800,109051904,82361344,109051904,,,,,,,,,,
1791270548.9909215,418148,tracking_feedback_accumulate,20,,16829,,,35845632,109051904,82361344,109051904,,,,,,,,2.9895000625401735,,
1791270548.9964278,418148,frontend_frame,20,0,16829,1,1,35827200,60817408,82361344,109051904,,,,,,,,,,
1791270549.3697295,418148,tracking_feedback_accumulate,21,,16829,,,39823872,106954752,82366464,109051904,,,,,,,,5.532399984076619,,
1791270549.3757324,418148,frontend_frame,21,0,16829,1,1,31851008,106954752,82366464,109051904,,,,,,,,,,
1791270549.7750099,418148,tracking_feedback_accumulate,22,,16829,,,36011520,106954752,82366464,109051904,,,,,,,,3.1337998807430267,,
1791270549.7800088,418148,frontend_frame,22,0,16829,1,1,35993088,106954752,82366464,109051904,,,,,,,,,,
1791270550.219676,418148,tracking_feedback_accumulate,23,,16829,,,39825920,106954752,82368512,109051904,,,,,,,,3.1024999916553497,,
1791270550.2257109,418148,frontend_frame,23,0,16829,1,1,23898624,106954752,82368512,109051904,,,,,,,,,,
1791270550.6535819,418148,tracking_feedback_accumulate,24,,16829,,,27895296,106954752,82368512,109051904,,,,,,,,3.1573998276144266,,
1791270550.6568623,418148,frontend_frame,24,0,16829,1,1,27876864,106954752,82368512,109051904,,,,,,,,,,
1791270551.0925505,418148,tracking_feedback_accumulate,25,,16829,,,32037376,106954752,82368512,109051904,,,,,,,,2.9431001748889685,,
1791270551.0965695,418148,frontend_frame,25,0,16829,1,1,32018944,106954752,82368512,109051904,,,,,,,,,,
1791270551.466603,418148,tracking_feedback_accumulate,26,,16829,,,27897344,106954752,82368512,109051904,,,,,,,,3.7340999115258455,,
1791270551.471306,418148,frontend_frame,26,0,16829,1,1,27878912,106954752,82368512,109051904,,,,,,,,,,
1791270551.9093711,418148,tracking_feedback_accumulate,27,,16829,,,31875584,106954752,82368512,109051904,,,,,,,,2.896699821576476,,
1791270551.9144077,418148,frontend_frame,27,0,16829,1,1,31857152,106954752,82368512,109051904,,,,,,,,,,
1791270552.337948,418148,tracking_feedback_accumulate,28,,16829,,,36017664,106954752,82368512,109051904,,,,,,,,5.269899964332581,,
1791270552.3437104,418148,frontend_frame,28,0,16829,1,1,28044800,106954752,82368512,109051904,,,,,,,,,,
1791270552.730843,418148,tracking_feedback_accumulate,29,,16829,,,31877632,106954752,82368512,109051904,,,,,,,,2.891100011765957,,
1791270552.7363513,418148,frontend_frame,29,0,16829,1,1,31859200,106954752,82368512,109051904,,,,,,,,,,
1791270553.0230114,418148,tracking_feedback_accumulate,30,,16829,,,35855872,106954752,82368512,109051904,,,,,,,,2.9593000654131174,,
1791270553.0281029,418148,frontend_frame,30,0,16829,1,1,27883008,62914560,82368512,109051904,,,,,,,,,,
1791270553.3911273,418148,tracking_feedback_accumulate,31,,16829,,,31879680,104857600,82368512,109051904,,,,,,,,3.037799848243594,,
1791270553.395633,418148,frontend_frame,31,0,16829,1,1,31861248,104857600,82368512,109051904,,,,,,,,,,
1791270553.7823663,418148,tracking_feedback_accumulate,32,,16829,,,36021760,104857600,82368512,109051904,,,,,,,,2.9365001246333122,,
1791270553.7873669,418148,frontend_frame,32,0,16829,1,1,36003328,104857600,82368512,109051904,,,,,,,,,,
1791270554.149007,418148,tracking_feedback_accumulate,33,,16829,,,31881728,104857600,82368512,109051904,,,,,,,,3.0161000322550535,,
1791270554.1540277,418148,frontend_frame,33,0,16829,1,1,31863296,104857600,82368512,109051904,,,,,,,,,,
1791270554.5466542,418148,tracking_feedback_accumulate,34,,16829,,,36023808,104857600,82368512,109051904,,,,,,,,2.81360000371933,,
1791270554.5528486,418148,frontend_frame,34,0,16829,1,1,36005376,104857600,82368512,109051904,,,,,,,,,,
1791270554.8695803,418148,tracking_feedback_accumulate,35,,16829,,,39838208,109051904,82380800,109051904,,,,,,,,3.212300129234791,,
1791270554.8740923,418148,frontend_frame,35,0,16829,1,1,31865344,109051904,82380800,109051904,,,,,,,,,,
1791270555.1966355,418148,tracking_feedback_accumulate,36,,16829,,,36025856,109051904,82380800,109051904,,,,,,,,3.220499958842993,,
1791270555.2020552,418148,frontend_frame,36,0,16829,1,1,36007424,109051904,82380800,109051904,,,,,,,,,,
1791270555.532651,418148,tracking_feedback_accumulate,37,,16829,,,39840256,109051904,82382848,109051904,,,,,,,,3.010599873960018,,
1791270555.5391843,418148,frontend_frame,37,0,16829,1,1,31867392,109051904,82382848,109051904,,,,,,,,,,
1791270555.7490969,418148,tracking_feedback_accumulate,38,,16829,,,36027904,109051904,82382848,109051904,,,,,,,,2.891999902203679,,
1791270555.754776,418148,frontend_frame,38,0,16829,1,1,36009472,109051904,82382848,109051904,,,,,,,,,,
1791270556.0769544,418148,tracking_feedback_accumulate,39,,16829,,,39842304,109051904,82384896,109051904,,,,,,,,2.778799971565604,,
1791270556.0819929,418148,frontend_frame,39,0,16829,1,1,39823872,109051904,82384896,109051904,,,,,,,,,,
1791270556.4582021,418148,tracking_feedback_accumulate,40,,16829,,,32052736,109051904,82384896,109051904,,,,,,,,3.107300028204918,,
1791270556.463395,418148,frontend_frame,40,0,16829,1,1,32034304,62914560,82384896,109051904,,,,,,,,,,
1791270556.820032,418148,tracking_feedback_accumulate,41,,16829,,,35867136,104857600,82384896,109051904,,,,,,,,2.876899903640151,,
1791270556.8240645,418148,frontend_frame,41,0,16829,1,1,35848704,104857600,82384896,109051904,,,,,,,,,,
1791270557.1164913,418148,tracking_feedback_accumulate,42,,16829,,,40009216,109051904,82387968,109051904,,,,,,,,3.032800043001771,,
1791270557.1226873,418148,frontend_frame,42,0,16829,1,1,32036352,109051904,82387968,109051904,,,,,,,,,,
1791270557.5514286,418148,tracking_feedback_accumulate,43,,16829,,,35869184,109051904,82387968,109051904,,,,,,,,2.9724999330937862,,
1791270557.5559354,418148,frontend_frame,43,0,16829,1,1,35850752,109051904,82387968,109051904,,,,,,,,,,
1791270557.9007657,418148,tracking_feedback_accumulate,44,,16829,,,40011264,109051904,82390016,109051904,,,,,,,,2.8692001942545176,,
1791270557.9057755,418148,frontend_frame,44,0,16829,1,1,39992832,109051904,82390016,109051904,,,,,,,,,,
1791270558.1945088,418148,tracking_feedback_accumulate,45,,16829,,,31894016,109051904,82390016,109051904,,,,,,,,3.192499978467822,,
1791270558.1990194,418148,frontend_frame,45,0,16829,1,1,31875584,109051904,82390016,109051904,,,,,,,,,,
1791270558.5816915,418148,tracking_feedback_accumulate,46,,16829,,,35872256,109051904,82390016,109051904,,,,,,,,3.2350001856684685,,
1791270558.586691,418148,frontend_frame,46,0,16829,1,1,35853824,109051904,82390016,109051904,,,,,,,,,,
1791270558.9788265,418148,tracking_feedback_accumulate,47,,16829,,,39850496,109051904,82393088,109051904,,,,,,,,2.920099999755621,,
1791270558.9844878,418148,frontend_frame,47,0,16829,1,1,31877632,109051904,82393088,109051904,,,,,,,,,,
1791270559.401145,418148,tracking_feedback_accumulate,48,,16829,,,35874304,109051904,82393088,109051904,,,,,,,,2.8770999051630497,,
1791270559.406375,418148,frontend_frame,48,0,16829,1,1,35855872,109051904,82393088,109051904,,,,,,,,,,
1791270559.7854335,418148,tracking_feedback_accumulate,49,,16829,,,40016384,109051904,82395136,109051904,,,,,,,,2.8017000295221806,,
1791270559.7892141,418148,frontend_frame,49,0,16829,1,1,32043520,109051904,82395136,109051904,,,,,,,,,,
1791270560.1595852,418148,tracking_feedback_accumulate,50,,16829,,,35876352,109051904,82395136,109051904,,,,,,,,3.7227999418973923,,
1791270560.165589,418148,frontend_frame,50,0,16829,1,1,35857920,65011712,82395136,109051904,,,,,,,,,,
1791270560.5198684,418148,tracking_feedback_accumulate,51,,16829,,,39854592,109051904,82397184,109051904,,,,,,,,2.9021999798715115,,
1791270560.5258694,418148,frontend_frame,51,0,16829,2,2,43831808,109051904,82397184,109051904,,,,,,,,,,
1791270563.6102917,418148,tracking_feedback_accumulate,52,,9390,,,31604736,109051904,82397184,109051904,,,,,,,,2.881400054320693,,
1791270563.615306,418148,frontend_frame,52,0,9390,2,2,29774336,109051904,82397184,109051904,,,,,,,,,,
1791270563.990145,418148,tracking_feedback_accumulate,53,,9390,,,33607168,109051904,82397184,109051904,,,,,,,,2.7926999609917402,,
1791270563.9946508,418148,frontend_frame,53,0,9390,2,2,31836672,109051904,82397184,109051904,,,,,,,,,,
1791270564.2041938,418148,tracking_feedback_accumulate,54,,9390,,,35915264,109051904,82397184,109051904,,,,,,,,2.871900098398328,,
1791270564.2131362,418148,frontend_frame,54,0,9390,2,2,29612544,109051904,82397184,109051904,,,,,,,,,,
1791270564.5092769,418148,tracking_feedback_accumulate,55,,9390,,,33773056,109051904,82397184,109051904,,,,,,,,2.5011999532580376,,
1791270564.5158057,418148,frontend_frame,55,0,9390,2,2,32002560,109051904,82397184,109051904,,,,,,,,,,
1791270564.8434079,418148,tracking_feedback_accumulate,56,,9390,,,35917312,109051904,82397184,109051904,,,,,,,,2.7918999549001455,,
1791270564.8494048,418148,frontend_frame,56,0,9390,2,2,29615104,109051904,82397184,109051904,,,,,,,,,,
1791270565.1992183,418148,tracking_feedback_accumulate,57,,9390,,,33611776,109051904,82397184,109051904,,,,,,,,4.237300017848611,,
1791270565.2054784,418148,frontend_frame,57,0,9390,2,2,31841280,109051904,82397184,109051904,,,,,,,,,,
1791270565.5318165,418148,tracking_feedback_accumulate,58,,9390,,,35919872,109051904,82397184,109051904,,,,,,,,3.3996000420302153,,
1791270565.535817,418148,frontend_frame,58,0,9390,2,2,34067456,109051904,82397184,109051904,,,,,,,,,,
1791270565.9415414,418148,tracking_feedback_accumulate,59,,9390,,,33695744,109051904,82397184,109051904,,,,,,,,2.997100120410323,,
1791270565.9463565,418148,frontend_frame,59,0,9390,2,2,31925248,109051904,82397184,109051904,,,,,,,,,,
1791270566.36876,418148,tracking_feedback_accumulate,60,,9390,,,35840000,109051904,82397184,109051904,,,,,,,,2.9569000471383333,,
1791270566.3737726,418148,frontend_frame,60,0,9390,2,2,34069504,62914560,82397184,109051904,,,,,,,,,,
1791270566.7322364,418148,tracking_feedback_accumulate,61,,9390,,,38066176,83886080,82397184,109051904,,,,,,,,3.4926999360322952,,
1791270566.7382362,418148,frontend_frame,61,0,9390,2,2,31845376,83886080,82397184,109051904,,,,,,,,,,
1791270567.105641,418148,tracking_feedback_accumulate,62,,9390,,,35923968,83886080,82397184,109051904,,,,,,,,2.787299919873476,,
1791270567.110215,418148,frontend_frame,62,0,9390,2,2,34071552,83886080,82397184,109051904,,,,,,,,,,
1791270567.4989502,418148,tracking_feedback_accumulate,63,,9390,,,38068224,83886080,82397184,109051904,,,,,,,,2.834900049492717,,
1791270567.503958,418148,frontend_frame,63,0,9390,2,2,36297728,83886080,82397184,109051904,,,,,,,,,,
1791270567.8691885,418148,tracking_feedback_accumulate,64,,9390,,,33618944,83886080,82397184,109051904,,,,,,,,3.4139000345021486,,
1791270567.8739157,418148,frontend_frame,64,0,9390,2,2,31848448,83886080,82397184,109051904,,,,,,,,,,
1791270568.185879,418148,tracking_feedback_accumulate,65,,9390,,,36008960,83886080,82397184,109051904,,,,,,,,3.3352000173181295,,
1791270568.1905856,418148,frontend_frame,65,0,9390,2,2,34238464,83886080,82397184,109051904,,,,,,,,,,
1791270568.6029344,418148,tracking_feedback_accumulate,66,,9390,,,38153216,83886080,82397184,109051904,,,,,,,,3.361599985510111,,
1791270568.6079347,418148,frontend_frame,66,0,9390,2,2,31850496,83886080,82397184,109051904,,,,,,,,,,
1791270568.9297688,418148,tracking_feedback_accumulate,67,,9390,,,35847168,83886080,82397184,109051904,,,,,,,,2.804199932143092,,
1791270568.9347725,418148,frontend_frame,67,0,9390,2,2,34076672,83886080,82397184,109051904,,,,,,,,,,
1791270569.3264878,418148,tracking_feedback_accumulate,68,,9390,,,38155264,83886080,82397184,109051904,,,,,,,,2.860100008547306,,
1791270569.3328226,418148,frontend_frame,68,0,9390,2,2,36302848,83886080,82397184,109051904,,,,,,,,,,
1791270569.6695597,418148,tracking_feedback_accumulate,69,,9390,,,33787904,83886080,82397184,109051904,,,,,,,,3.621299983933568,,
1791270569.6745632,418148,frontend_frame,69,0,9390,2,2,31853568,83886080,82397184,109051904,,,,,,,,,,
1791270570.0607877,418148,tracking_feedback_accumulate,70,,9390,,,35932160,83886080,82397184,109051904,,,,,,,,2.8377999551594257,,
1791270570.0647864,418148,frontend_frame,70,0,9390,2,2,34079744,62914560,82397184,109051904,,,,,,,,,,
1791270570.4674058,418148,tracking_feedback_accumulate,71,,9390,,,38076416,83886080,82397184,109051904,,,,,,,,2.8083999641239643,,
1791270570.4726331,418148,frontend_frame,71,0,9390,2,2,31855616,83886080,82397184,109051904,,,,,,,,,,
1791270570.8960574,418148,tracking_feedback_accumulate,72,,9390,,,35934208,83886080,82397184,109051904,,,,,,,,2.9233999084681273,,
1791270570.9020905,418148,frontend_frame,72,0,9390,3,3,38159360,83886080,82397184,109051904,,,,,,,,,,
1791270574.8442347,418148,tracking_feedback_accumulate,73,,9842,,,42349568,104857600,82397184,109051904,,,,,,,,3.281200071796775,,
1791270574.8497565,418148,frontend_frame,73,0,9842,3,3,36232704,104857600,82397184,109051904,,,,,,,,,,
1791270575.2464516,418148,tracking_feedback_accumulate,74,,9842,,,40065536,104857600,82397184,109051904,,,,,,,,3.091199789196253,,
1791270575.2521348,418148,frontend_frame,74,0,9842,3,3,38395904,104857600,82397184,109051904,,,,,,,,,,
1791270575.3662086,418148,tracking_feedback_accumulate,75,,9842,,,42556416,104857600,82397184,109051904,,,,,,,,2.7751000598073006,,
1791270575.370943,418148,frontend_frame,75,0,9842,3,3,40886784,104857600,82397184,109051904,,,,,,,,,,
1791270575.7162573,418148,tracking_feedback_accumulate,76,,9842,,,37741568,104857600,82397184,109051904,,,,,,,,2.7411000337451696,,
1791270575.7209566,418148,frontend_frame,76,0,9842,3,3,36071936,104857600,82397184,109051904,,,,,,,,,,
1791270575.9831047,418148,tracking_feedback_accumulate,77,,9842,,,40232448,104857600,82397184,109051904,,,,,,,,2.8762000147253275,,
1791270575.9881124,418148,frontend_frame,77,0,9842,3,3,38563328,104857600,82397184,109051904,,,,,,,,,,
1791270576.366799,418148,tracking_feedback_accumulate,78,,9842,,,42396160,104857600,82397184,109051904,,,,,,,,2.833000151440501,,
1791270576.3738272,418148,frontend_frame,78,0,9842,3,3,36074496,104857600,82397184,109051904,,,,,,,,,,
1791270576.7318544,418148,tracking_feedback_accumulate,79,,9842,,,40071168,104857600,82397184,109051904,,,,,,,,3.0338000506162643,,
1791270576.735855,418148,frontend_frame,79,0,9842,3,3,38401536,104857600,82397184,109051904,,,,,,,,,,
1791270577.0526364,418148,tracking_feedback_accumulate,80,,9842,,,42398208,104857600,82397184,109051904,,,,,,,,2.9132000636309385,,
1791270577.0596662,418148,frontend_frame,80,0,9842,3,3,33851392,62914560,82397184,109051904,,,,,,,,,,
1791270577.3963773,418148,tracking_feedback_accumulate,81,,9842,,,37848064,104857600,82397184,109051904,,,,,,,,3.9140000008046627,,
1791270577.4009135,418148,frontend_frame,81,0,9842,3,3,36178432,104857600,82397184,109051904,,,,,,,,,,
1791270577.7897131,418148,tracking_feedback_accumulate,82,,9842,,,40175104,104857600,82397184,109051904,,,,,,,,2.78639979660511,,
1791270577.7952228,418148,frontend_frame,82,0,9842,3,3,38505472,104857600,82397184,109051904,,,,,,,,,,
1791270578.049167,418148,tracking_feedback_accumulate,83,,9842,,,38013952,104857600,82397184,109051904,,,,,,,,2.7894999366253614,,
1791270578.0531697,418148,frontend_frame,83,0,9842,3,3,36344320,104857600,82397184,109051904,,,,,,,,,,
1791270578.3838005,418148,tracking_feedback_accumulate,84,,9842,,,40177152,104857600,82397184,109051904,,,,,,,,2.9444999527186155,,
1791270578.3888106,418148,frontend_frame,84,0,9842,3,3,38507520,104857600,82397184,109051904,,,,,,,,,,
1791270578.6766245,418148,tracking_feedback_accumulate,85,,9842,,,42668032,104857600,82397184,109051904,,,,,,,,3.2306001521646976,,
1791270578.6823328,418148,frontend_frame,85,0,9842,3,3,36346368,104857600,82397184,109051904,,,,,,,,,,
1791270579.0208538,418148,tracking_feedback_accumulate,86,,9842,,,40179200,104857600,82397184,109051904,,,,,,,,2.7376001235097647,,
1791270579.0248525,418148,frontend_frame,86,0,9842,3,3,38509568,104857600,82397184,109051904,,,,,,,,,,
1791270579.3841374,418148,tracking_feedback_accumulate,87,,9842,,,42670080,104857600,82397184,109051904,,,,,,,,3.0664000660181046,,
1791270579.389648,418148,frontend_frame,87,0,9842,3,3,41000448,104857600,82397184,109051904,,,,,,,,,,
1791270579.7789695,418148,tracking_feedback_accumulate,88,,9842,,,37855232,104857600,82397184,109051904,,,,,,,,3.8445000536739826,,
1791270579.7849786,418148,frontend_frame,88,0,9842,3,3,36185600,104857600,82397184,109051904,,,,,,,,,,
1791270580.155651,418148,tracking_feedback_accumulate,89,,9842,,,40182272,104857600,82397184,109051904,,,,,,,,2.9352998826652765,,
1791270580.1609282,418148,frontend_frame,89,0,9842,3,3,38512640,104857600,82397184,109051904,,,,,,,,,,
1791270580.574193,418148,tracking_feedback_accumulate,90,,9842,,,42509312,104857600,82397184,109051904,,,,,,,,2.982999896630645,,
1791270580.5817149,418148,frontend_frame,90,0,9842,3,3,36187648,62914560,82397184,109051904,,,,,,,,,,
1791270580.9268262,418148,tracking_feedback_accumulate,91,,9842,,,40184320,104857600,82397184,109051904,,,,,,,,2.7918999549001455,,
1791270580.932523,418148,frontend_frame,91,0,9842,3,3,38514688,104857600,82397184,109051904,,,,,,,,,,
1791270581.2998,418148,tracking_feedback_accumulate,92,,9842,,,42511360,104857600,82397184,109051904,,,,,,,,3.976099891588092,,
1791270581.303808,418148,frontend_frame,92,0,9842,3,3,40841728,104857600,82397184,109051904,,,,,,,,,,
1791270581.6795406,418148,tracking_feedback_accumulate,93,,9842,,,38024192,104857600,82397184,109051904,,,,,,,,3.18100000731647,,
1791270581.6845446,418148,frontend_frame,93,0,9842,3,3,36354560,104857600,82397184,109051904,,,,,,,,,,
1791270582.0446894,418148,tracking_feedback_accumulate,94,,9842,,,40187392,104857600,82397184,109051904,,,,,,,,3.4775000531226397,,
1791270582.051211,418148,frontend_frame,94,0,9842,3,3,38517760,104857600,82397184,109051904,,,,,,,,,,
1791270582.3682826,418148,tracking_feedback_accumulate,95,,9842,,,42678272,104857600,82397184,109051904,,,,,,,,3.8418001495301723,,
1791270582.3729987,418148,frontend_frame,95,0,9842,3,3,36356608,104857600,82397184,109051904,,,,,,,,,,
1791270582.6802356,418148,tracking_feedback_accumulate,96,,9842,,,40189440,104857600,82397184,109051904,,,,,,,,3.0067998450249434,,
1791270582.6847432,418148,frontend_frame,96,0,9842,3,3,38519808,104857600,82397184,109051904,,,,,,,,,,
1791270583.0530117,418148,tracking_feedback_accumulate,97,,9842,,,42516480,104857600,82397184,109051904,,,,,,,,2.9621999710798264,,
1791270583.0591362,418148,frontend_frame,97,0,9842,3,3,36194816,104857600,82397184,109051904,,,,,,,,,,
1791270583.4561782,418148,tracking_feedback_accumulate,98,,9842,,,40191488,104857600,82397184,109051904,,,,,,,,3.5170000046491623,,
1791270583.4613106,418148,frontend_frame,98,0,9842,3,3,38521856,104857600,82397184,109051904,,,,,,,,,,
1791270583.693661,418148,tracking_feedback_accumulate,99,,9842,,,42518528,104857600,82397184,109051904,,,,,,,,3.177399979904294,,
1791270583.6999123,418148,frontend_frame,99,0,9842,3,3,40848896,104857600,82397184,109051904,,,,,,,,,,
1791270583.8424563,418148,tracking_feedback_accumulate,100,,9842,,,40193536,104857600,82397184,109051904,,,,,,,,3.053199965506792,,
1791270583.8485167,418148,frontend_frame,100,0,9842,3,3,38523904,62914560,82397184,109051904,,,,,,,,,,
1791270584.2658677,418148,tracking_feedback_accumulate,101,,9842,,,42684416,104857600,82397184,109051904,,,,,,,,3.106200136244297,,
1791270584.2713902,418148,frontend_frame,101,0,9842,3,3,41014784,104857600,82397184,109051904,,,,,,,,,,
1791270584.6106956,418148,tracking_feedback_accumulate,102,,9842,,,44847616,104857600,82397184,109051904,,,,,,,,3.2478999346494675,,
1791270584.6197104,418148,frontend_frame,102,0,9842,4,4,42521600,104857600,82397184,109051904,,,,,,,,,,
1791270589.790943,418148,tracking_feedback_accumulate,103,,10901,,,46755328,104857600,83329536,109051904,,,,,,,,3.63279995508492,,
1791270589.7965276,418148,frontend_frame,103,0,10901,4,4,45347328,104857600,83329536,109051904,,,,,,,,,,
1791270590.1282058,418148,tracking_feedback_accumulate,104,,10901,,,49180160,104857600,85978112,109051904,,,,,,,,2.920700004324317,,
1791270590.1343997,418148,frontend_frame,104,0,10901,4,4,42858496,104857600,85978112,109051904,,,,,,,,,,
1791270590.520685,418148,tracking_feedback_accumulate,105,,10901,,,47019008,104857600,85978112,109051904,,,,,,,,2.791800070554018,,
1791270590.5256867,418148,frontend_frame,105,0,10901,4,4,45602816,104857600,85978112,109051904,,,,,,,,,,
1791270590.8683786,418148,tracking_feedback_accumulate,106,,10901,,,49435648,104857600,86239232,109051904,,,,,,,,2.7758998330682516,,
1791270590.8745518,418148,frontend_frame,106,0,10901,4,4,48019456,104857600,86239232,109051904,,,,,,,,,,
1791270591.2022772,418148,tracking_feedback_accumulate,107,,10901,,,46857216,104857600,86239232,109051904,,,,,,,,2.993699861690402,,
1791270591.208289,418148,frontend_frame,107,0,10901,4,4,45441536,104857600,86239232,109051904,,,,,,,,,,
1791270591.5419536,418148,tracking_feedback_accumulate,108,,10901,,,49602048,106954752,86241792,109051904,,,,,,,,3.3077001571655273,,
1791270591.546966,418148,frontend_frame,108,0,10901,4,4,48185856,106954752,86241792,109051904,,,,,,,,,,
1791270591.8999383,418148,tracking_feedback_accumulate,109,,10901,,,52018688,109051904,89875456,109051904,,,,,,,,2.9310998506844044,,
1791270591.9054475,418148,frontend_frame,109,0,10901,4,4,40538112,109051904,89875456,109051904,,,,,,,,,,
1791270592.2966003,418148,tracking_feedback_accumulate,110,,10901,,,44534784,109051904,89875456,109051904,,,,,,,,2.8024998027831316,,
1791270592.3023627,418148,frontend_frame,110,0,10901,4,4,43118592,83886080,89875456,109051904,,,,,,,,,,
1791270592.572515,418148,tracking_feedback_accumulate,111,,10901,,,47279104,104857600,89875456,109051904,,,,,,,,2.761299954727292,,
1791270592.5785553,418148,frontend_frame,111,0,10901,4,4,45862912,104857600,89875456,109051904,,,,,,,,,,
1791270592.921754,418148,tracking_feedback_accumulate,112,,10901,,,41957376,104857600,89875456,109051904,,,,,,,,2.5557999033480883,,
1791270592.9267662,418148,frontend_frame,112,0,10901,4,4,40541184,104857600,89875456,109051904,,,,,,,,,,
1791270593.2965972,418148,tracking_feedback_accumulate,113,,10901,,,44537856,104857600,89875456,109051904,,,,,,,,2.753000007942319,,
1791270593.3017628,418148,frontend_frame,113,0,10901,4,4,43121664,104857600,89875456,109051904,,,,,,,,,,
1791270593.589608,418148,tracking_feedback_accumulate,114,,10901,,,47118336,104857600,89875456,109051904,,,,,,,,2.479200018569827,,
1791270593.5956979,418148,frontend_frame,114,0,10901,4,4,40543232,104857600,89875456,109051904,,,,,,,,,,
1791270593.9159808,418148,tracking_feedback_accumulate,115,,10901,,,44703744,104857600,89875456,109051904,,,,,,,,2.8880999889224768,,
1791270593.9208522,418148,frontend_frame,115,0,10901,4,4,43287552,104857600,89875456,109051904,,,,,,,,,,
1791270594.3046577,418148,tracking_feedback_accumulate,116,,10901,,,47120384,104857600,89875456,109051904,,,,,,,,2.804800169542432,,
1791270594.3098874,418148,frontend_frame,116,0,10901,4,4,45704192,104857600,89875456,109051904,,,,,,,,,,
1791270594.699059,418148,tracking_feedback_accumulate,117,,10901,,,41962496,104857600,89875456,109051904,,,,,,,,2.672700211405754,,
1791270594.7027626,418148,frontend_frame,117,0,10901,4,4,40546304,104857600,89875456,109051904,,,,,,,,,,
1791270594.96722,418148,tracking_feedback_accumulate,118,,10901,,,44542976,104857600,89875456,109051904,,,,,,,,2.847700146958232,,
1791270594.971982,418148,frontend_frame,118,0,10901,4,4,43126784,104857600,89875456,109051904,,,,,,,,,,
1791270595.3095942,418148,tracking_feedback_accumulate,119,,10901,,,41964544,104857600,89875456,109051904,,,,,,,,3.3096999395638704,,
1791270595.3146186,418148,frontend_frame,119,0,10901,4,4,40548352,104857600,89875456,109051904,,,,,,,,,,
1791270595.6283069,418148,tracking_feedback_accumulate,120,,10901,,,44545024,104857600,89875456,109051904,,,,,,,,2.701499965041876,,
1791270595.6325386,418148,frontend_frame,120,0,10901,4,4,43128832,83886080,89875456,109051904,,,,,,,,,,
1791270595.9410439,418148,tracking_feedback_accumulate,121,,10901,,,47289344,104857600,89875456,109051904,,,,,,,,2.7493000961840153,,
1791270595.947065,418148,frontend_frame,121,0,10901,4,4,40714240,104857600,89875456,109051904,,,,,,,,,,
1791270596.2955298,418148,tracking_feedback_accumulate,122,,10901,,,44547072,104857600,89875456,109051904,,,,,,,,3.832399845123291,,
1791270596.3002195,418148,frontend_frame,122,0,10901,4,4,43130880,104857600,89875456,109051904,,,,,,,,,,
1791270596.6137228,418148,tracking_feedback_accumulate,123,,10901,,,47127552,104857600,89875456,109051904,,,,,,,,3.5087999422103167,,
1791270596.6192493,418148,frontend_frame,123,0,10901,4,4,45711360,104857600,89875456,109051904,,,,,,,,,,
1791270596.9388158,418148,tracking_feedback_accumulate,124,,10901,,,42133504,104857600,89875456,109051904,,,,,,,,2.7652999851852655,,
1791270596.9424925,418148,frontend_frame,124,0,10901,4,4,40717312,104857600,89875456,109051904,,,,,,,,,,
1791270597.2970774,418148,tracking_feedback_accumulate,125,,10901,,,44550144,104857600,89875456,109051904,,,,,,,,3.315200097858906,,
1791270597.3013089,418148,frontend_frame,125,0,10901,4,4,43133952,104857600,89875456,109051904,,,,,,,,,,
1791270597.611929,418148,tracking_feedback_accumulate,126,,10901,,,47130624,104857600,89875456,109051904,,,,,,,,2.720699878409505,,
1791270597.6172242,418148,frontend_frame,126,0,10901,4,4,40555520,104857600,89875456,109051904,,,,,,,,,,
1791270597.943968,418148,tracking_feedback_accumulate,127,,10901,,,44716032,104857600,89875456,109051904,,,,,,,,2.5828001089394093,,
1791270597.9481897,418148,frontend_frame,127,0,10901,4,4,43299840,104857600,89875456,109051904,,,,,,,,,,
1791270598.306653,418148,tracking_feedback_accumulate,128,,10901,,,47132672,104857600,89875456,109051904,,,,,,,,2.8383000753819942,,
1791270598.3116853,418148,frontend_frame,128,0,10901,4,4,45716480,104857600,89875456,109051904,,,,,,,,,,
1791270598.6432028,418148,tracking_feedback_accumulate,129,,10901,,,41974784,104857600,89875456,109051904,,,,,,,,2.8539998456835747,,
1791270598.6518743,418148,frontend_frame,129,0,10901,4,4,40558592,104857600,89875456,109051904,,,,,,,,,,
1791270598.9967518,418148,tracking_feedback_accumulate,130,,10901,,,44555264,104857600,89875456,109051904,,,,,,,,2.8458000160753727,,
1791270599.0026443,418148,frontend_frame,130,0,10901,4,4,43139072,62914560,89875456,109051904,,,,,,,,,,
1791270599.311905,418148,tracking_feedback_accumulate,131,,10901,,,47299584,104857600,89875456,109051904,,,,,,,,3.1487999949604273,,
1791270599.3174124,418148,frontend_frame,131,0,10901,4,4,40724480,104857600,89875456,109051904,,,,,,,,,,
1791270599.6545932,418148,tracking_feedback_accumulate,132,,10901,,,44557312,104857600,89875456,109051904,,,,,,,,2.820099936798215,,
1791270599.659438,418148,frontend_frame,132,0,10901,4,4,43141120,104857600,89875456,109051904,,,,,,,,,,
1791270600.01245,418148,tracking_feedback_accumulate,133,,10901,,,47301632,104857600,89875456,109051904,,,,,,,,3.2120998948812485,,
1791270600.0189629,418148,frontend_frame,133,0,10901,4,4,40726528,104857600,89875456,109051904,,,,,,,,,,
1791270600.3330126,418148,tracking_feedback_accumulate,134,,10901,,,44559360,104857600,89875456,109051904,,,,,,,,3.2466999255120754,,
1791270600.3380115,418148,frontend_frame,134,0,10901,4,4,43143168,104857600,89875456,109051904,,,,,,,,,,
1791270600.682106,418148,tracking_feedback_accumulate,135,,10901,,,47303680,104857600,89875456,109051904,,,,,,,,2.9287999495863914,,
1791270600.6871054,418148,frontend_frame,135,0,10901,4,4,45887488,104857600,89875456,109051904,,,,,,,,,,
1791270600.9679284,418148,tracking_feedback_accumulate,136,,10901,,,44561408,104857600,89875456,109051904,,,,,,,,3.1070001423358917,,
1791270600.9744632,418148,frontend_frame,136,0,10901,5,5,47140864,104857600,89875456,109051904,,,,,,,,,,
1791270607.0418818,418148,tracking_feedback_accumulate,137,,11696,,,46032896,104857600,89875456,109051904,,,,,,,,3.290599910542369,,
1791270607.0463896,418148,frontend_frame,137,0,11696,5,5,44811776,104857600,89875456,109051904,,,,,,,,,,
1791270607.3832357,418148,tracking_feedback_accumulate,138,,11696,,,48808448,104857600,89875456,109051904,,,,,,,,2.787599805742502,,
1791270607.3882432,418148,frontend_frame,138,0,11696,5,5,47581696,104857600,89875456,109051904,,,,,,,,,,
1791270607.726594,418148,tracking_feedback_accumulate,139,,11696,,,51578368,104857600,89875456,109051904,,,,,,,,3.2152000349014997,,
1791270607.7331774,418148,frontend_frame,139,0,11696,5,5,47582720,104857600,89875456,109051904,,,,,,,,,,
1791270608.0300026,418148,tracking_feedback_accumulate,140,,11696,,,51579392,104857600,89875456,109051904,,,,,,,,2.8394998516887426,,
1791270608.0350468,418148,frontend_frame,140,0,11696,5,5,50352640,62914560,89875456,109051904,,,,,,,,,,
1791270608.4181654,418148,tracking_feedback_accumulate,141,,11696,,,54513152,106954752,92303360,109051904,,,,,,,,2.8023000340908766,,
1791270608.423362,418148,frontend_frame,141,0,11696,5,5,47749120,106954752,92303360,109051904,,,,,,,,,,
1791270608.7927368,418148,tracking_feedback_accumulate,142,,11696,,,51581952,106954752,92303360,109051904,,,,,,,,3.231600159779191,,
1791270608.798361,418148,frontend_frame,142,0,11696,5,5,50355200,106954752,92303360,109051904,,,,,,,,,,
1791270609.1644666,418148,tracking_feedback_accumulate,143,,11696,,,54515712,106954752,92305920,109051904,,,,,,,,2.924900036305189,,
1791270609.1694736,418148,frontend_frame,143,0,11696,5,5,53288960,106954752,92305920,109051904,,,,,,,,,,
1791270609.441156,418148,tracking_feedback_accumulate,144,,11696,,,46046208,106954752,92305920,109051904,,,,,,,,2.730300184339285,,
1791270609.4466636,418148,frontend_frame,144,0,11696,5,5,44819456,106954752,92305920,109051904,,,,,,,,,,
1791270609.832095,418148,tracking_feedback_accumulate,145,,11696,,,48816128,106954752,92305920,109051904,,,,,,,,2.7886999305337667,,
1791270609.8370981,418148,frontend_frame,145,0,11696,5,5,47589376,106954752,92305920,109051904,,,,,,,,,,
1791270610.1351538,418148,tracking_feedback_accumulate,146,,11696,,,51749888,106954752,92305920,109051904,,,,,,,,2.584800124168396,,
1791270610.1401646,418148,frontend_frame,146,0,11696,5,5,44985344,106954752,92305920,109051904,,,,,,,,,,
1791270610.4679155,418148,tracking_feedback_accumulate,147,,11696,,,48818176,106954752,92305920,109051904,,,,,,,,2.8657999355345964,,
1791270610.4725883,418148,frontend_frame,147,0,11696,5,5,47591424,106954752,92305920,109051904,,,,,,,,,,
1791270610.772009,418148,tracking_feedback_accumulate,148,,11696,,,51588096,106954752,92305920,109051904,,,,,,,,2.891399897634983,,
1791270610.7769084,418148,frontend_frame,148,0,11696,5,5,50361344,106954752,92305920,109051904,,,,,,,,,,
1791270611.12383,418148,tracking_feedback_accumulate,149,,11696,,,46215168,106954752,92305920,109051904,,,,,,,,2.7586999349296093,,
1791270611.1305866,418148,frontend_frame,149,0,11696,5,5,44988416,106954752,92305920,109051904,,,,,,,,,,
1791270611.4733112,418148,tracking_feedback_accumulate,150,,11696,,,48821248,106954752,92305920,109051904,,,,,,,,2.7364999987185,,
1791270611.4798496,418148,frontend_frame,150,0,11696,5,5,47594496,62914560,92305920,109051904,,,,,,,,,,
1791270611.8697405,418148,tracking_feedback_accumulate,151,,11696,,,51591168,104857600,92305920,109051904,,,,,,,,2.830500015988946,,
1791270611.8747447,418148,frontend_frame,151,0,11696,5,5,44826624,104857600,92305920,109051904,,,,,,,,,,
1791270612.2731323,418148,tracking_feedback_accumulate,152,,11696,,,48987136,104857600,92305920,109051904,,,,,,,,2.769199898466468,,
1791270612.278145,418148,frontend_frame,152,0,11696,5,5,47760384,104857600,92305920,109051904,,,,,,,,,,
1791270612.4744534,418148,tracking_feedback_accumulate,153,,11696,,,51593216,104857600,92305920,109051904,,,,,,,,2.833699807524681,,
1791270612.4806976,418148,frontend_frame,153,0,11696,5,5,50366464,104857600,92305920,109051904,,,,,,,,,,
1791270612.7868636,418148,tracking_feedback_accumulate,154,,11696,,,46220288,104857600,92305920,109051904,,,,,,,,2.616100013256073,,
1791270612.790603,418148,frontend_frame,154,0,11696,5,5,44993536,104857600,92305920,109051904,,,,,,,,,,
1791270613.0788536,418148,tracking_feedback_accumulate,155,,11696,,,48826368,104857600,92305920,109051904,,,,,,,,2.9880001675337553,,
1791270613.0835872,418148,frontend_frame,155,0,11696,5,5,47599616,104857600,92305920,109051904,,,,,,,,,,
1791270613.3888657,418148,tracking_feedback_accumulate,156,,11696,,,46058496,104857600,92305920,109051904,,,,,,,,2.765800105407834,,
1791270613.3933754,418148,frontend_frame,156,0,11696,5,5,44831744,104857600,92305920,109051904,,,,,,,,,,
1791270613.675193,418148,tracking_feedback_accumulate,157,,11696,,,48992256,104857600,92305920,109051904,,,,,,,,2.7177000883966684,,
1791270613.6793957,418148,frontend_frame,157,0,11696,5,5,47765504,104857600,92305920,109051904,,,,,,,,,,
1791270614.0245123,418148,tracking_feedback_accumulate,158,,11696,,,51598336,104857600,92305920,109051904,,,,,,,,2.7876999229192734,,
1791270614.0325627,418148,frontend_frame,158,0,11696,6,6,48829440,104857600,92305920,109051904,,,,,,,,,,
1791270620.9569879,418148,tracking_feedback_accumulate,159,,12626,,,52887040,104857600,92305920,109051904,,,,,,,,3.27139999717474,,
1791270620.9631839,418148,frontend_frame,159,0,12626,6,6,51880960,104857600,92305920,109051904,,,,,,,,,,
1791270621.3147597,418148,tracking_feedback_accumulate,160,,12626,,,55877632,104857600,93992448,109051904,,,,,,,,2.8278001118451357,,
1791270621.3199165,418148,frontend_frame,160,0,12626,6,6,49113088,62914560,93992448,109051904,,,,,,,,,,
1791270621.659007,418148,tracking_feedback_accumulate,161,,12626,,,53109760,104857600,93992448,109051904,,,,,,,,3.22819990105927,,
1791270621.6635132,418148,frontend_frame,161,0,12626,6,6,52096512,104857600,93992448,109051904,,,,,,,,,,
1791270622.0307171,418148,tracking_feedback_accumulate,162,,12626,,,56093184,106954752,94208000,109051904,,,,,,,,3.2781001646071672,,
1791270622.0362232,418148,frontend_frame,162,0,12626,6,6,55079936,106954752,94208000,109051904,,,,,,,,,,
1791270622.3598144,418148,tracking_feedback_accumulate,163,,12626,,,53275648,106954752,94208000,109051904,,,,,,,,2.8989999555051327,,
1791270622.3648179,418148,frontend_frame,163,0,12626,6,6,52262912,106954752,94208000,109051904,,,,,,,,,,
1791270622.800527,418148,tracking_feedback_accumulate,164,,12626,,,56095744,106954752,94210560,109051904,,,,,,,,2.727100159972906,,
1791270622.8060374,418148,frontend_frame,164,0,12626,6,6,55082496,106954752,94210560,109051904,,,,,,,,,,
1791270623.1057038,418148,tracking_feedback_accumulate,165,,12626,,,59243008,109051904,97193984,109051904,,,,,,,,2.781999995931983,,
1791270623.11072,418148,frontend_frame,165,0,12626,6,6,52264960,109051904,97193984,109051904,,,,,,,,,,
1791270623.4655592,418148,tracking_feedback_accumulate,166,,12626,,,56097792,109051904,97193984,109051904,,,,,,,,2.80030001886189,,
1791270623.4708343,418148,frontend_frame,166,0,12626,6,6,55084544,109051904,97193984,109051904,,,,,,,,,,
1791270623.7133133,418148,tracking_feedback_accumulate,167,,12626,,,59081216,109051904,97196032,109051904,,,,,,,,3.0300000216811895,,
1791270623.718313,418148,frontend_frame,167,0,12626,6,6,58067968,109051904,97196032,109051904,,,,,,,,,,
1791270623.9872005,418148,tracking_feedback_accumulate,168,,12626,,,53281280,109051904,97196032,109051904,,,,,,,,2.553099999204278,,
1791270623.993367,418148,frontend_frame,168,0,12626,6,6,52268032,109051904,97196032,109051904,,,,,,,,,,
1791270624.3694222,418148,tracking_feedback_accumulate,169,,12626,,,56100864,109051904,97196032,109051904,,,,,,,,2.7395000215619802,,
1791270624.3740969,418148,frontend_frame,169,0,12626,6,6,55087616,109051904,97196032,109051904,,,,,,,,,,
1791270624.6998158,418148,tracking_feedback_accumulate,170,,12626,,,59248128,109051904,97199104,109051904,,,,,,,,2.7483999729156494,,
1791270624.7053463,418148,frontend_frame,170,0,12626,6,6,52270080,83886080,97199104,109051904,,,,,,,,,,
1791270625.0517955,418148,tracking_feedback_accumulate,171,,12626,,,56102912,106954752,97199104,109051904,,,,,,,,2.9772999696433544,,
1791270625.0558493,418148,frontend_frame,171,0,12626,6,6,55089664,106954752,97199104,109051904,,,,,,,,,,
1791270625.364847,418148,tracking_feedback_accumulate,172,,12626,,,59250176,109051904,97201152,109051904,,,,,,,,3.123499918729067,,
1791270625.3710215,418148,frontend_frame,172,0,12626,6,6,58236928,109051904,97201152,109051904,,,,,,,,,,
1791270625.733389,418148,tracking_feedback_accumulate,173,,12626,,,50140160,109051904,97201152,109051904,,,,,,,,2.8122998774051666,,
1791270625.737956,418148,frontend_frame,173,0,12626,6,6,49126912,109051904,97201152,109051904,,,,,,,,,,
1791270626.0776796,418148,tracking_feedback_accumulate,174,,12626,,,53123584,109051904,97201152,109051904,,,,,,,,3.8399999029934406,,
1791270626.0812066,418148,frontend_frame,174,0,12626,6,6,52110336,109051904,97201152,109051904,,,,,,,,,,
1791270626.430517,418148,tracking_feedback_accumulate,175,,12626,,,50306048,109051904,97201152,109051904,,,,,,,,2.8659000527113676,,
1791270626.4345176,418148,frontend_frame,175,0,12626,6,6,49292800,109051904,97201152,109051904,,,,,,,,,,
1791270626.776593,418148,tracking_feedback_accumulate,176,,12626,,,53125632,109051904,97201152,109051904,,,,,,,,2.897599944844842,,
1791270626.780607,418148,frontend_frame,176,0,12626,6,6,52112384,109051904,97201152,109051904,,,,,,,,,,
1791270627.116512,418148,tracking_feedback_accumulate,177,,12626,,,56109056,109051904,97201152,109051904,,,,,,,,2.8699999675154686,,
1791270627.1215253,418148,frontend_frame,177,0,12626,6,6,49131008,109051904,97201152,109051904,,,,,,,,,,
1791270627.484673,418148,tracking_feedback_accumulate,178,,12626,,,53127680,109051904,97201152,109051904,,,,,,,,2.930699847638607,,
1791270627.4898882,418148,frontend_frame,178,0,12626,6,6,52114432,109051904,97201152,109051904,,,,,,,,,,
1791270627.8606837,418148,tracking_feedback_accumulate,179,,12626,,,56274944,109051904,97201152,109051904,,,,,,,,3.0125000048428774,,
1791270627.8656874,418148,frontend_frame,179,0,12626,6,6,55261696,109051904,97201152,109051904,,,,,,,,,,
1791270628.2755814,418148,tracking_feedback_accumulate,180,,12626,,,50147328,109051904,97201152,109051904,,,,,,,,2.6046999264508486,,
1791270628.281287,418148,frontend_frame,180,0,12626,6,6,49134080,83886080,97201152,109051904,,,,,,,,,,
1791270628.553557,418148,tracking_feedback_accumulate,181,,12626,,,53294592,104857600,97201152,109051904,,,,,,,,2.822499955072999,,
1791270628.5580602,418148,frontend_frame,181,0,12626,6,6,52281344,104857600,97201152,109051904,,,,,,,,,,
1791270628.9022107,418148,tracking_feedback_accumulate,182,,12626,,,56114176,104857600,97201152,109051904,,,,,,,,2.757399808615446,,
1791270628.9072115,418148,frontend_frame,182,0,12626,6,6,49136128,104857600,97201152,109051904,,,,,,,,,,
1791270629.1918297,418148,tracking_feedback_accumulate,183,,12626,,,53296640,104857600,97201152,109051904,,,,,,,,2.915899967774749,,
1791270629.1995869,418148,frontend_frame,183,0,12626,7,7,56279040,104857600,97201152,109051904,,,,,,,,,,
1791270637.082393,418148,tracking_feedback_accumulate,184,,13524,,,60172800,104857600,98527232,109051904,,,,,,,,2.8333000373095274,,
1791270637.0888984,418148,frontend_frame,184,0,13524,7,7,53412864,104857600,98527232,109051904,,,,,,,,,,
1791270637.4346228,418148,tracking_feedback_accumulate,185,,13524,,,57491456,104857600,98527232,109051904,,,,,,,,2.4802000261843204,,
1791270637.439698,418148,frontend_frame,185,0,13524,7,7,56689664,104857600,98527232,109051904,,,,,,,,,,
1791270637.616825,418148,tracking_feedback_accumulate,186,,13524,,,60768256,104857600,99012096,109051904,,,,,,,,2.781700110062957,,
1791270637.6223924,418148,frontend_frame,186,0,13524,7,7,59966464,106954752,99012096,109051904,,,,,,,,,,
1791270637.9080331,418148,tracking_feedback_accumulate,187,,13524,,,57411584,106954752,99012096,109051904,,,,,,,,3.240299876779318,,
1791270637.9127345,418148,frontend_frame,187,0,13524,7,7,56609792,106954752,99012096,109051904,,,,,,,,,,
1791270638.2036295,418148,tracking_feedback_accumulate,188,,13524,,,60606464,106954752,99014144,109051904,,,,,,,,2.80030001886189,,
1791270638.2108865,418148,frontend_frame,188,0,13524,7,7,59805184,106954752,99014144,109051904,,,,,,,,,,
1791270638.4769535,418148,tracking_feedback_accumulate,189,,13524,,,63801856,109051904,102234112,109051904,,,,,,,,2.862100023776293,,
1791270638.4819076,418148,frontend_frame,189,0,13524,7,7,56612352,109051904,102234112,109051904,,,,,,,,,,
1791270638.768825,418148,tracking_feedback_accumulate,190,,13524,,,60772864,109051904,102234112,109051904,,,,,,,,2.8683000709861517,,
1791270638.7743373,418148,frontend_frame,190,0,13524,7,7,59971072,85983232,102234112,109051904,,,,,,,,,,
1791270639.1538882,418148,tracking_feedback_accumulate,191,,13524,,,63803904,109051904,102234112,109051904,,,,,,,,2.9714000411331654,,
1791270639.159628,418148,frontend_frame,191,0,13524,7,7,63002112,111149056,102234112,111149056,,,,,,,,,,
1791270639.440023,418148,tracking_feedback_accumulate,192,,13524,,,57417216,111149056,102234112,111149056,,,,,,,,3.144300077110529,,
1791270639.4445324,418148,frontend_frame,192,0,13524,7,7,56615424,111149056,102234112,111149056,,,,,,,,,,
1791270639.7797568,418148,tracking_feedback_accumulate,193,,13524,,,60775936,111149056,102234112,111149056,,,,,,,,3.0278998892754316,,
1791270639.7847598,418148,frontend_frame,193,0,13524,7,7,59974144,111149056,102234112,111149056,,,,,,,,,,
1791270640.0208757,418148,tracking_feedback_accumulate,194,,13524,,,63806976,111149056,102234112,111149056,,,,,,,,2.826099982485175,,
1791270640.0258765,418148,frontend_frame,194,0,13524,7,7,56617472,111149056,102234112,111149056,,,,,,,,,,
1791270640.3748438,418148,tracking_feedback_accumulate,195,,13524,,,60777984,111149056,102234112,111149056,,,,,,,,3.5884000826627016,,
1791270640.3797538,418148,frontend_frame,195,0,13524,7,7,59976192,111149056,102234112,111149056,,,,,,,,,,
1791270640.666586,418148,tracking_feedback_accumulate,196,,13524,,,63809024,111149056,102234112,111149056,,,,,,,,2.7583001647144556,,
1791270640.6722722,418148,frontend_frame,196,0,13524,7,7,56619520,111149056,102234112,111149056,,,,,,,,,,
1791270640.9526505,418148,tracking_feedback_accumulate,197,,13524,,,60616192,111149056,102234112,111149056,,,,,,,,2.7813001070171595,,
1791270640.9566503,418148,frontend_frame,197,0,13524,7,7,59814400,111149056,102234112,111149056,,,,,,,,,,
1791270641.2307405,418148,tracking_feedback_accumulate,198,,13524,,,63892992,111149056,102234112,111149056,,,,,,,,3.0261999927461147,,
1791270641.236222,418148,frontend_frame,198,0,13524,7,7,63091200,111149056,102234112,111149056,,,,,,,,,,
1791270641.5820343,418148,tracking_feedback_accumulate,199,,13524,,,60618240,111149056,102234112,111149056,,,,,,,,2.8038001619279385,,
1791270641.5860326,418148,frontend_frame,199,0,13524,7,7,59816448,111149056,102234112,111149056,,,,,,,,,,
1791270641.8865457,418148,tracking_feedback_accumulate,200,,13524,,,63813120,111149056,102234112,111149056,,,,,,,,2.567100105807185,,
1791270641.892576,418148,frontend_frame,200,0,13524,7,7,63011328,88080384,102234112,111149056,,,,,,,,,,
1791270642.267281,418148,tracking_feedback_accumulate,201,,13524,,,67008000,113246208,105415680,113246208,,,,,,,,2.8158000204712152,,
1791270642.272842,418148,frontend_frame,201,0,13524,7,7,53430784,113246208,105415680,113246208,,,,,,,,,,
1791270642.5796037,418148,tracking_feedback_accumulate,202,,13524,,,57427456,113246208,105415680,113246208,,,,,,,,3.5769001115113497,,
1791270642.5881085,418148,frontend_frame,202,0,13524,7,7,56625664,113246208,105415680,113246208,,,,,,,,,,
1791270642.9205704,418148,tracking_feedback_accumulate,203,,13524,,,60786176,113246208,105415680,113246208,,,,,,,,2.573200035840273,,
1791270642.924076,418148,frontend_frame,203,0,13524,7,7,59984384,113246208,105415680,113246208,,,,,,,,,,
1791270643.2782025,418148,tracking_feedback_accumulate,204,,13524,,,54235648,113246208,105415680,113246208,,,,,,,,3.507399931550026,,
1791270643.2827134,418148,frontend_frame,204,0,13524,7,7,53433856,113246208,105415680,113246208,,,,,,,,,,
1791270643.6511972,418148,tracking_feedback_accumulate,205,,13524,,,57512448,113246208,105415680,113246208,,,,,,,,2.7594000566750765,,
1791270643.6561973,418148,frontend_frame,205,0,13524,7,7,56710656,113246208,105415680,113246208,,,,,,,,,,
1791270643.982364,418148,tracking_feedback_accumulate,206,,13524,,,60625408,113246208,105415680,113246208,,,,,,,,2.592800185084343,,
1791270643.9873636,418148,frontend_frame,206,0,13524,7,7,53435904,113246208,105415680,113246208,,,,,,,,,,
1791270644.2226593,418148,tracking_feedback_accumulate,207,,13524,,,57596416,113246208,105415680,113246208,,,,,,,,2.887299982830882,,
1791270644.2312946,418148,frontend_frame,207,0,13524,8,8,60790272,113246208,105415680,113246208,,,,,,,,,,
1791270653.2304235,418148,tracking_feedback_accumulate,208,,14194,,,64669184,134217728,105415680,134217728,,,,,,,,2.800599904730916,,
1791270653.236424,418148,frontend_frame,208,0,14194,8,8,57643520,134217728,105415680,134217728,,,,,,,,,,
1791270653.5501645,418148,tracking_feedback_accumulate,209,,14194,,,61640192,134217728,105415680,134217728,,,,,,,,2.887799870222807,,
1791270653.5551703,418148,frontend_frame,209,0,14194,8,8,60997632,134217728,105415680,134217728,,,,,,,,,,
1791270653.7489264,418148,tracking_feedback_accumulate,210,,14194,,,64994304,134217728,105415680,134217728,,,,,,,,2.7912999503314495,,
1791270653.7539291,418148,frontend_frame,210,0,14194,8,8,64351744,85983232,105415680,134217728,,,,,,,,,,
1791270654.0905669,418148,tracking_feedback_accumulate,211,,14194,,,58289152,127926272,105415680,134217728,,,,,,,,3.4735999070107937,,
1791270654.0945725,418148,frontend_frame,211,0,14194,8,8,57646592,127926272,105415680,134217728,,,,,,,,,,
1791270654.4216268,418148,tracking_feedback_accumulate,212,,14194,,,61807104,127926272,105415680,134217728,,,,,,,,3.0092999804764986,,
1791270654.4266484,418148,frontend_frame,212,0,14194,8,8,61165056,127926272,105415680,134217728,,,,,,,,,,
1791270654.783569,418148,tracking_feedback_accumulate,213,,14194,,,64997888,127926272,105415680,134217728,,,,,,,,2.884199842810631,,
1791270654.790584,418148,frontend_frame,213,0,14194,8,8,57649152,127926272,105415680,134217728,,,,,,,,,,
1791270655.0153022,418148,tracking_feedback_accumulate,214,,14194,,,61809664,127926272,105415680,134217728,,,,,,,,2.7935998514294624,,
1791270655.0205324,418148,frontend_frame,214,0,14194,8,8,61167104,127926272,105415680,134217728,,,,,,,,,,
1791270655.2951052,418148,tracking_feedback_accumulate,215,,14194,,,64999936,127926272,105415680,134217728,,,,,,,,2.9392000287771225,,
1791270655.3001144,418148,frontend_frame,215,0,14194,8,8,64357376,127926272,105415680,134217728,,,,,,,,,,
1791270655.5996375,418148,tracking_feedback_accumulate,216,,14194,,,58458624,127926272,105415680,134217728,,,,,,,,2.577299950644374,,
1791270655.6036425,418148,frontend_frame,216,0,14194,8,8,57816064,127926272,105415680,134217728,,,,,,,,,,
1791270655.9598823,418148,tracking_feedback_accumulate,217,,14194,,,61648896,127926272,105415680,134217728,,,,,,,,3.2482000533491373,,
1791270655.9638855,418148,frontend_frame,217,0,14194,8,8,61006336,127926272,105415680,134217728,,,,,,,,,,
1791270656.2995758,418148,tracking_feedback_accumulate,218,,14194,,,58296832,127926272,105415680,134217728,,,,,,,,2.9328998643904924,,
1791270656.3044913,418148,frontend_frame,218,0,14194,8,8,57654272,127926272,105415680,134217728,,,,,,,,,,
1791270656.643452,418148,tracking_feedback_accumulate,219,,14194,,,61650944,127926272,105415680,134217728,,,,,,,,3.600300056859851,,
1791270656.647957,418148,frontend_frame,219,0,14194,8,8,61008384,127926272,105415680,134217728,,,,,,,,,,
1791270656.975632,418148,tracking_feedback_accumulate,220,,14194,,,65168896,127926272,105415680,134217728,,,,,,,,3.2836999744176865,,
1791270656.980654,418148,frontend_frame,220,0,14194,8,8,57820160,85983232,105415680,134217728,,,,,,,,,,
1791270657.3047183,418148,tracking_feedback_accumulate,221,,14194,,,61652992,127926272,105415680,134217728,,,,,,,,2.7797999791800976,,
1791270657.3100226,418148,frontend_frame,221,0,14194,8,8,61010432,127926272,105415680,134217728,,,,,,,,,,
1791270657.6464267,418148,tracking_feedback_accumulate,222,,14194,,,65170944,127926272,105415680,134217728,,,,,,,,2.785300137475133,,
1791270657.6506507,418148,frontend_frame,222,0,14194,8,8,64528384,127926272,105415680,134217728,,,,,,,,,,
1791270657.9288332,418148,tracking_feedback_accumulate,223,,14194,,,58301952,127926272,105415680,134217728,,,,,,,,2.9229000210762024,,
1791270657.933877,418148,frontend_frame,223,0,14194,8,8,57659392,127926272,105415680,134217728,,,,,,,,,,
1791270658.256484,418148,tracking_feedback_accumulate,224,,14194,,,61656064,127926272,105415680,134217728,,,,,,,,2.8117999900132418,,
1791270658.2624989,418148,frontend_frame,224,0,14194,8,8,61013504,127926272,105415680,134217728,,,,,,,,,,
1791270658.5951443,418148,tracking_feedback_accumulate,225,,14194,,,65174016,127926272,105415680,134217728,,,,,,,,3.8309998344630003,,
1791270658.600872,418148,frontend_frame,225,0,14194,8,8,57825280,127926272,105415680,134217728,,,,,,,,,,
1791270658.9529998,418148,tracking_feedback_accumulate,226,,14194,,,61658112,127926272,105415680,134217728,,,,,,,,2.790900180116296,,
1791270658.9565027,418148,frontend_frame,226,0,14194,8,8,61015552,127926272,105415680,134217728,,,,,,,,,,
1791270659.2967017,418148,tracking_feedback_accumulate,227,,14194,,,65012224,127926272,105415680,134217728,,,,,,,,3.056399989873171,,
1791270659.3007143,418148,frontend_frame,227,0,14194,8,8,64369664,127926272,105415680,134217728,,,,,,,,,,
1791270659.6789365,418148,tracking_feedback_accumulate,228,,14194,,,58470912,127926272,105415680,134217728,,,,,,,,3.3177000004798174,,
1791270659.6836493,418148,frontend_frame,228,0,14194,8,8,57828352,127926272,105415680,134217728,,,,,,,,,,
1791270659.9422457,418148,tracking_feedback_accumulate,229,,14194,,,61661184,127926272,105415680,134217728,,,,,,,,2.7884000446647406,,
1791270659.9462683,418148,frontend_frame,229,0,14194,8,8,61018624,127926272,105415680,134217728,,,,,,,,,,
1791270660.3123796,418148,tracking_feedback_accumulate,230,,14194,,,65179136,127926272,105415680,134217728,,,,,,,,3.4978999756276608,,
1791270660.3183887,418148,frontend_frame,230,0,14194,8,8,57830400,85983232,105415680,134217728,,,,,,,,,,
1791270660.6566386,418148,tracking_feedback_accumulate,231,,14194,,,61663232,127926272,105415680,134217728,,,,,,,,2.6509000454097986,,
1791270660.6609218,418148,frontend_frame,231,0,14194,8,8,61020672,127926272,105415680,134217728,,,,,,,,,,
1791270661.0061293,418148,tracking_feedback_accumulate,232,,14194,,,65181184,127926272,105415680,134217728,,,,,,,,2.5237000081688166,,
1791270661.0121162,418148,frontend_frame,232,0,14194,8,8,57832448,127926272,105415680,134217728,,,,,,,,,,
1791270661.2851825,418148,tracking_feedback_accumulate,233,,14194,,,61665280,127926272,105415680,134217728,,,,,,,,2.7393000200390816,,
1791270661.289883,418148,frontend_frame,233,0,14194,8,8,61022720,127926272,105415680,134217728,,,,,,,,,,
1791270661.6555808,418148,tracking_feedback_accumulate,234,,14194,,,65019392,127926272,105415680,134217728,,,,,,,,2.789400052279234,,
1791270661.6601915,418148,frontend_frame,234,0,14194,8,8,64376832,127926272,105415680,134217728,,,,,,,,,,
1791270661.9839356,418148,tracking_feedback_accumulate,235,,14194,,,61667328,127926272,105415680,134217728,,,,,,,,2.794999862089753,,
1791270661.9889414,418148,frontend_frame,235,0,14194,8,8,61024768,127926272,105415680,134217728,,,,,,,,,,
1791270662.35435,418148,tracking_feedback_accumulate,236,,14194,,,65185280,127926272,105415680,134217728,,,,,,,,2.9434000607579947,,
1791270662.3588524,418148,frontend_frame,236,0,14194,8,8,64542720,127926272,105415680,134217728,,,,,,,,,,
1791270662.7139566,418148,tracking_feedback_accumulate,237,,14194,,,68375552,130023424,106954752,134217728,,,,,,,,3.4173999447375536,,
1791270662.7196333,418148,frontend_frame,237,0,14194,8,8,61026816,130023424,106954752,134217728,,,,,,,,,,
1791270663.0025144,418148,tracking_feedback_accumulate,238,,14194,,,65187328,130023424,106954752,134217728,,,,,,,,2.88640009239316,,
1791270663.006515,418148,frontend_frame,238,0,14194,8,8,64544768,130023424,106954752,134217728,,,,,,,,,,
1791270663.2518246,418148,tracking_feedback_accumulate,239,,14194,,,68377600,132120576,106956800,134217728,,,,,,,,2.8184999246150255,,
1791270663.2568855,418148,frontend_frame,239,0,14194,8,8,67735040,132120576,106956800,134217728,,,,,,,,,,
1791270663.6179662,418148,tracking_feedback_accumulate,240,,14194,,,61836288,132120576,106956800,134217728,,,,,,,,3.3607000950723886,,
1791270663.668147,418148,frontend_frame,240,0,14194,9,8,65189376,132120576,106956800,134217728,,,,,,,,,,
1791270673.3355618,418148,tracking_feedback_accumulate,241,,13457,,,68979200,132120576,107527168,134217728,,,,,,,,2.618500031530857,,
1791270673.339068,418148,frontend_frame,241,0,13457,9,8,68161024,132120576,107527168,134217728,,,,,,,,,,
1791270673.6811643,418148,tracking_feedback_accumulate,242,,13457,,,72321536,132120576,110667264,134217728,,,,,,,,2.821400063112378,,
1791270673.6872256,418148,frontend_frame,242,0,13457,9,8,64972800,132120576,110667264,134217728,,,,,,,,,,
1791270673.9580753,418148,tracking_feedback_accumulate,243,,13457,,,68805632,132120576,110667264,134217728,,,,,,,,2.8795998077839613,,
1791270673.962804,418148,frontend_frame,243,0,13457,9,8,67993600,132120576,110667264,134217728,,,,,,,,,,
1791270674.3103976,418148,tracking_feedback_accumulate,244,,13457,,,72072192,132120576,110667264,134217728,,,,,,,,3.7369998171925545,,
1791270674.315397,418148,frontend_frame,244,0,13457,9,8,64892928,132120576,110667264,134217728,,,,,,,,,,
1791270674.6744652,418148,tracking_feedback_accumulate,245,,13457,,,68971520,132120576,110667264,134217728,,,,,,,,2.7987000066787004,,
1791270674.679685,418148,frontend_frame,245,0,13457,9,8,68160000,132120576,110667264,134217728,,,,,,,,,,
1791270675.0669792,418148,tracking_feedback_accumulate,246,,13457,,,72074752,132120576,110667264,134217728,,,,,,,,2.8132000006735325,,
1791270675.071913,418148,frontend_frame,246,0,13457,9,8,71262720,132120576,110667264,134217728,,,,,,,,,,
1791270675.4452822,418148,tracking_feedback_accumulate,247,,13457,,,68974080,132120576,110667264,134217728,,,,,,,,3.856400027871132,,
1791270675.449879,418148,frontend_frame,247,0,13457,9,8,68162048,132120576,110667264,134217728,,,,,,,,,,
1791270675.8241978,418148,tracking_feedback_accumulate,248,,13457,,,71994880,132120576,110667264,134217728,,,,,,,,2.473900094628334,,
1791270675.8309019,418148,frontend_frame,248,0,13457,9,8,71182848,132120576,110667264,134217728,,,,,,,,,,
1791270676.165733,418148,tracking_feedback_accumulate,249,,13457,,,75261440,134217728,113689088,134217728,,,,,,,,3.2205998431891203,,
1791270676.1712863,418148,frontend_frame,249,0,13457,9,8,68082176,134217728,113689088,134217728,,,,,,,,,,
1791270676.5167172,418148,tracking_feedback_accumulate,250,,13457,,,72160768,134217728,113689088,134217728,,,,,,,,2.927300054579973,,
1791270676.5207288,418148,frontend_frame,250,0,13457,9,8,71348736,111149056,113689088,134217728,,,,,,,,,,
1791270676.8677928,418148,tracking_feedback_accumulate,251,,13457,,,75181568,134217728,113691136,134217728,,,,,,,,2.6569999754428864,,
1791270676.8735414,418148,frontend_frame,251,0,13457,9,8,74369536,136314880,113691136,136314880,,,,,,,,,,
1791270677.2831478,418148,tracking_feedback_accumulate,252,,13457,,,68979200,136314880,113691136,136314880,,,,,,,,2.869199961423874,,
1791270677.288147,418148,frontend_frame,252,0,13457,9,8,68167168,136314880,113691136,136314880,,,,,,,,,,
1791270677.7329137,418148,tracking_feedback_accumulate,253,,13457,,,72081920,136314880,113691136,136314880,,,,,,,,2.908899914473295,,
1791270677.7373922,418148,frontend_frame,253,0,13457,9,8,71269888,136314880,113691136,136314880,,,,,,,,,,
1791270678.0655854,418148,tracking_feedback_accumulate,254,,13457,,,75184640,136314880,113694208,136314880,,,,,,,,3.0934999231249094,,
1791270678.070602,418148,frontend_frame,254,0,13457,9,8,68005376,136314880,113694208,136314880,,,,,,,,,,
1791270678.455538,418148,tracking_feedback_accumulate,255,,13457,,,72083968,136314880,113694208,136314880,,,,,,,,2.64139985665679,,
1791270678.459766,418148,frontend_frame,255,0,13457,9,8,71271936,136314880,113694208,136314880,,,,,,,,,,
1791270678.7531273,418148,tracking_feedback_accumulate,256,,13457,,,75186688,136314880,113696256,136314880,,,,,,,,2.8735999949276447,,
1791270678.7581272,418148,frontend_frame,256,0,13457,9,8,74374656,136314880,113696256,136314880,,,,,,,,,,
1791270679.1118033,418148,tracking_feedback_accumulate,257,,13457,,,68902400,136314880,113696256,136314880,,,,,,,,3.1018999870866537,,
1791270679.1164818,418148,frontend_frame,257,0,13457,9,8,68090368,136314880,113696256,136314880,,,,,,,,,,
1791270679.3919063,418148,tracking_feedback_accumulate,258,,13457,,,72168960,136314880,113696256,136314880,,,,,,,,2.8734998777508736,,
1791270679.396412,418148,frontend_frame,258,0,13457,9,8,71356928,136314880,113696256,136314880,,,,,,,,,,
1791270679.7543204,418148,tracking_feedback_accumulate,259,,13457,,,75189760,136314880,113699328,136314880,,,,,,,,2.7994001284241676,,
1791270679.7593336,418148,frontend_frame,259,0,13457,9,8,61473792,136314880,113699328,136314880,,,,,,,,,,
1791270680.1037998,418148,tracking_feedback_accumulate,260,,13457,,,65552384,136314880,113699328,136314880,,,,,,,,2.7926000766456127,,
1791270680.109568,418148,frontend_frame,260,0,13457,9,8,64740352,109051904,113699328,136314880,,,,,,,,,,
1791270680.513989,418148,tracking_feedback_accumulate,261,,13457,,,68818944,130023424,113699328,136314880,,,,,,,,2.8148998972028494,,
1791270680.519723,418148,frontend_frame,261,0,13457,9,8,61639680,130023424,113699328,136314880,,,,,,,,,,
1791270680.8564346,418148,tracking_feedback_accumulate,262,,13457,,,65554432,130023424,113699328,136314880,,,,,,,,2.996699884533882,,
1791270680.860975,418148,frontend_frame,262,0,13457,9,8,64742400,130023424,113699328,136314880,,,,,,,,,,
1791270681.2728074,418148,tracking_feedback_accumulate,263,,13457,,,68657152,130023424,113699328,136314880,,,,,,,,2.8462999034672976,,
1791270681.2783701,418148,frontend_frame,263,0,13457,9,8,67845120,130023424,113699328,136314880,,,,,,,,,,
1791270681.6621523,418148,tracking_feedback_accumulate,264,,13457,,,65638400,130023424,113699328,136314880,,,,,,,,2.8909998945891857,,
1791270681.6666582,418148,frontend_frame,264,0,13457,9,8,64826368,130023424,113699328,136314880,,,,,,,,,,
1791270682.0163245,418148,tracking_feedback_accumulate,265,,13457,,,68741120,130023424,113699328,136314880,,,,,,,,2.8077999595552683,,
1791270682.020835,418148,frontend_frame,265,0,13457,9,8,67929088,130023424,113699328,136314880,,,,,,,,,,
1791270682.4206223,418148,tracking_feedback_accumulate,266,,13457,,,71843840,132120576,113699328,136314880,,,,,,,,2.916299970820546,,
1791270682.425622,418148,frontend_frame,266,0,13457,9,8,64664576,132120576,113699328,136314880,,,,,,,,,,
1791270682.8149428,418148,tracking_feedback_accumulate,267,,13457,,,68743168,132120576,113699328,136314880,,,,,,,,2.8019999153912067,,
1791270682.8197732,418148,frontend_frame,267,0,13457,9,8,67931136,132120576,113699328,136314880,,,,,,,,,,
1791270683.1870704,418148,tracking_feedback_accumulate,268,,13457,,,72009728,132120576,113699328,136314880,,,,,,,,3.413599915802479,,
1791270683.1918573,418148,frontend_frame,268,0,13457,9,8,71197696,132120576,113699328,136314880,,,,,,,,,,
1791270683.4802492,418148,tracking_feedback_accumulate,269,,13457,,,65561600,132120576,113699328,136314880,,,,,,,,2.770500024780631,,
1791270683.4852529,418148,frontend_frame,269,0,13457,9,8,64749568,132120576,113699328,136314880,,,,,,,,,,
1791270683.8367212,418148,tracking_feedback_accumulate,270,,13457,,,68828160,132120576,113699328,136314880,,,,,,,,3.566799918189645,,
1791270683.8423905,418148,frontend_frame,270,0,13457,9,8,68016128,88080384,113699328,136314880,,,,,,,,,,
1791270684.1087906,418148,tracking_feedback_accumulate,271,,13457,,,71848960,130023424,113699328,136314880,,,,,,,,2.8383999597281218,,
1791270684.1138077,418148,frontend_frame,271,0,13457,9,8,64669696,130023424,113699328,136314880,,,,,,,,,,
1791270684.4116094,418148,tracking_feedback_accumulate,272,,13457,,,68748288,130023424,113699328,136314880,,,,,,,,2.781399991363287,,
1791270684.4156084,418148,frontend_frame,272,0,13457,9,8,67936256,130023424,113699328,136314880,,,,,,,,,,
1791270684.748011,418148,tracking_feedback_accumulate,273,,13457,,,71851008,130023424,113699328,136314880,,,,,,,,2.6914000045508146,,
1791270684.7527034,418148,frontend_frame,273,0,13457,9,8,71038976,132120576,113699328,136314880,,,,,,,,,,
1791270685.1002703,418148,tracking_feedback_accumulate,274,,13457,,,65484800,132120576,113699328,136314880,,,,,,,,2.6414000894874334,,
1791270685.1052713,418148,frontend_frame,274,0,13457,9,8,64672768,132120576,113699328,136314880,,,,,,,,,,
1791270685.4609685,418148,tracking_feedback_accumulate,275,,13457,,,68751360,132120576,113699328,136314880,,,,,,,,2.9400999192148447,,
1791270685.4669695,418148,frontend_frame,275,0,13457,9,8,67939328,132120576,113699328,136314880,,,,,,,,,,
1791270685.8059366,418148,tracking_feedback_accumulate,276,,13457,,,72017920,132120576,113699328,136314880,,,,,,,,3.379200119525194,,
1791270685.8106453,418148,frontend_frame,276,0,13457,9,8,64838656,132120576,113699328,136314880,,,,,,,,,,
1791270686.0565205,418148,tracking_feedback_accumulate,277,,13457,,,68671488,132120576,113699328,136314880,,,,,,,,3.4811999648809433,,
1791270686.0607255,418148,frontend_frame,277,0,13457,9,8,67859456,132120576,113699328,136314880,,,,,,,,,,
1791270686.3672814,418148,tracking_feedback_accumulate,278,,13457,,,71938048,132120576,113699328,136314880,,,,,,,,2.8305999003350735,,
1791270686.3731253,418148,frontend_frame,278,0,13457,9,8,64758784,132120576,113699328,136314880,,,,,,,,,,
1791270686.6946473,418148,tracking_feedback_accumulate,279,,13457,,,68837376,132120576,113699328,136314880,,,,,,,,2.9340998735278845,,
1791270686.6995926,418148,frontend_frame,279,0,13457,9,8,68025344,132120576,113699328,136314880,,,,,,,,,,
1791270687.035692,418148,tracking_feedback_accumulate,280,,13457,,,71858176,132120576,113699328,136314880,,,,,,,,2.945499960333109,,
1791270687.0417094,418148,frontend_frame,280,0,13457,9,8,71046144,90177536,113699328,136314880,,,,,,,,,,
1791270687.335328,418148,tracking_feedback_accumulate,281,,13457,,,68757504,132120576,113699328,136314880,,,,,,,,2.9060998931527138,,
1791270687.3405101,418148,frontend_frame,281,0,13457,9,8,67945472,132120576,113699328,136314880,,,,,,,,,,
1791270687.5533116,418148,tracking_feedback_accumulate,282,,13457,,,71860224,132120576,113699328,136314880,,,,,,,,2.633900148794055,,
1791270687.5575302,418148,frontend_frame,282,0,13457,9,8,71048192,132120576,113699328,136314880,,,,,,,,,,
1791270687.8890893,418148,tracking_feedback_accumulate,283,,13457,,,75126784,134217728,113699328,136314880,,,,,,,,2.9250001534819603,,
1791270687.894325,418148,frontend_frame,283,0,13457,9,8,67947520,134217728,113699328,136314880,,,,,,,,,,
1791270688.2498143,418148,tracking_feedback_accumulate,284,,13457,,,72026112,134217728,113699328,136314880,,,,,,,,2.8226999565958977,,
1791270688.2543168,418148,frontend_frame,284,0,13457,9,8,71214080,134217728,113699328,136314880,,,,,,,,,,
1791270688.5924034,418148,tracking_feedback_accumulate,285,,13457,,,75128832,134217728,113699328,136314880,,,,,,,,3.411300014704466,,
1791270688.597911,418148,frontend_frame,285,0,13457,9,8,74316800,136314880,113699328,136314880,,,,,,,,,,
1791270688.964682,418148,tracking_feedback_accumulate,286,,13457,,,68680704,136314880,113699328,136314880,,,,,,,,2.8106998652219772,,
1791270688.9702988,418148,frontend_frame,286,0,13457,9,8,67868672,136314880,113699328,136314880,,,,,,,,,,
1791270689.2578714,418148,tracking_feedback_accumulate,287,,13457,,,72029184,136314880,113699328,136314880,,,,,,,,2.9275999404489994,,
1791270689.2624016,418148,frontend_frame,287,0,13457,9,8,71217152,136314880,113699328,136314880,,,,,,,,,,
1791270689.6060178,418148,tracking_feedback_accumulate,288,,13457,,,75049984,136314880,113699328,136314880,,,,,,,,2.76640010997653,,
1791270689.6120312,418148,frontend_frame,288,0,13457,9,8,61503488,136314880,113699328,136314880,,,,,,,,,,
1791270689.9105768,418148,tracking_feedback_accumulate,289,,13457,,,65582080,136314880,113699328,136314880,,,,,,,,4.06130007468164,,
1791270689.9145901,418148,frontend_frame,289,0,13457,9,8,64770048,136314880,113699328,136314880,,,,,,,,,,
1791270690.283632,418148,tracking_feedback_accumulate,290,,13457,,,68848640,136314880,113699328,136314880,,,,,,,,2.7411000337451696,,
1791270690.2881923,418148,frontend_frame,290,0,13457,9,8,68036608,90177536,113699328,136314880,,,,,,,,,,
1791270690.5745692,418148,tracking_feedback_accumulate,291,,13457,,,62400512,132120576,113699328,136314880,,,,,,,,2.675799885764718,,
1791270690.579108,418148,frontend_frame,291,0,13457,9,8,61588480,132120576,113699328,136314880,,,,,,,,,,
1791270690.868175,418148,tracking_feedback_accumulate,292,,13457,,,65503232,132120576,113699328,136314880,,,,,,,,2.749399980530143,,
1791270690.872269,418148,frontend_frame,292,0,13457,9,8,64691200,132120576,113699328,136314880,,,,,,,,,,
1791270691.1550012,418148,tracking_feedback_accumulate,293,,13457,,,68851712,132120576,113699328,136314880,,,,,,,,2.68330005928874,,
1791270691.1615295,418148,frontend_frame,293,0,13457,9,8,61672448,132120576,113699328,136314880,,,,,,,,,,
1791270691.414395,418148,tracking_feedback_accumulate,294,,13457,,,65505280,132120576,113699328,136314880,,,,,,,,3.039600094780326,,
1791270691.4190826,418148,frontend_frame,294,0,13457,9,8,64693248,132120576,113699328,136314880,,,,,,,,,,
1791270691.6767943,418148,tracking_feedback_accumulate,295,,13457,,,68853760,132120576,113699328,136314880,,,,,,,,2.619300037622452,,
1791270691.6825314,418148,frontend_frame,295,0,13457,9,8,61674496,132120576,113699328,136314880,,,,,,,,,,
1791270692.0516798,418148,tracking_feedback_accumulate,296,,13457,,,65507328,132120576,113699328,136314880,,,,,,,,2.7922000735998154,,
1791270692.0557034,418148,frontend_frame,296,0,13457,9,8,64695296,132120576,113699328,136314880,,,,,,,,,,
1791270692.2870598,418148,tracking_feedback_accumulate,297,,13457,,,68773888,132120576,113699328,136314880,,,,,,,,2.8843998443335295,,
1791270692.29131,418148,frontend_frame,297,0,13457,9,8,67961856,132120576,113699328,136314880,,,,,,,,,,
1791270692.549134,418148,tracking_feedback_accumulate,298,,13457,,,65509376,132120576,113699328,136314880,,,,,,,,3.2578001264482737,,
1791270692.5538437,418148,frontend_frame,298,0,13457,9,8,64697344,132120576,113699328,136314880,,,,,,,,,,
1791270692.890266,418148,tracking_feedback_accumulate,299,,13457,,,68775936,132120576,113699328,136314880,,,,,,,,2.651199931278825,,
1791270692.8948066,418148,frontend_frame,299,0,13457,9,8,67963904,132120576,113699328,136314880,,,,,,,,,,
1791270693.1788268,418148,tracking_feedback_accumulate,300,,13457,,,72042496,132120576,113699328,136314880,,,,,,,,3.007899969816208,,
1791270693.1838331,418148,frontend_frame,300,0,13457,9,8,64863232,85983232,113699328,136314880,,,,,,,,,,
1791270693.4365141,418148,tracking_feedback_accumulate,301,,13457,,,68696064,127926272,113699328,136314880,,,,,,,,2.824799856171012,,
1791270693.4410493,418148,frontend_frame,301,0,13457,9,8,67884032,130023424,113699328,136314880,,,,,,,,,,
1791270693.8195333,418148,tracking_feedback_accumulate,302,,13457,,,72044544,132120576,113699328,136314880,,,,,,,,2.7580999303609133,,
1791270693.8245711,418148,frontend_frame,302,0,13457,9,8,71232512,132120576,113699328,136314880,,,,,,,,,,
1791270694.115669,418148,tracking_feedback_accumulate,303,,13457,,,65514496,132120576,113699328,136314880,,,,,,,,3.2323000486940145,,
1791270694.119946,418148,frontend_frame,303,0,13457,9,8,64702464,132120576,113699328,136314880,,,,,,,,,,
1791270694.4550319,418148,tracking_feedback_accumulate,304,,13457,,,68781056,132120576,113699328,136314880,,,,,,,,2.772000152617693,,
1791270694.4597185,418148,frontend_frame,304,0,13457,9,8,67969024,132120576,113699328,136314880,,,,,,,,,,
1791270694.7009807,418148,tracking_feedback_accumulate,305,,13457,,,72047616,132120576,113699328,136314880,,,,,,,,2.8000001329928637,,
1791270694.7049787,418148,frontend_frame,305,0,13457,9,8,64868352,132120576,113699328,136314880,,,,,,,,,,
1791270695.0434077,418148,tracking_feedback_accumulate,306,,13457,,,68783104,132120576,113699328,136314880,,,,,,,,2.7815999928861856,,
1791270695.0502336,418148,frontend_frame,306,0,13457,9,8,67971072,132120576,113699328,136314880,,,,,,,,,,
1791270695.3513262,418148,tracking_feedback_accumulate,307,,13457,,,71885824,132120576,113699328,136314880,,,,,,,,2.9078000225126743,,
1791270695.35633,418148,frontend_frame,307,0,13457,9,8,71073792,132120576,113699328,136314880,,,,,,,,,,
1791270695.6445034,418148,tracking_feedback_accumulate,308,,13457,,,65601536,132120576,113699328,136314880,,,,,,,,2.8098998591303825,,
1791270695.6490142,418148,frontend_frame,308,0,13457,9,8,64789504,132120576,113699328,136314880,,,,,,,,,,
1791270695.9936886,418148,tracking_feedback_accumulate,309,,13457,,,68868096,132120576,113699328,136314880,,,,,,,,2.599600004032254,,
1791270695.9992504,418148,frontend_frame,309,0,13457,9,8,68056064,132120576,113699328,136314880,,,,,,,,,,
1791270696.2128303,418148,tracking_feedback_accumulate,310,,13457,,,65521664,132120576,113699328,136314880,,,,,,,,3.006200073286891,,
1791270696.2183332,418148,frontend_frame,310,0,13457,9,8,64709632,85983232,113699328,136314880,,,,,,,,,,
1791270696.4908097,418148,tracking_feedback_accumulate,311,,13457,,,68870144,127926272,113699328,136314880,,,,,,,,2.8794000390917063,,
1791270696.4953165,418148,frontend_frame,311,0,13457,9,8,68058112,127926272,113699328,136314880,,,,,,,,,,
1791270696.8518302,418148,tracking_feedback_accumulate,312,,13457,,,71890944,130023424,113699328,136314880,,,,,,,,3.415000159293413,,
1791270696.8568335,418148,frontend_frame,312,0,13457,9,8,64711680,130023424,113699328,136314880,,,,,,,,,,
1791270697.1245599,418148,tracking_feedback_accumulate,313,,13457,,,68872192,130023424,113699328,136314880,,,,,,,,2.70659988746047,,
1791270697.129594,418148,frontend_frame,313,0,13457,9,8,68060160,130023424,113699328,136314880,,,,,,,,,,
1791270697.38456,418148,tracking_feedback_accumulate,314,,13457,,,71892992,130023424,113699328,136314880,,,,,,,,3.4348000772297382,,
1791270697.3890672,418148,frontend_frame,314,0,13457,9,8,71080960,132120576,113699328,136314880,,,,,,,,,,
1791270697.7167332,418148,tracking_feedback_accumulate,315,,13457,,,65690624,132120576,113699328,136314880,,,,,,,,3.326999954879284,,
1791270697.7215145,418148,frontend_frame,315,0,13457,9,8,64878592,132120576,113699328,136314880,,,,,,,,,,
1791270698.1195984,418148,tracking_feedback_accumulate,316,,13457,,,68711424,132120576,113699328,136314880,,,,,,,,3.3789000008255243,,
1791270698.1256013,418148,frontend_frame,316,0,13457,9,8,67899392,132120576,113699328,136314880,,,,,,,,,,
1791270698.4544153,418148,tracking_feedback_accumulate,317,,13457,,,72059904,132120576,113699328,136314880,,,,,,,,2.670199843123555,,
1791270698.4589188,418148,frontend_frame,317,0,13457,9,8,61697024,132120576,113699328,136314880,,,,,,,,,,
1791270698.799629,418148,tracking_feedback_accumulate,318,,13457,,,65611776,132120576,113699328,136314880,,,,,,,,2.9970998875796795,,
1791270698.8046339,418148,frontend_frame,318,0,13457,9,8,64799744,132120576,113699328,136314880,,,,,,,,,,
1791270699.164055,418148,tracking_feedback_accumulate,319,,13457,,,68714496,132120576,113699328,136314880,,,,,,,,2.830500015988946,,
1791270699.1708403,418148,frontend_frame,319,0,13457,9,8,67902464,132120576,113699328,136314880,,,,,,,,,,
1791270699.4636755,418148,tracking_feedback_accumulate,320,,13457,,,62512128,132120576,113699328,136314880,,,,,,,,3.033599816262722,,
1791270699.4697,418148,frontend_frame,320,0,13457,9,8,61700096,85983232,113699328,136314880,,,,,,,,,,
1791270699.8057668,418148,tracking_feedback_accumulate,321,,13457,,,65532928,127926272,113699328,136314880,,,,,,,,3.1316999811679125,,
1791270699.809788,418148,frontend_frame,321,0,13457,9,8,64720896,127926272,113699328,136314880,,,,,,,,,,
1791270700.0866084,418148,tracking_feedback_accumulate,322,,13457,,,68881408,127926272,113699328,136314880,,,,,,,,3.7411001976579428,,
1791270700.0908313,418148,frontend_frame,322,0,13457,9,8,61702144,127926272,113699328,136314880,,,,,,,,,,
1791270700.3434258,418148,tracking_feedback_accumulate,323,,13457,,,65534976,127926272,113699328,136314880,,,,,,,,2.8858999721705914,,
1791270700.3479288,418148,frontend_frame,323,0,13457,9,8,64722944,127926272,113699328,136314880,,,,,,,,,,
1791270700.67152,418148,tracking_feedback_accumulate,324,,13457,,,68801536,127926272,113699328,136314880,,,,,,,,3.5806000232696533,,
1791270700.677028,418148,frontend_frame,324,0,13457,9,8,61622272,127926272,113699328,136314880,,,,,,,,,,
1791270700.9727516,418148,tracking_feedback_accumulate,325,,13457,,,65700864,127926272,113699328,136314880,,,,,,,,3.36019997484982,,
1791270700.976912,418148,frontend_frame,325,0,13457,9,8,64888832,127926272,113699328,136314880,,,,,,,,,,
1791270701.3299258,418148,tracking_feedback_accumulate,326,,13457,,,68721664,127926272,113699328,136314880,,,,,,,,2.807999961078167,,
1791270701.3344622,418148,frontend_frame,326,0,13457,9,8,67909632,127926272,113699328,136314880,,,,,,,,,,
1791270701.599829,418148,tracking_feedback_accumulate,327,,13457,,,65620992,127926272,113699328,136314880,,,,,,,,2.924199914559722,,
1791270701.604912,418148,frontend_frame,327,0,13457,9,8,64808960,127926272,113699328,136314880,,,,,,,,,,
1791270701.949497,418148,tracking_feedback_accumulate,328,,13457,,,68723712,127926272,113699328,136314880,,,,,,,,2.918099984526634,,
1791270701.955009,418148,frontend_frame,328,0,13457,9,8,67911680,130023424,113699328,136314880,,,,,,,,,,
1791270702.2490788,418148,tracking_feedback_accumulate,329,,13457,,,71908352,130023424,113699328,136314880,,,,,,,,2.6473000179976225,,
1791270702.2541337,418148,frontend_frame,329,0,13457,9,8,64729088,130023424,113699328,136314880,,,,,,,,,,
1791270702.623459,418148,tracking_feedback_accumulate,330,,13457,,,68807680,130023424,113699328,136314880,,,,,,,,3.7499999161809683,,
1791270702.6289663,418148,frontend_frame,330,0,13457,9,8,67995648,106954752,113699328,136314880,,,,,,,,,,
1791270702.9416616,418148,tracking_feedback_accumulate,331,,13457,,,71910400,130023424,113699328,136314880,,,,,,,,3.2301999162882566,,
1791270702.9461672,418148,frontend_frame,331,0,13457,9,8,71098368,132120576,113699328,136314880,,,,,,,,,,
1791270703.3443859,418148,tracking_feedback_accumulate,332,,13457,,,65626112,132120576,113699328,136314880,,,,,,,,2.9733998235315084,,
1791270703.3496153,418148,frontend_frame,332,0,13457,9,8,64814080,132120576,113699328,136314880,,,,,,,,,,
1791270703.6981454,418148,tracking_feedback_accumulate,333,,13457,,,68892672,132120576,113699328,136314880,,,,,,,,2.825999865308404,,
1791270703.70326,418148,frontend_frame,333,0,13457,9,8,68080640,132120576,113699328,136314880,,,,,,,,,,
1791270704.0581021,418148,tracking_feedback_accumulate,334,,13457,,,71995392,132120576,113699328,136314880,,,,,,,,3.5973999183624983,,
1791270704.0637875,418148,frontend_frame,334,0,13457,9,8,64816128,132120576,113699328,136314880,,,,,,,,,,
1791270704.413313,418148,tracking_feedback_accumulate,335,,13457,,,68894720,132120576,113699328,136314880,,,,,,,,2.8704998549073935,,
1791270704.418325,418148,frontend_frame,335,0,13457,9,8,68082688,132120576,113699328,136314880,,,,,,,,,,
1791270704.7597277,418148,tracking_feedback_accumulate,336,,13457,,,71915520,132120576,113699328,136314880,,,,,,,,3.929399885237217,,
1791270704.7647514,418148,frontend_frame,336,0,13457,9,8,71103488,132120576,113699328,136314880,,,,,,,,,,
1791270705.0107293,418148,tracking_feedback_accumulate,337,,13457,,,65713152,132120576,113699328,136314880,,,,,,,,3.3825000282377005,,
1791270705.015729,418148,frontend_frame,337,0,13457,9,8,64901120,132120576,113699328,136314880,,,,,,,,,,
1791270705.328804,418148,tracking_feedback_accumulate,338,,13457,,,68733952,132120576,113699328,136314880,,,,,,,,3.2055999618023634,,
1791270705.333608,418148,frontend_frame,338,0,13457,9,8,67921920,132120576,113699328,136314880,,,,,,,,,,
1791270705.756433,418148,tracking_feedback_accumulate,339,,13457,,,72000512,132120576,113699328,136314880,,,,,,,,2.8541998472064734,,
1791270705.7624495,418148,frontend_frame,339,0,13457,9,8,64821248,132120576,113699328,136314880,,,,,,,,,,
1791270706.0585163,418148,tracking_feedback_accumulate,340,,13457,,,68736000,132120576,113699328,136314880,,,,,,,,2.913199830800295,,
1791270706.1068008,418148,frontend_frame,340,0,13457,10,8,71919616,132120576,113699328,136314880,,,,,,,,,,
1791270716.5672746,418148,tracking_feedback_accumulate,341,,13809,,,76103168,132120576,114460672,136314880,,,,,,,,2.863299800083041,,
1791270716.5727918,418148,frontend_frame,341,0,13809,10,8,69004800,132120576,114460672,136314880,,,,,,,,,,
1791270716.8956468,418148,tracking_feedback_accumulate,342,,13809,,,72919552,132120576,114460672,136314880,,,,,,,,2.839399967342615,,
1791270716.9018893,418148,frontend_frame,342,0,13809,10,8,72186368,132120576,114460672,136314880,,,,,,,,,,
1791270717.3036644,418148,tracking_feedback_accumulate,343,,13809,,,76101120,132120576,114642944,136314880,,,,,,,,3.768299939110875,,
1791270717.309911,418148,frontend_frame,343,0,13809,10,8,68843008,132120576,114642944,136314880,,,,,,,,,,
1791270717.712508,418148,tracking_feedback_accumulate,344,,13809,,,73003520,132120576,114642944,136314880,,,,,,,,3.1060001347213984,,
1791270717.716511,418148,frontend_frame,344,0,13809,10,8,72270336,132120576,114642944,136314880,,,,,,,,,,
1791270718.0353622,418148,tracking_feedback_accumulate,345,,13809,,,76185088,132120576,114644992,136314880,,,,,,,,2.531500067561865,,
1791270718.0408695,418148,frontend_frame,345,0,13809,10,8,75452416,132120576,114644992,136314880,,,,,,,,,,
1791270718.4390905,418148,tracking_feedback_accumulate,346,,13809,,,66560000,132120576,114644992,136314880,,,,,,,,3.432299941778183,,
1791270718.4433916,418148,frontend_frame,346,0,13809,10,8,65826816,132120576,114644992,136314880,,,,,,,,,,
1791270718.8672984,418148,tracking_feedback_accumulate,347,,13809,,,69741568,132120576,114644992,136314880,,,,,,,,2.796199871227145,,
1791270718.8729708,418148,frontend_frame,347,0,13809,10,8,69008384,132120576,114644992,136314880,,,,,,,,,,
1791270719.2238853,418148,tracking_feedback_accumulate,348,,13809,,,73086976,132120576,114644992,136314880,,,,,,,,3.2673999667167664,,
1791270719.2289271,418148,frontend_frame,348,0,13809,10,8,65828864,132120576,114644992,136314880,,,,,,,,,,
1791270719.5616229,418148,tracking_feedback_accumulate,349,,13809,,,69661696,132120576,114644992,136314880,,,,,,,,3.0227000825107098,,
1791270719.5661285,418148,frontend_frame,349,0,13809,10,8,68928512,132120576,114644992,136314880,,,,,,,,,,
1791270719.7755396,418148,tracking_feedback_accumulate,350,,13809,,,73089024,132120576,114644992,136314880,,,,,,,,4.816500004380941,,
1791270719.7834475,418148,frontend_frame,350,0,13809,10,8,72355840,109051904,114644992,136314880,,,,,,,,,,
1791270720.1056588,418148,tracking_feedback_accumulate,351,,13809,,,66483200,130023424,114644992,136314880,,,,,,,,2.943800063803792,,
1791270720.1116755,418148,frontend_frame,351,0,13809,10,8,65750016,130023424,114644992,136314880,,,,,,,,,,
1791270720.4982064,418148,tracking_feedback_accumulate,352,,13809,,,69828608,130023424,114644992,136314880,,,,,,,,2.895900048315525,,
1791270720.5028732,418148,frontend_frame,352,0,13809,10,8,69095424,130023424,114644992,136314880,,,,,,,,,,
1791270720.806495,418148,tracking_feedback_accumulate,353,,13809,,,72928256,130023424,114644992,136314880,,,,,,,,2.713800175115466,,
1791270720.8125672,418148,frontend_frame,353,0,13809,10,8,65670144,130023424,114644992,136314880,,,,,,,,,,
1791270721.1420832,418148,tracking_feedback_accumulate,354,,13809,,,69748736,130023424,114644992,136314880,,,,,,,,3.557699965313077,,
1791270721.1465871,418148,frontend_frame,354,0,13809,10,8,69015552,130023424,114644992,136314880,,,,,,,,,,
1791270721.5453064,418148,tracking_feedback_accumulate,355,,13809,,,72930304,130023424,114644992,136314880,,,,,,,,2.81690014526248,,
1791270721.5498533,418148,frontend_frame,355,0,13809,10,8,72197120,130023424,114644992,136314880,,,,,,,,,,
1791270721.9246578,418148,tracking_feedback_accumulate,356,,13809,,,66488320,130023424,114644992,136314880,,,,,,,,2.971799811348319,,
1791270721.9292698,418148,frontend_frame,356,0,13809,10,8,65755136,130023424,114644992,136314880,,,,,,,,,,
1791270722.3197796,418148,tracking_feedback_accumulate,357,,13809,,,69669888,130023424,114644992,136314880,,,,,,,,2.6627001352608204,,
1791270722.323784,418148,frontend_frame,357,0,13809,10,8,68936704,130023424,114644992,136314880,,,,,,,,,,
1791270722.7149036,418148,tracking_feedback_accumulate,358,,13809,,,73097216,130023424,114644992,136314880,,,,,,,,2.8544000815600157,,
1791270722.7195933,418148,frontend_frame,358,0,13809,10,8,65839104,130023424,114644992,136314880,,,,,,,,,,
1791270722.9643867,418148,tracking_feedback_accumulate,359,,13809,,,69753856,130023424,114644992,136314880,,,,,,,,2.9438999481499195,,
1791270722.9693787,418148,frontend_frame,359,0,13809,10,8,69020672,130023424,114644992,136314880,,,,,,,,,,
1791270723.309148,418148,tracking_feedback_accumulate,360,,13809,,,73099264,130023424,114644992,136314880,,,,,,,,2.8529001865535975,,
1791270723.3148847,418148,frontend_frame,360,0,13809,10,8,65841152,85983232,114644992,136314880,,,,,,,,,,
1791270723.576755,418148,tracking_feedback_accumulate,361,,13809,,,69755904,127926272,114644992,136314880,,,,,,,,3.6967999767512083,,
1791270723.5819635,418148,frontend_frame,361,0,13809,10,8,69022720,127926272,114644992,136314880,,,,,,,,,,
1791270723.84827,418148,tracking_feedback_accumulate,362,,13809,,,72937472,130023424,114644992,136314880,,,,,,,,2.876700134947896,,
1791270723.8524632,418148,frontend_frame,362,0,13809,10,8,72204288,130023424,114644992,136314880,,,,,,,,,,
1791270724.1675925,418148,tracking_feedback_accumulate,363,,13809,,,69839872,130023424,114644992,136314880,,,,,,,,2.8325000312179327,,
1791270724.1728194,418148,frontend_frame,363,0,13809,10,8,69106688,130023424,114644992,136314880,,,,,,,,,,
1791270724.440166,418148,tracking_feedback_accumulate,364,,13809,,,72939520,130023424,114644992,136314880,,,,,,,,2.8029000386595726,,
1791270724.4457297,418148,frontend_frame,364,0,13809,10,8,72206336,130023424,114644992,136314880,,,,,,,,,,
1791270724.755639,418148,tracking_feedback_accumulate,365,,13809,,,76284928,132120576,114744832,136314880,,,,,,,,2.633200027048588,,
1791270724.761817,418148,frontend_frame,365,0,13809,10,8,69026816,132120576,114744832,136314880,,,,,,,,,,
1791270725.1568587,418148,tracking_feedback_accumulate,366,,13809,,,72941568,132120576,114744832,136314880,,,,,,,,2.7917998377233744,,
1791270725.1619272,418148,frontend_frame,366,0,13809,10,8,72208384,132120576,114744832,136314880,,,,,,,,,,
1791270725.5260243,418148,tracking_feedback_accumulate,367,,13809,,,76286976,132120576,114746880,136314880,,,,,,,,2.7356999926269054,,
1791270725.575638,418148,frontend_frame,367,0,13809,11,8,79549440,132120576,114746880,136314880,,,,,,,,,,
1791270736.1646256,418148,tracking_feedback_accumulate,368,,14290,,,73710592,132120576,114746880,136314880,,,,,,,,2.8934001456946135,,
1791270736.1692462,418148,frontend_frame,368,0,14290,11,8,73093632,132120576,114746880,136314880,,,,,,,,,,
1791270736.5460732,418148,tracking_feedback_accumulate,369,,14290,,,77172224,132120576,115678208,136314880,,,,,,,,3.2285000197589397,,
1791270736.5507548,418148,frontend_frame,369,0,14290,11,8,76551680,132120576,115678208,136314880,,,,,,,,,,
1791270736.9103587,418148,tracking_feedback_accumulate,370,,14290,,,73716224,132120576,115678208,136314880,,,,,,,,3.283000085502863,,
1791270736.915358,418148,frontend_frame,370,0,14290,11,8,73095680,106954752,115678208,136314880,,,,,,,,,,
1791270737.259598,418148,tracking_feedback_accumulate,371,,14290,,,77256192,130023424,115680256,136314880,,,,,,,,3.530600108206272,,
1791270737.26579,418148,frontend_frame,371,0,14290,11,8,76635648,130023424,115680256,136314880,,,,,,,,,,
1791270737.530232,418148,tracking_feedback_accumulate,372,,14290,,,80468480,132120576,119056384,136314880,,,,,,,,2.7107999194413424,,
1791270737.5343657,418148,frontend_frame,372,0,14290,11,8,73098240,132120576,119056384,136314880,,,,,,,,,,
1791270737.8564432,418148,tracking_feedback_accumulate,373,,14290,,,77176832,132120576,119056384,136314880,,,,,,,,2.7707999106496572,,
1791270737.8614602,418148,frontend_frame,373,0,14290,11,8,76556288,132120576,119056384,136314880,,,,,,,,,,
1791270738.274992,418148,tracking_feedback_accumulate,374,,14290,,,80634880,134217728,119058944,136314880,,,,,,,,2.868599956855178,,
1791270738.2796052,418148,frontend_frame,374,0,14290,11,8,80014336,134217728,119058944,136314880,,,,,,,,,,
1791270738.6781726,418148,tracking_feedback_accumulate,375,,14290,,,70541312,134217728,119058944,136314880,,,,,,,,3.3717998303472996,,
1791270738.6822197,418148,frontend_frame,375,0,14290,11,8,69920768,134217728,119058944,136314880,,,,,,,,,,
1791270739.0870564,418148,tracking_feedback_accumulate,376,,14290,,,73835520,134217728,119058944,136314880,,,,,,,,2.903799992054701,,
1791270739.0912697,418148,frontend_frame,376,0,14290,11,8,73214976,134217728,119058944,136314880,,,,,,,,,,
1791270739.4191906,418148,tracking_feedback_accumulate,377,,14290,,,77375488,134217728,119058944,136314880,,,,,,,,2.933699870482087,,
1791270739.4239795,418148,frontend_frame,377,0,14290,11,8,70004736,134217728,119058944,136314880,,,,,,,,,,
1791270739.7458892,418148,tracking_feedback_accumulate,378,,14290,,,73837568,134217728,119058944,136314880,,,,,,,,3.3648000098764896,,
1791270739.750904,418148,frontend_frame,378,0,14290,11,8,73217024,134217728,119058944,136314880,,,,,,,,,,
1791270740.1425574,418148,tracking_feedback_accumulate,379,,14290,,,77295616,134217728,119058944,136314880,,,,,,,,2.5809002108871937,,
1791270740.1466208,418148,frontend_frame,379,0,14290,11,8,76675072,134217728,119058944,136314880,,,,,,,,,,
1791270740.4644325,418148,tracking_feedback_accumulate,380,,14290,,,70628352,134217728,119058944,136314880,,,,,,,,3.398000029847026,,
1791270740.4692807,418148,frontend_frame,380,0,14290,11,8,70007808,85983232,119058944,136314880,,,,,,,,,,
1791270740.8605442,418148,tracking_feedback_accumulate,381,,14290,,,73922560,127926272,119058944,136314880,,,,,,,,2.973899943754077,,
1791270740.8650522,418148,frontend_frame,381,0,14290,11,8,73302016,127926272,119058944,136314880,,,,,,,,,,
1791270741.2624717,418148,tracking_feedback_accumulate,382,,14290,,,77216768,130023424,119058944,136314880,,,,,,,,3.311699954792857,,
1791270741.2679741,418148,frontend_frame,382,0,14290,11,8,69846016,130023424,119058944,136314880,,,,,,,,,,
1791270741.5968566,418148,tracking_feedback_accumulate,383,,14290,,,74006528,130023424,119058944,136314880,,,,,,,,3.1866999343037605,,
1791270741.6010544,418148,frontend_frame,383,0,14290,11,8,73385984,130023424,119058944,136314880,,,,,,,,,,
1791270741.9034152,418148,tracking_feedback_accumulate,384,,14290,,,77300736,130023424,119058944,136314880,,,,,,,,2.896500052884221,,
1791270741.907918,418148,frontend_frame,384,0,14290,11,8,69929984,130023424,119058944,136314880,,,,,,,,,,
1791270742.1890917,418148,tracking_feedback_accumulate,385,,14290,,,73844736,130023424,119058944,136314880,,,,,,,,2.8280001133680344,,
1791270742.1942575,418148,frontend_frame,385,0,14290,11,8,73224192,130023424,119058944,136314880,,,,,,,,,,
1791270742.6150553,418148,tracking_feedback_accumulate,386,,14290,,,77384704,130023424,119058944,136314880,,,,,,,,3.212600015103817,,
1791270742.6204402,418148,frontend_frame,386,0,14290,11,8,76764160,132120576,119058944,136314880,,,,,,,,,,
1791270743.0118036,418148,tracking_feedback_accumulate,387,,14290,,,73928704,132120576,119058944,136314880,,,,,,,,2.9347999952733517,,
1791270743.0173104,418148,frontend_frame,387,0,14290,11,8,73308160,132120576,119058944,136314880,,,,,,,,,,
1791270743.4327269,418148,tracking_feedback_accumulate,388,,14290,,,77222912,132120576,119058944,136314880,,,,,,,,3.5168000031262636,,
1791270743.4382327,418148,frontend_frame,388,0,14290,11,8,76602368,132120576,119058944,136314880,,,,,,,,,,
1791270743.8063,418148,tracking_feedback_accumulate,389,,14290,,,80762880,134217728,119186944,136314880,,,,,,,,2.672899980098009,,
1791270743.811318,418148,frontend_frame,389,0,14290,11,8,73392128,134217728,119186944,136314880,,,,,,,,,,
1791270744.1079686,418148,tracking_feedback_accumulate,390,,14290,,,77224960,134217728,119186944,136314880,,,,,,,,2.7190998662263155,,
1791270744.11367,418148,frontend_frame,390,0,14290,11,8,76604416,88080384,119186944,136314880,,,,,,,,,,
1791270744.4824686,418148,tracking_feedback_accumulate,391,,14290,,,80764928,134217728,119199744,136314880,,,,,,,,3.436099970713258,,
1791270744.4869766,418148,frontend_frame,391,0,14290,11,8,80144384,134217728,119199744,136314880,,,,,,,,,,
1791270744.9334095,418148,tracking_feedback_accumulate,392,,14290,,,73933824,134217728,119199744,136314880,,,,,,,,3.73820005916059,,
1791270744.937912,418148,frontend_frame,392,0,14290,11,8,73313280,134217728,119199744,136314880,,,,,,,,,,
1791270745.2649431,418148,tracking_feedback_accumulate,393,,14290,,,77391872,134217728,119199744,136314880,,,,,,,,2.826099982485175,,
1791270745.2704637,418148,frontend_frame,393,0,14290,11,8,76771328,134217728,119199744,136314880,,,,,,,,,,
1791270745.6672628,418148,tracking_feedback_accumulate,394,,14290,,,80686080,134217728,119209472,136314880,,,,,,,,3.274299902841449,,
1791270745.671292,418148,frontend_frame,394,0,14290,11,8,73315328,134217728,119209472,136314880,,,,,,,,,,
1791270745.9641833,418148,tracking_feedback_accumulate,395,,14290,,,77230080,134217728,119209472,136314880,,,,,,,,2.6084999553859234,,
1791270745.969621,418148,frontend_frame,395,0,14290,11,8,76609536,134217728,119209472,136314880,,,,,,,,,,
1791270746.332361,418148,tracking_feedback_accumulate,396,,14290,,,80688128,134217728,119233024,136314880,,,,,,,,2.689999993890524,,
1791270746.3373613,418148,frontend_frame,396,0,14290,11,8,80067584,134217728,119233024,136314880,,,,,,,,,,
1791270746.7126539,418148,tracking_feedback_accumulate,397,,14290,,,74020864,134217728,119233024,136314880,,,,,,,,2.6167999021708965,,
1791270746.7171595,418148,frontend_frame,397,0,14290,11,8,73400320,134217728,119233024,136314880,,,,,,,,,,
1791270747.080298,418148,tracking_feedback_accumulate,398,,14290,,,77233152,134217728,119233024,136314880,,,,,,,,2.8051999397575855,,
1791270747.088802,418148,frontend_frame,398,0,14290,11,8,76612608,134217728,119233024,136314880,,,,,,,,,,
1791270747.4669027,418148,tracking_feedback_accumulate,399,,14290,,,80691200,134217728,119233024,136314880,,,,,,,,2.641000086441636,,
1791270747.5165997,418148,frontend_frame,399,0,14290,12,8,77316096,134217728,119233024,136314880,,,,,,,,,,
1791270758.212871,418148,tracking_feedback_accumulate,400,,14974,,,81441280,134217728,121142272,136314880,,,,,,,,3.4672000911086798,,
1791270758.2183719,418148,frontend_frame,400,0,14974,12,8,80984576,111149056,121142272,136314880,,,,,,,,,,
1791270758.5758405,418148,tracking_feedback_accumulate,401,,14974,,,84817408,134217728,123830272,136314880,,,,,,,,2.757800044491887,,
1791270758.5825388,418148,frontend_frame,401,0,14974,12,8,77446656,134217728,123830272,136314880,,,,,,,,,,
1791270758.9828436,418148,tracking_feedback_accumulate,402,,14974,,,81607168,134217728,123830272,136314880,,,,,,,,3.2250999938696623,,
1791270758.987355,418148,frontend_frame,402,0,14974,12,8,81145856,134217728,123830272,136314880,,,,,,,,,,
1791270759.3522267,418148,tracking_feedback_accumulate,403,,14974,,,84978688,134217728,124884480,136314880,,,,,,,,2.91269994340837,,
1791270759.3572302,418148,frontend_frame,403,0,14974,12,8,84517376,136314880,124884480,136314880,,,,,,,,,,
1791270759.7981036,418148,tracking_feedback_accumulate,404,,14974,,,74699776,136314880,124884480,136314880,,,,,,,,3.7451998796314,,
1791270759.802615,418148,frontend_frame,404,0,14974,12,8,74238976,136314880,124884480,136314880,,,,,,,,,,
1791270760.2598064,418148,tracking_feedback_accumulate,405,,14974,,,78153728,136314880,124884480,136314880,,,,,,,,2.8929999098181725,,
1791270760.2653174,418148,frontend_frame,405,0,14974,12,8,77692416,136314880,124884480,136314880,,,,,,,,,,
1791270760.5910695,418148,tracking_feedback_accumulate,406,,14974,,,81607168,136314880,124884480,136314880,,,,,,,,2.86679994314909,,
1791270760.5970836,418148,frontend_frame,406,0,14974,12,8,74077184,136314880,124884480,136314880,,,,,,,,,,
1791270761.0215225,418148,tracking_feedback_accumulate,407,,14974,,,78237696,136314880,124884480,136314880,,,,,,,,3.1057000160217285,,
1791270761.025522,418148,frontend_frame,407,0,14974,12,8,77776384,136314880,124884480,136314880,,,,,,,,,,
1791270761.3988335,418148,tracking_feedback_accumulate,408,,14974,,,81609216,136314880,124884480,136314880,,,,,,,,2.9955001082271338,,
1791270761.4038544,418148,frontend_frame,408,0,14974,12,8,74079232,136314880,124884480,136314880,,,,,,,,,,
1791270761.7248437,418148,tracking_feedback_accumulate,409,,14974,,,78239744,136314880,124884480,136314880,,,,,,,,2.989700064063072,,
1791270761.7306986,418148,frontend_frame,409,0,14974,12,8,77778432,136314880,124884480,136314880,,,,,,,,,,
1791270762.103191,418148,tracking_feedback_accumulate,410,,14974,,,81693184,136314880,124884480,136314880,,,,,,,,2.9661001171916723,,
1791270762.1091962,418148,frontend_frame,410,0,14974,12,8,81231872,111149056,124884480,136314880,,,,,,,,,,
1791270762.486748,418148,tracking_feedback_accumulate,411,,14974,,,78241792,132120576,124884480,136314880,,,,,,,,3.293300047516823,,
1791270762.49076,418148,frontend_frame,411,0,14974,12,8,77780480,132120576,124884480,136314880,,,,,,,,,,
1791270762.859874,418148,tracking_feedback_accumulate,412,,14974,,,81695232,132120576,124884480,136314880,,,,,,,,2.8069999534636736,,
1791270762.8643878,418148,frontend_frame,412,0,14974,12,8,81233920,132120576,124884480,136314880,,,,,,,,,,
1791270763.165695,418148,tracking_feedback_accumulate,413,,14974,,,85312512,134217728,125054464,136314880,,,,,,,,2.9076000209897757,,
1791270763.171006,418148,frontend_frame,413,0,14974,12,8,77782528,134217728,125054464,136314880,,,,,,,,,,
1791270763.6021032,418148,tracking_feedback_accumulate,414,,14974,,,81615360,134217728,125054464,136314880,,,,,,,,3.3796997740864754,,
1791270763.6071017,418148,frontend_frame,414,0,14974,12,8,81154048,134217728,125054464,136314880,,,,,,,,,,
1791270763.9952576,418148,tracking_feedback_accumulate,415,,14974,,,85232640,134217728,125056512,136314880,,,,,,,,2.9370998963713646,,
1791270764.001278,418148,frontend_frame,415,0,14974,12,8,84771328,136314880,125056512,136314880,,,,,,,,,,
1791270764.3789823,418148,tracking_feedback_accumulate,416,,14974,,,78083072,136314880,125056512,136314880,,,,,,,,3.2764000352472067,,
1791270764.3837397,418148,frontend_frame,416,0,14974,12,8,77621760,136314880,125056512,136314880,,,,,,,,,,
1791270764.7955391,418148,tracking_feedback_accumulate,417,,14974,,,81782272,136314880,125056512,136314880,,,,,,,,2.836100058630109,,
1791270764.8445168,418148,frontend_frame,417,0,14974,13,8,85316608,136314880,125056512,136314880,,,,,,,,,,
1791270775.6401708,418148,tracking_feedback_accumulate,418,,15558,,,82122752,136314880,125056512,136314880,,,,,,,,2.7034999802708626,,
1791270775.6448264,418148,frontend_frame,418,0,15558,13,8,81808896,136314880,125056512,136314880,,,,,,,,,,
1791270776.0742311,418148,tracking_feedback_accumulate,419,,15558,,,85887488,157286400,125760512,157286400,,,,,,,,2.8128998819738626,,
1791270776.07824,418148,frontend_frame,419,0,15558,13,8,85569024,157286400,125760512,157286400,,,,,,,,,,
1791270776.5102384,418148,tracking_feedback_accumulate,420,,15558,,,89729536,157286400,129508864,157286400,,,,,,,,2.6781000196933746,,
1791270776.5182538,418148,frontend_frame,420,0,15558,13,8,82056704,111149056,129508864,157286400,,,,,,,,,,
1791270776.9251454,418148,tracking_feedback_accumulate,421,,15558,,,85807616,132120576,129508864,157286400,,,,,,,,2.9436000622808933,,
1791270776.9306643,418148,frontend_frame,421,0,15558,13,8,85489152,132120576,129508864,157286400,,,,,,,,,,
1791270777.2479973,418148,tracking_feedback_accumulate,422,,15558,,,89567744,155189248,129508864,157286400,,,,,,,,2.9319000896066427,,
1791270777.253509,418148,frontend_frame,422,0,15558,13,8,89249792,157286400,129508864,157286400,,,,,,,,,,
1791270777.5978703,418148,tracking_feedback_accumulate,423,,15558,,,82132992,157286400,129508864,157286400,,,,,,,,2.6499000377953053,,
1791270777.602903,418148,frontend_frame,423,0,15558,13,8,81814528,157286400,129508864,157286400,,,,,,,,,,
1791270778.0079873,418148,tracking_feedback_accumulate,424,,15558,,,85811200,157286400,129508864,157286400,,,,,,,,2.787400037050247,,
1791270778.0121653,418148,frontend_frame,424,0,15558,13,8,85492736,157286400,129508864,157286400,,,,,,,,,,
1791270778.4266489,418148,tracking_feedback_accumulate,425,,15558,,,89489408,157286400,129508864,157286400,,,,,,,,3.117999993264675,,
1791270778.4329152,418148,frontend_frame,425,0,15558,13,8,81816576,157286400,129508864,157286400,,,,,,,,,,
1791270778.818195,418148,tracking_feedback_accumulate,426,,15558,,,85813248,157286400,129508864,157286400,,,,,,,,3.478399943560362,,
1791270778.823865,418148,frontend_frame,426,0,15558,13,8,85494784,157286400,129508864,157286400,,,,,,,,,,
1791270779.212353,418148,tracking_feedback_accumulate,427,,15558,,,89737216,157286400,129508864,157286400,,,,,,,,2.592999953776598,,
1791270779.2173526,418148,frontend_frame,427,0,15558,13,8,89418752,157286400,129508864,157286400,,,,,,,,,,
1791270779.626635,418148,tracking_feedback_accumulate,428,,15558,,,82138112,157286400,129508864,157286400,,,,,,,,2.82359984703362,,
1791270779.6316485,418148,frontend_frame,428,0,15558,13,8,81819648,157286400,129508864,157286400,,,,,,,,,,
1791270779.9789875,418148,tracking_feedback_accumulate,429,,15558,,,85980160,157286400,129508864,157286400,,,,,,,,2.6988000608980656,,
1791270779.9844973,418148,frontend_frame,429,0,15558,13,8,85661696,157286400,129508864,157286400,,,,,,,,,,
1791270780.3639104,418148,tracking_feedback_accumulate,430,,15558,,,82140160,157286400,129508864,157286400,,,,,,,,2.795899985358119,,
1791270780.370432,418148,frontend_frame,430,0,15558,13,8,81821696,109051904,129508864,157286400,,,,,,,,,,
1791270780.7758029,418148,tracking_feedback_accumulate,431,,15558,,,85900288,153092096,129508864,157286400,,,,,,,,2.9130999464541674,,
1791270780.7804964,418148,frontend_frame,431,0,15558,13,8,85581824,153092096,129508864,157286400,,,,,,,,,,
1791270781.144425,418148,tracking_feedback_accumulate,432,,15558,,,89660416,155189248,129508864,157286400,,,,,,,,2.7803999837487936,,
1791270781.1499317,418148,frontend_frame,432,0,15558,13,8,78453248,155189248,129508864,157286400,,,,,,,,,,
1791270781.5852194,418148,tracking_feedback_accumulate,433,,15558,,,82286080,155189248,129508864,157286400,,,,,,,,3.0493000522255898,,
1791270781.59024,418148,frontend_frame,433,0,15558,13,8,81967616,155189248,129508864,157286400,,,,,,,,,,
1791270781.9642255,418148,tracking_feedback_accumulate,434,,15558,,,86128128,155189248,129508864,157286400,,,,,,,,2.66700005158782,,
1791270781.9682298,418148,frontend_frame,434,0,15558,13,8,85809664,155189248,129508864,157286400,,,,,,,,,,
1791270782.3470602,418148,tracking_feedback_accumulate,435,,15558,,,78692864,155189248,129508864,157286400,,,,,,,,2.64770002104342,,
1791270782.3507695,418148,frontend_frame,435,0,15558,13,8,78374400,155189248,129508864,157286400,,,,,,,,,,
1791270782.7235062,418148,tracking_feedback_accumulate,436,,15558,,,82452992,155189248,129508864,157286400,,,,,,,,3.8503999821841717,,
1791270782.7280142,418148,frontend_frame,436,0,15558,13,8,82134528,155189248,129508864,157286400,,,,,,,,,,
1791270783.1218145,418148,tracking_feedback_accumulate,437,,15558,,,86049280,155189248,129508864,157286400,,,,,,,,3.457699902355671,,
1791270783.1721702,418148,frontend_frame,437,0,15558,14,8,82372096,155189248,129508864,157286400,,,,,,,,,,
1791270793.9626446,418148,tracking_feedback_accumulate,438,,16137,,,86410752,155189248,129508864,157286400,,,,,,,,2.854800084605813,,
1791270793.9681485,418148,frontend_frame,438,0,16137,14,8,86237184,155189248,129508864,157286400,,,,,,,,,,
1791270794.3222914,418148,tracking_feedback_accumulate,439,,16137,,,90233856,155189248,130232832,157286400,,,,,,,,2.620500046759844,,
1791270794.326799,418148,frontend_frame,439,0,16137,14,8,82561024,155189248,130232832,157286400,,,,,,,,,,
1791270794.7186637,418148,tracking_feedback_accumulate,440,,16137,,,86475776,155189248,130232832,157286400,,,,,,,,3.5181997809559107,,
1791270794.7238514,418148,frontend_frame,440,0,16137,14,8,86298112,109051904,130232832,157286400,,,,,,,,,,
1791270795.0868702,418148,tracking_feedback_accumulate,441,,16137,,,90376704,153092096,130375680,157286400,,,,,,,,3.367600031197071,,
1791270795.0934193,418148,frontend_frame,441,0,16137,14,8,90199040,155189248,130375680,157286400,,,,,,,,,,
1791270795.471893,418148,tracking_feedback_accumulate,442,,16137,,,86477824,155189248,130375680,157286400,,,,,,,,2.667799824848771,,
1791270795.4759016,418148,frontend_frame,442,0,16137,14,8,86300672,155189248,130375680,157286400,,,,,,,,,,
1791270795.9346733,418148,tracking_feedback_accumulate,443,,16137,,,90379264,155189248,130378240,157286400,,,,,,,,3.1629998702555895,,
1791270795.9391785,418148,frontend_frame,443,0,16137,14,8,90201600,155189248,130378240,157286400,,,,,,,,,,
1791270796.3456063,418148,tracking_feedback_accumulate,444,,16137,,,94116352,157286400,134197248,157286400,,,,,,,,2.891999902203679,,
1791270796.3503165,418148,frontend_frame,444,0,16137,14,8,86302720,157286400,134197248,157286400,,,,,,,,,,
1791270796.6821783,418148,tracking_feedback_accumulate,445,,16137,,,90381312,157286400,134197248,157286400,,,,,,,,3.0223000794649124,,
1791270796.6871796,418148,frontend_frame,445,0,16137,14,8,90203648,157286400,134197248,157286400,,,,,,,,,,
1791270797.133171,418148,tracking_feedback_accumulate,446,,16137,,,94118400,157286400,134199296,157286400,,,,,,,,2.932799980044365,,
1791270797.1392283,418148,frontend_frame,446,0,16137,14,8,93940736,159383552,134199296,159383552,,,,,,,,,,
1791270797.4867148,418148,tracking_feedback_accumulate,447,,16137,,,86565376,159383552,134199296,159383552,,,,,,,,3.131499979645014,,
1791270797.490728,418148,frontend_frame,447,0,16137,14,8,86387712,159383552,134199296,159383552,,,,,,,,,,
1791270797.9170318,418148,tracking_feedback_accumulate,448,,16137,,,90302464,159383552,134199296,159383552,,,,,,,,3.064099932089448,,
1791270797.9227602,418148,frontend_frame,448,0,16137,14,8,90124800,159383552,134199296,159383552,,,,,,,,,,
1791270798.2858064,418148,tracking_feedback_accumulate,449,,16137,,,94203392,159383552,134202368,159383552,,,,,,,,2.985999919474125,,
1791270798.2915952,418148,frontend_frame,449,0,16137,14,8,86389760,159383552,134202368,159383552,,,,,,,,,,
1791270798.6507404,418148,tracking_feedback_accumulate,450,,16137,,,90386432,159383552,134202368,159383552,,,,,,,,2.8239001985639334,,
1791270798.6557405,418148,frontend_frame,450,0,16137,14,8,90208768,111149056,134202368,159383552,,,,,,,,,,
1791270799.025727,418148,tracking_feedback_accumulate,451,,16137,,,94205440,157286400,134204416,159383552,,,,,,,,3.070699982345104,,
1791270799.030742,418148,frontend_frame,451,0,16137,14,8,94027776,159383552,134204416,159383552,,,,,,,,,,
1791270799.274739,418148,tracking_feedback_accumulate,452,,16137,,,86570496,159383552,134204416,159383552,,,,,,,,3.6317999474704266,,
1791270799.2787921,418148,frontend_frame,452,0,16137,14,8,86392832,159383552,134204416,159383552,,,,,,,,,,
1791270799.6281486,418148,tracking_feedback_accumulate,453,,16137,,,90307584,159383552,134204416,159383552,,,,,,,,2.8568999841809273,,
1791270799.6323307,418148,frontend_frame,453,0,16137,14,8,90129920,159383552,134204416,159383552,,,,,,,,,,
1791270799.9509153,418148,tracking_feedback_accumulate,454,,16137,,,86572544,159383552,134204416,159383552,,,,,,,,2.7481999713927507,,
1791270799.9549158,418148,frontend_frame,454,0,16137,14,8,86394880,159383552,134204416,159383552,,,,,,,,,,
1791270800.3443918,418148,tracking_feedback_accumulate,455,,16137,,,90309632,159383552,134204416,159383552,,,,,,,,3.114700084552169,,
1791270800.3935995,418148,frontend_frame,455,0,16137,15,8,94127616,159383552,134204416,159383552,,,,,,,,,,
1791270811.3064754,418148,tracking_feedback_accumulate,456,,16694,,,90690048,159383552,134204416,159383552,,,,,,,,2.6227000635117292,,
1791270811.3113585,418148,frontend_frame,456,0,16694,15,8,90644992,159383552,134204416,159383552,,,,,,,,,,
1791270811.726847,418148,tracking_feedback_accumulate,457,,16694,,,94477824,159383552,134611968,159383552,,,,,,,,3.0376999638974667,,
1791270811.7318623,418148,frontend_frame,457,0,16694,15,8,94429184,159383552,134611968,159383552,,,,,,,,,,
1791270812.0768232,418148,tracking_feedback_accumulate,458,,16694,,,98507776,159383552,138560000,159383552,,,,,,,,2.7707999106496572,,
1791270812.0819857,418148,frontend_frame,458,0,16694,15,8,90565120,159383552,138560000,159383552,,,,,,,,,,
1791270812.5181766,418148,tracking_feedback_accumulate,459,,16694,,,94561792,159383552,138560000,159383552,,,,,,,,2.752500120550394,,
1791270812.522294,418148,frontend_frame,459,0,16694,15,8,94513152,159383552,138560000,159383552,,,,,,,,,,
1791270812.8904989,418148,tracking_feedback_accumulate,460,,16694,,,98427904,159383552,138562048,159383552,,,,,,,,2.830399898812175,,
1791270812.8965266,418148,frontend_frame,460,0,16694,15,8,86667776,113246208,138562048,159383552,,,,,,,,,,
1791270813.316319,418148,tracking_feedback_accumulate,461,,16694,,,90828288,155189248,138562048,159383552,,,,,,,,2.6914000045508146,,
1791270813.3215263,418148,frontend_frame,461,0,16694,15,8,90779648,155189248,138562048,159383552,,,,,,,,,,
1791270813.6832654,418148,tracking_feedback_accumulate,462,,16694,,,94612480,155189248,138562048,159383552,,,,,,,,2.730000065639615,,
1791270813.6882627,418148,frontend_frame,462,0,16694,15,8,94563840,155189248,138562048,159383552,,,,,,,,,,
1791270814.069136,418148,tracking_feedback_accumulate,463,,16694,,,90830336,155189248,138562048,159383552,,,,,,,,2.816000021994114,,
1791270814.0731425,418148,frontend_frame,463,0,16694,15,8,90781696,155189248,138562048,159383552,,,,,,,,,,
1791270814.4631393,418148,tracking_feedback_accumulate,464,,16694,,,94614528,155189248,138562048,159383552,,,,,,,,2.5849000085145235,,
1791270814.4681482,418148,frontend_frame,464,0,16694,15,8,94565888,155189248,138562048,159383552,,,,,,,,,,
1791270814.8379312,418148,tracking_feedback_accumulate,465,,16694,,,98562560,157286400,138696704,159383552,,,,,,,,3.1669000163674355,,
1791270814.843214,418148,frontend_frame,465,0,16694,15,8,90619904,157286400,138696704,159383552,,,,,,,,,,
1791270815.2332525,418148,tracking_feedback_accumulate,466,,16694,,,94698496,157286400,138696704,159383552,,,,,,,,2.6390000712126493,,
1791270815.2382529,418148,frontend_frame,466,0,16694,15,8,94649856,157286400,138696704,159383552,,,,,,,,,,
1791270815.6148834,418148,tracking_feedback_accumulate,467,,16694,,,98564608,157286400,138698752,159383552,,,,,,,,2.7612000703811646,,
1791270815.619902,418148,frontend_frame,467,0,16694,15,8,98515968,159383552,138698752,159383552,,,,,,,,,,
1791270815.938096,418148,tracking_feedback_accumulate,468,,16694,,,90835456,159383552,138698752,159383552,,,,,,,,3.2369999680668116,,
1791270815.943315,418148,frontend_frame,468,0,16694,15,8,90786816,159383552,138698752,159383552,,,,,,,,,,
1791270816.3291354,418148,tracking_feedback_accumulate,469,,16694,,,94619648,159383552,138698752,159383552,,,,,,,,2.847700146958232,,
1791270816.3343718,418148,frontend_frame,469,0,16694,15,8,94571008,159383552,138698752,159383552,,,,,,,,,,
1791270816.7168064,418148,tracking_feedback_accumulate,470,,16694,,,98649600,159383552,138701824,159383552,,,,,,,,2.8790999203920364,,
1791270816.7229683,418148,frontend_frame,470,0,16694,15,8,90706944,134217728,138701824,159383552,,,,,,,,,,
1791270817.127958,418148,tracking_feedback_accumulate,471,,16694,,,94621696,155189248,138701824,159383552,,,,,,,,2.720600226894021,,
1791270817.1330483,418148,frontend_frame,471,0,16694,15,8,94573056,155189248,138701824,159383552,,,,,,,,,,
1791270817.489236,418148,tracking_feedback_accumulate,472,,16694,,,98651648,157286400,138703872,159383552,,,,,,,,2.7807001024484634,,
1791270817.494446,418148,frontend_frame,472,0,16694,15,8,98603008,159383552,138703872,159383552,,,,,,,,,,
1791270817.9219234,418148,tracking_feedback_accumulate,473,,16694,,,90758656,159383552,138703872,159383552,,,,,,,,2.7574999257922173,,
1791270817.970821,418148,frontend_frame,473,0,16694,16,8,94705664,159383552,138703872,159383552,,,,,,,,,,
1791270828.746375,418148,tracking_feedback_accumulate,474,,17170,,,98654208,159383552,138805248,159383552,,,,,,,,2.822200069203973,,
1791270828.7505527,418148,frontend_frame,474,0,17170,16,8,98721792,159383552,138805248,159383552,,,,,,,,,,
1791270829.2029858,418148,tracking_feedback_accumulate,475,,17170,,,94711808,159383552,138805248,159383552,,,,,,,,3.661900060251355,,
1791270829.2079947,418148,frontend_frame,475,0,17170,16,8,94775808,159383552,138805248,159383552,,,,,,,,,,
1791270829.5715637,418148,tracking_feedback_accumulate,476,,17170,,,98854400,159383552,138952704,159383552,,,,,,,,3.1898999586701393,,
1791270829.5760698,418148,frontend_frame,476,0,17170,16,8,98918400,159383552,138952704,159383552,,,,,,,,,,
1791270829.928027,418148,tracking_feedback_accumulate,477,,17170,,,102915072,159383552,143013376,159383552,,,,,,,,2.797599881887436,,
1791270829.9330378,418148,frontend_frame,477,0,17170,16,8,94859776,159383552,143013376,159383552,,,,,,,,,,
1791270830.309885,418148,tracking_feedback_accumulate,478,,17170,,,98774528,159383552,143013376,159383552,,,,,,,,2.719499869272113,,
1791270830.3138828,418148,frontend_frame,478,0,17170,16,8,98839040,159383552,143013376,159383552,,,,,,,,,,
1791270830.7523725,418148,tracking_feedback_accumulate,479,,17170,,,102835712,159383552,143015936,159383552,,,,,,,,2.841699868440628,,
1791270830.7579265,418148,frontend_frame,479,0,17170,16,8,102899712,159383552,143015936,159383552,,,,,,,,,,
1791270831.1801677,418148,tracking_feedback_accumulate,480,,17170,,,94799360,159383552,143015936,159383552,,,,,,,,2.92299990542233,,
1791270831.1851673,418148,frontend_frame,480,0,17170,16,8,94863360,134217728,143015936,159383552,,,,,,,,,,
1791270831.6359634,418148,tracking_feedback_accumulate,481,,17170,,,98860032,155189248,143015936,159383552,,,,,,,,2.82689998857677,,
1791270831.6409454,418148,frontend_frame,481,0,17170,16,8,98924032,157286400,143015936,159383552,,,,,,,,,,
1791270832.0024998,418148,tracking_feedback_accumulate,482,,17170,,,102838784,159383552,143019008,159383552,,,,,,,,3.813300048932433,,
1791270832.0080042,418148,frontend_frame,482,0,17170,16,8,94783488,159383552,143019008,159383552,,,,,,,,,,
1791270832.430885,418148,tracking_feedback_accumulate,483,,17170,,,98944000,159383552,143019008,159383552,,,,,,,,2.808300079777837,,
1791270832.4348857,418148,frontend_frame,483,0,17170,16,8,99008000,159383552,143019008,159383552,,,,,,,,,,
1791270832.793191,418148,tracking_feedback_accumulate,484,,17170,,,102840832,159383552,143021056,159383552,,,,,,,,2.897400176152587,,
1791270832.7988591,418148,frontend_frame,484,0,17170,16,8,94785536,159383552,143021056,159383552,,,,,,,,,,
1791270833.2338367,418148,tracking_feedback_accumulate,485,,17170,,,98864128,159383552,143021056,159383552,,,,,,,,3.047799924388528,,
1791270833.2388449,418148,frontend_frame,485,0,17170,16,8,98928128,159383552,143021056,159383552,,,,,,,,,,
1791270833.552136,418148,tracking_feedback_accumulate,486,,17170,,,102924800,159383552,143023104,159383552,,,,,,,,2.7281001675873995,,
1791270833.6007977,418148,frontend_frame,486,0,17170,17,8,106984448,159383552,143023104,159383552,,,,,,,,,,
1791270844.3979452,418148,tracking_feedback_accumulate,487,,17602,,,102809600,159383552,143023104,159383552,,,,,,,,2.809699857607484,,
1791270844.4031138,418148,frontend_frame,487,0,17602,17,8,102977536,159383552,143023104,159383552,,,,,,,,,,
1791270844.7538157,418148,tracking_feedback_accumulate,488,,17602,,,107138048,159383552,147195904,159383552,,,,,,,,3.271800000220537,,
1791270844.7593384,418148,frontend_frame,488,0,17602,17,8,107302912,161480704,147195904,161480704,,,,,,,,,,
1791270845.1330702,418148,tracking_feedback_accumulate,489,,17602,,,111135744,163577856,151398912,163577856,,,,,,,,2.921300008893013,,
1791270845.13908,418148,frontend_frame,489,0,17602,17,8,98919936,163577856,151398912,163577856,,,,,,,,,,
1791270845.5159452,418148,tracking_feedback_accumulate,490,,17602,,,102916608,163577856,151398912,163577856,,,,,,,,2.848800038918853,,
1791270845.5219083,418148,frontend_frame,490,0,17602,17,8,103081472,136314880,151398912,163577856,,,,,,,,,,
1791270845.8631644,418148,tracking_feedback_accumulate,491,,17602,,,107160064,159383552,151398912,163577856,,,,,,,,2.992199966683984,,
1791270845.8681645,418148,frontend_frame,491,0,17602,17,8,107325440,161480704,151398912,163577856,,,,,,,,,,
1791270846.2460258,418148,tracking_feedback_accumulate,492,,17602,,,98758656,161480704,151398912,163577856,,,,,,,,5.793299991637468,,
1791270846.2517817,418148,frontend_frame,492,0,17602,17,8,98923520,161480704,151398912,163577856,,,,,,,,,,
1791270846.6318293,418148,tracking_feedback_accumulate,493,,17602,,,103002112,161480704,151398912,163577856,,,,,,,,2.868100069463253,,
1791270846.6363358,418148,frontend_frame,493,0,17602,17,8,103166976,161480704,151398912,163577856,,,,,,,,,,
1791270847.0060718,418148,tracking_feedback_accumulate,494,,17602,,,98760704,161480704,151398912,163577856,,,,,,,,3.0957001727074385,,
1791270847.011164,418148,frontend_frame,494,0,17602,17,8,98925568,161480704,151398912,163577856,,,,,,,,,,
1791270847.3903441,418148,tracking_feedback_accumulate,495,,17602,,,102922240,161480704,151398912,163577856,,,,,,,,3.2388002146035433,,
1791270847.3953762,418148,frontend_frame,495,0,17602,17,8,103087104,161480704,151398912,163577856,,,,,,,,,,
1791270847.7378812,418148,tracking_feedback_accumulate,496,,17602,,,107165696,161480704,151398912,163577856,,,,,,,,3.0018999241292477,,
1791270847.7425828,418148,frontend_frame,496,0,17602,17,8,99009536,161480704,151398912,163577856,,,,,,,,,,
1791270848.0669906,418148,tracking_feedback_accumulate,497,,17602,,,103006208,161480704,151398912,163577856,,,,,,,,2.912800060585141,,
1791270848.0726295,418148,frontend_frame,497,0,17602,17,8,103171072,161480704,151398912,163577856,,,,,,,,,,
1791270848.4610548,418148,tracking_feedback_accumulate,498,,17602,,,107085824,161480704,151398912,163577856,,,,,,,,2.9873999301344156,,
1791270848.4655628,418148,frontend_frame,498,0,17602,17,8,107250688,161480704,151398912,163577856,,,,,,,,,,
1791270848.787107,418148,tracking_feedback_accumulate,499,,17602,,,98765824,161480704,151398912,163577856,,,,,,,,2.618500031530857,,
1791270848.7918038,418148,frontend_frame,499,0,17602,17,8,98930688,161480704,151398912,163577856,,,,,,,,,,
1791270849.1358745,418148,tracking_feedback_accumulate,500,,17602,,,103009280,161480704,151398912,163577856,,,,,,,,2.990600187331438,,
1791270849.1426194,418148,frontend_frame,500,0,17602,17,8,103174144,136314880,151398912,163577856,,,,,,,,,,
1791270849.5498493,418148,tracking_feedback_accumulate,501,,17602,,,107088896,159383552,151398912,163577856,,,,,,,,2.926900051534176,,
1791270849.5989032,418148,frontend_frame,501,0,17602,18,8,102928384,159383552,151398912,163577856,,,,,,,,,,
1791270860.3809323,418148,tracking_feedback_accumulate,502,,17942,,,106950656,180355072,151398912,180355072,,,,,,,,2.80930008739233,,
1791270860.3859322,418148,frontend_frame,502,0,17942,18,8,107197952,180355072,151398912,180355072,,,,,,,,,,
1791270860.6760247,418148,tracking_feedback_accumulate,503,,17942,,,111276544,180355072,151450112,180355072,,,,,,,,2.5649999734014273,,
1791270860.6811633,418148,frontend_frame,503,0,17942,18,8,103120384,180355072,151450112,180355072,,,,,,,,,,
1791270861.0953996,418148,tracking_feedback_accumulate,504,,17942,,,107117056,180355072,151450112,180355072,,,,,,,,2.849800046533346,,
1791270861.1016023,418148,frontend_frame,504,0,17942,18,8,107362304,180355072,151450112,180355072,,,,,,,,,,
1791270861.4344878,418148,tracking_feedback_accumulate,505,,17942,,,111277056,182452224,151532544,182452224,,,,,,,,2.837300067767501,,
1791270861.4397357,418148,frontend_frame,505,0,17942,18,8,111522304,182452224,151532544,182452224,,,,,,,,,,
1791270861.7869318,418148,tracking_feedback_accumulate,506,,17942,,,107037184,182452224,151532544,182452224,,,,,,,,3.1838000286370516,,
1791270861.791658,418148,frontend_frame,506,0,17942,18,8,107282944,182452224,151532544,182452224,,,,,,,,,,
1791270862.1452477,418148,tracking_feedback_accumulate,507,,17942,,,111361536,182452224,151535104,182452224,,,,,,,,3.034299938008189,,
1791270862.1503115,418148,frontend_frame,507,0,17942,18,8,111606784,182452224,151535104,182452224,,,,,,,,,,
1791270862.5391822,418148,tracking_feedback_accumulate,508,,17942,,,115521536,186646528,156875264,186646528,,,,,,,,3.2427001278847456,,
1791270862.5443447,418148,frontend_frame,508,0,17942,18,8,107284992,186646528,156875264,186646528,,,,,,,,,,
1791270862.9455068,418148,tracking_feedback_accumulate,509,,17942,,,111363584,186646528,156875264,186646528,,,,,,,,2.726899925619364,,
1791270862.95153,418148,frontend_frame,509,0,17942,18,8,111608832,186646528,156875264,186646528,,,,,,,,,,
1791270863.2863674,418148,tracking_feedback_accumulate,510,,17942,,,115605504,186646528,156875264,186646528,,,,,,,,2.887899987399578,,
1791270863.2922566,418148,frontend_frame,510,0,17942,18,8,115850752,144703488,156875264,186646528,,,,,,,,,,
1791270863.712785,418148,tracking_feedback_accumulate,511,,17942,,,107124736,186646528,156875264,186646528,,,,,,,,2.823800081387162,,
1791270863.7167854,418148,frontend_frame,511,0,17942,18,8,107369984,186646528,156875264,186646528,,,,,,,,,,
1791270864.026352,418148,tracking_feedback_accumulate,512,,17942,,,111366656,186646528,156875264,186646528,,,,,,,,3.0114001128822565,,
1791270864.0306158,418148,frontend_frame,512,0,17942,18,8,111611904,186646528,156875264,186646528,,,,,,,,,,
1791270864.4282427,418148,tracking_feedback_accumulate,513,,17942,,,115608576,186646528,156875264,186646528,,,,,,,,2.722499892115593,,
1791270864.4329076,418148,frontend_frame,513,0,17942,18,8,107372032,186646528,156875264,186646528,,,,,,,,,,
1791270864.845399,418148,tracking_feedback_accumulate,514,,17942,,,111286784,186646528,156875264,186646528,,,,,,,,2.785800024867058,,
1791270864.848901,418148,frontend_frame,514,0,17942,18,8,111532032,186646528,156875264,186646528,,,,,,,,,,
1791270865.1682477,418148,tracking_feedback_accumulate,515,,17942,,,115692544,186646528,156875264,186646528,,,,,,,,2.653299830853939,,
1791270865.173783,418148,frontend_frame,515,0,17942,18,8,115937792,186646528,156875264,186646528,,,,,,,,,,
1791270865.5767112,418148,tracking_feedback_accumulate,516,,17942,,,107047936,186646528,156875264,186646528,,,,,,,,2.991399960592389,,
1791270865.5819442,418148,frontend_frame,516,0,17942,18,8,107293184,186646528,156875264,186646528,,,,,,,,,,
1791270865.9167168,418148,tracking_feedback_accumulate,517,,17942,,,111453696,186646528,156875264,186646528,,,,,,,,2.744999947026372,,
1791270865.9212494,418148,frontend_frame,517,0,17942,18,8,111698944,186646528,156875264,186646528,,,,,,,,,,
1791270866.2734094,418148,tracking_feedback_accumulate,518,,17942,,,102809088,186646528,156885504,186646528,,,,,,,,3.05230007506907,,
1791270866.277912,418148,frontend_frame,518,0,17942,18,8,103054336,186646528,156885504,186646528,,,,,,,,,,
1791270866.5680466,418148,tracking_feedback_accumulate,519,,17942,,,107132928,186646528,156885504,186646528,,,,,,,,2.849800046533346,,
1791270866.572749,418148,frontend_frame,519,0,17942,18,8,107378176,186646528,156885504,186646528,,,,,,,,,,
1791270866.9639168,418148,tracking_feedback_accumulate,520,,17942,,,111374848,186646528,156885504,186646528,,,,,,,,2.992900088429451,,
1791270867.0157092,418148,frontend_frame,520,0,17942,19,8,107133952,186646528,156885504,186646528,,,,,,,,,,
1791270877.853099,418148,tracking_feedback_accumulate,521,,18448,,,111084544,186646528,156885504,186646528,,,,,,,,3.324800170958042,,
1791270877.8586006,418148,frontend_frame,521,0,18448,19,8,111454208,186646528,156885504,186646528,,,,,,,,,,
1791270878.1924253,418148,tracking_feedback_accumulate,522,,18448,,,115614720,186646528,156885504,186646528,,,,,,,,2.828399883583188,,
1791270878.198439,418148,frontend_frame,522,0,18448,19,8,107378176,186646528,156885504,186646528,,,,,,,,,,
1791270878.5407672,418148,tracking_feedback_accumulate,523,,18448,,,111211008,186646528,156885504,186646528,,,,,,,,2.8967000544071198,,
1791270878.5462728,418148,frontend_frame,523,0,18448,19,8,111577088,186646528,156885504,186646528,,,,,,,,,,
1791270878.8426442,418148,tracking_feedback_accumulate,524,,18448,,,115655680,186646528,156885504,186646528,,,,,,,,2.9794001020491123,,
1791270878.84818,418148,frontend_frame,524,0,18448,19,8,116021760,186646528,156885504,186646528,,,,,,,,,,
1791270879.1559644,418148,tracking_feedback_accumulate,525,,18448,,,111294976,186646528,156885504,186646528,,,,,,,,3.3233000431209803,,
1791270879.1607628,418148,frontend_frame,525,0,18448,19,8,111661568,186646528,156885504,186646528,,,,,,,,,,
1791270879.51705,418148,tracking_feedback_accumulate,526,,18448,,,115658240,186646528,156885504,186646528,,,,,,,,2.6966999284923077,,
1791270879.5230606,418148,frontend_frame,526,0,18448,19,8,116024320,186646528,156885504,186646528,,,,,,,,,,
1791270879.7946925,418148,tracking_feedback_accumulate,527,,18448,,,119939072,186646528,160473600,186646528,,,,,,,,2.7866000309586525,,
1791270879.799701,418148,frontend_frame,527,0,18448,19,8,111581696,186646528,160473600,186646528,,,,,,,,,,
1791270880.165732,418148,tracking_feedback_accumulate,528,,18448,,,115742208,186646528,160473600,186646528,,,,,,,,2.7890000492334366,,
1791270880.1707795,418148,frontend_frame,528,0,18448,19,8,116108288,186646528,160473600,186646528,,,,,,,,,,
1791270880.5583146,418148,tracking_feedback_accumulate,529,,18448,,,119941120,186646528,161105920,186646528,,,,,,,,3.236499847844243,,
1791270880.5635295,418148,frontend_frame,529,0,18448,19,8,120307200,186646528,161105920,186646528,,,,,,,,,,
1791270880.9034047,418148,tracking_feedback_accumulate,530,,18448,,,111382528,186646528,161105920,186646528,,,,,,,,2.8336001560091972,,
1791270880.9094126,418148,frontend_frame,530,0,18448,19,8,111748608,140509184,161105920,186646528,,,,,,,,,,
1791270881.2751567,418148,tracking_feedback_accumulate,531,,18448,,,115581440,182452224,161105920,186646528,,,,,,,,6.112599978223443,,
1791270881.2812624,418148,frontend_frame,531,0,18448,19,8,115947520,184549376,161105920,186646528,,,,,,,,,,
1791270881.5924668,418148,tracking_feedback_accumulate,532,,18448,,,120026112,186646528,161105920,186646528,,,,,,,,3.073300002142787,,
1791270881.5965827,418148,frontend_frame,532,0,18448,19,8,111668736,186646528,161105920,186646528,,,,,,,,,,
1791270881.9362166,418148,tracking_feedback_accumulate,533,,18448,,,115583488,186646528,161105920,186646528,,,,,,,,2.7938999701291323,,
1791270881.9409451,418148,frontend_frame,533,0,18448,19,8,115949568,186646528,161105920,186646528,,,,,,,,,,
1791270882.251556,418148,tracking_feedback_accumulate,534,,18448,,,120110080,186646528,161105920,186646528,,,,,,,,2.6244998443871737,,
1791270882.256557,418148,frontend_frame,534,0,18448,19,8,120476160,188743680,161105920,188743680,,,,,,,,,,
1791270882.653916,418148,tracking_feedback_accumulate,535,,18448,,,111223808,188743680,161105920,188743680,,,,,,,,2.6056000497192144,,
1791270882.659603,418148,frontend_frame,535,0,18448,19,8,111589888,188743680,161105920,188743680,,,,,,,,,,
1791270883.0337856,418148,tracking_feedback_accumulate,536,,18448,,,115750400,188743680,161105920,188743680,,,,,,,,3.0919997952878475,,
1791270883.0393052,418148,frontend_frame,536,0,18448,19,8,116116480,188743680,161105920,188743680,,,,,,,,,,
1791270883.4035797,418148,tracking_feedback_accumulate,537,,18448,,,111225856,188743680,161114112,188743680,,,,,,,,2.880699932575226,,
1791270883.409087,418148,frontend_frame,537,0,18448,19,8,111591936,188743680,161114112,188743680,,,,,,,,,,
1791270883.809646,418148,tracking_feedback_accumulate,538,,18448,,,115670528,188743680,161114112,188743680,,,,,,,,3.032099921256304,,
1791270883.8141813,418148,frontend_frame,538,0,18448,19,8,116036608,188743680,161114112,188743680,,,,,,,,,,
1791270884.2007136,418148,tracking_feedback_accumulate,539,,18448,,,120033280,188743680,161260032,188743680,,,,,,,,2.909500151872635,,
1791270884.205714,418148,frontend_frame,539,0,18448,19,8,111675904,188743680,161260032,188743680,,,,,,,,,,
1791270884.5473313,418148,tracking_feedback_accumulate,540,,18448,,,115672576,188743680,161260032,188743680,,,,,,,,3.1077000312507153,,
1791270884.551527,418148,frontend_frame,540,0,18448,19,8,116038656,140509184,161260032,188743680,,,,,,,,,,
1791270884.966513,418148,tracking_feedback_accumulate,541,,18448,,,120035328,186646528,161260032,188743680,,,,,,,,2.8796999249607325,,
1791270884.9717116,418148,frontend_frame,541,0,18448,19,8,120401408,188743680,161260032,188743680,,,,,,,,,,
1791270885.3703623,418148,tracking_feedback_accumulate,542,,18448,,,111312896,188743680,161260032,188743680,,,,,,,,2.780900103971362,,
1791270885.3748648,418148,frontend_frame,542,0,18448,19,8,111678976,188743680,161260032,188743680,,,,,,,,,,
1791270885.706364,418148,tracking_feedback_accumulate,543,,18448,,,115675648,188743680,161260032,188743680,,,,,,,,2.5382000021636486,,
1791270885.756627,418148,frontend_frame,543,0,18448,20,8,120037376,188743680,161260032,188743680,,,,,,,,,,
1791270896.628139,418148,tracking_feedback_accumulate,544,,18831,,,115337728,188743680,161260032,188743680,,,,,,,,2.7588000521063805,,
1791270896.6332092,418148,frontend_frame,544,0,18831,20,8,115796992,188743680,161260032,188743680,,,,,,,,,,
1791270896.9708421,418148,tracking_feedback_accumulate,545,,18831,,,119793664,188743680,161260032,188743680,,,,,,,,2.987500047311187,,
1791270896.9768572,418148,frontend_frame,545,0,18831,20,8,120250368,188743680,161260032,188743680,,,,,,,,,,
1791270897.3292434,418148,tracking_feedback_accumulate,546,,18831,,,124165120,188743680,164767232,188743680,,,,,,,,2.9623000882565975,,
1791270897.3347661,418148,frontend_frame,546,0,18831,20,8,111355392,188743680,164767232,188743680,,,,,,,,,,
1791270897.6448686,418148,tracking_feedback_accumulate,547,,18831,,,115352064,188743680,164767232,188743680,,,,,,,,4.043699940666556,,
1791270897.649884,418148,frontend_frame,547,0,18831,20,8,115808768,188743680,164767232,188743680,,,,,,,,,,
1791270897.9656394,418148,tracking_feedback_accumulate,548,,18831,,,119887360,188743680,164767232,188743680,,,,,,,,2.787299919873476,,
1791270897.9708056,418148,frontend_frame,548,0,18831,20,8,120344576,188743680,164767232,188743680,,,,,,,,,,
1791270898.3133335,418148,tracking_feedback_accumulate,549,,18831,,,110984192,188743680,164767232,188743680,,,,,,,,2.644000109285116,,
1791270898.3179183,418148,frontend_frame,549,0,18831,20,8,111440896,188743680,164767232,188743680,,,,,,,,,,
1791270898.6861694,418148,tracking_feedback_accumulate,550,,18831,,,115437568,188743680,164767232,188743680,,,,,,,,2.871899865567684,,
1791270898.6912775,418148,frontend_frame,550,0,18831,20,8,115894272,138412032,164767232,188743680,,,,,,,,,,
1791270898.944411,418148,tracking_feedback_accumulate,551,,18831,,,119809024,182452224,164767232,188743680,,,,,,,,2.991399960592389,,
1791270898.9489183,418148,frontend_frame,551,0,18831,20,8,111361024,182452224,164767232,188743680,,,,,,,,,,
1791270899.341038,418148,tracking_feedback_accumulate,552,,18831,,,115521536,182452224,164767232,188743680,,,,,,,,3.1164002139121294,,
1791270899.345544,418148,frontend_frame,552,0,18831,20,8,115978240,182452224,164767232,188743680,,,,,,,,,,
1791270899.7174149,418148,tracking_feedback_accumulate,553,,18831,,,119811072,182452224,164767232,188743680,,,,,,,,2.8806000482290983,,
1791270899.7219198,418148,frontend_frame,553,0,18831,20,8,120267776,184549376,164767232,188743680,,,,,,,,,,
1791270900.0954812,418148,tracking_feedback_accumulate,554,,18831,,,111071232,184549376,164767232,188743680,,,,,,,,2.8926001396030188,,
1791270900.1004941,418148,frontend_frame,554,0,18831,20,8,111527936,184549376,164767232,188743680,,,,,,,,,,
1791270900.436579,418148,tracking_feedback_accumulate,555,,18831,,,115360768,184549376,164767232,188743680,,,,,,,,2.9420999344438314,,
1791270900.4422405,418148,frontend_frame,555,0,18831,20,8,115817472,184549376,164767232,188743680,,,,,,,,,,
1791270900.7663827,418148,tracking_feedback_accumulate,556,,18831,,,111073280,184549376,164767232,188743680,,,,,,,,2.9056998901069164,,
1791270900.7705727,418148,frontend_frame,556,0,18831,20,8,111529984,184549376,164767232,188743680,,,,,,,,,,
1791270901.145763,418148,tracking_feedback_accumulate,557,,18831,,,115362816,184549376,164767232,188743680,,,,,,,,3.097600070759654,,
1791270901.1497734,418148,frontend_frame,557,0,18831,20,8,115819520,184549376,164767232,188743680,,,,,,,,,,
1791270901.4911654,418148,tracking_feedback_accumulate,558,,18831,,,119898112,184549376,164767232,188743680,,,,,,,,2.9795998707413673,,
1791270901.4966714,418148,frontend_frame,558,0,18831,20,8,111450112,184549376,164767232,188743680,,,,,,,,,,
1791270901.8815641,418148,tracking_feedback_accumulate,559,,18831,,,115446784,184549376,164767232,188743680,,,,,,,,2.8384998440742493,,
1791270901.8870807,418148,frontend_frame,559,0,18831,20,8,115903488,184549376,164767232,188743680,,,,,,,,,,
1791270902.2538762,418148,tracking_feedback_accumulate,560,,18831,,,119818240,184549376,164767232,188743680,,,,,,,,2.9476999770849943,,
1791270902.2598894,418148,frontend_frame,560,0,18831,20,8,120274944,142606336,164767232,188743680,,,,,,,,,,
1791270902.6071544,418148,tracking_feedback_accumulate,561,,18831,,,111078400,184549376,164767232,188743680,,,,,,,,2.853799844160676,,
1791270902.6116788,418148,frontend_frame,561,0,18831,20,8,111535104,184549376,164767232,188743680,,,,,,,,,,
1791270902.9245536,418148,tracking_feedback_accumulate,562,,18831,,,115367936,184549376,164767232,188743680,,,,,,,,2.838799962773919,,
1791270902.9300754,418148,frontend_frame,562,0,18831,20,8,115824640,184549376,164767232,188743680,,,,,,,,,,
1791270903.222848,418148,tracking_feedback_accumulate,563,,18831,,,119985152,184549376,164767232,188743680,,,,,,,,3.0066000763326883,,
1791270903.2289,418148,frontend_frame,563,0,18831,20,8,111537152,184549376,164767232,188743680,,,,,,,,,,
1791270903.5269284,418148,tracking_feedback_accumulate,564,,18831,,,115369984,184549376,164767232,188743680,,,,,,,,2.8522000648081303,,
1791270903.5317516,418148,frontend_frame,564,0,18831,20,8,115826688,184549376,164767232,188743680,,,,,,,,,,
1791270903.8464377,418148,tracking_feedback_accumulate,565,,18831,,,119905280,184549376,164767232,188743680,,,,,,,,3.6600998137146235,,
1791270903.8521895,418148,frontend_frame,565,0,18831,20,8,120361984,184549376,164767232,188743680,,,,,,,,,,
1791270904.230971,418148,tracking_feedback_accumulate,566,,18831,,,111001600,184549376,164767232,188743680,,,,,,,,3.3882998395711184,,
1791270904.2359972,418148,frontend_frame,566,0,18831,20,8,111458304,184549376,164767232,188743680,,,,,,,,,,
1791270904.5865233,418148,tracking_feedback_accumulate,567,,18831,,,115373056,184549376,164767232,188743680,,,,,,,,2.909200033172965,,
1791270904.591542,418148,frontend_frame,567,0,18831,20,8,115829760,184549376,164767232,188743680,,,,,,,,,,
1791270904.95487,418148,tracking_feedback_accumulate,568,,18831,,,119826432,184549376,164767232,188743680,,,,,,,,2.8706002049148083,,
1791270904.9603934,418148,frontend_frame,568,0,18831,20,8,111378432,184549376,164767232,188743680,,,,,,,,,,
1791270905.361884,418148,tracking_feedback_accumulate,569,,18831,,,115457024,184549376,164767232,188743680,,,,,,,,2.7387000154703856,,
1791270905.366885,418148,frontend_frame,569,0,18831,20,8,115913728,184549376,164767232,188743680,,,,,,,,,,
1791270905.7198594,418148,tracking_feedback_accumulate,570,,18831,,,119828480,184549376,164767232,188743680,,,,,,,,2.861799905076623,,
1791270905.7258763,418148,frontend_frame,570,0,18831,20,8,111380480,140509184,164767232,188743680,,,,,,,,,,
1791270906.0729508,418148,tracking_feedback_accumulate,571,,18831,,,115459072,182452224,164767232,188743680,,,,,,,,2.864799927920103,,
1791270906.122118,418148,frontend_frame,571,0,18831,21,8,119911424,182452224,164767232,188743680,,,,,,,,,,
1791270916.944866,418148,tracking_feedback_accumulate,572,,19316,,,123939840,182452224,165527040,188743680,,,,,,,,2.684700069949031,,
1791270916.9490418,418148,frontend_frame,572,0,19316,21,8,124508672,184549376,165527040,188743680,,,,,,,,,,
1791270917.3087382,418148,tracking_feedback_accumulate,573,,19316,,,119491584,184549376,165527040,188743680,,,,,,,,2.756299916654825,,
1791270917.3134856,418148,frontend_frame,573,0,19316,21,8,120057344,184549376,165527040,188743680,,,,,,,,,,
1791270917.6067355,418148,tracking_feedback_accumulate,574,,19316,,,123972096,184549376,165669376,188743680,,,,,,,,2.8027999214828014,,
1791270917.610914,418148,frontend_frame,574,0,19316,21,8,124537856,184549376,165669376,188743680,,,,,,,,,,
1791270917.9861975,418148,tracking_feedback_accumulate,575,,19316,,,128698368,188743680,170231808,188743680,,,,,,,,2.822799840942025,,
1791270917.9928374,418148,frontend_frame,575,0,19316,21,8,115688960,188743680,170231808,188743680,,,,,,,,,,
1791270918.3721097,418148,tracking_feedback_accumulate,576,,19316,,,119521792,188743680,170231808,188743680,,,,,,,,2.821199828758836,,
1791270918.3771474,418148,frontend_frame,576,0,19316,21,8,120088064,188743680,170231808,188743680,,,,,,,,,,
1791270918.7111762,418148,tracking_feedback_accumulate,577,,19316,,,124084736,188743680,170231808,188743680,,,,,,,,2.6864001993089914,,
1791270918.7153022,418148,frontend_frame,577,0,19316,21,8,124650496,188743680,170231808,188743680,,,,,,,,,,
1791270919.0053644,418148,tracking_feedback_accumulate,578,,19316,,,115044864,188743680,170231808,188743680,,,,,,,,2.882600063458085,,
1791270919.0100992,418148,frontend_frame,578,0,19316,21,8,115610624,188743680,170231808,188743680,,,,,,,,,,
1791270919.390907,418148,tracking_feedback_accumulate,579,,19316,,,119607296,188743680,170231808,188743680,,,,,,,,2.9452999588102102,,
1791270919.3964102,418148,frontend_frame,579,0,19316,21,8,120173056,188743680,170231808,188743680,,,,,,,,,,
1791270919.7572668,418148,tracking_feedback_accumulate,580,,19316,,,114964992,188743680,170231808,188743680,,,,,,,,2.841799985617399,,
1791270919.762045,418148,frontend_frame,580,0,19316,21,8,115530752,159383552,170231808,188743680,,,,,,,,,,
1791270920.0578077,418148,tracking_feedback_accumulate,581,,19316,,,119691264,180355072,170231808,188743680,,,,,,,,3.396499902009964,,
1791270920.06332,418148,frontend_frame,581,0,19316,21,8,120257024,180355072,170231808,188743680,,,,,,,,,,
1791270920.3949537,418148,tracking_feedback_accumulate,582,,19316,,,124089856,184549376,170231808,188743680,,,,,,,,2.781399991363287,,
1791270920.3986099,418148,frontend_frame,582,0,19316,21,8,115532800,184549376,170231808,188743680,,,,,,,,,,
1791270920.7666972,418148,tracking_feedback_accumulate,583,,19316,,,119611392,184549376,170231808,188743680,,,,,,,,2.8609998989850283,,
1791270920.7712026,418148,frontend_frame,583,0,19316,21,8,120177152,184549376,170231808,188743680,,,,,,,,,,
1791270921.082161,418148,tracking_feedback_accumulate,584,,19316,,,124091904,184549376,170231808,188743680,,,,,,,,3.154100151732564,,
1791270921.0871923,418148,frontend_frame,584,0,19316,21,8,124657664,184549376,170231808,188743680,,,,,,,,,,
1791270921.4197106,418148,tracking_feedback_accumulate,585,,19316,,,115052032,184549376,170231808,188743680,,,,,,,,2.794699976220727,,
1791270921.424711,418148,frontend_frame,585,0,19316,21,8,115617792,184549376,170231808,188743680,,,,,,,,,,
1791270921.7581851,418148,tracking_feedback_accumulate,586,,19316,,,119532544,184549376,170231808,188743680,,,,,,,,3.05499997921288,,
1791270921.7621849,418148,frontend_frame,586,0,19316,21,8,120098304,184549376,170231808,188743680,,,,,,,,,,
1791270922.059726,418148,tracking_feedback_accumulate,587,,19316,,,124258816,184549376,170231808,188743680,,,,,,,,2.641499973833561,,
1791270922.0637264,418148,frontend_frame,587,0,19316,21,8,115701760,184549376,170231808,188743680,,,,,,,,,,
1791270922.3765488,418148,tracking_feedback_accumulate,588,,19316,,,119534592,184549376,170231808,188743680,,,,,,,,3.020100062713027,,
1791270922.3805928,418148,frontend_frame,588,0,19316,21,8,120100352,184549376,170231808,188743680,,,,,,,,,,
1791270922.787234,418148,tracking_feedback_accumulate,589,,19316,,,124097024,184549376,170231808,188743680,,,,,,,,2.7966999914497137,,
1791270922.7923129,418148,frontend_frame,589,0,19316,21,8,124662784,184549376,170231808,188743680,,,,,,,,,,
1791270923.1004603,418148,tracking_feedback_accumulate,590,,19316,,,115057152,184549376,170231808,188743680,,,,,,,,2.6551999617367983,,
1791270923.1064599,418148,frontend_frame,590,0,19316,21,8,115622912,136314880,170231808,188743680,,,,,,,,,,
1791270923.4363117,418148,tracking_feedback_accumulate,591,,19316,,,119619584,178257920,170231808,188743680,,,,,,,,4.2860000394284725,,
1791270923.4423347,418148,frontend_frame,591,0,19316,21,8,120185344,180355072,170231808,188743680,,,,,,,,,,
1791270923.8020687,418148,tracking_feedback_accumulate,592,,19316,,,124100096,182452224,170231808,188743680,,,,,,,,2.8564000967890024,,
1791270923.8060791,418148,frontend_frame,592,0,19316,21,8,115543040,182452224,170231808,188743680,,,,,,,,,,
1791270924.113568,418148,tracking_feedback_accumulate,593,,19316,,,119539712,182452224,170231808,188743680,,,,,,,,2.957999939098954,,
1791270924.118784,418148,frontend_frame,593,0,19316,21,8,120105472,182452224,170231808,188743680,,,,,,,,,,
1791270924.5093973,418148,tracking_feedback_accumulate,594,,19316,,,124184064,184549376,170231808,188743680,,,,,,,,2.9021999798715115,,
1791270924.515445,418148,frontend_frame,594,0,19316,21,8,115627008,184549376,170231808,188743680,,,,,,,,,,
1791270924.8939016,418148,tracking_feedback_accumulate,595,,19316,,,119541760,184549376,170231808,188743680,,,,,,,,2.66069988720119,,
1791270924.897905,418148,frontend_frame,595,0,19316,21,8,120107520,184549376,170231808,188743680,,,,,,,,,,
1791270925.222633,418148,tracking_feedback_accumulate,596,,19316,,,124186112,184549376,170231808,188743680,,,,,,,,2.939700148999691,,
1791270925.2280023,418148,frontend_frame,596,0,19316,21,8,124751872,184549376,170231808,188743680,,,,,,,,,,
1791270925.6197574,418148,tracking_feedback_accumulate,597,,19316,,,119543808,184549376,170231808,188743680,,,,,,,,3.450999967753887,,
1791270925.6237576,418148,frontend_frame,597,0,19316,21,8,120109568,184549376,170231808,188743680,,,,,,,,,,
1791270925.9988203,418148,tracking_feedback_accumulate,598,,19316,,,124270080,184549376,170231808,188743680,,,,,,,,2.62410007417202,,
1791270926.002823,418148,frontend_frame,598,0,19316,21,8,124835840,184549376,170231808,188743680,,,,,,,,,,
1791270926.3915286,418148,tracking_feedback_accumulate,599,,19316,,,128668672,188743680,170365952,188743680,,,,,,,,2.8927000239491463,,
1791270926.3991807,418148,frontend_frame,599,0,19316,21,8,120111616,188743680,170365952,188743680,,,,,,,,,,
1791270926.7350643,418148,tracking_feedback_accumulate,600,,19316,,,124190208,188743680,170365952,188743680,,,,,,,,2.5649000890552998,,
1791270926.7397392,418148,frontend_frame,600,0,19316,21,8,124755968,163577856,170365952,188743680,,,,,,,,,,
1791270927.1138291,418148,tracking_feedback_accumulate,601,,19316,,,128752640,188743680,170368000,188743680,,,,,,,,2.5148000568151474,,
1791270927.1188388,418148,frontend_frame,601,0,19316,21,8,129318400,188743680,170368000,188743680,,,,,,,,,,
1791270927.3882203,418148,tracking_feedback_accumulate,602,,19316,,,119630848,188743680,170368000,188743680,,,,,,,,2.8088002000004053,,
1791270927.39222,418148,frontend_frame,602,0,19316,21,8,120196608,188743680,170368000,188743680,,,,,,,,,,
1791270927.7225852,418148,tracking_feedback_accumulate,603,,19316,,,124111360,188743680,170368000,188743680,,,,,,,,2.8446000069379807,,
1791270927.7276008,418148,frontend_frame,603,0,19316,21,8,124677120,188743680,170368000,188743680,,,,,,,,,,
1791270928.0624576,418148,tracking_feedback_accumulate,604,,19316,,,128673792,188743680,170371072,188743680,,,,,,,,2.7982001192867756,,
1791270928.0677023,418148,frontend_frame,604,0,19316,21,8,115555328,188743680,170371072,188743680,,,,,,,,,,
1791270928.4067798,418148,tracking_feedback_accumulate,605,,19316,,,119633920,188743680,170371072,188743680,,,,,,,,3.148699877783656,,
1791270928.4117947,418148,frontend_frame,605,0,19316,21,8,120199680,188743680,170371072,188743680,,,,,,,,,,
1791270928.7858036,418148,tracking_feedback_accumulate,606,,19316,,,124196352,188743680,170371072,188743680,,,,,,,,2.93629989027977,,
1791270928.832819,418148,frontend_frame,606,0,19316,22,8,128757760,188743680,170371072,188743680,,,,,,,,,,
1791270939.3874567,418148,tracking_feedback_accumulate,607,,18596,,,119027200,188743680,170371072,188743680,,,,,,,,2.972800051793456,,
1791270939.392457,418148,frontend_frame,607,0,18596,22,8,119419392,188743680,170371072,188743680,,,,,,,,,,
1791270939.6990712,418148,tracking_feedback_accumulate,608,,18596,,,123334144,188743680,170371072,188743680,,,,,,,,2.7891001664102077,,
1791270939.7035794,418148,frontend_frame,608,0,18596,22,8,123732480,188743680,170371072,188743680,,,,,,,,,,
1791270940.0205064,418148,tracking_feedback_accumulate,609,,18596,,,118941184,188743680,170371072,188743680,,,,,,,,2.8267998713999987,,
1791270940.0255156,418148,frontend_frame,609,0,18596,22,8,119339520,188743680,170371072,188743680,,,,,,,,,,
1791270940.3837655,418148,tracking_feedback_accumulate,610,,18596,,,123418112,188743680,170371072,188743680,,,,,,,,3.0888000037521124,,
1791270940.390411,418148,frontend_frame,610,0,18596,22,8,123816448,159383552,170371072,188743680,,,,,,,,,,
1791270940.679827,418148,tracking_feedback_accumulate,611,,18596,,,127813120,184549376,170371072,188743680,,,,,,,,2.826699987053871,,
1791270940.6848285,418148,frontend_frame,611,0,18596,22,8,119424000,184549376,170371072,188743680,,,,,,,,,,
1791270941.0409336,418148,tracking_feedback_accumulate,612,,18596,,,123338752,184549376,170371072,188743680,,,,,,,,2.9039999935775995,,
1791270941.0449345,418148,frontend_frame,612,0,18596,22,8,123737088,184549376,170371072,188743680,,,,,,,,,,
1791270941.3563745,418148,tracking_feedback_accumulate,613,,18596,,,127897600,184549376,170371072,188743680,,,,,,,,2.8603000100702047,,
1791270941.361881,418148,frontend_frame,613,0,18596,22,8,128295936,184549376,170371072,188743680,,,,,,,,,,
1791270941.635975,418148,tracking_feedback_accumulate,614,,18596,,,118946816,184549376,170371072,188743680,,,,,,,,2.852699952200055,,
1791270941.640141,418148,frontend_frame,614,0,18596,22,8,119345152,184549376,170371072,188743680,,,,,,,,,,
1791270941.9730296,418148,tracking_feedback_accumulate,615,,18596,,,123423744,184549376,170371072,188743680,,,,,,,,2.6268998626619577,,
1791270941.9777687,418148,frontend_frame,615,0,18596,22,8,123822080,184549376,170371072,188743680,,,,,,,,,,
1791270942.3157244,418148,tracking_feedback_accumulate,616,,18596,,,127736832,184549376,170371072,188743680,,,,,,,,2.813700120896101,,
1791270942.3213744,418148,frontend_frame,616,0,18596,22,8,119347200,184549376,170371072,188743680,,,,,,,,,,
1791270942.6339545,418148,tracking_feedback_accumulate,617,,18596,,,123425792,184549376,170371072,188743680,,,,,,,,2.8719999827444553,,
1791270942.6387923,418148,frontend_frame,617,0,18596,22,8,123824128,184549376,170371072,188743680,,,,,,,,,,
1791270942.9577608,418148,tracking_feedback_accumulate,618,,18596,,,127820800,184549376,170371072,188743680,,,,,,,,2.844099886715412,,
1791270942.961267,418148,frontend_frame,618,0,18596,22,8,128219136,184549376,170371072,188743680,,,,,,,,,,
1791270943.30317,418148,tracking_feedback_accumulate,619,,18596,,,119033856,184549376,170371072,188743680,,,,,,,,2.9400999192148447,,
1791270943.3083935,418148,frontend_frame,619,0,18596,22,8,119432192,184549376,170371072,188743680,,,,,,,,,,
1791270943.6050262,418148,tracking_feedback_accumulate,620,,18596,,,123346944,184549376,170371072,188743680,,,,,,,,3.2981999684125185,,
1791270943.6100938,418148,frontend_frame,620,0,18596,22,8,123745280,159383552,170371072,188743680,,,,,,,,,,
1791270943.9861026,418148,tracking_feedback_accumulate,621,,18596,,,127905792,184549376,170371072,188743680,,,,,,,,2.9146999586373568,,
1791270943.9908996,418148,frontend_frame,621,0,18596,22,8,119516160,184549376,170371072,188743680,,,,,,,,,,
1791270944.338018,418148,tracking_feedback_accumulate,622,,18596,,,123348992,184549376,170371072,188743680,,,,,,,,2.8370998334139585,,
1791270944.3430326,418148,frontend_frame,622,0,18596,22,8,123747328,184549376,170371072,188743680,,,,,,,,,,
1791270944.699496,418148,tracking_feedback_accumulate,623,,18596,,,127825920,184549376,170371072,188743680,,,,,,,,3.118599997833371,,
1791270944.7050488,418148,frontend_frame,623,0,18596,22,8,119436288,184549376,170371072,188743680,,,,,,,,,,
1791270945.0271692,418148,tracking_feedback_accumulate,624,,18596,,,123351040,184549376,170371072,188743680,,,,,,,,2.8085000813007355,,
1791270945.0322187,418148,frontend_frame,624,0,18596,22,8,123749376,184549376,170371072,188743680,,,,,,,,,,
1791270945.3116896,418148,tracking_feedback_accumulate,625,,18596,,,127827968,184549376,170371072,188743680,,,,,,,,2.825200092047453,,
1791270945.3167388,418148,frontend_frame,625,0,18596,22,8,128226304,184549376,170371072,188743680,,,,,,,,,,
1791270945.6849241,418148,tracking_feedback_accumulate,626,,18596,,,123435008,184549376,170371072,188743680,,,,,,,,2.8429999947547913,,
1791270945.6895516,418148,frontend_frame,626,0,18596,22,8,123833344,184549376,170371072,188743680,,,,,,,,,,
1791270946.0277596,418148,tracking_feedback_accumulate,627,,18596,,,127748096,184549376,170371072,188743680,,,,,,,,2.6841999497264624,,
1791270946.0312674,418148,frontend_frame,627,0,18596,22,8,128146432,184549376,170371072,188743680,,,,,,,,,,
1791270946.3985136,418148,tracking_feedback_accumulate,628,,18596,,,132306944,188743680,171598848,188743680,,,,,,,,2.8289000038057566,,
1791270946.4035144,418148,frontend_frame,628,0,18596,22,8,123917312,188743680,171598848,188743680,,,,,,,,,,
1791270946.7195892,418148,tracking_feedback_accumulate,629,,18596,,,127750144,188743680,171598848,188743680,,,,,,,,2.8406998608261347,,
1791270946.7240942,418148,frontend_frame,629,0,18596,22,8,128148480,188743680,171598848,188743680,,,,,,,,,,
1791270946.9588027,418148,tracking_feedback_accumulate,630,,18596,,,132308992,188743680,171598848,188743680,,,,,,,,2.7110001537948847,,
1791270946.963803,418148,frontend_frame,630,0,18596,22,8,132707328,167772160,171598848,190840832,,,,,,,,,,
1791270947.3460178,418148,tracking_feedback_accumulate,631,,18596,,,123358208,188743680,171598848,190840832,,,,,,,,2.666400047019124,,
1791270947.351118,418148,frontend_frame,631,0,18596,22,8,123756544,188743680,171598848,190840832,,,,,,,,,,
1791270947.7107954,418148,tracking_feedback_accumulate,632,,18596,,,127753216,188743680,171598848,190840832,,,,,,,,2.8440000023692846,,
1791270947.7158065,418148,frontend_frame,632,0,18596,22,8,128151552,188743680,171598848,190840832,,,,,,,,,,
1791270947.9941761,418148,tracking_feedback_accumulate,633,,18596,,,132230144,188743680,171598848,190840832,,,,,,,,2.5821998715400696,,
1791270948.0004017,418148,frontend_frame,633,0,18596,22,8,119446528,188743680,171598848,190840832,,,,,,,,,,
1791270948.3098207,418148,tracking_feedback_accumulate,634,,18596,,,123443200,188743680,171598848,190840832,,,,,,,,3.577800001949072,,
1791270948.3148205,418148,frontend_frame,634,0,18596,22,8,123841536,188743680,171598848,190840832,,,,,,,,,,
1791270948.6969743,418148,tracking_feedback_accumulate,635,,18596,,,127756288,188743680,171598848,190840832,,,,,,,,2.928399946540594,,
1791270948.7009778,418148,frontend_frame,635,0,18596,22,8,128154624,188743680,171598848,190840832,,,,,,,,,,
1791270948.9641287,418148,tracking_feedback_accumulate,636,,18596,,,118969344,188743680,171598848,190840832,,,,,,,,5.137300118803978,,
1791270948.9694166,418148,frontend_frame,636,0,18596,22,8,119367680,188743680,171598848,190840832,,,,,,,,,,
1791270949.3406596,418148,tracking_feedback_accumulate,637,,18596,,,123446272,188743680,171598848,190840832,,,,,,,,3.9744998794049025,,
1791270949.348167,418148,frontend_frame,637,0,18596,22,8,123844608,188743680,171598848,190840832,,,,,,,,,,
1791270949.7562113,418148,tracking_feedback_accumulate,638,,18596,,,127759360,188743680,171598848,190840832,,,,,,,,2.6406000833958387,,
1791270949.7618926,418148,frontend_frame,638,0,18596,22,8,119369728,188743680,171598848,190840832,,,,,,,,,,
1791270950.1370304,418148,tracking_feedback_accumulate,639,,18596,,,123448320,188743680,171598848,190840832,,,,,,,,2.67730001360178,,
1791270950.1412256,418148,frontend_frame,639,0,18596,22,8,123846656,188743680,171598848,190840832,,,,,,,,,,
1791270950.5009868,418148,tracking_feedback_accumulate,640,,18596,,,127843328,188743680,171598848,190840832,,,,,,,,2.8435001149773598,,
1791270950.5054934,418148,frontend_frame,640,0,18596,22,8,119453696,163577856,171598848,190840832,,,,,,,,,,
1791270950.8626812,418148,tracking_feedback_accumulate,641,,18596,,,123368448,184549376,171598848,190840832,,,,,,,,3.4426001366227865,,
1791270950.8676848,418148,frontend_frame,641,0,18596,22,8,123766784,184549376,171598848,190840832,,,,,,,,,,
1791270951.1906745,418148,tracking_feedback_accumulate,642,,18596,,,127763456,184549376,171598848,190840832,,,,,,,,2.9328998643904924,,
1791270951.1961858,418148,frontend_frame,642,0,18596,22,8,128161792,184549376,171598848,190840832,,,,,,,,,,
1791270951.494267,418148,tracking_feedback_accumulate,643,,18596,,,123452416,184549376,171598848,190840832,,,,,,,,2.6793000288307667,,
1791270951.4982665,418148,frontend_frame,643,0,18596,22,8,123850752,184549376,171598848,190840832,,,,,,,,,,
1791270951.855255,418148,tracking_feedback_accumulate,644,,18596,,,127847424,184549376,171598848,190840832,,,,,,,,2.878099912777543,,
1791270951.8597598,418148,frontend_frame,644,0,18596,22,8,128245760,184549376,171598848,190840832,,,,,,,,,,
1791270952.230479,418148,tracking_feedback_accumulate,645,,18596,,,132160512,188743680,171598848,190840832,,,,,,,,3.2214000821113586,,
1791270952.2349865,418148,frontend_frame,645,0,18596,22,8,123770880,188743680,171598848,190840832,,,,,,,,,,
1791270952.5715964,418148,tracking_feedback_accumulate,646,,18596,,,127767552,188743680,171598848,190840832,,,,,,,,2.851000055670738,,
1791270952.5766366,418148,frontend_frame,646,0,18596,22,8,128165888,188743680,171598848,190840832,,,,,,,,,,
1791270952.9080892,418148,tracking_feedback_accumulate,647,,18596,,,132244480,188743680,171598848,190840832,,,,,,,,2.8880999889224768,,
1791270952.912249,418148,frontend_frame,647,0,18596,22,8,132642816,188743680,171598848,190840832,,,,,,,,,,
1791270953.2754452,418148,tracking_feedback_accumulate,648,,18596,,,123457536,188743680,171598848,190840832,,,,,,,,2.9337999876588583,,
1791270953.2814655,418148,frontend_frame,648,0,18596,22,8,123855872,188743680,171598848,190840832,,,,,,,,,,
1791270953.604592,418148,tracking_feedback_accumulate,649,,18596,,,127770624,188743680,171598848,190840832,,,,,,,,2.4894000962376595,,
1791270953.608099,418148,frontend_frame,649,0,18596,22,8,128168960,188743680,171598848,190840832,,,,,,,,,,
1791270953.954578,418148,tracking_feedback_accumulate,650,,18596,,,132165632,188743680,171598848,190840832,,,,,,,,2.759200055152178,,
1791270953.9596052,418148,frontend_frame,650,0,18596,22,8,123776000,163577856,171598848,190840832,,,,,,,,,,
1791270954.2415817,418148,tracking_feedback_accumulate,651,,18596,,,127854592,184549376,171598848,190840832,,,,,,,,3.008600091561675,,
1791270954.246581,418148,frontend_frame,651,0,18596,22,8,128252928,184549376,171598848,190840832,,,,,,,,,,
1791270954.645301,418148,tracking_feedback_accumulate,652,,18596,,,132249600,188743680,171598848,190840832,,,,,,,,2.9128999449312687,,
1791270954.649805,418148,frontend_frame,652,0,18596,22,8,132647936,188743680,171598848,190840832,,,,,,,,,,
1791270954.9078307,418148,tracking_feedback_accumulate,653,,18596,,,123462656,188743680,171598848,190840832,,,,,,,,2.9045999981462955,,
1791270954.912993,418148,frontend_frame,653,0,18596,22,8,123860992,188743680,171598848,190840832,,,,,,,,,,
1791270955.2326756,418148,tracking_feedback_accumulate,654,,18596,,,127775744,188743680,171598848,190840832,,,,,,,,3.1389999203383923,,
1791270955.2366793,418148,frontend_frame,654,0,18596,22,8,128174080,188743680,171598848,190840832,,,,,,,,,,
1791270955.6041183,418148,tracking_feedback_accumulate,655,,18596,,,132334592,188743680,171598848,190840832,,,,,,,,2.8202999383211136,,
1791270955.6096432,418148,frontend_frame,655,0,18596,22,8,123944960,188743680,171598848,190840832,,,,,,,,,,
1791270955.8402255,418148,tracking_feedback_accumulate,656,,18596,,,127777792,188743680,171598848,190840832,,,,,,,,2.7280000504106283,,
1791270955.8443863,418148,frontend_frame,656,0,18596,22,8,128176128,188743680,171598848,190840832,,,,,,,,,,
1791270956.1672366,418148,tracking_feedback_accumulate,657,,18596,,,132254720,188743680,171598848,190840832,,,,,,,,3.1808000057935715,,
1791270956.1722713,418148,frontend_frame,657,0,18596,22,8,132653056,188743680,171598848,190840832,,,,,,,,,,
1791270956.5080311,418148,tracking_feedback_accumulate,658,,18596,,,123385856,188743680,171598848,190840832,,,,,,,,2.920999890193343,,
1791270956.513042,418148,frontend_frame,658,0,18596,22,8,123784192,188743680,171598848,190840832,,,,,,,,,,
1791270956.877354,418148,tracking_feedback_accumulate,659,,18596,,,127780864,188743680,171598848,190840832,,,,,,,,2.8200000524520874,,
1791270956.8819358,418148,frontend_frame,659,0,18596,22,8,128179200,188743680,171598848,190840832,,,,,,,,,,
1791270957.2293346,418148,tracking_feedback_accumulate,660,,18596,,,123469824,188743680,171598848,190840832,,,,,,,,2.8132000006735325,,
1791270957.2338605,418148,frontend_frame,660,0,18596,22,8,123868160,163577856,171598848,190840832,,,,,,,,,,
1791270957.5122795,418148,tracking_feedback_accumulate,661,,18596,,,127782912,184549376,171598848,190840832,,,,,,,,2.8661000542342663,,
1791270957.5163274,418148,frontend_frame,661,0,18596,22,8,128181248,184549376,171598848,190840832,,,,,,,,,,
1791270957.8301067,418148,tracking_feedback_accumulate,662,,18596,,,132259840,186646528,171626496,190840832,,,,,,,,2.8452000115066767,,
1791270957.8357854,418148,frontend_frame,662,0,18596,22,8,119476224,186646528,171626496,190840832,,,,,,,,,,
1791270958.191919,418148,tracking_feedback_accumulate,663,,18596,,,123472896,186646528,171626496,190840832,,,,,,,,3.2124000135809183,,
1791270958.1969185,418148,frontend_frame,663,0,18596,22,8,123871232,186646528,171626496,190840832,,,,,,,,,,
1791270958.5088174,418148,tracking_feedback_accumulate,664,,18596,,,127785984,186646528,171626496,190840832,,,,,,,,2.8979999478906393,,
1791270958.5134864,418148,frontend_frame,664,0,18596,22,8,128184320,186646528,171626496,190840832,,,,,,,,,,
1791270958.8661575,418148,tracking_feedback_accumulate,665,,18596,,,118999040,186646528,171626496,190840832,,,,,,,,2.877800026908517,,
1791270958.8706646,418148,frontend_frame,665,0,18596,22,8,119397376,186646528,171626496,190840832,,,,,,,,,,
1791270959.151074,418148,tracking_feedback_accumulate,666,,18596,,,123475968,186646528,171626496,190840832,,,,,,,,2.788900164887309,,
1791270959.1560776,418148,frontend_frame,666,0,18596,22,8,123874304,186646528,171626496,190840832,,,,,,,,,,
1791270959.3835108,418148,tracking_feedback_accumulate,667,,18596,,,127870976,186646528,171626496,190840832,,,,,,,,2.570200012996793,,
1791270959.3885102,418148,frontend_frame,667,0,18596,22,8,119481344,186646528,171626496,190840832,,,,,,,,,,
1791270959.7568219,418148,tracking_feedback_accumulate,668,,18596,,,123478016,186646528,171626496,190840832,,,,,,,,3.3444000873714685,,
1791270959.7610948,418148,frontend_frame,668,0,18596,22,8,123876352,186646528,171626496,190840832,,,,,,,,,,
1791270960.1773584,418148,tracking_feedback_accumulate,669,,18596,,,127873024,186646528,171626496,190840832,,,,,,,,2.749500097706914,,
1791270960.1824498,418148,frontend_frame,669,0,18596,22,8,128271360,186646528,171626496,190840832,,,,,,,,,,
1791270960.5177107,418148,tracking_feedback_accumulate,670,,18596,,,119004160,186646528,171626496,190840832,,,,,,,,2.799200126901269,,
1791270960.5237014,418148,frontend_frame,670,0,18596,22,8,119402496,159383552,171626496,190840832,,,,,,,,,,
1791270960.9012291,418148,tracking_feedback_accumulate,671,,18596,,,123399168,180355072,171626496,190840832,,,,,,,,2.6007997803390026,,
1791270960.9052296,418148,frontend_frame,671,0,18596,22,8,123797504,180355072,171626496,190840832,,,,,,,,,,
1791270961.2661607,418148,tracking_feedback_accumulate,672,,18596,,,127876096,184549376,171626496,190840832,,,,,,,,2.636800054460764,,
1791270961.2714193,418148,frontend_frame,672,0,18596,22,8,119486464,184549376,171626496,190840832,,,,,,,,,,
1791270961.5053182,418148,tracking_feedback_accumulate,673,,18596,,,123483136,184549376,171626496,190840832,,,,,,,,3.4495999570935965,,
1791270961.5103524,418148,frontend_frame,673,0,18596,22,8,123881472,184549376,171626496,190840832,,,,,,,,,,
1791270961.8625805,418148,tracking_feedback_accumulate,674,,18596,,,127796224,184549376,171626496,190840832,,,,,,,,3.0224998481571674,,
1791270961.8675807,418148,frontend_frame,674,0,18596,22,8,128194560,184549376,171626496,190840832,,,,,,,,,,
1791270962.1803849,418148,tracking_feedback_accumulate,675,,18596,,,119009280,184549376,171626496,190840832,,,,,,,,3.011300228536129,,
1791270962.1851072,418148,frontend_frame,675,0,18596,22,8,119407616,184549376,171626496,190840832,,,,,,,,,,
1791270962.5122883,418148,tracking_feedback_accumulate,676,,18596,,,123486208,184549376,171626496,190840832,,,,,,,,2.884299959987402,,
1791270962.5162883,418148,frontend_frame,676,0,18596,22,8,123884544,184549376,171626496,190840832,,,,,,,,,,
1791270962.8956988,418148,tracking_feedback_accumulate,677,,18596,,,119011328,184549376,171626496,190840832,,,,,,,,2.875200007110834,,
1791270962.8996978,418148,frontend_frame,677,0,18596,22,8,119409664,184549376,171626496,190840832,,,,,,,,,,
1791270963.1923985,418148,tracking_feedback_accumulate,678,,18596,,,123406336,184549376,171626496,190840832,,,,,,,,3.6559998989105225,,
1791270963.1973991,418148,frontend_frame,678,0,18596,22,8,123804672,184549376,171626496,190840832,,,,,,,,,,
1791270963.552115,418148,tracking_feedback_accumulate,679,,18596,,,127883264,184549376,171626496,190840832,,,,,,,,2.7863001450896263,,
1791270963.5581274,418148,frontend_frame,679,0,18596,22,8,119493632,184549376,171626496,190840832,,,,,,,,,,
1791270963.8713787,418148,tracking_feedback_accumulate,680,,18596,,,123408384,184549376,171626496,190840832,,,,,,,,2.723800018429756,,
1791270963.877437,418148,frontend_frame,680,0,18596,22,8,123806720,159383552,171626496,190840832,,,,,,,,,,
1791270964.2370727,418148,tracking_feedback_accumulate,681,,18596,,,127885312,182452224,171626496,190840832,,,,,,,,2.975400071591139,,
1791270964.2425926,418148,frontend_frame,681,0,18596,22,8,128283648,184549376,171626496,190840832,,,,,,,,,,
1791270964.5127816,418148,tracking_feedback_accumulate,682,,18596,,,119098368,184549376,171626496,190840832,,,,,,,,2.6147000025957823,,
1791270964.5184634,418148,frontend_frame,682,0,18596,22,8,119496704,184549376,171626496,190840832,,,,,,,,,,
1791270964.8386214,418148,tracking_feedback_accumulate,683,,18596,,,123493376,184549376,171626496,190840832,,,,,,,,2.974999835714698,,
1791270964.8443038,418148,frontend_frame,683,0,18596,22,8,123891712,184549376,171626496,190840832,,,,,,,,,,
1791270965.1758406,418148,tracking_feedback_accumulate,684,,18596,,,127806464,184549376,171626496,190840832,,,,,,,,3.2094998750835657,,
1791270965.1813605,418148,frontend_frame,684,0,18596,22,8,119416832,184549376,171626496,190840832,,,,,,,,,,
1791270965.495423,418148,tracking_feedback_accumulate,685,,18596,,,123413504,184549376,171626496,190840832,,,,,,,,3.65540012717247,,
1791270965.5004532,418148,frontend_frame,685,0,18596,22,8,123811840,184549376,171626496,190840832,,,,,,,,,,
1791270965.8784971,418148,tracking_feedback_accumulate,686,,18596,,,127890432,184549376,171626496,190840832,,,,,,,,3.515999997034669,,
1791270965.8835053,418148,frontend_frame,686,0,18596,22,8,128288768,184549376,171626496,190840832,,,,,,,,,,
1791270966.2603958,418148,tracking_feedback_accumulate,687,,18596,,,119103488,184549376,171626496,190840832,,,,,,,,3.124699927866459,,
1791270966.2654204,418148,frontend_frame,687,0,18596,22,8,119501824,184549376,171626496,190840832,,,,,,,,,,
1791270966.5813627,418148,tracking_feedback_accumulate,688,,18596,,,123498496,184549376,171626496,190840832,,,,,,,,2.8851001989096403,,
1791270966.5863662,418148,frontend_frame,688,0,18596,22,8,123896832,184549376,171626496,190840832,,,,,,,,,,
1791270966.9654822,418148,tracking_feedback_accumulate,689,,18596,,,127811584,184549376,171626496,190840832,,,,,,,,2.978099975734949,,
1791270966.9712055,418148,frontend_frame,689,0,18596,22,8,119421952,184549376,171626496,190840832,,,,,,,,,,
1791270967.3112917,418148,tracking_feedback_accumulate,690,,18596,,,123582464,184549376,171626496,190840832,,,,,,,,3.032699925825,,
1791270967.316798,418148,frontend_frame,690,0,18596,22,8,123980800,159383552,171626496,190840832,,,,,,,,,,
1791270967.6858487,418148,tracking_feedback_accumulate,691,,18596,,,127813632,182452224,171626496,190840832,,,,,,,,2.852899953722954,,
1791270967.6903648,418148,frontend_frame,691,0,18596,22,8,128211968,184549376,171626496,190840832,,,,,,,,,,
1791270968.041475,418148,tracking_feedback_accumulate,692,,18596,,,119190528,184549376,171626496,190840832,,,,,,,,2.9102000407874584,,
1791270968.0464945,418148,frontend_frame,692,0,18596,22,8,119588864,184549376,171626496,190840832,,,,,,,,,,
1791270968.276408,418148,tracking_feedback_accumulate,693,,18596,,,123421696,184549376,171626496,190840832,,,,,,,,2.9657999984920025,,
1791270968.2821257,418148,frontend_frame,693,0,18596,22,8,123820032,184549376,171626496,190840832,,,,,,,,,,
1791270968.7079077,418148,tracking_feedback_accumulate,694,,18596,,,119028736,184549376,171626496,190840832,,,,,,,,2.8919000178575516,,
1791270968.71414,418148,frontend_frame,694,0,18596,22,8,119427072,184549376,171626496,190840832,,,,,,,,,,
1791270968.9858246,418148,tracking_feedback_accumulate,695,,18596,,,123505664,184549376,171626496,190840832,,,,,,,,2.942499937489629,,
1791270968.990995,418148,frontend_frame,695,0,18596,22,8,123904000,184549376,171626496,190840832,,,,,,,,,,
1791270969.3423479,418148,tracking_feedback_accumulate,696,,18596,,,127900672,184549376,171626496,190840832,,,,,,,,3.2049999572336674,,
1791270969.3484073,418148,frontend_frame,696,0,18596,22,8,119511040,184549376,171626496,190840832,,,,,,,,,,
1791270969.6406322,418148,tracking_feedback_accumulate,697,,18596,,,123425792,184549376,171626496,190840832,,,,,,,,2.822499955072999,,
1791270969.6453767,418148,frontend_frame,697,0,18596,22,8,123824128,184549376,171626496,190840832,,,,,,,,,,
1791270970.042162,418148,tracking_feedback_accumulate,698,,18596,,,127820800,184549376,171626496,190840832,,,,,,,,2.857999876141548,,
1791270970.0471833,418148,frontend_frame,698,0,18596,22,8,128219136,184549376,171626496,190840832,,,,,,,,,,
1791270970.4185154,418148,tracking_feedback_accumulate,699,,18596,,,119115776,184549376,171626496,190840832,,,,,,,,2.899500075727701,,
1791270970.4235678,418148,frontend_frame,699,0,18596,22,8,119514112,184549376,171626496,190840832,,,,,,,,,,
1791270970.7615225,418148,tracking_feedback_accumulate,700,,18596,,,123428864,184549376,171626496,190840832,,,,,,,,2.863700035959482,,
1791270970.7666914,418148,frontend_frame,700,0,18596,22,8,123827200,159383552,171626496,190840832,,,,,,,,,,
1791270971.097148,418148,tracking_feedback_accumulate,701,,18596,,,127823872,184549376,171626496,190840832,,,,,,,,2.825800096616149,,
1791270971.1016593,418148,frontend_frame,701,0,18596,22,8,119434240,184549376,171626496,190840832,,,,,,,,,,
1791270971.5123196,418148,tracking_feedback_accumulate,702,,18596,,,123512832,184549376,171626496,190840832,,,,,,,,2.9748999513685703,,
1791270971.5178275,418148,frontend_frame,702,0,18596,22,8,123911168,184549376,171626496,190840832,,,,,,,,,,
1791270971.817142,418148,tracking_feedback_accumulate,703,,18596,,,127825920,184549376,171626496,190840832,,,,,,,,2.9670000076293945,,
1791270971.821408,418148,frontend_frame,703,0,18596,22,8,128224256,184549376,171626496,190840832,,,,,,,,,,
1791270972.081998,418148,tracking_feedback_accumulate,704,,18596,,,119202816,184549376,171626496,190840832,,,,,,,,2.6718999724835157,,
1791270972.0865405,418148,frontend_frame,704,0,18596,22,8,119601152,184549376,171626496,190840832,,,,,,,,,,
1791270972.4765701,418148,tracking_feedback_accumulate,705,,18596,,,123433984,184549376,171626496,190840832,,,,,,,,2.8295000083744526,,
1791270972.4816008,418148,frontend_frame,705,0,18596,22,8,123832320,184549376,171626496,190840832,,,,,,,,,,
1791270972.8359454,418148,tracking_feedback_accumulate,706,,18596,,,127910912,184549376,171626496,190840832,,,,,,,,3.3992999233305454,,
1791270972.8411832,418148,frontend_frame,706,0,18596,22,8,119521280,184549376,171626496,190840832,,,,,,,,,,
1791270973.108096,418148,tracking_feedback_accumulate,707,,18596,,,123436032,184549376,171626496,190840832,,,,,,,,2.9100999236106873,,
1791270973.114109,418148,frontend_frame,707,0,18596,22,8,123834368,184549376,171626496,190840832,,,,,,,,,,
1791270973.4011848,418148,tracking_feedback_accumulate,708,,18596,,,127912960,184549376,171626496,190840832,,,,,,,,2.94560007750988,,
1791270973.4056919,418148,frontend_frame,708,0,18596,22,8,128311296,184549376,171626496,190840832,,,,,,,,,,
1791270973.6813824,418148,tracking_feedback_accumulate,709,,18596,,,119126016,184549376,171626496,190840832,,,,,,,,2.899899845942855,,
1791270973.686936,418148,frontend_frame,709,0,18596,22,8,119524352,184549376,171626496,190840832,,,,,,,,,,
1791270974.0661938,418148,tracking_feedback_accumulate,710,,18596,,,123521024,184549376,171626496,190840832,,,,,,,,3.1834000255912542,,
1791270974.0717173,418148,frontend_frame,710,0,18596,22,8,123919360,159383552,171626496,190840832,,,,,,,,,,
1791270974.5057929,418148,tracking_feedback_accumulate,711,,18596,,,119046144,184549376,171626496,190840832,,,,,,,,4.419800126925111,,
1791270974.510341,418148,frontend_frame,711,0,18596,22,8,119444480,184549376,171626496,190840832,,,,,,,,,,
1791270974.867573,418148,tracking_feedback_accumulate,712,,18596,,,123441152,184549376,171626496,190840832,,,,,,,,2.573800040408969,,
1791270974.872303,418148,frontend_frame,712,0,18596,22,8,123839488,184549376,171626496,190840832,,,,,,,,,,
1791270975.253111,418148,tracking_feedback_accumulate,713,,18596,,,127918080,184549376,171626496,190840832,,,,,,,,3.410299774259329,,
1791270975.259353,418148,frontend_frame,713,0,18596,22,8,119528448,184549376,171626496,190840832,,,,,,,,,,
1791270975.6067488,418148,tracking_feedback_accumulate,714,,18596,,,123443200,184549376,171626496,190840832,,,,,,,,3.620400093495846,,
1791270975.6120226,418148,frontend_frame,714,0,18596,22,8,123841536,184549376,171626496,190840832,,,,,,,,,,
1791270975.9055514,418148,tracking_feedback_accumulate,715,,18596,,,127920128,184549376,171626496,190840832,,,,,,,,3.5062001552432775,,
1791270975.911234,418148,frontend_frame,715,0,18596,22,8,128318464,184549376,171626496,190840832,,,,,,,,,,
1791270976.2715352,418148,tracking_feedback_accumulate,716,,18596,,,119133184,184549376,171626496,190840832,,,,,,,,3.459800034761429,,
1791270976.281064,418148,frontend_frame,716,0,18596,22,8,119531520,184549376,171626496,190840832,,,,,,,,,,
1791270976.59689,418148,tracking_feedback_accumulate,717,,18596,,,123528192,184549376,171626496,190840832,,,,,,,,2.983399899676442,,
1791270976.6017075,418148,frontend_frame,717,0,18596,22,8,123926528,184549376,171626496,190840832,,,,,,,,,,
1791270976.9474168,418148,tracking_feedback_accumulate,718,,18596,,,127923200,184549376,171626496,190840832,,,,,,,,2.7966999914497137,,
1791270976.95296,418148,frontend_frame,718,0,18596,22,8,119533568,184549376,171626496,190840832,,,,,,,,,,
1791270977.241534,418148,tracking_feedback_accumulate,719,,18596,,,123448320,184549376,171626496,190840832,,,,,,,,3.001099918037653,,
1791270977.2465339,418148,frontend_frame,719,0,18596,22,8,123846656,184549376,171626496,190840832,,,,,,,,,,
1791270977.6015024,418148,tracking_feedback_accumulate,720,,18596,,,127843328,184549376,171626496,190840832,,,,,,,,2.9085001442581415,,
1791270977.6070104,418148,frontend_frame,720,0,18596,22,8,128241664,163577856,171626496,190840832,,,,,,,,,,
1791270977.8844743,418148,tracking_feedback_accumulate,721,,18596,,,119138304,184549376,171626496,190840832,,,,,,,,2.801699796691537,,
1791270977.8905234,418148,frontend_frame,721,0,18596,22,8,119536640,184549376,171626496,190840832,,,,,,,,,,
1791270978.2641685,418148,tracking_feedback_accumulate,722,,18596,,,123451392,184549376,171626496,190840832,,,,,,,,2.909500151872635,,
1791270978.2696722,418148,frontend_frame,722,0,18596,22,8,123849728,184549376,171626496,190840832,,,,,,,,,,
1791270978.5982687,418148,tracking_feedback_accumulate,723,,18596,,,127928320,184549376,171626496,190840832,,,,,,,,2.6997998356819153,,
1791270978.603495,418148,frontend_frame,723,0,18596,22,8,119538688,184549376,171626496,190840832,,,,,,,,,,
1791270978.9279385,418148,tracking_feedback_accumulate,724,,18596,,,123453440,184549376,171626496,190840832,,,,,,,,3.1304999720305204,,
1791270978.9321327,418148,frontend_frame,724,0,18596,22,8,123851776,184549376,171626496,190840832,,,,,,,,,,
1791270979.171626,418148,tracking_feedback_accumulate,725,,18596,,,127930368,184549376,171626496,190840832,,,,,,,,2.8499001637101173,,
1791270979.1762714,418148,frontend_frame,725,0,18596,22,8,128328704,184549376,171626496,190840832,,,,,,,,,,
1791270979.5238814,418148,tracking_feedback_accumulate,726,,18596,,,119143424,184549376,171626496,190840832,,,,,,,,2.9436000622808933,,
1791270979.5745437,418148,frontend_frame,726,0,18596,23,8,123537408,184549376,171626496,190840832,,,,,,,,,,
1791270990.4494445,418148,tracking_feedback_accumulate,727,,18357,,,127439872,184549376,171626496,190840832,,,,,,,,2.9629000928252935,,
1791270990.455143,418148,frontend_frame,727,0,18357,23,8,127781376,184549376,171626496,190840832,,,,,,,,,,
1791270990.85883,418148,tracking_feedback_accumulate,728,,18357,,,123044352,205520896,171626496,205520896,,,,,,,,2.719599986448884,,
1791270990.8645475,418148,frontend_frame,728,0,18357,23,8,123388416,205520896,171626496,205520896,,,,,,,,,,
1791270991.1834059,418148,tracking_feedback_accumulate,729,,18357,,,127467008,205520896,171626496,205520896,,,,,,,,2.563500078395009,,
1791270991.1884048,418148,frontend_frame,729,0,18357,23,8,127811072,205520896,171626496,205520896,,,,,,,,,,
1791270991.5262632,418148,tracking_feedback_accumulate,730,,18357,,,131725824,205520896,173109760,205520896,,,,,,,,2.9802999924868345,,
1791270991.5319593,418148,frontend_frame,730,0,18357,23,8,123390464,159383552,173109760,205520896,,,,,,,,,,
1791270991.9529746,418148,tracking_feedback_accumulate,731,,18357,,,127469056,180355072,173109760,205520896,,,,,,,,2.948499983176589,,
1791270991.9579728,418148,frontend_frame,731,0,18357,23,8,127813632,180355072,173109760,205520896,,,,,,,,,,
1791270992.174581,418148,tracking_feedback_accumulate,732,,18357,,,131728384,205520896,173112320,205520896,,,,,,,,3.0652000568807125,,
1791270992.1795805,418148,frontend_frame,732,0,18357,23,8,132072448,205520896,173112320,205520896,,,,,,,,,,
1791270992.4323764,418148,tracking_feedback_accumulate,733,,18357,,,123131904,205520896,173112320,205520896,,,,,,,,2.997600007802248,,
1791270992.437882,418148,frontend_frame,733,0,18357,23,8,123475968,205520896,173112320,205520896,,,,,,,,,,
1791270992.7694464,418148,tracking_feedback_accumulate,734,,18357,,,127472640,205520896,173112320,205520896,,,,,,,,2.758100163191557,,
1791270992.7747812,418148,frontend_frame,734,0,18357,23,8,127816704,205520896,173112320,205520896,,,,,,,,,,
1791270993.0396764,418148,tracking_feedback_accumulate,735,,18357,,,131813376,205520896,173112320,205520896,,,,,,,,3.5905998665839434,,
1791270993.0443716,418148,frontend_frame,735,0,18357,23,8,123478016,205520896,173112320,205520896,,,,,,,,,,
1791270993.412718,418148,tracking_feedback_accumulate,736,,18357,,,127474688,205520896,173112320,205520896,,,,,,,,3.2671999651938677,,
1791270993.4178483,418148,frontend_frame,736,0,18357,23,8,127818752,205520896,173112320,205520896,,,,,,,,,,
1791270993.8606775,418148,tracking_feedback_accumulate,737,,18357,,,131815424,205520896,173112320,205520896,,,,,,,,3.0896998941898346,,
1791270993.866254,418148,frontend_frame,737,0,18357,23,8,123480064,205520896,173112320,205520896,,,,,,,,,,
1791270994.178153,418148,tracking_feedback_accumulate,738,,18357,,,127394816,205520896,173112320,205520896,,,,,,,,2.9533999040722847,,
1791270994.1833553,418148,frontend_frame,738,0,18357,23,8,127738880,205520896,173112320,205520896,,,,,,,,,,
1791270994.4994652,418148,tracking_feedback_accumulate,739,,18357,,,131899392,205520896,173112320,205520896,,,,,,,,2.895000157877803,,
1791270994.5041482,418148,frontend_frame,739,0,18357,23,8,132243456,205520896,173112320,205520896,,,,,,,,,,
1791270994.8987622,418148,tracking_feedback_accumulate,740,,18357,,,127396864,205520896,173112320,205520896,,,,,,,,2.885499969124794,,
1791270994.9029603,418148,frontend_frame,740,0,18357,23,8,127740928,163577856,173112320,205520896,,,,,,,,,,
1791270995.2467475,418148,tracking_feedback_accumulate,741,,18357,,,131819520,184549376,173112320,205520896,,,,,,,,2.9006998520344496,,
1791270995.2517614,418148,frontend_frame,741,0,18357,23,8,132163584,184549376,173112320,205520896,,,,,,,,,,
1791270995.6347163,418148,tracking_feedback_accumulate,742,,18357,,,136160256,188743680,176291840,205520896,,,,,,,,2.5565000250935555,,
1791270995.6402552,418148,frontend_frame,742,0,18357,23,8,127824896,188743680,176291840,205520896,,,,,,,,,,
1791270995.9730794,418148,tracking_feedback_accumulate,743,,18357,,,131739648,209715200,176291840,209715200,,,,,,,,2.9724999330937862,,
1791270995.9780934,418148,frontend_frame,743,0,18357,23,8,132083712,209715200,176291840,209715200,,,,,,,,,,
1791270996.294356,418148,tracking_feedback_accumulate,744,,18357,,,136244224,209715200,176293888,209715200,,,,,,,,3.5937000066041946,,
1791270996.2983553,418148,frontend_frame,744,0,18357,23,8,136588288,209715200,176293888,209715200,,,,,,,,,,
1791270996.6650639,418148,tracking_feedback_accumulate,745,,18357,,,127401984,209715200,176293888,209715200,,,,,,,,2.9533999040722847,,
1791270996.6695693,418148,frontend_frame,745,0,18357,23,8,127746048,209715200,176293888,209715200,,,,,,,,,,
1791270996.9343553,418148,tracking_feedback_accumulate,746,,18357,,,131824640,209715200,176293888,209715200,,,,,,,,2.9243999160826206,,
1791270996.938861,418148,frontend_frame,746,0,18357,23,8,132168704,209715200,176293888,209715200,,,,,,,,,,
1791270997.2786188,418148,tracking_feedback_accumulate,747,,18357,,,136083456,209715200,176296960,209715200,,,,,,,,3.2725001219660044,,
1791270997.2833374,418148,frontend_frame,747,0,18357,23,8,127748096,209715200,176296960,209715200,,,,,,,,,,
1791270997.5320294,418148,tracking_feedback_accumulate,748,,18357,,,131908608,209715200,176296960,209715200,,,,,,,,2.9468999709933996,,
1791270997.5370328,418148,frontend_frame,748,0,18357,23,8,132252672,209715200,176296960,209715200,,,,,,,,,,
1791270997.9270642,418148,tracking_feedback_accumulate,749,,18357,,,136085504,209715200,177469440,209715200,,,,,,,,3.4638000652194023,,
1791270997.9322684,418148,frontend_frame,749,0,18357,23,8,136429568,209715200,177469440,209715200,,,,,,,,,,
1791270998.2616882,418148,tracking_feedback_accumulate,750,,18357,,,123149312,209715200,177469440,209715200,,,,,,,,3.649200079962611,,
1791270998.2671971,418148,frontend_frame,750,0,18357,23,8,123493376,159383552,177469440,209715200,,,,,,,,,,
1791270998.5109744,418148,tracking_feedback_accumulate,751,,18357,,,127408128,180355072,177469440,209715200,,,,,,,,3.2974998466670513,,
1791270998.5149777,418148,frontend_frame,751,0,18357,23,8,127752192,180355072,177469440,209715200,,,,,,,,,,
1791270998.8289025,418148,tracking_feedback_accumulate,752,,18357,,,131748864,184549376,177469440,209715200,,,,,,,,3.491500159725547,,
1791270998.8341484,418148,frontend_frame,752,0,18357,23,8,123413504,184549376,177469440,209715200,,,,,,,,,,
1791270999.1002233,418148,tracking_feedback_accumulate,753,,18357,,,127492096,184549376,177469440,209715200,,,,,,,,2.941699931398034,,
1791270999.1501245,418148,frontend_frame,753,0,18357,24,8,131831808,184549376,177469440,209715200,,,,,,,,,,
1791271010.233239,418148,tracking_feedback_accumulate,754,,18488,,,135757824,205520896,177469440,209715200,,,,,,,,2.9931000899523497,,
1791271010.2398274,418148,frontend_frame,754,0,18488,24,8,127453184,205520896,177469440,209715200,,,,,,,,,,
1791271010.6027768,418148,tracking_feedback_accumulate,755,,18488,,,131531776,205520896,177469440,209715200,,,,,,,,2.5125001557171345,,
1791271010.6092849,418148,frontend_frame,755,0,18488,24,8,131906048,205520896,177469440,209715200,,,,,,,,,,
1791271010.9597046,418148,tracking_feedback_accumulate,756,,18488,,,135902720,205520896,177469440,209715200,,,,,,,,3.3112000674009323,,
1791271010.96422,418148,frontend_frame,756,0,18488,24,8,136276992,207618048,177469440,209715200,,,,,,,,,,
1791271011.3307114,418148,tracking_feedback_accumulate,757,,18488,,,127081984,207618048,177469440,209715200,,,,,,,,2.9027999844402075,,
1791271011.3352542,418148,frontend_frame,757,0,18488,24,8,127456256,207618048,177469440,209715200,,,,,,,,,,
1791271011.700473,418148,tracking_feedback_accumulate,758,,18488,,,131452928,207618048,177469440,209715200,,,,,,,,2.8305999003350735,,
1791271011.7051399,418148,frontend_frame,758,0,18488,24,8,131827712,207618048,177469440,209715200,,,,,,,,,,
1791271012.0536182,418148,tracking_feedback_accumulate,759,,18488,,,135906304,207618048,177469440,209715200,,,,,,,,2.579999854788184,,
1791271012.0596292,418148,frontend_frame,759,0,18488,24,8,127540736,207618048,177469440,209715200,,,,,,,,,,
1791271012.4354973,418148,tracking_feedback_accumulate,760,,18488,,,131537408,207618048,177469440,209715200,,,,,,,,2.87910015322268,,
1791271012.4411833,418148,frontend_frame,760,0,18488,24,8,131911680,159383552,177469440,209715200,,,,,,,,,,
1791271012.8031774,418148,tracking_feedback_accumulate,761,,18488,,,135908352,205520896,177469440,209715200,,,,,,,,2.8476000297814608,,
1791271012.8096876,418148,frontend_frame,761,0,18488,24,8,136282624,207618048,177469440,209715200,,,,,,,,,,
1791271013.151231,418148,tracking_feedback_accumulate,762,,18488,,,127169536,207618048,177469440,209715200,,,,,,,,2.8609000146389008,,
1791271013.1562343,418148,frontend_frame,762,0,18488,24,8,127543808,207618048,177469440,209715200,,,,,,,,,,
1791271013.538017,418148,tracking_feedback_accumulate,763,,18488,,,131458560,207618048,177469440,209715200,,,,,,,,2.8679000679403543,,
1791271013.5432475,418148,frontend_frame,763,0,18488,24,8,131832832,207618048,177469440,209715200,,,,,,,,,,
1791271013.9019327,418148,tracking_feedback_accumulate,764,,18488,,,135993344,207618048,177469440,209715200,,,,,,,,2.7846000157296658,,
1791271013.906933,418148,frontend_frame,764,0,18488,24,8,127627776,207618048,177469440,209715200,,,,,,,,,,
1791271014.179423,418148,tracking_feedback_accumulate,765,,18488,,,131460608,207618048,177469440,209715200,,,,,,,,3.3138999715447426,,
1791271014.1840851,418148,frontend_frame,765,0,18488,24,8,131834880,207618048,177469440,209715200,,,,,,,,,,
1791271014.419604,418148,tracking_feedback_accumulate,766,,18488,,,135995392,207618048,177469440,209715200,,,,,,,,2.741799922659993,,
1791271014.424649,418148,frontend_frame,766,0,18488,24,8,127629824,207618048,177469440,209715200,,,,,,,,,,
1791271014.7510474,418148,tracking_feedback_accumulate,767,,18488,,,131462656,207618048,177469440,209715200,,,,,,,,2.6595001108944416,,
1791271014.7557373,418148,frontend_frame,767,0,18488,24,8,131836928,207618048,177469440,209715200,,,,,,,,,,
1791271015.0214014,418148,tracking_feedback_accumulate,768,,18488,,,135997440,207618048,177469440,209715200,,,,,,,,2.7666999958455563,,
1791271015.026438,418148,frontend_frame,768,0,18488,24,8,136371712,207618048,177469440,209715200,,,,,,,,,,
1791271015.4095721,418148,tracking_feedback_accumulate,769,,18488,,,131464704,207618048,177469440,209715200,,,,,,,,2.9044998809695244,,
1791271015.414589,418148,frontend_frame,769,0,18488,24,8,131838976,207618048,177469440,209715200,,,,,,,,,,
1791271015.731408,418148,tracking_feedback_accumulate,770,,18488,,,135835648,207618048,177469440,209715200,,,,,,,,3.2546999864280224,,
1791271015.7364075,418148,frontend_frame,770,0,18488,24,8,136209920,163577856,177469440,209715200,,,,,,,,,,
1791271016.0881343,418148,tracking_feedback_accumulate,771,,18488,,,140288512,209715200,180748288,209715200,,,,,,,,3.1385000329464674,,
1791271016.0936587,418148,frontend_frame,771,0,18488,24,8,131922944,209715200,180748288,209715200,,,,,,,,,,
1791271016.512651,418148,tracking_feedback_accumulate,772,,18488,,,135837696,209715200,180748288,209715200,,,,,,,,3.0944000463932753,,
1791271016.5171525,418148,frontend_frame,772,0,18488,24,8,136211968,209715200,180748288,209715200,,,,,,,,,,
1791271016.8635917,418148,tracking_feedback_accumulate,773,,18488,,,140372480,209715200,180750336,209715200,,,,,,,,3.7344000302255154,,
1791271016.8680952,418148,frontend_frame,773,0,18488,24,8,140746752,211812352,180750336,211812352,,,,,,,,,,
1791271017.2224014,418148,tracking_feedback_accumulate,774,,18488,,,131469824,211812352,180750336,211812352,,,,,,,,2.850899938493967,,
1791271017.2279615,418148,frontend_frame,774,0,18488,24,8,131844096,211812352,180750336,211812352,,,,,,,,,,
1791271017.5445125,418148,tracking_feedback_accumulate,775,,18488,,,135922688,211812352,180750336,211812352,,,,,,,,2.794999862089753,,
1791271017.549513,418148,frontend_frame,775,0,18488,24,8,136296960,211812352,180750336,211812352,,,,,,,,,,
1791271017.877957,418148,tracking_feedback_accumulate,776,,18488,,,140211712,211812352,180753408,211812352,,,,,,,,2.7730001602321863,,
1791271017.8835342,418148,frontend_frame,776,0,18488,24,8,131846144,211812352,180753408,211812352,,,,,,,,,,
1791271018.2417,418148,tracking_feedback_accumulate,777,,18488,,,135842816,211812352,180753408,211812352,,,,,,,,2.8958001639693975,,
1791271018.2462058,418148,frontend_frame,777,0,18488,24,8,136217088,211812352,180753408,211812352,,,,,,,,,,
1791271018.5847747,418148,tracking_feedback_accumulate,778,,18488,,,140295680,211812352,180755456,211812352,,,,,,,,3.285899991169572,,
1791271018.5897746,418148,frontend_frame,778,0,18488,24,8,140669952,211812352,180755456,211812352,,,,,,,,,,
1791271018.8870754,418148,tracking_feedback_accumulate,779,,18488,,,127186944,211812352,180755456,211812352,,,,,,,,2.959800185635686,,
1791271018.8921046,418148,frontend_frame,779,0,18488,24,8,127561216,211812352,180755456,211812352,,,,,,,,,,
1791271019.247453,418148,tracking_feedback_accumulate,780,,18488,,,131475968,211812352,180755456,211812352,,,,,,,,2.851900178939104,,
1791271019.2531643,418148,frontend_frame,780,0,18488,24,8,131850240,159383552,180755456,211812352,,,,,,,,,,
1791271019.5220973,418148,tracking_feedback_accumulate,781,,18488,,,136010752,205520896,180755456,211812352,,,,,,,,2.8019000310450792,,
1791271019.5744221,418148,frontend_frame,781,0,18488,25,8,131640832,205520896,180755456,211812352,,,,,,,,,,
1791271030.614227,418148,tracking_feedback_accumulate,782,,18799,,,135494656,205520896,180755456,211812352,,,,,,,,2.9383001383394003,,
1791271030.6177325,418148,frontend_frame,782,0,18799,25,8,135941632,205520896,180755456,211812352,,,,,,,,,,
1791271030.9170494,418148,tracking_feedback_accumulate,783,,18799,,,140020224,205520896,180755456,211812352,,,,,,,,2.8379999566823244,,
1791271030.9227648,418148,frontend_frame,783,0,18799,25,8,131654656,205520896,180755456,211812352,,,,,,,,,,
1791271031.2925005,418148,tracking_feedback_accumulate,784,,18799,,,135651328,205520896,180755456,211812352,,,,,,,,3.0563001055270433,,
1791271031.298012,418148,frontend_frame,784,0,18799,25,8,136096256,205520896,180755456,211812352,,,,,,,,,,
1791271031.6743238,418148,tracking_feedback_accumulate,785,,18799,,,140092928,205520896,180755456,211812352,,,,,,,,2.9412000440061092,,
1791271031.6803327,418148,frontend_frame,785,0,18799,25,8,140537856,207618048,180755456,211812352,,,,,,,,,,
1791271031.9864638,418148,tracking_feedback_accumulate,786,,18799,,,131130880,207618048,180755456,211812352,,,,,,,,2.923599909991026,,
1791271031.9915285,418148,frontend_frame,786,0,18799,25,8,131576320,207618048,180755456,211812352,,,,,,,,,,
1791271032.291122,418148,tracking_feedback_accumulate,787,,18799,,,135736832,207618048,180755456,211812352,,,,,,,,2.9939000960439444,,
1791271032.2961264,418148,frontend_frame,787,0,18799,25,8,136181760,207618048,180755456,211812352,,,,,,,,,,
1791271032.6433816,418148,tracking_feedback_accumulate,788,,18799,,,131133440,207618048,181203456,211812352,,,,,,,,2.7692001312971115,,
1791271032.647891,418148,frontend_frame,788,0,18799,25,8,131578368,207618048,181203456,211812352,,,,,,,,,,
1791271033.0377035,418148,tracking_feedback_accumulate,789,,18799,,,135656960,207618048,181203456,211812352,,,,,,,,2.8132000006735325,,
1791271033.0432234,418148,frontend_frame,789,0,18799,25,8,136101888,207618048,181203456,211812352,,,,,,,,,,
1791271033.3830705,418148,tracking_feedback_accumulate,790,,18799,,,140016640,207618048,181205504,211812352,,,,,,,,3.4284000284969807,,
1791271033.3885794,418148,frontend_frame,790,0,18799,25,8,131580416,161480704,181205504,211812352,,,,,,,,,,
1791271033.6226323,418148,tracking_feedback_accumulate,791,,18799,,,135659008,203423744,181205504,211812352,,,,,,,,2.873399993404746,,
1791271033.6281376,418148,frontend_frame,791,0,18799,25,8,136103936,203423744,181205504,211812352,,,,,,,,,,
1791271033.982996,418148,tracking_feedback_accumulate,792,,18799,,,140018688,205520896,181205504,211812352,,,,,,,,3.777500009164214,,
1791271033.9879951,418148,frontend_frame,792,0,18799,25,8,140463616,207618048,181205504,211812352,,,,,,,,,,
1791271034.3051817,418148,tracking_feedback_accumulate,793,,18799,,,131138560,207618048,181205504,211812352,,,,,,,,2.8788000345230103,,
1791271034.311354,418148,frontend_frame,793,0,18799,25,8,131583488,207618048,181205504,211812352,,,,,,,,,,
1791271034.6631014,418148,tracking_feedback_accumulate,794,,18799,,,135662080,207618048,181205504,211812352,,,,,,,,2.803900046274066,,
1791271034.6681006,418148,frontend_frame,794,0,18799,25,8,136107008,207618048,181205504,211812352,,,,,,,,,,
1791271035.0329194,418148,tracking_feedback_accumulate,795,,18799,,,140021760,207618048,181205504,211812352,,,,,,,,3.975900122895837,,
1791271035.0379226,418148,frontend_frame,795,0,18799,25,8,131585536,207618048,181205504,211812352,,,,,,,,,,
1791271035.3186255,418148,tracking_feedback_accumulate,796,,18799,,,135582208,207618048,181205504,211812352,,,,,,,,2.8766999021172523,,
1791271035.3236768,418148,frontend_frame,796,0,18799,25,8,136027136,207618048,181205504,211812352,,,,,,,,,,
1791271035.6396413,418148,tracking_feedback_accumulate,797,,18799,,,140105728,207618048,181205504,211812352,,,,,,,,3.0129000078886747,,
1791271035.6451893,418148,frontend_frame,797,0,18799,25,8,140550656,207618048,181205504,211812352,,,,,,,,,,
1791271035.9993775,418148,tracking_feedback_accumulate,798,,18799,,,131225600,207618048,181205504,211812352,,,,,,,,3.0845000874251127,,
1791271036.0033884,418148,frontend_frame,798,0,18799,25,8,131670528,207618048,181205504,211812352,,,,,,,,,,
1791271036.281595,418148,tracking_feedback_accumulate,799,,18799,,,135585280,207618048,181205504,211812352,,,,,,,,3.1215001363307238,,
1791271036.2865949,418148,frontend_frame,799,0,18799,25,8,136030208,207618048,181205504,211812352,,,,,,,,,,
1791271036.5681233,418148,tracking_feedback_accumulate,800,,18799,,,140190720,207618048,181205504,211812352,,,,,,,,3.398899920284748,,
1791271036.574693,418148,frontend_frame,800,0,18799,25,8,131754496,182452224,181205504,211812352,,,,,,,,,,
1791271036.8298051,418148,tracking_feedback_accumulate,801,,18799,,,135587328,203423744,181205504,211812352,,,,,,,,2.804399933665991,,
1791271036.8363154,418148,frontend_frame,801,0,18799,25,8,136032256,203423744,181205504,211812352,,,,,,,,,,
1791271037.1081939,418148,tracking_feedback_accumulate,802,,18799,,,140110848,205520896,181205504,211812352,,,,,,,,3.096099942922592,,
1791271037.113393,418148,frontend_frame,802,0,18799,25,8,140555776,207618048,181205504,211812352,,,,,,,,,,
1791271037.556966,418148,tracking_feedback_accumulate,803,,18799,,,131148800,207618048,181205504,211812352,,,,,,,,2.9422000516206026,,
1791271037.5613408,418148,frontend_frame,803,0,18799,25,8,131593728,207618048,181205504,211812352,,,,,,,,,,
1791271037.896821,418148,tracking_feedback_accumulate,804,,18799,,,135590400,207618048,181205504,211812352,,,,,,,,2.9865000396966934,,
1791271037.9020743,418148,frontend_frame,804,0,18799,25,8,136035328,207618048,181205504,211812352,,,,,,,,,,
1791271038.1705065,418148,tracking_feedback_accumulate,805,,18799,,,131232768,207618048,181205504,211812352,,,,,,,,3.2865998800843954,,
1791271038.1746962,418148,frontend_frame,805,0,18799,25,8,131677696,207618048,181205504,211812352,,,,,,,,,,
1791271038.545415,418148,tracking_feedback_accumulate,806,,18799,,,135674368,207618048,181205504,211812352,,,,,,,,2.871100092306733,,
1791271038.5510812,418148,frontend_frame,806,0,18799,25,8,136119296,207618048,181205504,211812352,,,,,,,,,,
1791271038.9052563,418148,tracking_feedback_accumulate,807,,18799,,,140115968,207618048,181205504,211812352,,,,,,,,3.4411000087857246,,
1791271038.9570193,418148,frontend_frame,807,0,18799,26,8,135675392,207618048,181205504,211812352,,,,,,,,,,
1791271049.9160407,418148,tracking_feedback_accumulate,808,,19178,,,139699712,207618048,181278720,211812352,,,,,,,,3.1973000150173903,,
1791271049.9205468,418148,frontend_frame,808,0,19178,26,8,140237824,207618048,181278720,211812352,,,,,,,,,,
1791271050.2495396,418148,tracking_feedback_accumulate,809,,19178,,,144152576,207618048,185837568,211812352,,,,,,,,3.6295000463724136,,
1791271050.2552443,418148,frontend_frame,809,0,19178,26,8,144688128,207618048,185837568,211812352,,,,,,,,,,
1791271050.5904205,418148,tracking_feedback_accumulate,810,,19178,,,135181824,207618048,185837568,211812352,,,,,,,,2.7840000111609697,,
1791271050.5956202,418148,frontend_frame,810,0,19178,26,8,135717376,159383552,185837568,211812352,,,,,,,,,,
1791271050.8820188,418148,tracking_feedback_accumulate,811,,19178,,,139795968,203423744,185837568,211812352,,,,,,,,3.0372999608516693,,
1791271050.8860173,418148,frontend_frame,811,0,19178,26,8,140331520,203423744,185837568,211812352,,,,,,,,,,
1791271051.2141027,418148,tracking_feedback_accumulate,812,,19178,,,144246272,207618048,185931264,211812352,,,,,,,,2.8930997941643,,
1791271051.2181256,418148,frontend_frame,812,0,19178,26,8,135719936,207618048,185931264,211812352,,,,,,,,,,
1791271051.611005,418148,tracking_feedback_accumulate,813,,19178,,,139798528,207618048,185931264,211812352,,,,,,,,2.606899943202734,,
1791271051.6150093,418148,frontend_frame,813,0,19178,26,8,140334080,207618048,185931264,211812352,,,,,,,,,,
1791271051.835757,418148,tracking_feedback_accumulate,814,,19178,,,144330752,207618048,185933824,211812352,,,,,,,,2.7302999515086412,,
1791271051.8402598,418148,frontend_frame,814,0,19178,26,8,144866304,207618048,185933824,211812352,,,,,,,,,,
1791271052.13513,418148,tracking_feedback_accumulate,815,,19178,,,135269376,207618048,185933824,211812352,,,,,,,,3.5317998845130205,,
1791271052.1401372,418148,frontend_frame,815,0,19178,26,8,135804928,207618048,185933824,211812352,,,,,,,,,,
1791271052.4454308,418148,tracking_feedback_accumulate,816,,19178,,,139801600,207618048,185933824,211812352,,,,,,,,2.774300053715706,,
1791271052.4494777,418148,frontend_frame,816,0,19178,26,8,140337152,207618048,185933824,211812352,,,,,,,,,,
1791271052.7188327,418148,tracking_feedback_accumulate,817,,19178,,,144333824,207618048,185936896,211812352,,,,,,,,3.4255001228302717,,
1791271052.7243721,418148,frontend_frame,817,0,19178,26,8,135806976,207618048,185936896,211812352,,,,,,,,,,
1791271052.9870749,418148,tracking_feedback_accumulate,818,,19178,,,139803648,207618048,185936896,211812352,,,,,,,,2.8736998792737722,,
1791271052.9923239,418148,frontend_frame,818,0,19178,26,8,140339200,207618048,185936896,211812352,,,,,,,,,,
1791271053.3540921,418148,tracking_feedback_accumulate,819,,19178,,,144335872,207618048,185938944,211812352,,,,,,,,3.501000115647912,,
1791271053.3606255,418148,frontend_frame,819,0,19178,26,8,144871424,207618048,185938944,211812352,,,,,,,,,,
1791271053.7719338,418148,tracking_feedback_accumulate,820,,19178,,,135274496,207618048,185938944,211812352,,,,,,,,2.9025000985711813,,
1791271053.7774405,418148,frontend_frame,820,0,19178,26,8,135810048,161480704,185938944,211812352,,,,,,,,,,
1791271054.1581647,418148,tracking_feedback_accumulate,821,,19178,,,139806720,203423744,185938944,211812352,,,,,,,,3.0466001480817795,,
1791271054.1638608,418148,frontend_frame,821,0,19178,26,8,140342272,203423744,185938944,211812352,,,,,,,,,,
1791271054.5103467,418148,tracking_feedback_accumulate,822,,19178,,,135276544,205520896,185938944,211812352,,,,,,,,2.8105999808758497,,
1791271054.5150645,418148,frontend_frame,822,0,19178,26,8,135812096,205520896,185938944,211812352,,,,,,,,,,
1791271054.8981345,418148,tracking_feedback_accumulate,823,,19178,,,139726848,205520896,185938944,211812352,,,,,,,,2.9154999647289515,,
1791271054.9043624,418148,frontend_frame,823,0,19178,26,8,140262400,205520896,185938944,211812352,,,,,,,,,,
1791271055.0971782,418148,tracking_feedback_accumulate,824,,19178,,,144259072,207618048,185944064,211812352,,,,,,,,2.611699979752302,,
1791271055.1028836,418148,frontend_frame,824,0,19178,26,8,135732224,207618048,185944064,211812352,,,,,,,,,,
1791271055.4779553,418148,tracking_feedback_accumulate,825,,19178,,,139810816,207618048,185944064,211812352,,,,,,,,2.9376999009400606,,
1791271055.4835346,418148,frontend_frame,825,0,19178,26,8,140346368,207618048,185944064,211812352,,,,,,,,,,
1791271055.769387,418148,tracking_feedback_accumulate,826,,19178,,,144343040,207618048,185946112,211812352,,,,,,,,3.1687000300735235,,
1791271055.774517,418148,frontend_frame,826,0,19178,26,8,144878592,207618048,185946112,211812352,,,,,,,,,,
1791271056.095,418148,tracking_feedback_accumulate,827,,19178,,,135281664,207618048,185946112,211812352,,,,,,,,2.8572999872267246,,
1791271056.099515,418148,frontend_frame,827,0,19178,26,8,135817216,207618048,185946112,211812352,,,,,,,,,,
1791271056.4409142,418148,tracking_feedback_accumulate,828,,19178,,,139813888,207618048,185946112,211812352,,,,,,,,2.9742999467998743,,
1791271056.445132,418148,frontend_frame,828,0,19178,26,8,140349440,207618048,185946112,211812352,,,,,,,,,,
1791271056.7803063,418148,tracking_feedback_accumulate,829,,19178,,,144346112,207618048,185949184,211812352,,,,,,,,2.863300032913685,,
1791271056.7850184,418148,frontend_frame,829,0,19178,26,8,135819264,207618048,185949184,211812352,,,,,,,,,,
1791271057.0707793,418148,tracking_feedback_accumulate,830,,19178,,,139734016,207618048,185949184,211812352,,,,,,,,3.328799968585372,,
1791271057.0760417,418148,frontend_frame,830,0,19178,26,8,140269568,161480704,185949184,211812352,,,,,,,,,,
1791271057.4640565,418148,tracking_feedback_accumulate,831,,19178,,,144430080,207618048,185951232,211812352,,,,,,,,2.777599962428212,,
1791271057.5153587,418148,frontend_frame,831,0,19178,27,8,148961280,209715200,185951232,211812352,,,,,,,,,,
1791271068.5906491,418148,tracking_feedback_accumulate,832,,19425,,,139219456,209715200,185951232,211812352,,,,,,,,3.1337998807430267,,
1791271068.5952604,418148,frontend_frame,832,0,19425,27,8,139816960,209715200,185951232,211812352,,,,,,,,,,
1791271068.8720245,418148,tracking_feedback_accumulate,833,,19425,,,143813632,209715200,185951232,211812352,,,,,,,,3.0366999562829733,,
1791271068.877531,418148,frontend_frame,833,0,19425,27,8,144409600,209715200,185951232,211812352,,,,,,,,,,
1791271069.1965873,418148,tracking_feedback_accumulate,834,,19425,,,139304960,209715200,185951232,211812352,,,,,,,,3.1228000298142433,,
1791271069.2013068,418148,frontend_frame,834,0,19425,27,8,139900928,209715200,185951232,211812352,,,,,,,,,,
1791271069.5435212,418148,tracking_feedback_accumulate,835,,19425,,,143815680,209715200,185951232,211812352,,,,,,,,2.8021999169141054,,
1791271069.5485222,418148,frontend_frame,835,0,19425,27,8,144411648,209715200,185951232,211812352,,,,,,,,,,
1791271069.8402324,418148,tracking_feedback_accumulate,836,,19425,,,148408320,209715200,190117888,211812352,,,,,,,,2.8238999657332897,,
1791271069.8464415,418148,frontend_frame,836,0,19425,27,8,139821568,209715200,190117888,211812352,,,,,,,,,,
1791271070.1234655,418148,tracking_feedback_accumulate,837,,19425,,,143900160,209715200,190117888,211812352,,,,,,,,2.933899872004986,,
1791271070.128501,418148,frontend_frame,837,0,19425,27,8,144496128,209715200,190117888,211812352,,,,,,,,,,
1791271070.501356,418148,tracking_feedback_accumulate,838,,19425,,,148410880,209715200,190120448,211812352,,,,,,,,3.158099949359894,,
1791271070.5055902,418148,frontend_frame,838,0,19425,27,8,149006848,209715200,190120448,211812352,,,,,,,,,,
1791271070.812244,418148,tracking_feedback_accumulate,839,,19425,,,139310592,209715200,190120448,211812352,,,,,,,,2.836700063198805,,
1791271070.8172436,418148,frontend_frame,839,0,19425,27,8,139906560,209715200,190120448,211812352,,,,,,,,,,
1791271071.191104,418148,tracking_feedback_accumulate,840,,19425,,,143903232,209715200,190120448,211812352,,,,,,,,2.8848000802099705,,
1791271071.1971083,418148,frontend_frame,840,0,19425,27,8,144499200,182452224,190120448,211812352,,,,,,,,,,
1791271071.4679804,418148,tracking_feedback_accumulate,841,,19425,,,148413952,207618048,190123520,211812352,,,,,,,,3.1495001167058945,,
1791271071.4746172,418148,frontend_frame,841,0,19425,27,8,139826688,207618048,190123520,211812352,,,,,,,,,,
1791271071.8620672,418148,tracking_feedback_accumulate,842,,19425,,,143987200,207618048,190123520,211812352,,,,,,,,2.7985000051558018,,
1791271071.8695743,418148,frontend_frame,842,0,19425,27,8,144583168,207618048,190123520,211812352,,,,,,,,,,
1791271072.2617104,418148,tracking_feedback_accumulate,843,,19425,,,148416000,207618048,190125568,211812352,,,,,,,,2.8478000313043594,,
1791271072.2672675,418148,frontend_frame,843,0,19425,27,8,149011968,209715200,190125568,211812352,,,,,,,,,,
1791271072.6317718,418148,tracking_feedback_accumulate,844,,19425,,,139315712,209715200,190125568,211812352,,,,,,,,2.6442999951541424,,
1791271072.636279,418148,frontend_frame,844,0,19425,27,8,139911680,209715200,190125568,211812352,,,,,,,,,,
1791271072.9995942,418148,tracking_feedback_accumulate,845,,19425,,,143908352,209715200,190125568,211812352,,,,,,,,2.856999868527055,,
1791271073.0052638,418148,frontend_frame,845,0,19425,27,8,144504320,209715200,190125568,211812352,,,,,,,,,,
1791271073.3744864,418148,tracking_feedback_accumulate,846,,19425,,,148419072,209715200,190128640,211812352,,,,,,,,3.3880998380482197,,
1791271073.3795307,418148,frontend_frame,846,0,19425,27,8,139831808,209715200,190128640,211812352,,,,,,,,,,
1791271073.6943002,418148,tracking_feedback_accumulate,847,,19425,,,143992320,209715200,190128640,211812352,,,,,,,,2.8842000756412745,,
1791271073.6998124,418148,frontend_frame,847,0,19425,27,8,144588288,209715200,190128640,211812352,,,,,,,,,,
1791271074.0010142,418148,tracking_feedback_accumulate,848,,19425,,,148421120,209715200,190130688,211812352,,,,,,,,2.8051999397575855,,
1791271074.0070336,418148,frontend_frame,848,0,19425,27,8,139833856,209715200,190130688,211812352,,,,,,,,,,
1791271074.2753391,418148,tracking_feedback_accumulate,849,,19425,,,143830528,209715200,190130688,211812352,,,,,,,,2.8619999065995216,,
1791271074.280348,418148,frontend_frame,849,0,19425,27,8,144426496,209715200,190130688,211812352,,,,,,,,,,
1791271074.6249065,418148,tracking_feedback_accumulate,850,,19425,,,148505088,209715200,190132736,211812352,,,,,,,,3.3989001531153917,,
1791271074.630996,418148,frontend_frame,850,0,19425,27,8,149101056,165675008,190132736,211812352,,,,,,,,,,
1791271074.9487438,418148,tracking_feedback_accumulate,851,,19425,,,143914496,207618048,190132736,211812352,,,,,,,,2.8385999612510204,,
1791271074.9529462,418148,frontend_frame,851,0,19425,27,8,144510464,207618048,190132736,211812352,,,,,,,,,,
1791271075.3074465,418148,tracking_feedback_accumulate,852,,19425,,,148507136,207618048,190134784,211812352,,,,,,,,3.546500112861395,,
1791271075.312392,418148,frontend_frame,852,0,19425,27,8,149103104,209715200,190134784,211812352,,,,,,,,,,
1791271075.6475618,418148,tracking_feedback_accumulate,853,,19425,,,153017856,211812352,194727424,211812352,,,,,,,,2.8311999049037695,,
1791271075.6525786,418148,frontend_frame,853,0,19425,27,8,144430592,211812352,194727424,211812352,,,,,,,,,,
1791271075.9681394,418148,tracking_feedback_accumulate,854,,19425,,,148427264,211812352,194727424,211812352,,,,,,,,2.894599922001362,,
1791271075.9741921,418148,frontend_frame,854,0,19425,27,8,149023232,211812352,194727424,211812352,,,,,,,,,,
1791271076.3590648,418148,tracking_feedback_accumulate,855,,19425,,,153101824,211812352,194729472,211812352,,,,,,,,3.7431998644024134,,
1791271076.3637958,418148,frontend_frame,855,0,19425,27,8,153697792,213909504,194729472,213909504,,,,,,,,,,
1791271076.7768078,418148,tracking_feedback_accumulate,856,,19425,,,143919616,213909504,194729472,213909504,,,,,,,,3.3856001682579517,,
1791271076.7813144,418148,frontend_frame,856,0,19425,27,8,144515584,213909504,194729472,213909504,,,,,,,,,,
1791271077.153443,418148,tracking_feedback_accumulate,857,,19425,,,148430336,213909504,194729472,213909504,,,,,,,,2.8192000463604927,,
1791271077.1604607,418148,frontend_frame,857,0,19425,27,8,149026304,213909504,194729472,213909504,,,,,,,,,,
1791271077.4816675,418148,tracking_feedback_accumulate,858,,19425,,,153022976,213909504,194732544,213909504,,,,,,,,2.7898000553250313,,
1791271077.4867237,418148,frontend_frame,858,0,19425,27,8,144435712,213909504,194732544,213909504,,,,,,,,,,
1791271077.8639748,418148,tracking_feedback_accumulate,859,,19425,,,148514304,213909504,194732544,213909504,,,,,,,,2.8635000344365835,,
1791271077.9142268,418148,frontend_frame,859,0,19425,28,8,153105920,213909504,194732544,213909504,,,,,,,,,,
1791271088.950591,418148,tracking_feedback_accumulate,860,,19665,,,157120000,213909504,198667264,213909504,,,,,,,,2.57690018042922,,
1791271088.9567993,418148,frontend_frame,860,0,19665,28,8,148586496,186646528,198667264,213909504,,,,,,,,,,
1791271089.2903593,418148,tracking_feedback_accumulate,861,,19665,,,152583168,230686720,198667264,230686720,,,,,,,,3.1367000192403793,,
1791271089.2948856,418148,frontend_frame,861,0,19665,28,8,153231360,230686720,198667264,230686720,,,,,,,,,,
1791271089.602718,418148,tracking_feedback_accumulate,862,,19665,,,157146112,234881024,198797312,234881024,,,,,,,,2.9279000591486692,,
1791271089.6087315,418148,frontend_frame,862,0,19665,28,8,157794304,234881024,198797312,234881024,,,,,,,,,,
1791271089.8956227,418148,tracking_feedback_accumulate,863,,19665,,,152503296,234881024,198797312,234881024,,,,,,,,2.8921000193804502,,
1791271089.9001267,418148,frontend_frame,863,0,19665,28,8,153151488,234881024,198797312,234881024,,,,,,,,,,
1791271090.2458868,418148,tracking_feedback_accumulate,864,,19665,,,157230080,234881024,198808576,234881024,,,,,,,,3.0894000083208084,,
1791271090.2503946,418148,frontend_frame,864,0,19665,28,8,157878784,234881024,198808576,234881024,,,,,,,,,,
1791271090.534549,418148,tracking_feedback_accumulate,865,,19665,,,161875456,239075328,203448320,239075328,,,,,,,,2.975399838760495,,
1791271090.5415797,418148,frontend_frame,865,0,19665,28,8,144000512,239075328,203448320,239075328,,,,,,,,,,
1791271090.8530202,418148,tracking_feedback_accumulate,866,,19665,,,147997184,239075328,203448320,239075328,,,,,,,,2.825399860739708,,
1791271090.8580685,418148,frontend_frame,866,0,19665,28,8,148645376,239075328,203448320,239075328,,,,,,,,,,
1791271091.164035,418148,tracking_feedback_accumulate,867,,19665,,,152642048,239075328,203448320,239075328,,,,,,,,2.8783001471310854,,
1791271091.1695535,418148,frontend_frame,867,0,19665,28,8,153290240,239075328,203448320,239075328,,,,,,,,,,
1791271091.518291,418148,tracking_feedback_accumulate,868,,19665,,,143273472,239075328,203448320,239075328,,,,,,,,2.795400097966194,,
1791271091.5234966,418148,frontend_frame,868,0,19665,28,8,143921664,239075328,203448320,239075328,,,,,,,,,,
1791271091.8745315,418148,tracking_feedback_accumulate,869,,19665,,,147918336,239075328,203448320,239075328,,,,,,,,3.245400032028556,,
1791271091.8795311,418148,frontend_frame,869,0,19665,28,8,148566528,239075328,203448320,239075328,,,,,,,,,,
1791271092.167418,418148,tracking_feedback_accumulate,870,,19665,,,152645120,239075328,203448320,239075328,,,,,,,,2.8083999641239643,,
1791271092.1735947,418148,frontend_frame,870,0,19665,28,8,144005632,184549376,203448320,239075328,,,,,,,,,,
1791271092.571296,418148,tracking_feedback_accumulate,871,,19665,,,148002304,205520896,203448320,239075328,,,,,,,,2.8272001072764397,,
1791271092.5763435,418148,frontend_frame,871,0,19665,28,8,148650496,205520896,203448320,239075328,,,,,,,,,,
1791271092.886408,418148,tracking_feedback_accumulate,872,,19665,,,152565248,228589568,203448320,239075328,,,,,,,,2.6845999527722597,,
1791271092.8914287,418148,frontend_frame,872,0,19665,28,8,153213440,230686720,203448320,239075328,,,,,,,,,,
1791271093.2071896,418148,tracking_feedback_accumulate,873,,19665,,,143442432,230686720,203448320,239075328,,,,,,,,2.808599965646863,,
1791271093.2117097,418148,frontend_frame,873,0,19665,28,8,144090624,230686720,203448320,239075328,,,,,,,,,,
1791271093.5602353,418148,tracking_feedback_accumulate,874,,19665,,,147923456,230686720,203448320,239075328,,,,,,,,3.3742000814527273,,
1791271093.5652711,418148,frontend_frame,874,0,19665,28,8,148571648,230686720,203448320,239075328,,,,,,,,,,
1791271093.926402,418148,tracking_feedback_accumulate,875,,19665,,,152732160,230686720,203448320,239075328,,,,,,,,3.6192000843584538,,
1791271093.9311597,418148,frontend_frame,875,0,19665,28,8,144092672,230686720,203448320,239075328,,,,,,,,,,
1791271094.2570665,418148,tracking_feedback_accumulate,876,,19665,,,147925504,230686720,203448320,239075328,,,,,,,,2.6084999553859234,,
1791271094.2622466,418148,frontend_frame,876,0,19665,28,8,148573696,230686720,203448320,239075328,,,,,,,,,,
1791271094.4873395,418148,tracking_feedback_accumulate,877,,19665,,,152652288,230686720,203448320,239075328,,,,,,,,2.7495999820530415,,
1791271094.4930613,418148,frontend_frame,877,0,19665,28,8,144012800,230686720,203448320,239075328,,,,,,,,,,
1791271094.8199804,418148,tracking_feedback_accumulate,878,,19665,,,148009472,230686720,203448320,239075328,,,,,,,,2.615500008687377,,
1791271094.8245099,418148,frontend_frame,878,0,19665,28,8,148657664,230686720,203448320,239075328,,,,,,,,,,
1791271095.066144,418148,tracking_feedback_accumulate,879,,19665,,,152654336,230686720,203448320,239075328,,,,,,,,2.640899969264865,,
1791271095.070226,418148,frontend_frame,879,0,19665,28,8,153302528,230686720,203448320,239075328,,,,,,,,,,
1791271095.4368918,418148,tracking_feedback_accumulate,880,,19665,,,147929600,230686720,203448320,239075328,,,,,,,,3.0640000477433205,,
1791271095.442411,418148,frontend_frame,880,0,19665,28,8,148577792,186646528,203448320,239075328,,,,,,,,,,
1791271095.7865524,418148,tracking_feedback_accumulate,881,,19665,,,152574464,209715200,203448320,239075328,,,,,,,,2.8309000190347433,,
1791271095.7915835,418148,frontend_frame,881,0,19665,28,8,153222656,209715200,203448320,239075328,,,,,,,,,,
1791271096.1012926,418148,tracking_feedback_accumulate,882,,19665,,,157301248,213909504,203448320,239075328,,,,,,,,2.7779999654740095,,
1791271096.106903,418148,frontend_frame,882,0,19665,28,8,148661760,213909504,203448320,239075328,,,,,,,,,,
1791271096.4780607,418148,tracking_feedback_accumulate,883,,19665,,,152576512,234881024,203448320,239075328,,,,,,,,3.316800110042095,,
1791271096.4830737,418148,frontend_frame,883,0,19665,28,8,153224704,234881024,203448320,239075328,,,,,,,,,,
1791271096.8426213,418148,tracking_feedback_accumulate,884,,19665,,,157303296,234881024,203448320,239075328,,,,,,,,2.7814998757094145,,
1791271096.8481288,418148,frontend_frame,884,0,19665,28,8,157951488,234881024,203448320,239075328,,,,,,,,,,
1791271097.187392,418148,tracking_feedback_accumulate,885,,19665,,,148016640,234881024,203448320,239075328,,,,,,,,2.820099936798215,,
1791271097.1910546,418148,frontend_frame,885,0,19665,28,8,148664832,234881024,203448320,239075328,,,,,,,,,,
1791271097.5010998,418148,tracking_feedback_accumulate,886,,19665,,,152661504,234881024,203448320,239075328,,,,,,,,2.6500998064875603,,
1791271097.5056086,418148,frontend_frame,886,0,19665,28,8,153309696,234881024,203448320,239075328,,,,,,,,,,
1791271097.8435118,418148,tracking_feedback_accumulate,887,,19665,,,157224448,234881024,203448320,239075328,,,,,,,,2.708899788558483,,
1791271097.8495212,418148,frontend_frame,887,0,19665,28,8,148584960,234881024,203448320,239075328,,,,,,,,,,
1791271098.2612774,418148,tracking_feedback_accumulate,888,,19665,,,152745472,234881024,203448320,239075328,,,,,,,,2.817800035700202,,
1791271098.2652771,418148,frontend_frame,888,0,19665,28,8,153393664,234881024,203448320,239075328,,,,,,,,,,
1791271098.6619828,418148,tracking_feedback_accumulate,889,,19665,,,157226496,234881024,203448320,239075328,,,,,,,,3.0217000748962164,,
1791271098.6680167,418148,frontend_frame,889,0,19665,28,8,157874688,234881024,203448320,239075328,,,,,,,,,,
1791271099.0468931,418148,tracking_feedback_accumulate,890,,19665,,,148103680,234881024,203448320,239075328,,,,,,,,3.192000091075897,,
1791271099.0519054,418148,frontend_frame,890,0,19665,28,8,148751872,188743680,203448320,239075328,,,,,,,,,,
1791271099.4568894,418148,tracking_feedback_accumulate,891,,19665,,,152584704,230686720,203448320,239075328,,,,,,,,2.764299977570772,,
1791271099.4609473,418148,frontend_frame,891,0,19665,28,8,153232896,230686720,203448320,239075328,,,,,,,,,,
1791271099.8044624,418148,tracking_feedback_accumulate,892,,19665,,,157393408,234881024,203448320,239075328,,,,,,,,2.81660002656281,,
1791271099.8104758,418148,frontend_frame,892,0,19665,28,8,148753920,234881024,203448320,239075328,,,,,,,,,,
1791271100.1679602,418148,tracking_feedback_accumulate,893,,19665,,,152586752,234881024,203448320,239075328,,,,,,,,2.797699999064207,,
1791271100.172663,418148,frontend_frame,893,0,19665,28,8,153234944,234881024,203448320,239075328,,,,,,,,,,
1791271100.5551558,418148,tracking_feedback_accumulate,894,,19665,,,157231616,234881024,203448320,239075328,,,,,,,,2.765999874100089,,
1791271100.5626934,418148,frontend_frame,894,0,19665,28,8,143948288,234881024,203448320,239075328,,,,,,,,,,
1791271100.886145,418148,tracking_feedback_accumulate,895,,19665,,,148026880,234881024,203448320,239075328,,,,,,,,3.1424001790583134,,
1791271100.8906684,418148,frontend_frame,895,0,19665,28,8,148675072,234881024,203448320,239075328,,,,,,,,,,
1791271101.1920013,418148,tracking_feedback_accumulate,896,,19665,,,152671744,234881024,203448320,239075328,,,,,,,,3.0543000902980566,,
1791271101.197001,418148,frontend_frame,896,0,19665,28,8,153319936,234881024,203448320,239075328,,,,,,,,,,
1791271101.6033578,418148,tracking_feedback_accumulate,897,,19665,,,147947008,234881024,203448320,239075328,,,,,,,,3.0005001462996006,,
1791271101.607869,418148,frontend_frame,897,0,19665,28,8,148595200,234881024,203448320,239075328,,,,,,,,,,
1791271101.9764721,418148,tracking_feedback_accumulate,898,,19665,,,152591872,234881024,203448320,239075328,,,,,,,,2.9201998841017485,,
1791271101.9811358,418148,frontend_frame,898,0,19665,28,8,153240064,234881024,203448320,239075328,,,,,,,,,,
1791271102.2940652,418148,tracking_feedback_accumulate,899,,19665,,,157318656,234881024,203448320,239075328,,,,,,,,3.1272999476641417,,
1791271102.2995684,418148,frontend_frame,899,0,19665,28,8,148679168,234881024,203448320,239075328,,,,,,,,,,
1791271102.653099,418148,tracking_feedback_accumulate,900,,19665,,,152593920,234881024,203448320,239075328,,,,,,,,2.694699913263321,,
1791271102.6581876,418148,frontend_frame,900,0,19665,28,8,153242112,190840832,203448320,239075328,,,,,,,,,,
1791271102.9683928,418148,tracking_feedback_accumulate,901,,19665,,,157320704,213909504,203448320,239075328,,,,,,,,3.4372000955045223,,
1791271102.9753091,418148,frontend_frame,901,0,19665,28,8,157968896,213909504,203448320,239075328,,,,,,,,,,
1791271103.3549879,418148,tracking_feedback_accumulate,902,,19665,,,148034048,234881024,203448320,239075328,,,,,,,,3.9570999797433615,,
1791271103.3595557,418148,frontend_frame,902,0,19665,28,8,148682240,234881024,203448320,239075328,,,,,,,,,,
1791271103.6798174,418148,tracking_feedback_accumulate,903,,19665,,,152678912,234881024,203448320,239075328,,,,,,,,2.540700137615204,,
1791271103.6840105,418148,frontend_frame,903,0,19665,28,8,153327104,234881024,203448320,239075328,,,,,,,,,,
1791271104.0070355,418148,tracking_feedback_accumulate,904,,19665,,,157241856,234881024,203448320,239075328,,,,,,,,2.843499882146716,,
1791271104.0123012,418148,frontend_frame,904,0,19665,28,8,148602368,234881024,203448320,239075328,,,,,,,,,,
1791271104.3177683,418148,tracking_feedback_accumulate,905,,19665,,,152762880,234881024,203448320,239075328,,,,,,,,2.6934000197798014,,
1791271104.3219721,418148,frontend_frame,905,0,19665,28,8,153411072,234881024,203448320,239075328,,,,,,,,,,
1791271104.6830142,418148,tracking_feedback_accumulate,906,,19665,,,157243904,234881024,203448320,239075328,,,,,,,,2.8687999583780766,,
1791271104.6880157,418148,frontend_frame,906,0,19665,28,8,157892096,234881024,203448320,239075328,,,,,,,,,,
1791271104.9367802,418148,tracking_feedback_accumulate,907,,19665,,,148039168,234881024,203448320,239075328,,,,,,,,3.40009992942214,,
1791271104.9417133,418148,frontend_frame,907,0,19665,28,8,148687360,234881024,203448320,239075328,,,,,,,,,,
1791271105.381247,418148,tracking_feedback_accumulate,908,,19665,,,152602112,234881024,203448320,239075328,,,,,,,,2.859399886801839,,
1791271105.386251,418148,frontend_frame,908,0,19665,28,8,153250304,234881024,203448320,239075328,,,,,,,,,,
1791271105.74337,418148,tracking_feedback_accumulate,909,,19665,,,157410816,234881024,203448320,239075328,,,,,,,,2.804799936711788,,
1791271105.7483702,418148,frontend_frame,909,0,19665,28,8,148771328,234881024,203448320,239075328,,,,,,,,,,
1791271106.1866827,418148,tracking_feedback_accumulate,910,,19665,,,152604160,234881024,203448320,239075328,,,,,,,,2.6003001257777214,,
1791271106.1920824,418148,frontend_frame,910,0,19665,28,8,153252352,190840832,203448320,239075328,,,,,,,,,,
1791271106.6262095,418148,tracking_feedback_accumulate,911,,19665,,,157412864,213909504,203448320,239075328,,,,,,,,3.2524000853300095,,
1791271106.6314461,418148,frontend_frame,911,0,19665,28,8,158061056,213909504,203448320,239075328,,,,,,,,,,
1791271107.0081036,418148,tracking_feedback_accumulate,912,,19665,,,147962368,234881024,203448320,239075328,,,,,,,,3.2935000490397215,,
1791271107.0121157,418148,frontend_frame,912,0,19665,28,8,148610560,234881024,203448320,239075328,,,,,,,,,,
1791271107.3694239,418148,tracking_feedback_accumulate,913,,19665,,,152689152,234881024,203448320,239075328,,,,,,,,2.8411000967025757,,
1791271107.373123,418148,frontend_frame,913,0,19665,28,8,153337344,234881024,203448320,239075328,,,,,,,,,,
1791271107.7737002,418148,tracking_feedback_accumulate,914,,19665,,,147964416,234881024,203448320,239075328,,,,,,,,3.6373999901115894,,
1791271107.7777267,418148,frontend_frame,914,0,19665,28,8,148612608,234881024,203448320,239075328,,,,,,,,,,
1791271108.1807196,418148,tracking_feedback_accumulate,915,,19665,,,152691200,234881024,203448320,239075328,,,,,,,,2.909999806433916,,
1791271108.1858892,418148,frontend_frame,915,0,19665,28,8,153339392,234881024,203448320,239075328,,,,,,,,,,
1791271108.5216982,418148,tracking_feedback_accumulate,916,,19665,,,157336064,234881024,203448320,239075328,,,,,,,,2.9009999707341194,,
1791271108.5272079,418148,frontend_frame,916,0,19665,28,8,148696576,234881024,203448320,239075328,,,,,,,,,,
1791271108.911117,418148,tracking_feedback_accumulate,917,,19665,,,152693248,234881024,203448320,239075328,,,,,,,,3.010599873960018,,
1791271108.9166286,418148,frontend_frame,917,0,19665,28,8,153341440,234881024,203448320,239075328,,,,,,,,,,
1791271109.1982646,418148,tracking_feedback_accumulate,918,,19665,,,157338112,234881024,203448320,239075328,,,,,,,,2.6702999603003263,,
1791271109.2034142,418148,frontend_frame,918,0,19665,28,8,157986304,234881024,203448320,239075328,,,,,,,,,,
1791271109.55136,418148,tracking_feedback_accumulate,919,,19665,,,148051456,234881024,203448320,239075328,,,,,,,,3.006499959155917,,
1791271109.5553596,418148,frontend_frame,919,0,19665,28,8,148699648,234881024,203448320,239075328,,,,,,,,,,
1791271109.950083,418148,tracking_feedback_accumulate,920,,19665,,,152614400,234881024,203448320,239075328,,,,,,,,2.807099837809801,,
1791271109.9542296,418148,frontend_frame,920,0,19665,28,8,153262592,190840832,203448320,239075328,,,,,,,,,,
1791271110.324216,418148,tracking_feedback_accumulate,921,,19665,,,157423104,213909504,203448320,239075328,,,,,,,,2.9534001369029284,,
1791271110.3297267,418148,frontend_frame,921,0,19665,28,8,148783616,213909504,203448320,239075328,,,,,,,,,,
1791271110.657956,418148,tracking_feedback_accumulate,922,,19665,,,152616448,234881024,203448320,239075328,,,,,,,,2.878500148653984,,
1791271110.6631303,418148,frontend_frame,922,0,19665,28,8,153264640,234881024,203448320,239075328,,,,,,,,,,
1791271111.0487156,418148,tracking_feedback_accumulate,923,,19665,,,157343232,234881024,203448320,239075328,,,,,,,,2.960900077596307,,
1791271111.0560076,418148,frontend_frame,923,0,19665,28,8,157991424,234881024,203448320,239075328,,,,,,,,,,
1791271111.463066,418148,tracking_feedback_accumulate,924,,19665,,,147974656,234881024,203448320,239075328,,,,,,,,3.0298999045044184,,
1791271111.468066,418148,frontend_frame,924,0,19665,28,8,148622848,234881024,203448320,239075328,,,,,,,,,,
1791271111.8579326,418148,tracking_feedback_accumulate,925,,19665,,,152701440,234881024,203448320,239075328,,,,,,,,2.8636998031288385,,
1791271111.8619978,418148,frontend_frame,925,0,19665,28,8,153349632,234881024,203448320,239075328,,,,,,,,,,
1791271112.1949644,418148,tracking_feedback_accumulate,926,,19665,,,157264384,234881024,203448320,239075328,,,,,,,,3.3384000416845083,,
1791271112.2009945,418148,frontend_frame,926,0,19665,28,8,148624896,234881024,203448320,239075328,,,,,,,,,,
1791271112.5196211,418148,tracking_feedback_accumulate,927,,19665,,,152703488,234881024,203448320,239075328,,,,,,,,2.927000168710947,,
1791271112.5238118,418148,frontend_frame,927,0,19665,28,8,153351680,234881024,203448320,239075328,,,,,,,,,,
1791271112.8463564,418148,tracking_feedback_accumulate,928,,19665,,,157348352,234881024,203448320,239075328,,,,,,,,3.119500121101737,,
1791271112.851316,418148,frontend_frame,928,0,19665,28,8,157996544,234881024,203448320,239075328,,,,,,,,,,
1791271113.2535422,418148,tracking_feedback_accumulate,929,,19665,,,147979776,234881024,203448320,239075328,,,,,,,,2.8289000038057566,,
1791271113.258049,418148,frontend_frame,929,0,19665,28,8,148627968,234881024,203448320,239075328,,,,,,,,,,
1791271113.6806278,418148,tracking_feedback_accumulate,930,,19665,,,152788480,234881024,203448320,239075328,,,,,,,,3.4087998792529106,,
1791271113.685265,418148,frontend_frame,930,0,19665,28,8,153436672,190840832,203448320,239075328,,,,,,,,,,
1791271113.9369626,418148,tracking_feedback_accumulate,931,,19665,,,147981824,234881024,203448320,239075328,,,,,,,,2.6100999675691128,,
1791271113.9419754,418148,frontend_frame,931,0,19665,28,8,148630016,234881024,203448320,239075328,,,,,,,,,,
1791271114.3811786,418148,tracking_feedback_accumulate,932,,19665,,,152790528,234881024,203448320,239075328,,,,,,,,3.3294998575001955,,
1791271114.4320962,418148,frontend_frame,932,0,19665,29,8,157434368,234881024,203448320,239075328,,,,,,,,,,
1791271125.7871637,418148,tracking_feedback_accumulate,933,,19899,,,161286144,234881024,203448320,239075328,,,,,,,,2.855400089174509,,
1791271125.7927084,418148,frontend_frame,933,0,19899,29,8,152706048,234881024,203448320,239075328,,,,,,,,,,
1791271126.2172341,418148,tracking_feedback_accumulate,934,,19899,,,156702720,234881024,203448320,239075328,,,,,,,,3.133299993351102,,
1791271126.22147,418148,frontend_frame,934,0,19899,29,8,157409280,234881024,203448320,239075328,,,,,,,,,,
1791271126.6095538,418148,tracking_feedback_accumulate,935,,19899,,,161487872,234881024,203448320,239075328,,,,,,,,3.30700003542006,,
1791271126.615065,418148,frontend_frame,935,0,19899,29,8,162194432,236978176,203448320,239075328,,,,,,,,,,
1791271126.9819217,418148,tracking_feedback_accumulate,936,,19899,,,152084480,236978176,203448320,239075328,,,,,,,,2.8961000498384237,,
1791271126.9869213,418148,frontend_frame,936,0,19899,29,8,152791040,236978176,203448320,239075328,,,,,,,,,,
1791271127.298243,418148,tracking_feedback_accumulate,937,,19899,,,156705792,236978176,203448320,239075328,,,,,,,,2.9751998372375965,,
1791271127.3032618,418148,frontend_frame,937,0,19899,29,8,157412864,236978176,203448320,239075328,,,,,,,,,,
1791271127.6605413,418148,tracking_feedback_accumulate,938,,19899,,,152168960,236978176,203448320,239075328,,,,,,,,3.4135000314563513,,
1791271127.6655495,418148,frontend_frame,938,0,19899,29,8,152875520,236978176,203448320,239075328,,,,,,,,,,
1791271127.980821,418148,tracking_feedback_accumulate,939,,19899,,,156708352,236978176,203448320,239075328,,,,,,,,2.6509000454097986,,
1791271127.9858234,418148,frontend_frame,939,0,19899,29,8,157414912,236978176,203448320,239075328,,,,,,,,,,
1791271128.3794794,418148,tracking_feedback_accumulate,940,,19899,,,161575424,236978176,203448320,239075328,,,,,,,,3.376300213858485,,
1791271128.385265,418148,frontend_frame,940,0,19899,29,8,152877568,190840832,203448320,239075328,,,,,,,,,,
1791271128.7311099,418148,tracking_feedback_accumulate,941,,19899,,,156710400,232783872,203448320,239075328,,,,,,,,2.8963000513613224,,
1791271128.7362072,418148,frontend_frame,941,0,19899,29,8,157416960,232783872,203448320,239075328,,,,,,,,,,
1791271129.1006732,418148,tracking_feedback_accumulate,942,,19899,,,161495552,234881024,203448320,239075328,,,,,,,,2.9744000639766455,,
1791271129.1061792,418148,frontend_frame,942,0,19899,29,8,162202112,236978176,203448320,239075328,,,,,,,,,,
1791271129.4880857,418148,tracking_feedback_accumulate,943,,19899,,,152092160,236978176,203448320,239075328,,,,,,,,2.747999969869852,,
1791271129.4926047,418148,frontend_frame,943,0,19899,29,8,152798720,236978176,203448320,239075328,,,,,,,,,,
1791271129.8236,418148,tracking_feedback_accumulate,944,,19899,,,156713472,236978176,203448320,239075328,,,,,,,,2.8506999369710684,,
1791271129.828604,418148,frontend_frame,944,0,19899,29,8,157420032,236978176,203448320,239075328,,,,,,,,,,
1791271130.2133245,418148,tracking_feedback_accumulate,945,,19899,,,161580544,236978176,203448320,239075328,,,,,,,,3.325300058349967,,
1791271130.2183256,418148,frontend_frame,945,0,19899,29,8,152882688,236978176,203448320,239075328,,,,,,,,,,
1791271130.5812833,418148,tracking_feedback_accumulate,946,,19899,,,156715520,236978176,203448320,239075328,,,,,,,,3.0881999991834164,,
1791271130.5857902,418148,frontend_frame,946,0,19899,29,8,157422080,236978176,203448320,239075328,,,,,,,,,,
1791271130.9332743,418148,tracking_feedback_accumulate,947,,19899,,,161500672,236978176,203448320,239075328,,,,,,,,2.784899901598692,,
1791271130.9372747,418148,frontend_frame,947,0,19899,29,8,162207232,236978176,203448320,239075328,,,,,,,,,,
1791271131.2702518,418148,tracking_feedback_accumulate,948,,19899,,,152015360,236978176,203448320,239075328,,,,,,,,2.8396002016961575,,
1791271131.2744014,418148,frontend_frame,948,0,19899,29,8,152721920,236978176,203448320,239075328,,,,,,,,,,
1791271131.5963616,418148,tracking_feedback_accumulate,949,,19899,,,156718592,236978176,203448320,239075328,,,,,,,,2.9082000255584717,,
1791271131.6020846,418148,frontend_frame,949,0,19899,29,8,157425152,236978176,203448320,239075328,,,,,,,,,,
1791271131.8895457,418148,tracking_feedback_accumulate,950,,19899,,,161503744,236978176,203448320,239075328,,,,,,,,3.0068999622017145,,
1791271131.8961406,418148,frontend_frame,950,0,19899,29,8,152805888,190840832,203448320,239075328,,,,,,,,,,
1791271132.303969,418148,tracking_feedback_accumulate,951,,19899,,,156802560,232783872,203448320,239075328,,,,,,,,2.8737999964505434,,
1791271132.3094935,418148,frontend_frame,951,0,19899,29,8,157509120,232783872,203448320,239075328,,,,,,,,,,
1791271132.6602478,418148,tracking_feedback_accumulate,952,,19899,,,161505792,234881024,203448320,239075328,,,,,,,,2.847700146958232,,
1791271132.6643972,418148,frontend_frame,952,0,19899,29,8,162212352,236978176,203448320,239075328,,,,,,,,,,
1791271133.064111,418148,tracking_feedback_accumulate,953,,19899,,,152020480,236978176,203448320,239075328,,,,,,,,2.795199863612652,,
1791271133.0686202,418148,frontend_frame,953,0,19899,29,8,152727040,236978176,203448320,239075328,,,,,,,,,,
1791271133.496769,418148,tracking_feedback_accumulate,954,,19899,,,156723712,236978176,203448320,239075328,,,,,,,,2.871599979698658,,
1791271133.5018642,418148,frontend_frame,954,0,19899,29,8,157430272,236978176,203448320,239075328,,,,,,,,,,
1791271133.8885877,418148,tracking_feedback_accumulate,955,,19899,,,152104448,236978176,203448320,239075328,,,,,,,,2.9148999601602554,,
1791271133.8926008,418148,frontend_frame,955,0,19899,29,8,152811008,236978176,203448320,239075328,,,,,,,,,,
1791271134.2086816,418148,tracking_feedback_accumulate,956,,19899,,,156807680,236978176,203448320,239075328,,,,,,,,2.8601998928934336,,
1791271134.2173371,418148,frontend_frame,956,0,19899,29,8,157514240,236978176,203448320,239075328,,,,,,,,,,
1791271134.5463383,418148,tracking_feedback_accumulate,957,,19899,,,161510912,236978176,203448320,239075328,,,,,,,,2.9209000058472157,,
1791271134.5520332,418148,frontend_frame,957,0,19899,29,8,152813056,236978176,203448320,239075328,,,,,,,,,,
1791271134.9649198,418148,tracking_feedback_accumulate,958,,19899,,,156727808,236978176,203448320,239075328,,,,,,,,2.8007999062538147,,
1791271134.9704978,418148,frontend_frame,958,0,19899,29,8,157434368,236978176,203448320,239075328,,,,,,,,,,
1791271135.3006215,418148,tracking_feedback_accumulate,959,,19899,,,161594880,236978176,203448320,239075328,,,,,,,,3.0199000611901283,,
1791271135.3066363,418148,frontend_frame,959,0,19899,29,8,162301440,236978176,203448320,239075328,,,,,,,,,,
1791271135.5938082,418148,tracking_feedback_accumulate,960,,19899,,,152027648,236978176,203448320,239075328,,,,,,,,2.8637999203056097,,
1791271135.5978081,418148,frontend_frame,960,0,19899,29,8,152734208,190840832,203448320,239075328,,,,,,,,,,
1791271136.0349553,418148,tracking_feedback_accumulate,961,,19899,,,156894720,232783872,203448320,239075328,,,,,,,,3.0040000565350056,,
1791271136.0394588,418148,frontend_frame,961,0,19899,29,8,157601280,232783872,203448320,239075328,,,,,,,,,,
1791271136.3297093,418148,tracking_feedback_accumulate,962,,19899,,,161434112,234881024,203448320,239075328,,,,,,,,2.99249985255301,,
1791271136.3362436,418148,frontend_frame,962,0,19899,29,8,152736256,234881024,203448320,239075328,,,,,,,,,,
1791271136.6451912,418148,tracking_feedback_accumulate,963,,19899,,,156896768,234881024,203448320,239075328,,,,,,,,2.762800082564354,,
1791271136.649694,418148,frontend_frame,963,0,19899,29,8,157603328,234881024,203448320,239075328,,,,,,,,,,
1791271136.8761888,418148,tracking_feedback_accumulate,964,,19899,,,161436160,234881024,203448320,239075328,,,,,,,,2.998300129547715,,
1791271136.881745,418148,frontend_frame,964,0,19899,29,8,162142720,236978176,203448320,239075328,,,,,,,,,,
1791271137.2157507,418148,tracking_feedback_accumulate,965,,19899,,,152114688,236978176,203448320,239075328,,,,,,,,2.876600017771125,,
1791271137.220907,418148,frontend_frame,965,0,19899,29,8,152821248,236978176,203448320,239075328,,,,,,,,,,
1791271137.5604885,418148,tracking_feedback_accumulate,966,,19899,,,156736000,236978176,203448320,239075328,,,,,,,,2.8834000695496798,,
1791271137.5654914,418148,frontend_frame,966,0,19899,29,8,157442560,236978176,203448320,239075328,,,,,,,,,,
1791271137.9462378,418148,tracking_feedback_accumulate,967,,19899,,,161603072,236978176,203448320,239075328,,,,,,,,2.7487999759614468,,
1791271137.9512503,418148,frontend_frame,967,0,19899,29,8,152905216,236978176,203448320,239075328,,,,,,,,,,
1791271138.2845035,418148,tracking_feedback_accumulate,968,,19899,,,156738048,236978176,203448320,239075328,,,,,,,,2.992599969729781,,
1791271138.291185,418148,frontend_frame,968,0,19899,29,8,157444608,236978176,203448320,239075328,,,,,,,,,,
1791271138.7180564,418148,tracking_feedback_accumulate,969,,19899,,,161441280,236978176,203448320,239075328,,,,,,,,2.8692998457700014,,
1791271138.7240694,418148,frontend_frame,969,0,19899,29,8,162147840,236978176,203448320,239075328,,,,,,,,,,
1791271139.0513158,418148,tracking_feedback_accumulate,970,,19899,,,152119808,236978176,203448320,239075328,,,,,,,,2.88309995085001,,
1791271139.0568275,418148,frontend_frame,970,0,19899,29,8,152826368,190840832,203448320,239075328,,,,,,,,,,
1791271139.435035,418148,tracking_feedback_accumulate,971,,19899,,,156823040,232783872,203448320,239075328,,,,,,,,2.98219989053905,,
1791271139.4869585,418148,frontend_frame,971,0,19899,30,8,161525248,232783872,203448320,239075328,,,,,,,,,,
1791271150.7738154,418148,tracking_feedback_accumulate,972,,20371,,,156151296,232783872,203448320,239075328,,,,,,,,2.8880999889224768,,
1791271150.7788186,418148,frontend_frame,972,0,20371,30,8,156974080,232783872,203448320,239075328,,,,,,,,,,
1791271151.1547155,418148,tracking_feedback_accumulate,973,,20371,,,160970752,232783872,203448320,239075328,,,,,,,,3.1507001258432865,,
1791271151.160625,418148,frontend_frame,973,0,20371,30,8,161789952,232783872,203448320,239075328,,,,,,,,,,
1791271151.5281334,418148,tracking_feedback_accumulate,974,,20371,,,165704704,234881024,207505920,239075328,,,,,,,,2.7369000017642975,,
1791271151.5333505,418148,frontend_frame,974,0,20371,30,8,156894208,234881024,207505920,239075328,,,,,,,,,,
1791271151.8803809,418148,tracking_feedback_accumulate,975,,20371,,,160890880,234881024,207505920,239075328,,,,,,,,2.935099881142378,,
1791271151.8855767,418148,frontend_frame,975,0,20371,30,8,161710080,234881024,207505920,239075328,,,,,,,,,,
1791271152.191551,418148,tracking_feedback_accumulate,976,,20371,,,165788672,234881024,207507968,239075328,,,,,,,,2.936400007456541,,
1791271152.195058,418148,frontend_frame,976,0,20371,30,8,166608384,236978176,207507968,239075328,,,,,,,,,,
1791271152.6106744,418148,tracking_feedback_accumulate,977,,20371,,,156160512,236978176,207507968,239075328,,,,,,,,2.6694999542087317,,
1791271152.6152477,418148,frontend_frame,977,0,20371,30,8,156979712,236978176,207507968,239075328,,,,,,,,,,
1791271153.0365963,418148,tracking_feedback_accumulate,978,,20371,,,160976384,236978176,207507968,239075328,,,,,,,,3.561499994248152,,
1791271153.042295,418148,frontend_frame,978,0,20371,30,8,161795584,236978176,207507968,239075328,,,,,,,,,,
1791271153.3595328,418148,tracking_feedback_accumulate,979,,20371,,,156080640,236978176,207507968,239075328,,,,,,,,3.0569001100957394,,
1791271153.3642187,418148,frontend_frame,979,0,20371,30,8,156899840,236978176,207507968,239075328,,,,,,,,,,
1791271153.6814978,418148,tracking_feedback_accumulate,980,,20371,,,161060352,236978176,207507968,239075328,,,,,,,,2.9400999192148447,,
1791271153.6875253,418148,frontend_frame,980,0,20371,30,8,161879552,211812352,207507968,239075328,,,,,,,,,,
1791271154.0805914,418148,tracking_feedback_accumulate,981,,20371,,,165712384,234881024,207513600,239075328,,,,,,,,2.857400104403496,,
1791271154.085311,418148,frontend_frame,981,0,20371,30,8,156901888,234881024,207513600,239075328,,,,,,,,,,
1791271154.4979532,418148,tracking_feedback_accumulate,982,,20371,,,160980480,234881024,207513600,239075328,,,,,,,,3.0018999241292477,,
1791271154.5029652,418148,frontend_frame,982,0,20371,30,8,161799680,234881024,207513600,239075328,,,,,,,,,,
1791271154.901058,418148,tracking_feedback_accumulate,983,,20371,,,165796352,234881024,207515648,239075328,,,,,,,,2.7364999987185,,
1791271154.906062,418148,frontend_frame,983,0,20371,30,8,166615552,236978176,207515648,239075328,,,,,,,,,,
1791271155.269582,418148,tracking_feedback_accumulate,984,,20371,,,156085760,236978176,207515648,239075328,,,,,,,,2.6851999573409557,,
1791271155.2747307,418148,frontend_frame,984,0,20371,30,8,156904960,236978176,207515648,239075328,,,,,,,,,,
1791271155.6120281,418148,tracking_feedback_accumulate,985,,20371,,,160901632,236978176,207515648,239075328,,,,,,,,3.0151999089866877,,
1791271155.6171052,418148,frontend_frame,985,0,20371,30,8,161720832,236978176,207515648,239075328,,,,,,,,,,
1791271155.9342513,418148,tracking_feedback_accumulate,986,,20371,,,165799424,236978176,207518720,239075328,,,,,,,,2.740900032222271,,
1791271155.9409337,418148,frontend_frame,986,0,20371,30,8,156988928,236978176,207518720,239075328,,,,,,,,,,
1791271156.285132,418148,tracking_feedback_accumulate,987,,20371,,,160985600,236978176,207518720,239075328,,,,,,,,2.8934997972100973,,
1791271156.2901502,418148,frontend_frame,987,0,20371,30,8,161804800,236978176,207518720,239075328,,,,,,,,,,
1791271156.6593752,418148,tracking_feedback_accumulate,988,,20371,,,165801472,236978176,207520768,239075328,,,,,,,,4.348100163042545,,
1791271156.664497,418148,frontend_frame,988,0,20371,30,8,166620672,236978176,207520768,239075328,,,,,,,,,,
1791271157.0163817,418148,tracking_feedback_accumulate,989,,20371,,,156090880,236978176,207520768,239075328,,,,,,,,2.9531000182032585,,
1791271157.0203886,418148,frontend_frame,989,0,20371,30,8,156910080,236978176,207520768,239075328,,,,,,,,,,
1791271157.3143342,418148,tracking_feedback_accumulate,990,,20371,,,160906752,236978176,207520768,239075328,,,,,,,,2.9430000577121973,,
1791271157.3203416,418148,frontend_frame,990,0,20371,30,8,161725952,190840832,207520768,239075328,,,,,,,,,,
1791271157.6868932,418148,tracking_feedback_accumulate,991,,20371,,,165804544,234881024,207523840,239075328,,,,,,,,2.8138000052422285,,
1791271157.692892,418148,frontend_frame,991,0,20371,30,8,156994048,234881024,207523840,239075328,,,,,,,,,,
1791271158.0478587,418148,tracking_feedback_accumulate,992,,20371,,,160990720,234881024,207523840,239075328,,,,,,,,3.007699968293309,,
1791271158.0523646,418148,frontend_frame,992,0,20371,30,8,161809920,234881024,207523840,239075328,,,,,,,,,,
1791271158.3946176,418148,tracking_feedback_accumulate,993,,20371,,,165724672,234881024,207525888,239075328,,,,,,,,3.537100041285157,,
1791271158.400633,418148,frontend_frame,993,0,20371,30,8,166543872,236978176,207525888,239075328,,,,,,,,,,
1791271158.8383987,418148,tracking_feedback_accumulate,994,,20371,,,156259840,236978176,207525888,239075328,,,,,,,,2.8286001179367304,,
1791271158.8431153,418148,frontend_frame,994,0,20371,30,8,157079040,236978176,207525888,239075328,,,,,,,,,,
1791271159.2786736,418148,tracking_feedback_accumulate,995,,20371,,,160911872,236978176,207525888,239075328,,,,,,,,3.4459999296814203,,
1791271159.2839875,418148,frontend_frame,995,0,20371,30,8,161731072,236978176,207525888,239075328,,,,,,,,,,
1791271159.6360223,418148,tracking_feedback_accumulate,996,,20371,,,156179968,236978176,207525888,239075328,,,,,,,,2.9319000896066427,,
1791271159.6405406,418148,frontend_frame,996,0,20371,30,8,156999168,236978176,207525888,239075328,,,,,,,,,,
1791271160.0595474,418148,tracking_feedback_accumulate,997,,20371,,,160913920,236978176,207525888,239075328,,,,,,,,3.016500035300851,,
1791271160.06506,418148,frontend_frame,997,0,20371,30,8,161733120,236978176,207525888,239075328,,,,,,,,,,
1791271160.4871435,418148,tracking_feedback_accumulate,998,,20371,,,165811712,236978176,207531008,239075328,,,,,,,,2.837900072336197,,
1791271160.4926646,418148,frontend_frame,998,0,20371,30,8,157001216,236978176,207531008,239075328,,,,,,,,,,
1791271160.8256166,418148,tracking_feedback_accumulate,999,,20371,,,160997888,236978176,207531008,239075328,,,,,,,,2.927600173279643,,
1791271160.8296163,418148,frontend_frame,999,0,20371,30,8,161817088,236978176,207531008,239075328,,,,,,,,,,
1791271161.2322276,418148,tracking_feedback_accumulate,1000,,20371,,,165731840,236978176,207533056,239075328,,,,,,,,3.0091998632997274,,
1791271161.2372265,418148,frontend_frame,1000,0,20371,30,8,166551040,192937984,207533056,239075328,,,,,,,,,,
1791271161.569826,418148,tracking_feedback_accumulate,1001,,20371,,,156267008,234881024,207533056,239075328,,,,,,,,3.2169001642614603,,
1791271161.5745187,418148,frontend_frame,1001,0,20371,30,8,157086208,234881024,207533056,239075328,,,,,,,,,,
1791271161.9614158,418148,tracking_feedback_accumulate,1002,,20371,,,160919040,234881024,207533056,239075328,,,,,,,,2.965399995446205,,
1791271161.9664197,418148,frontend_frame,1002,0,20371,30,8,161738240,234881024,207533056,239075328,,,,,,,,,,
1791271162.3163202,418148,tracking_feedback_accumulate,1003,,20371,,,165816832,234881024,207536128,239075328,,,,,,,,4.380699945613742,,
1791271162.3233378,418148,frontend_frame,1003,0,20371,30,8,157006336,234881024,207536128,239075328,,,,,,,,,,
1791271162.675847,418148,tracking_feedback_accumulate,1004,,20371,,,161003008,234881024,207536128,239075328,,,,,,,,2.804200164973736,,
1791271162.6823575,418148,frontend_frame,1004,0,20371,30,8,161822208,234881024,207536128,239075328,,,,,,,,,,
1791271162.9717045,418148,tracking_feedback_accumulate,1005,,20371,,,165736960,234881024,207538176,239075328,,,,,,,,2.77700019069016,,
1791271162.9758399,418148,frontend_frame,1005,0,20371,30,8,166556160,236978176,207538176,239075328,,,,,,,,,,
1791271163.265316,418148,tracking_feedback_accumulate,1006,,20371,,,156108288,236978176,207538176,239075328,,,,,,,,3.737200051546097,,
1791271163.2709992,418148,frontend_frame,1006,0,20371,30,8,156927488,236978176,207538176,239075328,,,,,,,,,,
1791271163.6705892,418148,tracking_feedback_accumulate,1007,,20371,,,161006080,236978176,207538176,239075328,,,,,,,,2.621200168505311,,
1791271163.674864,418148,frontend_frame,1007,0,20371,30,8,161825280,236978176,207538176,239075328,,,,,,,,,,
1791271163.9757257,418148,tracking_feedback_accumulate,1008,,20371,,,165821952,236978176,207541248,239075328,,,,,,,,2.894399920478463,,
1791271164.0264752,418148,frontend_frame,1008,0,20371,31,8,161007104,236978176,207541248,239075328,,,,,,,,,,
1791271175.2712688,418148,tracking_feedback_accumulate,1009,,20775,,,165031424,236978176,207541248,239075328,,,,,,,,2.798900008201599,,
1791271175.278318,418148,frontend_frame,1009,0,20775,31,8,165945856,236978176,207541248,239075328,,,,,,,,,,
1791271175.5254135,418148,tracking_feedback_accumulate,1010,,20775,,,169942528,236978176,211699712,239075328,,,,,,,,2.956699812784791,,
1791271175.531281,418148,frontend_frame,1010,0,20775,31,8,161132032,190840832,211699712,239075328,,,,,,,,,,
1791271175.9211059,418148,tracking_feedback_accumulate,1011,,20775,,,165128704,232783872,211699712,239075328,,,,,,,,2.971000038087368,,
1791271175.9267223,418148,frontend_frame,1011,0,20775,31,8,166040576,232783872,211699712,239075328,,,,,,,,,,
1791271176.2744994,418148,tracking_feedback_accumulate,1012,,20775,,,169955328,236978176,211794432,239075328,,,,,,,,2.9506999999284744,,
1791271176.2795007,418148,frontend_frame,1012,0,20775,31,8,170867200,236978176,211794432,239075328,,,,,,,,,,
1791271176.6438656,418148,tracking_feedback_accumulate,1013,,20775,,,160141312,236978176,211794432,239075328,,,,,,,,3.1634001061320305,,
1791271176.6485345,418148,frontend_frame,1013,0,20775,31,8,161053696,236978176,211794432,239075328,,,,,,,,,,
1791271177.0547168,418148,tracking_feedback_accumulate,1014,,20775,,,165132288,236978176,211794432,239075328,,,,,,,,2.950900001451373,,
1791271177.0597386,418148,frontend_frame,1014,0,20775,31,8,166044160,236978176,211794432,239075328,,,,,,,,,,
1791271177.3761423,418148,tracking_feedback_accumulate,1015,,20775,,,170040832,236978176,211798016,239075328,,,,,,,,2.9381001368165016,,
1791271177.3813534,418148,frontend_frame,1015,0,20775,31,8,161137664,236978176,211798016,239075328,,,,,,,,,,
1791271177.7088714,418148,tracking_feedback_accumulate,1016,,20775,,,165052416,236978176,211798016,239075328,,,,,,,,2.9798001050949097,,
1791271177.7140374,418148,frontend_frame,1016,0,20775,31,8,165964288,236978176,211798016,239075328,,,,,,,,,,
1791271178.102871,418148,tracking_feedback_accumulate,1017,,20775,,,170124800,236978176,211800064,239075328,,,,,,,,2.984000137075782,,
1791271178.107943,418148,frontend_frame,1017,0,20775,31,8,171036672,239075328,211800064,239075328,,,,,,,,,,
1791271178.3763788,418148,tracking_feedback_accumulate,1018,,20775,,,160146944,239075328,211800064,239075328,,,,,,,,2.8534000739455223,,
1791271178.380903,418148,frontend_frame,1018,0,20775,31,8,161058816,239075328,211800064,239075328,,,,,,,,,,
1791271178.77349,418148,tracking_feedback_accumulate,1019,,20775,,,165219328,239075328,211800064,239075328,,,,,,,,2.8922001365572214,,
1791271178.777493,418148,frontend_frame,1019,0,20775,31,8,166131200,239075328,211800064,239075328,,,,,,,,,,
1791271179.1639283,418148,tracking_feedback_accumulate,1020,,20775,,,169964032,239075328,211803136,239075328,,,,,,,,3.532599890604615,,
1791271179.1704874,418148,frontend_frame,1020,0,20775,31,8,161060864,190840832,211803136,239075328,,,,,,,,,,
1791271179.5397215,418148,tracking_feedback_accumulate,1021,,20775,,,165139456,232783872,211803136,239075328,,,,,,,,2.6563999708741903,,
1791271179.5439506,418148,frontend_frame,1021,0,20775,31,8,166051328,232783872,211803136,239075328,,,,,,,,,,
1791271179.9660997,418148,tracking_feedback_accumulate,1022,,20775,,,169966080,236978176,211805184,239075328,,,,,,,,3.577600000426173,,
1791271179.9716117,418148,frontend_frame,1022,0,20775,31,8,161062912,236978176,211805184,239075328,,,,,,,,,,
1791271180.301378,418148,tracking_feedback_accumulate,1023,,20775,,,165141504,236978176,211805184,239075328,,,,,,,,3.3724999520927668,,
1791271180.306376,418148,frontend_frame,1023,0,20775,31,8,166053376,236978176,211805184,239075328,,,,,,,,,,
1791271180.670739,418148,tracking_feedback_accumulate,1024,,20775,,,170050048,236978176,211807232,239075328,,,,,,,,2.737700007855892,,
1791271180.6756966,418148,frontend_frame,1024,0,20775,31,8,170961920,239075328,211807232,239075328,,,,,,,,,,
1791271181.0804486,418148,tracking_feedback_accumulate,1025,,20775,,,165143552,239075328,211807232,239075328,,,,,,,,2.7727000415325165,,
1791271181.0849583,418148,frontend_frame,1025,0,20775,31,8,166055424,239075328,211807232,239075328,,,,,,,,,,
1791271181.4085596,418148,tracking_feedback_accumulate,1026,,20775,,,170052096,239075328,211807232,239075328,,,,,,,,3.1907001975923777,,
1791271181.413311,418148,frontend_frame,1026,0,20775,31,8,170963968,239075328,211807232,239075328,,,,,,,,,,
1791271181.8046706,418148,tracking_feedback_accumulate,1027,,20775,,,174960640,241172480,216717824,241172480,,,,,,,,2.917399862781167,,
1791271181.8096814,418148,frontend_frame,1027,0,20775,31,8,166057472,241172480,216717824,241172480,,,,,,,,,,
1791271182.198474,418148,tracking_feedback_accumulate,1028,,20775,,,169972224,241172480,216717824,241172480,,,,,,,,2.946099964901805,,
1791271182.20272,418148,frontend_frame,1028,0,20775,31,8,170884096,241172480,216717824,241172480,,,,,,,,,,
1791271182.6153216,418148,tracking_feedback_accumulate,1029,,20775,,,175044608,241172480,216717824,241172480,,,,,,,,2.885800087824464,,
1791271182.6218789,418148,frontend_frame,1029,0,20775,31,8,175956480,243269632,216717824,243269632,,,,,,,,,,
1791271183.0182538,418148,tracking_feedback_accumulate,1030,,20775,,,165066752,243269632,216717824,243269632,,,,,,,,3.5685000475496054,,
1791271183.0249515,418148,frontend_frame,1030,0,20775,31,8,165978624,195035136,216717824,243269632,,,,,,,,,,
1791271183.4243677,418148,tracking_feedback_accumulate,1031,,20775,,,170057216,236978176,216717824,243269632,,,,,,,,2.9545999132096767,,
1791271183.4298854,418148,frontend_frame,1031,0,20775,31,8,170969088,239075328,216717824,243269632,,,,,,,,,,
1791271183.833396,418148,tracking_feedback_accumulate,1032,,20775,,,174965760,241172480,216717824,243269632,,,,,,,,2.911800052970648,,
1791271183.8384137,418148,frontend_frame,1032,0,20775,31,8,166062592,241172480,216717824,243269632,,,,,,,,,,
1791271184.227839,418148,tracking_feedback_accumulate,1033,,20775,,,170059264,241172480,216717824,243269632,,,,,,,,2.9079001396894455,,
1791271184.2320707,418148,frontend_frame,1033,0,20775,31,8,170971136,241172480,216717824,243269632,,,,,,,,,,
1791271184.5853114,418148,tracking_feedback_accumulate,1034,,20775,,,174967808,241172480,216717824,243269632,,,,,,,,3.111999947577715,,
1791271184.5910554,418148,frontend_frame,1034,0,20775,31,8,175879680,243269632,216717824,243269632,,,,,,,,,,
1791271184.9955788,418148,tracking_feedback_accumulate,1035,,20775,,,165153792,243269632,216717824,243269632,,,,,,,,2.8276999946683645,,
1791271185.0005927,418148,frontend_frame,1035,0,20775,31,8,166065664,243269632,216717824,243269632,,,,,,,,,,
1791271185.3604186,418148,tracking_feedback_accumulate,1036,,20775,,,170062336,243269632,216717824,243269632,,,,,,,,3.0106999911367893,,
1791271185.3641362,418148,frontend_frame,1036,0,20775,31,8,170974208,243269632,216717824,243269632,,,,,,,,,,
1791271185.6377316,418148,tracking_feedback_accumulate,1037,,20775,,,174970880,243269632,216717824,243269632,,,,,,,,3.4016999416053295,,
1791271185.6437435,418148,frontend_frame,1037,0,20775,31,8,166067712,243269632,216717824,243269632,,,,,,,,,,
1791271186.0735762,418148,tracking_feedback_accumulate,1038,,20775,,,170064384,243269632,216717824,243269632,,,,,,,,3.7315001245588064,,
1791271186.0775795,418148,frontend_frame,1038,0,20775,31,8,170976256,243269632,216717824,243269632,,,,,,,,,,
1791271186.3795207,418148,tracking_feedback_accumulate,1039,,20775,,,174891008,243269632,216717824,243269632,,,,,,,,2.9144000727683306,,
1791271186.385532,418148,frontend_frame,1039,0,20775,31,8,175802880,243269632,216717824,243269632,,,,,,,,,,
1791271186.7495053,418148,tracking_feedback_accumulate,1040,,20775,,,160169472,243269632,216717824,243269632,,,,,,,,2.9042998794466257,,
1791271186.755389,418148,frontend_frame,1040,0,20775,31,8,161081344,211812352,216717824,243269632,,,,,,,,,,
1791271187.1514764,418148,tracking_feedback_accumulate,1041,,20775,,,165159936,232783872,216717824,243269632,,,,,,,,3.107900032773614,,
1791271187.156519,418148,frontend_frame,1041,0,20775,31,8,166071808,232783872,216717824,243269632,,,,,,,,,,
1791271187.438389,418148,tracking_feedback_accumulate,1042,,20775,,,160253440,232783872,216717824,243269632,,,,,,,,3.3660000190138817,,
1791271187.4434295,418148,frontend_frame,1042,0,20775,31,8,161165312,232783872,216717824,243269632,,,,,,,,,,
1791271187.785195,418148,tracking_feedback_accumulate,1043,,20775,,,165080064,232783872,216717824,243269632,,,,,,,,2.7972999960184097,,
1791271187.790208,418148,frontend_frame,1043,0,20775,31,8,165991936,232783872,216717824,243269632,,,,,,,,,,
1791271188.1549337,418148,tracking_feedback_accumulate,1044,,20775,,,170152448,236978176,216717824,243269632,,,,,,,,2.877499908208847,,
1791271188.1610339,418148,frontend_frame,1044,0,20775,31,8,161249280,236978176,216717824,243269632,,,,,,,,,,
1791271188.5944555,418148,tracking_feedback_accumulate,1045,,20775,,,165082112,236978176,216717824,243269632,,,,,,,,2.8121001087129116,,
1791271188.5994635,418148,frontend_frame,1045,0,20775,31,8,165993984,236978176,216717824,243269632,,,,,,,,,,
1791271188.9182632,418148,tracking_feedback_accumulate,1046,,20775,,,169990656,236978176,216717824,243269632,,,,,,,,2.8868999797850847,,
1791271188.924528,418148,frontend_frame,1046,0,20775,31,8,170902528,236978176,216717824,243269632,,,,,,,,,,
1791271189.2677374,418148,tracking_feedback_accumulate,1047,,20775,,,160258560,236978176,216717824,243269632,,,,,,,,2.908600028604269,,
1791271189.3185937,418148,frontend_frame,1047,0,20775,32,8,165166080,236978176,216717824,243269632,,,,,,,,,,
1791271200.5496545,418148,tracking_feedback_accumulate,1048,,21377,,,169124864,236978176,216717824,243269632,,,,,,,,2.7675998862832785,,
1791271200.5553133,418148,frontend_frame,1048,0,21377,32,8,170190336,236978176,216717824,243269632,,,,,,,,,,
1791271200.9473617,418148,tracking_feedback_accumulate,1049,,21377,,,164386816,236978176,216717824,243269632,,,,,,,,2.827199874445796,,
1791271200.95234,418148,frontend_frame,1049,0,21377,32,8,165447680,236978176,216717824,243269632,,,,,,,,,,
1791271201.317667,418148,tracking_feedback_accumulate,1050,,21377,,,169280512,236978176,216717824,243269632,,,,,,,,3.075700020417571,,
1791271201.3236957,418148,frontend_frame,1050,0,21377,32,8,170341376,211812352,216717824,243269632,,,,,,,,,,
1791271201.6401367,418148,tracking_feedback_accumulate,1051,,21377,,,174419968,236978176,216717824,243269632,,,,,,,,2.8593000024557114,,
1791271201.6458168,418148,frontend_frame,1051,0,21377,32,8,165367808,236978176,216717824,243269632,,,,,,,,,,
1791271201.960974,418148,tracking_feedback_accumulate,1052,,21377,,,169282560,236978176,216717824,243269632,,,,,,,,2.8709000907838345,,
1791271201.9659772,418148,frontend_frame,1052,0,21377,32,8,170343936,236978176,216717824,243269632,,,,,,,,,,
1791271202.3356352,418148,tracking_feedback_accumulate,1053,,21377,,,174422528,236978176,216717824,243269632,,,,,,,,2.6769000105559826,,
1791271202.3413916,418148,frontend_frame,1053,0,21377,32,8,175483392,239075328,216717824,243269632,,,,,,,,,,
1791271202.7351928,418148,tracking_feedback_accumulate,1054,,21377,,,164228608,239075328,216717824,243269632,,,,,,,,2.801199909299612,,
1791271202.7402043,418148,frontend_frame,1054,0,21377,32,8,165289472,239075328,216717824,243269632,,,,,,,,,,
1791271203.1474717,418148,tracking_feedback_accumulate,1055,,21377,,,169368064,239075328,216717824,243269632,,,,,,,,2.8150000143796206,,
1791271203.152182,418148,frontend_frame,1055,0,21377,32,8,170428928,239075328,216717824,243269632,,,,,,,,,,
1791271203.4745076,418148,tracking_feedback_accumulate,1056,,21377,,,174425600,239075328,216717824,243269632,,,,,,,,3.7841000594198704,,
1791271203.4805117,418148,frontend_frame,1056,0,21377,32,8,165373440,239075328,216717824,243269632,,,,,,,,,,
1791271203.8713326,418148,tracking_feedback_accumulate,1057,,21377,,,169370112,239075328,216717824,243269632,,,,,,,,2.9166999738663435,,
1791271203.8768406,418148,frontend_frame,1057,0,21377,32,8,170430976,239075328,216717824,243269632,,,,,,,,,,
1791271204.2340622,418148,tracking_feedback_accumulate,1058,,21377,,,174345728,239075328,216717824,243269632,,,,,,,,3.024300094693899,,
1791271204.2380633,418148,frontend_frame,1058,0,21377,32,8,175406592,239075328,216717824,243269632,,,,,,,,,,
1791271204.592271,418148,tracking_feedback_accumulate,1059,,21377,,,164233728,239075328,216717824,243269632,,,,,,,,4.072600044310093,,
1791271204.5972707,418148,frontend_frame,1059,0,21377,32,8,165294592,239075328,216717824,243269632,,,,,,,,,,
1791271204.9805827,418148,tracking_feedback_accumulate,1060,,21377,,,169373184,239075328,216717824,243269632,,,,,,,,2.6289999950677156,,
1791271204.985831,418148,frontend_frame,1060,0,21377,32,8,170434048,211812352,216717824,243269632,,,,,,,,,,
1791271205.3462372,418148,tracking_feedback_accumulate,1061,,21377,,,174348800,236978176,216717824,243269632,,,,,,,,2.8814999386668205,,
1791271205.3512566,418148,frontend_frame,1061,0,21377,32,8,165296640,236978176,216717824,243269632,,,,,,,,,,
1791271205.7434533,418148,tracking_feedback_accumulate,1062,,21377,,,169375232,236978176,216717824,243269632,,,,,,,,3.840700024738908,,
1791271205.748558,418148,frontend_frame,1062,0,21377,32,8,170436096,236978176,216717824,243269632,,,,,,,,,,
1791271206.143958,418148,tracking_feedback_accumulate,1063,,21377,,,174432768,236978176,216717824,243269632,,,,,,,,3.3412000630050898,,
1791271206.1494887,418148,frontend_frame,1063,0,21377,32,8,165380608,236978176,216717824,243269632,,,,,,,,,,
1791271206.376893,418148,tracking_feedback_accumulate,1064,,21377,,,169377280,236978176,216717824,243269632,,,,,,,,3.9796000346541405,,
1791271206.3814578,418148,frontend_frame,1064,0,21377,32,8,170438144,236978176,216717824,243269632,,,,,,,,,,
1791271206.7649434,418148,tracking_feedback_accumulate,1065,,21377,,,174352896,236978176,216717824,243269632,,,,,,,,2.7628999669104815,,
1791271206.7704551,418148,frontend_frame,1065,0,21377,32,8,175413760,239075328,216717824,243269632,,,,,,,,,,
1791271207.1287873,418148,tracking_feedback_accumulate,1066,,21377,,,169297408,239075328,216717824,243269632,,,,,,,,3.2175001688301563,,
1791271207.1333156,418148,frontend_frame,1066,0,21377,32,8,170358272,239075328,216717824,243269632,,,,,,,,,,
1791271207.4494827,418148,tracking_feedback_accumulate,1067,,21377,,,174436864,239075328,216717824,243269632,,,,,,,,2.798300003632903,,
1791271207.4537852,418148,frontend_frame,1067,0,21377,32,8,175497728,239075328,216717824,243269632,,,,,,,,,,
1791271207.832292,418148,tracking_feedback_accumulate,1068,,21377,,,179494400,241172480,220084224,243269632,,,,,,,,2.897900063544512,,
1791271207.8398015,418148,frontend_frame,1068,0,21377,32,8,165385728,241172480,220084224,243269632,,,,,,,,,,
1791271208.2054179,418148,tracking_feedback_accumulate,1069,,21377,,,169300480,241172480,220084224,243269632,,,,,,,,2.9014002066105604,,
1791271208.2120955,418148,frontend_frame,1069,0,21377,32,8,170361344,241172480,220084224,243269632,,,,,,,,,,
1791271208.4919412,418148,tracking_feedback_accumulate,1070,,21377,,,174521856,241172480,220084224,243269632,,,,,,,,3.209899878129363,,
1791271208.4974475,418148,frontend_frame,1070,0,21377,32,8,175582720,216006656,220084224,243269632,,,,,,,,,,
1791271208.8554065,418148,tracking_feedback_accumulate,1071,,21377,,,164246016,236978176,220084224,243269632,,,,,,,,2.8560999780893326,,
1791271208.8617878,418148,frontend_frame,1071,0,21377,32,8,165306880,236978176,220084224,243269632,,,,,,,,,,
1791271209.1614203,418148,tracking_feedback_accumulate,1072,,21377,,,169385472,236978176,220084224,243269632,,,,,,,,3.260500030592084,,
1791271209.1669645,418148,frontend_frame,1072,0,21377,32,8,170446336,236978176,220084224,243269632,,,,,,,,,,
1791271209.5324855,418148,tracking_feedback_accumulate,1073,,21377,,,174361088,236978176,220084224,243269632,,,,,,,,2.8371999505907297,,
1791271209.5374954,418148,frontend_frame,1073,0,21377,32,8,165308928,236978176,220084224,243269632,,,,,,,,,,
1791271209.9247425,418148,tracking_feedback_accumulate,1074,,21377,,,169387520,236978176,220084224,243269632,,,,,,,,2.956999931484461,,
1791271209.9303126,418148,frontend_frame,1074,0,21377,32,8,170448384,236978176,220084224,243269632,,,,,,,,,,
1791271210.2807922,418148,tracking_feedback_accumulate,1075,,21377,,,174445056,236978176,220084224,243269632,,,,,,,,3.5069999285042286,,
1791271210.286302,418148,frontend_frame,1075,0,21377,32,8,175505920,239075328,220084224,243269632,,,,,,,,,,
1791271210.6146603,418148,tracking_feedback_accumulate,1076,,21377,,,164251136,239075328,220084224,243269632,,,,,,,,3.56630003079772,,
1791271210.618659,418148,frontend_frame,1076,0,21377,32,8,165312000,239075328,220084224,243269632,,,,,,,,,,
1791271210.9093482,418148,tracking_feedback_accumulate,1077,,21377,,,169308672,239075328,220084224,243269632,,,,,,,,2.7920000720769167,,
1791271210.9149966,418148,frontend_frame,1077,0,21377,32,8,170369536,239075328,220084224,243269632,,,,,,,,,,
1791271211.2004168,418148,tracking_feedback_accumulate,1078,,21377,,,174448128,239075328,220084224,243269632,,,,,,,,2.9369001276791096,,
1791271211.205433,418148,frontend_frame,1078,0,21377,32,8,165395968,239075328,220084224,243269632,,,,,,,,,,
1791271211.5324829,418148,tracking_feedback_accumulate,1079,,21377,,,169310720,239075328,220084224,243269632,,,,,,,,3.8228000048547983,,
1791271211.5369847,418148,frontend_frame,1079,0,21377,32,8,170371584,239075328,220084224,243269632,,,,,,,,,,
1791271211.786034,418148,tracking_feedback_accumulate,1080,,21377,,,174368256,239075328,220084224,243269632,,,,,,,,2.870099851861596,,
1791271211.792561,418148,frontend_frame,1080,0,21377,32,8,165316096,195035136,220084224,243269632,,,,,,,,,,
1791271212.1619325,418148,tracking_feedback_accumulate,1081,,21377,,,169394688,236978176,220084224,243269632,,,,,,,,2.8699999675154686,,
1791271212.1679325,418148,frontend_frame,1081,0,21377,32,8,170455552,236978176,220084224,243269632,,,,,,,,,,
1791271212.508776,418148,tracking_feedback_accumulate,1082,,21377,,,174370304,236978176,220084224,243269632,,,,,,,,2.946699969470501,,
1791271212.513937,418148,frontend_frame,1082,0,21377,32,8,175431168,239075328,220084224,243269632,,,,,,,,,,
1791271212.7863553,418148,tracking_feedback_accumulate,1083,,21377,,,169396736,239075328,220084224,243269632,,,,,,,,2.94229993596673,,
1791271212.7914066,418148,frontend_frame,1083,0,21377,32,8,170457600,239075328,220084224,243269632,,,,,,,,,,
1791271213.1236515,418148,tracking_feedback_accumulate,1084,,21377,,,174454272,239075328,220084224,243269632,,,,,,,,3.430600045248866,,
1791271213.128163,418148,frontend_frame,1084,0,21377,32,8,175515136,239075328,220084224,243269632,,,,,,,,,,
1791271213.5494354,418148,tracking_feedback_accumulate,1085,,21377,,,179511808,241172480,220101632,243269632,,,,,,,,3.7607999984174967,,
1791271213.5553076,418148,frontend_frame,1085,0,21377,32,8,170459648,241172480,220101632,243269632,,,,,,,,,,
1791271213.823648,418148,tracking_feedback_accumulate,1086,,21377,,,174456320,241172480,220101632,243269632,,,,,,,,2.873399993404746,,
1791271213.828159,418148,frontend_frame,1086,0,21377,32,8,175517184,241172480,220101632,243269632,,,,,,,,,,
1791271214.215786,418148,tracking_feedback_accumulate,1087,,21377,,,179513856,241172480,220103680,243269632,,,,,,,,2.8029999230057,,
1791271214.2219727,418148,frontend_frame,1087,0,21377,32,8,180574720,243269632,220103680,243269632,,,,,,,,,,
1791271214.5834675,418148,tracking_feedback_accumulate,1088,,21377,,,169401856,243269632,220103680,243269632,,,,,,,,3.0538998544216156,,
1791271214.5884664,418148,frontend_frame,1088,0,21377,32,8,170462720,243269632,220103680,243269632,,,,,,,,,,
1791271214.892319,418148,tracking_feedback_accumulate,1089,,21377,,,174459392,243269632,220103680,243269632,,,,,,,,2.8713999781757593,,
1791271214.8963184,418148,frontend_frame,1089,0,21377,32,8,175520256,243269632,220103680,243269632,,,,,,,,,,
1791271215.2317088,418148,tracking_feedback_accumulate,1090,,21377,,,179435008,243269632,220106752,243269632,,,,,,,,2.8019000310450792,,
1791271215.2382145,418148,frontend_frame,1090,0,21377,32,8,170382848,218103808,220106752,243269632,,,,,,,,,,
1791271215.5082805,418148,tracking_feedback_accumulate,1091,,21377,,,174379520,239075328,220106752,243269632,,,,,,,,2.8566999826580286,,
1791271215.513996,418148,frontend_frame,1091,0,21377,32,8,175440384,239075328,220106752,243269632,,,,,,,,,,
1791271215.7971594,418148,tracking_feedback_accumulate,1092,,21377,,,179518976,241172480,220108800,243269632,,,,,,,,2.7757000643759966,,
1791271215.8033884,418148,frontend_frame,1092,0,21377,32,8,180579840,243269632,220108800,243269632,,,,,,,,,,
1791271216.1468952,418148,tracking_feedback_accumulate,1093,,21377,,,169406976,243269632,220108800,243269632,,,,,,,,2.848000032827258,,
1791271216.154913,418148,frontend_frame,1093,0,21377,32,8,170467840,243269632,220108800,243269632,,,,,,,,,,
1791271216.5061193,418148,tracking_feedback_accumulate,1094,,21377,,,174464512,243269632,220108800,243269632,,,,,,,,2.904099877923727,,
1791271216.510395,418148,frontend_frame,1094,0,21377,32,8,175525376,243269632,220108800,243269632,,,,,,,,,,
1791271216.725461,418148,tracking_feedback_accumulate,1095,,21377,,,179440128,243269632,220111872,243269632,,,,,,,,2.850799821317196,,
1791271216.7304673,418148,frontend_frame,1095,0,21377,32,8,170387968,243269632,220111872,243269632,,,,,,,,,,
1791271217.0634792,418148,tracking_feedback_accumulate,1096,,21377,,,174548480,243269632,220111872,243269632,,,,,,,,2.7356999926269054,,
1791271217.0688174,418148,frontend_frame,1096,0,21377,32,8,175609344,243269632,220111872,243269632,,,,,,,,,,
1791271217.3953161,418148,tracking_feedback_accumulate,1097,,21377,,,179442176,243269632,220113920,243269632,,,,,,,,2.834100043401122,,
1791271217.4009876,418148,frontend_frame,1097,0,21377,32,8,180503040,243269632,220113920,243269632,,,,,,,,,,
1791271217.7140062,418148,tracking_feedback_accumulate,1098,,21377,,,164355584,243269632,220113920,243269632,,,,,,,,2.809199970215559,,
1791271217.7195096,418148,frontend_frame,1098,0,21377,32,8,165416448,243269632,220113920,243269632,,,,,,,,,,
1791271218.0581636,418148,tracking_feedback_accumulate,1099,,21377,,,169413120,243269632,220113920,243269632,,,,,,,,2.8943000361323357,,
1791271218.0627108,418148,frontend_frame,1099,0,21377,32,8,170473984,243269632,220113920,243269632,,,,,,,,,,
1791271218.4118128,418148,tracking_feedback_accumulate,1100,,21377,,,164357632,243269632,220113920,243269632,,,,,,,,2.79000005684793,,
1791271218.4168117,418148,frontend_frame,1100,0,21377,32,8,165418496,211812352,220113920,243269632,,,,,,,,,,
1791271218.7480118,418148,tracking_feedback_accumulate,1101,,21377,,,169415168,232783872,220113920,243269632,,,,,,,,2.6817999314516783,,
1791271218.7541962,418148,frontend_frame,1101,0,21377,32,8,170476032,234881024,220113920,243269632,,,,,,,,,,
1791271219.1070926,418148,tracking_feedback_accumulate,1102,,21377,,,174472704,236978176,220113920,243269632,,,,,,,,3.466299967840314,,
1791271219.113309,418148,frontend_frame,1102,0,21377,32,8,165420544,236978176,220113920,243269632,,,,,,,,,,
1791271219.4305053,418148,tracking_feedback_accumulate,1103,,21377,,,169417216,236978176,220113920,243269632,,,,,,,,2.913899952545762,,
1791271219.4352114,418148,frontend_frame,1103,0,21377,32,8,170478080,236978176,220113920,243269632,,,,,,,,,,
1791271219.7141795,418148,tracking_feedback_accumulate,1104,,21377,,,174474752,236978176,220113920,243269632,,,,,,,,6.171999964863062,,
1791271219.719688,418148,frontend_frame,1104,0,21377,32,8,175535616,239075328,220113920,243269632,,,,,,,,,,
1791271220.0394495,418148,tracking_feedback_accumulate,1105,,21377,,,164362752,239075328,220113920,243269632,,,,,,,,3.3805000130087137,,
1791271220.043462,418148,frontend_frame,1105,0,21377,32,8,165423616,239075328,220113920,243269632,,,,,,,,,,
1791271220.362075,418148,tracking_feedback_accumulate,1106,,21377,,,169420288,239075328,220113920,243269632,,,,,,,,2.908900147303939,,
1791271220.366667,418148,frontend_frame,1106,0,21377,32,8,170481152,239075328,220113920,243269632,,,,,,,,,,
1791271220.7140508,418148,tracking_feedback_accumulate,1107,,21377,,,174395904,239075328,220113920,243269632,,,,,,,,2.8257998637855053,,
1791271220.7195535,418148,frontend_frame,1107,0,21377,32,8,165343744,239075328,220113920,243269632,,,,,,,,,,
1791271221.0513077,418148,tracking_feedback_accumulate,1108,,21377,,,169504256,239075328,220113920,243269632,,,,,,,,2.6670999359339476,,
1791271221.055446,418148,frontend_frame,1108,0,21377,32,8,170565120,239075328,220113920,243269632,,,,,,,,,,
1791271221.4322872,418148,tracking_feedback_accumulate,1109,,21377,,,174397952,239075328,220113920,243269632,,,,,,,,2.7729999274015427,,
1791271221.4372873,418148,frontend_frame,1109,0,21377,32,8,175458816,239075328,220113920,243269632,,,,,,,,,,
1791271221.8031476,418148,tracking_feedback_accumulate,1110,,21377,,,164449792,239075328,220113920,243269632,,,,,,,,2.572400029748678,,
1791271221.8086572,418148,frontend_frame,1110,0,21377,32,8,165510656,211812352,220113920,243269632,,,,,,,,,,
1791271222.2258074,418148,tracking_feedback_accumulate,1111,,21377,,,169343488,232783872,220113920,243269632,,,,,,,,3.552099922671914,,
1791271222.2315013,418148,frontend_frame,1111,0,21377,32,8,170404352,234881024,220113920,243269632,,,,,,,,,,
1791271222.5769799,418148,tracking_feedback_accumulate,1112,,21377,,,174564864,236978176,220113920,243269632,,,,,,,,3.3438999671489,,
1791271222.5821924,418148,frontend_frame,1112,0,21377,32,8,165512704,236978176,220113920,243269632,,,,,,,,,,
1791271222.8948817,418148,tracking_feedback_accumulate,1113,,21377,,,169345536,236978176,220113920,243269632,,,,,,,,2.6539999525994062,,
1791271222.8988805,418148,frontend_frame,1113,0,21377,32,8,170406400,236978176,220113920,243269632,,,,,,,,,,
1791271223.286091,418148,tracking_feedback_accumulate,1114,,21377,,,174566912,236978176,220113920,243269632,,,,,,,,2.9112999327480793,,
1791271223.292392,418148,frontend_frame,1114,0,21377,32,8,175627776,239075328,220113920,243269632,,,,,,,,,,
1791271223.6369994,418148,tracking_feedback_accumulate,1115,,21377,,,164291072,239075328,220113920,243269632,,,,,,,,2.9372000135481358,,
1791271223.6426826,418148,frontend_frame,1115,0,21377,32,8,165351936,239075328,220113920,243269632,,,,,,,,,,
1791271223.997245,418148,tracking_feedback_accumulate,1116,,21377,,,169430528,239075328,220113920,243269632,,,,,,,,2.8816000558435917,,
1791271224.0022619,418148,frontend_frame,1116,0,21377,32,8,170491392,239075328,220113920,243269632,,,,,,,,,,
1791271224.2507787,418148,tracking_feedback_accumulate,1117,,21377,,,164375040,239075328,220113920,243269632,,,,,,,,2.9100000392645597,,
1791271224.2554128,418148,frontend_frame,1117,0,21377,32,8,165435904,239075328,220113920,243269632,,,,,,,,,,
1791271224.634638,418148,tracking_feedback_accumulate,1118,,21377,,,169432576,239075328,220113920,243269632,,,,,,,,2.9275999404489994,,
1791271224.639638,418148,frontend_frame,1118,0,21377,32,8,170493440,239075328,220113920,243269632,,,,,,,,,,
1791271224.961435,418148,tracking_feedback_accumulate,1119,,21377,,,174490112,239075328,220113920,243269632,,,,,,,,3.4752998035401106,,
1791271224.9664383,418148,frontend_frame,1119,0,21377,32,8,165437952,239075328,220113920,243269632,,,,,,,,,,
1791271225.2475433,418148,tracking_feedback_accumulate,1120,,21377,,,169434624,239075328,220113920,243269632,,,,,,,,2.859399886801839,,
1791271225.2522657,418148,frontend_frame,1120,0,21377,32,8,170495488,211812352,220113920,243269632,,,,,,,,,,
1791271225.5935874,418148,tracking_feedback_accumulate,1121,,21377,,,174492160,236978176,220113920,243269632,,,,,,,,3.332399995997548,,
1791271225.5985863,418148,frontend_frame,1121,0,21377,32,8,175553024,239075328,220113920,243269632,,,,,,,,,,
1791271225.9468122,418148,tracking_feedback_accumulate,1122,,21377,,,164380160,239075328,220113920,243269632,,,,,,,,3.3687001559883356,,
1791271225.9510887,418148,frontend_frame,1122,0,21377,32,8,165441024,239075328,220113920,243269632,,,,,,,,,,
1791271226.2932808,418148,tracking_feedback_accumulate,1123,,21377,,,169355776,239075328,220113920,243269632,,,,,,,,2.951700007542968,,
1791271226.345922,418148,frontend_frame,1123,0,21377,33,8,174412288,239075328,220113920,243269632,,,,,,,,,,
1791271237.581232,418148,tracking_feedback_accumulate,1124,,22000,,,168499712,239075328,220113920,243269632,,,,,,,,2.866199938580394,,
1791271237.5862644,418148,frontend_frame,1124,0,22000,33,8,169703936,239075328,220113920,243269632,,,,,,,,,,
1791271237.9342859,418148,tracking_feedback_accumulate,1125,,22000,,,173536768,260046848,220113920,260046848,,,,,,,,2.8105999808758497,,
1791271237.9403005,418148,frontend_frame,1125,0,22000,33,8,174736896,260046848,220113920,260046848,,,,,,,,,,
1791271238.2711291,418148,tracking_feedback_accumulate,1126,,22000,,,178815488,260046848,220113920,260046848,,,,,,,,2.904799999669194,,
1791271238.2776413,418148,frontend_frame,1126,0,22000,33,8,169624064,260046848,220113920,260046848,,,,,,,,,,
1791271238.6726806,418148,tracking_feedback_accumulate,1127,,22000,,,173620736,260046848,220113920,260046848,,,,,,,,3.024699864909053,,
1791271238.677709,418148,frontend_frame,1127,0,22000,33,8,174820864,260046848,220113920,260046848,,,,,,,,,,
1791271239.0096056,418148,tracking_feedback_accumulate,1128,,22000,,,178817536,260046848,220113920,260046848,,,,,,,,3.562800120562315,,
1791271239.0143158,418148,frontend_frame,1128,0,22000,33,8,180018176,260046848,220113920,260046848,,,,,,,,,,
1791271239.364042,418148,tracking_feedback_accumulate,1129,,22000,,,168345600,260046848,220113920,260046848,,,,,,,,2.8379999566823244,,
1791271239.368042,418148,frontend_frame,1129,0,22000,33,8,169545728,260046848,220113920,260046848,,,,,,,,,,
1791271239.7208836,418148,tracking_feedback_accumulate,1130,,22000,,,173706240,260046848,220113920,260046848,,,,,,,,2.8933000285178423,,
1791271239.7265587,418148,frontend_frame,1130,0,22000,33,8,174906368,213909504,220113920,260046848,,,,,,,,,,
1791271240.1282654,418148,tracking_feedback_accumulate,1131,,22000,,,178739200,257949696,220113920,260046848,,,,,,,,2.9674998950213194,,
1791271240.1339912,418148,frontend_frame,1131,0,22000,33,8,169547776,257949696,220113920,260046848,,,,,,,,,,
1791271240.4616,418148,tracking_feedback_accumulate,1132,,22000,,,173626368,257949696,220113920,260046848,,,,,,,,3.2689999788999557,,
1791271240.4666033,418148,frontend_frame,1132,0,22000,33,8,174826496,257949696,220113920,260046848,,,,,,,,,,
1791271240.881266,418148,tracking_feedback_accumulate,1133,,22000,,,178823168,257949696,220113920,260046848,,,,,,,,2.98850005492568,,
1791271240.8862703,418148,frontend_frame,1133,0,22000,33,8,180023296,260046848,220113920,260046848,,,,,,,,,,
1791271241.286335,418148,tracking_feedback_accumulate,1134,,22000,,,168350720,260046848,220113920,260046848,,,,,,,,3.083800198510289,,
1791271241.291577,418148,frontend_frame,1134,0,22000,33,8,169550848,260046848,220113920,260046848,,,,,,,,,,
1791271241.6352217,418148,tracking_feedback_accumulate,1135,,22000,,,173547520,260046848,220113920,260046848,,,,,,,,2.9883000534027815,,
1791271241.6397247,418148,frontend_frame,1135,0,22000,33,8,174747648,260046848,220113920,260046848,,,,,,,,,,
1791271242.0443077,418148,tracking_feedback_accumulate,1136,,22000,,,178826240,260046848,220113920,260046848,,,,,,,,3.1049998942762613,,
1791271242.0503201,418148,frontend_frame,1136,0,22000,33,8,169634816,260046848,220113920,260046848,,,,,,,,,,
1791271242.4178681,418148,tracking_feedback_accumulate,1137,,22000,,,173549568,260046848,220113920,260046848,,,,,,,,2.975999843329191,,
1791271242.4220665,418148,frontend_frame,1137,0,22000,33,8,174749696,260046848,220113920,260046848,,,,,,,,,,
1791271242.8206,418148,tracking_feedback_accumulate,1138,,22000,,,178828288,260046848,220113920,260046848,,,,,,,,2.8774000238627195,,
1791271242.8266933,418148,frontend_frame,1138,0,22000,33,8,169636864,260046848,220113920,260046848,,,,,,,,,,
1791271243.1436813,418148,tracking_feedback_accumulate,1139,,22000,,,173551616,260046848,220113920,260046848,,,,,,,,2.9757998418062925,,
1791271243.1486826,418148,frontend_frame,1139,0,22000,33,8,174751744,260046848,220113920,260046848,,,,,,,,,,
1791271243.4228573,418148,tracking_feedback_accumulate,1140,,22000,,,178748416,260046848,220113920,260046848,,,,,,,,3.025999991223216,,
1791271243.4281251,418148,frontend_frame,1140,0,22000,33,8,179948544,218103808,220113920,260046848,,,,,,,,,,
1791271243.7053554,418148,tracking_feedback_accumulate,1141,,22000,,,173635584,239075328,220113920,260046848,,,,,,,,2.9360000044107437,,
1791271243.7110472,418148,frontend_frame,1141,0,22000,33,8,174835712,239075328,220113920,260046848,,,,,,,,,,
1791271244.092415,418148,tracking_feedback_accumulate,1142,,22000,,,178832384,239075328,220113920,260046848,,,,,,,,2.8742998838424683,,
1791271244.0974424,418148,frontend_frame,1142,0,22000,33,8,180032512,239075328,220113920,260046848,,,,,,,,,,
1791271244.4486718,418148,tracking_feedback_accumulate,1143,,22000,,,184029184,264241152,224631808,264241152,,,,,,,,3.9285998791456223,,
1791271244.4553974,418148,frontend_frame,1143,0,22000,33,8,174837760,264241152,224631808,264241152,,,,,,,,,,
1791271244.8236456,418148,tracking_feedback_accumulate,1144,,22000,,,178752512,264241152,224631808,264241152,,,,,,,,2.863100031390786,,
1791271244.828678,418148,frontend_frame,1144,0,22000,33,8,179952640,264241152,224631808,264241152,,,,,,,,,,
1791271245.1594834,418148,tracking_feedback_accumulate,1145,,22000,,,184113152,264241152,224738304,264241152,,,,,,,,3.088700119405985,,
1791271245.166155,418148,frontend_frame,1145,0,22000,33,8,185313280,266338304,224738304,266338304,,,,,,,,,,
1791271245.4758399,418148,tracking_feedback_accumulate,1146,,22000,,,173558784,266338304,224738304,266338304,,,,,,,,2.788000041618943,,
1791271245.479368,418148,frontend_frame,1146,0,22000,33,8,174758912,266338304,224738304,266338304,,,,,,,,,,
1791271245.8902483,418148,tracking_feedback_accumulate,1147,,22000,,,178919424,266338304,224738304,266338304,,,,,,,,2.9193998780101538,,
1791271245.894944,418148,frontend_frame,1147,0,22000,33,8,180119552,266338304,224738304,266338304,,,,,,,,,,
1791271246.2155466,418148,tracking_feedback_accumulate,1148,,22000,,,183952384,266338304,224738304,266338304,,,,,,,,3.220299957320094,,
1791271246.221064,418148,frontend_frame,1148,0,22000,33,8,174760960,266338304,224738304,266338304,,,,,,,,,,
1791271246.6004658,418148,tracking_feedback_accumulate,1149,,22000,,,178839552,266338304,224738304,266338304,,,,,,,,3.603599965572357,,
1791271246.6051657,418148,frontend_frame,1149,0,22000,33,8,180039680,266338304,224738304,266338304,,,,,,,,,,
1791271246.9795215,418148,tracking_feedback_accumulate,1150,,22000,,,183954432,266338304,224738304,266338304,,,,,,,,3.0461999122053385,,
1791271246.98554,418148,frontend_frame,1150,0,22000,33,8,185154560,222298112,224738304,266338304,,,,,,,,,,
1791271247.3777483,418148,tracking_feedback_accumulate,1151,,22000,,,173645824,243269632,224738304,266338304,,,,,,,,2.9492999892681837,,
1791271247.3827636,418148,frontend_frame,1151,0,22000,33,8,174845952,243269632,224738304,266338304,,,,,,,,,,
1791271247.6493256,418148,tracking_feedback_accumulate,1152,,22000,,,178842624,264241152,224738304,266338304,,,,,,,,2.966900123283267,,
1791271247.6548252,418148,frontend_frame,1152,0,22000,33,8,180042752,264241152,224738304,266338304,,,,,,,,,,
1791271247.9271426,418148,tracking_feedback_accumulate,1153,,22000,,,184039424,264241152,224742912,266338304,,,,,,,,2.8751001227647066,,
1791271247.932331,418148,frontend_frame,1153,0,22000,33,8,174848000,264241152,224742912,266338304,,,,,,,,,,
1791271248.2468562,418148,tracking_feedback_accumulate,1154,,22000,,,178844672,264241152,224742912,266338304,,,,,,,,3.048199927434325,,
1791271248.2523966,418148,frontend_frame,1154,0,22000,33,8,180044800,264241152,224742912,266338304,,,,,,,,,,
1791271248.6194685,418148,tracking_feedback_accumulate,1155,,22000,,,184041472,264241152,224742912,266338304,,,,,,,,4.229699959978461,,
1791271248.6246934,418148,frontend_frame,1155,0,22000,33,8,169654272,264241152,224742912,266338304,,,,,,,,,,
1791271248.8737423,418148,tracking_feedback_accumulate,1156,,22000,,,173650944,264241152,224742912,266338304,,,,,,,,3.015900030732155,,
1791271248.8791885,418148,frontend_frame,1156,0,22000,33,8,174851072,264241152,224742912,266338304,,,,,,,,,,
1791271249.1984408,418148,tracking_feedback_accumulate,1157,,22000,,,178765824,264241152,224742912,266338304,,,,,,,,2.84289987757802,,
1791271249.2041283,418148,frontend_frame,1157,0,22000,33,8,179965952,264241152,224742912,266338304,,,,,,,,,,
1791271249.571043,418148,tracking_feedback_accumulate,1158,,22000,,,173571072,264241152,224742912,266338304,,,,,,,,3.838100004941225,,
1791271249.5760775,418148,frontend_frame,1158,0,22000,33,8,174771200,264241152,224742912,266338304,,,,,,,,,,
1791271249.948129,418148,tracking_feedback_accumulate,1159,,22000,,,178849792,264241152,224742912,266338304,,,,,,,,3.126499941572547,,
1791271249.953315,418148,frontend_frame,1159,0,22000,33,8,180049920,264241152,224742912,266338304,,,,,,,,,,
1791271250.2335558,418148,tracking_feedback_accumulate,1160,,22000,,,183964672,264241152,224742912,266338304,,,,,,,,3.1614999752491713,,
1791271250.2395556,418148,frontend_frame,1160,0,22000,33,8,174773248,222298112,224742912,266338304,,,,,,,,,,
1791271250.545789,418148,tracking_feedback_accumulate,1161,,22000,,,178851840,243269632,224742912,266338304,,,,,,,,2.8475001454353333,,
1791271250.5509965,418148,frontend_frame,1161,0,22000,33,8,180051968,243269632,224742912,266338304,,,,,,,,,,
1791271250.8757696,418148,tracking_feedback_accumulate,1162,,22000,,,184048640,264241152,224742912,266338304,,,,,,,,2.9670000076293945,,
1791271250.8819602,418148,frontend_frame,1162,0,22000,33,8,185248768,266338304,224742912,266338304,,,,,,,,,,
1791271251.041269,418148,tracking_feedback_accumulate,1163,,22000,,,173658112,266338304,224742912,266338304,,,,,,,,3.0149000231176615,,
1791271251.0462725,418148,frontend_frame,1163,0,22000,33,8,174858240,266338304,224742912,266338304,,,,,,,,,,
1791271251.3738043,418148,tracking_feedback_accumulate,1164,,22000,,,178854912,266338304,224742912,266338304,,,,,,,,2.9996999073773623,,
1791271251.3783143,418148,frontend_frame,1164,0,22000,33,8,180055040,266338304,224742912,266338304,,,,,,,,,,
1791271251.7568455,418148,tracking_feedback_accumulate,1165,,22000,,,184051712,266338304,224744960,266338304,,,,,,,,3.5029000137001276,,
1791271251.7623541,418148,frontend_frame,1165,0,22000,33,8,174860288,266338304,224744960,266338304,,,,,,,,,,
1791271252.0786948,418148,tracking_feedback_accumulate,1166,,22000,,,178775040,266338304,224744960,266338304,,,,,,,,2.9893999453634024,,
1791271252.0847056,418148,frontend_frame,1166,0,22000,33,8,179975168,266338304,224744960,266338304,,,,,,,,,,
1791271252.4621692,418148,tracking_feedback_accumulate,1167,,22000,,,184135680,266338304,224744960,266338304,,,,,,,,2.927199937403202,,
1791271252.4681826,418148,frontend_frame,1167,0,22000,33,8,185335808,266338304,224744960,266338304,,,,,,,,,,
1791271252.8446624,418148,tracking_feedback_accumulate,1168,,22000,,,173581312,266338304,224744960,266338304,,,,,,,,2.9857999179512262,,
1791271252.849647,418148,frontend_frame,1168,0,22000,33,8,174781440,266338304,224744960,266338304,,,,,,,,,,
1791271253.1117275,418148,tracking_feedback_accumulate,1169,,22000,,,178860032,266338304,224744960,266338304,,,,,,,,2.980099990963936,,
1791271253.1167276,418148,frontend_frame,1169,0,22000,33,8,180060160,266338304,224744960,266338304,,,,,,,,,,
1791271253.4106677,418148,tracking_feedback_accumulate,1170,,22000,,,183974912,266338304,224745472,266338304,,,,,,,,3.0280998907983303,,
1791271253.4163609,418148,frontend_frame,1170,0,22000,33,8,174783488,222298112,224745472,266338304,,,,,,,,,,
1791271253.736946,418148,tracking_feedback_accumulate,1171,,22000,,,178780160,243269632,224745472,266338304,,,,,,,,2.89939995855093,,
1791271253.7424762,418148,frontend_frame,1171,0,22000,33,8,179980288,243269632,224745472,266338304,,,,,,,,,,
1791271254.0479457,418148,tracking_feedback_accumulate,1172,,22000,,,184058880,243269632,224769024,266338304,,,,,,,,2.871900098398328,,
1791271254.054522,418148,frontend_frame,1172,0,22000,33,8,185259008,245366784,224769024,266338304,,,,,,,,,,
1791271254.384487,418148,tracking_feedback_accumulate,1173,,22000,,,173668352,266338304,224769024,266338304,,,,,,,,2.606600057333708,,
1791271254.3879936,418148,frontend_frame,1173,0,22000,33,8,174868480,266338304,224769024,266338304,,,,,,,,,,
1791271254.655473,418148,tracking_feedback_accumulate,1174,,22000,,,178783232,266338304,224769024,266338304,,,,,,,,2.868700074031949,,
1791271254.6604908,418148,frontend_frame,1174,0,22000,33,8,179983360,266338304,224769024,266338304,,,,,,,,,,
1791271255.0515702,418148,tracking_feedback_accumulate,1175,,22000,,,173752320,266338304,224769024,266338304,,,,,,,,2.99880001693964,,
1791271255.0555701,418148,frontend_frame,1175,0,22000,33,8,174952448,266338304,224769024,266338304,,,,,,,,,,
1791271255.4043543,418148,tracking_feedback_accumulate,1176,,22000,,,178785280,266338304,224769024,266338304,,,,,,,,2.6391001883894205,,
1791271255.4093661,418148,frontend_frame,1176,0,22000,33,8,179985408,266338304,224769024,266338304,,,,,,,,,,
1791271255.7809758,418148,tracking_feedback_accumulate,1177,,22000,,,184064000,266338304,224769024,266338304,,,,,,,,2.96920002438128,,
1791271255.785979,418148,frontend_frame,1177,0,22000,33,8,174872576,266338304,224769024,266338304,,,,,,,,,,
1791271256.1204782,418148,tracking_feedback_accumulate,1178,,22000,,,178787328,266338304,224769024,266338304,,,,,,,,2.88609997369349,,
1791271256.1256561,418148,frontend_frame,1178,0,22000,33,8,179987456,266338304,224769024,266338304,,,,,,,,,,
1791271256.5034816,418148,tracking_feedback_accumulate,1179,,22000,,,183984128,266338304,224769024,266338304,,,,,,,,3.0292998999357224,,
1791271256.5096977,418148,frontend_frame,1179,0,22000,33,8,185184256,266338304,224769024,266338304,,,,,,,,,,
1791271256.8796964,418148,tracking_feedback_accumulate,1180,,22000,,,173675520,266338304,224769024,266338304,,,,,,,,2.826299984008074,,
1791271256.8848689,418148,frontend_frame,1180,0,22000,33,8,174875648,222298112,224769024,266338304,,,,,,,,,,
1791271257.2781663,418148,tracking_feedback_accumulate,1181,,22000,,,178872320,264241152,224769024,266338304,,,,,,,,3.465800080448389,,
1791271257.2823532,418148,frontend_frame,1181,0,22000,33,8,180072448,264241152,224769024,266338304,,,,,,,,,,
1791271257.5610926,418148,tracking_feedback_accumulate,1182,,22000,,,184069120,264241152,224779776,266338304,,,,,,,,3.208799986168742,,
1791271257.5660965,418148,frontend_frame,1182,0,22000,33,8,174877696,264241152,224779776,266338304,,,,,,,,,,
1791271257.8255308,418148,tracking_feedback_accumulate,1183,,22000,,,178874368,264241152,224779776,266338304,,,,,,,,2.9340002220124006,,
1791271257.8305624,418148,frontend_frame,1183,0,22000,33,8,180074496,264241152,224779776,266338304,,,,,,,,,,
1791271258.2185416,418148,tracking_feedback_accumulate,1184,,22000,,,184071168,264241152,224779776,266338304,,,,,,,,2.958300057798624,,
1791271258.2244318,418148,frontend_frame,1184,0,22000,33,8,185271296,266338304,224779776,266338304,,,,,,,,,,
1791271258.5793836,418148,tracking_feedback_accumulate,1185,,22000,,,173598720,266338304,224779776,266338304,,,,,,,,3.6128999199718237,,
1791271258.5840871,418148,frontend_frame,1185,0,22000,33,8,174798848,266338304,224779776,266338304,,,,,,,,,,
1791271258.9541438,418148,tracking_feedback_accumulate,1186,,22000,,,178795520,266338304,224779776,266338304,,,,,,,,2.779599977657199,,
1791271258.9582787,418148,frontend_frame,1186,0,22000,33,8,179995648,266338304,224779776,266338304,,,,,,,,,,
1791271259.091694,418148,tracking_feedback_accumulate,1187,,22000,,,184074240,266338304,224779776,266338304,,,,,,,,3.0718999914824963,,
1791271259.0976944,418148,frontend_frame,1187,0,22000,33,8,174882816,266338304,224779776,266338304,,,,,,,,,,
1791271259.4663687,418148,tracking_feedback_accumulate,1188,,22000,,,178797568,266338304,224779776,266338304,,,,,,,,3.1934999860823154,,
1791271259.4710588,418148,frontend_frame,1188,0,22000,33,8,179997696,266338304,224779776,266338304,,,,,,,,,,
1791271259.7833054,418148,tracking_feedback_accumulate,1189,,22000,,,184076288,266338304,224779776,266338304,,,,,,,,2.9823998920619488,,
1791271259.7883165,418148,frontend_frame,1189,0,22000,33,8,185276416,266338304,224779776,266338304,,,,,,,,,,
1791271260.104324,418148,tracking_feedback_accumulate,1190,,22000,,,173603840,266338304,224779776,266338304,,,,,,,,3.187099937349558,,
1791271260.1103477,418148,frontend_frame,1190,0,22000,33,8,174803968,222298112,224779776,266338304,,,,,,,,,,
1791271260.5112438,418148,tracking_feedback_accumulate,1191,,22000,,,178882560,243269632,224779776,266338304,,,,,,,,2.934599993750453,,
1791271260.516281,418148,frontend_frame,1191,0,22000,33,8,180082688,243269632,224779776,266338304,,,,,,,,,,
1791271260.7771118,418148,tracking_feedback_accumulate,1192,,22000,,,173605888,264241152,224779776,266338304,,,,,,,,4.247900098562241,,
1791271260.7831318,418148,frontend_frame,1192,0,22000,33,8,174806016,264241152,224779776,266338304,,,,,,,,,,
1791271260.9882095,418148,tracking_feedback_accumulate,1193,,22000,,,178884608,264241152,224779776,266338304,,,,,,,,2.9630998615175486,,
1791271260.9927719,418148,frontend_frame,1193,0,22000,33,8,180084736,264241152,224779776,266338304,,,,,,,,,,
1791271261.3875198,418148,tracking_feedback_accumulate,1194,,22000,,,184081408,264241152,224779776,266338304,,,,,,,,2.9013999737799168,,
1791271261.3933148,418148,frontend_frame,1194,0,22000,33,8,174889984,264241152,224779776,266338304,,,,,,,,,,
1791271261.5631864,418148,tracking_feedback_accumulate,1195,,22000,,,178886656,264241152,224779776,266338304,,,,,,,,2.872500102967024,,
1791271261.5671873,418148,frontend_frame,1195,0,22000,33,8,180086784,264241152,224779776,266338304,,,,,,,,,,
1791271261.8647017,418148,tracking_feedback_accumulate,1196,,22000,,,184083456,264241152,224779776,266338304,,,,,,,,2.7449000626802444,,
1791271261.8735728,418148,frontend_frame,1196,0,22000,33,8,185283584,266338304,224779776,266338304,,,,,,,,,,
1791271262.195486,418148,tracking_feedback_accumulate,1197,,22000,,,173611008,266338304,224779776,266338304,,,,,,,,2.8264999855309725,,
1791271262.2012713,418148,frontend_frame,1197,0,22000,33,8,174811136,266338304,224779776,266338304,,,,,,,,,,
1791271262.5597045,418148,tracking_feedback_accumulate,1198,,22000,,,178971648,266338304,224779776,266338304,,,,,,,,2.9452999588102102,,
1791271262.5641499,418148,frontend_frame,1198,0,22000,33,8,180171776,266338304,224779776,266338304,,,,,,,,,,
1791271262.8734696,418148,tracking_feedback_accumulate,1199,,22000,,,184004608,266338304,224779776,266338304,,,,,,,,3.0490001663565636,,
1791271262.8793893,418148,frontend_frame,1199,0,22000,33,8,174813184,266338304,224779776,266338304,,,,,,,,,,
1791271263.254339,418148,tracking_feedback_accumulate,1200,,22000,,,178973696,266338304,224779776,266338304,,,,,,,,2.877499908208847,,
1791271263.2594595,418148,frontend_frame,1200,0,22000,33,8,180173824,222298112,224779776,266338304,,,,,,,,,,
1791271263.655506,418148,tracking_feedback_accumulate,1201,,22000,,,184006656,264241152,224779776,266338304,,,,,,,,4.426599945873022,,
1791271263.7071178,418148,frontend_frame,1201,0,22000,34,8,189202432,266338304,224779776,266338304,,,,,,,,,,
1791271275.027294,418148,tracking_feedback_accumulate,1202,,22417,,,177807360,266338304,224779776,266338304,,,,,,,,2.948499983176589,,
1791271275.0319686,418148,frontend_frame,1202,0,22417,34,8,179112960,266338304,224779776,266338304,,,,,,,,,,
1791271275.3941936,418148,tracking_feedback_accumulate,1203,,22417,,,182945792,266338304,224779776,266338304,,,,,,,,2.921300008893013,,
1791271275.3999126,418148,frontend_frame,1203,0,22417,34,8,184248320,266338304,224779776,266338304,,,,,,,,,,
1791271275.7506268,418148,tracking_feedback_accumulate,1204,,22417,,,177730560,266338304,224779776,266338304,,,,,,,,2.920800121501088,,
1791271275.75563,418148,frontend_frame,1204,0,22417,34,8,179033088,266338304,224779776,266338304,,,,,,,,,,
1791271276.1011035,418148,tracking_feedback_accumulate,1205,,22417,,,182947840,266338304,224779776,266338304,,,,,,,,2.9124999418854713,,
1791271276.1051075,418148,frontend_frame,1205,0,22417,34,8,184250368,266338304,224779776,266338304,,,,,,,,,,
1791271276.316923,418148,tracking_feedback_accumulate,1206,,22417,,,188247040,266338304,230246912,266338304,,,,,,,,3.7875999696552753,,
1791271276.322938,418148,frontend_frame,1206,0,22417,34,8,178953728,266338304,230246912,266338304,,,,,,,,,,
1791271276.7212718,418148,tracking_feedback_accumulate,1207,,22417,,,183032320,266338304,230246912,266338304,,,,,,,,3.1246000435203314,,
1791271276.7258186,418148,frontend_frame,1207,0,22417,34,8,184334848,266338304,230246912,266338304,,,,,,,,,,
1791271277.083214,418148,tracking_feedback_accumulate,1208,,22417,,,188249600,266338304,230249472,266338304,,,,,,,,3.3233000431209803,,
1791271277.08872,418148,frontend_frame,1208,0,22417,34,8,189552128,266338304,230249472,266338304,,,,,,,,,,
1791271277.381346,418148,tracking_feedback_accumulate,1209,,22417,,,177736192,266338304,230249472,266338304,,,,,,,,3.511900082230568,,
1791271277.3868556,418148,frontend_frame,1209,0,22417,34,8,179038720,266338304,230249472,266338304,,,,,,,,,,
1791271277.771181,418148,tracking_feedback_accumulate,1210,,22417,,,183035392,266338304,230249472,266338304,,,,,,,,2.943699946627021,,
1791271277.7767093,418148,frontend_frame,1210,0,22417,34,8,184337920,222298112,230249472,266338304,,,,,,,,,,
1791271278.1479814,418148,tracking_feedback_accumulate,1211,,22417,,,188252672,264241152,230252544,266338304,,,,,,,,3.142699832096696,,
1791271278.1539962,418148,frontend_frame,1211,0,22417,34,8,178958848,264241152,230252544,266338304,,,,,,,,,,
1791271278.498114,418148,tracking_feedback_accumulate,1212,,22417,,,182955520,264241152,230252544,266338304,,,,,,,,3.0805000569671392,,
1791271278.5031295,418148,frontend_frame,1212,0,22417,34,8,184258048,264241152,230252544,266338304,,,,,,,,,,
1791271278.8401175,418148,tracking_feedback_accumulate,1213,,22417,,,188336640,264241152,230254592,266338304,,,,,,,,2.7051002252846956,,
1791271278.8451352,418148,frontend_frame,1213,0,22417,34,8,189639168,266338304,230254592,266338304,,,,,,,,,,
1791271279.216938,418148,tracking_feedback_accumulate,1214,,22417,,,177741312,266338304,230254592,266338304,,,,,,,,3.4367998596280813,,
1791271279.221137,418148,frontend_frame,1214,0,22417,34,8,179043840,266338304,230254592,266338304,,,,,,,,,,
1791271279.6162672,418148,tracking_feedback_accumulate,1215,,22417,,,183040512,266338304,230254592,266338304,,,,,,,,2.9401001520454884,,
1791271279.620277,418148,frontend_frame,1215,0,22417,34,8,184343040,266338304,230254592,266338304,,,,,,,,,,
1791271279.943397,418148,tracking_feedback_accumulate,1216,,22417,,,188339712,266338304,230257664,266338304,,,,,,,,2.9007999692112207,,
1791271279.9489026,418148,frontend_frame,1216,0,22417,34,8,179045888,266338304,230257664,266338304,,,,,,,,,,
1791271280.2863936,418148,tracking_feedback_accumulate,1217,,22417,,,183042560,266338304,230257664,266338304,,,,,,,,3.0879999976605177,,
1791271280.2919207,418148,frontend_frame,1217,0,22417,34,8,184345088,266338304,230257664,266338304,,,,,,,,,,
1791271280.6419516,418148,tracking_feedback_accumulate,1218,,22417,,,188341760,266338304,230259712,266338304,,,,,,,,2.9164000879973173,,
1791271280.6469495,418148,frontend_frame,1218,0,22417,34,8,179047936,266338304,230259712,266338304,,,,,,,,,,
1791271280.9510722,418148,tracking_feedback_accumulate,1219,,22417,,,182962688,266338304,230259712,266338304,,,,,,,,3.0777999199926853,,
1791271280.9560764,418148,frontend_frame,1219,0,22417,34,8,184265216,266338304,230259712,266338304,,,,,,,,,,
1791271281.3187385,418148,tracking_feedback_accumulate,1220,,22417,,,188261888,266338304,230261760,266338304,,,,,,,,3.2271998934447765,,
1791271281.3247561,418148,frontend_frame,1220,0,22417,34,8,189564416,224395264,230261760,266338304,,,,,,,,,,
1791271281.605212,418148,tracking_feedback_accumulate,1221,,22417,,,183046656,266338304,230261760,266338304,,,,,,,,3.0980000738054514,,
1791271281.6102214,418148,frontend_frame,1221,0,22417,34,8,184349184,266338304,230261760,266338304,,,,,,,,,,
1791271281.9815931,418148,tracking_feedback_accumulate,1222,,22417,,,188345856,266338304,230263808,266338304,,,,,,,,2.920999890193343,,
1791271281.9875963,418148,frontend_frame,1222,0,22417,34,8,189648384,266338304,230263808,266338304,,,,,,,,,,
1791271282.3336284,418148,tracking_feedback_accumulate,1223,,22417,,,193645056,270532608,235563008,270532608,,,,,,,,2.992900088429451,,
1791271282.3396266,418148,frontend_frame,1223,0,22417,34,8,184351232,270532608,235563008,270532608,,,,,,,,,,
1791271282.665326,418148,tracking_feedback_accumulate,1224,,22417,,,188347904,270532608,235563008,270532608,,,,,,,,2.916499972343445,,
1791271282.6716926,418148,frontend_frame,1224,0,22417,34,8,189650432,270532608,235563008,270532608,,,,,,,,,,
1791271283.0754795,418148,tracking_feedback_accumulate,1225,,22417,,,193565184,270532608,235565056,270532608,,,,,,,,3.20159993134439,,
1791271283.0804942,418148,frontend_frame,1225,0,22417,34,8,194867712,272629760,235565056,272629760,,,,,,,,,,
1791271283.4823909,418148,tracking_feedback_accumulate,1226,,22417,,,183133696,272629760,235565056,272629760,,,,,,,,2.633200027048588,,
1791271283.4868958,418148,frontend_frame,1226,0,22417,34,8,184436224,272629760,235565056,272629760,,,,,,,,,,
1791271283.812015,418148,tracking_feedback_accumulate,1227,,22417,,,188269056,272629760,235565056,272629760,,,,,,,,2.9287999495863914,,
1791271283.8173819,418148,frontend_frame,1227,0,22417,34,8,189571584,272629760,235565056,272629760,,,,,,,,,,
1791271284.1112077,418148,tracking_feedback_accumulate,1228,,22417,,,193650176,272629760,235568128,272629760,,,,,,,,3.1147999688982964,,
1791271284.1157172,418148,frontend_frame,1228,0,22417,34,8,184356352,272629760,235568128,272629760,,,,,,,,,,
1791271284.4797077,418148,tracking_feedback_accumulate,1229,,22417,,,188353024,272629760,235568128,272629760,,,,,,,,2.726699924096465,,
1791271284.4847224,418148,frontend_frame,1229,0,22417,34,8,189655552,272629760,235568128,272629760,,,,,,,,,,
1791271284.8670104,418148,tracking_feedback_accumulate,1230,,22417,,,193652224,272629760,235570176,272629760,,,,,,,,2.7746001724153757,,
1791271284.8735387,418148,frontend_frame,1230,0,22417,34,8,194954752,228589568,235570176,272629760,,,,,,,,,,
1791271285.212628,418148,tracking_feedback_accumulate,1231,,22417,,,182974976,270532608,235570176,272629760,,,,,,,,3.3385998103767633,,
1791271285.2174623,418148,frontend_frame,1231,0,22417,34,8,184277504,270532608,235570176,272629760,,,,,,,,,,
1791271285.4617767,418148,tracking_feedback_accumulate,1232,,22417,,,188438016,270532608,235570176,272629760,,,,,,,,2.880699932575226,,
1791271285.4682822,418148,frontend_frame,1232,0,22417,34,8,189740544,270532608,235570176,272629760,,,,,,,,,,
1791271285.84393,418148,tracking_feedback_accumulate,1233,,22417,,,193573376,270532608,235573248,272629760,,,,,,,,2.790899947285652,,
1791271285.84793,418148,frontend_frame,1233,0,22417,34,8,184279552,270532608,235573248,272629760,,,,,,,,,,
1791271286.1962376,418148,tracking_feedback_accumulate,1234,,22417,,,188358144,270532608,235573248,272629760,,,,,,,,2.9053001198917627,,
1791271286.2024086,418148,frontend_frame,1234,0,22417,34,8,189660672,270532608,235573248,272629760,,,,,,,,,,
1791271286.5329437,418148,tracking_feedback_accumulate,1235,,22417,,,193657344,270532608,235575296,272629760,,,,,,,,2.8530999552458525,,
1791271286.5379467,418148,frontend_frame,1235,0,22417,34,8,194959872,272629760,235575296,272629760,,,,,,,,,,
1791271286.9410317,418148,tracking_feedback_accumulate,1236,,22417,,,183062016,272629760,235575296,272629760,,,,,,,,4.058600170537829,,
1791271286.9465458,418148,frontend_frame,1236,0,22417,34,8,184364544,272629760,235575296,272629760,,,,,,,,,,
1791271287.256027,418148,tracking_feedback_accumulate,1237,,22417,,,188279296,272629760,235575296,272629760,,,,,,,,2.7666001114994287,,
1791271287.2622402,418148,frontend_frame,1237,0,22417,34,8,189581824,272629760,235575296,272629760,,,,,,,,,,
1791271287.6647267,418148,tracking_feedback_accumulate,1238,,22417,,,183145984,272629760,235575296,272629760,,,,,,,,2.8814999386668205,,
1791271287.6687262,418148,frontend_frame,1238,0,22417,34,8,184448512,272629760,235575296,272629760,,,,,,,,,,
1791271288.0236037,418148,tracking_feedback_accumulate,1239,,22417,,,188281344,272629760,235575296,272629760,,,,,,,,2.817399799823761,,
1791271288.0306122,418148,frontend_frame,1239,0,22417,34,8,189583872,272629760,235575296,272629760,,,,,,,,,,
1791271288.398418,418148,tracking_feedback_accumulate,1240,,22417,,,193580544,272629760,235580416,272629760,,,,,,,,2.9345001094043255,,
1791271288.4041257,418148,frontend_frame,1240,0,22417,34,8,184286720,224395264,235580416,272629760,,,,,,,,,,
1791271288.7826912,418148,tracking_feedback_accumulate,1241,,22417,,,188365312,266338304,235580416,272629760,,,,,,,,2.981300000101328,,
1791271288.7887032,418148,frontend_frame,1241,0,22417,34,8,189667840,266338304,235580416,272629760,,,,,,,,,,
1791271289.2322972,418148,tracking_feedback_accumulate,1242,,22417,,,193582592,270532608,235582464,272629760,,,,,,,,2.6867000851780176,,
1791271289.2372978,418148,frontend_frame,1242,0,22417,34,8,194885120,272629760,235582464,272629760,,,,,,,,,,
1791271289.5926335,418148,tracking_feedback_accumulate,1243,,22417,,,177689088,272629760,235582464,272629760,,,,,,,,3.1620999798178673,,
1791271289.5976346,418148,frontend_frame,1243,0,22417,34,8,178991616,272629760,235582464,272629760,,,,,,,,,,
1791271289.9757497,418148,tracking_feedback_accumulate,1244,,22417,,,183070208,272629760,235582464,272629760,,,,,,,,3.0353001784533262,,
1791271289.98093,418148,frontend_frame,1244,0,22417,34,8,184372736,272629760,235582464,272629760,,,,,,,,,,
1791271290.3384888,418148,tracking_feedback_accumulate,1245,,22417,,,188369408,272629760,235582464,272629760,,,,,,,,2.919000107795,,
1791271290.3941538,418148,frontend_frame,1245,0,22417,35,8,183071232,272629760,235582464,272629760,,,,,,,,,,
1791271301.7424,418148,tracking_feedback_accumulate,1246,,22171,,,186972160,272629760,235582464,272629760,,,,,,,,3.120600013062358,,
1791271301.7473996,418148,frontend_frame,1246,0,22171,35,8,188211712,272629760,235582464,272629760,,,,,,,,,,
1791271302.041408,418148,tracking_feedback_accumulate,1247,,22171,,,192208384,272629760,235582464,272629760,,,,,,,,3.8129999302327633,,
1791271302.046915,418148,frontend_frame,1247,0,22171,35,8,182914560,272629760,235582464,272629760,,,,,,,,,,
1791271302.4754176,418148,tracking_feedback_accumulate,1248,,22171,,,186993152,272629760,235582464,272629760,,,,,,,,3.588499967008829,,
1791271302.4804287,418148,frontend_frame,1248,0,22171,35,8,188235264,272629760,235582464,272629760,,,,,,,,,,
1791271302.7650647,418148,tracking_feedback_accumulate,1249,,22171,,,192150016,272629760,235582464,272629760,,,,,,,,3.2728000078350306,,
1791271302.7706902,418148,frontend_frame,1249,0,22171,35,8,193392128,272629760,235582464,272629760,,,,,,,,,,
1791271303.1459765,418148,tracking_feedback_accumulate,1250,,22171,,,181757440,272629760,235582464,272629760,,,,,,,,2.9076000209897757,,
1791271303.1511521,418148,frontend_frame,1250,0,22171,35,8,183000064,245366784,235582464,272629760,,,,,,,,,,
1791271303.4650104,418148,tracking_feedback_accumulate,1251,,22171,,,186914816,266338304,235582464,272629760,,,,,,,,2.9902001842856407,,
1791271303.469516,418148,frontend_frame,1251,0,22171,35,8,188156928,266338304,235582464,272629760,,,,,,,,,,
1791271303.8928003,418148,tracking_feedback_accumulate,1252,,22171,,,192235520,266338304,235582464,272629760,,,,,,,,3.8076001219451427,,
1791271303.8978007,418148,frontend_frame,1252,0,22171,35,8,183002112,266338304,235582464,272629760,,,,,,,,,,
1791271304.2919774,418148,tracking_feedback_accumulate,1253,,22171,,,186916864,266338304,235582464,272629760,,,,,,,,3.5578999668359756,,
1791271304.2979758,418148,frontend_frame,1253,0,22171,35,8,188158976,266338304,235582464,272629760,,,,,,,,,,
1791271304.6725924,418148,tracking_feedback_accumulate,1254,,22171,,,192319488,266338304,235582464,272629760,,,,,,,,2.8782000299543142,,
1791271304.6784124,418148,frontend_frame,1254,0,22171,35,8,193561600,266338304,235582464,272629760,,,,,,,,,,
1791271305.021776,418148,tracking_feedback_accumulate,1255,,22171,,,181681152,266338304,235582464,272629760,,,,,,,,2.9293999541550875,,
1791271305.027788,418148,frontend_frame,1255,0,22171,35,8,182923264,266338304,235582464,272629760,,,,,,,,,,
1791271305.436841,418148,tracking_feedback_accumulate,1256,,22171,,,187083776,266338304,235582464,272629760,,,,,,,,2.9418999329209328,,
1791271305.441361,418148,frontend_frame,1256,0,22171,35,8,188325888,266338304,235582464,272629760,,,,,,,,,,
1791271305.8742607,418148,tracking_feedback_accumulate,1257,,22171,,,192158720,266338304,235582464,272629760,,,,,,,,2.720900112763047,,
1791271305.8812993,418148,frontend_frame,1257,0,22171,35,8,182925312,266338304,235582464,272629760,,,,,,,,,,
1791271306.2665057,418148,tracking_feedback_accumulate,1258,,22171,,,187003904,266338304,235582464,272629760,,,,,,,,2.8649000450968742,,
1791271306.2716467,418148,frontend_frame,1258,0,22171,35,8,188246016,266338304,235582464,272629760,,,,,,,,,,
1791271306.6949868,418148,tracking_feedback_accumulate,1259,,22171,,,192242688,266338304,235582464,272629760,,,,,,,,3.419100074097514,,
1791271306.7004912,418148,frontend_frame,1259,0,22171,35,8,183009280,266338304,235582464,272629760,,,,,,,,,,
1791271307.0568147,418148,tracking_feedback_accumulate,1260,,22171,,,187005952,266338304,235582464,272629760,,,,,,,,2.9986000154167414,,
1791271307.062978,418148,frontend_frame,1260,0,22171,35,8,188248064,224395264,235582464,272629760,,,,,,,,,,
1791271307.4321005,418148,tracking_feedback_accumulate,1261,,22171,,,192244736,266338304,235582464,272629760,,,,,,,,3.4000000450760126,,
1791271307.4381034,418148,frontend_frame,1261,0,22171,35,8,193486848,268435456,235582464,272629760,,,,,,,,,,
1791271307.8577821,418148,tracking_feedback_accumulate,1262,,22171,,,186926080,268435456,235582464,272629760,,,,,,,,2.6612000074237585,,
1791271307.8629842,418148,frontend_frame,1262,0,22171,35,8,188168192,268435456,235582464,272629760,,,,,,,,,,
1791271308.214884,418148,tracking_feedback_accumulate,1263,,22171,,,192328704,268435456,235582464,272629760,,,,,,,,3.518100129440427,,
1791271308.221091,418148,frontend_frame,1263,0,22171,35,8,193570816,268435456,235582464,272629760,,,,,,,,,,
1791271308.617434,418148,tracking_feedback_accumulate,1264,,22171,,,197403648,270532608,239378944,272629760,,,,,,,,3.0545000918209553,,
1791271308.6224456,418148,frontend_frame,1264,0,22171,35,8,188170240,270532608,239378944,272629760,,,,,,,,,,
1791271309.032953,418148,tracking_feedback_accumulate,1265,,22171,,,192166912,270532608,239378944,272629760,,,,,,,,3.3596998546272516,,
1791271309.0393913,418148,frontend_frame,1265,0,22171,35,8,193409024,270532608,239378944,272629760,,,,,,,,,,
1791271309.35354,418148,tracking_feedback_accumulate,1266,,22171,,,197487616,270532608,239380992,272629760,,,,,,,,2.989900065585971,,
1791271309.3580472,418148,frontend_frame,1266,0,22171,35,8,198729728,272629760,239380992,272629760,,,,,,,,,,
1791271309.745823,418148,tracking_feedback_accumulate,1267,,22171,,,187013120,272629760,239380992,272629760,,,,,,,,2.895799931138754,,
1791271309.7513497,418148,frontend_frame,1267,0,22171,35,8,188255232,272629760,239380992,272629760,,,,,,,,,,
1791271310.1713665,418148,tracking_feedback_accumulate,1268,,22171,,,192169984,272629760,239380992,272629760,,,,,,,,3.125400049611926,,
1791271310.1774597,418148,frontend_frame,1268,0,22171,35,8,193412096,272629760,239380992,272629760,,,,,,,,,,
1791271310.5120473,418148,tracking_feedback_accumulate,1269,,22171,,,197408768,272629760,239384064,272629760,,,,,,,,2.942499937489629,,
1791271310.517047,418148,frontend_frame,1269,0,22171,35,8,188175360,272629760,239384064,272629760,,,,,,,,,,
1791271310.9151082,418148,tracking_feedback_accumulate,1270,,22171,,,192253952,272629760,239384064,272629760,,,,,,,,2.897100057452917,,
1791271310.9213433,418148,frontend_frame,1270,0,22171,35,8,193496064,224395264,239384064,272629760,,,,,,,,,,
1791271311.277988,418148,tracking_feedback_accumulate,1271,,22171,,,197410816,270532608,239386112,272629760,,,,,,,,2.975599840283394,,
1791271311.283753,418148,frontend_frame,1271,0,22171,35,8,198652928,272629760,239386112,272629760,,,,,,,,,,
1791271311.7019935,418148,tracking_feedback_accumulate,1272,,22171,,,181862400,272629760,239386112,272629760,,,,,,,,3.591099986806512,,
1791271311.7059925,418148,frontend_frame,1272,0,22171,35,8,183104512,272629760,239386112,272629760,,,,,,,,,,
1791271312.0877678,418148,tracking_feedback_accumulate,1273,,22171,,,186937344,272629760,239386112,272629760,,,,,,,,3.0123998876661062,,
1791271312.09209,418148,frontend_frame,1273,0,22171,35,8,188179456,272629760,239386112,272629760,,,,,,,,,,
1791271312.472048,418148,tracking_feedback_accumulate,1274,,22171,,,192258048,272629760,239386112,272629760,,,,,,,,3.0702000949531794,,
1791271312.4775538,418148,frontend_frame,1274,0,22171,35,8,183024640,272629760,239386112,272629760,,,,,,,,,,
1791271312.8271964,418148,tracking_feedback_accumulate,1275,,22171,,,187021312,272629760,239386112,272629760,,,,,,,,3.3379998058080673,,
1791271312.8323727,418148,frontend_frame,1275,0,22171,35,8,188263424,272629760,239386112,272629760,,,,,,,,,,
1791271313.138062,418148,tracking_feedback_accumulate,1276,,22171,,,192178176,272629760,239386112,272629760,,,,,,,,2.8941999189555645,,
1791271313.1437924,418148,frontend_frame,1276,0,22171,35,8,182944768,272629760,239386112,272629760,,,,,,,,,,
1791271313.4643567,418148,tracking_feedback_accumulate,1277,,22171,,,187105280,272629760,239386112,272629760,,,,,,,,2.798300003632903,,
1791271313.470388,418148,frontend_frame,1277,0,22171,35,8,188347392,272629760,239386112,272629760,,,,,,,,,,
1791271313.8879092,418148,tracking_feedback_accumulate,1278,,22171,,,192180224,272629760,239386112,272629760,,,,,,,,3.271800000220537,,
1791271313.8931062,418148,frontend_frame,1278,0,22171,35,8,193422336,272629760,239386112,272629760,,,,,,,,,,
1791271314.3097012,418148,tracking_feedback_accumulate,1279,,22171,,,187025408,272629760,239386112,272629760,,,,,,,,3.227400127798319,,
1791271314.3147013,418148,frontend_frame,1279,0,22171,35,8,188267520,272629760,239386112,272629760,,,,,,,,,,
1791271314.7659185,418148,tracking_feedback_accumulate,1280,,22171,,,192264192,272629760,239386112,272629760,,,,,,,,3.2299000304192305,,
1791271314.772667,418148,frontend_frame,1280,0,22171,35,8,193506304,245366784,239386112,272629760,,,,,,,,,,
1791271315.0959098,418148,tracking_feedback_accumulate,1281,,22171,,,197502976,270532608,239396352,272629760,,,,,,,,2.890000119805336,,
1791271315.1009822,418148,frontend_frame,1281,0,22171,35,8,188269568,270532608,239396352,272629760,,,,,,,,,,
1791271315.4861784,418148,tracking_feedback_accumulate,1282,,22171,,,192266240,270532608,239396352,272629760,,,,,,,,2.9456999618560076,,
1791271315.4914541,418148,frontend_frame,1282,0,22171,35,8,193508352,270532608,239396352,272629760,,,,,,,,,,
1791271315.8372734,418148,tracking_feedback_accumulate,1283,,22171,,,197505024,270532608,239398400,272629760,,,,,,,,3.4297998063266277,,
1791271315.8414578,418148,frontend_frame,1283,0,22171,35,8,198747136,272629760,239398400,272629760,,,,,,,,,,
1791271316.1662173,418148,tracking_feedback_accumulate,1284,,22171,,,187030528,272629760,239398400,272629760,,,,,,,,2.930600196123123,,
1791271316.1716416,418148,frontend_frame,1284,0,22171,35,8,188272640,272629760,239398400,272629760,,,,,,,,,,
1791271316.5180395,418148,tracking_feedback_accumulate,1285,,22171,,,192269312,272629760,239398400,272629760,,,,,,,,2.8335999231785536,,
1791271316.5233417,418148,frontend_frame,1285,0,22171,35,8,193511424,272629760,239398400,272629760,,,,,,,,,,
1791271316.9311745,418148,tracking_feedback_accumulate,1286,,22171,,,197508096,272629760,239401472,272629760,,,,,,,,2.8970001731067896,,
1791271316.9816086,418148,frontend_frame,1286,0,22171,36,8,192270336,272629760,239401472,272629760,,,,,,,,,,
1791271327.8505843,418148,tracking_feedback_accumulate,1287,,21617,,,196232192,272629760,239401472,272629760,,,,,,,,3.585800062865019,,
1791271327.8565874,418148,frontend_frame,1287,0,21617,36,8,197336576,272629760,239401472,272629760,,,,,,,,,,
1791271328.2218513,418148,tracking_feedback_accumulate,1288,,21617,,,201333248,272629760,243172352,272629760,,,,,,,,2.6835999451577663,,
1791271328.2269711,418148,frontend_frame,1288,0,21617,36,8,192099840,272629760,243172352,272629760,,,,,,,,,,
1791271328.6258926,418148,tracking_feedback_accumulate,1289,,21617,,,196014592,272629760,243172352,272629760,,,,,,,,2.8403999749571085,,
1791271328.632593,418148,frontend_frame,1289,0,21617,36,8,197124096,272629760,243172352,272629760,,,,,,,,,,
1791271328.9715087,418148,tracking_feedback_accumulate,1290,,21617,,,201120768,272629760,243172352,272629760,,,,,,,,2.9052000027149916,,
1791271328.9780214,418148,frontend_frame,1290,0,21617,36,8,202230272,249561088,243172352,272629760,,,,,,,,,,
1791271329.3050444,418148,tracking_feedback_accumulate,1291,,21617,,,196098560,270532608,243172352,272629760,,,,,,,,3.0097998678684235,,
1791271329.3112762,418148,frontend_frame,1291,0,21617,36,8,197208576,270532608,243172352,272629760,,,,,,,,,,
1791271329.6270506,418148,tracking_feedback_accumulate,1292,,21617,,,201123328,270532608,243172352,272629760,,,,,,,,2.9134999494999647,,
1791271329.6322432,418148,frontend_frame,1292,0,21617,36,8,202232832,270532608,243172352,272629760,,,,,,,,,,
1791271330.010123,418148,tracking_feedback_accumulate,1293,,21617,,,206229504,274726912,248150528,274726912,,,,,,,,2.8336001560091972,,
1791271330.0156476,418148,frontend_frame,1293,0,21617,36,8,197128704,274726912,248150528,274726912,,,,,,,,,,
1791271330.3478818,418148,tracking_feedback_accumulate,1294,,21617,,,201207296,274726912,248150528,274726912,,,,,,,,2.891100011765957,,
1791271330.3534257,418148,frontend_frame,1294,0,21617,36,8,202316800,274726912,248150528,274726912,,,,,,,,,,
1791271330.6061778,418148,tracking_feedback_accumulate,1295,,21617,,,206313472,274726912,248152576,274726912,,,,,,,,2.738600131124258,,
1791271330.6106842,418148,frontend_frame,1295,0,21617,36,8,207422976,276824064,248152576,276824064,,,,,,,,,,
1791271330.9415834,418148,tracking_feedback_accumulate,1296,,21617,,,196104192,276824064,248152576,276824064,,,,,,,,2.98949982970953,,
1791271330.948085,418148,frontend_frame,1296,0,21617,36,8,197213696,276824064,248152576,276824064,,,,,,,,,,
1791271331.267765,418148,tracking_feedback_accumulate,1297,,21617,,,201128448,276824064,248152576,276824064,,,,,,,,2.9926998540759087,,
1791271331.273106,418148,frontend_frame,1297,0,21617,36,8,202237952,276824064,248152576,276824064,,,,,,,,,,
1791271331.6170676,418148,tracking_feedback_accumulate,1298,,21617,,,206234624,276824064,248155648,276824064,,,,,,,,2.7050001081079245,,
1791271331.6228247,418148,frontend_frame,1298,0,21617,36,8,197133824,276824064,248155648,276824064,,,,,,,,,,
1791271332.031585,418148,tracking_feedback_accumulate,1299,,21617,,,201212416,276824064,248155648,276824064,,,,,,,,2.961500082165003,,
1791271332.0366156,418148,frontend_frame,1299,0,21617,36,8,202321920,276824064,248155648,276824064,,,,,,,,,,
1791271332.4459238,418148,tracking_feedback_accumulate,1300,,21617,,,206236672,276824064,248157696,276824064,,,,,,,,2.898300066590309,,
1791271332.4509642,418148,frontend_frame,1300,0,21617,36,8,207346176,232783872,248157696,276824064,,,,,,,,,,
1791271332.8081515,418148,tracking_feedback_accumulate,1301,,21617,,,185766400,274726912,248157696,276824064,,,,,,,,2.8733001090586185,,
1791271332.8123977,418148,frontend_frame,1301,0,21617,36,8,186875904,274726912,248157696,276824064,,,,,,,,,,
1791271333.1878605,418148,tracking_feedback_accumulate,1302,,21617,,,190790656,274726912,248157696,276824064,,,,,,,,2.8080998454242945,,
1791271333.191878,418148,frontend_frame,1302,0,21617,36,8,191900160,274726912,248157696,276824064,,,,,,,,,,
1791271333.5554445,418148,tracking_feedback_accumulate,1303,,21617,,,195896832,274726912,248157696,276824064,,,,,,,,2.885499969124794,,
1791271333.5599465,418148,frontend_frame,1303,0,21617,36,8,186796032,274726912,248157696,276824064,,,,,,,,,,
1791271333.8812978,418148,tracking_feedback_accumulate,1304,,21617,,,190874624,274726912,248157696,276824064,,,,,,,,3.0245999805629253,,
1791271333.8863018,418148,frontend_frame,1304,0,21617,36,8,191984128,274726912,248157696,276824064,,,,,,,,,,
1791271334.240966,418148,tracking_feedback_accumulate,1305,,21617,,,195980800,274726912,248157696,276824064,,,,,,,,3.3955001272261143,,
1791271334.2456279,418148,frontend_frame,1305,0,21617,36,8,186880000,274726912,248157696,276824064,,,,,,,,,,
1791271334.5299234,418148,tracking_feedback_accumulate,1306,,21617,,,190794752,274726912,248157696,276824064,,,,,,,,2.6948999147862196,,
1791271334.534604,418148,frontend_frame,1306,0,21617,36,8,191904256,274726912,248157696,276824064,,,,,,,,,,
1791271334.6751473,418148,tracking_feedback_accumulate,1307,,21617,,,195900928,274726912,248157696,276824064,,,,,,,,2.8265998698771,,
1791271334.6806507,418148,frontend_frame,1307,0,21617,36,8,197010432,274726912,248157696,276824064,,,,,,,,,,
1791271334.9691572,418148,tracking_feedback_accumulate,1308,,21617,,,190878720,274726912,248157696,276824064,,,,,,,,2.7109000366181135,,
1791271334.9748042,418148,frontend_frame,1308,0,21617,36,8,191988224,274726912,248157696,276824064,,,,,,,,,,
1791271335.220553,418148,tracking_feedback_accumulate,1309,,21617,,,195984896,274726912,248157696,276824064,,,,,,,,2.870500087738037,,
1791271335.2270865,418148,frontend_frame,1309,0,21617,36,8,197094400,274726912,248157696,276824064,,,,,,,,,,
1791271335.6461716,418148,tracking_feedback_accumulate,1310,,21617,,,201009152,274726912,248157696,276824064,,,,,,,,2.9181998688727617,,
1791271335.6523402,418148,frontend_frame,1310,0,21617,36,8,191908352,245366784,248157696,276824064,,,,,,,,,,
1791271336.0318592,418148,tracking_feedback_accumulate,1311,,21617,,,195905024,266338304,248157696,276824064,,,,,,,,2.7613001875579357,,
1791271336.0363636,418148,frontend_frame,1311,0,21617,36,8,197014528,266338304,248157696,276824064,,,,,,,,,,
1791271336.313557,418148,tracking_feedback_accumulate,1312,,21617,,,201093120,268435456,248157696,276824064,,,,,,,,3.0960000585764647,,
1791271336.3191864,418148,frontend_frame,1312,0,21617,36,8,202202624,270532608,248157696,276824064,,,,,,,,,,
1791271336.6471403,418148,tracking_feedback_accumulate,1313,,21617,,,190883840,270532608,248157696,276824064,,,,,,,,2.9724000487476587,,
1791271336.6524312,418148,frontend_frame,1313,0,21617,36,8,191993344,270532608,248157696,276824064,,,,,,,,,,
1791271337.0344405,418148,tracking_feedback_accumulate,1314,,21617,,,195908096,270532608,248157696,276824064,,,,,,,,2.970699919387698,,
1791271337.0409443,418148,frontend_frame,1314,0,21617,36,8,197017600,270532608,248157696,276824064,,,,,,,,,,
1791271337.423006,418148,tracking_feedback_accumulate,1315,,21617,,,201014272,270532608,248157696,276824064,,,,,,,,3.0519000720232725,,
1791271337.4285133,418148,frontend_frame,1315,0,21617,36,8,191913472,270532608,248157696,276824064,,,,,,,,,,
1791271337.7466252,418148,tracking_feedback_accumulate,1316,,21617,,,195992064,270532608,248157696,276824064,,,,,,,,3.1618999782949686,,
1791271337.752632,418148,frontend_frame,1316,0,21617,36,8,197101568,270532608,248157696,276824064,,,,,,,,,,
1791271338.1227071,418148,tracking_feedback_accumulate,1317,,21617,,,201098240,270532608,248157696,276824064,,,,,,,,3.002000041306019,,
1791271338.1277075,418148,frontend_frame,1317,0,21617,36,8,202207744,270532608,248157696,276824064,,,,,,,,,,
1791271338.4942524,418148,tracking_feedback_accumulate,1318,,21617,,,190807040,270532608,248157696,276824064,,,,,,,,2.9166999738663435,,
1791271338.498251,418148,frontend_frame,1318,0,21617,36,8,191916544,270532608,248157696,276824064,,,,,,,,,,
1791271338.8866067,418148,tracking_feedback_accumulate,1319,,21617,,,196077056,270532608,248157696,276824064,,,,,,,,2.728200051933527,,
1791271338.8922815,418148,frontend_frame,1319,0,21617,36,8,197186560,270532608,248157696,276824064,,,,,,,,,,
1791271339.2487092,418148,tracking_feedback_accumulate,1320,,21617,,,201019392,270532608,248157696,276824064,,,,,,,,2.97220004722476,,
1791271339.2542682,418148,frontend_frame,1320,0,21617,36,8,191918592,224395264,248157696,276824064,,,,,,,,,,
1791271339.601762,418148,tracking_feedback_accumulate,1321,,21617,,,195997184,266338304,248157696,276824064,,,,,,,,3.155800048261881,,
1791271339.607766,418148,frontend_frame,1321,0,21617,36,8,197106688,266338304,248157696,276824064,,,,,,,,,,
1791271339.8987386,418148,tracking_feedback_accumulate,1322,,21617,,,201103360,268435456,248157696,276824064,,,,,,,,2.8249998576939106,,
1791271339.9044378,418148,frontend_frame,1322,0,21617,36,8,192002560,268435456,248157696,276824064,,,,,,,,,,
1791271340.2178404,418148,tracking_feedback_accumulate,1323,,21617,,,195917312,268435456,248157696,276824064,,,,,,,,2.818299923092127,,
1791271340.2225995,418148,frontend_frame,1323,0,21617,36,8,197026816,268435456,248157696,276824064,,,,,,,,,,
1791271340.5528173,418148,tracking_feedback_accumulate,1324,,21617,,,201187328,268435456,248157696,276824064,,,,,,,,2.906800014898181,,
1791271340.5578268,418148,frontend_frame,1324,0,21617,36,8,202296832,270532608,248157696,276824064,,,,,,,,,,
1791271340.934405,418148,tracking_feedback_accumulate,1325,,21617,,,195919360,270532608,248157696,276824064,,,,,,,,2.826400101184845,,
1791271340.938528,418148,frontend_frame,1325,0,21617,36,8,197028864,270532608,248157696,276824064,,,,,,,,,,
1791271341.2335458,418148,tracking_feedback_accumulate,1326,,21617,,,201107456,270532608,248157696,276824064,,,,,,,,2.8862999752163887,,
1791271341.2375638,418148,frontend_frame,1326,0,21617,36,8,202216960,272629760,248157696,276824064,,,,,,,,,,
1791271341.550706,418148,tracking_feedback_accumulate,1327,,21617,,,206131712,274726912,248157696,276824064,,,,,,,,2.9366000089794397,,
1791271341.5557752,418148,frontend_frame,1327,0,21617,36,8,197030912,274726912,248157696,276824064,,,,,,,,,,
1791271341.9236212,418148,tracking_feedback_accumulate,1328,,21617,,,201191424,274726912,248157696,276824064,,,,,,,,2.6350999251008034,,
1791271341.927126,418148,frontend_frame,1328,0,21617,36,8,202300928,274726912,248157696,276824064,,,,,,,,,,
1791271342.3418999,418148,tracking_feedback_accumulate,1329,,21617,,,206133760,274726912,248157696,276824064,,,,,,,,2.8973999433219433,,
1791271342.347903,418148,frontend_frame,1329,0,21617,36,8,207243264,276824064,248157696,276824064,,,,,,,,,,
1791271342.66054,418148,tracking_feedback_accumulate,1330,,21617,,,185714176,276824064,248157696,276824064,,,,,,,,2.6956999208778143,,
1791271342.6648407,418148,frontend_frame,1330,0,21617,36,8,186823680,245366784,248157696,276824064,,,,,,,,,,
1791271342.9667246,418148,tracking_feedback_accumulate,1331,,21617,,,190902272,266338304,248157696,276824064,,,,,,,,2.755100140348077,,
1791271342.9719493,418148,frontend_frame,1331,0,21617,36,8,192011776,266338304,248157696,276824064,,,,,,,,,,
1791271343.2737527,418148,tracking_feedback_accumulate,1332,,21617,,,196008448,266338304,248157696,276824064,,,,,,,,2.584999892860651,,
1791271343.2782931,418148,frontend_frame,1332,0,21617,36,8,186907648,266338304,248157696,276824064,,,,,,,,,,
1791271343.5430822,418148,tracking_feedback_accumulate,1333,,21617,,,190904320,266338304,248157696,276824064,,,,,,,,2.8391999658197165,,
1791271343.547083,418148,frontend_frame,1333,0,21617,36,8,192013824,266338304,248157696,276824064,,,,,,,,,,
1791271343.9162726,418148,tracking_feedback_accumulate,1334,,21617,,,195928576,266338304,248157696,276824064,,,,,,,,3.1886999495327473,,
1791271343.9215114,418148,frontend_frame,1334,0,21617,36,8,197038080,266338304,248157696,276824064,,,,,,,,,,
1791271344.2650263,418148,tracking_feedback_accumulate,1335,,21617,,,185883136,266338304,248157696,276824064,,,,,,,,2.816899912431836,,
1791271344.270107,418148,frontend_frame,1335,0,21617,36,8,186992640,266338304,248157696,276824064,,,,,,,,,,
1791271344.5127416,418148,tracking_feedback_accumulate,1336,,21617,,,190825472,266338304,248157696,276824064,,,,,,,,2.6811000425368547,,
1791271344.517247,418148,frontend_frame,1336,0,21617,36,8,191934976,266338304,248157696,276824064,,,,,,,,,,
1791271344.895326,418148,tracking_feedback_accumulate,1337,,21617,,,196013568,266338304,248157696,276824064,,,,,,,,2.7713000308722258,,
1791271344.8998287,418148,frontend_frame,1337,0,21617,36,8,186912768,266338304,248157696,276824064,,,,,,,,,,
1791271345.2171133,418148,tracking_feedback_accumulate,1338,,21617,,,190909440,266338304,248157696,276824064,,,,,,,,3.005000064149499,,
1791271345.2211242,418148,frontend_frame,1338,0,21617,36,8,192018944,266338304,248157696,276824064,,,,,,,,,,
1791271345.5600069,418148,tracking_feedback_accumulate,1339,,21617,,,196015616,266338304,248157696,276824064,,,,,,,,2.552499994635582,,
1791271345.5646517,418148,frontend_frame,1339,0,21617,36,8,197125120,266338304,248157696,276824064,,,,,,,,,,
1791271345.8233912,418148,tracking_feedback_accumulate,1340,,21617,,,185806336,266338304,248157696,276824064,,,,,,,,3.024500096216798,,
1791271345.8283908,418148,frontend_frame,1340,0,21617,36,8,186915840,224395264,248157696,276824064,,,,,,,,,,
1791271346.1677198,418148,tracking_feedback_accumulate,1341,,21617,,,190830592,266338304,248157696,276824064,,,,,,,,2.953300019726157,,
1791271346.1717312,418148,frontend_frame,1341,0,21617,36,8,191940096,266338304,248157696,276824064,,,,,,,,,,
1791271346.5340774,418148,tracking_feedback_accumulate,1342,,21617,,,185726464,266338304,248157696,276824064,,,,,,,,3.050099825486541,,
1791271346.5390766,418148,frontend_frame,1342,0,21617,36,8,186835968,266338304,248157696,276824064,,,,,,,,,,
1791271346.8982575,418148,tracking_feedback_accumulate,1343,,21617,,,190914560,266338304,248157696,276824064,,,,,,,,2.8319000266492367,,
1791271346.9044428,418148,frontend_frame,1343,0,21617,36,8,192024064,266338304,248157696,276824064,,,,,,,,,,
1791271347.2172139,418148,tracking_feedback_accumulate,1344,,21617,,,196020736,266338304,248157696,276824064,,,,,,,,2.7222000062465668,,
1791271347.22251,418148,frontend_frame,1344,0,21617,36,8,186919936,266338304,248157696,276824064,,,,,,,,,,
1791271347.614804,418148,tracking_feedback_accumulate,1345,,21617,,,190834688,266338304,248157696,276824064,,,,,,,,2.88009992800653,,
1791271347.619812,418148,frontend_frame,1345,0,21617,36,8,191944192,266338304,248157696,276824064,,,,,,,,,,
1791271347.8626037,418148,tracking_feedback_accumulate,1346,,21617,,,196104704,266338304,248157696,276824064,,,,,,,,2.924300031736493,,
1791271347.8686035,418148,frontend_frame,1346,0,21617,36,8,197214208,266338304,248157696,276824064,,,,,,,,,,
1791271348.247579,418148,tracking_feedback_accumulate,1347,,21617,,,185731584,266338304,248157696,276824064,,,,,,,,2.7276999317109585,,
1791271348.2515914,418148,frontend_frame,1347,0,21617,36,8,186841088,266338304,248157696,276824064,,,,,,,,,,
1791271348.6036375,418148,tracking_feedback_accumulate,1348,,21617,,,190837760,266338304,248157696,276824064,,,,,,,,3.099600085988641,,
1791271348.6086454,418148,frontend_frame,1348,0,21617,36,8,191947264,266338304,248157696,276824064,,,,,,,,,,
1791271348.9558973,418148,tracking_feedback_accumulate,1349,,21617,,,196025856,266338304,248157696,276824064,,,,,,,,2.6799000333994627,,
1791271348.9610014,418148,frontend_frame,1349,0,21617,36,8,186925056,266338304,248157696,276824064,,,,,,,,,,
1791271349.3358498,418148,tracking_feedback_accumulate,1350,,21617,,,190839808,266338304,248157696,276824064,,,,,,,,2.9540001414716244,,
1791271349.3408558,418148,frontend_frame,1350,0,21617,36,8,191949312,245366784,248157696,276824064,,,,,,,,,,
1791271349.6382387,418148,tracking_feedback_accumulate,1351,,21617,,,195945984,266338304,248157696,276824064,,,,,,,,2.951999893411994,,
1791271349.6434011,418148,frontend_frame,1351,0,21617,36,8,197055488,266338304,248157696,276824064,,,,,,,,,,
1791271349.8831441,418148,tracking_feedback_accumulate,1352,,21617,,,185818624,266338304,248157696,276824064,,,,,,,,2.819799818098545,,
1791271349.8876503,418148,frontend_frame,1352,0,21617,36,8,186928128,266338304,248157696,276824064,,,,,,,,,,
1791271350.2619684,418148,tracking_feedback_accumulate,1353,,21617,,,190842880,266338304,248157696,276824064,,,,,,,,2.8516999445855618,,
1791271350.266475,418148,frontend_frame,1353,0,21617,36,8,191952384,266338304,248157696,276824064,,,,,,,,,,
1791271350.6083505,418148,tracking_feedback_accumulate,1354,,21617,,,196030976,266338304,248157696,276824064,,,,,,,,2.930399961769581,,
1791271350.6140316,418148,frontend_frame,1354,0,21617,36,8,186930176,266338304,248157696,276824064,,,,,,,,,,
1791271350.8866858,418148,tracking_feedback_accumulate,1355,,21617,,,190926848,266338304,248157696,276824064,,,,,,,,2.80599994584918,,
1791271350.891584,418148,frontend_frame,1355,0,21617,36,8,192036352,266338304,248157696,276824064,,,,,,,,,,
1791271351.5584996,418148,tracking_feedback_accumulate,1356,,21617,,,196033024,266338304,248157696,276824064,,,,,,,,3.2495998311787844,,
1791271351.5647547,418148,frontend_frame,1356,0,21617,36,8,197142528,266338304,248157696,276824064,,,,,,,,,,
1791271351.847858,418148,tracking_feedback_accumulate,1357,,21617,,,185823744,266338304,248157696,276824064,,,,,,,,2.652500057592988,,
1791271351.8514524,418148,frontend_frame,1357,0,21617,36,8,186933248,266338304,248157696,276824064,,,,,,,,,,
1791271352.3236623,418148,tracking_feedback_accumulate,1358,,21617,,,190929920,266338304,248157696,276824064,,,,,,,,3.471900010481477,,
1791271352.3296607,418148,frontend_frame,1358,0,21617,36,8,192039424,266338304,248157696,276824064,,,,,,,,,,
1791271352.6742103,418148,tracking_feedback_accumulate,1359,,21617,,,185743872,266338304,248157696,276824064,,,,,,,,2.9848001431673765,,
1791271352.6797123,418148,frontend_frame,1359,0,21617,36,8,186853376,266338304,248157696,276824064,,,,,,,,,,
1791271353.0883794,418148,tracking_feedback_accumulate,1360,,21617,,,191013888,266338304,248157696,276824064,,,,,,,,2.729400061070919,,
1791271353.0935712,418148,frontend_frame,1360,0,21617,36,8,192123392,245366784,248157696,276824064,,,,,,,,,,
1791271353.501522,418148,tracking_feedback_accumulate,1361,,21617,,,195956224,266338304,248157696,276824064,,,,,,,,2.8006001375615597,,
1791271353.5497928,418148,frontend_frame,1361,0,21617,37,8,190851072,266338304,248157696,276824064,,,,,,,,,,
1791271364.3929513,418148,tracking_feedback_accumulate,1362,,21695,,,194938368,266338304,248157696,276824064,,,,,,,,2.9097001533955336,,
1791271364.397949,418148,frontend_frame,1362,0,21695,37,8,196067840,266338304,248157696,276824064,,,,,,,,,,
1791271364.8106148,418148,tracking_feedback_accumulate,1363,,21695,,,200064512,266338304,248157696,276824064,,,,,,,,3.0386000871658325,,
1791271364.8157928,418148,frontend_frame,1363,0,21695,37,8,201193984,266338304,248157696,276824064,,,,,,,,,,
1791271365.1504328,418148,tracking_feedback_accumulate,1364,,21695,,,189753344,266338304,248157696,276824064,,,,,,,,2.877999795600772,,
1791271365.1550927,418148,frontend_frame,1364,0,21695,37,8,190882816,266338304,248157696,276824064,,,,,,,,,,
1791271365.5835063,418148,tracking_feedback_accumulate,1365,,21695,,,194879488,266338304,248157696,276824064,,,,,,,,2.910400042310357,,
1791271365.5889425,418148,frontend_frame,1365,0,21695,37,8,196008960,266338304,248157696,276824064,,,,,,,,,,
1791271365.9648514,418148,tracking_feedback_accumulate,1366,,21695,,,189837312,266338304,248157696,276824064,,,,,,,,2.8134998865425587,,
1791271365.9683545,418148,frontend_frame,1366,0,21695,37,8,190967296,266338304,248157696,276824064,,,,,,,,,,
1791271366.3397837,418148,tracking_feedback_accumulate,1367,,21695,,,194882048,266338304,248157696,276824064,,,,,,,,2.974999835714698,,
1791271366.3445437,418148,frontend_frame,1367,0,21695,37,8,196011520,266338304,248157696,276824064,,,,,,,,,,
1791271366.7250433,418148,tracking_feedback_accumulate,1368,,21695,,,200008192,266338304,248157696,276824064,,,,,,,,3.074500011280179,,
1791271366.7305443,418148,frontend_frame,1368,0,21695,37,8,190887424,266338304,248157696,276824064,,,,,,,,,,
1791271367.0655017,418148,tracking_feedback_accumulate,1369,,21695,,,194966016,266338304,248157696,276824064,,,,,,,,3.0164001509547234,,
1791271367.071758,418148,frontend_frame,1369,0,21695,37,8,196095488,266338304,248157696,276824064,,,,,,,,,,
1791271367.449779,418148,tracking_feedback_accumulate,1370,,21695,,,200010240,266338304,248157696,276824064,,,,,,,,3.0052000656723976,,
1791271367.4560435,418148,frontend_frame,1370,0,21695,37,8,201139712,245366784,248157696,276824064,,,,,,,,,,
1791271367.7539701,418148,tracking_feedback_accumulate,1371,,21695,,,189761024,266338304,248157696,276824064,,,,,,,,2.9370998963713646,,
1791271367.7589698,418148,frontend_frame,1371,0,21695,37,8,190890496,266338304,248157696,276824064,,,,,,,,,,
1791271368.1015272,418148,tracking_feedback_accumulate,1372,,21695,,,194969088,266338304,248157696,276824064,,,,,,,,2.7503001037985086,,
1791271368.1060393,418148,frontend_frame,1372,0,21695,37,8,196098560,266338304,248157696,276824064,,,,,,,,,,
1791271368.4514036,418148,tracking_feedback_accumulate,1373,,21695,,,200095232,266338304,248157696,276824064,,,,,,,,3.225400112569332,,
1791271368.4564457,418148,frontend_frame,1373,0,21695,37,8,190974464,266338304,248157696,276824064,,,,,,,,,,
1791271368.8125308,418148,tracking_feedback_accumulate,1374,,21695,,,194889216,266338304,248157696,276824064,,,,,,,,2.9112999327480793,,
1791271368.817531,418148,frontend_frame,1374,0,21695,37,8,196018688,266338304,248157696,276824064,,,,,,,,,,
1791271369.188271,418148,tracking_feedback_accumulate,1375,,21695,,,200179200,266338304,248157696,276824064,,,,,,,,2.8467997908592224,,
1791271369.1955445,418148,frontend_frame,1375,0,21695,37,8,201308672,268435456,248157696,276824064,,,,,,,,,,
1791271369.578733,418148,tracking_feedback_accumulate,1376,,21695,,,189766144,268435456,248157696,276824064,,,,,,,,2.9588001780211926,,
1791271369.582817,418148,frontend_frame,1376,0,21695,37,8,190895616,268435456,248157696,276824064,,,,,,,,,,
1791271369.917356,418148,tracking_feedback_accumulate,1377,,21695,,,194892288,268435456,248157696,276824064,,,,,,,,2.926599932834506,,
1791271369.9213667,418148,frontend_frame,1377,0,21695,37,8,196021760,268435456,248157696,276824064,,,,,,,,,,
1791271370.3613415,418148,tracking_feedback_accumulate,1378,,21695,,,200100352,268435456,248157696,276824064,,,,,,,,3.329899860545993,,
1791271370.3663442,418148,frontend_frame,1378,0,21695,37,8,190979584,268435456,248157696,276824064,,,,,,,,,,
1791271370.7399175,418148,tracking_feedback_accumulate,1379,,21695,,,194894336,268435456,248157696,276824064,,,,,,,,2.8514000587165356,,
1791271370.7456112,418148,frontend_frame,1379,0,21695,37,8,196023808,268435456,248157696,276824064,,,,,,,,,,
1791271371.0386515,418148,tracking_feedback_accumulate,1380,,21695,,,200184320,268435456,248157696,276824064,,,,,,,,2.5563000235706568,,
1791271371.0437891,418148,frontend_frame,1380,0,21695,37,8,201313792,245366784,248157696,276824064,,,,,,,,,,
1791271371.4279363,418148,tracking_feedback_accumulate,1381,,21695,,,189771264,266338304,248157696,276824064,,,,,,,,2.846099901944399,,
1791271371.4330075,418148,frontend_frame,1381,0,21695,37,8,190900736,266338304,248157696,276824064,,,,,,,,,,
1791271371.7962496,418148,tracking_feedback_accumulate,1382,,21695,,,194897408,266338304,248157696,276824064,,,,,,,,3.00579983741045,,
1791271371.8007762,418148,frontend_frame,1382,0,21695,37,8,196026880,266338304,248157696,276824064,,,,,,,,,,
1791271372.1068404,418148,tracking_feedback_accumulate,1383,,21695,,,189855232,266338304,248157696,276824064,,,,,,,,2.6452001184225082,,
1791271372.1116345,418148,frontend_frame,1383,0,21695,37,8,190984704,266338304,248157696,276824064,,,,,,,,,,
1791271372.4809692,418148,tracking_feedback_accumulate,1384,,21695,,,194981376,266338304,248157696,276824064,,,,,,,,3.023599972948432,,
1791271372.4856706,418148,frontend_frame,1384,0,21695,37,8,196110848,266338304,248157696,276824064,,,,,,,,,,
1791271372.787037,418148,tracking_feedback_accumulate,1385,,21695,,,200025600,266338304,248157696,276824064,,,,,,,,2.9311999678611755,,
1791271372.7922099,418148,frontend_frame,1385,0,21695,37,8,190904832,266338304,248157696,276824064,,,,,,,,,,
1791271373.118883,418148,tracking_feedback_accumulate,1386,,21695,,,195065344,266338304,248157696,276824064,,,,,,,,2.8775001410394907,,
1791271373.1237202,418148,frontend_frame,1386,0,21695,37,8,196194816,266338304,248157696,276824064,,,,,,,,,,
1791271373.4529393,418148,tracking_feedback_accumulate,1387,,21695,,,200027648,266338304,248157696,276824064,,,,,,,,2.9060000088065863,,
1791271373.458939,418148,frontend_frame,1387,0,21695,37,8,201157120,268435456,248157696,276824064,,,,,,,,,,
1791271373.8043597,418148,tracking_feedback_accumulate,1388,,21695,,,189860352,268435456,248157696,276824064,,,,,,,,3.032099921256304,,
1791271373.8095157,418148,frontend_frame,1388,0,21695,37,8,190989824,268435456,248157696,276824064,,,,,,,,,,
1791271374.1427503,418148,tracking_feedback_accumulate,1389,,21695,,,194986496,268435456,248157696,276824064,,,,,,,,2.8790999203920364,,
1791271374.1488736,418148,frontend_frame,1389,0,21695,37,8,196115968,268435456,248157696,276824064,,,,,,,,,,
1791271374.5330102,418148,tracking_feedback_accumulate,1390,,21695,,,200112640,268435456,248157696,276824064,,,,,,,,3.6877000238746405,,
1791271374.5391932,418148,frontend_frame,1390,0,21695,37,8,190991872,245366784,248157696,276824064,,,,,,,,,,
1791271374.9309478,418148,tracking_feedback_accumulate,1391,,21695,,,194906624,266338304,248157696,276824064,,,,,,,,3.0135000124573708,,
1791271374.9354928,418148,frontend_frame,1391,0,21695,37,8,196036096,266338304,248157696,276824064,,,,,,,,,,
1791271375.37302,418148,tracking_feedback_accumulate,1392,,21695,,,200196608,266338304,248157696,276824064,,,,,,,,2.8832999523729086,,
1791271375.3787048,418148,frontend_frame,1392,0,21695,37,8,201326080,268435456,248157696,276824064,,,,,,,,,,
1791271375.7959826,418148,tracking_feedback_accumulate,1393,,21695,,,189783552,268435456,248157696,276824064,,,,,,,,3.0755000188946724,,
1791271375.8009825,418148,frontend_frame,1393,0,21695,37,8,190913024,268435456,248157696,276824064,,,,,,,,,,
1791271376.132433,418148,tracking_feedback_accumulate,1394,,21695,,,195073536,268435456,248157696,276824064,,,,,,,,2.8035000432282686,,
1791271376.1366467,418148,frontend_frame,1394,0,21695,37,8,196203008,268435456,248157696,276824064,,,,,,,,,,
1791271376.4278965,418148,tracking_feedback_accumulate,1395,,21695,,,200035840,268435456,248157696,276824064,,,,,,,,2.599900122731924,,
1791271376.4329073,418148,frontend_frame,1395,0,21695,37,8,190915072,268435456,248157696,276824064,,,,,,,,,,
1791271376.815595,418148,tracking_feedback_accumulate,1396,,21695,,,194993664,268435456,248157696,276824064,,,,,,,,2.967200009152293,,
1791271376.8205953,418148,frontend_frame,1396,0,21695,37,8,196123136,268435456,248157696,276824064,,,,,,,,,,
1791271377.2172759,418148,tracking_feedback_accumulate,1397,,21695,,,200119808,268435456,248157696,276824064,,,,,,,,3.0768997967243195,,
1791271377.223351,418148,frontend_frame,1397,0,21695,37,8,201249280,268435456,248157696,276824064,,,,,,,,,,
1791271377.5250313,418148,tracking_feedback_accumulate,1398,,21695,,,189788672,268435456,248157696,276824064,,,,,,,,2.9633999802172184,,
1791271377.5290322,418148,frontend_frame,1398,0,21695,37,8,190918144,268435456,248157696,276824064,,,,,,,,,,
1791271377.8974874,418148,tracking_feedback_accumulate,1399,,21695,,,195078656,268435456,248157696,276824064,,,,,,,,2.7832998894155025,,
1791271377.9030077,418148,frontend_frame,1399,0,21695,37,8,196208128,268435456,248157696,276824064,,,,,,,,,,
1791271378.1513698,418148,tracking_feedback_accumulate,1400,,21695,,,189790720,268435456,248157696,276824064,,,,,,,,3.4406001213938,,
1791271378.1565363,418148,frontend_frame,1400,0,21695,37,8,190920192,245366784,248157696,276824064,,,,,,,,,,
1791271378.5123122,418148,tracking_feedback_accumulate,1401,,21695,,,194998784,266338304,248157696,276824064,,,,,,,,2.9860001523047686,,
1791271378.5162604,418148,frontend_frame,1401,0,21695,37,8,196128256,266338304,248157696,276824064,,,,,,,,,,
1791271378.7651136,418148,tracking_feedback_accumulate,1402,,21695,,,200043008,266338304,248157696,276824064,,,,,,,,3.0785000417381525,,
1791271378.770622,418148,frontend_frame,1402,0,21695,37,8,190922240,266338304,248157696,276824064,,,,,,,,,,
1791271379.1248658,418148,tracking_feedback_accumulate,1403,,21695,,,195000832,266338304,248157696,276824064,,,,,,,,2.839599968865514,,
1791271379.1298656,418148,frontend_frame,1403,0,21695,37,8,196130304,266338304,248157696,276824064,,,,,,,,,,
1791271379.4538121,418148,tracking_feedback_accumulate,1404,,21695,,,200045056,266338304,248157696,276824064,,,,,,,,3.7197000347077847,,
1791271379.459816,418148,frontend_frame,1404,0,21695,37,8,201174528,268435456,248157696,276824064,,,,,,,,,,
1791271379.680791,418148,tracking_feedback_accumulate,1405,,21695,,,189877760,268435456,248157696,276824064,,,,,,,,2.8868999797850847,,
1791271379.6849525,418148,frontend_frame,1405,0,21695,37,8,191007232,268435456,248157696,276824064,,,,,,,,,,
1791271380.0166984,418148,tracking_feedback_accumulate,1406,,21695,,,194921984,268435456,248157696,276824064,,,,,,,,2.9980000108480453,,
1791271380.0253425,418148,frontend_frame,1406,0,21695,37,8,196051456,268435456,248157696,276824064,,,,,,,,,,
1791271380.3996117,418148,tracking_feedback_accumulate,1407,,21695,,,200211968,268435456,248157696,276824064,,,,,,,,2.6593999937176704,,
1791271380.4058502,418148,frontend_frame,1407,0,21695,37,8,191091200,268435456,248157696,276824064,,,,,,,,,,
1791271380.8362699,418148,tracking_feedback_accumulate,1408,,21695,,,194924032,268435456,248157696,276824064,,,,,,,,3.1085999216884375,,
1791271380.84127,418148,frontend_frame,1408,0,21695,37,8,196053504,268435456,248157696,276824064,,,,,,,,,,
1791271381.1335196,418148,tracking_feedback_accumulate,1409,,21695,,,200132096,268435456,248157696,276824064,,,,,,,,2.647100016474724,,
1791271381.139524,418148,frontend_frame,1409,0,21695,37,8,201261568,268435456,248157696,276824064,,,,,,,,,,
1791271381.4739478,418148,tracking_feedback_accumulate,1410,,21695,,,189800960,268435456,248157696,276824064,,,,,,,,2.867500064894557,,
1791271381.4794586,418148,frontend_frame,1410,0,21695,37,8,190930432,245366784,248157696,276824064,,,,,,,,,,
1791271381.8278325,418148,tracking_feedback_accumulate,1411,,21695,,,194927104,266338304,248157696,276824064,,,,,,,,2.955300034955144,,
1791271381.832844,418148,frontend_frame,1411,0,21695,37,8,196056576,266338304,248157696,276824064,,,,,,,,,,
1791271382.1802654,418148,tracking_feedback_accumulate,1412,,21695,,,200135168,266338304,248157696,276824064,,,,,,,,2.988999942317605,,
1791271382.1849568,418148,frontend_frame,1412,0,21695,37,8,191014400,266338304,248157696,276824064,,,,,,,,,,
1791271382.5190074,418148,tracking_feedback_accumulate,1413,,21695,,,194929152,266338304,248157696,276824064,,,,,,,,2.770200138911605,,
1791271382.5253487,418148,frontend_frame,1413,0,21695,37,8,196058624,266338304,248157696,276824064,,,,,,,,,,
1791271382.808362,418148,tracking_feedback_accumulate,1414,,21695,,,200219136,266338304,248157696,276824064,,,,,,,,3.093099920079112,,
1791271382.8148925,418148,frontend_frame,1414,0,21695,37,8,201348608,268435456,248157696,276824064,,,,,,,,,,
1791271383.1455255,418148,tracking_feedback_accumulate,1415,,21695,,,189806080,268435456,248157696,276824064,,,,,,,,2.9434000607579947,,
1791271383.1508145,418148,frontend_frame,1415,0,21695,37,8,190935552,268435456,248157696,276824064,,,,,,,,,,
1791271383.4660723,418148,tracking_feedback_accumulate,1416,,21695,,,195014144,268435456,248157696,276824064,,,,,,,,2.8257998637855053,,
1791271383.5148873,418148,frontend_frame,1416,0,21695,38,8,200139264,268435456,248157696,276824064,,,,,,,,,,
1791271394.5406003,418148,tracking_feedback_accumulate,1417,,21971,,,193904640,268435456,248157696,276824064,,,,,,,,3.1835001427680254,,
1791271394.5456262,418148,frontend_frame,1417,0,21971,38,8,195098624,268435456,248157696,276824064,,,,,,,,,,
1791271394.8974507,418148,tracking_feedback_accumulate,1418,,21971,,,199013376,289406976,248157696,289406976,,,,,,,,2.8456998988986015,,
1791271394.902575,418148,frontend_frame,1418,0,21971,38,8,200205312,289406976,248157696,289406976,,,,,,,,,,
1791271395.307373,418148,tracking_feedback_accumulate,1419,,21971,,,204201984,289406976,248157696,289406976,,,,,,,,3.158099949359894,,
1791271395.3143818,418148,frontend_frame,1419,0,21971,38,8,195018752,289406976,248157696,289406976,,,,,,,,,,
1791271395.6838408,418148,tracking_feedback_accumulate,1420,,21971,,,199097344,289406976,248157696,289406976,,,,,,,,2.861300017684698,,
1791271395.689502,418148,frontend_frame,1420,0,21971,38,8,200289280,245366784,248157696,289406976,,,,,,,,,,
1791271396.0383794,418148,tracking_feedback_accumulate,1421,,21971,,,204204032,287309824,248157696,289406976,,,,,,,,4.229400074109435,,
1791271396.0448987,418148,frontend_frame,1421,0,21971,38,8,205396480,289406976,248157696,289406976,,,,,,,,,,
1791271396.465795,418148,tracking_feedback_accumulate,1422,,21971,,,193912320,289406976,248157696,289406976,,,,,,,,3.145799972116947,,
1791271396.4709773,418148,frontend_frame,1422,0,21971,38,8,195104256,289406976,248157696,289406976,,,,,,,,,,
1791271396.9063234,418148,tracking_feedback_accumulate,1423,,21971,,,199019008,289406976,248157696,289406976,,,,,,,,3.326000180095434,,
1791271396.9118328,418148,frontend_frame,1423,0,21971,38,8,200210944,289406976,248157696,289406976,,,,,,,,,,
1791271397.382962,418148,tracking_feedback_accumulate,1424,,21971,,,204289536,289406976,248157696,289406976,,,,,,,,2.6716000866144896,,
1791271397.3877175,418148,frontend_frame,1424,0,21971,38,8,195106304,289406976,248157696,289406976,,,,,,,,,,
1791271397.7725446,418148,tracking_feedback_accumulate,1425,,21971,,,199021056,289406976,248157696,289406976,,,,,,,,3.414300037547946,,
1791271397.777848,418148,frontend_frame,1425,0,21971,38,8,200212992,289406976,248157696,289406976,,,,,,,,,,
1791271398.1541681,418148,tracking_feedback_accumulate,1426,,21971,,,204291584,289406976,248157696,289406976,,,,,,,,3.235399955883622,,
1791271398.16021,418148,frontend_frame,1426,0,21971,38,8,205483520,289406976,248157696,289406976,,,,,,,,,,
1791271398.3699389,418148,tracking_feedback_accumulate,1427,,21971,,,193835520,289406976,248157696,289406976,,,,,,,,2.8071999549865723,,
1791271398.3750372,418148,frontend_frame,1427,0,21971,38,8,195027456,289406976,248157696,289406976,,,,,,,,,,
1791271398.7355938,418148,tracking_feedback_accumulate,1428,,21971,,,199187968,289406976,248157696,289406976,,,,,,,,2.861900022253394,,
1791271398.7411013,418148,frontend_frame,1428,0,21971,38,8,200379904,289406976,248157696,289406976,,,,,,,,,,
1791271399.144672,418148,tracking_feedback_accumulate,1429,,21971,,,193837568,289406976,248157696,289406976,,,,,,,,3.0058000702410936,,
1791271399.1494932,418148,frontend_frame,1429,0,21971,38,8,195029504,289406976,248157696,289406976,,,,,,,,,,
1791271399.5867817,418148,tracking_feedback_accumulate,1430,,21971,,,199026176,289406976,248157696,289406976,,,,,,,,3.1407999340444803,,
1791271399.5917833,418148,frontend_frame,1430,0,21971,38,8,200218112,245366784,248157696,289406976,,,,,,,,,,
1791271399.979407,418148,tracking_feedback_accumulate,1431,,21971,,,204296704,266338304,248157696,289406976,,,,,,,,2.908900147303939,,
1791271399.984916,418148,frontend_frame,1431,0,21971,38,8,195113472,266338304,248157696,289406976,,,,,,,,,,
1791271400.4049156,418148,tracking_feedback_accumulate,1432,,21971,,,199028224,287309824,248157696,289406976,,,,,,,,2.9082000255584717,,
1791271400.409919,418148,frontend_frame,1432,0,21971,38,8,200220160,287309824,248157696,289406976,,,,,,,,,,
1791271400.7382762,418148,tracking_feedback_accumulate,1433,,21971,,,204298752,287309824,248157696,289406976,,,,,,,,2.916899975389242,,
1791271400.7451212,418148,frontend_frame,1433,0,21971,38,8,205490688,289406976,248157696,289406976,,,,,,,,,,
1791271401.1626158,418148,tracking_feedback_accumulate,1434,,21971,,,193924608,289406976,248157696,289406976,,,,,,,,2.783200005069375,,
1791271401.1681361,418148,frontend_frame,1434,0,21971,38,8,195116544,289406976,248157696,289406976,,,,,,,,,,
1791271401.453946,418148,tracking_feedback_accumulate,1435,,21971,,,199031296,289406976,248157696,289406976,,,,,,,,2.634699922055006,,
1791271401.4591732,418148,frontend_frame,1435,0,21971,38,8,200223232,289406976,248157696,289406976,,,,,,,,,,
1791271401.894595,418148,tracking_feedback_accumulate,1436,,21971,,,204219904,289406976,248157696,289406976,,,,,,,,3.411700017750263,,
1791271401.8992689,418148,frontend_frame,1436,0,21971,38,8,195036672,289406976,248157696,289406976,,,,,,,,,,
1791271402.2669299,418148,tracking_feedback_accumulate,1437,,21971,,,199115264,289406976,248157696,289406976,,,,,,,,3.1588999554514885,,
1791271402.2718132,418148,frontend_frame,1437,0,21971,38,8,200307200,289406976,248157696,289406976,,,,,,,,,,
1791271402.6788082,418148,tracking_feedback_accumulate,1438,,21971,,,204221952,289406976,248157696,289406976,,,,,,,,3.765000030398369,,
1791271402.684824,418148,frontend_frame,1438,0,21971,38,8,205413888,289406976,248157696,289406976,,,,,,,,,,
1791271403.1039016,418148,tracking_feedback_accumulate,1439,,21971,,,193847808,289406976,248157696,289406976,,,,,,,,2.8735999949276447,,
1791271403.1079578,418148,frontend_frame,1439,0,21971,38,8,195039744,289406976,248157696,289406976,,,,,,,,,,
1791271403.5043702,418148,tracking_feedback_accumulate,1440,,21971,,,199118336,289406976,248157696,289406976,,,,,,,,2.9682000167667866,,
1791271403.5100348,418148,frontend_frame,1440,0,21971,38,8,200310272,245366784,248157696,289406976,,,,,,,,,,
1791271403.870648,418148,tracking_feedback_accumulate,1441,,21971,,,204306944,266338304,248157696,289406976,,,,,,,,2.6955001521855593,,
1791271403.8748348,418148,frontend_frame,1441,0,21971,38,8,195123712,266338304,248157696,289406976,,,,,,,,,,
1791271404.3166456,418148,tracking_feedback_accumulate,1442,,21971,,,199120384,287309824,248157696,289406976,,,,,,,,3.1226000282913446,,
1791271404.3211544,418148,frontend_frame,1442,0,21971,38,8,200312320,287309824,248157696,289406976,,,,,,,,,,
1791271404.6609228,418148,tracking_feedback_accumulate,1443,,21971,,,204308992,287309824,248157696,289406976,,,,,,,,2.9490001033991575,,
1791271404.6676676,418148,frontend_frame,1443,0,21971,38,8,205500928,289406976,248157696,289406976,,,,,,,,,,
1791271405.117939,418148,tracking_feedback_accumulate,1444,,21971,,,193852928,289406976,248157696,289406976,,,,,,,,3.0067998450249434,,
1791271405.1229422,418148,frontend_frame,1444,0,21971,38,8,195044864,289406976,248157696,289406976,,,,,,,,,,
1791271405.4654372,418148,tracking_feedback_accumulate,1445,,21971,,,199041536,289406976,248157696,289406976,,,,,,,,3.513399977236986,,
1791271405.5157275,418148,frontend_frame,1445,0,21971,39,8,204229120,289406976,248157696,289406976,,,,,,,,,,
1791271416.8305535,418148,tracking_feedback_accumulate,1446,,22333,,,197960192,289406976,248157696,289406976,,,,,,,,2.956099808216095,,
1791271416.8380795,418148,frontend_frame,1446,0,22333,39,8,199242752,289406976,248157696,289406976,,,,,,,,,,
1791271417.2274392,418148,tracking_feedback_accumulate,1447,,22333,,,203239424,289406976,248157696,289406976,,,,,,,,3.339800052344799,,
1791271417.2324533,418148,frontend_frame,1447,0,22333,39,8,204519936,289406976,248157696,289406976,,,,,,,,,,
1791271417.6327887,418148,tracking_feedback_accumulate,1448,,22333,,,208434688,289406976,250552320,289406976,,,,,,,,2.844500122591853,,
1791271417.6393504,418148,frontend_frame,1448,0,22333,39,8,199162880,289406976,250552320,289406976,,,,,,,,,,
1791271418.020424,418148,tracking_feedback_accumulate,1449,,22333,,,203323392,289406976,250552320,289406976,,,,,,,,2.9065001290291548,,
1791271418.0314531,418148,frontend_frame,1449,0,22333,39,8,204603904,289406976,250552320,289406976,,,,,,,,,,
1791271418.3824215,418148,tracking_feedback_accumulate,1450,,22333,,,208436736,289406976,250552320,289406976,,,,,,,,2.8698998503386974,,
1791271418.3886347,418148,frontend_frame,1450,0,22333,39,8,209717760,247463936,250552320,289406976,,,,,,,,,,
1791271418.7267697,418148,tracking_feedback_accumulate,1451,,22333,,,198049792,289406976,250552320,289406976,,,,,,,,3.266399959102273,,
1791271418.7317686,418148,frontend_frame,1451,0,22333,39,8,199330304,289406976,250552320,289406976,,,,,,,,,,
1791271419.079876,418148,tracking_feedback_accumulate,1452,,22333,,,203163136,289406976,250552320,289406976,,,,,,,,3.3469998743385077,,
1791271419.0850797,418148,frontend_frame,1452,0,22333,39,8,204443648,289406976,250552320,289406976,,,,,,,,,,
1791271419.4630673,418148,tracking_feedback_accumulate,1453,,22333,,,208440320,289406976,250552320,289406976,,,,,,,,3.6744000390172005,,
1791271419.4687319,418148,frontend_frame,1453,0,22333,39,8,199168512,289406976,250552320,289406976,,,,,,,,,,
1791271419.8226228,418148,tracking_feedback_accumulate,1454,,22333,,,203247104,289406976,250552320,289406976,,,,,,,,3.064200049266219,,
1791271419.8271499,418148,frontend_frame,1454,0,22333,39,8,204527616,289406976,250552320,289406976,,,,,,,,,,
1791271420.1868727,418148,tracking_feedback_accumulate,1455,,22333,,,208524288,289406976,250552320,289406976,,,,,,,,2.745599951595068,,
1791271420.1923747,418148,frontend_frame,1455,0,22333,39,8,209804800,289406976,250552320,289406976,,,,,,,,,,
1791271420.5124097,418148,tracking_feedback_accumulate,1456,,22333,,,197972992,289406976,250552320,289406976,,,,,,,,3.7660999223589897,,
1791271420.5169294,418148,frontend_frame,1456,0,22333,39,8,199253504,289406976,250552320,289406976,,,,,,,,,,
1791271420.9191341,418148,tracking_feedback_accumulate,1457,,22333,,,203168256,289406976,250552320,289406976,,,,,,,,2.9053001198917627,,
1791271420.9226367,418148,frontend_frame,1457,0,22333,39,8,204448768,289406976,250552320,289406976,,,,,,,,,,
1791271421.2938824,418148,tracking_feedback_accumulate,1458,,22333,,,198056960,289406976,250552320,289406976,,,,,,,,3.060900140553713,,
1791271421.2993963,418148,frontend_frame,1458,0,22333,39,8,199337472,289406976,250552320,289406976,,,,,,,,,,
1791271421.7193472,418148,tracking_feedback_accumulate,1459,,22333,,,203170304,289406976,250552320,289406976,,,,,,,,2.8648001607507467,,
1791271421.7248538,418148,frontend_frame,1459,0,22333,39,8,204450816,289406976,250552320,289406976,,,,,,,,,,
1791271422.1384187,418148,tracking_feedback_accumulate,1460,,22333,,,208447488,289406976,250552320,289406976,,,,,,,,2.795400097966194,,
1791271422.1439617,418148,frontend_frame,1460,0,22333,39,8,199175680,245366784,250552320,289406976,,,,,,,,,,
1791271422.5664825,418148,tracking_feedback_accumulate,1461,,22333,,,203254272,287309824,250552320,289406976,,,,,,,,3.570999950170517,,
1791271422.5714817,418148,frontend_frame,1461,0,22333,39,8,204534784,287309824,250552320,289406976,,,,,,,,,,
1791271422.9601884,418148,tracking_feedback_accumulate,1462,,22333,,,208449536,287309824,250552320,289406976,,,,,,,,2.8687999583780766,,
1791271422.9664068,418148,frontend_frame,1462,0,22333,39,8,209730048,289406976,250552320,289406976,,,,,,,,,,
1791271423.3798358,418148,tracking_feedback_accumulate,1463,,22333,,,197898240,289406976,250552320,289406976,,,,,,,,3.1272999476641417,,
1791271423.3859303,418148,frontend_frame,1463,0,22333,39,8,199178752,289406976,250552320,289406976,,,,,,,,,,
1791271423.6708415,418148,tracking_feedback_accumulate,1464,,22333,,,203257344,289406976,250552320,289406976,,,,,,,,3.0098999850451946,,
1791271423.6759894,418148,frontend_frame,1464,0,22333,39,8,204537856,289406976,250552320,289406976,,,,,,,,,,
1791271424.0315876,418148,tracking_feedback_accumulate,1465,,22333,,,208534528,289406976,250552320,289406976,,,,,,,,3.035099944099784,,
1791271424.0366335,418148,frontend_frame,1465,0,22333,39,8,199262720,289406976,250552320,289406976,,,,,,,,,,
1791271424.2887013,418148,tracking_feedback_accumulate,1466,,22333,,,203177472,289406976,250552320,289406976,,,,,,,,2.914499957114458,,
1791271424.2942388,418148,frontend_frame,1466,0,22333,39,8,204457984,289406976,250552320,289406976,,,,,,,,,,
1791271424.6771543,418148,tracking_feedback_accumulate,1467,,22333,,,208618496,289406976,250552320,289406976,,,,,,,,3.102000104263425,,
1791271424.6841636,418148,frontend_frame,1467,0,22333,39,8,209899008,289406976,250552320,289406976,,,,,,,,,,
1791271425.020665,418148,tracking_feedback_accumulate,1468,,22333,,,197903360,289406976,250552320,289406976,,,,,,,,2.8735999949276447,,
1791271425.0256808,418148,frontend_frame,1468,0,22333,39,8,199183872,289406976,250552320,289406976,,,,,,,,,,
1791271425.4791286,418148,tracking_feedback_accumulate,1469,,22333,,,203344384,289406976,250552320,289406976,,,,,,,,2.949399873614311,,
1791271425.4841285,418148,frontend_frame,1469,0,22333,39,8,204624896,289406976,250552320,289406976,,,,,,,,,,
1791271425.8276346,418148,tracking_feedback_accumulate,1470,,22333,,,208457728,289406976,250552320,289406976,,,,,,,,2.7993000112473965,,
1791271425.8327777,418148,frontend_frame,1470,0,22333,39,8,199185920,245366784,250552320,289406976,,,,,,,,,,
1791271426.2398162,418148,tracking_feedback_accumulate,1471,,22333,,,203264512,287309824,250552320,289406976,,,,,,,,2.8125999961048365,,
1791271426.2453346,418148,frontend_frame,1471,0,22333,39,8,204545024,287309824,250552320,289406976,,,,,,,,,,
1791271426.645645,418148,tracking_feedback_accumulate,1472,,22333,,,208459776,287309824,250552320,289406976,,,,,,,,3.189499955624342,,
1791271426.6523051,418148,frontend_frame,1472,0,22333,39,8,209740288,289406976,250552320,289406976,,,,,,,,,,
1791271427.0205355,418148,tracking_feedback_accumulate,1473,,22333,,,197908480,289406976,250552320,289406976,,,,,,,,3.4787000622600317,,
1791271427.0256667,418148,frontend_frame,1473,0,22333,39,8,199188992,289406976,250552320,289406976,,,,,,,,,,
1791271427.3637092,418148,tracking_feedback_accumulate,1474,,22333,,,203267584,289406976,250552320,289406976,,,,,,,,2.8624001424759626,,
1791271427.3684452,418148,frontend_frame,1474,0,22333,39,8,204548096,289406976,250552320,289406976,,,,,,,,,,
1791271427.778818,418148,tracking_feedback_accumulate,1475,,22333,,,197992448,289406976,250552320,289406976,,,,,,,,2.845300128683448,,
1791271427.7838302,418148,frontend_frame,1475,0,22333,39,8,199272960,289406976,250552320,289406976,,,,,,,,,,
1791271428.062852,418148,tracking_feedback_accumulate,1476,,22333,,,203269632,289406976,250552320,289406976,,,,,,,,2.8796999249607325,,
1791271428.0678601,418148,frontend_frame,1476,0,22333,39,8,204550144,289406976,250552320,289406976,,,,,,,,,,
1791271428.415884,418148,tracking_feedback_accumulate,1477,,22333,,,208546816,289406976,250552320,289406976,,,,,,,,2.9375001322478056,,
1791271428.421885,418148,frontend_frame,1477,0,22333,39,8,199275008,289406976,250552320,289406976,,,,,,,,,,
1791271428.827143,418148,tracking_feedback_accumulate,1478,,22333,,,203271680,289406976,250552320,289406976,,,,,,,,2.933999989181757,,
1791271428.8763306,418148,frontend_frame,1478,0,22333,40,8,208547840,289406976,250552320,289406976,,,,,,,,,,
1791271440.2704415,418148,tracking_feedback_accumulate,1479,,22555,,,201927680,289406976,250552320,289406976,,,,,,,,3.20060015656054,,
1791271440.2766776,418148,frontend_frame,1479,0,22555,40,8,203261952,289406976,250552320,289406976,,,,,,,,,,
1791271440.6475544,418148,tracking_feedback_accumulate,1480,,22555,,,207258624,289406976,250552320,289406976,,,,,,,,2.9829000122845173,,
1791271440.6521368,418148,frontend_frame,1480,0,22555,40,8,208591360,245366784,250552320,289406976,,,,,,,,,,
1791271440.942455,418148,tracking_feedback_accumulate,1481,,22555,,,212669952,289406976,254691328,289406976,,,,,,,,3.339300164952874,,
1791271440.9473317,418148,frontend_frame,1481,0,22555,40,8,203345920,289406976,254691328,289406976,,,,,,,,,,
1791271441.3142848,418148,tracking_feedback_accumulate,1482,,22555,,,207260672,289406976,254691328,289406976,,,,,,,,3.3737001940608025,,
1791271441.3192985,418148,frontend_frame,1482,0,22555,40,8,208593408,289406976,254691328,289406976,,,,,,,,,,
1791271441.6155903,418148,tracking_feedback_accumulate,1483,,22555,,,212672000,289406976,254722560,289406976,,,,,,,,3.1169001013040543,,
1791271441.6220963,418148,frontend_frame,1483,0,22555,40,8,214005248,289406976,254722560,289406976,,,,,,,,,,
1791271442.0825093,418148,tracking_feedback_accumulate,1484,,22555,,,201934848,289406976,254722560,289406976,,,,,,,,2.8711999766528606,,
1791271442.0885227,418148,frontend_frame,1484,0,22555,40,8,203267584,289406976,254722560,289406976,,,,,,,,,,
1791271442.4291372,418148,tracking_feedback_accumulate,1485,,22555,,,207346176,289406976,254722560,289406976,,,,,,,,3.073400119319558,,
1791271442.4341378,418148,frontend_frame,1485,0,22555,40,8,208678912,289406976,254722560,289406976,,,,,,,,,,
1791271442.8549027,418148,tracking_feedback_accumulate,1486,,22555,,,202018816,289406976,254722560,289406976,,,,,,,,3.304499899968505,,
1791271442.8594089,418148,frontend_frame,1486,0,22555,40,8,203351552,289406976,254722560,289406976,,,,,,,,,,
1791271443.294034,418148,tracking_feedback_accumulate,1487,,22555,,,207348224,289406976,254722560,289406976,,,,,,,,4.004100104793906,,
1791271443.299546,418148,frontend_frame,1487,0,22555,40,8,208680960,289406976,254722560,289406976,,,,,,,,,,
1791271443.641551,418148,tracking_feedback_accumulate,1488,,22555,,,212595712,289406976,255596032,289406976,,,,,,,,2.9217000119388103,,
1791271443.647337,418148,frontend_frame,1488,0,22555,40,8,203271680,289406976,255596032,289406976,,,,,,,,,,
1791271444.039945,418148,tracking_feedback_accumulate,1489,,22555,,,207432192,289406976,255596032,289406976,,,,,,,,2.8297998942434788,,
1791271444.0449631,418148,frontend_frame,1489,0,22555,40,8,208764928,289406976,255596032,289406976,,,,,,,,,,
1791271444.4301553,418148,tracking_feedback_accumulate,1490,,22555,,,212597760,289406976,255598080,289406976,,,,,,,,3.006499959155917,,
1791271444.435885,418148,frontend_frame,1490,0,22555,40,8,213930496,247463936,255598080,289406976,,,,,,,,,,
1791271444.7800756,418148,tracking_feedback_accumulate,1491,,22555,,,202023936,289406976,255598080,289406976,,,,,,,,3.1046001240611076,,
1791271444.7855825,418148,frontend_frame,1491,0,22555,40,8,203356672,289406976,255598080,289406976,,,,,,,,,,
1791271445.2417078,418148,tracking_feedback_accumulate,1492,,22555,,,207271424,289406976,255598080,289406976,,,,,,,,2.9315000865608454,,
1791271445.2464595,418148,frontend_frame,1492,0,22555,40,8,208604160,289406976,255598080,289406976,,,,,,,,,,
1791271445.6222217,418148,tracking_feedback_accumulate,1493,,22555,,,212682752,289406976,255598080,289406976,,,,,,,,3.2173998188227415,,
1791271445.6279874,418148,frontend_frame,1493,0,22555,40,8,203358720,289406976,255598080,289406976,,,,,,,,,,
1791271446.0127814,418148,tracking_feedback_accumulate,1494,,22555,,,207273472,289406976,255598080,289406976,,,,,,,,2.9059001244604588,,
1791271446.0169833,418148,frontend_frame,1494,0,22555,40,8,208606208,289406976,255598080,289406976,,,,,,,,,,
1791271446.2997901,418148,tracking_feedback_accumulate,1495,,22555,,,212766720,289406976,255598080,289406976,,,,,,,,2.960599958896637,,
1791271446.306602,418148,frontend_frame,1495,0,22555,40,8,214099456,289406976,255598080,289406976,,,,,,,,,,
1791271446.767425,418148,tracking_feedback_accumulate,1496,,22555,,,201947136,289406976,255598080,289406976,,,,,,,,2.9678998980671167,,
1791271446.7729306,418148,frontend_frame,1496,0,22555,40,8,203279872,289406976,255598080,289406976,,,,,,,,,,
1791271447.1440666,418148,tracking_feedback_accumulate,1497,,22555,,,207358464,289406976,255598080,289406976,,,,,,,,2.963100094348192,,
1791271447.1487563,418148,frontend_frame,1497,0,22555,40,8,208691200,289406976,255598080,289406976,,,,,,,,,,
1791271447.6159837,418148,tracking_feedback_accumulate,1498,,22555,,,212687872,289406976,255598080,289406976,,,,,,,,2.8975000604987144,,
1791271447.6204884,418148,frontend_frame,1498,0,22555,40,8,203363840,289406976,255598080,289406976,,,,,,,,,,
1791271447.9520884,418148,tracking_feedback_accumulate,1499,,22555,,,207278592,289406976,255598080,289406976,,,,,,,,2.914999844506383,,
1791271447.957281,418148,frontend_frame,1499,0,22555,40,8,208611328,289406976,255598080,289406976,,,,,,,,,,
1791271448.2426028,418148,tracking_feedback_accumulate,1500,,22555,,,212608000,289406976,255598080,289406976,,,,,,,,3.5136998631060123,,
1791271448.2504013,418148,frontend_frame,1500,0,22555,40,8,213940736,247463936,255598080,289406976,,,,,,,,,,
1791271448.6212606,418148,tracking_feedback_accumulate,1501,,22555,,,202034176,289406976,255598080,289406976,,,,,,,,2.7414001524448395,,
1791271448.6257815,418148,frontend_frame,1501,0,22555,40,8,203366912,289406976,255598080,289406976,,,,,,,,,,
1791271449.0447743,418148,tracking_feedback_accumulate,1502,,22555,,,207281664,289406976,255598080,289406976,,,,,,,,3.975499887019396,,
1791271449.0494487,418148,frontend_frame,1502,0,22555,40,8,208614400,289406976,255598080,289406976,,,,,,,,,,
1791271449.4285579,418148,tracking_feedback_accumulate,1503,,22555,,,202036224,289406976,255598080,289406976,,,,,,,,3.247999818995595,,
1791271449.4324074,418148,frontend_frame,1503,0,22555,40,8,203368960,289406976,255598080,289406976,,,,,,,,,,
1791271449.835078,418148,tracking_feedback_accumulate,1504,,22555,,,207283712,289406976,255598080,289406976,,,,,,,,2.9769998509436846,,
1791271449.840082,418148,frontend_frame,1504,0,22555,40,8,208616448,289406976,255598080,289406976,,,,,,,,,,
1791271450.2322903,418148,tracking_feedback_accumulate,1505,,22555,,,212695040,289406976,255598080,289406976,,,,,,,,2.9647001065313816,,
1791271450.2374806,418148,frontend_frame,1505,0,22555,40,8,203371008,289406976,255598080,289406976,,,,,,,,,,
1791271450.6638105,418148,tracking_feedback_accumulate,1506,,22555,,,207367680,289406976,255598080,289406976,,,,,,,,3.6227998789399862,,
1791271450.668363,418148,frontend_frame,1506,0,22555,40,8,208700416,289406976,255598080,289406976,,,,,,,,,,
1791271451.010824,418148,tracking_feedback_accumulate,1507,,22555,,,212615168,289406976,255615488,289406976,,,,,,,,3.8648999761790037,,
1791271451.0163543,418148,frontend_frame,1507,0,22555,40,8,213947904,289406976,255615488,289406976,,,,,,,,,,
1791271451.3988626,418148,tracking_feedback_accumulate,1508,,22555,,,202123264,289406976,255615488,289406976,,,,,,,,2.8866000939160585,,
1791271451.44677,418148,frontend_frame,1508,0,22555,41,8,207451648,289406976,255615488,289406976,,,,,,,,,,
1791271462.825188,418148,tracking_feedback_accumulate,1509,,23064,,,211320320,289406976,255615488,289406976,,,,,,,,3.631399944424629,,
1791271462.829205,418148,frontend_frame,1509,0,23064,41,8,212777472,289406976,255615488,289406976,,,,,,,,,,
1791271463.2478771,418148,tracking_feedback_accumulate,1510,,23064,,,205996544,289406976,258755072,289406976,,,,,,,,2.8303000144660473,,
1791271463.2528765,418148,frontend_frame,1510,0,23064,41,8,207450112,266338304,258755072,289406976,,,,,,,,,,
1791271463.6484792,418148,tracking_feedback_accumulate,1511,,23064,,,211528704,287309824,258755072,289406976,,,,,,,,3.0042000580579042,,
1791271463.655319,418148,frontend_frame,1511,0,23064,41,8,212982272,287309824,258755072,289406976,,,,,,,,,,
1791271464.088916,418148,tracking_feedback_accumulate,1512,,23064,,,216978944,289406976,259444736,289406976,,,,,,,,2.9156000819057226,,
1791271464.094934,418148,frontend_frame,1512,0,23064,41,8,207534080,289406976,259444736,289406976,,,,,,,,,,
1791271464.5077586,418148,tracking_feedback_accumulate,1513,,23064,,,211530752,289406976,259444736,289406976,,,,,,,,3.7227000575512648,,
1791271464.5122654,418148,frontend_frame,1513,0,23064,41,8,212984832,289406976,259444736,289406976,,,,,,,,,,
1791271464.7856119,418148,tracking_feedback_accumulate,1514,,23064,,,216981504,289406976,259485696,289406976,,,,,,,,2.991399960592389,,
1791271464.7927291,418148,frontend_frame,1514,0,23064,41,8,218435072,291504128,259485696,291504128,,,,,,,,,,
1791271465.1638215,418148,tracking_feedback_accumulate,1515,,23064,,,206084096,291504128,259485696,291504128,,,,,,,,2.8917999006807804,,
1791271465.1683905,418148,frontend_frame,1515,0,23064,41,8,207537664,291504128,259485696,291504128,,,,,,,,,,
1791271465.457538,418148,tracking_feedback_accumulate,1516,,23064,,,211534336,291504128,259485696,291504128,,,,,,,,3.490299917757511,,
1791271465.4630456,418148,frontend_frame,1516,0,23064,41,8,212987904,291504128,259485696,291504128,,,,,,,,,,
1791271465.8824704,418148,tracking_feedback_accumulate,1517,,23064,,,216984576,291504128,259940352,291504128,,,,,,,,2.794800093397498,,
1791271465.8892305,418148,frontend_frame,1517,0,23064,41,8,207539712,291504128,259940352,291504128,,,,,,,,,,
1791271466.1376617,418148,tracking_feedback_accumulate,1518,,23064,,,211536384,291504128,259940352,291504128,,,,,,,,3.4527999814599752,,
1791271466.1442056,418148,frontend_frame,1518,0,23064,41,8,212989952,291504128,259940352,291504128,,,,,,,,,,
1791271466.4338794,418148,tracking_feedback_accumulate,1519,,23064,,,216904704,291504128,259942400,291504128,,,,,,,,3.4737999085336924,,
1791271466.4391258,418148,frontend_frame,1519,0,23064,41,8,218358272,291504128,259942400,291504128,,,,,,,,,,
1791271466.7902567,418148,tracking_feedback_accumulate,1520,,23064,,,206171136,291504128,259942400,291504128,,,,,,,,2.8535001911222935,,
1791271466.7955248,418148,frontend_frame,1520,0,23064,41,8,207624704,266338304,259942400,291504128,,,,,,,,,,
1791271467.2199745,418148,tracking_feedback_accumulate,1521,,23064,,,211457536,287309824,259942400,291504128,,,,,,,,3.004500176757574,,
1791271467.2249823,418148,frontend_frame,1521,0,23064,41,8,212911104,287309824,259942400,291504128,,,,,,,,,,
1791271467.5756946,418148,tracking_feedback_accumulate,1522,,23064,,,216989696,289406976,259942400,291504128,,,,,,,,3.016300033777952,,
1791271467.5807579,418148,frontend_frame,1522,0,23064,41,8,207544832,289406976,259942400,291504128,,,,,,,,,,
1791271467.9323318,418148,tracking_feedback_accumulate,1523,,23064,,,211459584,289406976,259942400,291504128,,,,,,,,3.3776999916881323,,
1791271467.9378614,418148,frontend_frame,1523,0,23064,41,8,212913152,289406976,259942400,291504128,,,,,,,,,,
1791271468.3338811,418148,tracking_feedback_accumulate,1524,,23064,,,216991744,289406976,259942400,291504128,,,,,,,,2.997300121933222,,
1791271468.3396356,418148,frontend_frame,1524,0,23064,41,8,207546880,289406976,259942400,291504128,,,,,,,,,,
1791271468.6701314,418148,tracking_feedback_accumulate,1525,,23064,,,211543552,289406976,259942400,291504128,,,,,,,,2.832799917086959,,
1791271468.674757,418148,frontend_frame,1525,0,23064,41,8,212997120,289406976,259942400,291504128,,,,,,,,,,
1791271469.112455,418148,tracking_feedback_accumulate,1526,,23064,,,216911872,289406976,259949568,291504128,,,,,,,,3.385300049558282,,
1791271469.1196399,418148,frontend_frame,1526,0,23064,41,8,218365440,291504128,259949568,291504128,,,,,,,,,,
1791271469.4908795,418148,tracking_feedback_accumulate,1527,,23064,,,211463680,291504128,259949568,291504128,,,,,,,,2.912099938839674,,
1791271469.496404,418148,frontend_frame,1527,0,23064,41,8,212917248,291504128,259949568,291504128,,,,,,,,,,
1791271469.8940122,418148,tracking_feedback_accumulate,1528,,23064,,,216995840,291504128,259949568,291504128,,,,,,,,2.851499943062663,,
1791271469.899522,418148,frontend_frame,1528,0,23064,41,8,218449408,291504128,259949568,291504128,,,,,,,,,,
1791271470.3466265,418148,tracking_feedback_accumulate,1529,,23064,,,222364160,295698432,264903168,295698432,,,,,,,,3.334800014272332,,
1791271470.3526268,418148,frontend_frame,1529,0,23064,41,8,212919296,295698432,264903168,295698432,,,,,,,,,,
1791271470.7542582,418148,tracking_feedback_accumulate,1530,,23064,,,216915968,295698432,264903168,295698432,,,,,,,,3.020599950104952,,
1791271470.75995,418148,frontend_frame,1530,0,23064,41,8,218369536,247463936,264903168,295698432,,,,,,,,,,
1791271471.155777,418148,tracking_feedback_accumulate,1531,,23064,,,222448128,295698432,264944128,295698432,,,,,,,,2.9903999529778957,,
1791271471.160314,418148,frontend_frame,1531,0,23064,41,8,223901696,295698432,264944128,295698432,,,,,,,,,,
1791271471.6276681,418148,tracking_feedback_accumulate,1532,,23064,,,206019584,295698432,264944128,295698432,,,,,,,,2.9078000225126743,,
1791271471.6337676,418148,frontend_frame,1532,0,23064,41,8,207473152,295698432,264944128,295698432,,,,,,,,,,
1791271472.0238426,418148,tracking_feedback_accumulate,1533,,23064,,,211551744,295698432,264944128,295698432,,,,,,,,2.894399920478463,,
1791271472.0298586,418148,frontend_frame,1533,0,23064,41,8,213005312,295698432,264944128,295698432,,,,,,,,,,
1791271472.4523072,418148,tracking_feedback_accumulate,1534,,23064,,,216920064,295698432,264944128,295698432,,,,,,,,3.0568998772650957,,
1791271472.4583237,418148,frontend_frame,1534,0,23064,41,8,207475200,295698432,264944128,295698432,,,,,,,,,,
1791271472.780814,418148,tracking_feedback_accumulate,1535,,23064,,,211553792,295698432,264944128,295698432,,,,,,,,2.8651999309659004,,
1791271472.7858872,418148,frontend_frame,1535,0,23064,41,8,213007360,295698432,264944128,295698432,,,,,,,,,,
1791271473.1039436,418148,tracking_feedback_accumulate,1536,,23064,,,216922112,295698432,264944128,295698432,,,,,,,,2.7146998327225447,,
1791271473.1091182,418148,frontend_frame,1536,0,23064,41,8,218375680,295698432,264944128,295698432,,,,,,,,,,
1791271473.483794,418148,tracking_feedback_accumulate,1537,,23064,,,206188544,295698432,264944128,295698432,,,,,,,,3.4936999436467886,,
1791271473.4893026,418148,frontend_frame,1537,0,23064,41,8,207642112,295698432,264944128,295698432,,,,,,,,,,
1791271473.7108383,418148,tracking_feedback_accumulate,1538,,23064,,,211474944,295698432,264944128,295698432,,,,,,,,3.054599976167083,,
1791271473.715886,418148,frontend_frame,1538,0,23064,41,8,212928512,295698432,264944128,295698432,,,,,,,,,,
1791271474.092664,418148,tracking_feedback_accumulate,1539,,23064,,,216925184,295698432,264944128,295698432,,,,,,,,3.037999849766493,,
1791271474.0973022,418148,frontend_frame,1539,0,23064,41,8,207480320,295698432,264944128,295698432,,,,,,,,,,
1791271474.4787903,418148,tracking_feedback_accumulate,1540,,23064,,,211558912,295698432,264944128,295698432,,,,,,,,4.171600099653006,,
1791271474.4848359,418148,frontend_frame,1540,0,23064,41,8,213012480,245366784,264944128,295698432,,,,,,,,,,
1791271474.8004854,418148,tracking_feedback_accumulate,1541,,23064,,,217009152,289406976,264944128,295698432,,,,,,,,2.850400051102042,,
1791271474.805495,418148,frontend_frame,1541,0,23064,41,8,207564288,289406976,264944128,295698432,,,,,,,,,,
1791271475.186436,418148,tracking_feedback_accumulate,1542,,23064,,,211479040,289406976,264944128,295698432,,,,,,,,3.557699965313077,,
1791271475.191435,418148,frontend_frame,1542,0,23064,41,8,212932608,289406976,264944128,295698432,,,,,,,,,,
1791271475.516337,418148,tracking_feedback_accumulate,1543,,23064,,,217093120,289406976,264944128,295698432,,,,,,,,3.0584000051021576,,
1791271475.5223496,418148,frontend_frame,1543,0,23064,41,8,218546688,291504128,264944128,295698432,,,,,,,,,,
1791271475.932882,418148,tracking_feedback_accumulate,1544,,23064,,,211481088,291504128,264944128,295698432,,,,,,,,2.7703000232577324,,
1791271475.9376206,418148,frontend_frame,1544,0,23064,41,8,212934656,291504128,264944128,295698432,,,,,,,,,,
1791271476.378141,418148,tracking_feedback_accumulate,1545,,23064,,,216931328,291504128,264944128,295698432,,,,,,,,2.879000036045909,,
1791271476.3831642,418148,frontend_frame,1545,0,23064,41,8,218384896,291504128,264944128,295698432,,,,,,,,,,
1791271476.6999137,418148,tracking_feedback_accumulate,1546,,23064,,,222463488,293601280,264944128,295698432,,,,,,,,2.9982998967170715,,
1791271476.7052562,418148,frontend_frame,1546,0,23064,41,8,213018624,293601280,264944128,295698432,,,,,,,,,,
1791271477.0187252,418148,tracking_feedback_accumulate,1547,,23064,,,217015296,293601280,264944128,295698432,,,,,,,,2.907099900767207,,
1791271477.0247545,418148,frontend_frame,1547,0,23064,41,8,218468864,293601280,264944128,295698432,,,,,,,,,,
1791271477.3242445,418148,tracking_feedback_accumulate,1548,,23064,,,222383616,293601280,265421312,295698432,,,,,,,,3.03869997151196,,
1791271477.3289826,418148,frontend_frame,1548,0,23064,41,8,223837184,295698432,265421312,295698432,,,,,,,,,,
1791271477.628806,418148,tracking_feedback_accumulate,1549,,23064,,,211486208,295698432,265421312,295698432,,,,,,,,2.9192999936640263,,
1791271477.6338325,418148,frontend_frame,1549,0,23064,41,8,212939776,295698432,265421312,295698432,,,,,,,,,,
1791271478.0039353,418148,tracking_feedback_accumulate,1550,,23064,,,217018368,295698432,265421312,295698432,,,,,,,,3.0624999199062586,,
1791271478.0089502,418148,frontend_frame,1550,0,23064,41,8,218471936,268435456,265421312,295698432,,,,,,,,,,
1791271478.3916166,418148,tracking_feedback_accumulate,1551,,23064,,,222386688,293601280,265424384,295698432,,,,,,,,2.9247000347822905,,
1791271478.3977017,418148,frontend_frame,1551,0,23064,41,8,212941824,293601280,265424384,295698432,,,,,,,,,,
1791271478.7621133,418148,tracking_feedback_accumulate,1552,,23064,,,217020416,293601280,265424384,295698432,,,,,,,,3.1763999722898006,,
1791271478.7673953,418148,frontend_frame,1552,0,23064,41,8,218473984,293601280,265424384,295698432,,,,,,,,,,
1791271479.0660686,418148,tracking_feedback_accumulate,1553,,23064,,,222388736,293601280,265426432,295698432,,,,,,,,2.846699906513095,,
1791271479.0720723,418148,frontend_frame,1553,0,23064,41,8,223842304,295698432,265426432,295698432,,,,,,,,,,
1791271479.4611752,418148,tracking_feedback_accumulate,1554,,23064,,,211573248,295698432,265426432,295698432,,,,,,,,3.057299880310893,,
1791271479.51216,418148,frontend_frame,1554,0,23064,42,8,217022464,295698432,265426432,295698432,,,,,,,,,,
1791271490.9310267,418148,tracking_feedback_accumulate,1555,,23477,,,220966400,295698432,265426432,295698432,,,,,,,,2.8485001530498266,,
1791271490.9375474,418148,frontend_frame,1555,0,23477,42,8,222521344,295698432,265426432,295698432,,,,,,,,,,
1791271491.3093443,418148,tracking_feedback_accumulate,1556,,23477,,,215520768,295698432,265426432,295698432,,,,,,,,2.9021999798715115,,
1791271491.3140411,418148,frontend_frame,1556,0,23477,42,8,217073152,295698432,265426432,295698432,,,,,,,,,,
1791271491.7253852,418148,tracking_feedback_accumulate,1557,,23477,,,221151744,295698432,265426432,295698432,,,,,,,,3.2534999772906303,,
1791271491.7314017,418148,frontend_frame,1557,0,23477,42,8,222704128,295698432,265426432,295698432,,,,,,,,,,
1791271492.1530364,418148,tracking_feedback_accumulate,1558,,23477,,,226700800,295698432,269139968,295698432,,,,,,,,3.544999985024333,,
1791271492.157269,418148,frontend_frame,1558,0,23477,42,8,217157120,295698432,269139968,295698432,,,,,,,,,,
1791271492.4924424,418148,tracking_feedback_accumulate,1559,,23477,,,221071872,295698432,269139968,295698432,,,,,,,,2.7950999792665243,,
1791271492.4976468,418148,frontend_frame,1559,0,23477,42,8,222624768,295698432,269139968,295698432,,,,,,,,,,
1791271492.8892698,418148,tracking_feedback_accumulate,1560,,23477,,,226785280,295698432,269145088,295698432,,,,,,,,2.9297000728547573,,
1791271492.8947864,418148,frontend_frame,1560,0,23477,42,8,228337664,274726912,269145088,297795584,,,,,,,,,,
1791271493.1448483,418148,tracking_feedback_accumulate,1561,,23477,,,210077184,295698432,269145088,297795584,,,,,,,,3.1498000025749207,,
1791271493.149359,418148,frontend_frame,1561,0,23477,42,8,211629568,295698432,269145088,297795584,,,,,,,,,,
1791271493.5391,418148,tracking_feedback_accumulate,1562,,23477,,,215708160,295698432,269145088,297795584,,,,,,,,3.769200062379241,,
1791271493.544618,418148,frontend_frame,1562,0,23477,42,8,217260544,295698432,269145088,297795584,,,,,,,,,,
1791271493.9287698,418148,tracking_feedback_accumulate,1563,,23477,,,221257216,295698432,269145088,297795584,,,,,,,,2.9118999373167753,,
1791271493.9355536,418148,frontend_frame,1563,0,23477,42,8,211713536,295698432,269145088,297795584,,,,,,,,,,
1791271494.3360415,418148,tracking_feedback_accumulate,1564,,23477,,,215628288,295698432,269145088,297795584,,,,,,,,3.227100009098649,,
1791271494.3410423,418148,frontend_frame,1564,0,23477,42,8,217180672,295698432,269145088,297795584,,,,,,,,,,
1791271494.7467728,418148,tracking_feedback_accumulate,1565,,23477,,,221341184,295698432,269145088,297795584,,,,,,,,3.137999912723899,,
1791271494.7522783,418148,frontend_frame,1565,0,23477,42,8,222893568,295698432,269145088,297795584,,,,,,,,,,
1791271495.0984657,418148,tracking_feedback_accumulate,1566,,23477,,,210082304,295698432,269145088,297795584,,,,,,,,2.9504001140594482,,
1791271495.1039934,418148,frontend_frame,1566,0,23477,42,8,211634688,295698432,269145088,297795584,,,,,,,,,,
1791271495.3967383,418148,tracking_feedback_accumulate,1567,,23477,,,215795200,295698432,269145088,297795584,,,,,,,,3.0374000780284405,,
1791271495.4007401,418148,frontend_frame,1567,0,23477,42,8,217347584,295698432,269145088,297795584,,,,,,,,,,
1791271495.6583707,418148,tracking_feedback_accumulate,1568,,23477,,,221180416,295698432,269145088,297795584,,,,,,,,3.3366000279784203,,
1791271495.6629205,418148,frontend_frame,1568,0,23477,42,8,211636736,295698432,269145088,297795584,,,,,,,,,,
1791271495.9723415,418148,tracking_feedback_accumulate,1569,,23477,,,215715328,295698432,269145088,297795584,,,,,,,,2.8572999872267246,,
1791271495.977075,418148,frontend_frame,1569,0,23477,42,8,217267712,295698432,269145088,297795584,,,,,,,,,,
1791271496.4151344,418148,tracking_feedback_accumulate,1570,,23477,,,221182464,295698432,269145088,297795584,,,,,,,,3.2301999162882566,,
1791271496.4208782,418148,frontend_frame,1570,0,23477,42,8,211638784,268435456,269145088,297795584,,,,,,,,,,
1791271496.7377787,418148,tracking_feedback_accumulate,1571,,23477,,,215717376,289406976,269145088,297795584,,,,,,,,2.97220004722476,,
1791271496.7422912,418148,frontend_frame,1571,0,23477,42,8,217269760,289406976,269145088,297795584,,,,,,,,,,
1791271497.0457618,418148,tracking_feedback_accumulate,1572,,23477,,,221184512,291504128,269145088,297795584,,,,,,,,3.175700083374977,,
1791271497.051761,418148,frontend_frame,1572,0,23477,42,8,222736896,293601280,269145088,297795584,,,,,,,,,,
1791271497.4699457,418148,tracking_feedback_accumulate,1573,,23477,,,215719424,293601280,269145088,297795584,,,,,,,,2.8301000129431486,,
1791271497.4749553,418148,frontend_frame,1573,0,23477,42,8,217271808,293601280,269145088,297795584,,,,,,,,,,
1791271497.7925575,418148,tracking_feedback_accumulate,1574,,23477,,,221186560,293601280,269145088,297795584,,,,,,,,3.4481999464333057,,
1791271497.7983298,418148,frontend_frame,1574,0,23477,42,8,222738944,293601280,269145088,297795584,,,,,,,,,,
1791271498.2092416,418148,tracking_feedback_accumulate,1575,,23477,,,226817536,295698432,269254656,297795584,,,,,,,,3.510999958962202,,
1791271498.2137952,418148,frontend_frame,1575,0,23477,42,8,217273856,295698432,269254656,297795584,,,,,,,,,,
1791271498.5982637,418148,tracking_feedback_accumulate,1576,,23477,,,221188608,295698432,269254656,297795584,,,,,,,,2.9655001126229763,,
1791271498.6037662,418148,frontend_frame,1576,0,23477,42,8,222740992,295698432,269254656,297795584,,,,,,,,,,
1791271499.0563328,418148,tracking_feedback_accumulate,1577,,23477,,,226737664,295698432,269254656,297795584,,,,,,,,3.043999895453453,,
1791271499.0623422,418148,frontend_frame,1577,0,23477,42,8,228290048,297795584,269254656,297795584,,,,,,,,,,
1791271499.5059178,418148,tracking_feedback_accumulate,1578,,23477,,,215724544,297795584,269254656,297795584,,,,,,,,3.0515999533236027,,
1791271499.5114305,418148,frontend_frame,1578,0,23477,42,8,217276928,297795584,269254656,297795584,,,,,,,,,,
1791271499.879992,418148,tracking_feedback_accumulate,1579,,23477,,,221191680,297795584,269254656,297795584,,,,,,,,3.0626000370830297,,
1791271499.8856804,418148,frontend_frame,1579,0,23477,42,8,222744064,297795584,269254656,297795584,,,,,,,,,,
1791271500.2824717,418148,tracking_feedback_accumulate,1580,,23477,,,226822656,297795584,269254656,297795584,,,,,,,,3.0029001645743847,,
1791271500.2892196,418148,frontend_frame,1580,0,23477,42,8,217278976,272629760,269254656,297795584,,,,,,,,,,
1791271500.6348388,418148,tracking_feedback_accumulate,1581,,23477,,,221193728,293601280,269254656,297795584,,,,,,,,2.946200082078576,,
1791271500.6405559,418148,frontend_frame,1581,0,23477,42,8,222746112,293601280,269254656,297795584,,,,,,,,,,
1791271501.053933,418148,tracking_feedback_accumulate,1582,,23477,,,226824704,295698432,269254656,297795584,,,,,,,,3.29400016926229,,
1791271501.058129,418148,frontend_frame,1582,0,23477,42,8,228377088,297795584,269254656,297795584,,,,,,,,,,
1791271501.321155,418148,tracking_feedback_accumulate,1583,,23477,,,215647744,297795584,269254656,297795584,,,,,,,,2.9990999028086662,,
1791271501.326171,418148,frontend_frame,1583,0,23477,42,8,217200128,297795584,269254656,297795584,,,,,,,,,,
1791271501.5582592,418148,tracking_feedback_accumulate,1584,,23477,,,221360640,297795584,269254656,297795584,,,,,,,,3.0203000642359257,,
1791271501.5648224,418148,frontend_frame,1584,0,23477,42,8,222913024,297795584,269254656,297795584,,,,,,,,,,
1791271501.9730978,418148,tracking_feedback_accumulate,1585,,23477,,,226745856,297795584,269254656,297795584,,,,,,,,3.0283001251518726,,
1791271501.9781995,418148,frontend_frame,1585,0,23477,42,8,217202176,297795584,269254656,297795584,,,,,,,,,,
1791271502.366615,418148,tracking_feedback_accumulate,1586,,23477,,,221280768,297795584,269254656,297795584,,,,,,,,3.013000125065446,,
1791271502.3731172,418148,frontend_frame,1586,0,23477,42,8,222833152,297795584,269254656,297795584,,,,,,,,,,
1791271502.74536,418148,tracking_feedback_accumulate,1587,,23477,,,226829824,297795584,269254656,297795584,,,,,,,,3.173300065100193,,
1791271502.7510858,418148,frontend_frame,1587,0,23477,42,8,217286144,297795584,269254656,297795584,,,,,,,,,,
1791271503.072262,418148,tracking_feedback_accumulate,1588,,23477,,,221282816,297795584,269254656,297795584,,,,,,,,2.813400002196431,,
1791271503.07802,418148,frontend_frame,1588,0,23477,42,8,222835200,297795584,269254656,297795584,,,,,,,,,,
1791271503.5001826,418148,tracking_feedback_accumulate,1589,,23477,,,226749952,297795584,269254656,297795584,,,,,,,,3.4911001566797495,,
1791271503.5046842,418148,frontend_frame,1589,0,23477,42,8,228302336,297795584,269254656,297795584,,,,,,,,,,
1791271503.9191456,418148,tracking_feedback_accumulate,1590,,23477,,,210270720,297795584,269254656,297795584,,,,,,,,3.0780998058617115,,
1791271503.9246454,418148,frontend_frame,1590,0,23477,42,8,211823104,268435456,269254656,297795584,,,,,,,,,,
1791271504.3124132,418148,tracking_feedback_accumulate,1591,,23477,,,215655936,289406976,269254656,297795584,,,,,,,,2.9412000440061092,,
1791271504.3179722,418148,frontend_frame,1591,0,23477,42,8,217208320,289406976,269254656,297795584,,,,,,,,,,
1791271504.7141829,418148,tracking_feedback_accumulate,1592,,23477,,,221286912,291504128,269254656,297795584,,,,,,,,5.694699939340353,,
1791271504.7193978,418148,frontend_frame,1592,0,23477,42,8,211743232,291504128,269254656,297795584,,,,,,,,,,
1791271505.1429248,418148,tracking_feedback_accumulate,1593,,23477,,,215739904,291504128,269254656,297795584,,,,,,,,3.007699968293309,,
1791271505.1480598,418148,frontend_frame,1593,0,23477,42,8,217292288,291504128,269254656,297795584,,,,,,,,,,
1791271505.4848638,418148,tracking_feedback_accumulate,1594,,23477,,,221207040,291504128,269254656,297795584,,,,,,,,4.022000124678016,,
1791271505.4910738,418148,frontend_frame,1594,0,23477,42,8,222759424,293601280,269254656,297795584,,,,,,,,,,
1791271505.8896458,418148,tracking_feedback_accumulate,1595,,23477,,,210275840,293601280,269254656,297795584,,,,,,,,3.0026999302208424,,
1791271505.8946764,418148,frontend_frame,1595,0,23477,42,8,211828224,293601280,269254656,297795584,,,,,,,,,,
1791271506.1584346,418148,tracking_feedback_accumulate,1596,,23477,,,215661056,293601280,269254656,297795584,,,,,,,,2.897100057452917,,
1791271506.162944,418148,frontend_frame,1596,0,23477,42,8,217213440,293601280,269254656,297795584,,,,,,,,,,
1791271506.5446405,418148,tracking_feedback_accumulate,1597,,23477,,,221373952,293601280,269254656,297795584,,,,,,,,2.7340000960975885,,
1791271506.5494862,418148,frontend_frame,1597,0,23477,42,8,211830272,293601280,269254656,297795584,,,,,,,,,,
1791271506.775738,418148,tracking_feedback_accumulate,1598,,23477,,,215663104,293601280,269254656,297795584,,,,,,,,2.698600059375167,,
1791271506.780769,418148,frontend_frame,1598,0,23477,42,8,217215488,293601280,269254656,297795584,,,,,,,,,,
1791271507.1604292,418148,tracking_feedback_accumulate,1599,,23477,,,221294080,293601280,269254656,297795584,,,,,,,,2.848800038918853,,
1791271507.165673,418148,frontend_frame,1599,0,23477,42,8,222846464,293601280,269254656,297795584,,,,,,,,,,
1791271507.545365,418148,tracking_feedback_accumulate,1600,,23477,,,210117120,293601280,269254656,297795584,,,,,,,,2.881899941712618,,
1791271507.5513692,418148,frontend_frame,1600,0,23477,42,8,211669504,268435456,269254656,297795584,,,,,,,,,,
1791271507.8267481,418148,tracking_feedback_accumulate,1601,,23477,,,215666176,289406976,269254656,297795584,,,,,,,,3.049599938094616,,
1791271507.8317475,418148,frontend_frame,1601,0,23477,42,8,217218560,289406976,269254656,297795584,,,,,,,,,,
1791271508.1616533,418148,tracking_feedback_accumulate,1602,,23477,,,221297152,291504128,269254656,297795584,,,,,,,,2.9909999575465918,,
1791271508.1678605,418148,frontend_frame,1602,0,23477,42,8,211753472,291504128,269254656,297795584,,,,,,,,,,
1791271508.5948946,418148,tracking_feedback_accumulate,1603,,23477,,,215668224,291504128,269254656,297795584,,,,,,,,2.8475001454353333,,
1791271508.5994842,418148,frontend_frame,1603,0,23477,42,8,217220608,291504128,269254656,297795584,,,,,,,,,,
1791271508.9185767,418148,tracking_feedback_accumulate,1604,,23477,,,221299200,291504128,269254656,297795584,,,,,,,,2.8560999780893326,,
1791271508.924645,418148,frontend_frame,1604,0,23477,42,8,222851584,293601280,269254656,297795584,,,,,,,,,,
1791271509.339133,418148,tracking_feedback_accumulate,1605,,23477,,,210204160,293601280,269254656,297795584,,,,,,,,3.608700120821595,,
1791271509.3446589,418148,frontend_frame,1605,0,23477,42,8,211756544,293601280,269254656,297795584,,,,,,,,,,
1791271509.726011,418148,tracking_feedback_accumulate,1606,,23477,,,215671296,293601280,269254656,297795584,,,,,,,,3.002599813044071,,
1791271509.7311566,418148,frontend_frame,1606,0,23477,42,8,217223680,293601280,269254656,297795584,,,,,,,,,,
1791271510.1142669,418148,tracking_feedback_accumulate,1607,,23477,,,210288128,293601280,269254656,297795584,,,,,,,,2.814600011333823,,
1791271510.1189485,418148,frontend_frame,1607,0,23477,42,8,211840512,293601280,269254656,297795584,,,,,,,,,,
1791271510.4723651,418148,tracking_feedback_accumulate,1608,,23477,,,215673344,293601280,269254656,297795584,,,,,,,,3.5373999271541834,,
1791271510.4770877,418148,frontend_frame,1608,0,23477,42,8,217225728,293601280,269254656,297795584,,,,,,,,,,
1791271510.9027698,418148,tracking_feedback_accumulate,1609,,23477,,,221304320,293601280,269254656,297795584,,,,,,,,2.9764999635517597,,
1791271510.9077802,418148,frontend_frame,1609,0,23477,42,8,211760640,293601280,269254656,297795584,,,,,,,,,,
1791271511.3614552,418148,tracking_feedback_accumulate,1610,,23477,,,215675392,293601280,269254656,297795584,,,,,,,,3.207199973985553,,
1791271511.3666818,418148,frontend_frame,1610,0,23477,42,8,217227776,268435456,269254656,297795584,,,,,,,,,,
1791271511.72144,418148,tracking_feedback_accumulate,1611,,23477,,,221388288,291504128,269254656,297795584,,,,,,,,2.9221000149846077,,
1791271511.7269628,418148,frontend_frame,1611,0,23477,42,8,222940672,293601280,269254656,297795584,,,,,,,,,,
1791271512.1056864,418148,tracking_feedback_accumulate,1612,,23477,,,210129408,293601280,269254656,297795584,,,,,,,,3.2399999909102917,,
1791271512.1111975,418148,frontend_frame,1612,0,23477,42,8,211681792,293601280,269254656,297795584,,,,,,,,,,
1791271512.480659,418148,tracking_feedback_accumulate,1613,,23477,,,215760384,293601280,269254656,297795584,,,,,,,,2.930799964815378,,
1791271512.4848576,418148,frontend_frame,1613,0,23477,42,8,217312768,293601280,269254656,297795584,,,,,,,,,,
1791271512.787437,418148,tracking_feedback_accumulate,1614,,23477,,,221309440,293601280,269254656,297795584,,,,,,,,3.067400073632598,,
1791271512.7939994,418148,frontend_frame,1614,0,23477,42,8,211765760,293601280,269254656,297795584,,,,,,,,,,
1791271513.2337992,418148,tracking_feedback_accumulate,1615,,23477,,,215680512,293601280,269254656,297795584,,,,,,,,2.931700088083744,,
1791271513.2395382,418148,frontend_frame,1615,0,23477,42,8,217232896,293601280,269254656,297795584,,,,,,,,,,
1791271513.679738,418148,tracking_feedback_accumulate,1616,,23477,,,221393408,293601280,269254656,297795584,,,,,,,,2.9047001153230667,,
1791271513.6856022,418148,frontend_frame,1616,0,23477,42,8,222945792,293601280,269254656,297795584,,,,,,,,,,
1791271514.0279899,418148,tracking_feedback_accumulate,1617,,23477,,,210134528,293601280,269254656,297795584,,,,,,,,3.702700138092041,,
1791271514.0324907,418148,frontend_frame,1617,0,23477,42,8,211686912,293601280,269254656,297795584,,,,,,,,,,
1791271514.4053524,418148,tracking_feedback_accumulate,1618,,23477,,,215847424,293601280,269254656,297795584,,,,,,,,2.8572999872267246,,
1791271514.4104252,418148,frontend_frame,1618,0,23477,42,8,217399808,293601280,269254656,297795584,,,,,,,,,,
1791271514.7841458,418148,tracking_feedback_accumulate,1619,,23477,,,221232640,293601280,269254656,297795584,,,,,,,,2.947600092738867,,
1791271514.7888784,418148,frontend_frame,1619,0,23477,42,8,211688960,293601280,269254656,297795584,,,,,,,,,,
1791271515.15621,418148,tracking_feedback_accumulate,1620,,23477,,,215849472,293601280,269254656,297795584,,,,,,,,2.9259000439196825,,
1791271515.1617882,418148,frontend_frame,1620,0,23477,42,8,217401856,268435456,269254656,297795584,,,,,,,,,,
1791271515.5474803,418148,tracking_feedback_accumulate,1621,,23477,,,221234688,291504128,269254656,297795584,,,,,,,,2.9853000305593014,,
1791271515.5525043,418148,frontend_frame,1621,0,23477,42,8,222787072,293601280,269254656,297795584,,,,,,,,,,
1791271515.925966,418148,tracking_feedback_accumulate,1622,,23477,,,210221568,293601280,269254656,297795584,,,,,,,,2.826400101184845,,
1791271515.9312444,418148,frontend_frame,1622,0,23477,42,8,211773952,293601280,269254656,297795584,,,,,,,,,,
1791271516.3006613,418148,tracking_feedback_accumulate,1623,,23477,,,215770624,293601280,269254656,297795584,,,,,,,,3.066000062972307,,
1791271516.3056738,418148,frontend_frame,1623,0,23477,42,8,217323008,293601280,269254656,297795584,,,,,,,,,,
1791271516.7327127,418148,tracking_feedback_accumulate,1624,,23477,,,210141696,293601280,269254656,297795584,,,,,,,,2.796799875795841,,
1791271516.7384524,418148,frontend_frame,1624,0,23477,42,8,211694080,293601280,269254656,297795584,,,,,,,,,,
1791271517.0954313,418148,tracking_feedback_accumulate,1625,,23477,,,215690752,293601280,269254656,297795584,,,,,,,,3.6434000357985497,,
1791271517.0999458,418148,frontend_frame,1625,0,23477,42,8,217243136,293601280,269254656,297795584,,,,,,,,,,
1791271517.521419,418148,tracking_feedback_accumulate,1626,,23477,,,221321728,293601280,269254656,297795584,,,,,,,,2.9452000744640827,,
1791271517.5261853,418148,frontend_frame,1626,0,23477,42,8,211778048,293601280,269254656,297795584,,,,,,,,,,
1791271517.8388608,418148,tracking_feedback_accumulate,1627,,23477,,,215774720,293601280,269254656,297795584,,,,,,,,2.830799901857972,,
1791271517.8428602,418148,frontend_frame,1627,0,23477,42,8,217327104,293601280,269254656,297795584,,,,,,,,,,
1791271518.2248778,418148,tracking_feedback_accumulate,1628,,23477,,,221241856,293601280,269254656,297795584,,,,,,,,2.760200062766671,,
1791271518.2312365,418148,frontend_frame,1628,0,23477,42,8,222794240,293601280,269254656,297795584,,,,,,,,,,
1791271518.6153483,418148,tracking_feedback_accumulate,1629,,23477,,,210310656,293601280,269254656,297795584,,,,,,,,3.3378000371158123,,
1791271518.619723,418148,frontend_frame,1629,0,23477,42,8,211863040,293601280,269254656,297795584,,,,,,,,,,
1791271518.991669,418148,tracking_feedback_accumulate,1630,,23477,,,215695872,293601280,269254656,297795584,,,,,,,,3.0091998632997274,,
1791271518.9974244,418148,frontend_frame,1630,0,23477,42,8,217248256,268435456,269254656,297795584,,,,,,,,,,
1791271519.2307339,418148,tracking_feedback_accumulate,1631,,23477,,,221408768,291504128,269254656,297795584,,,,,,,,3.371200058609247,,
1791271519.2357473,418148,frontend_frame,1631,0,23477,42,8,211865088,291504128,269254656,297795584,,,,,,,,,,
1791271519.6609943,418148,tracking_feedback_accumulate,1632,,23477,,,215697920,291504128,269254656,297795584,,,,,,,,3.123900154605508,,
1791271519.6667614,418148,frontend_frame,1632,0,23477,42,8,217250304,291504128,269254656,297795584,,,,,,,,,,
1791271520.033931,418148,tracking_feedback_accumulate,1633,,23477,,,221328896,291504128,269254656,297795584,,,,,,,,3.3436999656260014,,
1791271520.0400298,418148,frontend_frame,1633,0,23477,42,8,222881280,293601280,269254656,297795584,,,,,,,,,,
1791271520.4086778,418148,tracking_feedback_accumulate,1634,,23477,,,210151936,293601280,269254656,297795584,,,,,,,,3.0925001483410597,,
1791271520.4141898,418148,frontend_frame,1634,0,23477,42,8,211704320,293601280,269254656,297795584,,,,,,,,,,
1791271520.8325891,418148,tracking_feedback_accumulate,1635,,23477,,,215864832,293601280,269254656,297795584,,,,,,,,3.1481001060456038,,
1791271520.8383527,418148,frontend_frame,1635,0,23477,42,8,217417216,293601280,269254656,297795584,,,,,,,,,,
1791271521.2013836,418148,tracking_feedback_accumulate,1636,,23477,,,221250048,293601280,269254656,297795584,,,,,,,,3.555299947038293,,
1791271521.2064016,418148,frontend_frame,1636,0,23477,42,8,211706368,293601280,269254656,297795584,,,,,,,,,,
1791271521.5947454,418148,tracking_feedback_accumulate,1637,,23477,,,215703040,293601280,269254656,297795584,,,,,,,,3.1252000480890274,,
1791271521.5994327,418148,frontend_frame,1637,0,23477,42,8,217255424,293601280,269254656,297795584,,,,,,,,,,
1791271521.9506247,418148,tracking_feedback_accumulate,1638,,23477,,,221334016,293601280,269254656,297795584,,,,,,,,3.4111998975276947,,
1791271521.9563167,418148,frontend_frame,1638,0,23477,42,8,222886400,293601280,269254656,297795584,,,,,,,,,,
1791271522.175617,418148,tracking_feedback_accumulate,1639,,23477,,,210238976,293601280,269254656,297795584,,,,,,,,2.63740005902946,,
1791271522.1806622,418148,frontend_frame,1639,0,23477,42,8,211791360,293601280,269254656,297795584,,,,,,,,,,
1791271522.5829175,418148,tracking_feedback_accumulate,1640,,23477,,,215706112,293601280,269254656,297795584,,,,,,,,3.0162001494318247,,
1791271522.588198,418148,frontend_frame,1640,0,23477,42,8,217258496,268435456,269254656,297795584,,,,,,,,,,
1791271522.9738734,418148,tracking_feedback_accumulate,1641,,23477,,,210159104,291504128,269254656,297795584,,,,,,,,3.0091002117842436,,
1791271522.9795551,418148,frontend_frame,1641,0,23477,42,8,211711488,291504128,269254656,297795584,,,,,,,,,,
1791271523.274695,418148,tracking_feedback_accumulate,1642,,23477,,,215790080,291504128,269254656,297795584,,,,,,,,3.028599778190255,,
1791271523.2799082,418148,frontend_frame,1642,0,23477,42,8,217342464,291504128,269254656,297795584,,,,,,,,,,
1791271523.6291077,418148,tracking_feedback_accumulate,1643,,23477,,,221339136,291504128,269254656,297795584,,,,,,,,3.0050999484956264,,
1791271523.6346722,418148,frontend_frame,1643,0,23477,42,8,211795456,291504128,269254656,297795584,,,,,,,,,,
1791271524.0779822,418148,tracking_feedback_accumulate,1644,,23477,,,215792128,291504128,269254656,297795584,,,,,,,,2.833399921655655,,
1791271524.0829823,418148,frontend_frame,1644,0,23477,42,8,217344512,291504128,269254656,297795584,,,,,,,,,,
1791271524.4109962,418148,tracking_feedback_accumulate,1645,,23477,,,221259264,291504128,269254656,297795584,,,,,,,,2.913600066676736,,
1791271524.4171789,418148,frontend_frame,1645,0,23477,42,8,222811648,293601280,269254656,297795584,,,,,,,,,,
1791271524.8015463,418148,tracking_feedback_accumulate,1646,,23477,,,210328064,293601280,269254656,297795584,,,,,,,,2.9913000762462616,,
1791271524.806751,418148,frontend_frame,1646,0,23477,42,8,211880448,293601280,269254656,297795584,,,,,,,,,,
1791271525.2159054,418148,tracking_feedback_accumulate,1647,,23477,,,215713280,293601280,269254656,297795584,,,,,,,,3.378999885171652,,
1791271525.2219093,418148,frontend_frame,1647,0,23477,42,8,217265664,293601280,269254656,297795584,,,,,,,,,,
1791271525.5980153,418148,tracking_feedback_accumulate,1648,,23477,,,221344256,293601280,269254656,297795584,,,,,,,,2.9464999679476023,,
1791271525.604019,418148,frontend_frame,1648,0,23477,42,8,211800576,293601280,269254656,297795584,,,,,,,,,,
1791271525.9258468,418148,tracking_feedback_accumulate,1649,,23477,,,215715328,293601280,269254656,297795584,,,,,,,,2.7769000735133886,,
1791271525.9303796,418148,frontend_frame,1649,0,23477,42,8,217267712,293601280,269254656,297795584,,,,,,,,,,
1791271526.3566358,418148,tracking_feedback_accumulate,1650,,23477,,,221346304,293601280,269254656,297795584,,,,,,,,3.4407000057399273,,
1791271526.3621407,418148,frontend_frame,1650,0,23477,42,8,222898688,272629760,269254656,297795584,,,,,,,,,,
1791271526.7202542,418148,tracking_feedback_accumulate,1651,,23477,,,210251264,293601280,269254656,297795584,,,,,,,,2.9752999544143677,,
1791271526.7247632,418148,frontend_frame,1651,0,23477,42,8,211803648,293601280,269254656,297795584,,,,,,,,,,
1791271527.1508675,418148,tracking_feedback_accumulate,1652,,23477,,,215718400,293601280,269254656,297795584,,,,,,,,2.916700206696987,,
1791271527.1565855,418148,frontend_frame,1652,0,23477,42,8,217270784,293601280,269254656,297795584,,,,,,,,,,
1791271527.4483597,418148,tracking_feedback_accumulate,1653,,23477,,,221431296,293601280,269254656,297795584,,,,,,,,2.8111001010984182,,
1791271527.4539251,418148,frontend_frame,1653,0,23477,42,8,211887616,293601280,269254656,297795584,,,,,,,,,,
1791271527.8639863,418148,tracking_feedback_accumulate,1654,,23477,,,215720448,293601280,269254656,297795584,,,,,,,,3.1533001456409693,,
1791271527.8694954,418148,frontend_frame,1654,0,23477,42,8,217272832,293601280,269254656,297795584,,,,,,,,,,
1791271528.250038,418148,tracking_feedback_accumulate,1655,,23477,,,221351424,293601280,269254656,297795584,,,,,,,,2.6744999922811985,,
1791271528.255915,418148,frontend_frame,1655,0,23477,42,8,222903808,293601280,269254656,297795584,,,,,,,,,,
1791271528.6525884,418148,tracking_feedback_accumulate,1656,,23477,,,210174464,293601280,269254656,297795584,,,,,,,,2.7828000020235777,,
1791271528.6581311,418148,frontend_frame,1656,0,23477,42,8,211726848,293601280,269254656,297795584,,,,,,,,,,
1791271529.050666,418148,tracking_feedback_accumulate,1657,,23477,,,215887360,293601280,269254656,297795584,,,,,,,,2.924500033259392,,
1791271529.060562,418148,frontend_frame,1657,0,23477,42,8,217439744,293601280,269254656,297795584,,,,,,,,,,
1791271529.3504055,418148,tracking_feedback_accumulate,1658,,23477,,,210176512,293601280,269254656,297795584,,,,,,,,2.9612998478114605,,
1791271529.3554153,418148,frontend_frame,1658,0,23477,42,8,211728896,293601280,269254656,297795584,,,,,,,,,,
1791271529.7462134,418148,tracking_feedback_accumulate,1659,,23477,,,215807488,293601280,269254656,297795584,,,,,,,,2.8997000772506,,
1791271529.7512171,418148,frontend_frame,1659,0,23477,42,8,217359872,293601280,269254656,297795584,,,,,,,,,,
1791271530.1575906,418148,tracking_feedback_accumulate,1660,,23477,,,221356544,293601280,269254656,297795584,,,,,,,,3.0076000839471817,,
1791271530.1641452,418148,frontend_frame,1660,0,23477,42,8,211812864,268435456,269254656,297795584,,,,,,,,,,
1791271530.564854,418148,tracking_feedback_accumulate,1661,,23477,,,215727616,289406976,269254656,297795584,,,,,,,,2.996500115841627,,
1791271530.5695255,418148,frontend_frame,1661,0,23477,42,8,217280000,289406976,269254656,297795584,,,,,,,,,,
1791271530.954981,418148,tracking_feedback_accumulate,1662,,23477,,,221276672,291504128,269254656,297795584,,,,,,,,2.932199975475669,,
1791271530.961152,418148,frontend_frame,1662,0,23477,42,8,222829056,293601280,269254656,297795584,,,,,,,,,,
1791271531.3621914,418148,tracking_feedback_accumulate,1663,,23477,,,210263552,293601280,269254656,297795584,,,,,,,,3.348400117829442,,
1791271531.367697,418148,frontend_frame,1663,0,23477,42,8,211815936,293601280,269254656,297795584,,,,,,,,,,
1791271531.7385247,418148,tracking_feedback_accumulate,1664,,23477,,,215812608,293601280,269254656,297795584,,,,,,,,2.8144000098109245,,
1791271531.744164,418148,frontend_frame,1664,0,23477,42,8,217364992,293601280,269254656,297795584,,,,,,,,,,
1791271532.1567738,418148,tracking_feedback_accumulate,1665,,23477,,,221361664,293601280,269254656,297795584,,,,,,,,3.1169999856501818,,
1791271532.1638362,418148,frontend_frame,1665,0,23477,42,8,211817984,293601280,269254656,297795584,,,,,,,,,,
1791271532.5301058,418148,tracking_feedback_accumulate,1666,,23477,,,215814656,293601280,269254656,297795584,,,,,,,,3.1282000709325075,,
1791271532.5356264,418148,frontend_frame,1666,0,23477,42,8,217367040,293601280,269254656,297795584,,,,,,,,,,
1791271532.8448446,418148,tracking_feedback_accumulate,1667,,23477,,,221281792,293601280,269254656,297795584,,,,,,,,3.449500072747469,,
1791271532.8500516,418148,frontend_frame,1667,0,23477,42,8,222834176,293601280,269254656,297795584,,,,,,,,,,
1791271533.200938,418148,tracking_feedback_accumulate,1668,,23477,,,210186752,293601280,269254656,297795584,,,,,,,,2.9923999682068825,,
1791271533.2057972,418148,frontend_frame,1668,0,23477,42,8,211739136,293601280,269254656,297795584,,,,,,,,,,
1791271533.5009778,418148,tracking_feedback_accumulate,1669,,23477,,,215817728,293601280,269254656,297795584,,,,,,,,3.024699864909053,,
1791271533.5057225,418148,frontend_frame,1669,0,23477,42,8,217370112,293601280,269254656,297795584,,,,,,,,,,
1791271533.8375144,418148,tracking_feedback_accumulate,1670,,23477,,,221366784,293601280,269254656,297795584,,,,,,,,3.0181999318301678,,
1791271533.842514,418148,frontend_frame,1670,0,23477,42,8,211823104,268435456,269254656,297795584,,,,,,,,,,
1791271534.1593046,418148,tracking_feedback_accumulate,1671,,23477,,,215819776,289406976,269254656,297795584,,,,,,,,2.8953999280929565,,
1791271534.1649716,418148,frontend_frame,1671,0,23477,42,8,217372160,289406976,269254656,297795584,,,,,,,,,,
1791271534.505245,418148,tracking_feedback_accumulate,1672,,23477,,,221286912,291504128,269254656,297795584,,,,,,,,2.9855000320822,,
1791271534.5113652,418148,frontend_frame,1672,0,23477,42,8,222839296,293601280,269254656,297795584,,,,,,,,,,
1791271534.7858884,418148,tracking_feedback_accumulate,1673,,23477,,,210355712,293601280,269254656,297795584,,,,,,,,2.999299904331565,,
1791271534.8360102,418148,frontend_frame,1673,0,23477,43,8,215903744,293601280,269254656,297795584,,,,,,,,,,
1791271546.029081,418148,tracking_feedback_accumulate,1674,,24176,,,219783168,293601280,269254656,297795584,,,,,,,,3.3875000663101673,,
1791271546.0345995,418148,frontend_frame,1674,0,24176,43,8,221501952,293601280,269254656,297795584,,,,,,,,,,
1791271546.3836584,418148,tracking_feedback_accumulate,1675,,24176,,,214323200,314572800,269254656,314572800,,,,,,,,2.982000121846795,,
1791271546.389365,418148,frontend_frame,1675,0,24176,43,8,216036864,314572800,269254656,314572800,,,,,,,,,,
1791271546.7917814,418148,tracking_feedback_accumulate,1676,,24176,,,220033536,314572800,269254656,314572800,,,,,,,,3.1256999354809523,,
1791271546.797942,418148,frontend_frame,1676,0,24176,43,8,221747200,314572800,269254656,314572800,,,,,,,,,,
1791271547.0757682,418148,tracking_feedback_accumulate,1677,,24176,,,225661952,314572800,269254656,314572800,,,,,,,,3.384399926289916,,
1791271547.0822785,418148,frontend_frame,1677,0,24176,43,8,215956992,314572800,269254656,314572800,,,,,,,,,,
1791271547.5030336,418148,tracking_feedback_accumulate,1678,,24176,,,219953664,314572800,269254656,314572800,,,,,,,,3.1103999353945255,,
1791271547.5080707,418148,frontend_frame,1678,0,24176,43,8,221667840,314572800,269254656,314572800,,,,,,,,,,
1791271547.93615,418148,tracking_feedback_accumulate,1679,,24176,,,225746432,314572800,269254656,314572800,,,,,,,,3.001699922606349,,
1791271547.9426591,418148,frontend_frame,1679,0,24176,43,8,227460096,314572800,269254656,314572800,,,,,,,,,,
1791271548.2897506,418148,tracking_feedback_accumulate,1680,,24176,,,214328832,314572800,269254656,314572800,,,,,,,,2.6956999208778143,,
1791271548.295268,418148,frontend_frame,1680,0,24176,43,8,216042496,268435456,269254656,314572800,,,,,,,,,,
1791271548.6575406,418148,tracking_feedback_accumulate,1681,,24176,,,220039168,289406976,269254656,314572800,,,,,,,,3.0460001435130835,,
1791271548.6630497,418148,frontend_frame,1681,0,24176,43,8,221752832,289406976,269254656,314572800,,,,,,,,,,
1791271549.0145576,418148,tracking_feedback_accumulate,1682,,24176,,,225749504,314572800,269254656,314572800,,,,,,,,3.0755999032408,,
1791271549.0205615,418148,frontend_frame,1682,0,24176,43,8,216044544,314572800,269254656,314572800,,,,,,,,,,
1791271549.3592722,418148,tracking_feedback_accumulate,1683,,24176,,,220041216,314572800,269254656,314572800,,,,,,,,3.0104999896138906,,
1791271549.3648033,418148,frontend_frame,1683,0,24176,43,8,221754880,314572800,269254656,314572800,,,,,,,,,,
1791271549.734625,418148,tracking_feedback_accumulate,1684,,24176,,,225751552,314572800,269254656,314572800,,,,,,,,3.0221000779420137,,
1791271549.7403414,418148,frontend_frame,1684,0,24176,43,8,216046592,314572800,269254656,314572800,,,,,,,,,,
1791271549.929325,418148,tracking_feedback_accumulate,1685,,24176,,,220043264,314572800,269254656,314572800,,,,,,,,3.7251999601721764,,
1791271549.9343696,418148,frontend_frame,1685,0,24176,43,8,221756928,314572800,269254656,314572800,,,,,,,,,,
1791271550.2952929,418148,tracking_feedback_accumulate,1686,,24176,,,225753600,314572800,269254656,314572800,,,,,,,,3.590300213545561,,
1791271550.3012967,418148,frontend_frame,1686,0,24176,43,8,227467264,314572800,269254656,314572800,,,,,,,,,,
1791271550.727712,418148,tracking_feedback_accumulate,1687,,24176,,,219963392,314572800,269254656,314572800,,,,,,,,3.1117999460548162,,
1791271550.7327108,418148,frontend_frame,1687,0,24176,43,8,221677056,314572800,269254656,314572800,,,,,,,,,,
1791271551.0787668,418148,tracking_feedback_accumulate,1688,,24176,,,225673728,314572800,269254656,314572800,,,,,,,,3.0120001174509525,,
1791271551.0847812,418148,frontend_frame,1688,0,24176,43,8,227387392,314572800,269254656,314572800,,,,,,,,,,
1791271551.4749298,418148,tracking_feedback_accumulate,1689,,24176,,,231465984,318767104,274425344,318767104,,,,,,,,2.614900004118681,,
1791271551.4795206,418148,frontend_frame,1689,0,24176,43,8,221761024,318767104,274425344,318767104,,,,,,,,,,
1791271551.7505667,418148,tracking_feedback_accumulate,1690,,24176,,,225757696,318767104,274425344,318767104,,,,,,,,2.9485002160072327,,
1791271551.756581,418148,frontend_frame,1690,0,24176,43,8,227471360,272629760,274425344,318767104,,,,,,,,,,
1791271552.087537,418148,tracking_feedback_accumulate,1691,,24176,,,231468032,297795584,274425344,318767104,,,,,,,,2.9233999084681273,,
1791271552.092606,418148,frontend_frame,1691,0,24176,43,8,233181696,299892736,274425344,318767104,,,,,,,,,,
1791271552.465578,418148,tracking_feedback_accumulate,1692,,24176,,,220050432,320864256,274425344,320864256,,,,,,,,3.5668001510202885,,
1791271552.4695807,418148,frontend_frame,1692,0,24176,43,8,221764096,320864256,274425344,320864256,,,,,,,,,,
1791271552.8498178,418148,tracking_feedback_accumulate,1693,,24176,,,225678848,320864256,274425344,320864256,,,,,,,,3.7354000378400087,,
1791271552.855867,418148,frontend_frame,1693,0,24176,43,8,227392512,320864256,274425344,320864256,,,,,,,,,,
1791271553.2376652,418148,tracking_feedback_accumulate,1694,,24176,,,231553024,320864256,274425344,320864256,,,,,,,,3.0068999622017145,,
1791271553.2426653,418148,frontend_frame,1694,0,24176,43,8,221848064,320864256,274425344,320864256,,,,,,,,,,
1791271553.6163578,418148,tracking_feedback_accumulate,1695,,24176,,,225680896,320864256,274425344,320864256,,,,,,,,3.7412000820040703,,
1791271553.6223598,418148,frontend_frame,1695,0,24176,43,8,227394560,320864256,274425344,320864256,,,,,,,,,,
1791271553.928997,418148,tracking_feedback_accumulate,1696,,24176,,,231555072,320864256,274425344,320864256,,,,,,,,3.1258000526577234,,
1791271553.9345024,418148,frontend_frame,1696,0,24176,43,8,233268736,320864256,274425344,320864256,,,,,,,,,,
1791271554.1957438,418148,tracking_feedback_accumulate,1697,,24176,,,219973632,320864256,274425344,320864256,,,,,,,,2.9449998401105404,,
1791271554.2007444,418148,frontend_frame,1697,0,24176,43,8,221687296,320864256,274425344,320864256,,,,,,,,,,
1791271554.5738378,418148,tracking_feedback_accumulate,1698,,24176,,,225847808,320864256,274425344,320864256,,,,,,,,3.0951998196542263,,
1791271554.5803535,418148,frontend_frame,1698,0,24176,43,8,227561472,320864256,274425344,320864256,,,,,,,,,,
1791271554.9965558,418148,tracking_feedback_accumulate,1699,,24176,,,231394304,320864256,274430976,320864256,,,,,,,,2.7355998754501343,,
1791271555.0030632,418148,frontend_frame,1699,0,24176,43,8,221689344,320864256,274430976,320864256,,,,,,,,,,
1791271555.3979259,418148,tracking_feedback_accumulate,1700,,24176,,,225849856,320864256,274430976,320864256,,,,,,,,2.9203000012785196,,
1791271555.4049537,418148,frontend_frame,1700,0,24176,43,8,227563520,272629760,274430976,320864256,,,,,,,,,,
1791271555.762097,418148,tracking_feedback_accumulate,1701,,24176,,,231396352,318767104,274433024,320864256,,,,,,,,3.0406001023948193,,
1791271555.7683215,418148,frontend_frame,1701,0,24176,43,8,233110016,320864256,274433024,320864256,,,,,,,,,,
1791271556.048669,418148,tracking_feedback_accumulate,1702,,24176,,,220142592,320864256,274433024,320864256,,,,,,,,2.920099999755621,,
1791271556.0546842,418148,frontend_frame,1702,0,24176,43,8,221856256,320864256,274433024,320864256,,,,,,,,,,
1791271556.3392954,418148,tracking_feedback_accumulate,1703,,24176,,,225689088,320864256,274433024,320864256,,,,,,,,2.911900170147419,,
1791271556.3448088,418148,frontend_frame,1703,0,24176,43,8,227402752,320864256,274433024,320864256,,,,,,,,,,
1791271556.777751,418148,tracking_feedback_accumulate,1704,,24176,,,220062720,320864256,274433024,320864256,,,,,,,,3.0990000814199448,,
1791271556.782751,418148,frontend_frame,1704,0,24176,43,8,221776384,320864256,274433024,320864256,,,,,,,,,,
1791271557.1459475,418148,tracking_feedback_accumulate,1705,,24176,,,225691136,320864256,274433024,320864256,,,,,,,,2.968000015243888,,
1791271557.1519516,418148,frontend_frame,1705,0,24176,43,8,227404800,320864256,274433024,320864256,,,,,,,,,,
1791271557.4655137,418148,tracking_feedback_accumulate,1706,,24176,,,231401472,320864256,274433024,320864256,,,,,,,,2.81360000371933,,
1791271557.4715316,418148,frontend_frame,1706,0,24176,43,8,215987200,320864256,274433024,320864256,,,,,,,,,,
1791271557.8910518,418148,tracking_feedback_accumulate,1707,,24176,,,220065792,320864256,274433024,320864256,,,,,,,,2.951399888843298,,
1791271557.8955922,418148,frontend_frame,1707,0,24176,43,8,221779456,320864256,274433024,320864256,,,,,,,,,,
1791271558.326057,418148,tracking_feedback_accumulate,1708,,24176,,,225776128,320864256,274433024,320864256,,,,,,,,3.14839999191463,,
1791271558.3315625,418148,frontend_frame,1708,0,24176,43,8,227489792,320864256,274433024,320864256,,,,,,,,,,
1791271558.7883544,418148,tracking_feedback_accumulate,1709,,24176,,,214358528,320864256,274433024,320864256,,,,,,,,3.5825001541525126,,
1791271558.7923539,418148,frontend_frame,1709,0,24176,43,8,216072192,320864256,274433024,320864256,,,,,,,,,,
1791271559.1944177,418148,tracking_feedback_accumulate,1710,,24176,,,220068864,320864256,274433024,320864256,,,,,,,,3.130099968984723,,
1791271559.19961,418148,frontend_frame,1710,0,24176,43,8,221782528,268435456,274433024,320864256,,,,,,,,,,
1791271559.5574036,418148,tracking_feedback_accumulate,1711,,24176,,,225697280,293601280,274433024,320864256,,,,,,,,3.4936999436467886,,
1791271559.5624847,418148,frontend_frame,1711,0,24176,43,8,215992320,293601280,274433024,320864256,,,,,,,,,,
1791271559.8938513,418148,tracking_feedback_accumulate,1712,,24176,,,219988992,293601280,274433024,320864256,,,,,,,,2.9086999129503965,,
1791271559.8993604,418148,frontend_frame,1712,0,24176,43,8,221702656,293601280,274433024,320864256,,,,,,,,,,
1791271560.3309367,418148,tracking_feedback_accumulate,1713,,24176,,,225781248,293601280,274433024,320864256,,,,,,,,3.058800008147955,,
1791271560.3369453,418148,frontend_frame,1713,0,24176,43,8,227494912,295698432,274433024,320864256,,,,,,,,,,
1791271560.6940324,418148,tracking_feedback_accumulate,1714,,24176,,,214281728,295698432,274433024,320864256,,,,,,,,3.032500157132745,,
1791271560.6995416,418148,frontend_frame,1714,0,24176,43,8,215995392,295698432,274433024,320864256,,,,,,,,,,
1791271561.0525186,418148,tracking_feedback_accumulate,1715,,24176,,,219992064,295698432,274433024,320864256,,,,,,,,2.857200102880597,,
1791271561.057627,418148,frontend_frame,1715,0,24176,43,8,221705728,295698432,274433024,320864256,,,,,,,,,,
1791271561.4183419,418148,tracking_feedback_accumulate,1716,,24176,,,225784320,295698432,274433024,320864256,,,,,,,,2.915299963206053,,
1791271561.4248488,418148,frontend_frame,1716,0,24176,43,8,216079360,295698432,274433024,320864256,,,,,,,,,,
1791271561.8295445,418148,tracking_feedback_accumulate,1717,,24176,,,219994112,295698432,274433024,320864256,,,,,,,,2.924199914559722,,
1791271561.834046,418148,frontend_frame,1717,0,24176,43,8,221707776,295698432,274433024,320864256,,,,,,,,,,
1791271562.2215,418148,tracking_feedback_accumulate,1718,,24176,,,225868288,295698432,274433024,320864256,,,,,,,,2.8327000327408314,,
1791271562.2280881,418148,frontend_frame,1718,0,24176,43,8,227581952,295698432,274433024,320864256,,,,,,,,,,
1791271562.6603665,418148,tracking_feedback_accumulate,1719,,24176,,,214286848,316669952,274433024,320864256,,,,,,,,4.220499889925122,,
1791271562.6648722,418148,frontend_frame,1719,0,24176,43,8,216000512,316669952,274433024,320864256,,,,,,,,,,
1791271562.9814248,418148,tracking_feedback_accumulate,1720,,24176,,,220079104,316669952,274433024,320864256,,,,,,,,3.026900114491582,,
1791271562.9866235,418148,frontend_frame,1720,0,24176,43,8,221792768,268435456,274433024,320864256,,,,,,,,,,
1791271563.399611,418148,tracking_feedback_accumulate,1721,,24176,,,214288896,314572800,274433024,320864256,,,,,,,,2.9118999373167753,,
1791271563.4046218,418148,frontend_frame,1721,0,24176,43,8,216002560,314572800,274433024,320864256,,,,,,,,,,
1791271563.82261,418148,tracking_feedback_accumulate,1722,,24176,,,220081152,314572800,274433024,320864256,,,,,,,,2.8725999873131514,,
1791271563.8288887,418148,frontend_frame,1722,0,24176,43,8,221794816,314572800,274433024,320864256,,,,,,,,,,
1791271564.2125123,418148,tracking_feedback_accumulate,1723,,24176,,,225709568,314572800,274433024,320864256,,,,,,,,2.9372998978942633,,
1791271564.2192545,418148,frontend_frame,1723,0,24176,43,8,216004608,314572800,274433024,320864256,,,,,,,,,,
1791271564.551167,418148,tracking_feedback_accumulate,1724,,24176,,,220083200,314572800,274433024,320864256,,,,,,,,2.9055001214146614,,
1791271564.555674,418148,frontend_frame,1724,0,24176,43,8,221796864,314572800,274433024,320864256,,,,,,,,,,
1791271564.9728837,418148,tracking_feedback_accumulate,1725,,24176,,,225793536,314572800,274433024,320864256,,,,,,,,2.928399946540594,,
1791271564.9780834,418148,frontend_frame,1725,0,24176,43,8,227507200,316669952,274433024,320864256,,,,,,,,,,
1791271565.4753413,418148,tracking_feedback_accumulate,1726,,24176,,,214294016,316669952,274433024,320864256,,,,,,,,3.040200099349022,,
1791271565.4803658,418148,frontend_frame,1726,0,24176,43,8,216007680,316669952,274433024,320864256,,,,,,,,,,
1791271565.8975933,418148,tracking_feedback_accumulate,1727,,24176,,,220168192,316669952,274433024,320864256,,,,,,,,3.666199976578355,,
1791271565.9015927,418148,frontend_frame,1727,0,24176,43,8,221881856,316669952,274433024,320864256,,,,,,,,,,
1791271566.2524009,418148,tracking_feedback_accumulate,1728,,24176,,,225714688,316669952,274433024,320864256,,,,,,,,3.0132001265883446,,
1791271566.257413,418148,frontend_frame,1728,0,24176,43,8,216009728,316669952,274433024,320864256,,,,,,,,,,
1791271566.6426897,418148,tracking_feedback_accumulate,1729,,24176,,,220088320,316669952,274433024,320864256,,,,,,,,3.059099894016981,,
1791271566.6477864,418148,frontend_frame,1729,0,24176,43,8,221801984,316669952,274433024,320864256,,,,,,,,,,
1791271567.048704,418148,tracking_feedback_accumulate,1730,,24176,,,225798656,316669952,274433024,320864256,,,,,,,,2.7613998390734196,,
1791271567.1024852,418148,frontend_frame,1730,0,24176,44,8,231507968,316669952,274433024,320864256,,,,,,,,,,
1791271578.4038656,418148,tracking_feedback_accumulate,1731,,24834,,,218342912,316669952,274433024,320864256,,,,,,,,2.92930006980896,,
1791271578.4095483,418148,frontend_frame,1731,0,24834,44,8,220224512,316669952,274433024,320864256,,,,,,,,,,
1791271578.8124692,418148,tracking_feedback_accumulate,1732,,24834,,,224385024,316669952,274433024,320864256,,,,,,,,2.9815000016242266,,
1791271578.817659,418148,frontend_frame,1732,0,24834,44,8,226261504,316669952,274433024,320864256,,,,,,,,,,
1791271579.1334796,418148,tracking_feedback_accumulate,1733,,24834,,,230094336,316669952,274433024,320864256,,,,,,,,2.8157001361250877,,
1791271579.1386793,418148,frontend_frame,1733,0,24834,44,8,220226560,316669952,274433024,320864256,,,,,,,,,,
1791271579.5326045,418148,tracking_feedback_accumulate,1734,,24834,,,224387072,316669952,274433024,320864256,,,,,,,,2.958199940621853,,
1791271579.5386202,418148,frontend_frame,1734,0,24834,44,8,226263552,316669952,274433024,320864256,,,,,,,,,,
1791271580.0041933,418148,tracking_feedback_accumulate,1735,,24834,,,230096384,316669952,274433024,320864256,,,,,,,,3.1248999293893576,,
1791271580.009346,418148,frontend_frame,1735,0,24834,44,8,231973376,316669952,274433024,320864256,,,,,,,,,,
1791271580.324359,418148,tracking_feedback_accumulate,1736,,24834,,,218435584,316669952,274433024,320864256,,,,,,,,2.916100202128291,,
1791271580.3300524,418148,frontend_frame,1736,0,24834,44,8,220312064,316669952,274433024,320864256,,,,,,,,,,
1791271580.7787473,418148,tracking_feedback_accumulate,1737,,24834,,,224308736,316669952,274433024,320864256,,,,,,,,3.4260000102221966,,
1791271580.7822564,418148,frontend_frame,1737,0,24834,44,8,226185216,316669952,274433024,320864256,,,,,,,,,,
1791271581.155964,418148,tracking_feedback_accumulate,1738,,24834,,,230181888,316669952,274433024,320864256,,,,,,,,2.854900201782584,,
1791271581.161985,418148,frontend_frame,1738,0,24834,44,8,220314112,316669952,274433024,320864256,,,,,,,,,,
1791271581.5685802,418148,tracking_feedback_accumulate,1739,,24834,,,224228864,316669952,274433024,320864256,,,,,,,,2.8290001209825277,,
1791271581.5737188,418148,frontend_frame,1739,0,24834,44,8,226105344,316669952,274433024,320864256,,,,,,,,,,
1791271581.866987,418148,tracking_feedback_accumulate,1740,,24834,,,230265856,316669952,274433024,320864256,,,,,,,,2.9062998946756124,,
1791271581.8739958,418148,frontend_frame,1740,0,24834,44,8,220398080,272629760,274433024,320864256,,,,,,,,,,
1791271582.282787,418148,tracking_feedback_accumulate,1741,,24834,,,224230912,314572800,274433024,320864256,,,,,,,,3.062899922952056,,
1791271582.2877977,418148,frontend_frame,1741,0,24834,44,8,226107392,314572800,274433024,320864256,,,,,,,,,,
1791271582.7789407,418148,tracking_feedback_accumulate,1742,,24834,,,230104064,314572800,274433024,320864256,,,,,,,,3.2824999652802944,,
1791271582.7849498,418148,frontend_frame,1742,0,24834,44,8,231980544,316669952,274433024,320864256,,,,,,,,,,
1791271583.2109637,418148,tracking_feedback_accumulate,1743,,24834,,,224314880,316669952,274433024,320864256,,,,,,,,3.0036999378353357,,
1791271583.2159748,418148,frontend_frame,1743,0,24834,44,8,226191360,316669952,274433024,320864256,,,,,,,,,,
1791271583.6260912,418148,tracking_feedback_accumulate,1744,,24834,,,230188032,316669952,274433024,320864256,,,,,,,,2.9251999221742153,,
1791271583.6310947,418148,frontend_frame,1744,0,24834,44,8,232064512,316669952,274433024,320864256,,,,,,,,,,
1791271584.1102016,418148,tracking_feedback_accumulate,1745,,24834,,,235979264,320864256,278966784,320864256,,,,,,,,2.920800121501088,,
1791271584.1163754,418148,frontend_frame,1745,0,24834,44,8,226111488,320864256,278966784,320864256,,,,,,,,,,
1791271584.5439029,418148,tracking_feedback_accumulate,1746,,24834,,,230272000,320864256,278966784,320864256,,,,,,,,2.8164000250399113,,
1791271584.549067,418148,frontend_frame,1746,0,24834,44,8,232148480,320864256,278966784,320864256,,,,,,,,,,
1791271584.94699,418148,tracking_feedback_accumulate,1747,,24834,,,235981312,320864256,278966784,320864256,,,,,,,,2.9452000744640827,,
1791271584.951993,418148,frontend_frame,1747,0,24834,44,8,237857792,322961408,278966784,322961408,,,,,,,,,,
1791271585.321757,418148,tracking_feedback_accumulate,1748,,24834,,,224238080,322961408,278966784,322961408,,,,,,,,3.0857999809086323,,
1791271585.326064,418148,frontend_frame,1748,0,24834,44,8,226114560,322961408,278966784,322961408,,,,,,,,,,
1791271585.707708,418148,tracking_feedback_accumulate,1749,,24834,,,230193152,322961408,278966784,322961408,,,,,,,,2.9732000548392534,,
1791271585.7127163,418148,frontend_frame,1749,0,24834,44,8,232069632,322961408,278966784,322961408,,,,,,,,,,
1791271586.1349342,418148,tracking_feedback_accumulate,1750,,24834,,,236066304,322961408,278988800,322961408,,,,,,,,3.6786000709980726,,
1791271586.14147,418148,frontend_frame,1750,0,24834,44,8,226198528,274726912,278988800,322961408,,,,,,,,,,
1791271586.557684,418148,tracking_feedback_accumulate,1751,,24834,,,230195200,316669952,278988800,322961408,,,,,,,,2.9405998066067696,,
1791271586.562826,418148,frontend_frame,1751,0,24834,44,8,232071680,316669952,278988800,322961408,,,,,,,,,,
1791271586.9272175,418148,tracking_feedback_accumulate,1752,,24834,,,235986432,320864256,278990848,322961408,,,,,,,,2.974800067022443,,
1791271586.9324598,418148,frontend_frame,1752,0,24834,44,8,237862912,322961408,278990848,322961408,,,,,,,,,,
1791271587.3374865,418148,tracking_feedback_accumulate,1753,,24834,,,224407040,322961408,278990848,322961408,,,,,,,,3.0789999291300774,,
1791271587.3425198,418148,frontend_frame,1753,0,24834,44,8,226283520,322961408,278990848,322961408,,,,,,,,,,
1791271587.6862788,418148,tracking_feedback_accumulate,1754,,24834,,,230116352,322961408,278990848,322961408,,,,,,,,3.7388999480754137,,
1791271587.691278,418148,frontend_frame,1754,0,24834,44,8,231992832,322961408,278990848,322961408,,,,,,,,,,
1791271588.0394106,418148,tracking_feedback_accumulate,1755,,24834,,,236153344,322961408,278990848,322961408,,,,,,,,2.896999940276146,,
1791271588.0454383,418148,frontend_frame,1755,0,24834,44,8,226285568,322961408,278990848,322961408,,,,,,,,,,
1791271588.4873981,418148,tracking_feedback_accumulate,1756,,24834,,,230118400,322961408,278990848,322961408,,,,,,,,3.2170999329537153,,
1791271588.492901,418148,frontend_frame,1756,0,24834,44,8,231994880,322961408,278990848,322961408,,,,,,,,,,
1791271588.9132206,418148,tracking_feedback_accumulate,1757,,24834,,,236155392,322961408,278990848,322961408,,,,,,,,3.003000048920512,,
1791271588.9188633,418148,frontend_frame,1757,0,24834,44,8,226287616,322961408,278990848,322961408,,,,,,,,,,
1791271589.3179927,418148,tracking_feedback_accumulate,1758,,24834,,,230120448,322961408,278990848,322961408,,,,,,,,3.0641998164355755,,
1791271589.3240027,418148,frontend_frame,1758,0,24834,44,8,231996928,322961408,278990848,322961408,,,,,,,,,,
1791271589.7153935,418148,tracking_feedback_accumulate,1759,,24834,,,236075520,322961408,278990848,322961408,,,,,,,,2.9007000848650932,,
1791271589.721397,418148,frontend_frame,1759,0,24834,44,8,237952000,322961408,278990848,322961408,,,,,,,,,,
1791271590.1405818,418148,tracking_feedback_accumulate,1760,,24834,,,230122496,322961408,278990848,322961408,,,,,,,,3.1057000160217285,,
1791271590.1453319,418148,frontend_frame,1760,0,24834,44,8,231998976,276824064,278990848,322961408,,,,,,,,,,
1791271590.507856,418148,tracking_feedback_accumulate,1761,,24834,,,236077568,320864256,279163904,322961408,,,,,,,,2.9943000990897417,,
1791271590.5128973,418148,frontend_frame,1761,0,24834,44,8,237954048,322961408,279163904,322961408,,,,,,,,,,
1791271590.8664508,418148,tracking_feedback_accumulate,1762,,24834,,,241950720,327155712,284790784,327155712,,,,,,,,2.8597000055015087,,
1791271590.8724637,418148,frontend_frame,1762,0,24834,44,8,232082944,327155712,284790784,327155712,,,,,,,,,,
1791271591.2446754,418148,tracking_feedback_accumulate,1763,,24834,,,235997696,327155712,284790784,327155712,,,,,,,,3.278199816122651,,
1791271591.2496793,418148,frontend_frame,1763,0,24834,44,8,237874176,327155712,284790784,327155712,,,,,,,,,,
1791271591.6193888,418148,tracking_feedback_accumulate,1764,,24834,,,242034688,327155712,284875264,327155712,,,,,,,,3.061200026422739,,
1791271591.6259043,418148,frontend_frame,1764,0,24834,44,8,243911168,329252864,284875264,329252864,,,,,,,,,,
1791271591.9773316,418148,tracking_feedback_accumulate,1765,,24834,,,218383360,329252864,284875264,329252864,,,,,,,,3.0280998907983303,,
1791271591.9823456,418148,frontend_frame,1765,0,24834,44,8,220259840,329252864,284875264,329252864,,,,,,,,,,
1791271592.3973205,418148,tracking_feedback_accumulate,1766,,24834,,,224420352,329252864,284875264,329252864,,,,,,,,3.1085999216884375,,
1791271592.4023201,418148,frontend_frame,1766,0,24834,44,8,226296832,329252864,284875264,329252864,,,,,,,,,,
1791271592.8426628,418148,tracking_feedback_accumulate,1767,,24834,,,230129664,329252864,284875264,329252864,,,,,,,,2.8220999520272017,,
1791271592.847521,418148,frontend_frame,1767,0,24834,44,8,220261888,329252864,284875264,329252864,,,,,,,,,,
1791271593.2057526,418148,tracking_feedback_accumulate,1768,,24834,,,224258560,329252864,284875264,329252864,,,,,,,,3.009699983522296,,
1791271593.2102604,418148,frontend_frame,1768,0,24834,44,8,226135040,329252864,284875264,329252864,,,,,,,,,,
1791271593.6395893,418148,tracking_feedback_accumulate,1769,,24834,,,230213632,329252864,284875264,329252864,,,,,,,,3.220499958842993,,
1791271593.6452496,418148,frontend_frame,1769,0,24834,44,8,232090112,329252864,284875264,329252864,,,,,,,,,,
1791271594.0672936,418148,tracking_feedback_accumulate,1770,,24834,,,218470400,329252864,284875264,329252864,,,,,,,,2.7492998633533716,,
1791271594.0728,418148,frontend_frame,1770,0,24834,44,8,220346880,274726912,284875264,329252864,,,,,,,,,,
1791271594.4325116,418148,tracking_feedback_accumulate,1771,,24834,,,224343552,316669952,284875264,329252864,,,,,,,,2.963900100439787,,
1791271594.4367251,418148,frontend_frame,1771,0,24834,44,8,226220032,316669952,284875264,329252864,,,,,,,,,,
1791271594.8351429,418148,tracking_feedback_accumulate,1772,,24834,,,230216704,316669952,284875264,329252864,,,,,,,,2.969800028949976,,
1791271594.8398702,418148,frontend_frame,1772,0,24834,44,8,220348928,316669952,284875264,329252864,,,,,,,,,,
1791271595.1917703,418148,tracking_feedback_accumulate,1773,,24834,,,224263680,316669952,284875264,329252864,,,,,,,,3.1217997893691063,,
1791271595.1958976,418148,frontend_frame,1773,0,24834,44,8,226140160,316669952,284875264,329252864,,,,,,,,,,
1791271595.6220822,418148,tracking_feedback_accumulate,1774,,24834,,,230300672,316669952,284875264,329252864,,,,,,,,2.809499856084585,,
1791271595.627855,418148,frontend_frame,1774,0,24834,44,8,232177152,316669952,284875264,329252864,,,,,,,,,,
1791271596.0673409,418148,tracking_feedback_accumulate,1775,,24834,,,218393600,316669952,284875264,329252864,,,,,,,,3.0610000248998404,,
1791271596.0713427,418148,frontend_frame,1775,0,24834,44,8,220270080,316669952,284875264,329252864,,,,,,,,,,
1791271596.5706484,418148,tracking_feedback_accumulate,1776,,24834,,,224430592,316669952,284875264,329252864,,,,,,,,3.0221000779420137,,
1791271596.5761707,418148,frontend_frame,1776,0,24834,44,8,226307072,316669952,284875264,329252864,,,,,,,,,,
1791271597.0048676,418148,tracking_feedback_accumulate,1777,,24834,,,218395648,316669952,284875264,329252864,,,,,,,,2.8967999387532473,,
1791271597.0104504,418148,frontend_frame,1777,0,24834,44,8,220272128,316669952,284875264,329252864,,,,,,,,,,
1791271597.4348621,418148,tracking_feedback_accumulate,1778,,24834,,,224350720,316669952,284875264,329252864,,,,,,,,2.822799840942025,,
1791271597.439531,418148,frontend_frame,1778,0,24834,44,8,226227200,316669952,284875264,329252864,,,,,,,,,,
1791271597.8355677,418148,tracking_feedback_accumulate,1779,,24834,,,230141952,316669952,284875264,329252864,,,,,,,,2.827299991622567,,
1791271597.8405666,418148,frontend_frame,1779,0,24834,44,8,220274176,316669952,284875264,329252864,,,,,,,,,,
1791271598.3190122,418148,tracking_feedback_accumulate,1780,,24834,,,224352768,316669952,284875264,329252864,,,,,,,,2.9619999695569277,,
1791271598.3240154,418148,frontend_frame,1780,0,24834,44,8,226229248,274726912,284875264,329252864,,,,,,,,,,
1791271598.7219229,418148,tracking_feedback_accumulate,1781,,24834,,,230225920,316669952,284875264,329252864,,,,,,,,2.8813001699745655,,
1791271598.7269485,418148,frontend_frame,1781,0,24834,44,8,232102400,316669952,284875264,329252864,,,,,,,,,,
1791271599.093105,418148,tracking_feedback_accumulate,1782,,24834,,,218400768,316669952,284875264,329252864,,,,,,,,2.830500015988946,,
1791271599.0986204,418148,frontend_frame,1782,0,24834,44,8,220277248,316669952,284875264,329252864,,,,,,,,,,
1791271599.556713,418148,tracking_feedback_accumulate,1783,,24834,,,224273920,316669952,284875264,329252864,,,,,,,,2.9372998978942633,,
1791271599.5612192,418148,frontend_frame,1783,0,24834,44,8,226150400,316669952,284875264,329252864,,,,,,,,,,
1791271599.9765866,418148,tracking_feedback_accumulate,1784,,24834,,,230228992,316669952,284875264,329252864,,,,,,,,2.9630998615175486,,
1791271599.9826064,418148,frontend_frame,1784,0,24834,44,8,220361216,316669952,284875264,329252864,,,,,,,,,,
1791271600.3339286,418148,tracking_feedback_accumulate,1785,,24834,,,224275968,316669952,284875264,329252864,,,,,,,,3.4477999433875084,,
1791271600.3399918,418148,frontend_frame,1785,0,24834,44,8,226152448,316669952,284875264,329252864,,,,,,,,,,
1791271600.7923615,418148,tracking_feedback_accumulate,1786,,24834,,,230231040,316669952,284875264,329252864,,,,,,,,3.0930000357329845,,
1791271600.7979498,418148,frontend_frame,1786,0,24834,44,8,232107520,316669952,284875264,329252864,,,,,,,,,,
1791271601.2705612,418148,tracking_feedback_accumulate,1787,,24834,,,218487808,316669952,284875264,329252864,,,,,,,,2.688300097361207,,
1791271601.2745981,418148,frontend_frame,1787,0,24834,44,8,220364288,316669952,284875264,329252864,,,,,,,,,,
1791271601.646299,418148,tracking_feedback_accumulate,1788,,24834,,,224360960,316669952,284875264,329252864,,,,,,,,2.9177998658269644,,
1791271601.652805,418148,frontend_frame,1788,0,24834,44,8,226237440,316669952,284875264,329252864,,,,,,,,,,
1791271602.0912385,418148,tracking_feedback_accumulate,1789,,24834,,,230234112,316669952,284875264,329252864,,,,,,,,3.1070001423358917,,
1791271602.097267,418148,frontend_frame,1789,0,24834,44,8,220366336,316669952,284875264,329252864,,,,,,,,,,
1791271602.5173326,418148,tracking_feedback_accumulate,1790,,24834,,,224281088,316669952,284875264,329252864,,,,,,,,3.6609999369829893,,
1791271602.5228386,418148,frontend_frame,1790,0,24834,44,8,226157568,274726912,284875264,329252864,,,,,,,,,,
1791271602.9439561,418148,tracking_feedback_accumulate,1791,,24834,,,230154240,316669952,284875264,329252864,,,,,,,,3.0038999393582344,,
1791271602.9491575,418148,frontend_frame,1791,0,24834,44,8,232030720,316669952,284875264,329252864,,,,,,,,,,
1791271603.3786967,418148,tracking_feedback_accumulate,1792,,24834,,,218492928,316669952,284875264,329252864,,,,,,,,3.0260998755693436,,
1791271603.3842037,418148,frontend_frame,1792,0,24834,44,8,220369408,316669952,284875264,329252864,,,,,,,,,,
1791271603.7513404,418148,tracking_feedback_accumulate,1793,,24834,,,224366080,316669952,284875264,329252864,,,,,,,,3.747199894860387,,
1791271603.7559247,418148,frontend_frame,1793,0,24834,44,8,226242560,316669952,284875264,329252864,,,,,,,,,,
1791271604.175253,418148,tracking_feedback_accumulate,1794,,24834,,,218494976,316669952,284875264,329252864,,,,,,,,2.8982001822441816,,
1791271604.1802695,418148,frontend_frame,1794,0,24834,44,8,220371456,316669952,284875264,329252864,,,,,,,,,,
1791271604.6172285,418148,tracking_feedback_accumulate,1795,,24834,,,224368128,316669952,284875264,329252864,,,,,,,,3.1030001118779182,,
1791271604.6227608,418148,frontend_frame,1795,0,24834,44,8,226244608,316669952,284875264,329252864,,,,,,,,,,
1791271605.0563369,418148,tracking_feedback_accumulate,1796,,24834,,,230241280,316669952,284875264,329252864,,,,,,,,5.707600153982639,,
1791271605.062537,418148,frontend_frame,1796,0,24834,44,8,220373504,316669952,284875264,329252864,,,,,,,,,,
1791271605.4316583,418148,tracking_feedback_accumulate,1797,,24834,,,224370176,316669952,284875264,329252864,,,,,,,,2.839999971911311,,
1791271605.4373703,418148,frontend_frame,1797,0,24834,44,8,226246656,316669952,284875264,329252864,,,,,,,,,,
1791271605.8652642,418148,tracking_feedback_accumulate,1798,,24834,,,230243328,316669952,284875264,329252864,,,,,,,,2.936899894848466,,
1791271605.871638,418148,frontend_frame,1798,0,24834,44,8,232119808,316669952,284875264,329252864,,,,,,,,,,
1791271606.3037882,418148,tracking_feedback_accumulate,1799,,24834,,,218418176,316669952,284875264,329252864,,,,,,,,3.585800062865019,,
1791271606.3084595,418148,frontend_frame,1799,0,24834,44,8,220294656,316669952,284875264,329252864,,,,,,,,,,
1791271606.6477718,418148,tracking_feedback_accumulate,1800,,24834,,,224455168,316669952,284875264,329252864,,,,,,,,2.8204000554978848,,
1791271606.6537797,418148,frontend_frame,1800,0,24834,44,8,226331648,274726912,284875264,329252864,,,,,,,,,,
1791271607.1441681,418148,tracking_feedback_accumulate,1801,,24834,,,230164480,316669952,284875264,329252864,,,,,,,,3.3285999670624733,,
1791271607.1960847,418148,frontend_frame,1801,0,24834,45,8,224292352,316669952,284875264,329252864,,,,,,,,,,
1791271618.8295906,418148,tracking_feedback_accumulate,1802,,25264,,,228400640,316669952,284875264,329252864,,,,,,,,2.8147001285105944,,
1791271618.835632,418148,frontend_frame,1802,0,25264,45,8,230378496,316669952,284875264,329252864,,,,,,,,,,
1791271619.2583153,418148,tracking_feedback_accumulate,1803,,25264,,,222532096,316669952,284875264,329252864,,,,,,,,2.917500212788582,,
1791271619.2633896,418148,frontend_frame,1803,0,25264,45,8,224507392,316669952,284875264,329252864,,,,,,,,,,
1791271619.6968255,418148,tracking_feedback_accumulate,1804,,25264,,,228422144,316669952,284875264,329252864,,,,,,,,2.9233999084681273,,
1791271619.7023332,418148,frontend_frame,1804,0,25264,45,8,230397440,316669952,284875264,329252864,,,,,,,,,,
1791271620.1496365,418148,tracking_feedback_accumulate,1805,,25264,,,234394112,316669952,284875264,329252864,,,,,,,,3.336800029501319,,
1791271620.1556578,418148,frontend_frame,1805,0,25264,45,8,224427520,316669952,284875264,329252864,,,,,,,,,,
1791271620.5981076,418148,tracking_feedback_accumulate,1806,,25264,,,228506112,316669952,284875264,329252864,,,,,,,,3.0052000656723976,,
1791271620.6041112,418148,frontend_frame,1806,0,25264,45,8,230481920,316669952,284875264,329252864,,,,,,,,,,
1791271621.0279825,418148,tracking_feedback_accumulate,1807,,25264,,,234396672,316669952,284875264,329252864,,,,,,,,2.9534001369029284,,
1791271621.0330203,418148,frontend_frame,1807,0,25264,45,8,236371968,318767104,284875264,329252864,,,,,,,,,,
1791271621.5155687,418148,tracking_feedback_accumulate,1808,,25264,,,222537728,318767104,284875264,329252864,,,,,,,,2.9929999727755785,,
1791271621.5210824,418148,frontend_frame,1808,0,25264,45,8,224513024,318767104,284875264,329252864,,,,,,,,,,
1791271621.8414788,418148,tracking_feedback_accumulate,1809,,25264,,,228509696,318767104,284875264,329252864,,,,,,,,2.8814999386668205,,
1791271621.8464596,418148,frontend_frame,1809,0,25264,45,8,230484992,318767104,284875264,329252864,,,,,,,,,,
1791271622.3358853,418148,tracking_feedback_accumulate,1810,,25264,,,234481664,318767104,284875264,329252864,,,,,,,,3.230700036510825,,
1791271622.3424575,418148,frontend_frame,1810,0,25264,45,8,224515072,295698432,284875264,329252864,,,,,,,,,,
1791271622.76016,418148,tracking_feedback_accumulate,1811,,25264,,,228511744,316669952,284875264,329252864,,,,,,,,2.9364998918026686,,
1791271622.7657433,418148,frontend_frame,1811,0,25264,45,8,230487040,316669952,284875264,329252864,,,,,,,,,,
1791271623.1884513,418148,tracking_feedback_accumulate,1812,,25264,,,234483712,316669952,284875264,329252864,,,,,,,,3.5635000094771385,,
1791271623.1924522,418148,frontend_frame,1812,0,25264,45,8,236459008,318767104,284875264,329252864,,,,,,,,,,
1791271623.6198673,418148,tracking_feedback_accumulate,1813,,25264,,,222460928,318767104,284875264,329252864,,,,,,,,3.00180003978312,,
1791271623.6251585,418148,frontend_frame,1813,0,25264,45,8,224436224,318767104,284875264,329252864,,,,,,,,,,
1791271624.0927742,418148,tracking_feedback_accumulate,1814,,25264,,,228596736,318767104,284875264,329252864,,,,,,,,2.9285000637173653,,
1791271624.0970657,418148,frontend_frame,1814,0,25264,45,8,230572032,318767104,284875264,329252864,,,,,,,,,,
1791271624.3977852,418148,tracking_feedback_accumulate,1815,,25264,,,234404864,318767104,284875264,329252864,,,,,,,,2.9951001051813364,,
1791271624.401785,418148,frontend_frame,1815,0,25264,45,8,224438272,318767104,284875264,329252864,,,,,,,,,,
1791271624.813844,418148,tracking_feedback_accumulate,1816,,25264,,,228516864,318767104,284875264,329252864,,,,,,,,2.888499991968274,,
1791271624.8194127,418148,frontend_frame,1816,0,25264,45,8,230492160,318767104,284875264,329252864,,,,,,,,,,
1791271625.221337,418148,tracking_feedback_accumulate,1817,,25264,,,234406912,318767104,284875264,329252864,,,,,,,,2.9599000699818134,,
1791271625.2265394,418148,frontend_frame,1817,0,25264,45,8,224440320,318767104,284875264,329252864,,,,,,,,,,
1791271625.651667,418148,tracking_feedback_accumulate,1818,,25264,,,228518912,318767104,284875264,329252864,,,,,,,,3.01210000179708,,
1791271625.6561236,418148,frontend_frame,1818,0,25264,45,8,230494208,318767104,284875264,329252864,,,,,,,,,,
1791271626.0838766,418148,tracking_feedback_accumulate,1819,,25264,,,234408960,318767104,284875264,329252864,,,,,,,,2.958199940621853,,
1791271626.0895696,418148,frontend_frame,1819,0,25264,45,8,236384256,318767104,284875264,329252864,,,,,,,,,,
1791271626.4994555,418148,tracking_feedback_accumulate,1820,,25264,,,228439040,318767104,284875264,329252864,,,,,,,,2.8830000665038824,,
1791271626.5049622,418148,frontend_frame,1820,0,25264,45,8,230414336,274726912,284875264,329252864,,,,,,,,,,
1791271626.9388785,418148,tracking_feedback_accumulate,1821,,25264,,,234492928,316669952,284875264,329252864,,,,,,,,2.960100071504712,,
1791271626.944897,418148,frontend_frame,1821,0,25264,45,8,236468224,318767104,284875264,329252864,,,,,,,,,,
1791271627.3121867,418148,tracking_feedback_accumulate,1822,,25264,,,240464896,322961408,284875264,329252864,,,,,,,,3.287200117483735,,
1791271627.3179066,418148,frontend_frame,1822,0,25264,45,8,224527360,322961408,284875264,329252864,,,,,,,,,,
1791271627.7873397,418148,tracking_feedback_accumulate,1823,,25264,,,228524032,322961408,284875264,329252864,,,,,,,,3.119500121101737,,
1791271627.7923398,418148,frontend_frame,1823,0,25264,45,8,230499328,322961408,284875264,329252864,,,,,,,,,,
1791271628.1631281,418148,tracking_feedback_accumulate,1824,,25264,,,234414080,322961408,284875264,329252864,,,,,,,,2.965599996969104,,
1791271628.1671453,418148,frontend_frame,1824,0,25264,45,8,236389376,322961408,284875264,329252864,,,,,,,,,,
1791271628.615964,418148,tracking_feedback_accumulate,1825,,25264,,,222637056,322961408,284875264,329252864,,,,,,,,2.877200022339821,,
1791271628.6209633,418148,frontend_frame,1825,0,25264,45,8,224612352,322961408,284875264,329252864,,,,,,,,,,
1791271629.0526285,418148,tracking_feedback_accumulate,1826,,25264,,,228445184,322961408,284875264,329252864,,,,,,,,2.876299899071455,,
1791271629.0573528,418148,frontend_frame,1826,0,25264,45,8,230420480,322961408,284875264,329252864,,,,,,,,,,
1791271629.500753,418148,tracking_feedback_accumulate,1827,,25264,,,234499072,322961408,284875264,329252864,,,,,,,,2.8148998972028494,,
1791271629.505429,418148,frontend_frame,1827,0,25264,45,8,224532480,322961408,284875264,329252864,,,,,,,,,,
1791271629.9240246,418148,tracking_feedback_accumulate,1828,,25264,,,228447232,322961408,284875264,329252864,,,,,,,,2.838600194081664,,
1791271629.9286084,418148,frontend_frame,1828,0,25264,45,8,230422528,322961408,284875264,329252864,,,,,,,,,,
1791271630.315903,418148,tracking_feedback_accumulate,1829,,25264,,,234419200,322961408,284875264,329252864,,,,,,,,3.0060000717639923,,
1791271630.3209035,418148,frontend_frame,1829,0,25264,45,8,236394496,322961408,284875264,329252864,,,,,,,,,,
1791271630.7495704,418148,tracking_feedback_accumulate,1830,,25264,,,222560256,322961408,284875264,329252864,,,,,,,,2.874499885365367,,
1791271630.755222,418148,frontend_frame,1830,0,25264,45,8,224535552,274726912,284875264,329252864,,,,,,,,,,
1791271631.1579936,418148,tracking_feedback_accumulate,1831,,25264,,,228450304,316669952,284875264,329252864,,,,,,,,2.8426998760551214,,
1791271631.1635766,418148,frontend_frame,1831,0,25264,45,8,230425600,316669952,284875264,329252864,,,,,,,,,,
1791271631.6221673,418148,tracking_feedback_accumulate,1832,,25264,,,234586112,316669952,284875264,329252864,,,,,,,,2.752699889242649,,
1791271631.6278608,418148,frontend_frame,1832,0,25264,45,8,224619520,316669952,284875264,329252864,,,,,,,,,,
1791271632.0630307,418148,tracking_feedback_accumulate,1833,,25264,,,228452352,316669952,284875264,329252864,,,,,,,,3.3865999430418015,,
1791271632.0679843,418148,frontend_frame,1833,0,25264,45,8,230427648,316669952,284875264,329252864,,,,,,,,,,
1791271632.4775393,418148,tracking_feedback_accumulate,1834,,25264,,,234424320,316669952,284875264,329252864,,,,,,,,3.0062999576330185,,
1791271632.4825385,418148,frontend_frame,1834,0,25264,45,8,224457728,316669952,284875264,329252864,,,,,,,,,,
1791271632.9214828,418148,tracking_feedback_accumulate,1835,,25264,,,228536320,316669952,284875264,329252864,,,,,,,,2.88909999653697,,
1791271632.9269986,418148,frontend_frame,1835,0,25264,45,8,230511616,316669952,284875264,329252864,,,,,,,,,,
1791271633.3492744,418148,tracking_feedback_accumulate,1836,,25264,,,234508288,316669952,284875264,329252864,,,,,,,,3.841100027784705,,
1791271633.3547838,418148,frontend_frame,1836,0,25264,45,8,236483584,318767104,284875264,329252864,,,,,,,,,,
1791271633.7321577,418148,tracking_feedback_accumulate,1837,,25264,,,228538368,318767104,284875264,329252864,,,,,,,,3.831199835985899,,
1791271633.7373505,418148,frontend_frame,1837,0,25264,45,8,230513664,318767104,284875264,329252864,,,,,,,,,,
1791271634.1498268,418148,tracking_feedback_accumulate,1838,,25264,,,234428416,318767104,284875264,329252864,,,,,,,,5.177499959245324,,
1791271634.155617,418148,frontend_frame,1838,0,25264,45,8,236403712,318767104,284875264,329252864,,,,,,,,,,
1791271634.5541725,418148,tracking_feedback_accumulate,1839,,25264,,,240400384,322961408,284875264,329252864,,,,,,,,3.021799959242344,,
1791271634.559363,418148,frontend_frame,1839,0,25264,45,8,230433792,322961408,284875264,329252864,,,,,,,,,,
1791271635.0360699,418148,tracking_feedback_accumulate,1840,,25264,,,234512384,322961408,284875264,329252864,,,,,,,,2.9319999739527702,,
1791271635.0410695,418148,frontend_frame,1840,0,25264,45,8,236487680,297795584,284875264,329252864,,,,,,,,,,
1791271635.4745924,418148,tracking_feedback_accumulate,1841,,25264,,,240402432,322961408,284875264,329252864,,,,,,,,2.9504001140594482,,
1791271635.4787755,418148,frontend_frame,1841,0,25264,45,8,242377728,325058560,284875264,329252864,,,,,,,,,,
1791271635.7977304,418148,tracking_feedback_accumulate,1842,,25264,,,228543488,325058560,284875264,329252864,,,,,,,,2.870099851861596,,
1791271635.8027318,418148,frontend_frame,1842,0,25264,45,8,230518784,325058560,284875264,329252864,,,,,,,,,,
1791271636.187375,418148,tracking_feedback_accumulate,1843,,25264,,,234515456,325058560,284875264,329252864,,,,,,,,2.934700110927224,,
1791271636.1923146,418148,frontend_frame,1843,0,25264,45,8,236490752,325058560,284875264,329252864,,,,,,,,,,
1791271636.6324673,418148,tracking_feedback_accumulate,1844,,25264,,,240487424,325058560,284875264,329252864,,,,,,,,3.1169999856501818,,
1791271636.638484,418148,frontend_frame,1844,0,25264,45,8,230520832,325058560,284875264,329252864,,,,,,,,,,
1791271637.08158,418148,tracking_feedback_accumulate,1845,,25264,,,234517504,325058560,284875264,329252864,,,,,,,,2.8935999143868685,,
1791271637.0873172,418148,frontend_frame,1845,0,25264,45,8,236492800,325058560,284875264,329252864,,,,,,,,,,
1791271637.459401,418148,tracking_feedback_accumulate,1846,,25264,,,240407552,325058560,284875264,329252864,,,,,,,,3.0812001787126064,,
1791271637.4639306,418148,frontend_frame,1846,0,25264,45,8,242382848,325058560,284875264,329252864,,,,,,,,,,
1791271637.9090931,418148,tracking_feedback_accumulate,1847,,25264,,,228466688,325058560,284875264,329252864,,,,,,,,3.1891001854091883,,
1791271637.9146192,418148,frontend_frame,1847,0,25264,45,8,230441984,325058560,284875264,329252864,,,,,,,,,,
1791271638.3395,418148,tracking_feedback_accumulate,1848,,25264,,,234520576,325058560,284875264,329252864,,,,,,,,2.9201998841017485,,
1791271638.3456948,418148,frontend_frame,1848,0,25264,45,8,236495872,325058560,284875264,329252864,,,,,,,,,,
1791271638.7745743,418148,tracking_feedback_accumulate,1849,,25264,,,240492544,325058560,284875264,329252864,,,,,,,,3.3466999884694815,,
1791271638.7785995,418148,frontend_frame,1849,0,25264,45,8,230525952,325058560,284875264,329252864,,,,,,,,,,
1791271639.2148938,418148,tracking_feedback_accumulate,1850,,25264,,,234522624,325058560,284875264,329252864,,,,,,,,2.8183998074382544,,
1791271639.2200694,418148,frontend_frame,1850,0,25264,45,8,236497920,297795584,284875264,329252864,,,,,,,,,,
1791271639.5954292,418148,tracking_feedback_accumulate,1851,,25264,,,240494592,322961408,284875264,329252864,,,,,,,,3.0467999167740345,,
1791271639.6004324,418148,frontend_frame,1851,0,25264,45,8,242469888,325058560,284875264,329252864,,,,,,,,,,
1791271640.0186164,418148,tracking_feedback_accumulate,1852,,25264,,,222582784,325058560,284875264,329252864,,,,,,,,2.928899833932519,,
1791271640.0241191,418148,frontend_frame,1852,0,25264,45,8,224558080,325058560,284875264,329252864,,,,,,,,,,
1791271640.4246523,418148,tracking_feedback_accumulate,1853,,25264,,,228554752,325058560,284875264,329252864,,,,,,,,3.2325000502169132,,
1791271640.4293685,418148,frontend_frame,1853,0,25264,45,8,230530048,325058560,284875264,329252864,,,,,,,,,,
1791271640.891618,418148,tracking_feedback_accumulate,1854,,25264,,,222584832,325058560,284875264,329252864,,,,,,,,3.333300119265914,,
1791271640.8969703,418148,frontend_frame,1854,0,25264,45,8,224560128,325058560,284875264,329252864,,,,,,,,,,
1791271641.3307602,418148,tracking_feedback_accumulate,1855,,25264,,,228474880,325058560,284875264,329252864,,,,,,,,3.5405000671744347,,
1791271641.3354778,418148,frontend_frame,1855,0,25264,45,8,230450176,325058560,284875264,329252864,,,,,,,,,,
1791271641.729383,418148,tracking_feedback_accumulate,1856,,25264,,,234610688,325058560,284875264,329252864,,,,,,,,2.922500018030405,,
1791271641.7348993,418148,frontend_frame,1856,0,25264,45,8,224644096,325058560,284875264,329252864,,,,,,,,,,
1791271642.168126,418148,tracking_feedback_accumulate,1857,,25264,,,228476928,325058560,284875264,329252864,,,,,,,,3.008199855685234,,
1791271642.1726336,418148,frontend_frame,1857,0,25264,45,8,230452224,325058560,284875264,329252864,,,,,,,,,,
1791271642.6223392,418148,tracking_feedback_accumulate,1858,,25264,,,234448896,325058560,284875264,329252864,,,,,,,,2.934700110927224,,
1791271642.6278956,418148,frontend_frame,1858,0,25264,45,8,236424192,325058560,284875264,329252864,,,,,,,,,,
1791271643.0214584,418148,tracking_feedback_accumulate,1859,,25264,,,222589952,325058560,284875264,329252864,,,,,,,,2.8339000418782234,,
1791271643.027,418148,frontend_frame,1859,0,25264,45,8,224565248,325058560,284875264,329252864,,,,,,,,,,
1791271643.4052818,418148,tracking_feedback_accumulate,1860,,25264,,,228561920,325058560,284875264,329252864,,,,,,,,3.1452998518943787,,
1791271643.4113085,418148,frontend_frame,1860,0,25264,45,8,230537216,295698432,284875264,329252864,,,,,,,,,,
1791271643.7923887,418148,tracking_feedback_accumulate,1861,,25264,,,234451968,316669952,284875264,329252864,,,,,,,,3.9383000694215298,,
1791271643.844021,418148,frontend_frame,1861,0,25264,46,8,228481024,316669952,284875264,329252864,,,,,,,,,,
1791271655.3631477,418148,tracking_feedback_accumulate,1862,,25888,,,232683520,316669952,284875264,329252864,,,,,,,,3.1285001896321774,,
1791271655.3683915,418148,frontend_frame,1862,0,25888,46,8,234806272,316669952,284875264,329252864,,,,,,,,,,
1791271655.8016574,418148,tracking_feedback_accumulate,1863,,25888,,,238639104,318767104,284875264,329252864,,,,,,,,2.7553001418709755,,
1791271655.8091733,418148,frontend_frame,1863,0,25888,46,8,228672512,318767104,284875264,329252864,,,,,,,,,,
1791271656.2067204,418148,tracking_feedback_accumulate,1864,,25888,,,232833024,318767104,284875264,329252864,,,,,,,,3.5649000201374292,,
1791271656.2122264,418148,frontend_frame,1864,0,25888,46,8,234951168,318767104,284875264,329252864,,,,,,,,,,
1791271656.668632,418148,tracking_feedback_accumulate,1865,,25888,,,238784000,318767104,284875264,329252864,,,,,,,,2.944099949672818,,
1791271656.67377,418148,frontend_frame,1865,0,25888,46,8,240902144,320864256,284875264,329252864,,,,,,,,,,
1791271657.090987,418148,tracking_feedback_accumulate,1866,,25888,,,232753152,320864256,284875264,329252864,,,,,,,,3.708000062033534,,
1791271657.095691,418148,frontend_frame,1866,0,25888,46,8,234871808,320864256,284875264,329252864,,,,,,,,,,
1791271657.5740552,418148,tracking_feedback_accumulate,1867,,25888,,,238786560,320864256,284875264,329252864,,,,,,,,3.6949999630451202,,
1791271657.5793464,418148,frontend_frame,1867,0,25888,46,8,240904704,320864256,284875264,329252864,,,,,,,,,,
1791271658.0011766,418148,tracking_feedback_accumulate,1868,,25888,,,245065216,325058560,288367104,329252864,,,,,,,,3.0195999424904585,,
1791271658.0081913,418148,frontend_frame,1868,0,25888,46,8,234955776,325058560,288367104,329252864,,,,,,,,,,
1791271658.4319332,418148,tracking_feedback_accumulate,1869,,25888,,,238788608,325058560,288367104,329252864,,,,,,,,3.072999883443117,,
1791271658.4377742,418148,frontend_frame,1869,0,25888,46,8,240906752,325058560,288367104,329252864,,,,,,,,,,
1791271658.7874742,418148,tracking_feedback_accumulate,1870,,25888,,,244985344,327155712,288371712,329252864,,,,,,,,2.772500040009618,,
1791271658.7939944,418148,frontend_frame,1870,0,25888,46,8,247103488,306184192,288371712,329252864,,,,,,,,,,
1791271659.2139637,418148,tracking_feedback_accumulate,1871,,25888,,,232676864,327155712,288371712,329252864,,,,,,,,2.9567000456154346,,
1791271659.2196894,418148,frontend_frame,1871,0,25888,46,8,234795008,327155712,288371712,329252864,,,,,,,,,,
1791271659.6517,418148,tracking_feedback_accumulate,1872,,25888,,,238791680,327155712,288371712,329252864,,,,,,,,3.0159999150782824,,
1791271659.6574218,418148,frontend_frame,1872,0,25888,46,8,240909824,327155712,288371712,329252864,,,,,,,,,,
1791271660.014078,418148,tracking_feedback_accumulate,1873,,25888,,,244988416,327155712,288379392,329252864,,,,,,,,2.9708000365644693,,
1791271660.0193026,418148,frontend_frame,1873,0,25888,46,8,234878976,327155712,288379392,329252864,,,,,,,,,,
1791271660.4910166,418148,tracking_feedback_accumulate,1874,,25888,,,238875648,327155712,288379392,329252864,,,,,,,,3.077100031077862,,
1791271660.4962873,418148,frontend_frame,1874,0,25888,46,8,240993792,327155712,288379392,329252864,,,,,,,,,,
1791271660.9197838,418148,tracking_feedback_accumulate,1875,,25888,,,244990464,327155712,288379392,329252864,,,,,,,,2.8249998576939106,,
1791271660.92479,418148,frontend_frame,1875,0,25888,46,8,247108608,327155712,288379392,329252864,,,,,,,,,,
1791271661.3538582,418148,tracking_feedback_accumulate,1876,,25888,,,232763904,327155712,288379392,329252864,,,,,,,,3.263999940827489,,
1791271661.3598757,418148,frontend_frame,1876,0,25888,46,8,234882048,327155712,288379392,329252864,,,,,,,,,,
1791271661.802362,418148,tracking_feedback_accumulate,1877,,25888,,,238796800,327155712,288379392,329252864,,,,,,,,3.043800126761198,,
1791271661.8083746,418148,frontend_frame,1877,0,25888,46,8,240914944,327155712,288379392,329252864,,,,,,,,,,
1791271662.2414012,418148,tracking_feedback_accumulate,1878,,25888,,,244911616,327155712,288395776,329252864,,,,,,,,2.903599990531802,,
1791271662.2461908,418148,frontend_frame,1878,0,25888,46,8,234802176,327155712,288395776,329252864,,,,,,,,,,
1791271662.6296072,418148,tracking_feedback_accumulate,1879,,25888,,,238880768,327155712,288395776,329252864,,,,,,,,3.9713000878691673,,
1791271662.634614,418148,frontend_frame,1879,0,25888,46,8,240998912,327155712,288395776,329252864,,,,,,,,,,
1791271663.1038911,418148,tracking_feedback_accumulate,1880,,25888,,,244995584,327155712,288402432,329252864,,,,,,,,3.121300134807825,,
1791271663.1099176,418148,frontend_frame,1880,0,25888,46,8,228772352,283115520,288402432,329252864,,,,,,,,,,
1791271663.511147,418148,tracking_feedback_accumulate,1881,,25888,,,232769024,325058560,288402432,329252864,,,,,,,,2.8583998791873455,,
1791271663.5173643,418148,frontend_frame,1881,0,25888,46,8,234887168,325058560,288402432,329252864,,,,,,,,,,
1791271663.855916,418148,tracking_feedback_accumulate,1882,,25888,,,238883840,325058560,288402432,329252864,,,,,,,,3.1604000832885504,,
1791271663.8614252,418148,frontend_frame,1882,0,25888,46,8,241001984,325058560,288402432,329252864,,,,,,,,,,
1791271664.3305569,418148,tracking_feedback_accumulate,1883,,25888,,,232689152,325058560,288402432,329252864,,,,,,,,3.7299999967217445,,
1791271664.336275,418148,frontend_frame,1883,0,25888,46,8,234807296,325058560,288402432,329252864,,,,,,,,,,
1791271664.7526782,418148,tracking_feedback_accumulate,1884,,25888,,,238967808,325058560,288402432,329252864,,,,,,,,2.9492999892681837,,
1791271664.757432,418148,frontend_frame,1884,0,25888,46,8,241085952,325058560,288402432,329252864,,,,,,,,,,
1791271665.1830928,418148,tracking_feedback_accumulate,1885,,25888,,,244918784,327155712,288416768,329252864,,,,,,,,3.202199935913086,,
1791271665.1885977,418148,frontend_frame,1885,0,25888,46,8,234809344,327155712,288416768,329252864,,,,,,,,,,
1791271665.5983963,418148,tracking_feedback_accumulate,1886,,25888,,,238887936,327155712,288416768,329252864,,,,,,,,4.008900141343474,,
1791271665.6038985,418148,frontend_frame,1886,0,25888,46,8,241006080,327155712,288416768,329252864,,,,,,,,,,
1791271665.9593165,418148,tracking_feedback_accumulate,1887,,25888,,,245002752,327155712,288417792,329252864,,,,,,,,2.8651999309659004,,
1791271665.9638224,418148,frontend_frame,1887,0,25888,46,8,247120896,327155712,288417792,329252864,,,,,,,,,,
1791271666.4379883,418148,tracking_feedback_accumulate,1888,,25888,,,232776192,327155712,288417792,329252864,,,,,,,,2.751300111413002,,
1791271666.442492,418148,frontend_frame,1888,0,25888,46,8,234894336,327155712,288417792,329252864,,,,,,,,,,
1791271666.8548813,418148,tracking_feedback_accumulate,1889,,25888,,,238891008,327155712,288417792,329252864,,,,,,,,2.9642998706549406,,
1791271666.8604667,418148,frontend_frame,1889,0,25888,46,8,241009152,327155712,288417792,329252864,,,,,,,,,,
1791271667.2365627,418148,tracking_feedback_accumulate,1890,,25888,,,245005824,327155712,288424448,329252864,,,,,,,,3.009399864822626,,
1791271667.2410634,418148,frontend_frame,1890,0,25888,46,8,234896384,281018368,288424448,329252864,,,,,,,,,,
1791271667.593994,418148,tracking_feedback_accumulate,1891,,25888,,,238893056,322961408,288424448,329252864,,,,,,,,3.117299871519208,,
1791271667.5985034,418148,frontend_frame,1891,0,25888,46,8,241011200,322961408,288424448,329252864,,,,,,,,,,
1791271667.997911,418148,tracking_feedback_accumulate,1892,,25888,,,245007872,325058560,288428544,329252864,,,,,,,,7.130699930712581,,
1791271668.0036316,418148,frontend_frame,1892,0,25888,46,8,247126016,327155712,288428544,329252864,,,,,,,,,,
1791271668.4495018,418148,tracking_feedback_accumulate,1893,,25888,,,232781312,327155712,288428544,329252864,,,,,,,,3.082099836319685,,
1791271668.4540336,418148,frontend_frame,1893,0,25888,46,8,234899456,327155712,288428544,329252864,,,,,,,,,,
1791271668.8610501,418148,tracking_feedback_accumulate,1894,,25888,,,238814208,327155712,288428544,329252864,,,,,,,,3.0646000523120165,,
1791271668.8662112,418148,frontend_frame,1894,0,25888,46,8,240932352,327155712,288428544,329252864,,,,,,,,,,
1791271669.2223446,418148,tracking_feedback_accumulate,1895,,25888,,,245092864,327155712,288428544,329252864,,,,,,,,2.988100051879883,,
1791271669.228054,418148,frontend_frame,1895,0,25888,46,8,234983424,327155712,288428544,329252864,,,,,,,,,,
1791271669.5976593,418148,tracking_feedback_accumulate,1896,,25888,,,238816256,327155712,288428544,329252864,,,,,,,,2.933699870482087,,
1791271669.6477044,418148,frontend_frame,1896,0,25888,47,8,244930048,327155712,288428544,329252864,,,,,,,,,,
1791271681.2705884,418148,tracking_feedback_accumulate,1897,,26697,,,248981504,327155712,292663296,329252864,,,,,,,,2.9955999925732613,,
1791271681.27579,418148,frontend_frame,1897,0,26697,47,8,239069696,327155712,292663296,329252864,,,,,,,,,,
1791271681.5977416,418148,tracking_feedback_accumulate,1898,,26697,,,243148288,327155712,292663296,329252864,,,,,,,,3.445100039243698,,
1791271681.6037536,418148,frontend_frame,1898,0,26697,47,8,245457920,327155712,292663296,329252864,,,,,,,,,,
1791271682.0278525,418148,tracking_feedback_accumulate,1899,,26697,,,249372672,327155712,293107200,329252864,,,,,,,,3.116799984127283,,
1791271682.0339549,418148,frontend_frame,1899,0,26697,47,8,251682304,329252864,293107200,329252864,,,,,,,,,,
1791271682.4285574,418148,tracking_feedback_accumulate,1900,,26697,,,236845056,329252864,293107200,329252864,,,,,,,,3.072699997574091,,
1791271682.434569,418148,frontend_frame,1900,0,26697,47,8,239154688,301989888,293107200,329252864,,,,,,,,,,
1791271682.8876054,418148,tracking_feedback_accumulate,1901,,26697,,,243151360,322961408,293107200,329252864,,,,,,,,2.9347999952733517,,
1791271682.892708,418148,frontend_frame,1901,0,26697,47,8,245461504,322961408,293107200,329252864,,,,,,,,,,
1791271683.324825,418148,tracking_feedback_accumulate,1902,,26697,,,249458176,327155712,293107200,329252864,,,,,,,,2.8699999675154686,,
1791271683.331367,418148,frontend_frame,1902,0,26697,47,8,239157248,327155712,293107200,329252864,,,,,,,,,,
1791271683.6697326,418148,tracking_feedback_accumulate,1903,,26697,,,243072000,327155712,293107200,329252864,,,,,,,,3.680399851873517,,
1791271683.6747482,418148,frontend_frame,1903,0,26697,47,8,245381632,327155712,293107200,329252864,,,,,,,,,,
1791271684.1190152,418148,tracking_feedback_accumulate,1904,,26697,,,249542144,327155712,293107200,329252864,,,,,,,,3.5965999122709036,,
1791271684.1240401,418148,frontend_frame,1904,0,26697,47,8,251851776,329252864,293107200,329252864,,,,,,,,,,
1791271684.5336814,418148,tracking_feedback_accumulate,1905,,26697,,,236768768,329252864,293107200,329252864,,,,,,,,3.2064998522400856,,
1791271684.5383582,418148,frontend_frame,1905,0,26697,47,8,239078400,329252864,293107200,329252864,,,,,,,,,,
1791271684.9863803,418148,tracking_feedback_accumulate,1906,,26697,,,243075072,329252864,293107200,329252864,,,,,,,,3.9175001438707113,,
1791271684.9909327,418148,frontend_frame,1906,0,26697,47,8,245384704,329252864,293107200,329252864,,,,,,,,,,
1791271685.373807,418148,tracking_feedback_accumulate,1907,,26697,,,249463296,329252864,293107200,329252864,,,,,,,,2.9910998418927193,,
1791271685.3803427,418148,frontend_frame,1907,0,26697,47,8,239162368,329252864,293107200,329252864,,,,,,,,,,
1791271685.7339072,418148,tracking_feedback_accumulate,1908,,26697,,,243159040,329252864,293107200,329252864,,,,,,,,2.9754999559372663,,
1791271685.738927,418148,frontend_frame,1908,0,26697,47,8,245468672,329252864,293107200,329252864,,,,,,,,,,
1791271686.1566608,418148,tracking_feedback_accumulate,1909,,26697,,,249383424,329252864,293137408,329252864,,,,,,,,2.9984000138938427,,
1791271686.1627078,418148,frontend_frame,1909,0,26697,47,8,239082496,329252864,293137408,329252864,,,,,,,,,,
1791271686.5807133,418148,tracking_feedback_accumulate,1910,,26697,,,243079168,329252864,293137408,329252864,,,,,,,,2.762800082564354,,
1791271686.5864427,418148,frontend_frame,1910,0,26697,47,8,245388800,304087040,293137408,329252864,,,,,,,,,,
1791271686.9957335,418148,tracking_feedback_accumulate,1911,,26697,,,249467392,327155712,293137408,329252864,,,,,,,,3.0709998682141304,,
1791271687.0012414,418148,frontend_frame,1911,0,26697,47,8,251777024,329252864,293137408,329252864,,,,,,,,,,
1791271687.2416897,418148,tracking_feedback_accumulate,1912,,26697,,,243163136,329252864,293137408,329252864,,,,,,,,2.9257999267429113,,
1791271687.246289,418148,frontend_frame,1912,0,26697,47,8,245472768,329252864,293137408,329252864,,,,,,,,,,
1791271687.6844258,418148,tracking_feedback_accumulate,1913,,26697,,,249387520,329252864,293137408,329252864,,,,,,,,2.964500105008483,,
1791271687.6901066,418148,frontend_frame,1913,0,26697,47,8,251697152,329252864,293137408,329252864,,,,,,,,,,
1791271688.0969865,418148,tracking_feedback_accumulate,1914,,26697,,,255857664,333447168,299386368,333447168,,,,,,,,2.8421999886631966,,
1791271688.1025875,418148,frontend_frame,1914,0,26697,47,8,245556736,333447168,299386368,333447168,,,,,,,,,,
1791271688.5473619,418148,tracking_feedback_accumulate,1915,,26697,,,249389568,333447168,299386368,333447168,,,,,,,,3.2448999118059874,,
1791271688.5518677,418148,frontend_frame,1915,0,26697,47,8,251699200,333447168,299386368,333447168,,,,,,,,,,
1791271688.9037912,418148,tracking_feedback_accumulate,1916,,26697,,,255859712,333447168,299418624,333447168,,,,,,,,2.944100182503462,,
1791271688.9538572,418148,frontend_frame,1916,0,26697,48,8,262164992,335544320,299418624,335544320,,,,,,,,,,
1791271700.707217,418148,tracking_feedback_accumulate,1917,,27413,,,247132160,356515840,299418624,356515840,,,,,,,,2.9650998767465353,,
1791271700.7122254,418148,frontend_frame,1917,0,27413,48,8,249617920,356515840,299418624,356515840,,,,,,,,,,
1791271700.9923143,418148,tracking_feedback_accumulate,1918,,27413,,,253778432,356515840,299418624,356515840,,,,,,,,2.9426999390125275,,
1791271700.9988334,418148,frontend_frame,1918,0,27413,48,8,256259072,356515840,299418624,356515840,,,,,,,,,,
1791271701.2527618,418148,tracking_feedback_accumulate,1919,,27413,,,247139328,356515840,299418624,356515840,,,,,,,,3.512999974191189,,
1791271701.2575405,418148,frontend_frame,1919,0,27413,48,8,249619968,356515840,299418624,356515840,,,,,,,,,,
1791271701.711266,418148,tracking_feedback_accumulate,1920,,27413,,,253616640,356515840,299418624,356515840,,,,,,,,2.95590003952384,,
1791271701.715833,418148,frontend_frame,1920,0,27413,48,8,256097280,308281344,299418624,356515840,,,,,,,,,,
1791271702.053815,418148,tracking_feedback_accumulate,1921,,27413,,,260175872,354418688,304031744,356515840,,,,,,,,3.7909001111984253,,
1791271702.0594947,418148,frontend_frame,1921,0,27413,48,8,249704448,354418688,304031744,356515840,,,,,,,,,,
1791271702.5112693,418148,tracking_feedback_accumulate,1922,,27413,,,253619200,354418688,304031744,356515840,,,,,,,,3.396300133317709,,
1791271702.5162845,418148,frontend_frame,1922,0,27413,48,8,256099840,354418688,304031744,356515840,,,,,,,,,,
1791271702.8640995,418148,tracking_feedback_accumulate,1923,,27413,,,260260352,354418688,304031744,356515840,,,,,,,,2.9088000301271677,,
1791271702.8712497,418148,frontend_frame,1923,0,27413,48,8,262740992,356515840,304031744,356515840,,,,,,,,,,
1791271703.1271503,418148,tracking_feedback_accumulate,1924,,27413,,,247144960,356515840,304031744,356515840,,,,,,,,2.674599876627326,,
1791271703.1311488,418148,frontend_frame,1924,0,27413,48,8,249625600,356515840,304031744,356515840,,,,,,,,,,
1791271703.5370636,418148,tracking_feedback_accumulate,1925,,27413,,,253704192,356515840,304031744,356515840,,,,,,,,3.4837001003324986,,
1791271703.5416105,418148,frontend_frame,1925,0,27413,48,8,256184832,356515840,304031744,356515840,,,,,,,,,,
1791271703.850157,418148,tracking_feedback_accumulate,1926,,27413,,,260099584,356515840,304031744,356515840,,,,,,,,2.9724999330937862,,
1791271703.8553398,418148,frontend_frame,1926,0,27413,48,8,249627648,356515840,304031744,356515840,,,,,,,,,,
1791271704.2158427,418148,tracking_feedback_accumulate,1927,,27413,,,253706240,356515840,304031744,356515840,,,,,,,,7.008200045675039,,
1791271704.2218547,418148,frontend_frame,1927,0,27413,48,8,256186880,356515840,304031744,356515840,,,,,,,,,,
1791271704.644623,418148,tracking_feedback_accumulate,1928,,27413,,,260183552,356515840,304031744,356515840,,,,,,,,3.128299955278635,,
1791271704.6496818,418148,frontend_frame,1928,0,27413,48,8,262664192,356515840,304031744,356515840,,,,,,,,,,
1791271704.996192,418148,tracking_feedback_accumulate,1929,,27413,,,247232000,356515840,304031744,356515840,,,,,,,,2.938800025731325,,
1791271705.001267,418148,frontend_frame,1929,0,27413,48,8,249712640,356515840,304031744,356515840,,,,,,,,,,
1791271705.3838308,418148,tracking_feedback_accumulate,1930,,27413,,,253709312,356515840,304031744,356515840,,,,,,,,3.0163999181240797,,
1791271705.3909225,418148,frontend_frame,1930,0,27413,48,8,256189952,308281344,304031744,356515840,,,,,,,,,,
1791271705.6666462,418148,tracking_feedback_accumulate,1931,,27413,,,260186624,354418688,304031744,356515840,,,,,,,,2.934900112450123,,
1791271705.6717384,418148,frontend_frame,1931,0,27413,48,8,249714688,354418688,304031744,356515840,,,,,,,,,,
1791271706.0818195,418148,tracking_feedback_accumulate,1932,,27413,,,253629440,354418688,304031744,356515840,,,,,,,,3.0308000277727842,,
1791271706.0875406,418148,frontend_frame,1932,0,27413,48,8,256110080,354418688,304031744,356515840,,,,,,,,,,
1791271706.43778,418148,tracking_feedback_accumulate,1933,,27413,,,260270592,356515840,304031744,356515840,,,,,,,,3.1799999997019768,,
1791271706.4923167,418148,frontend_frame,1933,0,27413,49,8,266746880,358612992,304031744,358612992,,,,,,,,,,
1791271718.035503,418148,tracking_feedback_accumulate,1934,,25347,,,251020288,358612992,304031744,358612992,,,,,,,,3.637300105765462,,
1791271718.0405068,418148,frontend_frame,1934,0,25347,49,8,253000704,358612992,304031744,358612992,,,,,,,,,,
1791271718.3199534,418148,tracking_feedback_accumulate,1935,,25347,,,257161216,358612992,304031744,358612992,,,,,,,,3.1701999250799417,,
1791271718.32613,418148,frontend_frame,1935,0,25347,49,8,259158528,358612992,304031744,358612992,,,,,,,,,,
1791271718.7673705,418148,tracking_feedback_accumulate,1936,,25347,,,251005440,358612992,304031744,358612992,,,,,,,,2.956999931484461,,
1791271718.7723713,418148,frontend_frame,1936,0,25347,49,8,253002752,358612992,304031744,358612992,,,,,,,,,,
1791271719.1827269,418148,tracking_feedback_accumulate,1937,,25347,,,256999424,358612992,304031744,358612992,,,,,,,,2.8975000604987144,,
1791271719.187432,418148,frontend_frame,1937,0,25347,49,8,258996736,358612992,304031744,358612992,,,,,,,,,,
1791271719.511437,418148,tracking_feedback_accumulate,1938,,25347,,,263075328,358612992,305979904,358612992,,,,,,,,2.911200048401952,,
1791271719.5187151,418148,frontend_frame,1938,0,25347,49,8,253087232,358612992,305979904,358612992,,,,,,,,,,
1791271719.8840318,418148,tracking_feedback_accumulate,1939,,25347,,,257001984,358612992,305979904,358612992,,,,,,,,2.889299998059869,,
1791271719.8885307,418148,frontend_frame,1939,0,25347,49,8,258999296,358612992,305979904,358612992,,,,,,,,,,
1791271720.3178818,418148,tracking_feedback_accumulate,1940,,25347,,,263077888,358612992,305990656,358612992,,,,,,,,2.9307000804692507,,
1791271720.3228834,418148,frontend_frame,1940,0,25347,49,8,265075200,312475648,305990656,358612992,,,,,,,,,,
1791271720.7238085,418148,tracking_feedback_accumulate,1941,,25347,,,251092992,354418688,305990656,358612992,,,,,,,,3.3204001374542713,,
1791271720.72836,418148,frontend_frame,1941,0,25347,49,8,253090304,354418688,305990656,358612992,,,,,,,,,,
1791271720.9938304,418148,tracking_feedback_accumulate,1942,,25347,,,257086976,354418688,305990656,358612992,,,,,,,,2.874300116673112,,
1791271720.998507,418148,frontend_frame,1942,0,25347,49,8,259084288,354418688,305990656,358612992,,,,,,,,,,
1791271721.3245714,418148,tracking_feedback_accumulate,1943,,25347,,,262999040,354418688,306008576,358612992,,,,,,,,3.4821999724954367,,
1791271721.3298056,418148,frontend_frame,1943,0,25347,49,8,253010432,354418688,306008576,358612992,,,,,,,,,,
1791271721.6994174,418148,tracking_feedback_accumulate,1944,,25347,,,257007104,354418688,306008576,358612992,,,,,,,,2.925399923697114,,
1791271721.703426,418148,frontend_frame,1944,0,25347,49,8,259004416,354418688,306008576,358612992,,,,,,,,,,
1791271722.086978,418148,tracking_feedback_accumulate,1945,,25347,,,263083008,354418688,306008576,358612992,,,,,,,,2.8077999595552683,,
1791271722.0924842,418148,frontend_frame,1945,0,25347,49,8,265080320,356515840,306008576,358612992,,,,,,,,,,
1791271722.444068,418148,tracking_feedback_accumulate,1946,,25347,,,251016192,356515840,306008576,358612992,,,,,,,,3.06529994122684,,
1791271722.4487495,418148,frontend_frame,1946,0,25347,49,8,253013504,356515840,306008576,358612992,,,,,,,,,,
1791271722.824891,418148,tracking_feedback_accumulate,1947,,25347,,,257092096,356515840,306008576,358612992,,,,,,,,3.3409998286515474,,
1791271722.8301172,418148,frontend_frame,1947,0,25347,49,8,259089408,356515840,306008576,358612992,,,,,,,,,,
1791271723.1650143,418148,tracking_feedback_accumulate,1948,,25347,,,251018240,356515840,306008576,358612992,,,,,,,,2.6315997820347548,,
1791271723.1696017,418148,frontend_frame,1948,0,25347,49,8,253015552,356515840,306008576,358612992,,,,,,,,,,
1791271723.5373192,418148,tracking_feedback_accumulate,1949,,25347,,,257094144,356515840,306008576,358612992,,,,,,,,2.8829998336732388,,
1791271723.542331,418148,frontend_frame,1949,0,25347,49,8,259091456,356515840,306008576,358612992,,,,,,,,,,
1791271724.3665228,418148,tracking_feedback_accumulate,1950,,25347,,,263006208,356515840,306211840,358612992,,,,,,,,3.4216998610645533,,
1791271724.4396567,418148,frontend_frame,1950,0,25347,49,8,253017600,304087040,306211840,358612992,,,,,,,,,,
1791271724.7362971,418148,tracking_feedback_accumulate,1951,,25347,,,257096192,348127232,306211840,358612992,,,,,,,,2.846300136297941,,
1791271724.788387,418148,frontend_frame,1951,0,25347,50,8,263089152,350224384,306211840,358612992,,,,,,,,,,
1791271736.1706,418148,tracking_feedback_accumulate,1952,,25076,,,254999552,350224384,306211840,358612992,,,,,,,,3.4362999722361565,,
1791271736.1763709,418148,frontend_frame,1952,0,25076,50,8,256921600,350224384,306211840,358612992,,,,,,,,,,
1791271736.47578,418148,tracking_feedback_accumulate,1953,,25076,,,261000192,350224384,306211840,358612992,,,,,,,,3.0170001555234194,,
1791271736.4797924,418148,frontend_frame,1953,0,25076,50,8,262925312,350224384,306211840,358612992,,,,,,,,,,
1791271736.7506888,418148,tracking_feedback_accumulate,1954,,25076,,,266921984,352321536,309798400,358612992,,,,,,,,2.857400104403496,,
1791271736.7569244,418148,frontend_frame,1954,0,25076,50,8,257005568,352321536,309798400,358612992,,,,,,,,,,
1791271737.0983326,418148,tracking_feedback_accumulate,1955,,25076,,,261002240,352321536,309798400,358612992,,,,,,,,2.8920001350343227,,
1791271737.1023326,418148,frontend_frame,1955,0,25076,50,8,262927360,352321536,309798400,358612992,,,,,,,,,,
1791271737.442168,418148,tracking_feedback_accumulate,1956,,25076,,,266842112,352321536,309802496,358612992,,,,,,,,3.0186998192220926,,
1791271737.4472268,418148,frontend_frame,1956,0,25076,50,8,268767744,354418688,309802496,358612992,,,,,,,,,,
1791271737.7374477,418148,tracking_feedback_accumulate,1957,,25076,,,255002112,354418688,309802496,358612992,,,,,,,,2.9676000121980906,,
1791271737.7424471,418148,frontend_frame,1957,0,25076,50,8,256927232,354418688,309802496,358612992,,,,,,,,,,
1791271738.0657873,418148,tracking_feedback_accumulate,1958,,25076,,,261005824,354418688,309802496,358612992,,,,,,,,3.1117999460548162,,
1791271738.0707915,418148,frontend_frame,1958,0,25076,50,8,262930944,354418688,309802496,358612992,,,,,,,,,,
1791271738.3798742,418148,tracking_feedback_accumulate,1959,,25076,,,255086080,354418688,309802496,358612992,,,,,,,,2.8787998016923666,,
1791271738.3846748,418148,frontend_frame,1959,0,25076,50,8,257011200,354418688,309802496,358612992,,,,,,,,,,
1791271738.7660468,418148,tracking_feedback_accumulate,1960,,25076,,,261007872,354418688,309802496,358612992,,,,,,,,2.854200080037117,,
1791271738.7715526,418148,frontend_frame,1960,0,25076,50,8,262932992,306184192,309802496,358612992,,,,,,,,,,
1791271739.0288708,418148,tracking_feedback_accumulate,1961,,25076,,,266847744,352321536,309827584,358612992,,,,,,,,3.2075000926852226,,
1791271739.0328715,418148,frontend_frame,1961,0,25076,50,8,256931328,352321536,309827584,358612992,,,,,,,,,,
1791271739.357407,418148,tracking_feedback_accumulate,1962,,25076,,,261091840,352321536,309827584,358612992,,,,,,,,3.5280000884085894,,
1791271739.362914,418148,frontend_frame,1962,0,25076,50,8,263016960,352321536,309827584,358612992,,,,,,,,,,
1791271739.6579487,418148,tracking_feedback_accumulate,1963,,25076,,,266849792,352321536,309842432,358612992,,,,,,,,3.2180999405682087,,
1791271739.6624765,418148,frontend_frame,1963,0,25076,50,8,268774912,354418688,309842432,358612992,,,,,,,,,,
1791271740.0063486,418148,tracking_feedback_accumulate,1964,,25076,,,255091200,354418688,309842432,358612992,,,,,,,,3.192399861291051,,
1791271740.0118296,418148,frontend_frame,1964,0,25076,50,8,257016320,354418688,309842432,358612992,,,,,,,,,,
1791271740.3488336,418148,tracking_feedback_accumulate,1965,,25076,,,260931072,354418688,309842432,358612992,,,,,,,,3.0674999579787254,,
1791271740.3538442,418148,frontend_frame,1965,0,25076,50,8,262856192,354418688,309842432,358612992,,,,,,,,,,
1791271740.6213126,418148,tracking_feedback_accumulate,1966,,25076,,,266934784,354418688,309842432,358612992,,,,,,,,2.826299984008074,,
1791271740.626838,418148,frontend_frame,1966,0,25076,50,8,257018368,354418688,309842432,358612992,,,,,,,,,,
1791271740.9408622,418148,tracking_feedback_accumulate,1967,,25076,,,261015040,354418688,309842432,358612992,,,,,,,,2.8082001954317093,,
1791271740.9453819,418148,frontend_frame,1967,0,25076,50,8,262940160,354418688,309842432,358612992,,,,,,,,,,
1791271741.3261132,418148,tracking_feedback_accumulate,1968,,25076,,,266936832,354418688,309842432,358612992,,,,,,,,3.5025998950004578,,
1791271741.3311162,418148,frontend_frame,1968,0,25076,50,8,268861952,354418688,309842432,358612992,,,,,,,,,,
1791271741.5672128,418148,tracking_feedback_accumulate,1969,,25076,,,255096320,354418688,309842432,358612992,,,,,,,,2.851200057193637,,
1791271741.5722125,418148,frontend_frame,1969,0,25076,50,8,257021440,354418688,309842432,358612992,,,,,,,,,,
1791271741.9383557,418148,tracking_feedback_accumulate,1970,,25076,,,261018112,354418688,309842432,358612992,,,,,,,,2.757200039923191,,
1791271741.9448657,418148,frontend_frame,1970,0,25076,50,8,262943232,306184192,309842432,358612992,,,,,,,,,,
1791271742.275724,418148,tracking_feedback_accumulate,1971,,25076,,,266939904,352321536,309863424,358612992,,,,,,,,3.259100019931793,,
1791271742.2813156,418148,frontend_frame,1971,0,25076,50,8,257023488,352321536,309863424,358612992,,,,,,,,,,
1791271742.6463616,418148,tracking_feedback_accumulate,1972,,25076,,,261020160,352321536,309863424,358612992,,,,,,,,3.144199959933758,,
1791271742.6513615,418148,frontend_frame,1972,0,25076,50,8,262945280,352321536,309863424,358612992,,,,,,,,,,
1791271742.9705646,418148,tracking_feedback_accumulate,1973,,25076,,,266941952,354418688,309872128,358612992,,,,,,,,2.926100045442581,,
1791271742.974579,418148,frontend_frame,1973,0,25076,50,8,268867072,354418688,309872128,358612992,,,,,,,,,,
1791271743.3813894,418148,tracking_feedback_accumulate,1974,,25076,,,255101440,354418688,309872128,358612992,,,,,,,,3.6241000052541494,,
1791271743.3865926,418148,frontend_frame,1974,0,25076,50,8,257026560,354418688,309872128,358612992,,,,,,,,,,
1791271743.750656,418148,tracking_feedback_accumulate,1975,,25076,,,260941312,354418688,309872128,358612992,,,,,,,,2.921000123023987,,
1791271743.7556722,418148,frontend_frame,1975,0,25076,50,8,262866432,354418688,309872128,358612992,,,,,,,,,,
1791271744.1376846,418148,tracking_feedback_accumulate,1976,,25076,,,255185408,354418688,309872128,358612992,,,,,,,,2.9855999164283276,,
1791271744.1872897,418148,frontend_frame,1976,0,25076,51,8,261106176,354418688,309872128,358612992,,,,,,,,,,
1791271755.4639604,418148,tracking_feedback_accumulate,1977,,24315,,,264891904,354418688,309872128,358612992,,,,,,,,2.906800014898181,,
1791271755.4686627,418148,frontend_frame,1977,0,24315,51,8,266629120,354418688,309872128,358612992,,,,,,,,,,
1791271755.8549688,418148,tracking_feedback_accumulate,1978,,24315,,,270707712,354418688,313321984,358612992,,,,,,,,2.9176000971347094,,
1791271755.861143,418148,frontend_frame,1978,0,24315,51,8,260791296,354418688,313321984,358612992,,,,,,,,,,
1791271756.2129085,418148,tracking_feedback_accumulate,1979,,24315,,,264706048,354418688,313321984,358612992,,,,,,,,2.8534000739455223,,
1791271756.2194254,418148,frontend_frame,1979,0,24315,51,8,266449920,354418688,313321984,358612992,,,,,,,,,,
1791271756.600415,418148,tracking_feedback_accumulate,1980,,24315,,,270610432,354418688,313321984,358612992,,,,,,,,2.963900100439787,,
1791271756.6054232,418148,frontend_frame,1980,0,24315,51,8,272354304,333447168,313321984,358612992,,,,,,,,,,
1791271756.9617155,418148,tracking_feedback_accumulate,1981,,24315,,,258968576,354418688,313321984,358612992,,,,,,,,3.610700136050582,,
1791271756.965773,418148,frontend_frame,1981,0,24315,51,8,260712960,354418688,313321984,358612992,,,,,,,,,,
1791271757.2465718,418148,tracking_feedback_accumulate,1982,,24315,,,264791552,354418688,313321984,358612992,,,,,,,,2.7868999168276787,,
1791271757.2505908,418148,frontend_frame,1982,0,24315,51,8,266535424,354418688,313321984,358612992,,,,,,,,,,
1791271757.610784,418148,tracking_feedback_accumulate,1983,,24315,,,258971136,354418688,313321984,358612992,,,,,,,,3.777100006118417,,
1791271757.6148005,418148,frontend_frame,1983,0,24315,51,8,260715008,354418688,313321984,358612992,,,,,,,,,,
1791271757.9855442,418148,tracking_feedback_accumulate,1984,,24315,,,264793600,354418688,313321984,358612992,,,,,,,,3.0048000626266003,,
1791271757.9905477,418148,frontend_frame,1984,0,24315,51,8,266537472,354418688,313321984,358612992,,,,,,,,,,
1791271758.2727377,418148,tracking_feedback_accumulate,1985,,24315,,,270452224,354418688,313321984,358612992,,,,,,,,2.836100058630109,,
1791271758.2788951,418148,frontend_frame,1985,0,24315,51,8,260717056,354418688,313321984,358612992,,,,,,,,,,
1791271758.656495,418148,tracking_feedback_accumulate,1986,,24315,,,264877568,354418688,313321984,358612992,,,,,,,,3.1278999522328377,,
1791271758.6625042,418148,frontend_frame,1986,0,24315,51,8,266621440,354418688,313321984,358612992,,,,,,,,,,
1791271759.0156806,418148,tracking_feedback_accumulate,1987,,24315,,,270454272,354418688,313321984,358612992,,,,,,,,2.923899795860052,,
1791271759.020685,418148,frontend_frame,1987,0,24315,51,8,272198144,354418688,313321984,358612992,,,,,,,,,,
1791271759.3218465,418148,tracking_feedback_accumulate,1988,,24315,,,259140096,354418688,313321984,358612992,,,,,,,,2.907099900767207,,
1791271759.327079,418148,frontend_frame,1988,0,24315,51,8,260883968,354418688,313321984,358612992,,,,,,,,,,
1791271759.6978695,418148,tracking_feedback_accumulate,1989,,24315,,,264716800,354418688,313321984,358612992,,,,,,,,3.0392000917345285,,
1791271759.7028725,418148,frontend_frame,1989,0,24315,51,8,266460672,354418688,313321984,358612992,,,,,,,,,,
1791271760.0983977,418148,tracking_feedback_accumulate,1990,,24315,,,270539264,354418688,313321984,358612992,,,,,,,,2.8925000224262476,,
1791271760.1039052,418148,frontend_frame,1990,0,24315,51,8,260804096,327155712,313321984,358612992,,,,,,,,,,
1791271760.4798946,418148,tracking_feedback_accumulate,1991,,24315,,,264718848,348127232,313321984,358612992,,,,,,,,3.5337998997420073,,
1791271760.4848993,418148,frontend_frame,1991,0,24315,51,8,266462720,348127232,313321984,358612992,,,,,,,,,,
1791271760.914582,418148,tracking_feedback_accumulate,1992,,24315,,,270459392,352321536,313321984,358612992,,,,,,,,3.748399903997779,,
1791271760.9192674,418148,frontend_frame,1992,0,24315,51,8,272203264,354418688,313321984,358612992,,,,,,,,,,
1791271761.2771351,418148,tracking_feedback_accumulate,1993,,24315,,,259063296,354418688,313321984,358612992,,,,,,,,2.897700062021613,,
1791271761.2821355,418148,frontend_frame,1993,0,24315,51,8,260807168,354418688,313321984,358612992,,,,,,,,,,
1791271761.5513856,418148,tracking_feedback_accumulate,1994,,24315,,,264721920,354418688,313321984,358612992,,,,,,,,2.9851000290364027,,
1791271761.5559385,418148,frontend_frame,1994,0,24315,51,8,266465792,354418688,313321984,358612992,,,,,,,,,,
1791271761.9027128,418148,tracking_feedback_accumulate,1995,,24315,,,270544384,354418688,313321984,358612992,,,,,,,,2.9525000136345625,,
1791271761.907501,418148,frontend_frame,1995,0,24315,51,8,260809216,354418688,313321984,358612992,,,,,,,,,,
1791271762.2385676,418148,tracking_feedback_accumulate,1996,,24315,,,264805888,354418688,313321984,358612992,,,,,,,,3.10880015604198,,
1791271762.24412,418148,frontend_frame,1996,0,24315,51,8,266549760,354418688,313321984,358612992,,,,,,,,,,
1791271762.5854816,418148,tracking_feedback_accumulate,1997,,24315,,,270464512,354418688,313321984,358612992,,,,,,,,2.9178999830037355,,
1791271762.5899894,418148,frontend_frame,1997,0,24315,51,8,272208384,354418688,313321984,358612992,,,,,,,,,,
1791271762.9737048,418148,tracking_feedback_accumulate,1998,,24315,,,258986496,354418688,313321984,358612992,,,,,,,,2.568800002336502,,
1791271762.9787223,418148,frontend_frame,1998,0,24315,51,8,260730368,354418688,313321984,358612992,,,,,,,,,,
1791271763.4062371,418148,tracking_feedback_accumulate,1999,,24315,,,264808960,354418688,313321984,358612992,,,,,,,,2.912800060585141,,
1791271763.4112701,418148,frontend_frame,1999,0,24315,51,8,266552832,354418688,313321984,358612992,,,,,,,,,,
1791271763.7620847,418148,tracking_feedback_accumulate,2000,,24315,,,258988544,354418688,313321984,358612992,,,,,,,,2.990799956023693,,
1791271763.767795,418148,frontend_frame,2000,0,24315,51,8,260732416,304087040,313321984,358612992,,,,,,,,,,
1791271764.1660979,418148,tracking_feedback_accumulate,2001,,24315,,,264811008,346030080,313321984,358612992,,,,,,,,3.8211001083254814,,
1791271764.1707985,418148,frontend_frame,2001,0,24315,51,8,266554880,348127232,313321984,358612992,,,,,,,,,,
1791271764.4327652,418148,tracking_feedback_accumulate,2002,,24315,,,270551552,352321536,313321984,358612992,,,,,,,,3.4439999144524336,,
1791271764.4390519,418148,frontend_frame,2002,0,24315,51,8,260816384,352321536,313321984,358612992,,,,,,,,,,
1791271764.7416756,418148,tracking_feedback_accumulate,2003,,24315,,,264731136,352321536,313321984,358612992,,,,,,,,2.8921000193804502,,
1791271764.7457402,418148,frontend_frame,2003,0,24315,51,8,266475008,352321536,313321984,358612992,,,,,,,,,,
1791271765.1431637,418148,tracking_feedback_accumulate,2004,,24315,,,270635520,352321536,313321984,358612992,,,,,,,,2.8848000802099705,,
1791271765.1483686,418148,frontend_frame,2004,0,24315,51,8,272379392,354418688,313321984,358612992,,,,,,,,,,
1791271765.472321,418148,tracking_feedback_accumulate,2005,,24315,,,258993664,354418688,313321984,358612992,,,,,,,,2.8428002260625362,,
1791271765.4768767,418148,frontend_frame,2005,0,24315,51,8,260737536,354418688,313321984,358612992,,,,,,,,,,
1791271765.736373,418148,tracking_feedback_accumulate,2006,,24315,,,264898048,354418688,313321984,358612992,,,,,,,,3.647899953648448,,
1791271765.7413714,418148,frontend_frame,2006,0,24315,51,8,266641920,354418688,313321984,358612992,,,,,,,,,,
1791271766.0863845,418148,tracking_feedback_accumulate,2007,,24315,,,270474752,354418688,313321984,358612992,,,,,,,,3.5578999668359756,,
1791271766.09089,418148,frontend_frame,2007,0,24315,51,8,260739584,354418688,313321984,358612992,,,,,,,,,,
1791271766.4175355,418148,tracking_feedback_accumulate,2008,,24315,,,264900096,354418688,313321984,358612992,,,,,,,,3.0073998495936394,,
1791271766.4220376,418148,frontend_frame,2008,0,24315,51,8,266643968,354418688,313321984,358612992,,,,,,,,,,
1791271766.7578044,418148,tracking_feedback_accumulate,2009,,24315,,,270476800,354418688,313321984,358612992,,,,,,,,2.9538001399487257,,
1791271766.7623098,418148,frontend_frame,2009,0,24315,51,8,272220672,354418688,313321984,358612992,,,,,,,,,,
1791271767.0649374,418148,tracking_feedback_accumulate,2010,,24315,,,259080704,354418688,313321984,358612992,,,,,,,,2.907899906858802,,
1791271767.1155226,418148,frontend_frame,2010,0,24315,52,8,264820224,354418688,313321984,358612992,,,,,,,,,,
1791271778.4430447,418148,tracking_feedback_accumulate,2011,,23916,,,268794368,354418688,313321984,358612992,,,,,,,,3.0260998755693436,,
1791271778.449118,418148,frontend_frame,2011,0,23916,52,8,270444032,354418688,313321984,358612992,,,,,,,,,,
1791271778.521202,418148,tracking_feedback_accumulate,2012,,23916,,,262970368,354418688,313321984,358612992,,,,,,,,2.8662001714110374,,
1791271778.526898,418148,frontend_frame,2012,0,23916,52,8,264623616,354418688,313321984,358612992,,,,,,,,,,
1791271778.9049923,418148,tracking_feedback_accumulate,2013,,23916,,,268620288,354418688,313321984,358612992,,,,,,,,2.928399946540594,,
1791271778.9110339,418148,frontend_frame,2013,0,23916,52,8,270273536,354418688,313321984,358612992,,,,,,,,,,
1791271779.19382,418148,tracking_feedback_accumulate,2014,,23916,,,274352128,354418688,316729344,358612992,,,,,,,,3.1894000712782145,,
1791271779.1993327,418148,frontend_frame,2014,0,23916,52,8,264707584,354418688,316729344,358612992,,,,,,,,,,
1791271779.4386344,418148,tracking_feedback_accumulate,2015,,23916,,,268704256,354418688,316729344,358612992,,,,,,,,2.8852999676018953,,
1791271779.4426491,418148,frontend_frame,2015,0,23916,52,8,270358016,354418688,316729344,358612992,,,,,,,,,,
1791271779.7694726,418148,tracking_feedback_accumulate,2016,,23916,,,274272768,354418688,316729344,358612992,,,,,,,,2.697399817407131,,
1791271779.7739754,418148,frontend_frame,2016,0,23916,52,8,275926016,354418688,316729344,358612992,,,,,,,,,,
1791271780.059656,418148,tracking_feedback_accumulate,2017,,23916,,,263139840,354418688,316729344,358612992,,,,,,,,2.960100071504712,,
1791271780.0651786,418148,frontend_frame,2017,0,23916,52,8,264793088,354418688,316729344,358612992,,,,,,,,,,
1791271780.37374,418148,tracking_feedback_accumulate,2018,,23916,,,268625920,354418688,316729344,358612992,,,,,,,,3.22720012627542,,
1791271780.3797562,418148,frontend_frame,2018,0,23916,52,8,270279168,354418688,316729344,358612992,,,,,,,,,,
1791271780.7485585,418148,tracking_feedback_accumulate,2019,,23916,,,274357760,354418688,316729344,358612992,,,,,,,,3.089000005275011,,
1791271780.7525578,418148,frontend_frame,2019,0,23916,52,8,264713216,354418688,316729344,358612992,,,,,,,,,,
1791271781.0286093,418148,tracking_feedback_accumulate,2020,,23916,,,268709888,354418688,316729344,358612992,,,,,,,,2.9372000135481358,,
1791271781.0346189,418148,frontend_frame,2020,0,23916,52,8,270363136,327155712,316729344,358612992,,,,,,,,,,
1791271781.3028216,418148,tracking_feedback_accumulate,2021,,23916,,,274359808,352321536,316740608,358612992,,,,,,,,3.2939999364316463,,
1791271781.30807,418148,frontend_frame,2021,0,23916,52,8,276013056,354418688,316740608,358612992,,,,,,,,,,
1791271781.5954897,418148,tracking_feedback_accumulate,2022,,23916,,,263063040,354418688,316740608,358612992,,,,,,,,2.836299827322364,,
1791271781.6004937,418148,frontend_frame,2022,0,23916,52,8,264716288,354418688,316740608,358612992,,,,,,,,,,
1791271781.9637358,418148,tracking_feedback_accumulate,2023,,23916,,,268712960,354418688,316740608,358612992,,,,,,,,2.8063999488949776,,
1791271781.9684305,418148,frontend_frame,2023,0,23916,52,8,270366208,354418688,316740608,358612992,,,,,,,,,,
1791271782.3092778,418148,tracking_feedback_accumulate,2024,,23916,,,274280960,354418688,316740608,358612992,,,,,,,,2.8027999214828014,,
1791271782.3147874,418148,frontend_frame,2024,0,23916,52,8,264636416,354418688,316740608,358612992,,,,,,,,,,
1791271782.5767918,418148,tracking_feedback_accumulate,2025,,23916,,,268796928,354418688,316740608,358612992,,,,,,,,2.9740999452769756,,
1791271782.5817912,418148,frontend_frame,2025,0,23916,52,8,270450176,354418688,316740608,358612992,,,,,,,,,,
1791271782.8894606,418148,tracking_feedback_accumulate,2026,,23916,,,274283008,354418688,316740608,358612992,,,,,,,,2.9406999237835407,,
1791271782.8949676,418148,frontend_frame,2026,0,23916,52,8,264638464,354418688,316740608,358612992,,,,,,,,,,
1791271783.1590753,418148,tracking_feedback_accumulate,2027,,23916,,,268635136,354418688,316740608,358612992,,,,,,,,2.9757998418062925,,
1791271783.164085,418148,frontend_frame,2027,0,23916,52,8,270288384,354418688,316740608,358612992,,,,,,,,,,
1791271783.4195032,418148,tracking_feedback_accumulate,2028,,23916,,,274366976,354418688,316740608,358612992,,,,,,,,3.3684000372886658,,
1791271783.4246366,418148,frontend_frame,2028,0,23916,52,8,276020224,354418688,316740608,358612992,,,,,,,,,,
1791271783.8047807,418148,tracking_feedback_accumulate,2029,,23916,,,268637184,354418688,316740608,358612992,,,,,,,,4.439600044861436,,
1791271783.8097901,418148,frontend_frame,2029,0,23916,52,8,270290432,354418688,316740608,358612992,,,,,,,,,,
1791271784.1313982,418148,tracking_feedback_accumulate,2030,,23916,,,274369024,354418688,316740608,358612992,,,,,,,,2.881299937143922,,
1791271784.1365924,418148,frontend_frame,2030,0,23916,52,8,276022272,331350016,316740608,358612992,,,,,,,,,,
1791271784.4311218,418148,tracking_feedback_accumulate,2031,,23916,,,279937024,356515840,322338816,358612992,,,,,,,,2.831599907949567,,
1791271784.4376285,418148,frontend_frame,2031,0,23916,52,8,270292480,356515840,322338816,358612992,,,,,,,,,,
1791271784.684757,418148,tracking_feedback_accumulate,2032,,23916,,,274371072,356515840,322338816,358612992,,,,,,,,2.8136998880654573,,
1791271784.6894546,418148,frontend_frame,2032,0,23916,52,8,276024320,356515840,322338816,358612992,,,,,,,,,,
1791271785.028799,418148,tracking_feedback_accumulate,2033,,23916,,,280020992,356515840,322338816,358612992,,,,,,,,3.131000092253089,,
1791271785.0348067,418148,frontend_frame,2033,0,23916,52,8,281674240,358612992,322338816,358612992,,,,,,,,,,
1791271785.3556285,418148,tracking_feedback_accumulate,2034,,23916,,,268724224,358612992,322338816,358612992,,,,,,,,4.2934000957757235,,
1791271785.3611605,418148,frontend_frame,2034,0,23916,52,8,270377472,358612992,322338816,358612992,,,,,,,,,,
1791271785.6673079,418148,tracking_feedback_accumulate,2035,,23916,,,274292224,358612992,322338816,358612992,,,,,,,,2.953500021249056,,
1791271785.672312,418148,frontend_frame,2035,0,23916,52,8,275945472,358612992,322338816,358612992,,,,,,,,,,
1791271785.9102871,418148,tracking_feedback_accumulate,2036,,23916,,,280105984,358612992,322338816,358612992,,,,,,,,2.7226998936384916,,
1791271785.9600012,418148,frontend_frame,2036,0,23916,53,8,274457088,358612992,322338816,358612992,,,,,,,,,,
1791271797.191166,418148,tracking_feedback_accumulate,2037,,24401,,,278323712,358612992,322338816,358612992,,,,,,,,2.7920000720769167,,
1791271797.1973782,418148,frontend_frame,2037,0,24401,53,8,280093184,358612992,322338816,358612992,,,,,,,,,,
1791271797.5657055,418148,tracking_feedback_accumulate,2038,,24401,,,284171776,379584512,327142400,379584512,,,,,,,,2.7425000444054604,,
1791271797.5707035,418148,frontend_frame,2038,0,24401,53,8,274527232,379584512,327142400,379584512,,,,,,,,,,
1791271797.9101162,418148,tracking_feedback_accumulate,2039,,24401,,,278441984,379584512,327142400,379584512,,,,,,,,3.135999897494912,,
1791271797.9163616,418148,frontend_frame,2039,0,24401,53,8,280207872,379584512,327142400,379584512,,,,,,,,,,
1791271798.2139144,418148,tracking_feedback_accumulate,2040,,24401,,,284286464,379584512,327261696,379584512,,,,,,,,2.861799905076623,,
1791271798.2205763,418148,frontend_frame,2040,0,24401,53,8,286052352,339738624,327261696,381681664,,,,,,,,,,
1791271798.6239655,418148,tracking_feedback_accumulate,2041,,24401,,,278525952,360710144,327261696,381681664,,,,,,,,9.11640003323555,,
1791271798.6290967,418148,frontend_frame,2041,0,24401,53,8,280292352,360710144,327261696,381681664,,,,,,,,,,
1791271798.9269507,418148,tracking_feedback_accumulate,2042,,24401,,,284207104,381681664,327261696,381681664,,,,,,,,2.966499887406826,,
1791271798.9319503,418148,frontend_frame,2042,0,24401,53,8,285972992,381681664,327261696,381681664,,,,,,,,,,
1791271799.1950002,418148,tracking_feedback_accumulate,2043,,24401,,,290133504,385875968,332945408,385875968,,,,,,,,3.0552998650819063,,
1791271799.2006755,418148,frontend_frame,2043,0,24401,53,8,280376320,385875968,332945408,385875968,,,,,,,,,,
1791271799.5639548,418148,tracking_feedback_accumulate,2044,,24401,,,284209152,385875968,332945408,385875968,,,,,,,,2.8939000330865383,,
1791271799.5684896,418148,frontend_frame,2044,0,24401,53,8,285975040,385875968,332945408,385875968,,,,,,,,,,
1791271799.9346366,418148,tracking_feedback_accumulate,2045,,24401,,,290053632,385875968,333028864,385875968,,,,,,,,2.6326000224798918,,
1791271799.9401512,418148,frontend_frame,2045,0,24401,53,8,291819520,387973120,333028864,387973120,,,,,,,,,,
1791271800.3258326,418148,tracking_feedback_accumulate,2046,,24401,,,278531584,387973120,333028864,387973120,,,,,,,,2.9410000424832106,,
1791271800.330954,418148,frontend_frame,2046,0,24401,53,8,280297472,387973120,333028864,387973120,,,,,,,,,,
1791271800.6226203,418148,tracking_feedback_accumulate,2047,,24401,,,284294144,387973120,333028864,387973120,,,,,,,,2.952300012111664,,
1791271800.6293588,418148,frontend_frame,2047,0,24401,53,8,286060032,387973120,333028864,387973120,,,,,,,,,,
1791271800.9485457,418148,tracking_feedback_accumulate,2048,,24401,,,289974784,387973120,333028864,387973120,,,,,,,,2.827899996191263,,
1791271800.9552302,418148,frontend_frame,2048,0,24401,53,8,280217600,387973120,333028864,387973120,,,,,,,,,,
1791271801.3370523,418148,tracking_feedback_accumulate,2049,,24401,,,284214272,387973120,333028864,387973120,,,,,,,,3.3160001039505005,,
1791271801.3425586,418148,frontend_frame,2049,0,24401,53,8,285980160,387973120,333028864,387973120,,,,,,,,,,
1791271801.6277122,418148,tracking_feedback_accumulate,2050,,24401,,,290058752,387973120,333033984,387973120,,,,,,,,2.885600086301565,,
1791271801.6327393,418148,frontend_frame,2050,0,24401,53,8,291824640,346030080,333033984,387973120,,,,,,,,,,
1791271801.9416614,418148,tracking_feedback_accumulate,2051,,24401,,,278536704,387973120,333033984,387973120,,,,,,,,2.983200130984187,,
1791271801.946363,418148,frontend_frame,2051,0,24401,53,8,280302592,387973120,333033984,387973120,,,,,,,,,,
1791271802.264641,418148,tracking_feedback_accumulate,2052,,24401,,,284299264,387973120,333033984,387973120,,,,,,,,2.9473002068698406,,
1791271802.2693453,418148,frontend_frame,2052,0,24401,53,8,286065152,387973120,333033984,387973120,,,,,,,,,,
1791271802.6079223,418148,tracking_feedback_accumulate,2053,,24401,,,290061824,387973120,333033984,387973120,,,,,,,,2.8674001805484295,,
1791271802.6149347,418148,frontend_frame,2053,0,24401,53,8,268894208,387973120,333033984,387973120,,,,,,,,,,
1791271802.8805208,418148,tracking_feedback_accumulate,2054,,24401,,,272890880,387973120,333033984,387973120,,,,,,,,2.8655000496655703,,
1791271802.8857827,418148,frontend_frame,2054,0,24401,53,8,274656768,387973120,333033984,387973120,,,,,,,,,,
1791271803.0914207,418148,tracking_feedback_accumulate,2055,,24401,,,278653440,387973120,333033984,387973120,,,,,,,,3.325199941173196,,
1791271803.0972085,418148,frontend_frame,2055,0,24401,53,8,268896256,387973120,333033984,387973120,,,,,,,,,,
1791271803.3653114,418148,tracking_feedback_accumulate,2056,,24401,,,272892928,387973120,333033984,387973120,,,,,,,,2.9764999635517597,,
1791271803.3726451,418148,frontend_frame,2056,0,24401,53,8,274658816,387973120,333033984,387973120,,,,,,,,,,
1791271803.6980882,418148,tracking_feedback_accumulate,2057,,24401,,,278655488,387973120,333033984,387973120,,,,,,,,2.712500048801303,,
1791271803.702088,418148,frontend_frame,2057,0,24401,53,8,280421376,387973120,333033984,387973120,,,,,,,,,,
1791271804.0441883,418148,tracking_feedback_accumulate,2058,,24401,,,272894976,387973120,333033984,387973120,,,,,,,,3.3237000461667776,,
1791271804.0487115,418148,frontend_frame,2058,0,24401,53,8,274660864,387973120,333033984,387973120,,,,,,,,,,
1791271804.3837829,418148,tracking_feedback_accumulate,2059,,24401,,,278575616,387973120,333033984,387973120,,,,,,,,2.9744000639766455,,
1791271804.3888018,418148,frontend_frame,2059,0,24401,53,8,280341504,387973120,333033984,387973120,,,,,,,,,,
1791271804.7839494,418148,tracking_feedback_accumulate,2060,,24401,,,284338176,387973120,333033984,387973120,,,,,,,,3.133400110527873,,
1791271804.8354373,418148,frontend_frame,2060,0,24401,54,8,278576640,387973120,333033984,387973120,,,,,,,,,,
1791271816.1056468,418148,tracking_feedback_accumulate,2061,,24749,,,282682880,387973120,333033984,387973120,,,,,,,,3.7060000468045473,,
1791271816.1096592,418148,frontend_frame,2061,0,24749,54,8,284539392,387973120,333033984,387973120,,,,,,,,,,
1791271816.5037181,418148,tracking_feedback_accumulate,2062,,24749,,,288454144,387973120,333033984,387973120,,,,,,,,3.6259000189602375,,
1791271816.5109906,418148,frontend_frame,2062,0,24749,54,8,278696960,387973120,333033984,387973120,,,,,,,,,,
1791271816.8416812,418148,tracking_feedback_accumulate,2063,,24749,,,282693632,387973120,333033984,387973120,,,,,,,,2.839100081473589,,
1791271816.8474135,418148,frontend_frame,2063,0,24749,54,8,284548096,387973120,333033984,387973120,,,,,,,,,,
1791271817.1340652,418148,tracking_feedback_accumulate,2064,,24749,,,288626688,387973120,333033984,387973120,,,,,,,,2.854699967429042,,
1791271817.138747,418148,frontend_frame,2064,0,24749,54,8,290481152,387973120,333033984,387973120,,,,,,,,,,
1791271817.3892498,418148,tracking_feedback_accumulate,2065,,24749,,,282695680,387973120,333033984,387973120,,,,,,,,3.534100018441677,,
1791271817.3948333,418148,frontend_frame,2065,0,24749,54,8,284550656,387973120,333033984,387973120,,,,,,,,,,
1791271817.739872,418148,tracking_feedback_accumulate,2066,,24749,,,288629248,387973120,333033984,387973120,,,,,,,,3.705499926581979,,
1791271817.7448893,418148,frontend_frame,2066,0,24749,54,8,290483712,387973120,333033984,387973120,,,,,,,,,,
1791271818.1174212,418148,tracking_feedback_accumulate,2067,,24749,,,294480384,387973120,337396224,387973120,,,,,,,,2.7948999777436256,,
1791271818.1254044,418148,frontend_frame,2067,0,24749,54,8,284634624,387973120,337396224,387973120,,,,,,,,,,
1791271818.5650635,418148,tracking_feedback_accumulate,2068,,24749,,,288631296,387973120,337396224,387973120,,,,,,,,3.0582998879253864,,
1791271818.5703034,418148,frontend_frame,2068,0,24749,54,8,290485760,387973120,337396224,387973120,,,,,,,,,,
1791271818.9577584,418148,tracking_feedback_accumulate,2069,,24749,,,294482432,387973120,337398272,387973120,,,,,,,,3.5512999165803194,,
1791271818.962265,418148,frontend_frame,2069,0,24749,54,8,296336896,390070272,337398272,390070272,,,,,,,,,,
1791271819.3266335,418148,tracking_feedback_accumulate,2070,,24749,,,282701312,390070272,337398272,390070272,,,,,,,,3.2232000958174467,,
1791271819.3316464,418148,frontend_frame,2070,0,24749,54,8,284555776,335544320,337398272,390070272,,,,,,,,,,
1791271819.7288322,418148,tracking_feedback_accumulate,2071,,24749,,,288552448,381681664,337398272,390070272,,,,,,,,3.1504000071436167,,
1791271819.7348726,418148,frontend_frame,2071,0,24749,54,8,290406912,383778816,337398272,390070272,,,,,,,,,,
1791271820.03921,418148,tracking_feedback_accumulate,2072,,24749,,,294485504,385875968,337565184,390070272,,,,,,,,2.9752999544143677,,
1791271820.04644,418148,frontend_frame,2072,0,24749,54,8,284639744,385875968,337565184,390070272,,,,,,,,,,
1791271820.3814647,418148,tracking_feedback_accumulate,2073,,24749,,,288554496,385875968,337565184,390070272,,,,,,,,3.0979998409748077,,
1791271820.3864763,418148,frontend_frame,2073,0,24749,54,8,290408960,385875968,337565184,390070272,,,,,,,,,,
1791271820.7445598,418148,tracking_feedback_accumulate,2074,,24749,,,294405632,387973120,337565184,390070272,,,,,,,,3.180400002747774,,
1791271820.7495627,418148,frontend_frame,2074,0,24749,54,8,296260096,387973120,337565184,390070272,,,,,,,,,,
1791271821.105664,418148,tracking_feedback_accumulate,2075,,24749,,,282788352,387973120,337565184,390070272,,,,,,,,2.9770999681204557,,
1791271821.1111748,418148,frontend_frame,2075,0,24749,54,8,284642816,387973120,337565184,390070272,,,,,,,,,,
1791271821.4371014,418148,tracking_feedback_accumulate,2076,,24749,,,288639488,387973120,337565184,390070272,,,,,,,,3.019699826836586,,
1791271821.4426086,418148,frontend_frame,2076,0,24749,54,8,290493952,387973120,337565184,390070272,,,,,,,,,,
1791271821.840598,418148,tracking_feedback_accumulate,2077,,24749,,,294490624,387973120,337565184,390070272,,,,,,,,3.0775999184697866,,
1791271821.8473642,418148,frontend_frame,2077,0,24749,54,8,284644864,387973120,337565184,390070272,,,,,,,,,,
1791271822.1515179,418148,tracking_feedback_accumulate,2078,,24749,,,288559616,387973120,337565184,390070272,,,,,,,,2.8019999153912067,,
1791271822.1561081,418148,frontend_frame,2078,0,24749,54,8,290414080,387973120,337565184,390070272,,,,,,,,,,
1791271822.4382396,418148,tracking_feedback_accumulate,2079,,24749,,,294574592,387973120,337565184,390070272,,,,,,,,2.8089999686926603,,
1791271822.4878802,418148,frontend_frame,2079,0,24749,55,8,288724480,387973120,337565184,390070272,,,,,,,,,,
1791271833.7926419,418148,tracking_feedback_accumulate,2080,,25102,,,292582912,387973120,337565184,390070272,,,,,,,,3.0249999836087227,,
1791271833.8000436,418148,frontend_frame,2080,0,25102,55,8,294522368,339738624,337565184,390070272,,,,,,,,,,
1791271833.9849515,418148,tracking_feedback_accumulate,2081,,25102,,,298519040,387973120,341442048,390070272,,,,,,,,2.6684999465942383,,
1791271833.9897568,418148,frontend_frame,2081,0,25102,55,8,300455936,390070272,341442048,390070272,,,,,,,,,,
1791271834.3180141,418148,tracking_feedback_accumulate,2082,,25102,,,275207680,390070272,341442048,390070272,,,,,,,,2.670499961823225,,
1791271834.3240147,418148,frontend_frame,2082,0,25102,55,8,277144576,390070272,341442048,390070272,,,,,,,,,,
1791271834.670329,418148,tracking_feedback_accumulate,2083,,25102,,,281141248,390070272,341442048,390070272,,,,,,,,3.117599990218878,,
1791271834.6762562,418148,frontend_frame,2083,0,25102,55,8,283078144,390070272,341442048,390070272,,,,,,,,,,
1791271835.0337157,418148,tracking_feedback_accumulate,2084,,25102,,,287074816,390070272,341442048,390070272,,,,,,,,2.7924999594688416,,
1791271835.040586,418148,frontend_frame,2084,0,25102,55,8,277147136,390070272,341442048,390070272,,,,,,,,,,
1791271835.4411788,418148,tracking_feedback_accumulate,2085,,25102,,,281143808,390070272,341442048,390070272,,,,,,,,3.607999999076128,,
1791271835.4460092,418148,frontend_frame,2085,0,25102,55,8,283080704,390070272,341442048,390070272,,,,,,,,,,
1791271835.7546587,418148,tracking_feedback_accumulate,2086,,25102,,,286995456,390070272,341442048,390070272,,,,,,,,2.9946998693048954,,
1791271835.7607055,418148,frontend_frame,2086,0,25102,55,8,277067264,390070272,341442048,390070272,,,,,,,,,,
1791271836.1518898,418148,tracking_feedback_accumulate,2087,,25102,,,281227776,390070272,341442048,390070272,,,,,,,,2.8429999947547913,,
1791271836.156452,418148,frontend_frame,2087,0,25102,55,8,283164672,390070272,341442048,390070272,,,,,,,,,,
1791271836.5187397,418148,tracking_feedback_accumulate,2088,,25102,,,286997504,390070272,341442048,390070272,,,,,,,,2.793600084260106,,
1791271836.523812,418148,frontend_frame,2088,0,25102,55,8,288934400,390070272,341442048,390070272,,,,,,,,,,
1791271836.8009777,418148,tracking_feedback_accumulate,2089,,25102,,,281065984,390070272,341442048,390070272,,,,,,,,2.8567002154886723,,
1791271836.8051062,418148,frontend_frame,2089,0,25102,55,8,283002880,390070272,341442048,390070272,,,,,,,,,,
1791271837.1963193,418148,tracking_feedback_accumulate,2090,,25102,,,287081472,390070272,341442048,390070272,,,,,,,,2.936400007456541,,
1791271837.202317,418148,frontend_frame,2090,0,25102,55,8,289018368,356515840,341442048,390070272,,,,,,,,,,
1791271837.52463,418148,tracking_feedback_accumulate,2091,,25102,,,292933120,383778816,341442048,390070272,,,,,,,,3.490299917757511,,
1791271837.5298252,418148,frontend_frame,2091,0,25102,55,8,283004928,383778816,341442048,390070272,,,,,,,,,,
1791271837.8986633,418148,tracking_feedback_accumulate,2092,,25102,,,287083520,383778816,341442048,390070272,,,,,,,,2.770500024780631,,
1791271837.9029434,418148,frontend_frame,2092,0,25102,55,8,289020416,383778816,341442048,390070272,,,,,,,,,,
1791271838.2221131,418148,tracking_feedback_accumulate,2093,,25102,,,293017088,383778816,341442048,390070272,,,,,,,,2.908299909904599,,
1791271838.2278101,418148,frontend_frame,2093,0,25102,55,8,294953984,385875968,341442048,390070272,,,,,,,,,,
1791271838.5225189,418148,tracking_feedback_accumulate,2094,,25102,,,281153024,385875968,341442048,390070272,,,,,,,,3.077700035646558,,
1791271838.5281065,418148,frontend_frame,2094,0,25102,55,8,283089920,385875968,341442048,390070272,,,,,,,,,,
1791271838.903693,418148,tracking_feedback_accumulate,2095,,25102,,,287004672,385875968,341442048,390070272,,,,,,,,2.6712999679148197,,
1791271838.907718,418148,frontend_frame,2095,0,25102,55,8,288941568,385875968,341442048,390070272,,,,,,,,,,
1791271839.2702756,418148,tracking_feedback_accumulate,2096,,25102,,,293102080,385875968,341442048,390070272,,,,,,,,3.147300099954009,,
1791271839.275834,418148,frontend_frame,2096,0,25102,55,8,283173888,385875968,341442048,390070272,,,,,,,,,,
1791271839.6078362,418148,tracking_feedback_accumulate,2097,,25102,,,287006720,385875968,341442048,390070272,,,,,,,,2.9134999494999647,,
1791271839.6123567,418148,frontend_frame,2097,0,25102,55,8,288943616,385875968,341442048,390070272,,,,,,,,,,
1791271839.9094496,418148,tracking_feedback_accumulate,2098,,25102,,,293022208,385875968,341442048,390070272,,,,,,,,2.9108000453561544,,
1791271839.9598763,418148,frontend_frame,2098,0,25102,56,8,298954752,385875968,341442048,390070272,,,,,,,,,,
1791271851.3022578,418148,tracking_feedback_accumulate,2099,,25448,,,285094912,385875968,341442048,390070272,,,,,,,,3.0958999413996935,,
1791271851.308275,418148,frontend_frame,2099,0,25448,56,8,287112704,385875968,341442048,390070272,,,,,,,,,,
1791271851.6063244,418148,tracking_feedback_accumulate,2100,,25448,,,291273216,385875968,341442048,390070272,,,,,,,,3.687099786475301,,
1791271851.6123333,418148,frontend_frame,2100,0,25448,56,8,293288960,358612992,341442048,390070272,,,,,,,,,,
1791271852.0350494,418148,tracking_feedback_accumulate,2101,,25448,,,285099008,379584512,341442048,390070272,,,,,,,,3.0227000825107098,,
1791271852.0415757,418148,frontend_frame,2101,0,25448,56,8,287114752,379584512,341442048,390070272,,,,,,,,,,
1791271852.4259984,418148,tracking_feedback_accumulate,2102,,25448,,,291193344,379584512,341442048,390070272,,,,,,,,3.1931998673826456,,
1791271852.431507,418148,frontend_frame,2102,0,25448,56,8,293209088,381681664,341442048,390070272,,,,,,,,,,
1791271852.8060584,418148,tracking_feedback_accumulate,2103,,25448,,,297205760,383778816,341442048,390070272,,,,,,,,2.851800061762333,,
1791271852.81117,418148,frontend_frame,2103,0,25448,56,8,287199232,383778816,341442048,390070272,,,,,,,,,,
1791271853.137334,418148,tracking_feedback_accumulate,2104,,25448,,,291113984,383778816,341442048,390070272,,,,,,,,3.408099990338087,,
1791271853.1428378,418148,frontend_frame,2104,0,25448,56,8,293129728,383778816,341442048,390070272,,,,,,,,,,
1791271853.5709438,418148,tracking_feedback_accumulate,2105,,25448,,,297126400,383778816,341442048,390070272,,,,,,,,2.8637999203056097,,
1791271853.5764601,418148,frontend_frame,2105,0,25448,56,8,299142144,385875968,341442048,390070272,,,,,,,,,,
1791271853.8892918,418148,tracking_feedback_accumulate,2106,,25448,,,285186560,385875968,341442048,390070272,,,,,,,,2.8781001456081867,,
1791271853.8948116,418148,frontend_frame,2106,0,25448,56,8,287202304,385875968,341442048,390070272,,,,,,,,,,
1791271854.2378523,418148,tracking_feedback_accumulate,2107,,25448,,,291198976,385875968,341442048,390070272,,,,,,,,2.9458999633789062,,
1791271854.2423594,418148,frontend_frame,2107,0,25448,56,8,293214720,385875968,341442048,390070272,,,,,,,,,,
1791271854.6049442,418148,tracking_feedback_accumulate,2108,,25448,,,297129472,385875968,341442048,390070272,,,,,,,,2.9557000380009413,,
1791271854.6104562,418148,frontend_frame,2108,0,25448,56,8,287122432,385875968,341442048,390070272,,,,,,,,,,
1791271854.9948652,418148,tracking_feedback_accumulate,2109,,25448,,,291282944,385875968,341442048,390070272,,,,,,,,3.5041000228375196,,
1791271854.999895,418148,frontend_frame,2109,0,25448,56,8,293298688,385875968,341442048,390070272,,,,,,,,,,
1791271855.25252,418148,tracking_feedback_accumulate,2110,,25448,,,297131520,385875968,341442048,390070272,,,,,,,,2.8967000544071198,,
1791271855.257097,418148,frontend_frame,2110,0,25448,56,8,299147264,343932928,341442048,390070272,,,,,,,,,,
1791271855.6326792,418148,tracking_feedback_accumulate,2111,,25448,,,279259136,385875968,341442048,390070272,,,,,,,,2.961300080642104,,
1791271855.6377,418148,frontend_frame,2111,0,25448,56,8,281274880,385875968,341442048,390070272,,,,,,,,,,
1791271855.9877105,418148,tracking_feedback_accumulate,2112,,25448,,,285189632,385875968,341442048,390070272,,,,,,,,2.93960003182292,,
1791271855.992712,418148,frontend_frame,2112,0,25448,56,8,287205376,385875968,341442048,390070272,,,,,,,,,,
1791271856.369242,418148,tracking_feedback_accumulate,2113,,25448,,,291365888,385875968,341442048,390070272,,,,,,,,3.208799986168742,,
1791271856.3751192,418148,frontend_frame,2113,0,25448,56,8,281358848,385875968,341442048,390070272,,,,,,,,,,
1791271856.6145918,418148,tracking_feedback_accumulate,2114,,25448,,,285191680,385875968,341442048,390070272,,,,,,,,2.8984001837670803,,
1791271856.6193166,418148,frontend_frame,2114,0,25448,56,8,287207424,385875968,341442048,390070272,,,,,,,,,,
1791271856.9780183,418148,tracking_feedback_accumulate,2115,,25448,,,291367936,385875968,341442048,390070272,,,,,,,,3.1049998942762613,,
1791271856.983018,418148,frontend_frame,2115,0,25448,56,8,281360896,385875968,341442048,390070272,,,,,,,,,,
1791271857.3160193,418148,tracking_feedback_accumulate,2116,,25448,,,285193728,385875968,341442048,390070272,,,,,,,,2.9378999024629593,,
1791271857.3210187,418148,frontend_frame,2116,0,25448,56,8,287209472,385875968,341442048,390070272,,,,,,,,,,
1791271857.652603,418148,tracking_feedback_accumulate,2117,,25448,,,291288064,385875968,341442048,390070272,,,,,,,,2.955400152131915,,
1791271857.6582627,418148,frontend_frame,2117,0,25448,56,8,293303808,385875968,341442048,390070272,,,,,,,,,,
1791271858.0455086,418148,tracking_feedback_accumulate,2118,,25448,,,285195776,385875968,341442048,390070272,,,,,,,,2.904399996623397,,
1791271858.050514,418148,frontend_frame,2118,0,25448,56,8,287211520,385875968,341442048,390070272,,,,,,,,,,
1791271858.3465369,418148,tracking_feedback_accumulate,2119,,25448,,,291372032,385875968,341442048,390070272,,,,,,,,3.5300999879837036,,
1791271858.3981416,418148,frontend_frame,2119,0,25448,57,8,297383424,385875968,341442048,390070272,,,,,,,,,,
1791271869.5990155,418148,tracking_feedback_accumulate,2120,,25884,,,301248000,385875968,344378880,390070272,,,,,,,,2.8574999887496233,,
1791271869.6050286,418148,frontend_frame,2120,0,25884,57,8,291346432,358612992,344378880,390070272,,,,,,,,,,
1791271869.9858887,418148,tracking_feedback_accumulate,2121,,25884,,,295425024,381681664,344378880,390070272,,,,,,,,2.857699990272522,,
1791271869.9918895,418148,frontend_frame,2121,0,25884,57,8,297543168,381681664,344378880,390070272,,,,,,,,,,
1791271870.2974932,418148,tracking_feedback_accumulate,2122,,25884,,,301457920,385875968,344613888,390070272,,,,,,,,3.0388999730348587,,
1791271870.3024929,418148,frontend_frame,2122,0,25884,57,8,303576064,387973120,344613888,390070272,,,,,,,,,,
1791271870.6254454,418148,tracking_feedback_accumulate,2123,,25884,,,289313280,387973120,344613888,390070272,,,,,,,,2.9815000016242266,,
1791271870.6299527,418148,frontend_frame,2123,0,25884,57,8,291431424,387973120,344613888,390070272,,,,,,,,,,
1791271870.9725614,418148,tracking_feedback_accumulate,2124,,25884,,,295428096,387973120,344613888,390070272,,,,,,,,2.8908001258969307,,
1791271870.977574,418148,frontend_frame,2124,0,25884,57,8,297546752,387973120,344613888,390070272,,,,,,,,,,
1791271871.3933072,418148,tracking_feedback_accumulate,2125,,25884,,,289233920,387973120,344613888,390070272,,,,,,,,3.6103001330047846,,
1791271871.3983214,418148,frontend_frame,2125,0,25884,57,8,291352064,387973120,344613888,390070272,,,,,,,,,,
1791271871.699819,418148,tracking_feedback_accumulate,2126,,25884,,,295512576,387973120,344613888,390070272,,,,,,,,2.896699821576476,,
1791271871.7048943,418148,frontend_frame,2126,0,25884,57,8,297630720,387973120,344613888,390070272,,,,,,,,,,
1791271871.9512384,418148,tracking_feedback_accumulate,2127,,25884,,,301463552,387973120,344613888,390070272,,,,,,,,2.9426000546664,,
1791271871.9568136,418148,frontend_frame,2127,0,25884,57,8,291354112,387973120,344613888,390070272,,,,,,,,,,
1791271872.2450202,418148,tracking_feedback_accumulate,2128,,25884,,,295432704,387973120,344613888,390070272,,,,,,,,6.091200048103929,,
1791271872.24977,418148,frontend_frame,2128,0,25884,57,8,297550848,387973120,344613888,390070272,,,,,,,,,,
1791271872.6447284,418148,tracking_feedback_accumulate,2129,,25884,,,301465600,387973120,344613888,390070272,,,,,,,,3.7032999098300934,,
1791271872.6492348,418148,frontend_frame,2129,0,25884,57,8,303583744,387973120,344613888,390070272,,,,,,,,,,
1791271872.9582384,418148,tracking_feedback_accumulate,2130,,25884,,,289402880,387973120,344613888,390070272,,,,,,,,2.9100000392645597,,
1791271872.964788,418148,frontend_frame,2130,0,25884,57,8,291521024,356515840,344613888,390070272,,,,,,,,,,
1791271873.3185887,418148,tracking_feedback_accumulate,2131,,25884,,,295353856,381681664,344613888,390070272,,,,,,,,2.791200065985322,,
1791271873.3240943,418148,frontend_frame,2131,0,25884,57,8,297472000,383778816,344613888,390070272,,,,,,,,,,
1791271873.6289907,418148,tracking_feedback_accumulate,2132,,25884,,,301468672,385875968,344613888,390070272,,,,,,,,3.630999941378832,,
1791271873.6339898,418148,frontend_frame,2132,0,25884,57,8,291359232,385875968,344613888,390070272,,,,,,,,,,
1791271873.9988136,418148,tracking_feedback_accumulate,2133,,25884,,,295437824,385875968,344613888,390070272,,,,,,,,2.9951001051813364,,
1791271874.0038126,418148,frontend_frame,2133,0,25884,57,8,297555968,385875968,344613888,390070272,,,,,,,,,,
1791271874.3026195,418148,tracking_feedback_accumulate,2134,,25884,,,301470720,385875968,344613888,390070272,,,,,,,,2.8941999189555645,,
1791271874.3072639,418148,frontend_frame,2134,0,25884,57,8,303588864,387973120,344613888,390070272,,,,,,,,,,
1791271874.6683612,418148,tracking_feedback_accumulate,2135,,25884,,,289326080,387973120,344613888,390070272,,,,,,,,2.6968999300152063,,
1791271874.6738682,418148,frontend_frame,2135,0,25884,57,8,291444224,387973120,344613888,390070272,,,,,,,,,,
1791271875.0225976,418148,tracking_feedback_accumulate,2136,,25884,,,295358976,387973120,344613888,390070272,,,,,,,,2.97619984485209,,
1791271875.0737584,418148,frontend_frame,2136,0,25884,58,8,301472768,387973120,344613888,390070272,,,,,,,,,,
1791271886.2963135,418148,tracking_feedback_accumulate,2137,,26330,,,293355520,387973120,344613888,390070272,,,,,,,,2.927500056102872,,
1791271886.3013136,418148,frontend_frame,2137,0,26330,58,8,295583744,387973120,344613888,390070272,,,,,,,,,,
1791271886.63581,418148,tracking_feedback_accumulate,2138,,26330,,,299498496,408944640,344613888,408944640,,,,,,,,2.7148001827299595,,
1791271886.6408136,418148,frontend_frame,2138,0,26330,58,8,301723648,408944640,344613888,408944640,,,,,,,,,,
1791271887.012368,418148,tracking_feedback_accumulate,2139,,26330,,,305802240,408944640,349171712,408944640,,,,,,,,2.948499983176589,,
1791271887.019567,418148,frontend_frame,2139,0,26330,58,8,289574400,408944640,349171712,408944640,,,,,,,,,,
1791271887.3225574,418148,tracking_feedback_accumulate,2140,,26330,,,293489152,408944640,349171712,408944640,,,,,,,,3.068300196900964,,
1791271887.3290837,418148,frontend_frame,2140,0,26330,58,8,295714304,354418688,349171712,408944640,,,,,,,,,,
1791271887.7224884,418148,tracking_feedback_accumulate,2141,,26330,,,299710976,381681664,349171712,408944640,,,,,,,,2.919000107795,,
1791271887.7280178,418148,frontend_frame,2141,0,26330,58,8,301936640,383778816,349171712,408944640,,,,,,,,,,
1791271888.0541728,418148,tracking_feedback_accumulate,2142,,26330,,,287352832,383778816,349171712,408944640,,,,,,,,3.031799802556634,,
1791271888.0591815,418148,frontend_frame,2142,0,26330,58,8,289577984,383778816,349171712,408944640,,,,,,,,,,
1791271888.3904169,418148,tracking_feedback_accumulate,2143,,26330,,,293492736,404750336,349171712,408944640,,,,,,,,2.980499994009733,,
1791271888.3962586,418148,frontend_frame,2143,0,26330,58,8,295717888,404750336,349171712,408944640,,,,,,,,,,
1791271888.7509193,418148,tracking_feedback_accumulate,2144,,26330,,,299796480,404750336,349171712,408944640,,,,,,,,2.8601998928934336,,
1791271888.7557898,418148,frontend_frame,2144,0,26330,58,8,289580032,404750336,349171712,408944640,,,,,,,,,,
1791271889.1315775,418148,tracking_feedback_accumulate,2145,,26330,,,293494784,404750336,349171712,408944640,,,,,,,,2.733799861744046,,
1791271889.1373975,418148,frontend_frame,2145,0,26330,58,8,295719936,404750336,349171712,408944640,,,,,,,,,,
1791271889.5341742,418148,tracking_feedback_accumulate,2146,,26330,,,299880448,404750336,349171712,408944640,,,,,,,,2.966000000014901,,
1791271889.5386791,418148,frontend_frame,2146,0,26330,58,8,302105600,404750336,349171712,408944640,,,,,,,,,,
1791271889.857761,418148,tracking_feedback_accumulate,2147,,26330,,,287276032,404750336,349171712,408944640,,,,,,,,2.8116998728364706,,
1791271889.8637881,418148,frontend_frame,2147,0,26330,58,8,289501184,404750336,349171712,408944640,,,,,,,,,,
1791271890.2315247,418148,tracking_feedback_accumulate,2148,,26330,,,293579776,404750336,349171712,408944640,,,,,,,,3.4457999281585217,,
1791271890.2367265,418148,frontend_frame,2148,0,26330,58,8,295804928,404750336,349171712,408944640,,,,,,,,,,
1791271890.5547004,418148,tracking_feedback_accumulate,2149,,26330,,,299719680,404750336,349171712,408944640,,,,,,,,2.8063999488949776,,
1791271890.559424,418148,frontend_frame,2149,0,26330,58,8,289503232,404750336,349171712,408944640,,,,,,,,,,
1791271890.8147252,418148,tracking_feedback_accumulate,2150,,26330,,,293499904,404750336,349171712,408944640,,,,,,,,3.778300015255809,,
1791271890.8205743,418148,frontend_frame,2150,0,26330,58,8,295725056,354418688,349171712,408944640,,,,,,,,,,
1791271891.1938066,418148,tracking_feedback_accumulate,2151,,26330,,,299803648,381681664,349171712,408944640,,,,,,,,2.9953999910503626,,
1791271891.199504,418148,frontend_frame,2151,0,26330,58,8,289587200,381681664,349171712,408944640,,,,,,,,,,
1791271891.6153007,418148,tracking_feedback_accumulate,2152,,26330,,,293501952,402653184,349171712,408944640,,,,,,,,3.370300168171525,,
1791271891.620814,418148,frontend_frame,2152,0,26330,58,8,295727104,402653184,349171712,408944640,,,,,,,,,,
1791271891.9148104,418148,tracking_feedback_accumulate,2153,,26330,,,299805696,402653184,349171712,408944640,,,,,,,,3.379399888217449,,
1791271891.9203217,418148,frontend_frame,2153,0,26330,58,8,302030848,404750336,349171712,408944640,,,,,,,,,,
1791271892.2797928,418148,tracking_feedback_accumulate,2154,,26330,,,293585920,404750336,349171712,408944640,,,,,,,,2.9100999236106873,,
1791271892.284845,418148,frontend_frame,2154,0,26330,58,8,295811072,404750336,349171712,408944640,,,,,,,,,,
1791271892.722044,418148,tracking_feedback_accumulate,2155,,26330,,,299807744,404750336,349171712,408944640,,,,,,,,2.977300202473998,,
1791271892.7265563,418148,frontend_frame,2155,0,26330,58,8,302032896,404750336,349171712,408944640,,,,,,,,,,
1791271893.0888577,418148,tracking_feedback_accumulate,2156,,26330,,,305947648,408944640,349355520,408944640,,,,,,,,2.9363997746258974,,
1791271893.0938702,418148,frontend_frame,2156,0,26330,58,8,295731200,408944640,349355520,408944640,,,,,,,,,,
1791271893.36194,418148,tracking_feedback_accumulate,2157,,26330,,,299891712,408944640,349355520,408944640,,,,,,,,3.0339001677930355,,
1791271893.3680863,418148,frontend_frame,2157,0,26330,58,8,302116864,408944640,349355520,408944640,,,,,,,,,,
1791271893.7219553,418148,tracking_feedback_accumulate,2158,,26330,,,305949696,408944640,349368832,408944640,,,,,,,,3.0219999607652426,,
1791271893.7269118,418148,frontend_frame,2158,0,26330,58,8,308174848,411041792,349368832,411041792,,,,,,,,,,
1791271893.9780676,418148,tracking_feedback_accumulate,2159,,26330,,,293509120,411041792,349368832,411041792,,,,,,,,3.032499924302101,,
1791271893.9830682,418148,frontend_frame,2159,0,26330,58,8,295734272,411041792,349368832,411041792,,,,,,,,,,
1791271894.3140905,418148,tracking_feedback_accumulate,2160,,26330,,,299812864,411041792,349368832,411041792,,,,,,,,2.7892999351024628,,
1791271894.3191042,418148,frontend_frame,2160,0,26330,58,8,302038016,360710144,349368832,411041792,,,,,,,,,,
1791271894.713077,418148,tracking_feedback_accumulate,2161,,26330,,,305952768,408944640,349407744,411041792,,,,,,,,2.9700000304728746,,
1791271894.7185829,418148,frontend_frame,2161,0,26330,58,8,295736320,408944640,349407744,411041792,,,,,,,,,,
1791271895.0566864,418148,tracking_feedback_accumulate,2162,,26330,,,299814912,408944640,349407744,411041792,,,,,,,,3.0938000418245792,,
1791271895.062192,418148,frontend_frame,2162,0,26330,58,8,302040064,408944640,349407744,411041792,,,,,,,,,,
1791271895.4093285,418148,tracking_feedback_accumulate,2163,,26330,,,305954816,408944640,349412352,411041792,,,,,,,,2.94290017336607,,
1791271895.413835,418148,frontend_frame,2163,0,26330,58,8,308179968,411041792,349412352,411041792,,,,,,,,,,
1791271895.7873302,418148,tracking_feedback_accumulate,2164,,26330,,,293596160,411041792,349412352,411041792,,,,,,,,2.9054998885840178,,
1791271895.7923307,418148,frontend_frame,2164,0,26330,58,8,295821312,411041792,349412352,411041792,,,,,,,,,,
1791271896.166548,418148,tracking_feedback_accumulate,2165,,26330,,,299817984,411041792,349412352,411041792,,,,,,,,3.1465000938624144,,
1791271896.1720824,418148,frontend_frame,2165,0,26330,58,8,302043136,411041792,349412352,411041792,,,,,,,,,,
1791271896.4571252,418148,tracking_feedback_accumulate,2166,,26330,,,306039808,411041792,349415936,411041792,,,,,,,,2.90239998139441,,
1791271896.4626336,418148,frontend_frame,2166,0,26330,58,8,295823360,411041792,349415936,411041792,,,,,,,,,,
1791271896.8328302,418148,tracking_feedback_accumulate,2167,,26330,,,299820032,411041792,349415936,411041792,,,,,,,,2.718399977311492,,
1791271896.8373356,418148,frontend_frame,2167,0,26330,58,8,302045184,411041792,349415936,411041792,,,,,,,,,,
1791271897.2186658,418148,tracking_feedback_accumulate,2168,,26330,,,305959936,411041792,349424128,411041792,,,,,,,,2.977399853989482,,
1791271897.2226655,418148,frontend_frame,2168,0,26330,58,8,308185088,411041792,349424128,411041792,,,,,,,,,,
1791271897.6093628,418148,tracking_feedback_accumulate,2169,,26330,,,287298560,411041792,349424128,411041792,,,,,,,,2.9869000427424908,,
1791271897.6148727,418148,frontend_frame,2169,0,26330,58,8,289523712,411041792,349424128,411041792,,,,,,,,,,
1791271897.9960418,418148,tracking_feedback_accumulate,2170,,26330,,,293602304,411041792,349424128,411041792,,,,,,,,2.642200095579028,,
1791271898.0014215,418148,frontend_frame,2170,0,26330,58,8,295827456,354418688,349424128,411041792,,,,,,,,,,
1791271898.3703682,418148,tracking_feedback_accumulate,2171,,26330,,,287382528,377487360,349424128,411041792,,,,,,,,5.904000019654632,,
1791271898.3759837,418148,frontend_frame,2171,0,26330,58,8,289607680,377487360,349424128,411041792,,,,,,,,,,
1791271898.7214336,418148,tracking_feedback_accumulate,2172,,26330,,,293522432,398458880,349424128,411041792,,,,,,,,3.4725998993963003,,
1791271898.7269545,418148,frontend_frame,2172,0,26330,58,8,295747584,398458880,349424128,411041792,,,,,,,,,,
1791271899.0769205,418148,tracking_feedback_accumulate,2173,,26330,,,299744256,402653184,349424128,411041792,,,,,,,,2.8820999432355165,,
1791271899.082974,418148,frontend_frame,2173,0,26330,58,8,289527808,402653184,349424128,411041792,,,,,,,,,,
1791271899.4826553,418148,tracking_feedback_accumulate,2174,,26330,,,293606400,402653184,349424128,411041792,,,,,,,,2.6740001048892736,,
1791271899.4873245,418148,frontend_frame,2174,0,26330,58,8,295831552,402653184,349424128,411041792,,,,,,,,,,
1791271899.817608,418148,tracking_feedback_accumulate,2175,,26330,,,299828224,402653184,349424128,411041792,,,,,,,,2.9194001108407974,,
1791271899.8676896,418148,frontend_frame,2175,0,26330,59,8,306049024,404750336,349424128,411041792,,,,,,,,,,
1791271911.2788968,418148,tracking_feedback_accumulate,2176,,26847,,,291419136,404750336,349424128,411041792,,,,,,,,3.0288000125437975,,
1791271911.2839046,418148,frontend_frame,2176,0,26847,59,8,293768704,404750336,349424128,411041792,,,,,,,,,,
1791271911.6737359,418148,tracking_feedback_accumulate,2177,,26847,,,297765376,404750336,349424128,411041792,,,,,,,,2.978599863126874,,
1791271911.6798368,418148,frontend_frame,2177,0,26847,59,8,300111360,404750336,349424128,411041792,,,,,,,,,,
1791271912.004939,418148,tracking_feedback_accumulate,2178,,26847,,,304108032,404750336,349424128,411041792,,,,,,,,3.3410999458283186,,
1791271912.0096226,418148,frontend_frame,2178,0,26847,59,8,293770752,404750336,349424128,411041792,,,,,,,,,,
1791271912.4391086,418148,tracking_feedback_accumulate,2179,,26847,,,297767424,404750336,349424128,411041792,,,,,,,,2.93629989027977,,
1791271912.4453213,418148,frontend_frame,2179,0,26847,59,8,300113408,404750336,349424128,411041792,,,,,,,,,,
1791271912.7302446,418148,tracking_feedback_accumulate,2180,,26847,,,304110080,404750336,349424128,411041792,,,,,,,,2.894399920478463,,
1791271912.7372599,418148,frontend_frame,2180,0,26847,59,8,293773312,356515840,349424128,411041792,,,,,,,,,,
1791271912.937914,418148,tracking_feedback_accumulate,2181,,26847,,,297769984,398458880,349424128,411041792,,,,,,,,3.419100074097514,,
1791271912.942415,418148,frontend_frame,2181,0,26847,59,8,300115968,398458880,349424128,411041792,,,,,,,,,,
1791271913.3425097,418148,tracking_feedback_accumulate,2182,,26847,,,304030720,402653184,349424128,411041792,,,,,,,,3.2223998568952084,,
1791271913.34877,418148,frontend_frame,2182,0,26847,59,8,306376704,404750336,349424128,411041792,,,,,,,,,,
1791271913.722208,418148,tracking_feedback_accumulate,2183,,26847,,,297690112,404750336,349424128,411041792,,,,,,,,3.614900168031454,,
1791271913.726297,418148,frontend_frame,2183,0,26847,59,8,300036096,404750336,349424128,411041792,,,,,,,,,,
1791271914.0981202,418148,tracking_feedback_accumulate,2184,,26847,,,304114688,404750336,349424128,411041792,,,,,,,,2.928100060671568,,
1791271914.1046698,418148,frontend_frame,2184,0,26847,59,8,306460672,404750336,349424128,411041792,,,,,,,,,,
1791271914.4500685,418148,tracking_feedback_accumulate,2185,,26847,,,310457344,408944640,354010112,411041792,,,,,,,,2.9657999984920025,,
1791271914.4567924,418148,frontend_frame,2185,0,26847,59,8,300120064,408944640,354010112,411041792,,,,,,,,,,
1791271914.8476312,418148,tracking_feedback_accumulate,2186,,26847,,,304116736,408944640,354010112,411041792,,,,,,,,2.8856999706476927,,
1791271914.8516276,418148,frontend_frame,2186,0,26847,59,8,306462720,408944640,354010112,411041792,,,,,,,,,,
1791271915.2289498,418148,tracking_feedback_accumulate,2187,,26847,,,310377472,408944640,354010112,411041792,,,,,,,,3.2144999131560326,,
1791271915.2344525,418148,frontend_frame,2187,0,26847,59,8,312723456,411041792,354010112,411041792,,,,,,,,,,
1791271915.5248585,418148,tracking_feedback_accumulate,2188,,26847,,,297859072,411041792,354010112,411041792,,,,,,,,3.2043999526649714,,
1791271915.5293736,418148,frontend_frame,2188,0,26847,59,8,300205056,411041792,354010112,411041792,,,,,,,,,,
1791271915.9037452,418148,tracking_feedback_accumulate,2189,,26847,,,304037888,411041792,354010112,411041792,,,,,,,,2.8486999217420816,,
1791271915.908011,418148,frontend_frame,2189,0,26847,59,8,306383872,411041792,354010112,411041792,,,,,,,,,,
1791271916.2446566,418148,tracking_feedback_accumulate,2190,,26847,,,310462464,411041792,354010112,411041792,,,,,,,,2.9574998188763857,,
1791271916.2502956,418148,frontend_frame,2190,0,26847,59,8,300125184,354418688,354010112,411041792,,,,,,,,,,
1791271916.648501,418148,tracking_feedback_accumulate,2191,,26847,,,304039936,402653184,354010112,411041792,,,,,,,,2.9007000848650932,,
1791271916.6545107,418148,frontend_frame,2191,0,26847,59,8,306385920,404750336,354010112,411041792,,,,,,,,,,
1791271917.0212975,418148,tracking_feedback_accumulate,2192,,26847,,,310464512,408944640,354010112,411041792,,,,,,,,2.9095998033881187,,
1791271917.0259905,418148,frontend_frame,2192,0,26847,59,8,312810496,411041792,354010112,411041792,,,,,,,,,,
1791271917.3955374,418148,tracking_feedback_accumulate,2193,,26847,,,297782272,411041792,354010112,411041792,,,,,,,,3.1960001215338707,,
1791271917.40064,418148,frontend_frame,2193,0,26847,59,8,300128256,411041792,354010112,411041792,,,,,,,,,,
1791271917.8157463,418148,tracking_feedback_accumulate,2194,,26847,,,304043008,411041792,354010112,411041792,,,,,,,,2.8916001319885254,,
1791271917.8212514,418148,frontend_frame,2194,0,26847,59,8,306388992,411041792,354010112,411041792,,,,,,,,,,
1791271918.2056832,418148,tracking_feedback_accumulate,2195,,26847,,,310385664,411041792,354010112,411041792,,,,,,,,2.796399872750044,,
1791271918.2111998,418148,frontend_frame,2195,0,26847,59,8,300048384,411041792,354010112,411041792,,,,,,,,,,
1791271918.5996733,418148,tracking_feedback_accumulate,2196,,26847,,,304126976,411041792,354010112,411041792,,,,,,,,2.8662001714110374,,
1791271918.6508627,418148,frontend_frame,2196,0,26847,60,8,310468608,411041792,354010112,411041792,,,,,,,,,,
1791271930.066062,418148,tracking_feedback_accumulate,2197,,27307,,,295474176,411041792,354010112,411041792,,,,,,,,2.949399873614311,,
1791271930.072567,418148,frontend_frame,2197,0,27307,60,8,297935872,411041792,354010112,411041792,,,,,,,,,,
1791271930.3333905,418148,tracking_feedback_accumulate,2198,,27307,,,301932544,411041792,354010112,411041792,,,,,,,,2.689199987798929,,
1791271930.3379257,418148,frontend_frame,2198,0,27307,60,8,304391168,411041792,354010112,411041792,,,,,,,,,,
1791271930.6570373,418148,tracking_feedback_accumulate,2199,,27307,,,308305920,411041792,354010112,411041792,,,,,,,,2.9636998660862446,,
1791271930.662041,418148,frontend_frame,2199,0,27307,60,8,297856000,411041792,354010112,411041792,,,,,,,,,,
1791271930.9562829,418148,tracking_feedback_accumulate,2200,,27307,,,301852672,411041792,354010112,411041792,,,,,,,,3.7665998097509146,,
1791271930.9617848,418148,frontend_frame,2200,0,27307,60,8,304311296,356515840,354010112,411041792,,,,,,,,,,
1791271931.4046264,418148,tracking_feedback_accumulate,2201,,27307,,,308389888,402653184,354010112,411041792,,,,,,,,3.1537001486867666,,
1791271931.4106407,418148,frontend_frame,2201,0,27307,60,8,310849024,404750336,354010112,411041792,,,,,,,,,,
1791271931.7919896,418148,tracking_feedback_accumulate,2202,,27307,,,295482880,404750336,354010112,411041792,,,,,,,,3.017899813130498,,
1791271931.7965078,418148,frontend_frame,2202,0,27307,60,8,297941504,404750336,354010112,411041792,,,,,,,,,,
1791271932.183589,418148,tracking_feedback_accumulate,2203,,27307,,,301856256,404750336,354010112,411041792,,,,,,,,2.880499931052327,,
1791271932.1891077,418148,frontend_frame,2203,0,27307,60,8,304314880,404750336,354010112,411041792,,,,,,,,,,
1791271932.5113654,418148,tracking_feedback_accumulate,2204,,27307,,,308311552,404750336,354010112,411041792,,,,,,,,2.83590005710721,,
1791271932.5177526,418148,frontend_frame,2204,0,27307,60,8,297861632,404750336,354010112,411041792,,,,,,,,,,
1791271932.8725874,418148,tracking_feedback_accumulate,2205,,27307,,,301940224,404750336,354010112,411041792,,,,,,,,3.4815999679267406,,
1791271932.877601,418148,frontend_frame,2205,0,27307,60,8,304398848,404750336,354010112,411041792,,,,,,,,,,
1791271933.2577844,418148,tracking_feedback_accumulate,2206,,27307,,,308313600,404750336,354010112,411041792,,,,,,,,3.4807000774890184,,
1791271933.263287,418148,frontend_frame,2206,0,27307,60,8,297863680,404750336,354010112,411041792,,,,,,,,,,
1791271933.6518338,418148,tracking_feedback_accumulate,2207,,27307,,,302024192,404750336,354010112,411041792,,,,,,,,2.9094999190419912,,
1791271933.65687,418148,frontend_frame,2207,0,27307,60,8,304482816,404750336,354010112,411041792,,,,,,,,,,
1791271934.0496726,418148,tracking_feedback_accumulate,2208,,27307,,,308315648,404750336,354010112,411041792,,,,,,,,2.9269999358803034,,
1791271934.054684,418148,frontend_frame,2208,0,27307,60,8,310774272,404750336,354010112,411041792,,,,,,,,,,
1791271934.4558315,418148,tracking_feedback_accumulate,2209,,27307,,,302026240,404750336,354010112,411041792,,,,,,,,2.825999865308404,,
1791271934.4613411,418148,frontend_frame,2209,0,27307,60,8,304484864,404750336,354010112,411041792,,,,,,,,,,
1791271934.8221765,418148,tracking_feedback_accumulate,2210,,27307,,,308317696,404750336,354010112,411041792,,,,,,,,2.983400132507086,,
1791271934.8276818,418148,frontend_frame,2210,0,27307,60,8,310776320,362807296,354010112,411041792,,,,,,,,,,
1791271935.1968489,418148,tracking_feedback_accumulate,2211,,27307,,,314854912,408944640,358526464,411041792,,,,,,,,3.162400098517537,,
1791271935.2024217,418148,frontend_frame,2211,0,27307,60,8,304404992,408944640,358526464,411041792,,,,,,,,,,
1791271935.509957,418148,tracking_feedback_accumulate,2212,,27307,,,308319744,408944640,358526464,411041792,,,,,,,,3.2095001079142094,,
1791271935.5149872,418148,frontend_frame,2212,0,27307,60,8,310778368,408944640,358526464,411041792,,,,,,,,,,
1791271935.8767884,418148,tracking_feedback_accumulate,2213,,27307,,,314856960,408944640,358526464,411041792,,,,,,,,3.189499955624342,,
1791271935.881788,418148,frontend_frame,2213,0,27307,60,8,317315584,411041792,358526464,411041792,,,,,,,,,,
1791271936.2723012,418148,tracking_feedback_accumulate,2214,,27307,,,301949440,411041792,358526464,411041792,,,,,,,,3.0803000554442406,,
1791271936.2783136,418148,frontend_frame,2214,0,27307,60,8,304408064,411041792,358526464,411041792,,,,,,,,,,
1791271936.5848725,418148,tracking_feedback_accumulate,2215,,27307,,,308404736,411041792,358526464,411041792,,,,,,,,2.86250002682209,,
1791271936.5894387,418148,frontend_frame,2215,0,27307,60,8,310863360,411041792,358526464,411041792,,,,,,,,,,
1791271937.002098,418148,tracking_feedback_accumulate,2216,,27307,,,314778112,411041792,358526464,411041792,,,,,,,,3.355399938300252,,
1791271937.007136,418148,frontend_frame,2216,0,27307,60,8,304328192,411041792,358526464,411041792,,,,,,,,,,
1791271937.3960586,418148,tracking_feedback_accumulate,2217,,27307,,,308324864,411041792,358526464,411041792,,,,,,,,3.0269999988377094,,
1791271937.4010618,418148,frontend_frame,2217,0,27307,60,8,310783488,411041792,358526464,411041792,,,,,,,,,,
1791271937.759493,418148,tracking_feedback_accumulate,2218,,27307,,,314862080,411041792,358526464,411041792,,,,,,,,2.9136999510228634,,
1791271937.8077214,418148,frontend_frame,2218,0,27307,61,8,321316352,411041792,358526464,411041792,,,,,,,,,,
1791271948.9540653,418148,tracking_feedback_accumulate,2219,,26684,,,305829376,411041792,358526464,411041792,,,,,,,,2.835099818184972,,
1791271948.9587257,418148,frontend_frame,2219,0,26684,61,8,308131328,411041792,358526464,411041792,,,,,,,,,,
1791271949.2741852,418148,tracking_feedback_accumulate,2220,,26684,,,312209920,411041792,358526464,411041792,,,,,,,,3.183000022545457,,
1791271949.281482,418148,frontend_frame,2220,0,26684,61,8,314517504,383778816,358526464,411041792,,,,,,,,,,
1791271949.5998964,418148,tracking_feedback_accumulate,2221,,26684,,,305825792,404750336,358526464,411041792,,,,,,,,2.9758999589830637,,
1791271949.6054144,418148,frontend_frame,2221,0,26684,61,8,308133376,404750336,358526464,411041792,,,,,,,,,,
1791271949.94468,418148,tracking_feedback_accumulate,2222,,26684,,,312211968,404750336,358526464,411041792,,,,,,,,2.9597000684589148,,
1791271949.9498205,418148,frontend_frame,2222,0,26684,61,8,314519552,404750336,358526464,411041792,,,,,,,,,,
1791271950.3086948,418148,tracking_feedback_accumulate,2223,,26684,,,318516224,408944640,361911808,411041792,,,,,,,,2.8926001396030188,,
1791271950.3142004,418148,frontend_frame,2223,0,26684,61,8,308217856,408944640,361911808,411041792,,,,,,,,,,
1791271950.660679,418148,tracking_feedback_accumulate,2224,,26684,,,312132608,408944640,361911808,411041792,,,,,,,,2.822499955072999,,
1791271950.66536,418148,frontend_frame,2224,0,26684,61,8,314440192,408944640,361911808,411041792,,,,,,,,,,
1791271950.974063,418148,tracking_feedback_accumulate,2225,,26684,,,318436864,408944640,361911808,411041792,,,,,,,,3.6180000752210617,,
1791271950.9792953,418148,frontend_frame,2225,0,26684,61,8,320744448,413138944,361911808,413138944,,,,,,,,,,
1791271951.3029299,418148,tracking_feedback_accumulate,2226,,26684,,,299459072,413138944,361911808,413138944,,,,,,,,2.643799874931574,,
1791271951.3086147,418148,frontend_frame,2226,0,26684,61,8,301766656,413138944,361911808,413138944,,,,,,,,,,
1791271951.6138077,418148,tracking_feedback_accumulate,2227,,26684,,,305763328,413138944,361911808,413138944,,,,,,,,2.9575000517070293,,
1791271951.6185257,418148,frontend_frame,2227,0,26684,61,8,308070912,413138944,361911808,413138944,,,,,,,,,,
1791271951.9462395,418148,tracking_feedback_accumulate,2228,,26684,,,311985664,413138944,361911808,413138944,,,,,,,,2.837599953636527,,
1791271951.9517467,418148,frontend_frame,2228,0,26684,61,8,301686784,413138944,361911808,413138944,,,,,,,,,,
1791271952.2669778,418148,tracking_feedback_accumulate,2229,,26684,,,305847296,413138944,361911808,413138944,,,,,,,,2.886500209569931,,
1791271952.2709882,418148,frontend_frame,2229,0,26684,61,8,308154880,413138944,361911808,413138944,,,,,,,,,,
1791271952.6566577,418148,tracking_feedback_accumulate,2230,,26684,,,311987712,413138944,361911808,413138944,,,,,,,,2.840599976480007,,
1791271952.663055,418148,frontend_frame,2230,0,26684,61,8,314295296,362807296,361911808,413138944,,,,,,,,,,
1791271953.012177,418148,tracking_feedback_accumulate,2231,,26684,,,299464192,404750336,361911808,413138944,,,,,,,,2.9100999236106873,,
1791271953.0163376,418148,frontend_frame,2231,0,26684,61,8,301771776,404750336,361911808,413138944,,,,,,,,,,
1791271953.2341578,418148,tracking_feedback_accumulate,2232,,26684,,,305686528,404750336,361911808,413138944,,,,,,,,2.8626001439988613,,
1791271953.239303,418148,frontend_frame,2232,0,26684,61,8,307994112,404750336,361911808,413138944,,,,,,,,,,
1791271953.577985,418148,tracking_feedback_accumulate,2233,,26684,,,312072704,404750336,361911808,413138944,,,,,,,,3.1881998293101788,,
1791271953.582489,418148,frontend_frame,2233,0,26684,61,8,301773824,404750336,361911808,413138944,,,,,,,,,,
1791271953.8991003,418148,tracking_feedback_accumulate,2234,,26684,,,305770496,404750336,361911808,413138944,,,,,,,,2.8963000513613224,,
1791271953.9041088,418148,frontend_frame,2234,0,26684,61,8,308078080,404750336,361911808,413138944,,,,,,,,,,
1791271954.2948983,418148,tracking_feedback_accumulate,2235,,26684,,,311992832,404750336,361911808,413138944,,,,,,,,3.16469999961555,,
1791271954.2995307,418148,frontend_frame,2235,0,26684,61,8,301693952,404750336,361911808,413138944,,,,,,,,,,
1791271954.700022,418148,tracking_feedback_accumulate,2236,,26684,,,305690624,404750336,361911808,413138944,,,,,,,,2.7477999683469534,,
1791271954.705036,418148,frontend_frame,2236,0,26684,61,8,307998208,404750336,361911808,413138944,,,,,,,,,,
1791271954.9940608,418148,tracking_feedback_accumulate,2237,,26684,,,312076800,404750336,361911808,413138944,,,,,,,,3.0006999149918556,,
1791271955.0003674,418148,frontend_frame,2237,0,26684,61,8,314384384,406847488,361911808,413138944,,,,,,,,,,
1791271955.4176707,418148,tracking_feedback_accumulate,2238,,26684,,,305774592,406847488,361911808,413138944,,,,,,,,2.855299971997738,,
1791271955.467634,418148,frontend_frame,2238,0,26684,62,8,312077824,406847488,361911808,413138944,,,,,,,,,,
1791271966.5743325,418148,tracking_feedback_accumulate,2239,,26005,,,316033024,406847488,361911808,413138944,,,,,,,,3.098699962720275,,
1791271966.579928,418148,frontend_frame,2239,0,26005,62,8,318175744,406847488,361911808,413138944,,,,,,,,,,
1791271966.8615074,418148,tracking_feedback_accumulate,2240,,26005,,,322090496,408944640,365446144,413138944,,,,,,,,2.928899833932519,,
1791271966.8677197,418148,frontend_frame,2240,0,26005,62,8,311791616,379584512,365446144,413138944,,,,,,,,,,
1791271967.2573233,418148,tracking_feedback_accumulate,2241,,26005,,,315788288,404750336,365446144,413138944,,,,,,,,2.921799896284938,,
1791271967.2628238,418148,frontend_frame,2241,0,26005,62,8,317936640,404750336,365446144,413138944,,,,,,,,,,
1791271967.5356178,418148,tracking_feedback_accumulate,2242,,26005,,,322015232,408944640,365446144,413138944,,,,,,,,2.9192999936640263,,
1791271967.5406182,418148,frontend_frame,2242,0,26005,62,8,324163584,411041792,365446144,413138944,,,,,,,,,,
1791271967.9186409,418148,tracking_feedback_accumulate,2243,,26005,,,309646336,411041792,365446144,413138944,,,,,,,,2.7866000309586525,,
1791271967.9237728,418148,frontend_frame,2243,0,26005,62,8,311795200,411041792,365446144,413138944,,,,,,,,,,
1791271968.2844992,418148,tracking_feedback_accumulate,2244,,26005,,,315873792,411041792,365446144,413138944,,,,,,,,2.565900096669793,,
1791271968.2885056,418148,frontend_frame,2244,0,26005,62,8,318022144,411041792,365446144,413138944,,,,,,,,,,
1791271968.5445185,418148,tracking_feedback_accumulate,2245,,26005,,,309648896,411041792,365446144,413138944,,,,,,,,4.210000159218907,,
1791271968.5495934,418148,frontend_frame,2245,0,26005,62,8,311797248,411041792,365446144,413138944,,,,,,,,,,
1791271968.9616013,418148,tracking_feedback_accumulate,2246,,26005,,,315957760,411041792,365446144,413138944,,,,,,,,3.805199870839715,,
1791271968.9657815,418148,frontend_frame,2246,0,26005,62,8,318106112,411041792,365446144,413138944,,,,,,,,,,
1791271969.362051,418148,tracking_feedback_accumulate,2247,,26005,,,321938944,411041792,365446144,413138944,,,,,,,,3.9476000238209963,,
1791271969.3680549,418148,frontend_frame,2247,0,26005,62,8,311799296,411041792,365446144,413138944,,,,,,,,,,
1791271969.7399757,418148,tracking_feedback_accumulate,2248,,26005,,,315959808,411041792,365446144,413138944,,,,,,,,2.962500089779496,,
1791271969.7446685,418148,frontend_frame,2248,0,26005,62,8,318108160,411041792,365446144,413138944,,,,,,,,,,
1791271970.136433,418148,tracking_feedback_accumulate,2249,,26005,,,321940992,411041792,365446144,413138944,,,,,,,,2.8661000542342663,,
1791271970.1414332,418148,frontend_frame,2249,0,26005,62,8,324089344,411041792,365446144,413138944,,,,,,,,,,
1791271970.4598098,418148,tracking_feedback_accumulate,2250,,26005,,,309654016,411041792,365446144,413138944,,,,,,,,3.5506999120116234,,
1791271970.465514,418148,frontend_frame,2250,0,26005,62,8,311802368,379584512,365446144,413138944,,,,,,,,,,
1791271970.9041965,418148,tracking_feedback_accumulate,2251,,26005,,,315880960,402653184,365446144,413138944,,,,,,,,2.962100086733699,,
1791271970.909322,418148,frontend_frame,2251,0,26005,62,8,318029312,404750336,365446144,413138944,,,,,,,,,,
1791271971.2335925,418148,tracking_feedback_accumulate,2252,,26005,,,322025984,408944640,365446144,413138944,,,,,,,,2.8750000055879354,,
1791271971.2390997,418148,frontend_frame,2252,0,26005,62,8,311886336,408944640,365446144,413138944,,,,,,,,,,
1791271971.5692172,418148,tracking_feedback_accumulate,2253,,26005,,,315883008,408944640,365446144,413138944,,,,,,,,3.006800077855587,,
1791271971.5746653,418148,frontend_frame,2253,0,26005,62,8,318031360,408944640,365446144,413138944,,,,,,,,,,
1791271971.9364784,418148,tracking_feedback_accumulate,2254,,26005,,,321946112,411041792,365446144,413138944,,,,,,,,2.9818001203238964,,
1791271971.9414847,418148,frontend_frame,2254,0,26005,62,8,324094464,411041792,365446144,413138944,,,,,,,,,,
1791271972.34902,418148,tracking_feedback_accumulate,2255,,26005,,,303519744,411041792,365446144,413138944,,,,,,,,3.191899973899126,,
1791271972.3540406,418148,frontend_frame,2255,0,26005,62,8,305668096,411041792,365446144,413138944,,,,,,,,,,
1791271972.7586915,418148,tracking_feedback_accumulate,2256,,26005,,,309500928,411041792,365446144,413138944,,,,,,,,2.8805998153984547,,
1791271972.7639172,418148,frontend_frame,2256,0,26005,62,8,311649280,411041792,365446144,413138944,,,,,,,,,,
1791271973.0734828,418148,tracking_feedback_accumulate,2257,,26005,,,315727872,411041792,365446144,413138944,,,,,,,,2.9351001139730215,,
1791271973.0794816,418148,frontend_frame,2257,0,26005,62,8,305588224,411041792,365446144,413138944,,,,,,,,,,
1791271973.518038,418148,tracking_feedback_accumulate,2258,,26005,,,309584896,411041792,365446144,413138944,,,,,,,,2.9047001153230667,,
1791271973.523825,418148,frontend_frame,2258,0,26005,62,8,311733248,411041792,365446144,413138944,,,,,,,,,,
1791271973.8234813,418148,tracking_feedback_accumulate,2259,,26005,,,315729920,411041792,365446144,413138944,,,,,,,,2.855400089174509,,
1791271973.873167,418148,frontend_frame,2259,0,26005,63,8,321873920,411041792,365446144,413138944,,,,,,,,,,
1791271985.2693467,418148,tracking_feedback_accumulate,2260,,25943,,,307437056,411041792,365446144,413138944,,,,,,,,2.9659001156687737,,
1791271985.2760828,418148,frontend_frame,2260,0,25943,63,8,309570560,375390208,365446144,413138944,,,,,,,,,,
1791271985.5963547,418148,tracking_feedback_accumulate,2261,,25943,,,313567232,398458880,365446144,413138944,,,,,,,,3.4032000694423914,,
1791271985.602873,418148,frontend_frame,2261,0,25943,63,8,315701760,398458880,365446144,413138944,,,,,,,,,,
1791271985.929609,418148,tracking_feedback_accumulate,2262,,25943,,,307356160,419430400,365446144,419430400,,,,,,,,3.2774999272078276,,
1791271985.9348245,418148,frontend_frame,2262,0,25943,63,8,309490688,419430400,365446144,419430400,,,,,,,,,,
1791271986.238143,418148,tracking_feedback_accumulate,2263,,25943,,,313487360,419430400,365446144,419430400,,,,,,,,2.9643999878317118,,
1791271986.2464159,418148,frontend_frame,2263,0,25943,63,8,315621888,419430400,365446144,419430400,,,,,,,,,,
1791271986.6701877,418148,tracking_feedback_accumulate,2264,,25943,,,319700480,423624704,365446144,423624704,,,,,,,,3.020700067281723,,
1791271986.6757126,418148,frontend_frame,2264,0,25943,63,8,309575168,423624704,365446144,423624704,,,,,,,,,,
1791271987.0413156,418148,tracking_feedback_accumulate,2265,,25943,,,313489920,423624704,365446144,423624704,,,,,,,,2.8890001121908426,,
1791271987.046498,418148,frontend_frame,2265,0,25943,63,8,315624448,423624704,365446144,423624704,,,,,,,,,,
1791271987.3347788,418148,tracking_feedback_accumulate,2266,,25943,,,319703040,423624704,365446144,423624704,,,,,,,,3.069200087338686,,
1791271987.3397772,418148,frontend_frame,2266,0,25943,63,8,321837568,425721856,365446144,425721856,,,,,,,,,,
1791271987.659012,418148,tracking_feedback_accumulate,2267,,25943,,,307361792,425721856,365446144,425721856,,,,,,,,3.022699849680066,,
1791271987.664034,418148,frontend_frame,2267,0,25943,63,8,309496320,425721856,365446144,425721856,,,,,,,,,,
1791271987.9731188,418148,tracking_feedback_accumulate,2268,,25943,,,313492992,425721856,365446144,425721856,,,,,,,,2.630499890074134,,
1791271987.978136,418148,frontend_frame,2268,0,25943,63,8,315627520,425721856,365446144,425721856,,,,,,,,,,
1791271988.304918,418148,tracking_feedback_accumulate,2269,,25943,,,319706112,425721856,365446144,425721856,,,,,,,,2.9079001396894455,,
1791271988.3104265,418148,frontend_frame,2269,0,25943,63,8,309580288,425721856,365446144,425721856,,,,,,,,,,
1791271988.7513168,418148,tracking_feedback_accumulate,2270,,25943,,,313576960,425721856,365446144,425721856,,,,,,,,3.9065000601112843,,
1791271988.756446,418148,frontend_frame,2270,0,25943,63,8,315711488,377487360,365446144,425721856,,,,,,,,,,
1791271989.143854,418148,tracking_feedback_accumulate,2271,,25943,,,319626240,402653184,365446144,425721856,,,,,,,,2.950900001451373,,
1791271989.1498985,418148,frontend_frame,2271,0,25943,63,8,321760768,404750336,365446144,425721856,,,,,,,,,,
1791271989.4572408,418148,tracking_feedback_accumulate,2272,,25943,,,307530752,404750336,365446144,425721856,,,,,,,,2.904099877923727,,
1791271989.4622529,418148,frontend_frame,2272,0,25943,63,8,309665280,404750336,365446144,425721856,,,,,,,,,,
1791271989.7830896,418148,tracking_feedback_accumulate,2273,,25943,,,313498112,425721856,365446144,425721856,,,,,,,,3.3979001455008984,,
1791271989.7882986,418148,frontend_frame,2273,0,25943,63,8,315632640,425721856,365446144,425721856,,,,,,,,,,
1791271990.1882074,418148,tracking_feedback_accumulate,2274,,25943,,,307532800,425721856,365446144,425721856,,,,,,,,2.814200008288026,,
1791271990.1929522,418148,frontend_frame,2274,0,25943,63,8,309667328,425721856,365446144,425721856,,,,,,,,,,
1791271990.514266,418148,tracking_feedback_accumulate,2275,,25943,,,313500160,425721856,365446144,425721856,,,,,,,,2.897100057452917,,
1791271990.519268,418148,frontend_frame,2275,0,25943,63,8,315634688,425721856,365446144,425721856,,,,,,,,,,
1791271990.8272102,418148,tracking_feedback_accumulate,2276,,25943,,,319713280,425721856,365446144,425721856,,,,,,,,2.546299947425723,,
1791271990.8350139,418148,frontend_frame,2276,0,25943,63,8,309587456,425721856,365446144,425721856,,,,,,,,,,
1791271991.2321653,418148,tracking_feedback_accumulate,2277,,25943,,,313584128,425721856,365446144,425721856,,,,,,,,3.0586000066250563,,
1791271991.2376714,418148,frontend_frame,2277,0,25943,63,8,315718656,425721856,365446144,425721856,,,,,,,,,,
1791271991.573401,418148,tracking_feedback_accumulate,2278,,25943,,,319715328,425721856,365446144,425721856,,,,,,,,3.0376999638974667,,
1791271991.5789063,418148,frontend_frame,2278,0,25943,63,8,321849856,425721856,365446144,425721856,,,,,,,,,,
1791271991.8862925,418148,tracking_feedback_accumulate,2279,,25943,,,307456000,425721856,365446144,425721856,,,,,,,,3.7714000791311264,,
1791271991.8923068,418148,frontend_frame,2279,0,25943,63,8,309590528,425721856,365446144,425721856,,,,,,,,,,
1791271992.2730381,418148,tracking_feedback_accumulate,2280,,25943,,,313587200,425721856,365446144,425721856,,,,,,,,2.978299977257848,,
1791271992.279089,418148,frontend_frame,2280,0,25943,63,8,315721728,377487360,365446144,425721856,,,,,,,,,,
1791271992.5663068,418148,tracking_feedback_accumulate,2281,,25943,,,319636480,402653184,365446144,425721856,,,,,,,,3.0319998040795326,,
1791271992.6171138,418148,frontend_frame,2281,0,25943,64,8,313506304,402653184,365446144,425721856,,,,,,,,,,
1791272003.9793837,418148,tracking_feedback_accumulate,2282,,25877,,,317665280,423624704,365446144,425721856,,,,,,,,3.587600076571107,,
1791272003.9850838,418148,frontend_frame,2282,0,25877,64,8,319782400,423624704,365446144,425721856,,,,,,,,,,
1791272004.3872943,418148,tracking_feedback_accumulate,2283,,25877,,,323615232,425721856,366948864,425721856,,,,,,,,2.6705998461693525,,
1791272004.3950872,418148,frontend_frame,2283,0,25877,64,8,313489408,425721856,366948864,425721856,,,,,,,,,,
1791272004.6746914,418148,tracking_feedback_accumulate,2284,,25877,,,317568000,425721856,366948864,425721856,,,,,,,,2.9212001245468855,,
1791272004.678695,418148,frontend_frame,2284,0,25877,64,8,319686144,425721856,366948864,425721856,,,,,,,,,,
1791272005.1060367,418148,tracking_feedback_accumulate,2285,,25877,,,323600896,425721856,366948864,425721856,,,,,,,,2.7328000869601965,,
1791272005.1115532,418148,frontend_frame,2285,0,25877,64,8,325719040,427819008,366948864,427819008,,,,,,,,,,
1791272005.5366907,418148,tracking_feedback_accumulate,2286,,25877,,,317570048,427819008,366948864,427819008,,,,,,,,2.9236001428216696,,
1791272005.5414028,418148,frontend_frame,2286,0,25877,64,8,319688704,427819008,366948864,427819008,,,,,,,,,,
1791272005.932149,418148,tracking_feedback_accumulate,2287,,25877,,,323603456,427819008,366948864,427819008,,,,,,,,3.564000129699707,,
1791272005.9371564,418148,frontend_frame,2287,0,25877,64,8,325721600,427819008,366948864,427819008,,,,,,,,,,
1791272006.170198,418148,tracking_feedback_accumulate,2288,,25877,,,329882112,432013312,373040128,432013312,,,,,,,,2.927500056102872,,
1791272006.174928,418148,frontend_frame,2288,0,25877,64,8,319772672,432013312,373040128,432013312,,,,,,,,,,
1791272006.4771667,418148,tracking_feedback_accumulate,2289,,25877,,,323605504,432013312,373040128,432013312,,,,,,,,3.208399983122945,,
1791272006.4829526,418148,frontend_frame,2289,0,25877,64,8,325723648,432013312,373040128,432013312,,,,,,,,,,
1791272006.7942872,418148,tracking_feedback_accumulate,2290,,25877,,,329884160,432013312,373043200,432013312,,,,,,,,2.849699929356575,,
1791272006.7997966,418148,frontend_frame,2290,0,25877,64,8,332002304,390070272,373043200,434110464,,,,,,,,,,
1791272007.2215068,418148,tracking_feedback_accumulate,2291,,25877,,,317493760,432013312,373043200,434110464,,,,,,,,3.014200134202838,,
1791272007.226172,418148,frontend_frame,2291,0,25877,64,8,319611904,432013312,373043200,434110464,,,,,,,,,,
1791272007.6080184,418148,tracking_feedback_accumulate,2292,,25877,,,323608576,432013312,373043200,434110464,,,,,,,,2.976600080728531,,
1791272007.6125019,418148,frontend_frame,2292,0,25877,64,8,325726720,432013312,373043200,434110464,,,,,,,,,,
1791272007.9957237,418148,tracking_feedback_accumulate,2293,,25877,,,329805312,432013312,373046272,434110464,,,,,,,,2.6473000179976225,,
1791272008.0012288,418148,frontend_frame,2293,0,25877,64,8,319695872,432013312,373046272,434110464,,,,,,,,,,
1791272008.3883886,418148,tracking_feedback_accumulate,2294,,25877,,,323610624,432013312,373046272,434110464,,,,,,,,2.9796999879181385,,
1791272008.3939183,418148,frontend_frame,2294,0,25877,64,8,325728768,432013312,373046272,434110464,,,,,,,,,,
1791272008.798503,418148,tracking_feedback_accumulate,2295,,25877,,,329725440,432013312,373052928,434110464,,,,,,,,3.003000048920512,,
1791272008.8069134,418148,frontend_frame,2295,0,25877,64,8,331843584,434110464,373052928,434110464,,,,,,,,,,
1791272009.2090967,418148,tracking_feedback_accumulate,2296,,25877,,,317580800,434110464,373052928,434110464,,,,,,,,3.3160001039505005,,
1791272009.2142656,418148,frontend_frame,2296,0,25877,64,8,319698944,434110464,373052928,434110464,,,,,,,,,,
1791272009.5352516,418148,tracking_feedback_accumulate,2297,,25877,,,323613696,434110464,373052928,434110464,,,,,,,,3.497099969536066,,
1791272009.540252,418148,frontend_frame,2297,0,25877,64,8,325731840,434110464,373052928,434110464,,,,,,,,,,
1791272009.947868,418148,tracking_feedback_accumulate,2298,,25877,,,329810432,434110464,373053440,434110464,,,,,,,,2.7886000461876392,,
1791272009.9525182,418148,frontend_frame,2298,0,25877,64,8,319700992,434110464,373053440,434110464,,,,,,,,,,
1791272010.3602986,418148,tracking_feedback_accumulate,2299,,25877,,,323615744,434110464,373053440,434110464,,,,,,,,2.9842001385986805,,
1791272010.365399,418148,frontend_frame,2299,0,25877,64,8,325733888,434110464,373053440,434110464,,,,,,,,,,
1791272010.6854584,418148,tracking_feedback_accumulate,2300,,25877,,,329894400,434110464,373053440,434110464,,,,,,,,2.9802999924868345,,
1791272010.7377136,418148,frontend_frame,2300,0,25877,65,8,323780608,434110464,373053440,434110464,,,,,,,,,,
1791272022.1163163,418148,tracking_feedback_accumulate,2301,,25970,,,327620096,434110464,373053440,434110464,,,,,,,,3.639600006863475,,
1791272022.121338,418148,frontend_frame,2301,0,25970,65,8,329756672,434110464,373053440,434110464,,,,,,,,,,
1791272022.4728758,418148,tracking_feedback_accumulate,2302,,25970,,,333753344,434110464,377184256,434110464,,,,,,,,3.0109998770058155,,
1791272022.479415,418148,frontend_frame,2302,0,25970,65,8,335889920,434110464,377184256,434110464,,,,,,,,,,
1791272022.7949998,418148,tracking_feedback_accumulate,2303,,25970,,,339968512,438304768,383309312,438304768,,,,,,,,2.8987000696361065,,
1791272022.8000007,418148,frontend_frame,2303,0,25970,65,8,329840640,438304768,383309312,438304768,,,,,,,,,,
1791272023.12696,418148,tracking_feedback_accumulate,2304,,25970,,,333755392,438304768,383309312,438304768,,,,,,,,2.7664999943226576,,
1791272023.1324708,418148,frontend_frame,2304,0,25970,65,8,335891968,438304768,383309312,438304768,,,,,,,,,,
1791272023.3800178,418148,tracking_feedback_accumulate,2305,,25970,,,339888640,438304768,383309312,438304768,,,,,,,,3.0255999881774187,,
1791272023.3855705,418148,frontend_frame,2305,0,25970,65,8,342025728,440401920,383309312,440401920,,,,,,,,,,
1791272023.7856672,418148,tracking_feedback_accumulate,2306,,25970,,,327707648,440401920,383309312,440401920,,,,,,,,4.100299905985594,,
1791272023.789713,418148,frontend_frame,2306,0,25970,65,8,329844224,440401920,383309312,440401920,,,,,,,,,,
1791272024.2269561,418148,tracking_feedback_accumulate,2307,,25970,,,333840896,440401920,383309312,440401920,,,,,,,,3.052100073546171,,
1791272024.2314606,418148,frontend_frame,2307,0,25970,65,8,335977472,440401920,383309312,440401920,,,,,,,,,,
1791272024.5906205,418148,tracking_feedback_accumulate,2308,,25970,,,339892224,440401920,383309312,440401920,,,,,,,,2.985699800774455,,
1791272024.5963416,418148,frontend_frame,2308,0,25970,65,8,329764352,440401920,383309312,440401920,,,,,,,,,,
1791272024.999306,418148,tracking_feedback_accumulate,2309,,25970,,,333761024,440401920,383309312,440401920,,,,,,,,2.977499971166253,,
1791272025.004824,418148,frontend_frame,2309,0,25970,65,8,335897600,440401920,383309312,440401920,,,,,,,,,,
1791272025.3652854,418148,tracking_feedback_accumulate,2310,,25970,,,339976192,440401920,383309312,440401920,,,,,,,,2.933399984613061,,
1791272025.3722951,418148,frontend_frame,2310,0,25970,65,8,323734528,408944640,383309312,440401920,,,,,,,,,,
1791272025.7776036,418148,tracking_feedback_accumulate,2311,,25970,,,327731200,429916160,383309312,440401920,,,,,,,,3.0094000976532698,,
1791272025.7821097,418148,frontend_frame,2311,0,25970,65,8,329867776,429916160,383309312,440401920,,,,,,,,,,
1791272026.150975,418148,tracking_feedback_accumulate,2312,,25970,,,333782528,434110464,383309312,440401920,,,,,,,,3.0843999702483416,,
1791272026.1557252,418148,frontend_frame,2312,0,25970,65,8,335919104,434110464,383309312,440401920,,,,,,,,,,
1791272026.5481691,418148,tracking_feedback_accumulate,2313,,25970,,,327815168,434110464,383309312,440401920,,,,,,,,2.6856998447328806,,
1791272026.5542216,418148,frontend_frame,2313,0,25970,65,8,329951744,434110464,383309312,440401920,,,,,,,,,,
1791272026.925288,418148,tracking_feedback_accumulate,2314,,25970,,,333784576,434110464,383309312,440401920,,,,,,,,3.0792998149991035,,
1791272026.9302907,418148,frontend_frame,2314,0,25970,65,8,335921152,434110464,383309312,440401920,,,,,,,,,,
1791272027.3229089,418148,tracking_feedback_accumulate,2315,,25970,,,339917824,438304768,383309312,440401920,,,,,,,,3.280799835920334,,
1791272027.3284278,418148,frontend_frame,2315,0,25970,65,8,329789952,438304768,383309312,440401920,,,,,,,,,,
1791272027.7240436,418148,tracking_feedback_accumulate,2316,,25970,,,333868544,438304768,383309312,440401920,,,,,,,,2.969800028949976,,
1791272027.7290597,418148,frontend_frame,2316,0,25970,65,8,336005120,438304768,383309312,440401920,,,,,,,,,,
1791272028.141405,418148,tracking_feedback_accumulate,2317,,25970,,,339919872,438304768,383309312,440401920,,,,,,,,3.123600035905838,,
1791272028.146129,418148,frontend_frame,2317,0,25970,65,8,342056448,440401920,383309312,440401920,,,,,,,,,,
1791272028.5949476,418148,tracking_feedback_accumulate,2318,,25970,,,327738368,440401920,383309312,440401920,,,,,,,,3.87750007212162,,
1791272028.6492991,418148,frontend_frame,2318,0,25970,66,8,333870592,440401920,383309312,440401920,,,,,,,,,,
1791272040.4591527,418148,tracking_feedback_accumulate,2319,,26016,,,337792000,440401920,383309312,440401920,,,,,,,,2.871299860998988,,
1791272040.463853,418148,frontend_frame,2319,0,26016,66,8,339940352,440401920,383309312,440401920,,,,,,,,,,
1791272040.8613234,418148,tracking_feedback_accumulate,2320,,26016,,,331824640,440401920,383309312,440401920,,,,,,,,2.9775002039968967,,
1791272040.869024,418148,frontend_frame,2320,0,26016,66,8,333972992,408944640,383309312,440401920,,,,,,,,,,
1791272041.2411547,418148,tracking_feedback_accumulate,2321,,26016,,,337805824,434110464,383309312,440401920,,,,,,,,2.8919000178575516,,
1791272041.2476728,418148,frontend_frame,2321,0,26016,66,8,339954176,436207616,383309312,440401920,,,,,,,,,,
1791272041.5780118,418148,tracking_feedback_accumulate,2322,,26016,,,344032768,438304768,387439104,440401920,,,,,,,,3.2409001141786575,,
1791272041.5837305,418148,frontend_frame,2322,0,26016,66,8,333893120,438304768,387439104,440401920,,,,,,,,,,
1791272041.9482634,418148,tracking_feedback_accumulate,2323,,26016,,,337889792,438304768,387439104,440401920,,,,,,,,2.9469002038240433,,
1791272041.9537904,418148,frontend_frame,2323,0,26016,66,8,340038656,438304768,387439104,440401920,,,,,,,,,,
1791272042.269477,418148,tracking_feedback_accumulate,2324,,26016,,,343953408,438304768,387454464,440401920,,,,,,,,3.40009992942214,,
1791272042.2744887,418148,frontend_frame,2324,0,26016,66,8,346101760,440401920,387454464,440401920,,,,,,,,,,
1791272042.68233,418148,tracking_feedback_accumulate,2325,,26016,,,331666432,440401920,387454464,440401920,,,,,,,,2.9206001199781895,,
1791272042.687027,418148,frontend_frame,2325,0,26016,66,8,333814784,440401920,387454464,440401920,,,,,,,,,,
1791272043.0900028,418148,tracking_feedback_accumulate,2326,,26016,,,337893376,440401920,387454464,440401920,,,,,,,,3.0342000536620617,,
1791272043.0950174,418148,frontend_frame,2326,0,26016,66,8,340041728,440401920,387454464,440401920,,,,,,,,,,
1791272043.4070525,418148,tracking_feedback_accumulate,2327,,26016,,,343956480,440401920,387454464,440401920,,,,,,,,3.717100014910102,,
1791272043.412543,418148,frontend_frame,2327,0,26016,66,8,333816832,440401920,387454464,440401920,,,,,,,,,,
1791272043.779905,418148,tracking_feedback_accumulate,2328,,26016,,,337977344,440401920,387454464,440401920,,,,,,,,2.8475001454353333,,
1791272043.7854915,418148,frontend_frame,2328,0,26016,66,8,340125696,440401920,387454464,440401920,,,,,,,,,,
1791272044.1267786,418148,tracking_feedback_accumulate,2329,,26016,,,343958528,440401920,387462656,440401920,,,,,,,,2.9138000681996346,,
1791272044.1312807,418148,frontend_frame,2329,0,26016,66,8,346106880,440401920,387462656,440401920,,,,,,,,,,
1791272044.4770665,418148,tracking_feedback_accumulate,2330,,26016,,,331753472,440401920,387462656,440401920,,,,,,,,3.1004000920802355,,
1791272044.4827783,418148,frontend_frame,2330,0,26016,66,8,333901824,411041792,387462656,440401920,,,,,,,,,,
1791272044.8951154,418148,tracking_feedback_accumulate,2331,,26016,,,337816576,434110464,387462656,440401920,,,,,,,,2.997000003233552,,
1791272044.9001162,418148,frontend_frame,2331,0,26016,66,8,339964928,436207616,387462656,440401920,,,,,,,,,,
1791272045.2911968,418148,tracking_feedback_accumulate,2332,,26016,,,344043520,438304768,387469312,440401920,,,,,,,,3.6472000647336245,,
1791272045.296715,418148,frontend_frame,2332,0,26016,66,8,333903872,438304768,387469312,440401920,,,,,,,,,,
1791272045.7125127,418148,tracking_feedback_accumulate,2333,,26016,,,337818624,438304768,387469312,440401920,,,,,,,,3.1030001118779182,,
1791272045.717139,418148,frontend_frame,2333,0,26016,66,8,339966976,438304768,387469312,440401920,,,,,,,,,,
1791272046.052286,418148,tracking_feedback_accumulate,2334,,26016,,,344127488,438304768,387469312,440401920,,,,,,,,2.9778999742120504,,
1791272046.0574605,418148,frontend_frame,2334,0,26016,66,8,346275840,440401920,387469312,440401920,,,,,,,,,,
1791272046.2095466,418148,tracking_feedback_accumulate,2335,,26016,,,331676672,440401920,387469312,440401920,,,,,,,,4.0258001536130905,,
1791272046.2168095,418148,frontend_frame,2335,0,26016,66,8,333825024,440401920,387469312,440401920,,,,,,,,,,
1791272046.5887349,418148,tracking_feedback_accumulate,2336,,26016,,,337903616,440401920,387469312,440401920,,,,,,,,3.0629001557826996,,
1791272046.594069,418148,frontend_frame,2336,0,26016,66,8,340051968,440401920,387469312,440401920,,,,,,,,,,
1791272046.9044266,418148,tracking_feedback_accumulate,2337,,26016,,,331678720,440401920,387469312,440401920,,,,,,,,3.0332000460475683,,
1791272046.90946,418148,frontend_frame,2337,0,26016,66,8,333827072,440401920,387469312,440401920,,,,,,,,,,
1791272047.2534766,418148,tracking_feedback_accumulate,2338,,26016,,,337823744,440401920,387469312,440401920,,,,,,,,2.9595999512821436,,
1791272047.2589862,418148,frontend_frame,2338,0,26016,66,8,339972096,440401920,387469312,440401920,,,,,,,,,,
1791272047.6155372,418148,tracking_feedback_accumulate,2339,,26016,,,344050688,440401920,387469312,440401920,,,,,,,,2.92299990542233,,
1791272047.6675096,418148,frontend_frame,2339,0,26016,67,8,337906688,440401920,387469312,440401920,,,,,,,,,,
1791272059.2754505,418148,tracking_feedback_accumulate,2340,,26206,,,341918720,440401920,387469312,440401920,,,,,,,,5.227699875831604,,
1791272059.2815835,418148,frontend_frame,2340,0,26206,67,8,344114688,413138944,387469312,440401920,,,,,,,,,,
1791272059.6806343,418148,tracking_feedback_accumulate,2341,,26206,,,348111360,438304768,391550976,440401920,,,,,,,,2.8808999340981245,,
1791272059.6883082,418148,frontend_frame,2341,0,26206,67,8,350306304,440401920,391550976,440401920,,,,,,,,,,
1791272060.1030989,418148,tracking_feedback_accumulate,2342,,26206,,,335777792,440401920,391550976,440401920,,,,,,,,3.4767999313771725,,
1791272060.1081078,418148,frontend_frame,2342,0,26206,67,8,337972736,440401920,391550976,440401920,,,,,,,,,,
1791272060.5530891,418148,tracking_feedback_accumulate,2343,,26206,,,341969408,440401920,391550976,440401920,,,,,,,,3.0203000642359257,,
1791272060.5571718,418148,frontend_frame,2343,0,26206,67,8,344164352,440401920,391550976,440401920,,,,,,,,,,
1791272060.98381,418148,tracking_feedback_accumulate,2344,,26206,,,348079104,440401920,391588352,440401920,,,,,,,,2.890500007197261,,
1791272060.9904287,418148,frontend_frame,2344,0,26206,67,8,337893376,440401920,391588352,440401920,,,,,,,,,,
1791272061.2267516,418148,tracking_feedback_accumulate,2345,,26206,,,342053888,440401920,391588352,440401920,,,,,,,,3.417199943214655,,
1791272061.2323408,418148,frontend_frame,2345,0,26206,67,8,344248832,440401920,391588352,440401920,,,,,,,,,,
1791272061.5948608,418148,tracking_feedback_accumulate,2346,,26206,,,348081664,440401920,391588352,440401920,,,,,,,,3.1446998473256826,,
1791272061.6013634,418148,frontend_frame,2346,0,26206,67,8,337895424,440401920,391588352,440401920,,,,,,,,,,
1791272062.029638,418148,tracking_feedback_accumulate,2347,,26206,,,341892096,440401920,391588352,440401920,,,,,,,,2.9817998874932528,,
1791272062.03384,418148,frontend_frame,2347,0,26206,67,8,344087040,440401920,391588352,440401920,,,,,,,,,,
1791272062.473525,418148,tracking_feedback_accumulate,2348,,26206,,,348165632,440401920,391588352,440401920,,,,,,,,4.031400196254253,,
1791272062.4807937,418148,frontend_frame,2348,0,26206,67,8,350360576,442499072,391588352,442499072,,,,,,,,,,
1791272062.9214253,418148,tracking_feedback_accumulate,2349,,26206,,,341976064,442499072,391588352,442499072,,,,,,,,3.191199852153659,,
1791272062.9264429,418148,frontend_frame,2349,0,26206,67,8,344171008,442499072,391588352,442499072,,,,,,,,,,
1791272063.38037,418148,tracking_feedback_accumulate,2350,,26206,,,348085760,442499072,391588352,442499072,,,,,,,,3.213800024241209,,
1791272063.3866727,418148,frontend_frame,2350,0,26206,67,8,350280704,419430400,391588352,442499072,,,,,,,,,,
1791272063.8460639,418148,tracking_feedback_accumulate,2351,,26206,,,354277376,446693376,397649408,446693376,,,,,,,,3.0895001254975796,,
1791272063.8515723,418148,frontend_frame,2351,0,26206,67,8,344091136,446693376,397649408,446693376,,,,,,,,,,
1791272064.2432702,418148,tracking_feedback_accumulate,2352,,26206,,,348169728,446693376,397649408,446693376,,,,,,,,3.661300055682659,,
1791272064.2482731,418148,frontend_frame,2352,0,26206,67,8,350364672,446693376,397649408,446693376,,,,,,,,,,
1791272064.594126,418148,tracking_feedback_accumulate,2353,,26206,,,354361344,446693376,397697536,446693376,,,,,,,,2.957599936053157,,
1791272064.5991263,418148,frontend_frame,2353,0,26206,67,8,356556288,448790528,397697536,448790528,,,,,,,,,,
1791272064.9689295,418148,tracking_feedback_accumulate,2354,,26206,,,341899264,448790528,397697536,448790528,,,,,,,,3.0141999013721943,,
1791272064.9731474,418148,frontend_frame,2354,0,26206,67,8,344094208,448790528,397697536,448790528,,,,,,,,,,
1791272065.386955,418148,tracking_feedback_accumulate,2355,,26206,,,348090880,448790528,397697536,448790528,,,,,,,,2.841999987140298,,
1791272065.3924615,418148,frontend_frame,2355,0,26206,67,8,350285824,448790528,397697536,448790528,,,,,,,,,,
1791272065.7762048,418148,tracking_feedback_accumulate,2356,,26206,,,354364416,448790528,397697536,448790528,,,,,,,,3.3207000233232975,,
1791272065.7817125,418148,frontend_frame,2356,0,26206,67,8,344178176,448790528,397697536,448790528,,,,,,,,,,
1791272066.130568,418148,tracking_feedback_accumulate,2357,,26206,,,348174848,448790528,397697536,448790528,,,,,,,,2.8976998291909695,,
1791272066.1821156,418148,frontend_frame,2357,0,26206,68,8,354365440,448790528,397697536,448790528,,,,,,,,,,
1791272077.6326985,418148,tracking_feedback_accumulate,2358,,26192,,,358280704,448790528,401687552,448790528,,,,,,,,2.634200034663081,,
1791272077.6387026,418148,frontend_frame,2358,0,26192,68,8,348087808,448790528,401687552,448790528,,,,,,,,,,
1791272077.9185717,418148,tracking_feedback_accumulate,2359,,26192,,,352084480,448790528,401687552,448790528,,,,,,,,3.2728000078350306,,
1791272077.924757,418148,frontend_frame,2359,0,26192,68,8,354273280,448790528,401687552,448790528,,,,,,,,,,
1791272078.2963054,418148,tracking_feedback_accumulate,2360,,26192,,,358351872,448790528,401687552,448790528,,,,,,,,3.062400035560131,,
1791272078.3030524,418148,frontend_frame,2360,0,26192,68,8,360540672,425721856,401687552,448790528,,,,,,,,,,
1791272078.6820567,418148,tracking_feedback_accumulate,2361,,26192,,,352086528,446693376,401687552,448790528,,,,,,,,2.797400113195181,,
1791272078.6860595,418148,frontend_frame,2361,0,26192,68,8,354275328,446693376,401687552,448790528,,,,,,,,,,
1791272079.0964518,418148,tracking_feedback_accumulate,2362,,26192,,,358272000,446693376,401687552,448790528,,,,,,,,3.1848999205976725,,
1791272079.101505,418148,frontend_frame,2362,0,26192,68,8,360461312,446693376,401687552,448790528,,,,,,,,,,
1791272079.5001805,418148,tracking_feedback_accumulate,2363,,26192,,,364539904,450887680,407813120,450887680,,,,,,,,2.714900067076087,,
1791272079.5048637,418148,frontend_frame,2363,0,26192,68,8,354359808,450887680,407813120,450887680,,,,,,,,,,
1791272079.85945,418148,tracking_feedback_accumulate,2364,,26192,,,358274560,471859200,407813120,471859200,,,,,,,,3.932700026780367,,
1791272079.8642373,418148,frontend_frame,2364,0,26192,68,8,360463360,471859200,407813120,471859200,,,,,,,,,,
1791272080.2789016,418148,tracking_feedback_accumulate,2365,,26192,,,364541952,471859200,407813120,471859200,,,,,,,,2.967099891975522,,
1791272080.282447,418148,frontend_frame,2365,0,26192,68,8,366730752,473956352,407813120,473956352,,,,,,,,,,
1791272080.608288,418148,tracking_feedback_accumulate,2366,,26192,,,352092160,473956352,407813120,473956352,,,,,,,,3.5178998950868845,,
1791272080.6132996,418148,frontend_frame,2366,0,26192,68,8,354280960,473956352,407813120,473956352,,,,,,,,,,
1791272080.9950979,418148,tracking_feedback_accumulate,2367,,26192,,,358359552,473956352,407813120,473956352,,,,,,,,3.024500096216798,,
1791272081.000135,418148,frontend_frame,2367,0,26192,68,8,360548352,473956352,407813120,473956352,,,,,,,,,,
1791272081.3270118,418148,tracking_feedback_accumulate,2368,,26192,,,364545024,473956352,407813120,473956352,,,,,,,,3.3776999916881323,,
1791272081.3326874,418148,frontend_frame,2368,0,26192,68,8,341989888,473956352,407813120,473956352,,,,,,,,,,
1791272081.7390962,418148,tracking_feedback_accumulate,2369,,26192,,,345986560,473956352,407813120,473956352,,,,,,,,2.964199986308813,,
1791272081.7447906,418148,frontend_frame,2369,0,26192,68,8,348175360,473956352,407813120,473956352,,,,,,,,,,
1791272081.9464507,418148,tracking_feedback_accumulate,2370,,26192,,,352172032,473956352,407813120,473956352,,,,,,,,2.865700051188469,,
1791272081.95045,418148,frontend_frame,2370,0,26192,68,8,354360832,419430400,407813120,473956352,,,,,,,,,,
1791272082.2759178,418148,tracking_feedback_accumulate,2371,,26192,,,339804160,440401920,407813120,473956352,,,,,,,,3.3789000008255243,,
1791272082.280443,418148,frontend_frame,2371,0,26192,68,8,341992960,440401920,407813120,473956352,,,,,,,,,,
1791272082.6956851,418148,tracking_feedback_accumulate,2372,,26192,,,345907712,461373440,407813120,473956352,,,,,,,,2.9527998995035887,,
1791272082.6996853,418148,frontend_frame,2372,0,26192,68,8,348096512,461373440,407813120,473956352,,,,,,,,,,
1791272083.0514705,418148,tracking_feedback_accumulate,2373,,26192,,,352257024,461373440,407813120,473956352,,,,,,,,2.952100010588765,,
1791272083.0565298,418148,frontend_frame,2373,0,26192,68,8,342076928,461373440,407813120,473956352,,,,,,,,,,
1791272083.3222334,418148,tracking_feedback_accumulate,2374,,26192,,,345909760,461373440,407813120,473956352,,,,,,,,2.6865999680012465,,
1791272083.3730583,418148,frontend_frame,2374,0,26192,69,8,352094208,461373440,407813120,473956352,,,,,,,,,,
1791272094.733398,418148,tracking_feedback_accumulate,2375,,26333,,,356267520,461373440,407813120,473956352,,,,,,,,2.9021999798715115,,
1791272094.7383997,418148,frontend_frame,2375,0,26333,69,8,346124288,461373440,407813120,473956352,,,,,,,,,,
1791272095.162416,418148,tracking_feedback_accumulate,2376,,26333,,,349957120,461373440,407813120,473956352,,,,,,,,2.8794000390917063,,
1791272095.1670892,418148,frontend_frame,2376,0,26333,69,8,352182272,461373440,407813120,473956352,,,,,,,,,,
1791272095.4853075,418148,tracking_feedback_accumulate,2377,,26333,,,356260864,461373440,407813120,473956352,,,,,,,,2.7046999894082546,,
1791272095.4913075,418148,frontend_frame,2377,0,26333,69,8,358486016,463470592,407813120,473956352,,,,,,,,,,
1791272095.8747342,418148,tracking_feedback_accumulate,2378,,26333,,,343738368,463470592,407813120,473956352,,,,,,,,3.468399867415428,,
1791272095.878738,418148,frontend_frame,2378,0,26333,69,8,345963520,463470592,407813120,473956352,,,,,,,,,,
1791272096.2432172,418148,tracking_feedback_accumulate,2379,,26333,,,350124032,463470592,407813120,473956352,,,,,,,,3.9245998486876488,,
1791272096.24822,418148,frontend_frame,2379,0,26333,69,8,352349696,463470592,407813120,473956352,,,,,,,,,,
1791272096.6260207,418148,tracking_feedback_accumulate,2380,,26333,,,356182528,463470592,407813120,473956352,,,,,,,,3.398899920284748,,
1791272096.6315217,418148,frontend_frame,2380,0,26333,69,8,345966080,415236096,407813120,473956352,,,,,,,,,,
1791272097.0458088,418148,tracking_feedback_accumulate,2381,,26333,,,349962752,457179136,407813120,473956352,,,,,,,,2.90270010009408,,
1791272097.0498161,418148,frontend_frame,2381,0,26333,69,8,352187904,457179136,407813120,473956352,,,,,,,,,,
1791272097.25393,418148,tracking_feedback_accumulate,2382,,26333,,,356266496,461373440,407813120,473956352,,,,,,,,2.9662000015378,,
1791272097.2604363,418148,frontend_frame,2382,0,26333,69,8,358491648,463470592,407813120,473956352,,,,,,,,,,
1791272097.6021223,418148,tracking_feedback_accumulate,2383,,26333,,,343825920,463470592,407813120,473956352,,,,,,,,2.8902001213282347,,
1791272097.6062956,418148,frontend_frame,2383,0,26333,69,8,346051072,463470592,407813120,473956352,,,,,,,,,,
1791272097.9302902,418148,tracking_feedback_accumulate,2384,,26333,,,349965824,463470592,407813120,473956352,,,,,,,,3.1114998273551464,,
1791272097.9342985,418148,frontend_frame,2384,0,26333,69,8,352190976,463470592,407813120,473956352,,,,,,,,,,
1791272098.2892606,418148,tracking_feedback_accumulate,2385,,26333,,,356351488,463470592,407813120,473956352,,,,,,,,2.6032000314444304,,
1791272098.2942913,418148,frontend_frame,2385,0,26333,69,8,346135040,463470592,407813120,473956352,,,,,,,,,,
1791272098.6624038,418148,tracking_feedback_accumulate,2386,,26333,,,349967872,463470592,407813120,473956352,,,,,,,,3.278499934822321,,
1791272098.667094,418148,frontend_frame,2386,0,26333,69,8,352193024,463470592,407813120,473956352,,,,,,,,,,
1791272099.049882,418148,tracking_feedback_accumulate,2387,,26333,,,356271616,463470592,407813120,473956352,,,,,,,,2.7509001083672047,,
1791272099.0565777,418148,frontend_frame,2387,0,26333,69,8,346055168,463470592,407813120,473956352,,,,,,,,,,
1791272099.4336796,418148,tracking_feedback_accumulate,2388,,26333,,,350051840,463470592,407813120,473956352,,,,,,,,3.086900105699897,,
1791272099.4378142,418148,frontend_frame,2388,0,26333,69,8,352276992,463470592,407813120,473956352,,,,,,,,,,
1791272099.8253572,418148,tracking_feedback_accumulate,2389,,26333,,,356273664,463470592,407813120,473956352,,,,,,,,3.003999823704362,,
1791272099.8298643,418148,frontend_frame,2389,0,26333,69,8,358498816,463470592,407813120,473956352,,,,,,,,,,
1791272100.283902,418148,tracking_feedback_accumulate,2390,,26333,,,349971968,463470592,407813120,473956352,,,,,,,,2.624399960041046,,
1791272100.287902,418148,frontend_frame,2390,0,26333,69,8,352197120,417333248,407813120,473956352,,,,,,,,,,
1791272100.7348428,418148,tracking_feedback_accumulate,2391,,26333,,,356357632,461373440,407813120,473956352,,,,,,,,2.6750999968498945,,
1791272100.7388434,418148,frontend_frame,2391,0,26333,69,8,358582784,463470592,407813120,473956352,,,,,,,,,,
1791272101.1044767,418148,tracking_feedback_accumulate,2392,,26333,,,362415616,467664896,407813120,473956352,,,,,,,,2.9449001885950565,,
1791272101.1094885,418148,frontend_frame,2392,0,26333,69,8,352199168,467664896,407813120,473956352,,,,,,,,,,
1791272101.5357628,418148,tracking_feedback_accumulate,2393,,26333,,,356195840,467664896,407813120,473956352,,,,,,,,2.9855999164283276,,
1791272101.5397637,418148,frontend_frame,2393,0,26333,69,8,358420992,467664896,407813120,473956352,,,,,,,,,,
1791272101.9298234,418148,tracking_feedback_accumulate,2394,,26333,,,362499584,467664896,407813120,473956352,,,,,,,,3.164099995046854,,
1791272101.9343488,418148,frontend_frame,2394,0,26333,69,8,364724736,469762048,407813120,473956352,,,,,,,,,,
1791272102.342826,418148,tracking_feedback_accumulate,2395,,26333,,,349977088,469762048,407813120,473956352,,,,,,,,2.9789998661726713,,
1791272102.3478572,418148,frontend_frame,2395,0,26333,69,8,352202240,469762048,407813120,473956352,,,,,,,,,,
1791272102.8091018,418148,tracking_feedback_accumulate,2396,,26333,,,356280832,469762048,407813120,473956352,,,,,,,,2.8405000921338797,,
1791272102.8152733,418148,frontend_frame,2396,0,26333,69,8,358505984,469762048,407813120,473956352,,,,,,,,,,
1791272103.20748,418148,tracking_feedback_accumulate,2397,,26333,,,362502656,469762048,407813120,473956352,,,,,,,,2.850600052624941,,
1791272103.2150002,418148,frontend_frame,2397,0,26333,69,8,346065408,469762048,407813120,473956352,,,,,,,,,,
1791272103.5923939,418148,tracking_feedback_accumulate,2398,,26333,,,350062080,469762048,407813120,473956352,,,,,,,,2.855899976566434,,
1791272103.5962107,418148,frontend_frame,2398,0,26333,69,8,352287232,469762048,407813120,473956352,,,,,,,,,,
1791272103.9356694,418148,tracking_feedback_accumulate,2399,,26333,,,356283904,469762048,407813120,473956352,,,,,,,,2.8929999098181725,,
1791272103.9396703,418148,frontend_frame,2399,0,26333,69,8,358509056,469762048,407813120,473956352,,,,,,,,,,
1791272104.298347,418148,tracking_feedback_accumulate,2400,,26333,,,343843328,469762048,407813120,473956352,,,,,,,,2.687999978661537,,
1791272104.304075,418148,frontend_frame,2400,0,26333,69,8,346068480,413138944,407813120,473956352,,,,,,,,,,
1791272104.6396065,418148,tracking_feedback_accumulate,2401,,26333,,,350065152,455081984,407813120,473956352,,,,,,,,2.9539999086409807,,
1791272104.6447897,418148,frontend_frame,2401,0,26333,69,8,352290304,457179136,407813120,473956352,,,,,,,,,,
1791272105.1116595,418148,tracking_feedback_accumulate,2402,,26333,,,356286976,461373440,407813120,473956352,,,,,,,,2.910400042310357,,
1791272105.1612167,418148,frontend_frame,2402,0,26333,70,8,350066176,461373440,407813120,473956352,,,,,,,,,,
1791272116.570583,418148,tracking_feedback_accumulate,2403,,26281,,,347840512,461373440,407813120,473956352,,,,,,,,2.983400132507086,,
1791272116.576288,418148,frontend_frame,2403,0,26281,70,8,350050304,461373440,407813120,473956352,,,,,,,,,,
1791272116.9747128,418148,tracking_feedback_accumulate,2404,,26281,,,353965056,461373440,407813120,473956352,,,,,,,,2.9491998720914125,,
1791272116.979237,418148,frontend_frame,2404,0,26281,70,8,356175872,461373440,407813120,473956352,,,,,,,,,,
1791272117.3054428,418148,tracking_feedback_accumulate,2405,,26281,,,360336384,461373440,407813120,473956352,,,,,,,,2.856000093743205,,
1791272117.310453,418148,frontend_frame,2405,0,26281,70,8,350134272,461373440,407813120,473956352,,,,,,,,,,
1791272117.77288,418148,tracking_feedback_accumulate,2406,,26281,,,353967104,461373440,407813120,473956352,,,,,,,,2.8693999629467726,,
1791272117.7770038,418148,frontend_frame,2406,0,26281,70,8,356177920,461373440,407813120,473956352,,,,,,,,,,
1791272118.1481736,418148,tracking_feedback_accumulate,2407,,26281,,,360174592,461373440,407813120,473956352,,,,,,,,4.19760006479919,,
1791272118.1533937,418148,frontend_frame,2407,0,26281,70,8,349972992,461373440,407813120,473956352,,,,,,,,,,
1791272118.5131285,418148,tracking_feedback_accumulate,2408,,26281,,,354051584,461373440,407813120,473956352,,,,,,,,3.541399957612157,,
1791272118.5186386,418148,frontend_frame,2408,0,26281,70,8,356262400,461373440,407813120,473956352,,,,,,,,,,
1791272118.8841777,418148,tracking_feedback_accumulate,2409,,26281,,,360259072,461373440,407813120,473956352,,,,,,,,2.997299889102578,,
1791272118.889683,418148,frontend_frame,2409,0,26281,70,8,362469888,463470592,407813120,473956352,,,,,,,,,,
1791272119.326351,418148,tracking_feedback_accumulate,2410,,26281,,,353971712,463470592,407813120,473956352,,,,,,,,3.082999959588051,,
1791272119.3313532,418148,frontend_frame,2410,0,26281,70,8,356182528,419430400,407813120,473956352,,,,,,,,,,
1791272119.6746593,418148,tracking_feedback_accumulate,2411,,26281,,,360179200,461373440,407813120,473956352,,,,,,,,2.971000038087368,,
1791272119.6806638,418148,frontend_frame,2411,0,26281,70,8,362390016,463470592,407813120,473956352,,,,,,,,,,
1791272120.0178485,418148,tracking_feedback_accumulate,2412,,26281,,,366468608,467664896,409398784,473956352,,,,,,,,3.582000033929944,,
1791272120.0230656,418148,frontend_frame,2412,0,26281,70,8,356266496,467664896,409398784,473956352,,,,,,,,,,
1791272120.483082,418148,tracking_feedback_accumulate,2413,,26281,,,360263168,467664896,409398784,473956352,,,,,,,,3.7511999253183603,,
1791272120.488085,418148,frontend_frame,2413,0,26281,70,8,362473984,467664896,409398784,473956352,,,,,,,,,,
1791272120.8039417,418148,tracking_feedback_accumulate,2414,,26281,,,366470656,467664896,409407488,473956352,,,,,,,,2.949200104922056,,
1791272120.8084455,418148,frontend_frame,2414,0,26281,70,8,368681472,469762048,409407488,473956352,,,,,,,,,,
1791272121.2106588,418148,tracking_feedback_accumulate,2415,,26281,,,353976832,469762048,409407488,473956352,,,,,,,,3.020599950104952,,
1791272121.2148707,418148,frontend_frame,2415,0,26281,70,8,356187648,469762048,409407488,473956352,,,,,,,,,,
1791272121.5943673,418148,tracking_feedback_accumulate,2416,,26281,,,360184320,469762048,409407488,473956352,,,,,,,,2.9740999452769756,,
1791272121.5988743,418148,frontend_frame,2416,0,26281,70,8,362395136,469762048,409407488,473956352,,,,,,,,,,
1791272122.0144987,418148,tracking_feedback_accumulate,2417,,26281,,,366473728,469762048,409419776,473956352,,,,,,,,2.8517001774162054,,
1791272122.01985,418148,frontend_frame,2417,0,26281,70,8,356271616,469762048,409419776,473956352,,,,,,,,,,
1791272122.525016,418148,tracking_feedback_accumulate,2418,,26281,,,360268288,469762048,409419776,473956352,,,,,,,,2.987799933180213,,
1791272122.5300395,418148,frontend_frame,2418,0,26281,70,8,362479104,469762048,409419776,473956352,,,,,,,,,,
1791272122.894074,418148,tracking_feedback_accumulate,2419,,26281,,,366393856,469762048,409430016,473956352,,,,,,,,2.987300045788288,,
1791272122.899578,418148,frontend_frame,2419,0,26281,70,8,368604672,469762048,409430016,473956352,,,,,,,,,,
1791272123.291733,418148,tracking_feedback_accumulate,2420,,26281,,,353981952,469762048,409430016,473956352,,,,,,,,2.7467000763863325,,
1791272123.295918,418148,frontend_frame,2420,0,26281,70,8,356192768,421527552,409430016,473956352,,,,,,,,,,
1791272123.68959,418148,tracking_feedback_accumulate,2421,,26281,,,360271360,463470592,409430016,473956352,,,,,,,,3.2601000275462866,,
1791272123.6937788,418148,frontend_frame,2421,0,26281,70,8,362482176,463470592,409430016,473956352,,,,,,,,,,
1791272124.0557628,418148,tracking_feedback_accumulate,2422,,26281,,,366478848,467664896,409430016,473956352,,,,,,,,3.2435001339763403,,
1791272124.0600352,418148,frontend_frame,2422,0,26281,70,8,356276736,467664896,409430016,473956352,,,,,,,,,,
1791272124.4828334,418148,tracking_feedback_accumulate,2423,,26281,,,360273408,467664896,409430016,473956352,,,,,,,,2.961199963465333,,
1791272124.533114,418148,frontend_frame,2423,0,26281,71,8,366479872,467664896,409430016,473956352,,,,,,,,,,
1791272136.1124809,418148,tracking_feedback_accumulate,2424,,26423,,,370489344,467664896,413528064,473956352,,,,,,,,2.7016999665647745,,
1791272136.1189945,418148,frontend_frame,2424,0,26423,71,8,354117632,467664896,413528064,473956352,,,,,,,,,,
1791272136.4938693,418148,tracking_feedback_accumulate,2425,,26423,,,358032384,467664896,413528064,473956352,,,,,,,,3.232100047171116,,
1791272136.4988794,418148,frontend_frame,2425,0,26423,71,8,360279552,467664896,413528064,473956352,,,,,,,,,,
1791272136.9672008,418148,tracking_feedback_accumulate,2426,,26423,,,364440064,467664896,413528064,473956352,,,,,,,,3.514799987897277,,
1791272136.9727178,418148,frontend_frame,2426,0,26423,71,8,366687232,467664896,413528064,473956352,,,,,,,,,,
1791272137.425032,418148,tracking_feedback_accumulate,2427,,26423,,,351791616,467664896,413528064,473956352,,,,,,,,3.147199982777238,,
1791272137.430047,418148,frontend_frame,2427,0,26423,71,8,354038784,467664896,413528064,473956352,,,,,,,,,,
1791272137.7543736,418148,tracking_feedback_accumulate,2428,,26423,,,358117376,467664896,413528064,473956352,,,,,,,,3.0437998939305544,,
1791272137.7589834,418148,frontend_frame,2428,0,26423,71,8,360365056,467664896,413528064,473956352,,,,,,,,,,
1791272138.1404219,418148,tracking_feedback_accumulate,2429,,26423,,,364279808,467664896,413528064,473956352,,,,,,,,2.885499969124794,,
1791272138.1454437,418148,frontend_frame,2429,0,26423,71,8,354041344,467664896,413528064,473956352,,,,,,,,,,
1791272138.4941494,418148,tracking_feedback_accumulate,2430,,26423,,,358038016,467664896,413528064,473956352,,,,,,,,4.038900136947632,,
1791272138.4996552,418148,frontend_frame,2430,0,26423,71,8,360285184,438304768,413528064,473956352,,,,,,,,,,
1791272138.9177682,418148,tracking_feedback_accumulate,2431,,26423,,,364363776,463470592,413528064,473956352,,,,,,,,2.8892001137137413,,
1791272138.9229584,418148,frontend_frame,2431,0,26423,71,8,366610944,465567744,413528064,473956352,,,,,,,,,,
1791272139.2586005,418148,tracking_feedback_accumulate,2432,,26423,,,351879168,465567744,413528064,473956352,,,,,,,,2.7648000977933407,,
1791272139.262224,418148,frontend_frame,2432,0,26423,71,8,354126336,465567744,413528064,473956352,,,,,,,,,,
1791272139.5811605,418148,tracking_feedback_accumulate,2433,,26423,,,358123008,465567744,413528064,473956352,,,,,,,,2.843800000846386,,
1791272139.5859025,418148,frontend_frame,2433,0,26423,71,8,360370176,465567744,413528064,473956352,,,,,,,,,,
1791272139.9293633,418148,tracking_feedback_accumulate,2434,,26423,,,364284928,465567744,413528064,473956352,,,,,,,,2.8517001774162054,,
1791272139.9345155,418148,frontend_frame,2434,0,26423,71,8,354046464,465567744,413528064,473956352,,,,,,,,,,
1791272140.342162,418148,tracking_feedback_accumulate,2435,,26423,,,358206976,465567744,413528064,473956352,,,,,,,,3.1786998733878136,,
1791272140.3471696,418148,frontend_frame,2435,0,26423,71,8,360454144,465567744,413528064,473956352,,,,,,,,,,
1791272140.7073371,418148,tracking_feedback_accumulate,2436,,26423,,,364286976,465567744,413528064,473956352,,,,,,,,3.4147000405937433,,
1791272140.7124038,418148,frontend_frame,2436,0,26423,71,8,354048512,465567744,413528064,473956352,,,,,,,,,,
1791272141.1529913,418148,tracking_feedback_accumulate,2437,,26423,,,358127104,465567744,413528064,473956352,,,,,,,,3.085800213739276,,
1791272141.1574972,418148,frontend_frame,2437,0,26423,71,8,360374272,465567744,413528064,473956352,,,,,,,,,,
1791272141.580118,418148,tracking_feedback_accumulate,2438,,26423,,,364289024,465567744,413528064,473956352,,,,,,,,2.9728999361395836,,
1791272141.5851355,418148,frontend_frame,2438,0,26423,71,8,366536192,465567744,413528064,473956352,,,,,,,,,,
1791272142.0014977,418148,tracking_feedback_accumulate,2439,,26423,,,358129152,465567744,413528064,473956352,,,,,,,,3.042600117623806,,
1791272142.0066934,418148,frontend_frame,2439,0,26423,71,8,360376320,465567744,413528064,473956352,,,,,,,,,,
1791272142.4401183,418148,tracking_feedback_accumulate,2440,,26423,,,364291072,465567744,413528064,473956352,,,,,,,,3.6776999477297068,,
1791272142.4463918,418148,frontend_frame,2440,0,26423,71,8,366538240,421527552,413528064,473956352,,,,,,,,,,
1791272142.913109,418148,tracking_feedback_accumulate,2441,,26423,,,370616832,469762048,413672448,473956352,,,,,,,,2.9594001825898886,,
1791272142.9191122,418148,frontend_frame,2441,0,26423,71,8,360378368,469762048,413672448,473956352,,,,,,,,,,
1791272143.4046886,418148,tracking_feedback_accumulate,2442,,26423,,,364375040,469762048,413672448,473956352,,,,,,,,2.9643999878317118,,
1791272143.4092164,418148,frontend_frame,2442,0,26423,71,8,366622208,469762048,413672448,473956352,,,,,,,,,,
1791272143.7758915,418148,tracking_feedback_accumulate,2443,,26423,,,370536960,469762048,413672448,473956352,,,,,,,,3.665599972009659,,
1791272143.779925,418148,frontend_frame,2443,0,26423,71,8,372784128,471859200,413672448,473956352,,,,,,,,,,
1791272144.159012,418148,tracking_feedback_accumulate,2444,,26423,,,358052352,471859200,413672448,473956352,,,,,,,,3.800200065597892,,
1791272144.1640248,418148,frontend_frame,2444,0,26423,71,8,360299520,471859200,413672448,473956352,,,,,,,,,,
1791272144.588289,418148,tracking_feedback_accumulate,2445,,26423,,,364378112,471859200,413672448,473956352,,,,,,,,2.866300055757165,,
1791272144.5930178,418148,frontend_frame,2445,0,26423,71,8,366625280,471859200,413672448,473956352,,,,,,,,,,
1791272144.9395986,418148,tracking_feedback_accumulate,2446,,26423,,,370540032,471859200,413672448,473956352,,,,,,,,2.8481001500040293,,
1791272144.9448028,418148,frontend_frame,2446,0,26423,71,8,360301568,471859200,413672448,473956352,,,,,,,,,,
1791272145.326499,418148,tracking_feedback_accumulate,2447,,26423,,,364298240,471859200,413672448,473956352,,,,,,,,3.8385000079870224,,
1791272145.3320024,418148,frontend_frame,2447,0,26423,71,8,366545408,471859200,413672448,473956352,,,,,,,,,,
1791272145.7598405,418148,tracking_feedback_accumulate,2448,,26423,,,370624000,471859200,413672448,473956352,,,,,,,,3.5937000066041946,,
1791272145.765443,418148,frontend_frame,2448,0,26423,71,8,372871168,471859200,413672448,473956352,,,,,,,,,,
1791272146.1704025,418148,tracking_feedback_accumulate,2449,,26423,,,358139392,471859200,413672448,473956352,,,,,,,,2.9738000594079494,,
1791272146.1750867,418148,frontend_frame,2449,0,26423,71,8,360386560,471859200,413672448,473956352,,,,,,,,,,
1791272146.598428,418148,tracking_feedback_accumulate,2450,,26423,,,364383232,471859200,413672448,473956352,,,,,,,,3.0046000611037016,,
1791272146.6044452,418148,frontend_frame,2450,0,26423,71,8,366630400,421527552,413672448,473956352,,,,,,,,,,
1791272146.9784324,418148,tracking_feedback_accumulate,2451,,26423,,,370627072,469762048,413672448,473956352,,,,,,,,3.9051000494509935,,
1791272146.982959,418148,frontend_frame,2451,0,26423,71,8,360388608,469762048,413672448,473956352,,,,,,,,,,
1791272147.4601216,418148,tracking_feedback_accumulate,2452,,26423,,,364385280,469762048,413672448,473956352,,,,,,,,3.7758001126348972,,
1791272147.4659054,418148,frontend_frame,2452,0,26423,71,8,366632448,469762048,413672448,473956352,,,,,,,,,,
1791272147.919686,418148,tracking_feedback_accumulate,2453,,26423,,,370629120,469762048,413672448,473956352,,,,,,,,3.0348999425768852,,
1791272147.9247732,418148,frontend_frame,2453,0,26423,71,8,372876288,471859200,413672448,473956352,,,,,,,,,,
1791272148.3289683,418148,tracking_feedback_accumulate,2454,,26423,,,351901696,471859200,413672448,473956352,,,,,,,,3.3746000844985247,,
1791272148.3339813,418148,frontend_frame,2454,0,26423,71,8,354148864,471859200,413672448,473956352,,,,,,,,,,
1791272148.768352,418148,tracking_feedback_accumulate,2455,,26423,,,358063616,471859200,413672448,473956352,,,,,,,,2.9783998616039753,,
1791272148.7727063,418148,frontend_frame,2455,0,26423,71,8,360310784,471859200,413672448,473956352,,,,,,,,,,
1791272149.2195125,418148,tracking_feedback_accumulate,2456,,26423,,,351985664,471859200,413672448,473956352,,,,,,,,2.913700183853507,,
1791272149.269394,418148,frontend_frame,2456,0,26423,72,8,358228480,471859200,413672448,473956352,,,,,,,,,,
1791272160.9423766,418148,tracking_feedback_accumulate,2457,,26845,,,362091008,471859200,413672448,473956352,,,,,,,,3.9967000484466553,,
1791272160.9474404,418148,frontend_frame,2457,0,26845,72,8,364440064,471859200,413672448,473956352,,,,,,,,,,
1791272161.3672261,418148,tracking_feedback_accumulate,2458,,26845,,,368436736,471859200,413672448,473956352,,,,,,,,2.9790999833494425,,
1791272161.372245,418148,frontend_frame,2458,0,26845,72,8,358198272,471859200,413672448,473956352,,,,,,,,,,
1791272161.769407,418148,tracking_feedback_accumulate,2459,,26845,,,362276864,471859200,413672448,473956352,,,,,,,,3.0156001448631287,,
1791272161.776611,418148,frontend_frame,2459,0,26845,72,8,364622848,471859200,413672448,473956352,,,,,,,,,,
1791272162.1388316,418148,tracking_feedback_accumulate,2460,,26845,,,368537600,471859200,413672448,473956352,,,,,,,,2.986700041219592,,
1791272162.145615,418148,frontend_frame,2460,0,26845,72,8,370883584,442499072,413672448,473956352,,,,,,,,,,
1791272162.5478175,418148,tracking_feedback_accumulate,2461,,26845,,,356019200,463470592,413672448,473956352,,,,,,,,3.01510002464056,,
1791272162.5523245,418148,frontend_frame,2461,0,26845,72,8,358365696,463470592,413672448,473956352,,,,,,,,,,
1791272162.9727657,418148,tracking_feedback_accumulate,2462,,26845,,,362198528,463470592,413672448,473956352,,,,,,,,3.0649001710116863,,
1791272162.9792771,418148,frontend_frame,2462,0,26845,72,8,364544512,463470592,413672448,473956352,,,,,,,,,,
1791272163.435783,418148,tracking_feedback_accumulate,2463,,26845,,,368541184,463470592,413672448,473956352,,,,,,,,3.1753999646753073,,
1791272163.439784,418148,frontend_frame,2463,0,26845,72,8,358203904,463470592,413672448,473956352,,,,,,,,,,
1791272163.9560487,418148,tracking_feedback_accumulate,2464,,26845,,,362282496,463470592,413672448,473956352,,,,,,,,2.6204001624137163,,
1791272163.9615557,418148,frontend_frame,2464,0,26845,72,8,364628480,463470592,413672448,473956352,,,,,,,,,,
1791272164.446721,418148,tracking_feedback_accumulate,2465,,26845,,,368625152,463470592,413672448,473956352,,,,,,,,3.7041001487523317,,
1791272164.4523153,418148,frontend_frame,2465,0,26845,72,8,358287872,463470592,413672448,473956352,,,,,,,,,,
1791272164.981311,418148,tracking_feedback_accumulate,2466,,26845,,,362284544,463470592,413672448,473956352,,,,,,,,3.540300065651536,,
1791272164.9855003,418148,frontend_frame,2466,0,26845,72,8,364630528,463470592,413672448,473956352,,,,,,,,,,
1791272165.2479308,418148,tracking_feedback_accumulate,2467,,26845,,,368627200,463470592,413672448,473956352,,,,,,,,3.6454000510275364,,
1791272165.253015,418148,frontend_frame,2467,0,26845,72,8,370973184,465567744,413672448,473956352,,,,,,,,,,
1791272165.7044957,418148,tracking_feedback_accumulate,2468,,26845,,,362286592,465567744,413672448,473956352,,,,,,,,2.8401000890880823,,
1791272165.7090907,418148,frontend_frame,2468,0,26845,72,8,364632576,465567744,413672448,473956352,,,,,,,,,,
1791272166.1086795,418148,tracking_feedback_accumulate,2469,,26845,,,368629248,465567744,413672448,473956352,,,,,,,,2.8389000799506903,,
1791272166.1149743,418148,frontend_frame,2469,0,26845,72,8,370975232,465567744,413672448,473956352,,,,,,,,,,
1791272166.4961648,418148,tracking_feedback_accumulate,2470,,26845,,,374889984,469762048,418235392,473956352,,,,,,,,3.3660000190138817,,
1791272166.502181,418148,frontend_frame,2470,0,26845,72,8,364552704,442499072,418235392,473956352,,,,,,,,,,
1791272166.9012969,418148,tracking_feedback_accumulate,2471,,26845,,,368549376,463470592,418235392,473956352,,,,,,,,2.972699934616685,,
1791272166.9063332,418148,frontend_frame,2471,0,26845,72,8,370895360,465567744,418235392,473956352,,,,,,,,,,
1791272167.3480458,418148,tracking_feedback_accumulate,2472,,26845,,,374973952,469762048,418235392,473956352,,,,,,,,3.8079998921602964,,
1791272167.353761,418148,frontend_frame,2472,0,26845,72,8,377319936,471859200,418235392,473956352,,,,,,,,,,
1791272167.695212,418148,tracking_feedback_accumulate,2473,,26845,,,362209792,471859200,418235392,473956352,,,,,,,,2.9776999726891518,,
1791272167.7002118,418148,frontend_frame,2473,0,26845,72,8,364555776,471859200,418235392,473956352,,,,,,,,,,
1791272168.1463711,418148,tracking_feedback_accumulate,2474,,26845,,,368716288,471859200,418235392,473956352,,,,,,,,2.99249985255301,,
1791272168.1503887,418148,frontend_frame,2474,0,26845,72,8,371062272,471859200,418235392,473956352,,,,,,,,,,
1791272168.5775633,418148,tracking_feedback_accumulate,2475,,26845,,,374895104,471859200,418235392,473956352,,,,,,,,2.990199951454997,,
1791272168.5827706,418148,frontend_frame,2475,0,26845,72,8,364557824,471859200,418235392,473956352,,,,,,,,,,
1791272168.9967334,418148,tracking_feedback_accumulate,2476,,26845,,,368554496,471859200,418235392,473956352,,,,,,,,3.046200145035982,,
1791272169.0029714,418148,frontend_frame,2476,0,26845,72,8,370900480,471859200,418235392,473956352,,,,,,,,,,
1791272169.4416385,418148,tracking_feedback_accumulate,2477,,26845,,,374979072,471859200,418235392,473956352,,,,,,,,2.6906998828053474,,
1791272169.4458218,418148,frontend_frame,2477,0,26845,72,8,377325056,471859200,418235392,473956352,,,,,,,,,,
1791272169.828868,418148,tracking_feedback_accumulate,2478,,26845,,,362296832,471859200,418235392,473956352,,,,,,,,2.7244999073445797,,
1791272169.835158,418148,frontend_frame,2478,0,26845,72,8,364642816,471859200,418235392,473956352,,,,,,,,,,
1791272170.2569094,418148,tracking_feedback_accumulate,2479,,26845,,,368639488,471859200,418235392,473956352,,,,,,,,2.76640010997653,,
1791272170.3127377,418148,frontend_frame,2479,0,26845,73,8,374981120,471859200,418235392,473956352,,,,,,,,,,
1791272182.0581598,418148,tracking_feedback_accumulate,2480,,27251,,,366240256,471859200,418235392,473956352,,,,,,,,2.6366999372839928,,
1791272182.0642579,418148,frontend_frame,2480,0,27251,73,8,368681472,440401920,418235392,473956352,,,,,,,,,,
1791272182.499241,418148,tracking_feedback_accumulate,2481,,27251,,,372678144,463470592,418235392,473956352,,,,,,,,3.560099983587861,,
1791272182.5049496,418148,frontend_frame,2481,0,27251,73,8,375116800,465567744,418235392,473956352,,,,,,,,,,
1791272182.916657,418148,tracking_feedback_accumulate,2482,,27251,,,379195392,469762048,422404608,473956352,,,,,,,,3.410999896004796,,
1791272182.9229438,418148,frontend_frame,2482,0,27251,73,8,362423808,469762048,422404608,473956352,,,,,,,,,,
1791272183.3374712,418148,tracking_feedback_accumulate,2483,,27251,,,366420480,469762048,422404608,473956352,,,,,,,,3.195099998265505,,
1791272183.3429253,418148,frontend_frame,2483,0,27251,73,8,368859136,469762048,422404608,473956352,,,,,,,,,,
1791272183.711501,418148,tracking_feedback_accumulate,2484,,27251,,,372773888,490733568,422404608,490733568,,,,,,,,3.0146001372486353,,
1791272183.7160199,418148,frontend_frame,2484,0,27251,73,8,375213056,490733568,422404608,490733568,,,,,,,,,,
1791272184.1559913,418148,tracking_feedback_accumulate,2485,,27251,,,359906816,490733568,422404608,490733568,,,,,,,,2.9007000848650932,,
1791272184.1615083,418148,frontend_frame,2485,0,27251,73,8,362345472,490733568,422404608,490733568,,,,,,,,,,
1791272184.6843114,418148,tracking_feedback_accumulate,2486,,27251,,,366424064,490733568,422404608,490733568,,,,,,,,3.642499912530184,,
1791272184.6888182,418148,frontend_frame,2486,0,27251,73,8,368862720,490733568,422404608,490733568,,,,,,,,,,
1791272185.111201,418148,tracking_feedback_accumulate,2487,,27251,,,372777472,490733568,422404608,490733568,,,,,,,,2.9678000137209892,,
1791272185.1173785,418148,frontend_frame,2487,0,27251,73,8,362347520,490733568,422404608,490733568,,,,,,,,,,
1791272185.5794773,418148,tracking_feedback_accumulate,2488,,27251,,,366344192,490733568,422404608,490733568,,,,,,,,3.164800116792321,,
1791272185.5850258,418148,frontend_frame,2488,0,27251,73,8,368782848,490733568,422404608,490733568,,,,,,,,,,
1791272186.0978756,418148,tracking_feedback_accumulate,2489,,27251,,,372861440,490733568,422404608,490733568,,,,,,,,2.9981001280248165,,
1791272186.1028857,418148,frontend_frame,2489,0,27251,73,8,375300096,490733568,422404608,490733568,,,,,,,,,,
1791272186.6024554,418148,tracking_feedback_accumulate,2490,,27251,,,359911936,490733568,422404608,490733568,,,,,,,,4.1247999761253595,,
1791272186.6071477,418148,frontend_frame,2490,0,27251,73,8,362350592,440401920,422404608,490733568,,,,,,,,,,
1791272187.1443026,418148,tracking_feedback_accumulate,2491,,27251,,,366429184,461373440,422404608,490733568,,,,,,,,3.0841000843793154,,
1791272187.1493022,418148,frontend_frame,2491,0,27251,73,8,368867840,461373440,422404608,490733568,,,,,,,,,,
1791272187.5379262,418148,tracking_feedback_accumulate,2492,,27251,,,372782592,484442112,422404608,490733568,,,,,,,,3.5637998953461647,,
1791272187.5439417,418148,frontend_frame,2492,0,27251,73,8,362352640,484442112,422404608,490733568,,,,,,,,,,
1791272188.0081916,418148,tracking_feedback_accumulate,2493,,27251,,,366431232,484442112,422404608,490733568,,,,,,,,2.909800037741661,,
1791272188.0128608,418148,frontend_frame,2493,0,27251,73,8,368869888,484442112,422404608,490733568,,,,,,,,,,
1791272188.4505007,418148,tracking_feedback_accumulate,2494,,27251,,,372784640,484442112,422404608,490733568,,,,,,,,2.9305999632924795,,
1791272188.4557517,418148,frontend_frame,2494,0,27251,73,8,362354688,484442112,422404608,490733568,,,,,,,,,,
1791272188.9392622,418148,tracking_feedback_accumulate,2495,,27251,,,366515200,484442112,422404608,490733568,,,,,,,,3.495299955829978,,
1791272188.944,418148,frontend_frame,2495,0,27251,73,8,368953856,484442112,422404608,490733568,,,,,,,,,,
1791272189.3096704,418148,tracking_feedback_accumulate,2496,,27251,,,372786688,484442112,422404608,490733568,,,,,,,,3.371200058609247,,
1791272189.3157315,418148,frontend_frame,2496,0,27251,73,8,375225344,486539264,422404608,490733568,,,,,,,,,,
1791272189.7640862,418148,tracking_feedback_accumulate,2497,,27251,,,366435328,486539264,422404608,490733568,,,,,,,,3.4338999539613724,,
1791272189.7690864,418148,frontend_frame,2497,0,27251,73,8,368873984,486539264,422404608,490733568,,,,,,,,,,
1791272190.2165587,418148,tracking_feedback_accumulate,2498,,27251,,,372788736,486539264,422404608,490733568,,,,,,,,3.0106999911367893,,
1791272190.2227104,418148,frontend_frame,2498,0,27251,73,8,375227392,486539264,422404608,490733568,,,,,,,,,,
1791272190.7180347,418148,tracking_feedback_accumulate,2499,,27251,,,379224064,490733568,422443520,490733568,,,,,,,,2.9765998478978872,,
1791272190.7230756,418148,frontend_frame,2499,0,27251,73,8,368794112,490733568,422443520,490733568,,,,,,,,,,
1791272191.1291866,418148,tracking_feedback_accumulate,2500,,27251,,,372872704,490733568,422443520,490733568,,,,,,,,3.072399878874421,,
1791272191.1346996,418148,frontend_frame,2500,0,27251,73,8,375311360,444596224,422443520,490733568,,,,,,,,,,
1791272191.6368282,418148,tracking_feedback_accumulate,2501,,27251,,,379226112,490733568,422487040,490733568,,,,,,,,2.84019997343421,,
1791272191.6423347,418148,frontend_frame,2501,0,27251,73,8,381664768,492830720,422487040,492830720,,,,,,,,,,
1791272192.1288261,418148,tracking_feedback_accumulate,2502,,27251,,,366440448,492830720,422487040,492830720,,,,,,,,2.93329986743629,,
1791272192.1338432,418148,frontend_frame,2502,0,27251,73,8,368879104,492830720,422487040,492830720,,,,,,,,,,
1791272192.599186,418148,tracking_feedback_accumulate,2503,,27251,,,372793856,492830720,422487040,492830720,,,,,,,,3.004699945449829,,
1791272192.6042073,418148,frontend_frame,2503,0,27251,73,8,375232512,492830720,422487040,492830720,,,,,,,,,,
1791272193.0664356,418148,tracking_feedback_accumulate,2504,,27251,,,379393024,492830720,422487040,492830720,,,,,,,,2.985399914905429,,
1791272193.0714357,418148,frontend_frame,2504,0,27251,73,8,368963072,492830720,422487040,492830720,,,,,,,,,,
1791272193.4499805,418148,tracking_feedback_accumulate,2505,,27251,,,372795904,492830720,422487040,492830720,,,,,,,,3.0855999793857336,,
1791272193.504696,418148,frontend_frame,2505,0,27251,74,8,379230208,492830720,422487040,492830720,,,,,,,,,,
1791272205.353058,418148,tracking_feedback_accumulate,2506,,25836,,,383219712,492830720,425959936,492830720,,,,,,,,3.007099963724613,,
1791272205.3580618,418148,frontend_frame,2506,0,25836,74,8,372445696,492830720,425959936,492830720,,,,,,,,,,
1791272205.7880566,418148,tracking_feedback_accumulate,2507,,25836,,,376442368,492830720,425959936,492830720,,,,,,,,4.079299978911877,,
1791272205.7927523,418148,frontend_frame,2507,0,25836,74,8,378548736,492830720,425959936,492830720,,,,,,,,,,
1791272206.260131,418148,tracking_feedback_accumulate,2508,,25836,,,382463488,492830720,425959936,492830720,,,,,,,,3.051500068977475,,
1791272206.2666504,418148,frontend_frame,2508,0,25836,74,8,384569856,492830720,425959936,492830720,,,,,,,,,,
1791272206.6884532,418148,tracking_feedback_accumulate,2509,,25836,,,376526336,492830720,425959936,492830720,,,,,,,,3.5285998601466417,,
1791272206.6941936,418148,frontend_frame,2509,0,25836,74,8,378632704,492830720,425959936,492830720,,,,,,,,,,
1791272207.0344722,418148,tracking_feedback_accumulate,2510,,25836,,,382465536,492830720,425959936,492830720,,,,,,,,2.839399967342615,,
1791272207.0405133,418148,frontend_frame,2510,0,25836,74,8,384572416,448790528,425959936,492830720,,,,,,,,,,
1791272207.4828708,418148,tracking_feedback_accumulate,2511,,25836,,,388651008,494927872,431328256,494927872,,,,,,,,2.9935999773442745,,
1791272207.4888752,418148,frontend_frame,2511,0,25836,74,8,366017024,494927872,431328256,494927872,,,,,,,,,,
1791272207.938585,418148,tracking_feedback_accumulate,2512,,25836,,,370013696,494927872,431328256,494927872,,,,,,,,3.383300034329295,,
1791272207.9438772,418148,frontend_frame,2512,0,25836,74,8,372120064,494927872,431328256,494927872,,,,,,,,,,
1791272208.3570678,418148,tracking_feedback_accumulate,2513,,25836,,,376116736,494927872,431328256,494927872,,,,,,,,3.563700011000037,,
1791272208.3623319,418148,frontend_frame,2513,0,25836,74,8,378223104,494927872,431328256,494927872,,,,,,,,,,
1791272209.0467472,418148,tracking_feedback_accumulate,2514,,25836,,,319076864,494927872,431328256,494927872,,,,,,,,2.9823000077158213,,
1791272209.0512486,418148,frontend_frame,2514,0,25836,74,8,321183232,494927872,431328256,494927872,,,,,,,,,,
1791272209.4733894,418148,tracking_feedback_accumulate,2515,,25836,,,325343744,494927872,431328256,494927872,,,,,,,,2.9517998918890953,,
1791272209.4794016,418148,frontend_frame,2515,0,25836,74,8,321348096,494927872,431328256,494927872,,,,,,,,,,
1791272209.8664725,418148,tracking_feedback_accumulate,2516,,25836,,,325180928,494927872,431328256,494927872,,,,,,,,2.876400016248226,,
1791272209.8714724,418148,frontend_frame,2516,0,25836,74,8,321185280,494927872,431328256,494927872,,,,,,,,,,
1791272210.2844927,418148,tracking_feedback_accumulate,2517,,25836,,,325181952,494927872,431328256,494927872,,,,,,,,2.7364999987185,,
1791272210.2887373,418148,frontend_frame,2517,0,25836,74,8,327288320,494927872,431328256,494927872,,,,,,,,,,
1791272210.7288768,418148,tracking_feedback_accumulate,2518,,25836,,,325264896,494927872,431328256,494927872,,,,,,,,2.9798001050949097,,
1791272210.733891,418148,frontend_frame,2518,0,25836,74,8,327371264,494927872,431328256,494927872,,,,,,,,,,
1791272211.0606558,418148,tracking_feedback_accumulate,2519,,25836,,,331286016,494927872,431328256,494927872,,,,,,,,3.7018998991698027,,
1791272211.0648077,418148,frontend_frame,2519,0,25836,74,8,333392384,494927872,431328256,494927872,,,,,,,,,,
1791272211.4992838,418148,tracking_feedback_accumulate,2520,,25836,,,325185024,494927872,431328256,494927872,,,,,,,,2.7308999560773373,,
1791272211.505293,418148,frontend_frame,2520,0,25836,74,8,327291392,438304768,431328256,494927872,,,,,,,,,,
1791272211.9268744,418148,tracking_feedback_accumulate,2521,,25836,,,331369984,480247808,431328256,494927872,,,,,,,,3.3056000247597694,,
1791272211.9313755,418148,frontend_frame,2521,0,25836,74,8,333476352,480247808,431328256,494927872,,,,,,,,,,
1791272212.2881103,418148,tracking_feedback_accumulate,2522,,25836,,,325268992,480247808,431328256,494927872,,,,,,,,2.8997000772506,,
1791272212.2927194,418148,frontend_frame,2522,0,25836,74,8,327375360,480247808,431328256,494927872,,,,,,,,,,
1791272212.655564,418148,tracking_feedback_accumulate,2523,,25836,,,331290112,480247808,431328256,494927872,,,,,,,,2.9503998812288046,,
1791272212.6600695,418148,frontend_frame,2523,0,25836,74,8,333396480,480247808,431328256,494927872,,,,,,,,,,
1791272213.072992,418148,tracking_feedback_accumulate,2524,,25836,,,337556992,480247808,431328256,494927872,,,,,,,,2.97550018876791,,
1791272213.0790317,418148,frontend_frame,2524,0,25836,74,8,327459328,480247808,431328256,494927872,,,,,,,,,,
1791272213.422904,418148,tracking_feedback_accumulate,2525,,25836,,,331292160,480247808,431328256,494927872,,,,,,,,2.972800051793456,,
1791272213.4274132,418148,frontend_frame,2525,0,25836,74,8,333398528,480247808,431328256,494927872,,,,,,,,,,
1791272213.8641856,418148,tracking_feedback_accumulate,2526,,25836,,,337477120,480247808,431328256,494927872,,,,,,,,3.3658999018371105,,
1791272213.8691852,418148,frontend_frame,2526,0,25836,74,8,327379456,480247808,431328256,494927872,,,,,,,,,,
1791272214.3031104,418148,tracking_feedback_accumulate,2527,,25836,,,331294208,480247808,431328256,494927872,,,,,,,,2.9703001491725445,,
1791272214.3086119,418148,frontend_frame,2527,0,25836,74,8,333400576,480247808,431328256,494927872,,,,,,,,,,
1791272214.7197225,418148,tracking_feedback_accumulate,2528,,25836,,,337479168,480247808,431328256,494927872,,,,,,,,2.962399972602725,,
1791272214.7232587,418148,frontend_frame,2528,0,25836,74,8,339585536,480247808,431328256,494927872,,,,,,,,,,
1791272215.1734316,418148,tracking_feedback_accumulate,2529,,25836,,,331296256,480247808,431328256,494927872,,,,,,,,2.8458000160753727,,
1791272215.1779356,418148,frontend_frame,2529,0,25836,74,8,333402624,480247808,431328256,494927872,,,,,,,,,,
1791272215.5958734,418148,tracking_feedback_accumulate,2530,,25836,,,337563136,480247808,431328256,494927872,,,,,,,,2.9271000530570745,,
1791272215.6014667,418148,frontend_frame,2530,0,25836,74,8,339669504,438304768,431328256,494927872,,,,,,,,,,
1791272215.949243,418148,tracking_feedback_accumulate,2531,,25836,,,343502336,480247808,431328256,494927872,,,,,,,,3.5696998238563538,,
1791272215.9539528,418148,frontend_frame,2531,0,25836,74,8,333404672,480247808,431328256,494927872,,,,,,,,,,
1791272216.3840134,418148,tracking_feedback_accumulate,2532,,25836,,,337483264,480247808,431328256,494927872,,,,,,,,3.4350999630987644,,
1791272216.3890135,418148,frontend_frame,2532,0,25836,74,8,339589632,480247808,431328256,494927872,,,,,,,,,,
1791272216.8116572,418148,tracking_feedback_accumulate,2533,,25836,,,343504384,480247808,431328256,494927872,,,,,,,,2.8750000055879354,,
1791272216.8167024,418148,frontend_frame,2533,0,25836,74,8,333406720,480247808,431328256,494927872,,,,,,,,,,
1791272217.187835,418148,tracking_feedback_accumulate,2534,,25836,,,337485312,480247808,431328256,494927872,,,,,,,,2.886699978262186,,
1791272217.1923404,418148,frontend_frame,2534,0,25836,74,8,339591680,480247808,431328256,494927872,,,,,,,,,,
1791272217.5819397,418148,tracking_feedback_accumulate,2535,,25836,,,343588352,480247808,431328256,494927872,,,,,,,,3.078499808907509,,
1791272217.586454,418148,frontend_frame,2535,0,25836,74,8,345694720,480247808,431328256,494927872,,,,,,,,,,
1791272218.0141463,418148,tracking_feedback_accumulate,2536,,25836,,,319099392,480247808,431328256,494927872,,,,,,,,2.9706000350415707,,
1791272218.0191467,418148,frontend_frame,2536,0,25836,74,8,321205760,480247808,431328256,494927872,,,,,,,,,,
1791272218.454148,418148,tracking_feedback_accumulate,2537,,25836,,,325366272,480247808,431328256,494927872,,,,,,,,2.984300022944808,,
1791272218.4586504,418148,frontend_frame,2537,0,25836,74,8,327472640,480247808,431328256,494927872,,,,,,,,,,
1791272218.8537242,418148,tracking_feedback_accumulate,2538,,25836,,,331305472,480247808,431328256,494927872,,,,,,,,3.2881000079214573,,
1791272218.8582265,418148,frontend_frame,2538,0,25836,74,8,321207808,480247808,431328256,494927872,,,,,,,,,,
1791272219.2599435,418148,tracking_feedback_accumulate,2539,,25836,,,325368320,480247808,431328256,494927872,,,,,,,,2.8099999763071537,,
1791272219.2636862,418148,frontend_frame,2539,0,25836,74,8,327474688,480247808,431328256,494927872,,,,,,,,,,
1791272219.7022355,418148,tracking_feedback_accumulate,2540,,25836,,,331307520,480247808,431328256,494927872,,,,,,,,3.2695999834686518,,
1791272219.7072687,418148,frontend_frame,2540,0,25836,74,8,321209856,438304768,431328256,494927872,,,,,,,,,,
1791272220.1353571,418148,tracking_feedback_accumulate,2541,,25836,,,325288448,480247808,431328256,494927872,,,,,,,,3.97390010766685,,
1791272220.1403575,418148,frontend_frame,2541,0,25836,74,8,327394816,480247808,431328256,494927872,,,,,,,,,,
1791272220.5924418,418148,tracking_feedback_accumulate,2542,,25836,,,331309568,480247808,431328256,494927872,,,,,,,,3.0499000567942858,,
1791272220.597159,418148,frontend_frame,2542,0,25836,74,8,333415936,480247808,431328256,494927872,,,,,,,,,,
1791272220.9653811,418148,tracking_feedback_accumulate,2543,,25836,,,319188480,480247808,431328256,494927872,,,,,,,,2.8430998791009188,,
1791272220.9703805,418148,frontend_frame,2543,0,25836,74,8,321294848,480247808,431328256,494927872,,,,,,,,,,
1791272221.4154363,418148,tracking_feedback_accumulate,2544,,25836,,,325291520,480247808,431328256,494927872,,,,,,,,2.975400071591139,,
1791272221.4204364,418148,frontend_frame,2544,0,25836,74,8,327397888,480247808,431328256,494927872,,,,,,,,,,
1791272221.8095176,418148,tracking_feedback_accumulate,2545,,25836,,,319190528,480247808,431328256,494927872,,,,,,,,3.082500072196126,,
1791272221.813717,418148,frontend_frame,2545,0,25836,74,8,321296896,480247808,431328256,494927872,,,,,,,,,,
1791272222.1729176,418148,tracking_feedback_accumulate,2546,,25836,,,325293568,480247808,431328256,494927872,,,,,,,,3.6840999964624643,,
1791272222.177428,418148,frontend_frame,2546,0,25836,74,8,327399936,480247808,431328256,494927872,,,,,,,,,,
1791272222.5483222,418148,tracking_feedback_accumulate,2547,,25836,,,331314688,480247808,431328256,494927872,,,,,,,,2.949099987745285,,
1791272222.5579522,418148,frontend_frame,2547,0,25836,74,8,321217024,480247808,431328256,494927872,,,,,,,,,,
1791272222.9972134,418148,tracking_feedback_accumulate,2548,,25836,,,325213696,480247808,431328256,494927872,,,,,,,,2.919799881055951,,
1791272223.001213,418148,frontend_frame,2548,0,25836,74,8,327320064,480247808,431328256,494927872,,,,,,,,,,
1791272223.4534261,418148,tracking_feedback_accumulate,2549,,25836,,,331398656,480247808,431328256,494927872,,,,,,,,3.062700154259801,,
1791272223.4585068,418148,frontend_frame,2549,0,25836,74,8,333505024,480247808,431328256,494927872,,,,,,,,,,
1791272223.9162946,418148,tracking_feedback_accumulate,2550,,25836,,,319113728,480247808,431328256,494927872,,,,,,,,2.97189992852509,,
1791272223.9213016,418148,frontend_frame,2550,0,25836,74,8,321220096,438304768,431328256,494927872,,,,,,,,,,
1791272224.274305,418148,tracking_feedback_accumulate,2551,,25836,,,325298688,480247808,431328256,494927872,,,,,,,,3.5627998877316713,,
1791272224.2793293,418148,frontend_frame,2551,0,25836,74,8,327405056,480247808,431328256,494927872,,,,,,,,,,
1791272224.7422388,418148,tracking_feedback_accumulate,2552,,25836,,,331401728,480247808,431328256,494927872,,,,,,,,3.676199819892645,,
1791272224.7469373,418148,frontend_frame,2552,0,25836,74,8,321304064,480247808,431328256,494927872,,,,,,,,,,
1791272225.176733,418148,tracking_feedback_accumulate,2553,,25836,,,325300736,480247808,431328256,494927872,,,,,,,,3.20490007288754,,
1791272225.1813467,418148,frontend_frame,2553,0,25836,74,8,327407104,480247808,431328256,494927872,,,,,,,,,,
1791272225.5639062,418148,tracking_feedback_accumulate,2554,,25836,,,331321856,480247808,431328256,494927872,,,,,,,,2.927000168710947,,
1791272225.5689087,418148,frontend_frame,2554,0,25836,74,8,321224192,480247808,431328256,494927872,,,,,,,,,,
1791272226.018177,418148,tracking_feedback_accumulate,2555,,25836,,,325220864,480247808,431328256,494927872,,,,,,,,2.938200021162629,,
1791272226.023205,418148,frontend_frame,2555,0,25836,74,8,327327232,480247808,431328256,494927872,,,,,,,,,,
1791272226.502546,418148,tracking_feedback_accumulate,2556,,25836,,,331405824,480247808,431328256,494927872,,,,,,,,2.931399969384074,,
1791272226.5074747,418148,frontend_frame,2556,0,25836,74,8,333512192,480247808,431328256,494927872,,,,,,,,,,
1791272226.9838147,418148,tracking_feedback_accumulate,2557,,25836,,,325304832,480247808,431328256,494927872,,,,,,,,2.9931000899523497,,
1791272226.9888146,418148,frontend_frame,2557,0,25836,74,8,327411200,480247808,431328256,494927872,,,,,,,,,,
1791272227.3830285,418148,tracking_feedback_accumulate,2558,,25836,,,331325952,480247808,431328256,494927872,,,,,,,,2.9223000165075064,,
1791272227.388032,418148,frontend_frame,2558,0,25836,74,8,333432320,480247808,431328256,494927872,,,,,,,,,,
1791272227.7732034,418148,tracking_feedback_accumulate,2559,,25836,,,337428992,480247808,431328256,494927872,,,,,,,,2.981300000101328,,
1791272227.7787097,418148,frontend_frame,2559,0,25836,74,8,327331328,480247808,431328256,494927872,,,,,,,,,,
1791272228.2373621,418148,tracking_feedback_accumulate,2560,,25836,,,331409920,480247808,431328256,494927872,,,,,,,,3.0485999304801226,,
1791272228.2424047,418148,frontend_frame,2560,0,25836,74,8,333516288,438304768,431328256,494927872,,,,,,,,,,
1791272228.6620853,418148,tracking_feedback_accumulate,2561,,25836,,,337431040,480247808,431328256,494927872,,,,,,,,3.5910001024603844,,
1791272228.6668415,418148,frontend_frame,2561,0,25836,74,8,339537408,480247808,431328256,494927872,,,,,,,,,,
1791272229.0537572,418148,tracking_feedback_accumulate,2562,,25836,,,325309952,480247808,431328256,494927872,,,,,,,,2.9855000320822,,
1791272229.0582592,418148,frontend_frame,2562,0,25836,74,8,327416320,480247808,431328256,494927872,,,,,,,,,,
1791272229.4803166,418148,tracking_feedback_accumulate,2563,,25836,,,331412992,480247808,431328256,494927872,,,,,,,,3.457099897786975,,
1791272229.4854264,418148,frontend_frame,2563,0,25836,74,8,333519360,480247808,431328256,494927872,,,,,,,,,,
1791272229.9201112,418148,tracking_feedback_accumulate,2564,,25836,,,337434112,480247808,431328256,494927872,,,,,,,,3.120100125670433,,
1791272229.9253633,418148,frontend_frame,2564,0,25836,74,8,321234432,480247808,431328256,494927872,,,,,,,,,,
1791272230.21603,418148,tracking_feedback_accumulate,2565,,25836,,,325394944,480247808,431328256,494927872,,,,,,,,2.9227000195533037,,
1791272230.2216654,418148,frontend_frame,2565,0,25836,74,8,327501312,480247808,431328256,494927872,,,,,,,,,,
1791272230.645319,418148,tracking_feedback_accumulate,2566,,25836,,,331334144,480247808,431328256,494927872,,,,,,,,3.3273999579250813,,
1791272230.650318,418148,frontend_frame,2566,0,25836,74,8,333440512,480247808,431328256,494927872,,,,,,,,,,
1791272231.028256,418148,tracking_feedback_accumulate,2567,,25836,,,319131136,480247808,431328256,494927872,,,,,,,,3.1278999522328377,,
1791272231.0779939,418148,frontend_frame,2567,0,25836,75,8,325233152,480247808,431328256,494927872,,,,,,,,,,
1791272242.683914,418148,tracking_feedback_accumulate,2568,,24874,,,323149824,480247808,431328256,494927872,,,,,,,,2.8834999538958073,,
1791272242.689915,418148,frontend_frame,2568,0,24874,75,8,325020160,480247808,431328256,494927872,,,,,,,,,,
1791272243.0313811,418148,tracking_feedback_accumulate,2569,,24874,,,328934912,480247808,431328256,494927872,,,,,,,,2.827199874445796,,
1791272243.0359058,418148,frontend_frame,2569,0,24874,75,8,330813440,480247808,431328256,494927872,,,,,,,,,,
1791272243.4958813,418148,tracking_feedback_accumulate,2570,,24874,,,323143680,480247808,431328256,494927872,,,,,,,,3.3396000508219004,,
1791272243.500048,418148,frontend_frame,2570,0,24874,75,8,325022208,438304768,431328256,494927872,,,,,,,,,,
1791272243.9369874,418148,tracking_feedback_accumulate,2571,,24874,,,328936960,480247808,431328256,494927872,,,,,,,,3.077500034123659,,
1791272243.94149,418148,frontend_frame,2571,0,24874,75,8,330815488,480247808,431328256,494927872,,,,,,,,,,
1791272244.377757,418148,tracking_feedback_accumulate,2572,,24874,,,334812160,480247808,431328256,494927872,,,,,,,,3.544100094586611,,
1791272244.382969,418148,frontend_frame,2572,0,24874,75,8,324942848,480247808,431328256,494927872,,,,,,,,,,
1791272244.828991,418148,tracking_feedback_accumulate,2573,,24874,,,329021440,480247808,431328256,494927872,,,,,,,,3.5844999365508556,,
1791272244.8332143,418148,frontend_frame,2573,0,24874,75,8,330899968,480247808,431328256,494927872,,,,,,,,,,
1791272245.2082493,418148,tracking_feedback_accumulate,2574,,24874,,,334814720,480247808,431328256,494927872,,,,,,,,3.1664001289755106,,
1791272245.213284,418148,frontend_frame,2574,0,24874,75,8,336693248,480247808,431328256,494927872,,,,,,,,,,
1791272245.6470678,418148,tracking_feedback_accumulate,2575,,24874,,,323067392,480247808,431328256,494927872,,,,,,,,3.150499891489744,,
1791272245.6520746,418148,frontend_frame,2575,0,24874,75,8,324945920,480247808,431328256,494927872,,,,,,,,,,
1791272245.9293392,418148,tracking_feedback_accumulate,2576,,24874,,,329024512,480247808,431328256,494927872,,,,,,,,3.3746000844985247,,
1791272245.934354,418148,frontend_frame,2576,0,24874,75,8,330903040,480247808,431328256,494927872,,,,,,,,,,
1791272246.3085704,418148,tracking_feedback_accumulate,2577,,24874,,,334899712,480247808,431328256,494927872,,,,,,,,2.9025000985711813,,
1791272246.3144133,418148,frontend_frame,2577,0,24874,75,8,325029888,480247808,431328256,494927872,,,,,,,,,,
1791272246.7424436,418148,tracking_feedback_accumulate,2578,,24874,,,329026560,480247808,431328256,494927872,,,,,,,,2.8478000313043594,,
1791272246.7481174,418148,frontend_frame,2578,0,24874,75,8,330905088,480247808,431328256,494927872,,,,,,,,,,
1791272247.1385093,418148,tracking_feedback_accumulate,2579,,24874,,,334819840,480247808,431328256,494927872,,,,,,,,2.8576001059263945,,
1791272247.1428044,418148,frontend_frame,2579,0,24874,75,8,336698368,480247808,431328256,494927872,,,,,,,,,,
1791272247.5904348,418148,tracking_feedback_accumulate,2580,,24874,,,323072512,480247808,431328256,494927872,,,,,,,,2.8201998211443424,,
1791272247.5952196,418148,frontend_frame,2580,0,24874,75,8,324951040,438304768,431328256,494927872,,,,,,,,,,
1791272247.9471865,418148,tracking_feedback_accumulate,2581,,24874,,,329029632,480247808,431328256,494927872,,,,,,,,3.563599893823266,,
1791272247.9523075,418148,frontend_frame,2581,0,24874,75,8,330908160,480247808,431328256,494927872,,,,,,,,,,
1791272248.336251,418148,tracking_feedback_accumulate,2582,,24874,,,323156480,480247808,431328256,494927872,,,,,,,,2.9420999344438314,,
1791272248.3417532,418148,frontend_frame,2582,0,24874,75,8,325035008,480247808,431328256,494927872,,,,,,,,,,
1791272248.76993,418148,tracking_feedback_accumulate,2583,,24874,,,328949760,480247808,431328256,494927872,,,,,,,,2.9249999206513166,,
1791272248.7749684,418148,frontend_frame,2583,0,24874,75,8,330828288,480247808,431328256,494927872,,,,,,,,,,
1791272249.1537702,418148,tracking_feedback_accumulate,2584,,24874,,,334988800,480247808,431328256,494927872,,,,,,,,2.8655000496655703,,
1791272249.1582892,418148,frontend_frame,2584,0,24874,75,8,325118976,480247808,431328256,494927872,,,,,,,,,,
1791272249.5857978,418148,tracking_feedback_accumulate,2585,,24874,,,328951808,480247808,431328256,494927872,,,,,,,,3.3062000293284655,,
1791272249.591296,418148,frontend_frame,2585,0,24874,75,8,330830336,480247808,431328256,494927872,,,,,,,,,,
1791272250.016684,418148,tracking_feedback_accumulate,2586,,24874,,,334908928,480247808,431328256,494927872,,,,,,,,3.3430999610573053,,
1791272250.0201926,418148,frontend_frame,2586,0,24874,75,8,336787456,480247808,431328256,494927872,,,,,,,,,,
1791272250.4467494,418148,tracking_feedback_accumulate,2587,,24874,,,323079680,480247808,431328256,494927872,,,,,,,,2.9546001460403204,,
1791272250.4512534,418148,frontend_frame,2587,0,24874,75,8,324958208,480247808,431328256,494927872,,,,,,,,,,
1791272250.8265128,418148,tracking_feedback_accumulate,2588,,24874,,,329036800,480247808,431328256,494927872,,,,,,,,3.029199782758951,,
1791272250.8312564,418148,frontend_frame,2588,0,24874,75,8,330915328,480247808,431328256,494927872,,,,,,,,,,
1791272251.2517235,418148,tracking_feedback_accumulate,2589,,24874,,,334830080,480247808,431328256,494927872,,,,,,,,3.5226999316364527,,
1791272251.2562299,418148,frontend_frame,2589,0,24874,75,8,324960256,480247808,431328256,494927872,,,,,,,,,,
1791272251.6959043,418148,tracking_feedback_accumulate,2590,,24874,,,328956928,480247808,431328256,494927872,,,,,,,,2.85950000397861,,
1791272251.7014089,418148,frontend_frame,2590,0,24874,75,8,330835456,438304768,431328256,494927872,,,,,,,,,,
1791272252.079666,418148,tracking_feedback_accumulate,2591,,24874,,,334914048,480247808,431328256,494927872,,,,,,,,2.9326998628675938,,
1791272252.0849395,418148,frontend_frame,2591,0,24874,75,8,336792576,480247808,431328256,494927872,,,,,,,,,,
1791272252.4845388,418148,tracking_feedback_accumulate,2592,,24874,,,323166720,480247808,431328256,494927872,,,,,,,,3.3575999550521374,,
1791272252.4895394,418148,frontend_frame,2592,0,24874,75,8,325045248,480247808,431328256,494927872,,,,,,,,,,
1791272252.8942013,418148,tracking_feedback_accumulate,2593,,24874,,,329041920,480247808,431328256,494927872,,,,,,,,2.92930006980896,,
1791272252.8992045,418148,frontend_frame,2593,0,24874,75,8,330920448,480247808,431328256,494927872,,,,,,,,,,
1791272253.31553,418148,tracking_feedback_accumulate,2594,,24874,,,334917120,480247808,431328256,494927872,,,,,,,,2.8345000464469194,,
1791272253.3200357,418148,frontend_frame,2594,0,24874,75,8,325047296,480247808,431328256,494927872,,,,,,,,,,
1791272253.7162793,418148,tracking_feedback_accumulate,2595,,24874,,,329043968,480247808,431328256,494927872,,,,,,,,3.4748001489788294,,
1791272253.7212892,418148,frontend_frame,2595,0,24874,75,8,330922496,480247808,431328256,494927872,,,,,,,,,,
1791272254.1453092,418148,tracking_feedback_accumulate,2596,,24874,,,334919168,480247808,431328256,494927872,,,,,,,,2.8239998500794172,,
1791272254.1513124,418148,frontend_frame,2596,0,24874,75,8,325049344,480247808,431328256,494927872,,,,,,,,,,
1791272254.560048,418148,tracking_feedback_accumulate,2597,,24874,,,328964096,480247808,431328256,494927872,,,,,,,,2.9092999175190926,,
1791272254.5650613,418148,frontend_frame,2597,0,24874,75,8,330842624,480247808,431328256,494927872,,,,,,,,,,
1791272254.9378977,418148,tracking_feedback_accumulate,2598,,24874,,,335003136,480247808,431328256,494927872,,,,,,,,3.487100126221776,,
1791272254.9424021,418148,frontend_frame,2598,0,24874,75,8,336881664,480247808,431328256,494927872,,,,,,,,,,
1791272255.3841565,418148,tracking_feedback_accumulate,2599,,24874,,,328966144,480247808,431328256,494927872,,,,,,,,2.907700138166547,,
1791272255.3891568,418148,frontend_frame,2599,0,24874,75,8,330844672,480247808,431328256,494927872,,,,,,,,,,
1791272255.791303,418148,tracking_feedback_accumulate,2600,,24874,,,334923264,480247808,431328256,494927872,,,,,,,,3.5995999351143837,,
1791272255.796326,418148,frontend_frame,2600,0,24874,75,8,336801792,459276288,431328256,494927872,,,,,,,,,,
1791272256.2015083,418148,tracking_feedback_accumulate,2601,,24874,,,340798464,480247808,431328256,494927872,,,,,,,,3.0411002226173878,,
1791272256.2065513,418148,frontend_frame,2601,0,24874,75,8,330928640,480247808,431328256,494927872,,,,,,,,,,
1791272256.607327,418148,tracking_feedback_accumulate,2602,,24874,,,334843392,480247808,431328256,494927872,,,,,,,,3.568700049072504,,
1791272256.6118686,418148,frontend_frame,2602,0,24874,75,8,336721920,480247808,431328256,494927872,,,,,,,,,,
1791272257.004884,418148,tracking_feedback_accumulate,2603,,24874,,,340882432,480247808,431328256,494927872,,,,,,,,2.948300214484334,,
1791272257.0099075,418148,frontend_frame,2603,0,24874,75,8,342760960,480247808,431328256,494927872,,,,,,,,,,
1791272257.376914,418148,tracking_feedback_accumulate,2604,,24874,,,328971264,480247808,431328256,494927872,,,,,,,,2.9078000225126743,,
1791272257.381416,418148,frontend_frame,2604,0,24874,75,8,330849792,480247808,431328256,494927872,,,,,,,,,,
1791272257.7942176,418148,tracking_feedback_accumulate,2605,,24874,,,335010304,480247808,431328256,494927872,,,,,,,,3.083700081333518,,
1791272257.7982178,418148,frontend_frame,2605,0,24874,75,8,336888832,480247808,431328256,494927872,,,,,,,,,,
1791272258.1399593,418148,tracking_feedback_accumulate,2606,,24874,,,340721664,480247808,431328256,494927872,,,,,,,,3.152000019326806,,
1791272258.145109,418148,frontend_frame,2606,0,24874,75,8,330851840,480247808,431328256,494927872,,,,,,,,,,
1791272258.5440204,418148,tracking_feedback_accumulate,2607,,24874,,,334930432,480247808,431328256,494927872,,,,,,,,3.819799982011318,,
1791272258.5480196,418148,frontend_frame,2607,0,24874,75,8,336808960,480247808,431328256,494927872,,,,,,,,,,
1791272258.8983345,418148,tracking_feedback_accumulate,2608,,24874,,,340805632,480247808,431328256,494927872,,,,,,,,2.915299963206053,,
1791272258.9034233,418148,frontend_frame,2608,0,24874,75,8,342684160,480247808,431328256,494927872,,,,,,,,,,
1791272259.2458923,418148,tracking_feedback_accumulate,2609,,24874,,,328976384,480247808,431328256,494927872,,,,,,,,2.8491001576185226,,
1791272259.250914,418148,frontend_frame,2609,0,24874,75,8,330854912,480247808,431328256,494927872,,,,,,,,,,
1791272259.6413307,418148,tracking_feedback_accumulate,2610,,24874,,,335015424,480247808,431328256,494927872,,,,,,,,2.8525001835078,,
1791272259.6459112,418148,frontend_frame,2610,0,24874,75,8,336893952,459276288,431328256,494927872,,,,,,,,,,
1791272260.0495594,418148,tracking_feedback_accumulate,2611,,24874,,,340726784,480247808,431328256,494927872,,,,,,,,3.0206001829355955,,
1791272260.0539,418148,frontend_frame,2611,0,24874,75,8,330856960,480247808,431328256,494927872,,,,,,,,,,
1791272260.4782276,418148,tracking_feedback_accumulate,2612,,24874,,,334853632,480247808,431328256,494927872,,,,,,,,3.5251001827418804,,
1791272260.4832568,418148,frontend_frame,2612,0,24874,75,8,336732160,480247808,431328256,494927872,,,,,,,,,,
1791272260.8323684,418148,tracking_feedback_accumulate,2613,,24874,,,340810752,480247808,431328256,494927872,,,,,,,,3.021900076419115,,
1791272260.8373709,418148,frontend_frame,2613,0,24874,75,8,330940928,480247808,431328256,494927872,,,,,,,,,,
1791272261.2564461,418148,tracking_feedback_accumulate,2614,,24874,,,334937600,480247808,431328256,494927872,,,,,,,,2.6057998184114695,,
1791272261.261462,418148,frontend_frame,2614,0,24874,75,8,336816128,480247808,431328256,494927872,,,,,,,,,,
1791272261.6960895,418148,tracking_feedback_accumulate,2615,,24874,,,340730880,480247808,431328256,494927872,,,,,,,,2.9615999665111303,,
1791272261.7015944,418148,frontend_frame,2615,0,24874,75,8,342609408,480247808,431328256,494927872,,,,,,,,,,
1791272262.0380979,418148,tracking_feedback_accumulate,2616,,24874,,,335021568,480247808,431328256,494927872,,,,,,,,2.9794001020491123,,
1791272262.0437162,418148,frontend_frame,2616,0,24874,75,8,336900096,480247808,431328256,494927872,,,,,,,,,,
1791272262.401312,418148,tracking_feedback_accumulate,2617,,24874,,,340732928,480247808,431328256,494927872,,,,,,,,3.3881000708788633,,
1791272262.4063263,418148,frontend_frame,2617,0,24874,75,8,342611456,480247808,431328256,494927872,,,,,,,,,,
1791272262.7634056,418148,tracking_feedback_accumulate,2618,,24874,,,346608128,480247808,431328256,494927872,,,,,,,,3.4211999736726284,,
1791272262.7684412,418148,frontend_frame,2618,0,24874,75,8,336738304,480247808,431328256,494927872,,,,,,,,,,
1791272263.1914082,418148,tracking_feedback_accumulate,2619,,24874,,,340816896,480247808,431328256,494927872,,,,,,,,2.877900144085288,,
1791272263.1969705,418148,frontend_frame,2619,0,24874,75,8,342695424,480247808,431328256,494927872,,,,,,,,,,
1791272263.4641175,418148,tracking_feedback_accumulate,2620,,24874,,,346610176,480247808,431328256,494927872,,,,,,,,2.99279997125268,,
1791272263.4716237,418148,frontend_frame,2620,0,24874,75,8,348488704,438304768,431328256,494927872,,,,,,,,,,
1791272263.8236003,418148,tracking_feedback_accumulate,2621,,24874,,,323196416,480247808,431328256,494927872,,,,,,,,2.873899880796671,,
1791272263.8292007,418148,frontend_frame,2621,0,24874,75,8,325074944,480247808,431328256,494927872,,,,,,,,,,
1791272264.191489,418148,tracking_feedback_accumulate,2622,,24874,,,329071616,480247808,431328256,494927872,,,,,,,,2.938699908554554,,
1791272264.1980119,418148,frontend_frame,2622,0,24874,75,8,330950144,480247808,431328256,494927872,,,,,,,,,,
1791272264.6306143,418148,tracking_feedback_accumulate,2623,,24874,,,334864896,480247808,431328256,494927872,,,,,,,,3.13510000705719,,
1791272264.635159,418148,frontend_frame,2623,0,24874,75,8,324995072,480247808,431328256,494927872,,,,,,,,,,
1791272265.0291843,418148,tracking_feedback_accumulate,2624,,24874,,,329155584,480247808,431328256,494927872,,,,,,,,3.004699945449829,,
1791272265.0341575,418148,frontend_frame,2624,0,24874,75,8,331034112,480247808,431328256,494927872,,,,,,,,,,
1791272265.4703374,418148,tracking_feedback_accumulate,2625,,24874,,,334866944,480247808,431328256,494927872,,,,,,,,2.9400999192148447,,
1791272265.4759574,418148,frontend_frame,2625,0,24874,75,8,336745472,480247808,431328256,494927872,,,,,,,,,,
1791272265.8441007,418148,tracking_feedback_accumulate,2626,,24874,,,323201536,480247808,431328256,494927872,,,,,,,,2.966600004583597,,
1791272265.849604,418148,frontend_frame,2626,0,24874,75,8,325080064,480247808,431328256,494927872,,,,,,,,,,
1791272266.049641,418148,tracking_feedback_accumulate,2627,,24874,,,329076736,480247808,431328256,494927872,,,,,,,,3.301100106909871,,
1791272266.0548275,418148,frontend_frame,2627,0,24874,75,8,330955264,480247808,431328256,494927872,,,,,,,,,,
1791272266.4599967,418148,tracking_feedback_accumulate,2628,,24874,,,334870016,480247808,431328256,494927872,,,,,,,,3.0896998941898346,,
1791272266.4660084,418148,frontend_frame,2628,0,24874,75,8,325000192,480247808,431328256,494927872,,,,,,,,,,
1791272266.892388,418148,tracking_feedback_accumulate,2629,,24874,,,328996864,480247808,431328256,494927872,,,,,,,,2.9279999434947968,,
1791272266.8970408,418148,frontend_frame,2629,0,24874,75,8,330875392,480247808,431328256,494927872,,,,,,,,,,
1791272267.2624946,418148,tracking_feedback_accumulate,2630,,24874,,,334953984,480247808,431328256,494927872,,,,,,,,2.849999815225601,,
1791272267.2681377,418148,frontend_frame,2630,0,24874,75,8,325084160,438304768,431328256,494927872,,,,,,,,,,
1791272267.6954715,418148,tracking_feedback_accumulate,2631,,24874,,,328998912,480247808,431328256,494927872,,,,,,,,2.8437001165002584,,
1791272267.6999745,418148,frontend_frame,2631,0,24874,75,8,330877440,480247808,431328256,494927872,,,,,,,,,,
1791272268.0603442,418148,tracking_feedback_accumulate,2632,,24874,,,334874112,480247808,431328256,494927872,,,,,,,,2.8406998608261347,,
1791272268.0650296,418148,frontend_frame,2632,0,24874,75,8,336752640,480247808,431328256,494927872,,,,,,,,,,
1791272268.4424884,418148,tracking_feedback_accumulate,2633,,24874,,,329082880,480247808,431328256,494927872,,,,,,,,3.114399965852499,,
1791272268.4471855,418148,frontend_frame,2633,0,24874,75,8,330961408,480247808,431328256,494927872,,,,,,,,,,
1791272268.7268796,418148,tracking_feedback_accumulate,2634,,24874,,,334876160,480247808,431328256,494927872,,,,,,,,2.791500184684992,,
1791272268.7313814,418148,frontend_frame,2634,0,24874,75,8,336754688,480247808,431328256,494927872,,,,,,,,,,
1791272269.110156,418148,tracking_feedback_accumulate,2635,,24874,,,340915200,480247808,431328256,494927872,,,,,,,,2.9108000453561544,,
1791272269.1158235,418148,frontend_frame,2635,0,24874,75,8,331045376,480247808,431328256,494927872,,,,,,,,,,
1791272269.5340297,418148,tracking_feedback_accumulate,2636,,24874,,,334878208,480247808,431328256,494927872,,,,,,,,2.926700050011277,,
1791272269.5390298,418148,frontend_frame,2636,0,24874,75,8,336756736,480247808,431328256,494927872,,,,,,,,,,
1791272269.8249815,418148,tracking_feedback_accumulate,2637,,24874,,,340835328,480247808,431328256,494927872,,,,,,,,2.9378999024629593,,
1791272269.8299847,418148,frontend_frame,2637,0,24874,75,8,342713856,480247808,431328256,494927872,,,,,,,,,,
1791272270.1989183,418148,tracking_feedback_accumulate,2638,,24874,,,329088000,480247808,431328256,494927872,,,,,,,,3.1336001120507717,,
1791272270.2039297,418148,frontend_frame,2638,0,24874,75,8,330966528,480247808,431328256,494927872,,,,,,,,,,
1791272270.5671473,418148,tracking_feedback_accumulate,2639,,24874,,,334881280,480247808,431328256,494927872,,,,,,,,2.7886000461876392,,
1791272270.5711477,418148,frontend_frame,2639,0,24874,75,8,336759808,480247808,431328256,494927872,,,,,,,,,,
1791272270.9599934,418148,tracking_feedback_accumulate,2640,,24874,,,340920320,480247808,431328256,494927872,,,,,,,,3.032499924302101,,
1791272270.966006,418148,frontend_frame,2640,0,24874,75,8,331050496,459276288,431328256,494927872,,,,,,,,,,
1791272271.3690012,418148,tracking_feedback_accumulate,2641,,24874,,,334883328,480247808,431328256,494927872,,,,,,,,3.2804999500513077,,
1791272271.3735442,418148,frontend_frame,2641,0,24874,75,8,336761856,480247808,431328256,494927872,,,,,,,,,,
1791272271.7698216,418148,tracking_feedback_accumulate,2642,,24874,,,340922368,480247808,431328256,494927872,,,,,,,,2.9114000499248505,,
1791272271.774839,418148,frontend_frame,2642,0,24874,75,8,342800896,480247808,431328256,494927872,,,,,,,,,,
1791272272.2047784,418148,tracking_feedback_accumulate,2643,,24874,,,329011200,480247808,431328256,494927872,,,,,,,,3.1973998993635178,,
1791272272.2102864,418148,frontend_frame,2643,0,24874,75,8,330889728,480247808,431328256,494927872,,,,,,,,,,
1791272272.5848045,418148,tracking_feedback_accumulate,2644,,24874,,,335050240,480247808,431328256,494927872,,,,,,,,3.0221000779420137,,
1791272272.5898042,418148,frontend_frame,2644,0,24874,75,8,336928768,480247808,431328256,494927872,,,,,,,,,,
1791272272.9795005,418148,tracking_feedback_accumulate,2645,,24874,,,340761600,480247808,431328256,494927872,,,,,,,,2.9990000184625387,,
1791272272.9838755,418148,frontend_frame,2645,0,24874,75,8,330891776,480247808,431328256,494927872,,,,,,,,,,
1791272273.365808,418148,tracking_feedback_accumulate,2646,,24874,,,335052288,480247808,431328256,494927872,,,,,,,,3.005499951541424,,
1791272273.3698113,418148,frontend_frame,2646,0,24874,75,8,336930816,480247808,431328256,494927872,,,,,,,,,,
1791272273.7361093,418148,tracking_feedback_accumulate,2647,,24874,,,340763648,480247808,431328256,494927872,,,,,,,,2.991399960592389,,
1791272273.7421236,418148,frontend_frame,2647,0,24874,75,8,330893824,480247808,431328256,494927872,,,,,,,,,,
1791272274.1328094,418148,tracking_feedback_accumulate,2648,,24874,,,335054336,480247808,431328256,494927872,,,,,,,,2.826400101184845,,
1791272274.1378136,418148,frontend_frame,2648,0,24874,75,8,336932864,480247808,431328256,494927872,,,,,,,,,,
1791272274.535391,418148,tracking_feedback_accumulate,2649,,24874,,,340765696,480247808,431328256,494927872,,,,,,,,2.830399898812175,,
1791272274.5403922,418148,frontend_frame,2649,0,24874,75,8,342644224,480247808,431328256,494927872,,,,,,,,,,
1791272274.8934598,418148,tracking_feedback_accumulate,2650,,24874,,,323226112,480247808,431328256,494927872,,,,,,,,3.124699927866459,,
1791272274.8984597,418148,frontend_frame,2650,0,24874,75,8,325104640,438304768,431328256,494927872,,,,,,,,,,
1791272275.2631216,418148,tracking_feedback_accumulate,2651,,24874,,,329101312,480247808,431328256,494927872,,,,,,,,2.799700014293194,,
1791272275.2681243,418148,frontend_frame,2651,0,24874,75,8,330979840,480247808,431328256,494927872,,,,,,,,,,
1791272275.660593,418148,tracking_feedback_accumulate,2652,,24874,,,334894592,480247808,431328256,494927872,,,,,,,,3.8743000477552414,,
1791272275.6663156,418148,frontend_frame,2652,0,24874,75,8,325024768,480247808,431328256,494927872,,,,,,,,,,
1791272276.0524654,418148,tracking_feedback_accumulate,2653,,24874,,,329021440,480247808,431328256,494927872,,,,,,,,2.8480999171733856,,
1791272276.0578814,418148,frontend_frame,2653,0,24874,75,8,330899968,480247808,431328256,494927872,,,,,,,,,,
1791272276.4463267,418148,tracking_feedback_accumulate,2654,,24874,,,334978560,480247808,431328256,494927872,,,,,,,,3.5546000581234694,,
1791272276.4513826,418148,frontend_frame,2654,0,24874,75,8,336857088,480247808,431328256,494927872,,,,,,,,,,
1791272276.8293772,418148,tracking_feedback_accumulate,2655,,24874,,,323149312,480247808,431328256,494927872,,,,,,,,2.878699917346239,,
1791272276.834466,418148,frontend_frame,2655,0,24874,75,8,325027840,480247808,431328256,494927872,,,,,,,,,,
1791272277.2297094,418148,tracking_feedback_accumulate,2656,,24874,,,329106432,480247808,431328256,494927872,,,,,,,,2.8282999992370605,,
1791272277.2349296,418148,frontend_frame,2656,0,24874,75,8,330984960,480247808,431328256,494927872,,,,,,,,,,
1791272277.6332886,418148,tracking_feedback_accumulate,2657,,24874,,,334981632,480247808,431328256,494927872,,,,,,,,2.935500117018819,,
1791272277.637797,418148,frontend_frame,2657,0,24874,75,8,325111808,480247808,431328256,494927872,,,,,,,,,,
1791272278.0523071,418148,tracking_feedback_accumulate,2658,,24874,,,329026560,480247808,431328256,494927872,,,,,,,,2.926599932834506,,
1791272278.056821,418148,frontend_frame,2658,0,24874,75,8,330905088,480247808,431328256,494927872,,,,,,,,,,
1791272278.4650486,418148,tracking_feedback_accumulate,2659,,24874,,,335065600,480247808,431328256,494927872,,,,,,,,2.95920018106699,,
1791272278.469048,418148,frontend_frame,2659,0,24874,75,8,336944128,480247808,431328256,494927872,,,,,,,,,,
1791272278.8625083,418148,tracking_feedback_accumulate,2660,,24874,,,323154432,480247808,431328256,494927872,,,,,,,,3.149300115182996,,
1791272278.8670654,418148,frontend_frame,2660,0,24874,75,8,325032960,438304768,431328256,494927872,,,,,,,,,,
1791272279.2488742,418148,tracking_feedback_accumulate,2661,,24874,,,329029632,480247808,431328256,494927872,,,,,,,,2.9768000822514296,,
1791272279.2545779,418148,frontend_frame,2661,0,24874,75,8,330908160,480247808,431328256,494927872,,,,,,,,,,
1791272279.5677338,418148,tracking_feedback_accumulate,2662,,24874,,,323238400,480247808,431328256,494927872,,,,,,,,2.99279997125268,,
1791272279.5723126,418148,frontend_frame,2662,0,24874,75,8,325116928,480247808,431328256,494927872,,,,,,,,,,
1791272279.8570392,418148,tracking_feedback_accumulate,2663,,24874,,,329031680,480247808,431328256,494927872,,,,,,,,2.759199822321534,,
1791272279.8621,418148,frontend_frame,2663,0,24874,75,8,330910208,480247808,431328256,494927872,,,,,,,,,,
1791272280.2600832,418148,tracking_feedback_accumulate,2664,,24874,,,334988800,480247808,431328256,494927872,,,,,,,,2.802100032567978,,
1791272280.2662475,418148,frontend_frame,2664,0,24874,75,8,325118976,480247808,431328256,494927872,,,,,,,,,,
1791272280.5814905,418148,tracking_feedback_accumulate,2665,,24874,,,329033728,480247808,431328256,494927872,,,,,,,,3.031600033864379,,
1791272280.5860612,418148,frontend_frame,2665,0,24874,75,8,330912256,480247808,431328256,494927872,,,,,,,,,,
1791272280.9501545,418148,tracking_feedback_accumulate,2666,,24874,,,334990848,480247808,431328256,494927872,,,,,,,,2.7942999731749296,,
1791272281.0010483,418148,frontend_frame,2666,0,24874,76,8,340865024,480247808,431328256,494927872,,,,,,,,,,
1791272292.3404405,418148,tracking_feedback_accumulate,2667,,24700,,,327229440,480247808,431328256,494927872,,,,,,,,2.9569000471383333,,
1791272292.3454406,418148,frontend_frame,2667,0,24700,76,8,329061888,480247808,431328256,494927872,,,,,,,,,,
1791272292.7667615,418148,tracking_feedback_accumulate,2668,,24700,,,332976640,480247808,431328256,494927872,,,,,,,,2.8041000477969646,,
1791272292.7718167,418148,frontend_frame,2668,0,24700,76,8,334811136,480247808,431328256,494927872,,,,,,,,,,
1791272293.1770024,418148,tracking_feedback_accumulate,2669,,24700,,,327147520,480247808,431328256,494927872,,,,,,,,2.925100037828088,,
1791272293.1811852,418148,frontend_frame,2669,0,24700,76,8,328982016,480247808,431328256,494927872,,,,,,,,,,
1791272293.5738468,418148,tracking_feedback_accumulate,2670,,24700,,,333060608,480247808,431328256,494927872,,,,,,,,2.6338999159634113,,
1791272293.5779977,418148,frontend_frame,2670,0,24700,76,8,334895104,459276288,431328256,494927872,,,,,,,,,,
1791272294.0002306,418148,tracking_feedback_accumulate,2671,,24700,,,338809856,480247808,431328256,494927872,,,,,,,,3.1623998656868935,,
1791272294.0052307,418148,frontend_frame,2671,0,24700,76,8,328984576,480247808,431328256,494927872,,,,,,,,,,
1791272294.350915,418148,tracking_feedback_accumulate,2672,,24700,,,333063168,480247808,431328256,494927872,,,,,,,,2.934299875050783,,
1791272294.3549142,418148,frontend_frame,2672,0,24700,76,8,334897664,480247808,431328256,494927872,,,,,,,,,,
1791272294.7407665,418148,tracking_feedback_accumulate,2673,,24700,,,338812416,480247808,431328256,494927872,,,,,,,,2.9039999935775995,,
1791272294.745291,418148,frontend_frame,2673,0,24700,76,8,340646912,480247808,431328256,494927872,,,,,,,,,,
1791272295.0966418,418148,tracking_feedback_accumulate,2674,,24700,,,327235072,480247808,431328256,494927872,,,,,,,,3.29370005056262,,
1791272295.1014175,418148,frontend_frame,2674,0,24700,76,8,329069568,480247808,431328256,494927872,,,,,,,,,,
1791272295.467505,418148,tracking_feedback_accumulate,2675,,24700,,,333066240,480247808,431328256,494927872,,,,,,,,3.0254998710006475,,
1791272295.472742,418148,frontend_frame,2675,0,24700,76,8,334900736,480247808,431328256,494927872,,,,,,,,,,
1791272295.8029678,418148,tracking_feedback_accumulate,2676,,24700,,,338815488,480247808,431328256,494927872,,,,,,,,3.006200073286891,,
1791272295.8081148,418148,frontend_frame,2676,0,24700,76,8,328989696,480247808,431328256,494927872,,,,,,,,,,
1791272296.1665826,418148,tracking_feedback_accumulate,2677,,24700,,,333150208,480247808,431328256,494927872,,,,,,,,2.8787001501768827,,
1791272296.1710925,418148,frontend_frame,2677,0,24700,76,8,334984704,480247808,431328256,494927872,,,,,,,,,,
1791272296.5267425,418148,tracking_feedback_accumulate,2678,,24700,,,338817536,480247808,431328256,494927872,,,,,,,,2.9405001550912857,,
1791272296.530276,418148,frontend_frame,2678,0,24700,76,8,340652032,480247808,431328256,494927872,,,,,,,,,,
1791272296.913067,418148,tracking_feedback_accumulate,2679,,24700,,,327240192,480247808,431328256,494927872,,,,,,,,2.82290019094944,,
1791272296.9180717,418148,frontend_frame,2679,0,24700,76,8,329074688,480247808,431328256,494927872,,,,,,,,,,
1791272297.326845,418148,tracking_feedback_accumulate,2680,,24700,,,333071360,480247808,431328256,494927872,,,,,,,,2.8633999172598124,,
1791272297.3314984,418148,frontend_frame,2680,0,24700,76,8,334905856,459276288,431328256,494927872,,,,,,,,,,
1791272297.673395,418148,tracking_feedback_accumulate,2681,,24700,,,338820608,480247808,431328256,494927872,,,,,,,,2.8426998760551214,,
1791272297.678904,418148,frontend_frame,2681,0,24700,76,8,328994816,480247808,431328256,494927872,,,,,,,,,,
1791272298.0836267,418148,tracking_feedback_accumulate,2682,,24700,,,332991488,480247808,431328256,494927872,,,,,,,,3.2754000276327133,,
1791272298.0880518,418148,frontend_frame,2682,0,24700,76,8,334825984,480247808,431328256,494927872,,,,,,,,,,
1791272298.440772,418148,tracking_feedback_accumulate,2683,,24700,,,338904576,480247808,431328256,494927872,,,,,,,,3.314599860459566,,
1791272298.4466014,418148,frontend_frame,2683,0,24700,76,8,329078784,480247808,431328256,494927872,,,,,,,,,,
1791272298.7995355,418148,tracking_feedback_accumulate,2684,,24700,,,332993536,480247808,431328256,494927872,,,,,,,,3.3034998923540115,,
1791272298.804536,418148,frontend_frame,2684,0,24700,76,8,334828032,480247808,431328256,494927872,,,,,,,,,,
1791272299.1609313,418148,tracking_feedback_accumulate,2685,,24700,,,338906624,480247808,431328256,494927872,,,,,,,,3.189200069755316,,
1791272299.1659343,418148,frontend_frame,2685,0,24700,76,8,340741120,480247808,431328256,494927872,,,,,,,,,,
1791272299.539076,418148,tracking_feedback_accumulate,2686,,24700,,,332995584,480247808,431328256,494927872,,,,,,,,2.94659985229373,,
1791272299.5430753,418148,frontend_frame,2686,0,24700,76,8,334830080,480247808,431328256,494927872,,,,,,,,,,
1791272299.9654098,418148,tracking_feedback_accumulate,2687,,24700,,,338826752,480247808,431328256,494927872,,,,,,,,3.0068999622017145,,
1791272299.9694247,418148,frontend_frame,2687,0,24700,76,8,340661248,480247808,431328256,494927872,,,,,,,,,,
1791272300.3758008,418148,tracking_feedback_accumulate,2688,,24700,,,344739840,480247808,431328256,494927872,,,,,,,,2.8597998898476362,,
1791272300.380975,418148,frontend_frame,2688,0,24700,76,8,334914048,480247808,431328256,494927872,,,,,,,,,,
1791272300.7324343,418148,tracking_feedback_accumulate,2689,,24700,,,338828800,480247808,431328256,494927872,,,,,,,,2.872300101444125,,
1791272300.7374475,418148,frontend_frame,2689,0,24700,76,8,340663296,480247808,431328256,494927872,,,,,,,,,,
1791272301.1051576,418148,tracking_feedback_accumulate,2690,,24700,,,344659968,480247808,431328256,494927872,,,,,,,,2.768999896943569,,
1791272301.1101692,418148,frontend_frame,2690,0,24700,76,8,346494464,438304768,431328256,494927872,,,,,,,,,,
1791272301.4694986,418148,tracking_feedback_accumulate,2691,,24700,,,333082624,480247808,431328256,494927872,,,,,,,,3.3379001542925835,,
1791272301.473499,418148,frontend_frame,2691,0,24700,76,8,334917120,480247808,431328256,494927872,,,,,,,,,,
1791272301.900491,418148,tracking_feedback_accumulate,2692,,24700,,,338913792,480247808,431328256,494927872,,,,,,,,2.954399911686778,,
1791272301.9044905,418148,frontend_frame,2692,0,24700,76,8,340748288,480247808,431328256,494927872,,,,,,,,,,
1791272302.281846,418148,tracking_feedback_accumulate,2693,,24700,,,344663040,480247808,431328256,494927872,,,,,,,,2.9039999935775995,,
1791272302.2868955,418148,frontend_frame,2693,0,24700,76,8,334837248,480247808,431328256,494927872,,,,,,,,,,
1791272302.720136,418148,tracking_feedback_accumulate,2694,,24700,,,338997760,480247808,431328256,494927872,,,,,,,,3.5407000686973333,,
1791272302.7257793,418148,frontend_frame,2694,0,24700,76,8,340832256,480247808,431328256,494927872,,,,,,,,,,
1791272303.1300223,418148,tracking_feedback_accumulate,2695,,24700,,,344665088,480247808,431328256,494927872,,,,,,,,2.870099851861596,,
1791272303.1351662,418148,frontend_frame,2695,0,24700,76,8,346499584,480247808,431328256,494927872,,,,,,,,,,
1791272303.4810846,418148,tracking_feedback_accumulate,2696,,24700,,,333169664,480247808,431328256,494927872,,,,,,,,2.9565999284386635,,
1791272303.4865885,418148,frontend_frame,2696,0,24700,76,8,335004160,480247808,431328256,494927872,,,,,,,,,,
1791272303.8633409,418148,tracking_feedback_accumulate,2697,,24700,,,338836992,480247808,431328256,494927872,,,,,,,,2.832600148394704,,
1791272303.868094,418148,frontend_frame,2697,0,24700,76,8,340671488,480247808,431328256,494927872,,,,,,,,,,
1791272304.3467402,418148,tracking_feedback_accumulate,2698,,24700,,,344750080,480247808,431328256,494927872,,,,,,,,3.0520998407155275,,
1791272304.3523028,418148,frontend_frame,2698,0,24700,76,8,334924288,480247808,431328256,494927872,,,,,,,,,,
1791272304.7816157,418148,tracking_feedback_accumulate,2699,,24700,,,338920960,480247808,431328256,494927872,,,,,,,,2.886200090870261,,
1791272304.7871614,418148,frontend_frame,2699,0,24700,76,8,340755456,480247808,431328256,494927872,,,,,,,,,,
1791272305.1970427,418148,tracking_feedback_accumulate,2700,,24700,,,344752128,480247808,431328256,494927872,,,,,,,,2.9029001016169786,,
1791272305.2023478,418148,frontend_frame,2700,0,24700,76,8,334926336,459276288,431328256,494927872,,,,,,,,,,
1791272305.6178758,418148,tracking_feedback_accumulate,2701,,24700,,,338841088,480247808,431328256,494927872,,,,,,,,2.9085001442581415,,
1791272305.6223812,418148,frontend_frame,2701,0,24700,76,8,340675584,480247808,431328256,494927872,,,,,,,,,,
1791272306.0036557,418148,tracking_feedback_accumulate,2702,,24700,,,344672256,480247808,431328256,494927872,,,,,,,,2.8838999569416046,,
1791272306.0087314,418148,frontend_frame,2702,0,24700,76,8,346506752,480247808,431328256,494927872,,,,,,,,,,
1791272306.4279618,418148,tracking_feedback_accumulate,2703,,24700,,,338925056,480247808,431328256,494927872,,,,,,,,2.9673001263290644,,
1791272306.4325147,418148,frontend_frame,2703,0,24700,76,8,340759552,480247808,431328256,494927872,,,,,,,,,,
1791272306.8371346,418148,tracking_feedback_accumulate,2704,,24700,,,344674304,480247808,431328256,494927872,,,,,,,,2.895000157877803,,
1791272306.8416378,418148,frontend_frame,2704,0,24700,76,8,346508800,480247808,431328256,494927872,,,,,,,,,,
1791272307.2793944,418148,tracking_feedback_accumulate,2705,,24700,,,350505472,480247808,431328256,494927872,,,,,,,,2.848200034350157,,
1791272307.2840714,418148,frontend_frame,2705,0,24700,76,8,340679680,480247808,431328256,494927872,,,,,,,,,,
1791272307.6500409,418148,tracking_feedback_accumulate,2706,,24700,,,344758272,480247808,431328256,494927872,,,,,,,,2.7923001907765865,,
1791272307.6547313,418148,frontend_frame,2706,0,24700,76,8,346592768,480247808,431328256,494927872,,,,,,,,,,
1791272307.948762,418148,tracking_feedback_accumulate,2707,,24700,,,350589440,480247808,431328256,494927872,,,,,,,,2.9218001291155815,,
1791272307.9544356,418148,frontend_frame,2707,0,24700,76,8,352423936,480247808,431328256,494927872,,,,,,,,,,
1791272308.3576694,418148,tracking_feedback_accumulate,2708,,24700,,,327187968,480247808,431328256,494927872,,,,,,,,2.8162000235170126,,
1791272308.3626826,418148,frontend_frame,2708,0,24700,76,8,329022464,480247808,431328256,494927872,,,,,,,,,,
1791272308.717547,418148,tracking_feedback_accumulate,2709,,24700,,,333182976,480247808,431328256,494927872,,,,,,,,2.86979996599257,,
1791272308.722616,418148,frontend_frame,2709,0,24700,76,8,335017472,480247808,431328256,494927872,,,,,,,,,,
1791272309.0687277,418148,tracking_feedback_accumulate,2710,,24700,,,338850304,480247808,431328256,494927872,,,,,,,,2.7775000780820847,,
1791272309.0736256,418148,frontend_frame,2710,0,24700,76,8,329024512,438304768,431328256,494927872,,,,,,,,,,
1791272309.4782112,418148,tracking_feedback_accumulate,2711,,24700,,,333103104,480247808,431328256,494927872,,,,,,,,3.5935998894274235,,
1791272309.4827154,418148,frontend_frame,2711,0,24700,76,8,334937600,480247808,431328256,494927872,,,,,,,,,,
1791272309.915043,418148,tracking_feedback_accumulate,2712,,24700,,,338934272,480247808,431328256,494927872,,,,,,,,2.981599885970354,,
1791272309.9200428,418148,frontend_frame,2712,0,24700,76,8,340768768,480247808,431328256,494927872,,,,,,,,,,
1791272310.2950423,418148,tracking_feedback_accumulate,2713,,24700,,,327275008,480247808,431328256,494927872,,,,,,,,2.7354001067578793,,
1791272310.3005474,418148,frontend_frame,2713,0,24700,76,8,329109504,480247808,431328256,494927872,,,,,,,,,,
1791272310.648805,418148,tracking_feedback_accumulate,2714,,24700,,,333106176,480247808,431328256,494927872,,,,,,,,2.984199905768037,,
1791272310.6529772,418148,frontend_frame,2714,0,24700,76,8,334940672,480247808,431328256,494927872,,,,,,,,,,
1791272311.063377,418148,tracking_feedback_accumulate,2715,,24700,,,338855424,480247808,431328256,494927872,,,,,,,,3.452999982982874,,
1791272311.067945,418148,frontend_frame,2715,0,24700,76,8,329029632,480247808,431328256,494927872,,,,,,,,,,
1791272311.3967838,418148,tracking_feedback_accumulate,2716,,24700,,,333190144,480247808,431328256,494927872,,,,,,,,3.3478999976068735,,
1791272311.4007835,418148,frontend_frame,2716,0,24700,76,8,335024640,480247808,431328256,494927872,,,,,,,,,,
1791272311.7442143,418148,tracking_feedback_accumulate,2717,,24700,,,338857472,480247808,431328256,494927872,,,,,,,,2.8882999904453754,,
1791272311.7497861,418148,frontend_frame,2717,0,24700,76,8,329031680,480247808,431328256,494927872,,,,,,,,,,
1791272312.1069345,418148,tracking_feedback_accumulate,2718,,24700,,,333110272,480247808,431328256,494927872,,,,,,,,2.85649998113513,,
1791272312.110934,418148,frontend_frame,2718,0,24700,76,8,334944768,480247808,431328256,494927872,,,,,,,,,,
1791272312.5207944,418148,tracking_feedback_accumulate,2719,,24700,,,338941440,480247808,431328256,494927872,,,,,,,,2.818299923092127,,
1791272312.5262508,418148,frontend_frame,2719,0,24700,76,8,340775936,480247808,431328256,494927872,,,,,,,,,,
1791272312.9331899,418148,tracking_feedback_accumulate,2720,,24700,,,333112320,480247808,431328256,494927872,,,,,,,,2.8613999020308256,,
1791272312.9385242,418148,frontend_frame,2720,0,24700,76,8,334946816,438304768,431328256,494927872,,,,,,,,,,
1791272313.2901947,418148,tracking_feedback_accumulate,2721,,24700,,,338861568,480247808,431328256,494927872,,,,,,,,3.110799938440323,,
1791272313.2943883,418148,frontend_frame,2721,0,24700,76,8,340696064,480247808,431328256,494927872,,,,,,,,,,
1791272313.6524467,418148,tracking_feedback_accumulate,2722,,24700,,,344692736,480247808,431328256,494927872,,,,,,,,2.8244000859558582,,
1791272313.657551,418148,frontend_frame,2722,0,24700,76,8,334866944,480247808,431328256,494927872,,,,,,,,,,
1791272314.0824502,418148,tracking_feedback_accumulate,2723,,24700,,,338945536,480247808,431328256,494927872,,,,,,,,3.317400114610791,,
1791272314.087119,418148,frontend_frame,2723,0,24700,76,8,340780032,480247808,431328256,494927872,,,,,,,,,,
1791272314.4626138,418148,tracking_feedback_accumulate,2724,,24700,,,344776704,480247808,431328256,494927872,,,,,,,,2.868399955332279,,
1791272314.467971,418148,frontend_frame,2724,0,24700,76,8,346611200,480247808,431328256,494927872,,,,,,,,,,
1791272314.8062491,418148,tracking_feedback_accumulate,2725,,24700,,,333035520,480247808,431328256,494927872,,,,,,,,2.8299998957663774,,
1791272314.8117516,418148,frontend_frame,2725,0,24700,76,8,334870016,480247808,431328256,494927872,,,,,,,,,,
1791272315.2063787,418148,tracking_feedback_accumulate,2726,,24700,,,338866688,480247808,431328256,494927872,,,,,,,,2.829300006851554,,
1791272315.210447,418148,frontend_frame,2726,0,24700,76,8,340701184,480247808,431328256,494927872,,,,,,,,,,
1791272315.6305974,418148,tracking_feedback_accumulate,2727,,24700,,,344779776,480247808,431328256,494927872,,,,,,,,2.7746001724153757,,
1791272315.6353724,418148,frontend_frame,2727,0,24700,76,8,334953984,480247808,431328256,494927872,,,,,,,,,,
1791272316.0527475,418148,tracking_feedback_accumulate,2728,,24700,,,338950656,480247808,431328256,494927872,,,,,,,,3.2029999420046806,,
1791272316.0572538,418148,frontend_frame,2728,0,24700,76,8,340785152,480247808,431328256,494927872,,,,,,,,,,
1791272316.411523,418148,tracking_feedback_accumulate,2729,,24700,,,344699904,480247808,431328256,494927872,,,,,,,,2.9472000896930695,,
1791272316.4162247,418148,frontend_frame,2729,0,24700,76,8,346534400,480247808,431328256,494927872,,,,,,,,,,
1791272316.9060876,418148,tracking_feedback_accumulate,2730,,24700,,,333204480,480247808,431328256,494927872,,,,,,,,3.012200118973851,,
1791272316.9100869,418148,frontend_frame,2730,0,24700,76,8,335038976,459276288,431328256,494927872,,,,,,,,,,
1791272317.333404,418148,tracking_feedback_accumulate,2731,,24700,,,338871808,480247808,431328256,494927872,,,,,,,,2.7465999592095613,,
1791272317.3374064,418148,frontend_frame,2731,0,24700,76,8,340706304,480247808,431328256,494927872,,,,,,,,,,
1791272317.7573779,418148,tracking_feedback_accumulate,2732,,24700,,,344866816,480247808,431328256,494927872,,,,,,,,2.97520007006824,,
1791272317.7630568,418148,frontend_frame,2732,0,24700,76,8,335041024,480247808,431328256,494927872,,,,,,,,,,
1791272318.1372082,418148,tracking_feedback_accumulate,2733,,24700,,,338873856,480247808,431328256,494927872,,,,,,,,2.830799901857972,,
1791272318.1417434,418148,frontend_frame,2733,0,24700,76,8,340708352,480247808,431328256,494927872,,,,,,,,,,
1791272318.5584164,418148,tracking_feedback_accumulate,2734,,24700,,,344868864,480247808,431328256,494927872,,,,,,,,2.7826998848468065,,
1791272318.5641549,418148,frontend_frame,2734,0,24700,76,8,335043072,480247808,431328256,494927872,,,,,,,,,,
1791272318.9244,418148,tracking_feedback_accumulate,2735,,24700,,,338875904,480247808,431328256,494927872,,,,,,,,2.8310997877269983,,
1791272318.9289052,418148,frontend_frame,2735,0,24700,76,8,340710400,480247808,431328256,494927872,,,,,,,,,,
1791272319.3732333,418148,tracking_feedback_accumulate,2736,,24700,,,344707072,480247808,431328256,494927872,,,,,,,,3.2663000747561455,,
1791272319.3782358,418148,frontend_frame,2736,0,24700,76,8,346541568,480247808,431328256,494927872,,,,,,,,,,
1791272319.7636824,418148,tracking_feedback_accumulate,2737,,24700,,,327299584,480247808,431328256,494927872,,,,,,,,2.7532000094652176,,
1791272319.7686815,418148,frontend_frame,2737,0,24700,76,8,329134080,480247808,431328256,494927872,,,,,,,,,,
1791272320.1855934,418148,tracking_feedback_accumulate,2738,,24700,,,333048832,480247808,431328256,494927872,,,,,,,,2.8504999354481697,,
1791272320.1900997,418148,frontend_frame,2738,0,24700,76,8,334883328,480247808,431328256,494927872,,,,,,,,,,
1791272320.552771,418148,tracking_feedback_accumulate,2739,,24700,,,338880000,480247808,431328256,494927872,,,,,,,,2.8219998348504305,,
1791272320.5584364,418148,frontend_frame,2739,0,24700,76,8,329054208,480247808,431328256,494927872,,,,,,,,,,
1791272320.9645622,418148,tracking_feedback_accumulate,2740,,24700,,,333132800,480247808,431328256,494927872,,,,,,,,2.8892001137137413,,
1791272320.9695997,418148,frontend_frame,2740,0,24700,76,8,334967296,459276288,431328256,494927872,,,,,,,,,,
1791272321.3637455,418148,tracking_feedback_accumulate,2741,,24700,,,338963968,480247808,431328256,494927872,,,,,,,,3.4221999812871218,,
1791272321.3682501,418148,frontend_frame,2741,0,24700,76,8,340798464,480247808,431328256,494927872,,,,,,,,,,
1791272321.72596,418148,tracking_feedback_accumulate,2742,,24700,,,327222784,480247808,431328256,494927872,,,,,,,,2.9879999347031116,,
1791272321.7309744,418148,frontend_frame,2742,0,24700,76,8,329057280,480247808,431328256,494927872,,,,,,,,,,
1791272321.999577,418148,tracking_feedback_accumulate,2743,,24700,,,333217792,480247808,431328256,494927872,,,,,,,,2.9370998963713646,,
1791272322.0040863,418148,frontend_frame,2743,0,24700,76,8,335052288,480247808,431328256,494927872,,,,,,,,,,
1791272322.5024586,418148,tracking_feedback_accumulate,2744,,24700,,,338885120,480247808,431328256,494927872,,,,,,,,2.906900132074952,,
1791272322.5079527,418148,frontend_frame,2744,0,24700,76,8,329059328,480247808,431328256,494927872,,,,,,,,,,
1791272322.9359024,418148,tracking_feedback_accumulate,2745,,24700,,,333137920,480247808,431328256,494927872,,,,,,,,2.9166999738663435,,
1791272322.9419172,418148,frontend_frame,2745,0,24700,76,8,334972416,480247808,431328256,494927872,,,,,,,,,,
1791272323.3600934,418148,tracking_feedback_accumulate,2746,,24700,,,338969088,480247808,431328256,494927872,,,,,,,,3.3923001028597355,,
1791272323.3640926,418148,frontend_frame,2746,0,24700,76,8,340803584,480247808,431328256,494927872,,,,,,,,,,
1791272323.7527082,418148,tracking_feedback_accumulate,2747,,24700,,,327309824,480247808,431328256,494927872,,,,,,,,2.689099870622158,,
1791272323.7577808,418148,frontend_frame,2747,0,24700,76,8,329144320,480247808,431328256,494927872,,,,,,,,,,
1791272324.5928676,418148,tracking_feedback_accumulate,2748,,24700,,,333059072,480247808,431328256,494927872,,,,,,,,3.439699998125434,,
1791272324.597876,418148,frontend_frame,2748,0,24700,76,8,334893568,480247808,431328256,494927872,,,,,,,,,,
1791272325.0182922,418148,tracking_feedback_accumulate,2749,,24700,,,327393792,480247808,431328256,494927872,,,,,,,,2.8823998291045427,,
1791272325.0684245,418148,frontend_frame,2749,0,24700,77,8,333223936,480247808,431328256,494927872,,,,,,,,,,
1791272336.5345817,418148,tracking_feedback_accumulate,2750,,24514,,,337048576,480247808,431328256,494927872,,,,,,,,2.907299902290106,,
1791272336.5398533,418148,frontend_frame,2750,0,24514,77,8,338843136,459276288,431328256,494927872,,,,,,,,,,
1791272336.867635,418148,tracking_feedback_accumulate,2751,,24514,,,342921728,480247808,431328256,494927872,,,,,,,,3.3069001510739326,,
1791272336.8732831,418148,frontend_frame,2751,0,24514,77,8,333095936,480247808,431328256,494927872,,,,,,,,,,
1791272337.3286371,418148,tracking_feedback_accumulate,2752,,24514,,,337010688,480247808,431328256,494927872,,,,,,,,2.934100106358528,,
1791272337.332734,418148,frontend_frame,2752,0,24514,77,8,338806784,480247808,431328256,494927872,,,,,,,,,,
1791272337.6465816,418148,tracking_feedback_accumulate,2753,,24514,,,342967296,480247808,431328256,494927872,,,,,,,,2.9180001001805067,,
1791272337.652093,418148,frontend_frame,2753,0,24514,77,8,344763392,480247808,431328256,494927872,,,,,,,,,,
1791272338.090044,418148,tracking_feedback_accumulate,2754,,24514,,,331220992,480247808,431328256,494927872,,,,,,,,3.457699902355671,,
1791272338.095044,418148,frontend_frame,2754,0,24514,77,8,333017600,480247808,431328256,494927872,,,,,,,,,,
1791272338.559393,418148,tracking_feedback_accumulate,2755,,24514,,,337096192,480247808,431328256,494927872,,,,,,,,2.8500999324023724,,
1791272338.5643954,418148,frontend_frame,2755,0,24514,77,8,338892288,480247808,431328256,494927872,,,,,,,,,,
1791272338.9249103,418148,tracking_feedback_accumulate,2756,,24514,,,331305472,480247808,431328256,494927872,,,,,,,,3.3273000735789537,,
1791272338.9326923,418148,frontend_frame,2756,0,24514,77,8,333101568,480247808,431328256,494927872,,,,,,,,,,
1791272339.2860703,418148,tracking_feedback_accumulate,2757,,24514,,,337016320,480247808,431328256,494927872,,,,,,,,2.884199842810631,,
1791272339.290644,418148,frontend_frame,2757,0,24514,77,8,338812416,480247808,431328256,494927872,,,,,,,,,,
1791272339.7403257,418148,tracking_feedback_accumulate,2758,,24514,,,342809088,480247808,431328256,494927872,,,,,,,,3.1171999871730804,,
1791272339.7463245,418148,frontend_frame,2758,0,24514,77,8,333021696,480247808,431328256,494927872,,,,,,,,,,
1791272340.2077982,418148,tracking_feedback_accumulate,2759,,24514,,,337100288,480247808,431328256,494927872,,,,,,,,3.2048001885414124,,
1791272340.2123072,418148,frontend_frame,2759,0,24514,77,8,338896384,480247808,431328256,494927872,,,,,,,,,,
1791272340.5773642,418148,tracking_feedback_accumulate,2760,,24514,,,342893056,480247808,431328256,494927872,,,,,,,,3.181800013408065,,
1791272340.5821052,418148,frontend_frame,2760,0,24514,77,8,344689152,459276288,431328256,494927872,,,,,,,,,,
1791272341.0214794,418148,tracking_feedback_accumulate,2761,,24514,,,331228672,480247808,431328256,494927872,,,,,,,,2.9879999347031116,,
1791272341.026523,418148,frontend_frame,2761,0,24514,77,8,333024768,480247808,431328256,494927872,,,,,,,,,,
1791272341.461806,418148,tracking_feedback_accumulate,2762,,24514,,,337185280,480247808,431328256,494927872,,,,,,,,3.51310009136796,,
1791272341.4668071,418148,frontend_frame,2762,0,24514,77,8,338981376,480247808,431328256,494927872,,,,,,,,,,
1791272341.8838642,418148,tracking_feedback_accumulate,2763,,24514,,,342814208,480247808,431328256,494927872,,,,,,,,2.891800133511424,,
1791272341.8884854,418148,frontend_frame,2763,0,24514,77,8,333026816,480247808,431328256,494927872,,,,,,,,,,
1791272342.3315446,418148,tracking_feedback_accumulate,2764,,24514,,,337105408,480247808,431328256,494927872,,,,,,,,2.9162000864744186,,
1791272342.3365638,418148,frontend_frame,2764,0,24514,77,8,338901504,480247808,431328256,494927872,,,,,,,,,,
1791272342.7689292,418148,tracking_feedback_accumulate,2765,,24514,,,342898176,480247808,431328256,494927872,,,,,,,,2.9750000685453415,,
1791272342.7729383,418148,frontend_frame,2765,0,24514,77,8,344694272,480247808,431328256,494927872,,,,,,,,,,
1791272343.1406395,418148,tracking_feedback_accumulate,2766,,24514,,,331233792,480247808,431328256,494927872,,,,,,,,2.995900111272931,,
1791272343.145639,418148,frontend_frame,2766,0,24514,77,8,333029888,480247808,431328256,494927872,,,,,,,,,,
1791272343.509063,418148,tracking_feedback_accumulate,2767,,24514,,,337026560,480247808,431328256,494927872,,,,,,,,3.129300195723772,,
1791272343.5140626,418148,frontend_frame,2767,0,24514,77,8,338822656,480247808,431328256,494927872,,,,,,,,,,
1791272343.9212573,418148,tracking_feedback_accumulate,2768,,24514,,,342901248,480247808,431328256,494927872,,,,,,,,3.034600056707859,,
1791272343.9253564,418148,frontend_frame,2768,0,24514,77,8,333113856,480247808,431328256,494927872,,,,,,,,,,
1791272344.304977,418148,tracking_feedback_accumulate,2769,,24514,,,337028608,480247808,431328256,494927872,,,,,,,,3.440900007262826,,
1791272344.310143,418148,frontend_frame,2769,0,24514,77,8,338824704,480247808,431328256,494927872,,,,,,,,,,
1791272344.710891,418148,tracking_feedback_accumulate,2770,,24514,,,342821376,480247808,431328256,494927872,,,,,,,,2.8608001302927732,,
1791272344.7163925,418148,frontend_frame,2770,0,24514,77,8,333033984,459276288,431328256,494927872,,,,,,,,,,
1791272345.1715689,418148,tracking_feedback_accumulate,2771,,24514,,,337112576,480247808,431328256,494927872,,,,,,,,2.82689998857677,,
1791272345.1767454,418148,frontend_frame,2771,0,24514,77,8,338908672,480247808,431328256,494927872,,,,,,,,,,
1791272345.5429301,418148,tracking_feedback_accumulate,2772,,24514,,,342823424,480247808,431328256,494927872,,,,,,,,2.982600126415491,,
1791272345.547506,418148,frontend_frame,2772,0,24514,77,8,344619520,480247808,431328256,494927872,,,,,,,,,,
1791272345.941402,418148,tracking_feedback_accumulate,2773,,24514,,,337114624,480247808,431328256,494927872,,,,,,,,2.906200010329485,,
1791272345.9464374,418148,frontend_frame,2773,0,24514,77,8,338910720,480247808,431328256,494927872,,,,,,,,,,
1791272346.3366187,418148,tracking_feedback_accumulate,2774,,24514,,,342825472,480247808,431328256,494927872,,,,,,,,2.9239000286906958,,
1791272346.3413377,418148,frontend_frame,2774,0,24514,77,8,344621568,480247808,431328256,494927872,,,,,,,,,,
1791272346.7091622,418148,tracking_feedback_accumulate,2775,,24514,,,348618240,480247808,431328256,494927872,,,,,,,,2.952400129288435,,
1791272346.7146642,418148,frontend_frame,2775,0,24514,77,8,338830848,480247808,431328256,494927872,,,,,,,,,,
1791272347.0929315,418148,tracking_feedback_accumulate,2776,,24514,,,342909440,480247808,431328256,494927872,,,,,,,,2.811599988490343,,
1791272347.097489,418148,frontend_frame,2776,0,24514,77,8,344705536,480247808,431328256,494927872,,,,,,,,,,
1791272347.55481,418148,tracking_feedback_accumulate,2777,,24514,,,348620288,480247808,431328256,494927872,,,,,,,,3.0041001737117767,,
1791272347.5600123,418148,frontend_frame,2777,0,24514,77,8,350416384,480247808,431328256,494927872,,,,,,,,,,
1791272348.0006518,418148,tracking_feedback_accumulate,2778,,24514,,,337037824,480247808,431328256,494927872,,,,,,,,3.54000017978251,,
1791272348.0056598,418148,frontend_frame,2778,0,24514,77,8,338833920,480247808,431328256,494927872,,,,,,,,,,
1791272348.4635956,418148,tracking_feedback_accumulate,2779,,24514,,,342912512,480247808,431328256,494927872,,,,,,,,3.009200096130371,,
1791272348.469113,418148,frontend_frame,2779,0,24514,77,8,344708608,480247808,431328256,494927872,,,,,,,,,,
1791272348.9294028,418148,tracking_feedback_accumulate,2780,,24514,,,348623360,480247808,431328256,494927872,,,,,,,,2.903799992054701,,
1791272348.935911,418148,frontend_frame,2780,0,24514,77,8,338835968,459276288,431328256,494927872,,,,,,,,,,
1791272349.365187,418148,tracking_feedback_accumulate,2781,,24514,,,342914560,480247808,431328256,494927872,,,,,,,,2.9061001259833574,,
1791272349.3694813,418148,frontend_frame,2781,0,24514,77,8,344710656,480247808,431328256,494927872,,,,,,,,,,
1791272349.7417395,418148,tracking_feedback_accumulate,2782,,24514,,,348625408,480247808,431328256,494927872,,,,,,,,3.0877001117914915,,
1791272349.746741,418148,frontend_frame,2782,0,24514,77,8,350421504,480247808,431328256,494927872,,,,,,,,,,
1791272350.160411,418148,tracking_feedback_accumulate,2783,,24514,,,337206784,480247808,431328256,494927872,,,,,,,,2.865700051188469,,
1791272350.1654615,418148,frontend_frame,2783,0,24514,77,8,339002880,480247808,431328256,494927872,,,,,,,,,,
1791272350.6206372,418148,tracking_feedback_accumulate,2784,,24514,,,342835712,480247808,431328256,494927872,,,,,,,,3.9633000269532204,,
1791272350.6254148,418148,frontend_frame,2784,0,24514,77,8,344631808,480247808,431328256,494927872,,,,,,,,,,
1791272351.0013344,418148,tracking_feedback_accumulate,2785,,24514,,,348792320,480247808,431328256,494927872,,,,,,,,3.0070000793784857,,
1791272351.006344,418148,frontend_frame,2785,0,24514,77,8,339004928,480247808,431328256,494927872,,,,,,,,,,
1791272351.3837833,418148,tracking_feedback_accumulate,2786,,24514,,,342837760,480247808,431328256,494927872,,,,,,,,2.9611000791192055,,
1791272351.3890395,418148,frontend_frame,2786,0,24514,77,8,344633856,480247808,431328256,494927872,,,,,,,,,,
1791272351.8346915,418148,tracking_feedback_accumulate,2787,,24514,,,348712448,480247808,431328256,494927872,,,,,,,,2.875200007110834,,
1791272351.840951,418148,frontend_frame,2787,0,24514,77,8,338925056,480247808,431328256,494927872,,,,,,,,,,
1791272352.2412646,418148,tracking_feedback_accumulate,2788,,24514,,,342921728,480247808,431328256,494927872,,,,,,,,3.0235000886023045,,
1791272352.2467668,418148,frontend_frame,2788,0,24514,77,8,344717824,480247808,431328256,494927872,,,,,,,,,,
1791272352.6494584,418148,tracking_feedback_accumulate,2789,,24514,,,348632576,480247808,431328256,494927872,,,,,,,,2.980399876832962,,
1791272352.6539657,418148,frontend_frame,2789,0,24514,77,8,350428672,480247808,431328256,494927872,,,,,,,,,,
1791272352.9639227,418148,tracking_feedback_accumulate,2790,,24514,,,343005696,480247808,431328256,494927872,,,,,,,,2.933899872004986,,
1791272352.9679298,418148,frontend_frame,2790,0,24514,77,8,344801792,459276288,431328256,494927872,,,,,,,,,,
1791272353.4292142,418148,tracking_feedback_accumulate,2791,,24514,,,348634624,480247808,431328256,494927872,,,,,,,,2.983100013807416,,
1791272353.4337194,418148,frontend_frame,2791,0,24514,77,8,350430720,480247808,431328256,494927872,,,,,,,,,,
1791272353.9132242,418148,tracking_feedback_accumulate,2792,,24514,,,354591232,480247808,431328256,494927872,,,,,,,,2.837100066244602,,
1791272353.917945,418148,frontend_frame,2792,0,24514,77,8,344803840,480247808,431328256,494927872,,,,,,,,,,
1791272354.3927722,418148,tracking_feedback_accumulate,2793,,24514,,,348636672,480247808,431328256,494927872,,,,,,,,3.7883000914007425,,
1791272354.397273,418148,frontend_frame,2793,0,24514,77,8,350432768,480247808,431328256,494927872,,,,,,,,,,
1791272354.8273747,418148,tracking_feedback_accumulate,2794,,24514,,,354429440,480247808,431328256,494927872,,,,,,,,2.9645999893546104,,
1791272354.831697,418148,frontend_frame,2794,0,24514,77,8,356225536,480247808,431328256,494927872,,,,,,,,,,
1791272355.2510595,418148,tracking_feedback_accumulate,2795,,24514,,,331345408,480247808,431328256,494927872,,,,,,,,2.8887998778373003,,
1791272355.2548857,418148,frontend_frame,2795,0,24514,77,8,333141504,480247808,431328256,494927872,,,,,,,,,,
1791272355.644587,418148,tracking_feedback_accumulate,2796,,24514,,,337138176,480247808,431328256,494927872,,,,,,,,2.917800098657608,,
1791272355.6496162,418148,frontend_frame,2796,0,24514,77,8,338934272,480247808,431328256,494927872,,,,,,,,,,
1791272356.0817058,418148,tracking_feedback_accumulate,2797,,24514,,,342849024,480247808,431328256,494927872,,,,,,,,2.8747001197189093,,
1791272356.0867069,418148,frontend_frame,2797,0,24514,77,8,333061632,480247808,431328256,494927872,,,,,,,,,,
1791272356.513685,418148,tracking_feedback_accumulate,2798,,24514,,,337222144,480247808,431328256,494927872,,,,,,,,2.9056998901069164,,
1791272356.5177233,418148,frontend_frame,2798,0,24514,77,8,339018240,480247808,431328256,494927872,,,,,,,,,,
1791272356.9455092,418148,tracking_feedback_accumulate,2799,,24514,,,342851072,480247808,431328256,494927872,,,,,,,,3.279200056567788,,
1791272356.9503188,418148,frontend_frame,2799,0,24514,77,8,344647168,480247808,431328256,494927872,,,,,,,,,,
1791272357.345774,418148,tracking_feedback_accumulate,2800,,24514,,,331268608,480247808,431328256,494927872,,,,,,,,3.283499972894788,,
1791272357.350957,418148,frontend_frame,2800,0,24514,77,8,333064704,459276288,431328256,494927872,,,,,,,,,,
1791272357.7629092,418148,tracking_feedback_accumulate,2801,,24514,,,337143296,480247808,431328256,494927872,,,,,,,,3.3674000296741724,,
1791272357.767799,418148,frontend_frame,2801,0,24514,77,8,338939392,480247808,431328256,494927872,,,,,,,,,,
1791272358.0645194,418148,tracking_feedback_accumulate,2802,,24514,,,342936064,480247808,431328256,494927872,,,,,,,,2.9152000788599253,,
1791272358.0702045,418148,frontend_frame,2802,0,24514,77,8,333148672,480247808,431328256,494927872,,,,,,,,,,
1791272358.5225973,418148,tracking_feedback_accumulate,2803,,24514,,,337145344,480247808,431328256,494927872,,,,,,,,2.9756000731140375,,
1791272358.5299942,418148,frontend_frame,2803,0,24514,77,8,338941440,480247808,431328256,494927872,,,,,,,,,,
1791272358.980504,418148,tracking_feedback_accumulate,2804,,24514,,,342856192,480247808,431328256,494927872,,,,,,,,3.568200161680579,,
1791272358.9865026,418148,frontend_frame,2804,0,24514,77,8,333068800,480247808,431328256,494927872,,,,,,,,,,
1791272359.3741975,418148,tracking_feedback_accumulate,2805,,24514,,,337229312,480247808,431328256,494927872,,,,,,,,2.7873001527041197,,
1791272359.378986,418148,frontend_frame,2805,0,24514,77,8,339025408,480247808,431328256,494927872,,,,,,,,,,
1791272359.7590067,418148,tracking_feedback_accumulate,2806,,24514,,,342858240,480247808,431328256,494927872,,,,,,,,2.933700103312731,,
1791272359.7641053,418148,frontend_frame,2806,0,24514,77,8,344654336,480247808,431328256,494927872,,,,,,,,,,
1791272360.2090762,418148,tracking_feedback_accumulate,2807,,24514,,,337231360,480247808,431328256,494927872,,,,,,,,2.936400007456541,,
1791272360.215596,418148,frontend_frame,2807,0,24514,77,8,339027456,480247808,431328256,494927872,,,,,,,,,,
1791272360.7072046,418148,tracking_feedback_accumulate,2808,,24514,,,342860288,480247808,431328256,494927872,,,,,,,,2.9762000776827335,,
1791272360.7122083,418148,frontend_frame,2808,0,24514,77,8,344656384,480247808,431328256,494927872,,,,,,,,,,
1791272361.0932207,418148,tracking_feedback_accumulate,2809,,24514,,,348734976,480247808,431328256,494927872,,,,,,,,2.8665000572800636,,
1791272361.098976,418148,frontend_frame,2809,0,24514,77,8,338947584,480247808,431328256,494927872,,,,,,,,,,
1791272361.5537927,418148,tracking_feedback_accumulate,2810,,24514,,,342862336,480247808,431328256,494927872,,,,,,,,3.2681000884622335,,
1791272361.55798,418148,frontend_frame,2810,0,24514,77,8,344658432,459276288,431328256,494927872,,,,,,,,,,
1791272362.0186586,418148,tracking_feedback_accumulate,2811,,24514,,,348737024,480247808,431328256,494927872,,,,,,,,2.870500087738037,,
1791272362.023894,418148,frontend_frame,2811,0,24514,77,8,350533120,480247808,431328256,494927872,,,,,,,,,,
1791272362.3982148,418148,tracking_feedback_accumulate,2812,,24514,,,337072640,480247808,431328256,494927872,,,,,,,,3.3708999399095774,,
1791272362.403218,418148,frontend_frame,2812,0,24514,77,8,338868736,480247808,431328256,494927872,,,,,,,,,,
1791272362.7476406,418148,tracking_feedback_accumulate,2813,,24514,,,342947328,480247808,431328256,494927872,,,,,,,,3.2246001064777374,,
1791272362.753027,418148,frontend_frame,2813,0,24514,77,8,344743424,480247808,431328256,494927872,,,,,,,,,,
1791272363.1580105,418148,tracking_feedback_accumulate,2814,,24514,,,348740096,480247808,431328256,494927872,,,,,,,,2.921900013461709,,
1791272363.2091572,418148,frontend_frame,2814,0,24514,78,8,342948352,480247808,431328256,494927872,,,,,,,,,,
1791272375.0010216,418148,tracking_feedback_accumulate,2815,,24656,,,346956288,480247808,431328256,494927872,,,,,,,,3.084199968725443,,
1791272375.0065444,418148,frontend_frame,2815,0,24656,78,8,348783104,480247808,431328256,494927872,,,,,,,,,,
1791272375.4251034,418148,tracking_feedback_accumulate,2816,,24656,,,352779776,501219328,431328256,501219328,,,,,,,,2.972300164401531,,
1791272375.4311197,418148,frontend_frame,2816,0,24656,78,8,342992384,501219328,431328256,501219328,,,,,,,,,,
1791272375.9316545,418148,tracking_feedback_accumulate,2817,,24656,,,346907136,501219328,431328256,501219328,,,,,,,,3.4330999478697777,,
1791272375.9356534,418148,frontend_frame,2817,0,24656,78,8,348733440,501219328,431328256,501219328,,,,,,,,,,
1791272376.3323872,418148,tracking_feedback_accumulate,2818,,24656,,,352893952,501219328,431328256,501219328,,,,,,,,3.770299954339862,,
1791272376.341149,418148,frontend_frame,2818,0,24656,78,8,354720256,501219328,431328256,501219328,,,,,,,,,,
1791272376.8153856,418148,tracking_feedback_accumulate,2819,,24656,,,341087232,501219328,431328256,501219328,,,,,,,,3.8368001114577055,,
1791272376.8207138,418148,frontend_frame,2819,0,24656,78,8,342914048,501219328,431328256,501219328,,,,,,,,,,
1791272377.278415,418148,tracking_feedback_accumulate,2820,,24656,,,347074560,501219328,431328256,501219328,,,,,,,,2.950299996882677,,
1791272377.2849543,418148,frontend_frame,2820,0,24656,78,8,348900864,459276288,431328256,501219328,,,,,,,,,,
1791272377.6847076,418148,tracking_feedback_accumulate,2821,,24656,,,352733696,501219328,431328256,501219328,,,,,,,,2.993999980390072,,
1791272377.6892343,418148,frontend_frame,2821,0,24656,78,8,342916096,501219328,431328256,501219328,,,,,,,,,,
1791272378.071694,418148,tracking_feedback_accumulate,2822,,24656,,,346912768,501219328,431328256,501219328,,,,,,,,2.9730000533163548,,
1791272378.075693,418148,frontend_frame,2822,0,24656,78,8,348739072,501219328,431328256,501219328,,,,,,,,,,
1791272378.5544717,418148,tracking_feedback_accumulate,2823,,24656,,,352817664,501219328,431328256,501219328,,,,,,,,2.9393001459538937,,
1791272378.5590866,418148,frontend_frame,2823,0,24656,78,8,354643968,501219328,431328256,501219328,,,,,,,,,,
1791272378.965299,418148,tracking_feedback_accumulate,2824,,24656,,,335383040,501219328,431328256,501219328,,,,,,,,3.4121000207960606,,
1791272378.9708447,418148,frontend_frame,2824,0,24656,78,8,337209344,501219328,431328256,501219328,,,,,,,,,,
1791272379.3794491,418148,tracking_feedback_accumulate,2825,,24656,,,341206016,501219328,431328256,501219328,,,,,,,,2.93530011549592,,
1791272379.3849578,418148,frontend_frame,2825,0,24656,78,8,343032320,501219328,431328256,501219328,,,,,,,,,,
1791272379.7883008,418148,tracking_feedback_accumulate,2826,,24656,,,347028992,501219328,431328256,501219328,,,,,,,,2.940199803560972,,
1791272379.7933552,418148,frontend_frame,2826,0,24656,78,8,337211392,501219328,431328256,501219328,,,,,,,,,,
1791272380.1220474,418148,tracking_feedback_accumulate,2827,,24656,,,341208064,501219328,431328256,501219328,,,,,,,,2.8734998777508736,,
1791272380.1265502,418148,frontend_frame,2827,0,24656,78,8,343034368,501219328,431328256,501219328,,,,,,,,,,
1791272380.6209817,418148,tracking_feedback_accumulate,2828,,24656,,,346949120,501219328,431328256,501219328,,,,,,,,3.2047999557107687,,
1791272380.6264863,418148,frontend_frame,2828,0,24656,78,8,337131520,501219328,431328256,501219328,,,,,,,,,,
1791272381.0653775,418148,tracking_feedback_accumulate,2829,,24656,,,341128192,501219328,431328256,501219328,,,,,,,,2.9160999692976475,,
1791272381.0706017,418148,frontend_frame,2829,0,24656,78,8,342954496,501219328,431328256,501219328,,,,,,,,,,
1791272381.5564501,418148,tracking_feedback_accumulate,2830,,24656,,,347033088,501219328,431328256,501219328,,,,,,,,3.0714001040905714,,
1791272381.5622027,418148,frontend_frame,2830,0,24656,78,8,348859392,459276288,431328256,501219328,,,,,,,,,,
1791272381.9819698,418148,tracking_feedback_accumulate,2831,,24656,,,341212160,501219328,431328256,501219328,,,,,,,,2.9303000774234533,,
1791272381.9874775,418148,frontend_frame,2831,0,24656,78,8,343038464,501219328,431328256,501219328,,,,,,,,,,
1791272382.3874834,418148,tracking_feedback_accumulate,2832,,24656,,,346953216,501219328,431328256,501219328,,,,,,,,4.006100120022893,,
1791272382.392113,418148,frontend_frame,2832,0,24656,78,8,348779520,501219328,431328256,501219328,,,,,,,,,,
1791272382.843143,418148,tracking_feedback_accumulate,2833,,24656,,,352776192,501219328,431328256,501219328,,,,,,,,2.8276999946683645,,
1791272382.8483512,418148,frontend_frame,2833,0,24656,78,8,342958592,501219328,431328256,501219328,,,,,,,,,,
1791272383.2920613,418148,tracking_feedback_accumulate,2834,,24656,,,347037184,501219328,431328256,501219328,,,,,,,,2.970400033518672,,
1791272383.2965636,418148,frontend_frame,2834,0,24656,78,8,348863488,501219328,431328256,501219328,,,,,,,,,,
1791272383.753967,418148,tracking_feedback_accumulate,2835,,24656,,,352778240,501219328,431328256,501219328,,,,,,,,3.8400001358240843,,
1791272383.759234,418148,frontend_frame,2835,0,24656,78,8,354604544,501219328,431328256,501219328,,,,,,,,,,
1791272384.2249985,418148,tracking_feedback_accumulate,2836,,24656,,,341217280,501219328,431328256,501219328,,,,,,,,2.9037001077085733,,
1791272384.2302122,418148,frontend_frame,2836,0,24656,78,8,343043584,501219328,431328256,501219328,,,,,,,,,,
1791272384.620519,418148,tracking_feedback_accumulate,2837,,24656,,,347040256,501219328,431328256,501219328,,,,,,,,3.3144999761134386,,
1791272384.6255212,418148,frontend_frame,2837,0,24656,78,8,348866560,501219328,431328256,501219328,,,,,,,,,,
1791272385.009999,418148,tracking_feedback_accumulate,2838,,24656,,,352781312,501219328,431328256,501219328,,,,,,,,3.0062999576330185,,
1791272385.0165458,418148,frontend_frame,2838,0,24656,78,8,342963712,501219328,431328256,501219328,,,,,,,,,,
1791272385.4095516,418148,tracking_feedback_accumulate,2839,,24656,,,346960384,501219328,431328256,501219328,,,,,,,,3.1020999886095524,,
1791272385.4140534,418148,frontend_frame,2839,0,24656,78,8,348786688,501219328,431328256,501219328,,,,,,,,,,
1791272385.84521,418148,tracking_feedback_accumulate,2840,,24656,,,352865280,501219328,431328256,501219328,,,,,,,,3.2167001627385616,,
1791272385.8519747,418148,frontend_frame,2840,0,24656,78,8,354691584,459276288,431328256,501219328,,,,,,,,,,
1791272386.226444,418148,tracking_feedback_accumulate,2841,,24656,,,341140480,480247808,431328256,501219328,,,,,,,,3.0712999869138002,,
1791272386.2312107,418148,frontend_frame,2841,0,24656,78,8,342966784,480247808,431328256,501219328,,,,,,,,,,
1791272386.6605296,418148,tracking_feedback_accumulate,2842,,24656,,,347127296,480247808,431328256,501219328,,,,,,,,3.0332000460475683,,
1791272386.664529,418148,frontend_frame,2842,0,24656,78,8,348953600,480247808,431328256,501219328,,,,,,,,,,
1791272387.1190012,418148,tracking_feedback_accumulate,2843,,24656,,,352786432,501219328,431328256,501219328,,,,,,,,2.908000024035573,,
1791272387.1250167,418148,frontend_frame,2843,0,24656,78,8,342968832,501219328,431328256,501219328,,,,,,,,,,
1791272387.5175173,418148,tracking_feedback_accumulate,2844,,24656,,,347129344,501219328,431328256,501219328,,,,,,,,2.864799927920103,,
1791272387.521762,418148,frontend_frame,2844,0,24656,78,8,348955648,501219328,431328256,501219328,,,,,,,,,,
1791272387.9551084,418148,tracking_feedback_accumulate,2845,,24656,,,352788480,501219328,431328256,501219328,,,,,,,,2.9144000727683306,,
1791272387.9608636,418148,frontend_frame,2845,0,24656,78,8,342970880,501219328,431328256,501219328,,,,,,,,,,
1791272388.3966296,418148,tracking_feedback_accumulate,2846,,24656,,,347131392,501219328,431328256,501219328,,,,,,,,2.957399934530258,,
1791272388.401689,418148,frontend_frame,2846,0,24656,78,8,348957696,501219328,431328256,501219328,,,,,,,,,,
1791272388.8609543,418148,tracking_feedback_accumulate,2847,,24656,,,352790528,501219328,431328256,501219328,,,,,,,,3.446900052949786,,
1791272388.8654602,418148,frontend_frame,2847,0,24656,78,8,354616832,501219328,431328256,501219328,,,,,,,,,,
1791272389.3406134,418148,tracking_feedback_accumulate,2848,,24656,,,347133440,501219328,431328256,501219328,,,,,,,,2.8431001119315624,,
1791272389.3456273,418148,frontend_frame,2848,0,24656,78,8,348959744,501219328,431328256,501219328,,,,,,,,,,
1791272389.8058524,418148,tracking_feedback_accumulate,2849,,24656,,,352792576,501219328,431328256,501219328,,,,,,,,3.2676998525857925,,
1791272389.8113587,418148,frontend_frame,2849,0,24656,78,8,354618880,501219328,431328256,501219328,,,,,,,,,,
1791272390.195068,418148,tracking_feedback_accumulate,2850,,24656,,,358615552,501219328,431328256,501219328,,,,,,,,3.4039998427033424,,
1791272390.2016206,418148,frontend_frame,2850,0,24656,78,8,348797952,459276288,431328256,501219328,,,,,,,,,,
1791272390.6582937,418148,tracking_feedback_accumulate,2851,,24656,,,352876544,480247808,431328256,501219328,,,,,,,,2.8884001076221466,,
1791272390.6634421,418148,frontend_frame,2851,0,24656,78,8,354702848,480247808,431328256,501219328,,,,,,,,,,
1791272391.0900683,418148,tracking_feedback_accumulate,2852,,24656,,,358617600,501219328,431328256,501219328,,,,,,,,2.865999937057495,,
1791272391.095601,418148,frontend_frame,2852,0,24656,78,8,360443904,501219328,431328256,501219328,,,,,,,,,,
1791272391.5412705,418148,tracking_feedback_accumulate,2853,,24656,,,335412736,501219328,431328256,501219328,,,,,,,,2.9130999464541674,,
1791272391.546774,418148,frontend_frame,2853,0,24656,78,8,337239040,501219328,431328256,501219328,,,,,,,,,,
1791272391.9246488,418148,tracking_feedback_accumulate,2854,,24656,,,341235712,501219328,431328256,501219328,,,,,,,,2.8600001242011786,,
1791272391.9296691,418148,frontend_frame,2854,0,24656,78,8,343062016,501219328,431328256,501219328,,,,,,,,,,
1791272392.2918727,418148,tracking_feedback_accumulate,2855,,24656,,,346976768,501219328,431328256,501219328,,,,,,,,2.8750000055879354,,
1791272392.2973738,418148,frontend_frame,2855,0,24656,78,8,337159168,501219328,431328256,501219328,,,,,,,,,,
1791272392.6671968,418148,tracking_feedback_accumulate,2856,,24656,,,341319680,501219328,431328256,501219328,,,,,,,,2.9186999890953302,,
1791272392.671837,418148,frontend_frame,2856,0,24656,78,8,343145984,501219328,431328256,501219328,,,,,,,,,,
1791272393.0980036,418148,tracking_feedback_accumulate,2857,,24656,,,346978816,501219328,431328256,501219328,,,,,,,,3.531400114297867,,
1791272393.1030066,418148,frontend_frame,2857,0,24656,78,8,348805120,501219328,431328256,501219328,,,,,,,,,,
1791272393.520905,418148,tracking_feedback_accumulate,2858,,24656,,,335499776,501219328,431328256,501219328,,,,,,,,2.9778999742120504,,
1791272393.5763524,418148,frontend_frame,2858,0,24656,79,8,341321728,501219328,431328256,501219328,,,,,,,,,,
1791272405.1167812,418148,tracking_feedback_accumulate,2859,,25407,,,345206784,501219328,431328256,501219328,,,,,,,,2.9025000985711813,,
1791272405.121345,418148,frontend_frame,2859,0,25407,79,8,347217408,501219328,431328256,501219328,,,,,,,,,,
1791272405.526679,418148,tracking_feedback_accumulate,2860,,25407,,,339554816,501219328,431328256,501219328,,,,,,,,3.5837998148053885,,
1791272405.533189,418148,frontend_frame,2860,0,25407,79,8,341560320,459276288,431328256,501219328,,,,,,,,,,
1791272405.9648762,418148,tracking_feedback_accumulate,2861,,25407,,,345393152,501219328,431328256,501219328,,,,,,,,2.9467998538166285,,
1791272405.969619,418148,frontend_frame,2861,0,25407,79,8,347398656,501219328,431328256,501219328,,,,,,,,,,
1791272406.4293702,418148,tracking_feedback_accumulate,2862,,25407,,,351559168,501219328,431328256,501219328,,,,,,,,3.4471999388188124,,
1791272406.4353704,418148,frontend_frame,2862,0,25407,79,8,341562368,501219328,431328256,501219328,,,,,,,,,,
1791272406.814909,418148,tracking_feedback_accumulate,2863,,25407,,,345395200,501219328,431328256,501219328,,,,,,,,2.891800133511424,,
1791272406.8199193,418148,frontend_frame,2863,0,25407,79,8,347401216,501219328,431328256,501219328,,,,,,,,,,
1791272407.199881,418148,tracking_feedback_accumulate,2864,,25407,,,351397888,501219328,431328256,501219328,,,,,,,,3.0881999991834164,,
1791272407.2049387,418148,frontend_frame,2864,0,25407,79,8,353403392,501219328,431328256,501219328,,,,,,,,,,
1791272407.6800842,418148,tracking_feedback_accumulate,2865,,25407,,,339478528,501219328,431328256,501219328,,,,,,,,3.5955000203102827,,
1791272407.6850843,418148,frontend_frame,2865,0,25407,79,8,341484032,501219328,431328256,501219328,,,,,,,,,,
1791272408.0633426,418148,tracking_feedback_accumulate,2866,,25407,,,345398784,501219328,431328256,501219328,,,,,,,,3.400899935513735,,
1791272408.0680714,418148,frontend_frame,2866,0,25407,79,8,347404288,501219328,431328256,501219328,,,,,,,,,,
1791272408.3150012,418148,tracking_feedback_accumulate,2867,,25407,,,351400960,501219328,431328256,501219328,,,,,,,,3.1386001501232386,,
1791272408.3207436,418148,frontend_frame,2867,0,25407,79,8,341404160,501219328,431328256,501219328,,,,,,,,,,
1791272408.715873,418148,tracking_feedback_accumulate,2868,,25407,,,345482752,501219328,431328256,501219328,,,,,,,,2.9374000150710344,,
1791272408.72139,418148,frontend_frame,2868,0,25407,79,8,347488256,501219328,431328256,501219328,,,,,,,,,,
1791272409.1864452,418148,tracking_feedback_accumulate,2869,,25407,,,351484928,501219328,431328256,501219328,,,,,,,,2.881099935621023,,
1791272409.192458,418148,frontend_frame,2869,0,25407,79,8,341488128,501219328,431328256,501219328,,,,,,,,,,
1791272409.6622593,418148,tracking_feedback_accumulate,2870,,25407,,,345402880,501219328,431328256,501219328,,,,,,,,2.895199926570058,,
1791272409.6680136,418148,frontend_frame,2870,0,25407,79,8,347408384,459276288,431328256,501219328,,,,,,,,,,
1791272410.0504458,418148,tracking_feedback_accumulate,2871,,25407,,,351568896,501219328,431328256,501219328,,,,,,,,2.9599000699818134,,
1791272410.0549545,418148,frontend_frame,2871,0,25407,79,8,353574400,501219328,431328256,501219328,,,,,,,,,,
1791272410.4387538,418148,tracking_feedback_accumulate,2872,,25407,,,345404928,501219328,431328256,501219328,,,,,,,,3.3353001344949007,,
1791272410.4439173,418148,frontend_frame,2872,0,25407,79,8,347410432,501219328,431328256,501219328,,,,,,,,,,
1791272410.8079014,418148,tracking_feedback_accumulate,2873,,25407,,,351570944,501219328,431328256,501219328,,,,,,,,2.8476999141275883,,
1791272410.8129036,418148,frontend_frame,2873,0,25407,79,8,353576448,501219328,431328256,501219328,,,,,,,,,,
1791272411.2616012,418148,tracking_feedback_accumulate,2874,,25407,,,357409280,501219328,431328256,501219328,,,,,,,,2.98880017362535,,
1791272411.26765,418148,frontend_frame,2874,0,25407,79,8,347412480,501219328,431328256,501219328,,,,,,,,,,
1791272411.7266903,418148,tracking_feedback_accumulate,2875,,25407,,,351491072,501219328,431328256,501219328,,,,,,,,2.898699836805463,,
1791272411.7302003,418148,frontend_frame,2875,0,25407,79,8,353496576,501219328,431328256,501219328,,,,,,,,,,
1791272412.1911297,418148,tracking_feedback_accumulate,2876,,25407,,,357493248,501219328,431328256,501219328,,,,,,,,3.1071999110281467,,
1791272412.1951292,418148,frontend_frame,2876,0,25407,79,8,359498752,501219328,431328256,501219328,,,,,,,,,,
1791272412.6125212,418148,tracking_feedback_accumulate,2877,,25407,,,345410048,501219328,431328256,501219328,,,,,,,,2.9110999312251806,,
1791272412.6183033,418148,frontend_frame,2877,0,25407,79,8,347415552,501219328,431328256,501219328,,,,,,,,,,
1791272413.069834,418148,tracking_feedback_accumulate,2878,,25407,,,351576064,501219328,431328256,501219328,,,,,,,,3.2961999531835318,,
1791272413.074837,418148,frontend_frame,2878,0,25407,79,8,353581568,501219328,431328256,501219328,,,,,,,,,,
1791272413.5311534,418148,tracking_feedback_accumulate,2879,,25407,,,357414400,501219328,431328256,501219328,,,,,,,,3.1501001212745905,,
1791272413.5376866,418148,frontend_frame,2879,0,25407,79,8,347417600,501219328,431328256,501219328,,,,,,,,,,
1791272413.9379141,418148,tracking_feedback_accumulate,2880,,25407,,,351578112,501219328,431328256,501219328,,,,,,,,2.996299881488085,,
1791272413.9429169,418148,frontend_frame,2880,0,25407,79,8,353583616,459276288,431328256,501219328,,,,,,,,,,
1791272414.404463,418148,tracking_feedback_accumulate,2881,,25407,,,357416448,501219328,431328256,501219328,,,,,,,,3.0103998724371195,,
1791272414.410033,418148,frontend_frame,2881,0,25407,79,8,359421952,501219328,431328256,501219328,,,,,,,,,,
1791272414.8576384,418148,tracking_feedback_accumulate,2882,,25407,,,339414016,501219328,431328256,501219328,,,,,,,,3.015299793332815,,
1791272414.8618252,418148,frontend_frame,2882,0,25407,79,8,341419520,501219328,431328256,501219328,,,,,,,,,,
1791272415.2529228,418148,tracking_feedback_accumulate,2883,,25407,,,345498112,501219328,431328256,501219328,,,,,,,,3.667199984192848,,
1791272415.258299,418148,frontend_frame,2883,0,25407,79,8,347503616,501219328,431328256,501219328,,,,,,,,,,
1791272415.7009058,418148,tracking_feedback_accumulate,2884,,25407,,,351418368,501219328,431328256,501219328,,,,,,,,2.8388998471200466,,
1791272415.70654,418148,frontend_frame,2884,0,25407,79,8,341421568,501219328,431328256,501219328,,,,,,,,,,
1791272416.1777036,418148,tracking_feedback_accumulate,2885,,25407,,,345418240,501219328,431328256,501219328,,,,,,,,2.9643999878317118,,
1791272416.1827073,418148,frontend_frame,2885,0,25407,79,8,347423744,501219328,431328256,501219328,,,,,,,,,,
1791272416.5723362,418148,tracking_feedback_accumulate,2886,,25407,,,351502336,501219328,431328256,501219328,,,,,,,,3.6800000816583633,,
1791272416.5773425,418148,frontend_frame,2886,0,25407,79,8,341505536,501219328,431328256,501219328,,,,,,,,,,
1791272416.9681752,418148,tracking_feedback_accumulate,2887,,25407,,,345502208,501219328,431328256,501219328,,,,,,,,2.8957000467926264,,
1791272416.9742343,418148,frontend_frame,2887,0,25407,79,8,347507712,501219328,431328256,501219328,,,,,,,,,,
1791272417.4338524,418148,tracking_feedback_accumulate,2888,,25407,,,351422464,501219328,431328256,501219328,,,,,,,,2.927799941971898,,
1791272417.4848812,418148,frontend_frame,2888,0,25407,80,8,357423616,501219328,431328256,501219328,,,,,,,,,,
1791272429.0774758,418148,tracking_feedback_accumulate,2889,,26098,,,349627904,501219328,431328256,501219328,,,,,,,,2.9732000548392534,,
1791272429.0835106,418148,frontend_frame,2889,0,26098,80,8,351799808,501219328,431328256,501219328,,,,,,,,,,
1791272429.5275564,418148,tracking_feedback_accumulate,2890,,26098,,,355632640,501219328,431328256,501219328,,,,,,,,2.9901000671088696,,
1791272429.5320644,418148,frontend_frame,2890,0,26098,80,8,357799424,459276288,431328256,501219328,,,,,,,,,,
1791272429.941066,418148,tracking_feedback_accumulate,2891,,26098,,,361878016,501219328,431328256,501219328,,,,,,,,2.902299864217639,,
1791272429.9455736,418148,frontend_frame,2891,0,26098,80,8,351719936,501219328,431328256,501219328,,,,,,,,,,
1791272430.4042625,418148,tracking_feedback_accumulate,2892,,26098,,,355634688,501219328,431328256,501219328,,,,,,,,2.9667001217603683,,
1791272430.4094532,418148,frontend_frame,2892,0,26098,80,8,357801472,501219328,431328256,501219328,,,,,,,,,,
1791272430.8674374,418148,tracking_feedback_accumulate,2893,,26098,,,361798144,501219328,431328256,501219328,,,,,,,,2.88940011523664,,
1791272430.8723147,418148,frontend_frame,2893,0,26098,80,8,363965440,501219328,431328256,501219328,,,,,,,,,,
1791272431.2947924,418148,tracking_feedback_accumulate,2894,,26098,,,349556736,501219328,431328256,501219328,,,,,,,,3.015900030732155,,
1791272431.3002982,418148,frontend_frame,2894,0,26098,80,8,351723520,501219328,431328256,501219328,,,,,,,,,,
1791272431.7740667,418148,tracking_feedback_accumulate,2895,,26098,,,355638272,501219328,431328256,501219328,,,,,,,,3.004099940881133,,
1791272431.7796533,418148,frontend_frame,2895,0,26098,80,8,357805056,501219328,431328256,501219328,,,,,,,,,,
1791272432.2194595,418148,tracking_feedback_accumulate,2896,,26098,,,349476864,501219328,431328256,501219328,,,,,,,,2.835600171238184,,
1791272432.2237794,418148,frontend_frame,2896,0,26098,80,8,351643648,501219328,431328256,501219328,,,,,,,,,,
1791272432.6409595,418148,tracking_feedback_accumulate,2897,,26098,,,355722240,501219328,431328256,501219328,,,,,,,,2.9320998582988977,,
1791272432.6449594,418148,frontend_frame,2897,0,26098,80,8,357889024,501219328,431328256,501219328,,,,,,,,,,
1791272433.1391685,418148,tracking_feedback_accumulate,2898,,26098,,,361803776,501219328,431328256,501219328,,,,,,,,3.7140001077204943,,
1791272433.1443095,418148,frontend_frame,2898,0,26098,80,8,351645696,501219328,431328256,501219328,,,,,,,,,,
1791272433.6237996,418148,tracking_feedback_accumulate,2899,,26098,,,355724288,501219328,431328256,501219328,,,,,,,,4.017099970951676,,
1791272433.6280181,418148,frontend_frame,2899,0,26098,80,8,357891072,501219328,431328256,501219328,,,,,,,,,,
1791272434.120703,418148,tracking_feedback_accumulate,2900,,26098,,,361805824,501219328,431328256,501219328,,,,,,,,2.92930006980896,,
1791272434.1257026,418148,frontend_frame,2900,0,26098,80,8,363972608,459276288,431328256,501219328,,,,,,,,,,
1791272434.5513632,418148,tracking_feedback_accumulate,2901,,26098,,,349481984,501219328,431328256,501219328,,,,,,,,2.9484000988304615,,
1791272434.558055,418148,frontend_frame,2901,0,26098,80,8,351648768,501219328,431328256,501219328,,,,,,,,,,
1791272434.9823582,418148,tracking_feedback_accumulate,2902,,26098,,,355727360,501219328,431328256,501219328,,,,,,,,2.830600133165717,,
1791272434.9878712,418148,frontend_frame,2902,0,26098,80,8,357894144,501219328,431328256,501219328,,,,,,,,,,
1791272435.4124403,418148,tracking_feedback_accumulate,2903,,26098,,,361808896,501219328,431328256,501219328,,,,,,,,2.9056998901069164,,
1791272435.4186122,418148,frontend_frame,2903,0,26098,80,8,351650816,501219328,431328256,501219328,,,,,,,,,,
1791272435.8237274,418148,tracking_feedback_accumulate,2904,,26098,,,355811328,501219328,431328256,501219328,,,,,,,,4.109499976038933,,
1791272435.8292532,418148,frontend_frame,2904,0,26098,80,8,357978112,501219328,431328256,501219328,,,,,,,,,,
1791272436.201531,418148,tracking_feedback_accumulate,2905,,26098,,,361810944,501219328,431328256,501219328,,,,,,,,2.921799896284938,,
1791272436.207064,418148,frontend_frame,2905,0,26098,80,8,363977728,501219328,431328256,501219328,,,,,,,,,,
1791272436.5375557,418148,tracking_feedback_accumulate,2906,,26098,,,343567872,501219328,431328256,501219328,,,,,,,,3.118599997833371,,
1791272436.542559,418148,frontend_frame,2906,0,26098,80,8,345734656,501219328,431328256,501219328,,,,,,,,,,
1791272436.932423,418148,tracking_feedback_accumulate,2907,,26098,,,349649408,501219328,431328256,501219328,,,,,,,,2.929599955677986,,
1791272436.9364226,418148,frontend_frame,2907,0,26098,80,8,351816192,501219328,431328256,501219328,,,,,,,,,,
1791272437.2441857,418148,tracking_feedback_accumulate,2908,,26098,,,355812864,501219328,431328256,501219328,,,,,,,,3.1282000709325075,,
1791272437.249722,418148,frontend_frame,2908,0,26098,80,8,345654784,501219328,431328256,501219328,,,,,,,,,,
1791272437.5715775,418148,tracking_feedback_accumulate,2909,,26098,,,349733376,501219328,431328256,501219328,,,,,,,,2.965399995446205,,
1791272437.5774348,418148,frontend_frame,2909,0,26098,80,8,351900160,501219328,431328256,501219328,,,,,,,,,,
1791272437.9491107,418148,tracking_feedback_accumulate,2910,,26098,,,355896832,501219328,431328256,501219328,,,,,,,,2.9068998992443085,,
1791272437.9551485,418148,frontend_frame,2910,0,26098,80,8,345738752,459276288,431328256,501219328,,,,,,,,,,
1791272438.3910358,418148,tracking_feedback_accumulate,2911,,26098,,,349653504,501219328,431328256,501219328,,,,,,,,2.9207998886704445,,
1791272438.395036,418148,frontend_frame,2911,0,26098,80,8,351820288,501219328,431328256,501219328,,,,,,,,,,
1791272438.860085,418148,tracking_feedback_accumulate,2912,,26098,,,355816960,501219328,431328256,501219328,,,,,,,,3.2283999025821686,,
1791272438.910896,418148,frontend_frame,2912,0,26098,81,8,361979392,501219328,431328256,501219328,,,,,,,,,,
1791272450.5182674,418148,tracking_feedback_accumulate,2913,,26570,,,353766912,501219328,431328256,501219328,,,,,,,,2.9708000365644693,,
1791272450.5238411,418148,frontend_frame,2913,0,26570,81,8,356049920,501219328,431328256,501219328,,,,,,,,,,
1791272450.850116,418148,tracking_feedback_accumulate,2914,,26570,,,360046592,501219328,431328256,501219328,,,,,,,,3.306600032374263,,
1791272450.8551464,418148,frontend_frame,2914,0,26570,81,8,362326016,501219328,431328256,501219328,,,,,,,,,,
1791272451.1768875,418148,tracking_feedback_accumulate,2915,,26570,,,366240768,501219328,431328256,501219328,,,,,,,,3.1757999677211046,,
1791272451.181584,418148,frontend_frame,2915,0,26570,81,8,355970048,501219328,431328256,501219328,,,,,,,,,,
1791272451.553119,418148,tracking_feedback_accumulate,2916,,26570,,,359966720,501219328,431328256,501219328,,,,,,,,2.9855000320822,,
1791272451.5581648,418148,frontend_frame,2916,0,26570,81,8,362246144,501219328,431328256,501219328,,,,,,,,,,
1791272451.9505541,418148,tracking_feedback_accumulate,2917,,26570,,,366324736,501219328,431328256,501219328,,,,,,,,2.904199995100498,,
1791272451.9565635,418148,frontend_frame,2917,0,26570,81,8,356054528,501219328,431328256,501219328,,,,,,,,,,
1791272452.3213284,418148,tracking_feedback_accumulate,2918,,26570,,,359969280,501219328,431328256,501219328,,,,,,,,3.0303001403808594,,
1791272452.3263958,418148,frontend_frame,2918,0,26570,81,8,362248704,501219328,431328256,501219328,,,,,,,,,,
1791272452.7715812,418148,tracking_feedback_accumulate,2919,,26570,,,366327296,501219328,431328256,501219328,,,,,,,,2.9990000184625387,,
1791272452.777609,418148,frontend_frame,2919,0,26570,81,8,368606720,501219328,431328256,501219328,,,,,,,,,,
1791272453.1395264,418148,tracking_feedback_accumulate,2920,,26570,,,359971328,501219328,431328256,501219328,,,,,,,,2.9704999178647995,,
1791272453.1445756,418148,frontend_frame,2920,0,26570,81,8,362250752,459276288,431328256,501219328,,,,,,,,,,
1791272453.5623255,418148,tracking_feedback_accumulate,2921,,26570,,,366329344,501219328,431328256,501219328,,,,,,,,2.837300067767501,,
1791272453.5673478,418148,frontend_frame,2921,0,26570,81,8,368608768,501219328,431328256,501219328,,,,,,,,,,
1791272453.883339,418148,tracking_feedback_accumulate,2922,,26570,,,372605440,501219328,431328256,501219328,,,,,,,,2.955400152131915,,
1791272453.888076,418148,frontend_frame,2922,0,26570,81,8,362334720,501219328,431328256,501219328,,,,,,,,,,
1791272454.3029745,418148,tracking_feedback_accumulate,2923,,26570,,,366331392,501219328,431328256,501219328,,,,,,,,3.043100005015731,,
1791272454.3090425,418148,frontend_frame,2923,0,26570,81,8,368610816,501219328,431328256,501219328,,,,,,,,,,
1791272454.652237,418148,tracking_feedback_accumulate,2924,,26570,,,372525568,501219328,431328256,501219328,,,,,,,,2.8631999157369137,,
1791272454.6567447,418148,frontend_frame,2924,0,26570,81,8,374804992,501219328,431328256,501219328,,,,,,,,,,
1791272455.117462,418148,tracking_feedback_accumulate,2925,,26570,,,359976448,501219328,431328256,501219328,,,,,,,,2.970400033518672,,
1791272455.121631,418148,frontend_frame,2925,0,26570,81,8,362255872,501219328,431328256,501219328,,,,,,,,,,
1791272455.440532,418148,tracking_feedback_accumulate,2926,,26570,,,366334464,501219328,431328256,501219328,,,,,,,,3.2748000230640173,,
1791272455.4475424,418148,frontend_frame,2926,0,26570,81,8,368613888,501219328,431328256,501219328,,,,,,,,,,
1791272455.793403,418148,tracking_feedback_accumulate,2927,,26570,,,372610560,501219328,431328256,501219328,,,,,,,,3.187099937349558,,
1791272455.7983475,418148,frontend_frame,2927,0,26570,81,8,362339840,501219328,431328256,501219328,,,,,,,,,,
1791272456.147295,418148,tracking_feedback_accumulate,2928,,26570,,,366336512,501219328,431328256,501219328,,,,,,,,3.683400107547641,,
1791272456.1519938,418148,frontend_frame,2928,0,26570,81,8,368615936,501219328,431328256,501219328,,,,,,,,,,
1791272456.5312505,418148,tracking_feedback_accumulate,2929,,26570,,,372612608,501219328,431328256,501219328,,,,,,,,2.7218000032007694,,
1791272456.5373638,418148,frontend_frame,2929,0,26570,81,8,374892032,501219328,431328256,501219328,,,,,,,,,,
1791272456.9145994,418148,tracking_feedback_accumulate,2930,,26570,,,359981568,501219328,431328256,501219328,,,,,,,,3.6605000495910645,,
1791272456.9198868,418148,frontend_frame,2930,0,26570,81,8,362260992,459276288,431328256,501219328,,,,,,,,,,
1791272457.1809464,418148,tracking_feedback_accumulate,2931,,26570,,,366257664,501219328,431328256,501219328,,,,,,,,3.7988999392837286,,
1791272457.1854477,418148,frontend_frame,2931,0,26570,81,8,368537088,501219328,431328256,501219328,,,,,,,,,,
1791272457.623759,418148,tracking_feedback_accumulate,2932,,26570,,,372615680,501219328,431328256,501219328,,,,,,,,3.0924000311642885,,
1791272457.6290894,418148,frontend_frame,2932,0,26570,81,8,362344960,501219328,431328256,501219328,,,,,,,,,,
1791272458.075813,418148,tracking_feedback_accumulate,2933,,26570,,,366341632,501219328,431328256,501219328,,,,,,,,2.9140999540686607,,
1791272458.0814629,418148,frontend_frame,2933,0,26570,81,8,368621056,501219328,431328256,501219328,,,,,,,,,,
1791272458.4248912,418148,tracking_feedback_accumulate,2934,,26570,,,372617728,501219328,431328256,501219328,,,,,,,,3.0888000037521124,,
1791272458.479058,418148,frontend_frame,2934,0,26570,82,8,353905152,501219328,431328256,501219328,,,,,,,,,,
1791272470.1150968,418148,tracking_feedback_accumulate,2935,,27291,,,357870592,501219328,431328256,501219328,,,,,,,,2.9378999024629593,,
1791272470.1206203,418148,frontend_frame,2935,0,27291,82,8,360326144,501219328,431328256,501219328,,,,,,,,,,
1791272470.4664216,418148,tracking_feedback_accumulate,2936,,27291,,,364322816,501219328,431328256,501219328,,,,,,,,3.0362000688910484,,
1791272470.472709,418148,frontend_frame,2936,0,27291,82,8,366773248,501219328,431328256,501219328,,,,,,,,,,
1791272470.877381,418148,tracking_feedback_accumulate,2937,,27291,,,357959680,501219328,431328256,501219328,,,,,,,,3.2973000779747963,,
1791272470.882088,418148,frontend_frame,2937,0,27291,82,8,360410112,501219328,431328256,501219328,,,,,,,,,,
1791272471.2284737,418148,tracking_feedback_accumulate,2938,,27291,,,364406784,501219328,431328256,501219328,,,,,,,,3.6096000112593174,,
1791272471.2325225,418148,frontend_frame,2938,0,27291,82,8,366857216,501219328,431328256,501219328,,,,,,,,,,
1791272471.659941,418148,tracking_feedback_accumulate,2939,,27291,,,370853888,501219328,431328256,501219328,,,,,,,,3.094299929216504,,
1791272471.6649435,418148,frontend_frame,2939,0,27291,82,8,360412672,501219328,431328256,501219328,,,,,,,,,,
1791272472.0051165,418148,tracking_feedback_accumulate,2940,,27291,,,364409344,501219328,431328256,501219328,,,,,,,,2.9454000759869814,,
1791272472.011145,418148,frontend_frame,2940,0,27291,82,8,366859776,480247808,431328256,501219328,,,,,,,,,,
1791272472.3975167,418148,tracking_feedback_accumulate,2941,,27291,,,370856448,501219328,431328256,501219328,,,,,,,,3.2962001860141754,,
1791272472.4030695,418148,frontend_frame,2941,0,27291,82,8,360414720,501219328,431328256,501219328,,,,,,,,,,
1791272472.7548816,418148,tracking_feedback_accumulate,2942,,27291,,,364411392,501219328,431328256,501219328,,,,,,,,2.8629000298678875,,
1791272472.7581768,418148,frontend_frame,2942,0,27291,82,8,366861824,501219328,431328256,501219328,,,,,,,,,,
1791272473.1953464,418148,tracking_feedback_accumulate,2943,,27291,,,370858496,501219328,431328256,501219328,,,,,,,,3.54969990439713,,
1791272473.2004802,418148,frontend_frame,2943,0,27291,82,8,373308928,501219328,431328256,501219328,,,,,,,,,,
1791272473.6529858,418148,tracking_feedback_accumulate,2944,,27291,,,364413440,501219328,431328256,501219328,,,,,,,,2.9159998521208763,,
1791272473.6583934,418148,frontend_frame,2944,0,27291,82,8,366863872,501219328,431328256,501219328,,,,,,,,,,
1791272474.1193988,418148,tracking_feedback_accumulate,2945,,27291,,,370778624,501219328,431328256,501219328,,,,,,,,3.032200038433075,,
1791272474.123561,418148,frontend_frame,2945,0,27291,82,8,373229056,501219328,431328256,501219328,,,,,,,,,,
1791272474.5372002,418148,tracking_feedback_accumulate,2946,,27291,,,377225728,501219328,431328256,501219328,,,,,,,,3.009599866345525,,
1791272474.5422494,418148,frontend_frame,2946,0,27291,82,8,366784000,501219328,431328256,501219328,,,,,,,,,,
1791272474.9187415,418148,tracking_feedback_accumulate,2947,,27291,,,370862592,501219328,431328256,501219328,,,,,,,,3.098099958151579,,
1791272474.923762,418148,frontend_frame,2947,0,27291,82,8,373313024,501219328,431328256,501219328,,,,,,,,,,
1791272475.2750535,418148,tracking_feedback_accumulate,2948,,27291,,,377227776,501219328,431328256,501219328,,,,,,,,2.90969992056489,,
1791272475.2798638,418148,frontend_frame,2948,0,27291,82,8,379678208,501219328,431328256,501219328,,,,,,,,,,
1791272475.6007996,418148,tracking_feedback_accumulate,2949,,27291,,,364418560,501219328,431328256,501219328,,,,,,,,3.5916001070290804,,
1791272475.6048443,418148,frontend_frame,2949,0,27291,82,8,366868992,501219328,431328256,501219328,,,,,,,,,,
1791272476.0110521,418148,tracking_feedback_accumulate,2950,,27291,,,370865664,501219328,431328256,501219328,,,,,,,,2.9901000671088696,,
1791272476.0170598,418148,frontend_frame,2950,0,27291,82,8,373316096,480247808,431328256,501219328,,,,,,,,,,
1791272476.5119715,418148,tracking_feedback_accumulate,2951,,27291,,,377312768,501219328,431328256,501219328,,,,,,,,3.059599781408906,,
1791272476.5185661,418148,frontend_frame,2951,0,27291,82,8,366871040,501219328,431328256,501219328,,,,,,,,,,
1791272476.9141445,418148,tracking_feedback_accumulate,2952,,27291,,,370867712,501219328,431328256,501219328,,,,,,,,2.673099981620908,,
1791272476.9198687,418148,frontend_frame,2952,0,27291,82,8,373318144,501219328,431328256,501219328,,,,,,,,,,
1791272477.2683146,418148,tracking_feedback_accumulate,2953,,27291,,,377314816,501219328,431328256,501219328,,,,,,,,3.61949997022748,,
1791272477.277668,418148,frontend_frame,2953,0,27291,82,8,379765248,501219328,431328256,501219328,,,,,,,,,,
1791272477.6775382,418148,tracking_feedback_accumulate,2954,,27291,,,364423680,501219328,431328256,501219328,,,,,,,,3.024699864909053,,
1791272477.6815841,418148,frontend_frame,2954,0,27291,82,8,366874112,501219328,431328256,501219328,,,,,,,,,,
1791272478.0772295,418148,tracking_feedback_accumulate,2955,,27291,,,370870784,501219328,431328256,501219328,,,,,,,,2.902999985963106,,
1791272478.0814855,418148,frontend_frame,2955,0,27291,82,8,373321216,501219328,431328256,501219328,,,,,,,,,,
1791272478.4170477,418148,tracking_feedback_accumulate,2956,,27291,,,377235968,501219328,431328256,501219328,,,,,,,,2.9919000808149576,,
1791272478.4237952,418148,frontend_frame,2956,0,27291,82,8,366794240,501219328,431328256,501219328,,,,,,,,,,
1791272478.8728266,418148,tracking_feedback_accumulate,2957,,27291,,,370954752,501219328,431328256,501219328,,,,,,,,2.9944998677819967,,
1791272478.877746,418148,frontend_frame,2957,0,27291,82,8,373405184,501219328,431328256,501219328,,,,,,,,,,
1791272479.3312397,418148,tracking_feedback_accumulate,2958,,27291,,,377238016,501219328,431328256,501219328,,,,,,,,3.017800161615014,,
1791272479.3373175,418148,frontend_frame,2958,0,27291,82,8,366796288,501219328,431328256,501219328,,,,,,,,,,
1791272479.7236004,418148,tracking_feedback_accumulate,2959,,27291,,,370792960,501219328,431328256,501219328,,,,,,,,2.9621999710798264,,
1791272479.7740166,418148,frontend_frame,2959,0,27291,83,8,377239040,501219328,431328256,501219328,,,,,,,,,,
1791272491.5405645,418148,tracking_feedback_accumulate,2960,,28263,,,381382656,501219328,431328256,501219328,,,,,,,,2.921000123023987,,
1791272491.546015,418148,frontend_frame,2960,0,28263,83,8,384070144,480247808,431328256,501219328,,,,,,,,,,
1791272491.9388056,418148,tracking_feedback_accumulate,2961,,28263,,,374944768,522190848,431328256,522190848,,,,,,,,3.116799984127283,,
1791272491.943839,418148,frontend_frame,2961,0,28263,83,8,377625088,522190848,431328256,522190848,,,,,,,,,,
1791272492.3579578,418148,tracking_feedback_accumulate,2962,,28263,,,381621760,522190848,431328256,522190848,,,,,,,,2.92599992826581,,
1791272492.362972,418148,frontend_frame,2962,0,28263,83,8,384302080,522190848,431328256,522190848,,,,,,,,,,
1791272492.7374551,418148,tracking_feedback_accumulate,2963,,28263,,,388298752,522190848,431552512,522190848,,,,,,,,2.9819998890161514,,
1791272492.743194,418148,frontend_frame,2963,0,28263,83,8,364734976,522190848,431552512,522190848,,,,,,,,,,
1791272493.110326,418148,tracking_feedback_accumulate,2964,,28263,,,368649728,522190848,431552512,522190848,,,,,,,,2.859200118109584,,
1791272493.1143255,418148,frontend_frame,2964,0,28263,83,8,371330560,522190848,431552512,522190848,,,,,,,,,,
1791272493.4796913,418148,tracking_feedback_accumulate,2965,,28263,,,375491072,522190848,431552512,522190848,,,,,,,,2.805399941280484,,
1791272493.4852018,418148,frontend_frame,2965,0,28263,83,8,364819456,522190848,431552512,522190848,,,,,,,,,,
1791272493.8834538,418148,tracking_feedback_accumulate,2966,,28263,,,368652288,522190848,431552512,522190848,,,,,,,,3.581100143492222,,
1791272493.8885,418148,frontend_frame,2966,0,28263,83,8,371332608,522190848,431552512,522190848,,,,,,,,,,
1791272494.3092709,418148,tracking_feedback_accumulate,2967,,28263,,,375493120,522190848,431552512,522190848,,,,,,,,3.1491999980062246,,
1791272494.3137777,418148,frontend_frame,2967,0,28263,83,8,378173440,522190848,431552512,522190848,,,,,,,,,,
1791272494.577684,418148,tracking_feedback_accumulate,2968,,28263,,,368654336,522190848,431552512,522190848,,,,,,,,3.0013001523911953,,
1791272494.5823467,418148,frontend_frame,2968,0,28263,83,8,371334656,522190848,431552512,522190848,,,,,,,,,,
1791272494.9149318,418148,tracking_feedback_accumulate,2969,,28263,,,375495168,522190848,431552512,522190848,,,,,,,,3.029800020158291,,
1791272494.9197624,418148,frontend_frame,2969,0,28263,83,8,378175488,522190848,431552512,522190848,,,,,,,,,,
1791272495.3727574,418148,tracking_feedback_accumulate,2970,,28263,,,382008320,522190848,431552512,522190848,,,,,,,,2.957200165838003,,
1791272495.3779442,418148,frontend_frame,2970,0,28263,83,8,371336704,480247808,431552512,522190848,,,,,,,,,,
1791272495.7709417,418148,tracking_feedback_accumulate,2971,,28263,,,375415296,501219328,431552512,522190848,,,,,,,,3.7970999255776405,,
1791272495.7749407,418148,frontend_frame,2971,0,28263,83,8,378095616,501219328,431552512,522190848,,,,,,,,,,
1791272496.154133,418148,tracking_feedback_accumulate,2972,,28263,,,382092288,501219328,431552512,522190848,,,,,,,,3.5961999092251062,,
1791272496.1591444,418148,frontend_frame,2972,0,28263,83,8,384772608,501219328,431552512,522190848,,,,,,,,,,
1791272496.5973299,418148,tracking_feedback_accumulate,2973,,28263,,,368741376,522190848,431552512,522190848,,,,,,,,3.223299980163574,,
1791272496.6015508,418148,frontend_frame,2973,0,28263,83,8,371421696,522190848,431552512,522190848,,,,,,,,,,
1791272497.0352216,418148,tracking_feedback_accumulate,2974,,28263,,,375336448,522190848,431552512,522190848,,,,,,,,3.0089998617768288,,
1791272497.040237,418148,frontend_frame,2974,0,28263,83,8,378016768,522190848,431552512,522190848,,,,,,,,,,
1791272497.4665003,418148,tracking_feedback_accumulate,2975,,28263,,,382177280,522190848,431552512,522190848,,,,,,,,6.669499911367893,,
1791272497.4735332,418148,frontend_frame,2975,0,28263,83,8,371505664,522190848,431552512,522190848,,,,,,,,,,
1791272497.8103342,418148,tracking_feedback_accumulate,2976,,28263,,,375338496,522190848,431552512,522190848,,,,,,,,2.940399805083871,,
1791272497.8153355,418148,frontend_frame,2976,0,28263,83,8,378018816,522190848,431552512,522190848,,,,,,,,,,
1791272498.2912176,418148,tracking_feedback_accumulate,2977,,28263,,,382097408,522190848,431552512,522190848,,,,,,,,3.012700006365776,,
1791272498.2967222,418148,frontend_frame,2977,0,28263,83,8,384777728,522190848,431552512,522190848,,,,,,,,,,
1791272498.681632,418148,tracking_feedback_accumulate,2978,,28263,,,368664576,522190848,431552512,522190848,,,,,,,,2.9559999238699675,,
1791272498.6861336,418148,frontend_frame,2978,0,28263,83,8,371344896,522190848,431552512,522190848,,,,,,,,,,
1791272499.1588583,418148,tracking_feedback_accumulate,2979,,28263,,,375423488,522190848,431552512,522190848,,,,,,,,3.0558998696506023,,
1791272499.164156,418148,frontend_frame,2979,0,28263,83,8,378103808,522190848,431552512,522190848,,,,,,,,,,
1791272499.5540755,418148,tracking_feedback_accumulate,2980,,28263,,,382100480,522190848,431552512,522190848,,,,,,,,3.048500046133995,,
1791272499.5596356,418148,frontend_frame,2980,0,28263,83,8,371428864,480247808,431552512,522190848,,,,,,,,,,
1791272499.9422376,418148,tracking_feedback_accumulate,2981,,28263,,,375343616,522190848,431552512,522190848,,,,,,,,3.8874999154359102,,
1791272499.947836,418148,frontend_frame,2981,0,28263,83,8,378023936,522190848,431552512,522190848,,,,,,,,,,
1791272500.3090358,418148,tracking_feedback_accumulate,2982,,28263,,,382020608,522190848,431552512,522190848,,,,,,,,3.629199927672744,,
1791272500.3143036,418148,frontend_frame,2982,0,28263,83,8,371348992,522190848,431552512,522190848,,,,,,,,,,
1791272500.725347,418148,tracking_feedback_accumulate,2983,,28263,,,375427584,522190848,431552512,522190848,,,,,,,,3.6486999597400427,,
1791272500.7298887,418148,frontend_frame,2983,0,28263,83,8,378107904,522190848,431552512,522190848,,,,,,,,,,
1791272501.0804677,418148,tracking_feedback_accumulate,2984,,28263,,,382022656,522190848,431552512,522190848,,,,,,,,3.0283001251518726,,
1791272501.1317923,418148,frontend_frame,2984,0,28263,84,8,388698624,522190848,431552512,522190848,,,,,,,,,,
1791272512.9814022,418148,tracking_feedback_accumulate,2985,,29177,,,379485696,522190848,431552512,522190848,,,,,,,,3.1473999843001366,,
1791272512.987936,418148,frontend_frame,2985,0,29177,84,8,382384128,522190848,431552512,522190848,,,,,,,,,,
1791272513.416838,418148,tracking_feedback_accumulate,2986,,29177,,,386298880,522190848,431552512,522190848,,,,,,,,2.7465999592095613,,
1791272513.4215052,418148,frontend_frame,2986,0,29177,84,8,389190656,522190848,431552512,522190848,,,,,,,,,,
1791272513.8549347,418148,tracking_feedback_accumulate,2987,,29177,,,393269248,522190848,436583936,522190848,,,,,,,,3.1697999220341444,,
1791272513.8608227,418148,frontend_frame,2987,0,29177,84,8,382386176,522190848,436583936,522190848,,,,,,,,,,
1791272514.3310912,418148,tracking_feedback_accumulate,2988,,29177,,,386382848,522190848,436583936,522190848,,,,,,,,2.9994999058544636,,
1791272514.3360913,418148,frontend_frame,2988,0,29177,84,8,389274624,522190848,436583936,522190848,,,,,,,,,,
1791272514.778534,418148,tracking_feedback_accumulate,2989,,29177,,,393189376,522190848,436583936,522190848,,,,,,,,2.956199925392866,,
1791272514.7843022,418148,frontend_frame,2989,0,29177,84,8,382306816,522190848,436583936,522190848,,,,,,,,,,
1791272515.2610042,418148,tracking_feedback_accumulate,2990,,29177,,,386467328,522190848,436583936,522190848,,,,,,,,2.9257999267429113,,
1791272515.2665105,418148,frontend_frame,2990,0,29177,84,8,389359104,480247808,436583936,522190848,,,,,,,,,,
1791272515.6493607,418148,tracking_feedback_accumulate,2991,,29177,,,393191936,522190848,436583936,522190848,,,,,,,,2.8252999763935804,,
1791272515.6543767,418148,frontend_frame,2991,0,29177,84,8,396083712,522190848,436583936,522190848,,,,,,,,,,
1791272516.096484,418148,tracking_feedback_accumulate,2992,,29177,,,366148096,522190848,436583936,522190848,,,,,,,,3.030599793419242,,
1791272516.1009943,418148,frontend_frame,2992,0,29177,84,8,369039872,522190848,436583936,522190848,,,,,,,,,,
1791272516.51743,418148,tracking_feedback_accumulate,2993,,29177,,,372954624,522190848,436583936,522190848,,,,,,,,2.911799820140004,,
1791272516.5216267,418148,frontend_frame,2993,0,29177,84,8,375846400,522190848,436583936,522190848,,,,,,,,,,
1791272516.9651773,418148,tracking_feedback_accumulate,2994,,29177,,,380006912,522190848,436583936,522190848,,,,,,,,2.906200010329485,,
1791272516.9708939,418148,frontend_frame,2994,0,29177,84,8,369123840,522190848,436583936,522190848,,,,,,,,,,
1791272517.3778248,418148,tracking_feedback_accumulate,2995,,29177,,,372956672,522190848,436583936,522190848,,,,,,,,2.9375001322478056,,
1791272517.382521,418148,frontend_frame,2995,0,29177,84,8,375848448,522190848,436583936,522190848,,,,,,,,,,
1791272517.766635,418148,tracking_feedback_accumulate,2996,,29177,,,379927040,522190848,436583936,522190848,,,,,,,,2.944099949672818,,
1791272517.7714872,418148,frontend_frame,2996,0,29177,84,8,382818816,522190848,436583936,522190848,,,,,,,,,,
1791272518.168024,418148,tracking_feedback_accumulate,2997,,29177,,,366153216,522190848,436583936,522190848,,,,,,,,3.0134001281112432,,
1791272518.1725774,418148,frontend_frame,2997,0,29177,84,8,369044992,522190848,436583936,522190848,,,,,,,,,,
1791272518.54846,418148,tracking_feedback_accumulate,2998,,29177,,,372959744,522190848,436583936,522190848,,,,,,,,2.8641000390052795,,
1791272518.5539684,418148,frontend_frame,2998,0,29177,84,8,375851520,522190848,436583936,522190848,,,,,,,,,,
1791272518.9550133,418148,tracking_feedback_accumulate,2999,,29177,,,380012032,522190848,436583936,522190848,,,,,,,,2.8539998456835747,,
1791272518.9607081,418148,frontend_frame,2999,0,29177,84,8,369128960,522190848,436583936,522190848,,,,,,,,,,
1791272519.34472,418148,tracking_feedback_accumulate,3000,,29177,,,372961792,522190848,436583936,522190848,,,,,,,,3.587299957871437,,
1791272519.3494613,418148,frontend_frame,3000,0,29177,84,8,375853568,480247808,436583936,522190848,,,,,,,,,,
1791272519.6824386,418148,tracking_feedback_accumulate,3001,,29177,,,379932160,522190848,436583936,522190848,,,,,,,,2.9944998677819967,,
1791272519.6877868,418148,frontend_frame,3001,0,29177,84,8,382823936,522190848,436583936,522190848,,,,,,,,,,
1791272520.096562,418148,tracking_feedback_accumulate,3002,,29177,,,366076416,522190848,436583936,522190848,,,,,,,,3.6467001773416996,,
1791272520.101593,418148,frontend_frame,3002,0,29177,84,8,368968192,522190848,436583936,522190848,,,,,,,,,,
1791272520.4511971,418148,tracking_feedback_accumulate,3003,,29177,,,373046784,522190848,436583936,522190848,,,,,,,,3.0662999488413334,,
1791272520.4552183,418148,frontend_frame,3003,0,29177,84,8,375938560,522190848,436583936,522190848,,,,,,,,,,
1791272520.766406,418148,tracking_feedback_accumulate,3004,,29177,,,379853312,522190848,436583936,522190848,,,,,,,,3.0945001635700464,,
1791272520.7717,418148,frontend_frame,3004,0,29177,84,8,368970240,522190848,436583936,522190848,,,,,,,,,,
1791272521.1501453,418148,tracking_feedback_accumulate,3005,,29177,,,372966912,522190848,436583936,522190848,,,,,,,,2.987000159919262,,
1791272521.1541648,418148,frontend_frame,3005,0,29177,84,8,375858688,522190848,436583936,522190848,,,,,,,,,,
1791272521.4845421,418148,tracking_feedback_accumulate,3006,,29177,,,379937280,522190848,436583936,522190848,,,,,,,,2.9897999484091997,,
1791272521.537458,418148,frontend_frame,3006,0,29177,85,8,373049856,522190848,436583936,522190848,,,,,,,,,,
1791272533.3068576,418148,tracking_feedback_accumulate,3007,,30297,,,377124352,522190848,436583936,522190848,,,,,,,,3.037000074982643,,
1791272533.3113697,418148,frontend_frame,3007,0,30297,85,8,380294656,522190848,436583936,522190848,,,,,,,,,,
1791272533.7381566,418148,tracking_feedback_accumulate,3008,,30297,,,384209408,522190848,436583936,522190848,,,,,,,,3.0519999563694,,
1791272533.7431593,418148,frontend_frame,3008,0,30297,85,8,387371008,522190848,436583936,522190848,,,,,,,,,,
1791272534.1003184,418148,tracking_feedback_accumulate,3009,,30297,,,391367680,522190848,436583936,522190848,,,,,,,,2.8087999671697617,,
1791272534.1058238,418148,frontend_frame,3009,0,30297,85,8,380214784,522190848,436583936,522190848,,,,,,,,,,
1791272534.4975073,418148,tracking_feedback_accumulate,3010,,30297,,,384293376,522190848,436583936,522190848,,,,,,,,2.879199804738164,,
1791272534.5015893,418148,frontend_frame,3010,0,30297,85,8,387454976,480247808,436583936,522190848,,,,,,,,,,
1791272534.9503164,418148,tracking_feedback_accumulate,3011,,30297,,,391451648,522190848,436583936,522190848,,,,,,,,2.6690999511629343,,
1791272534.9549947,418148,frontend_frame,3011,0,30297,85,8,394613760,522190848,436583936,522190848,,,,,,,,,,
1791272535.3698287,418148,tracking_feedback_accumulate,3012,,30297,,,377056768,522190848,436583936,522190848,,,,,,,,3.0082999728620052,,
1791272535.3743339,418148,frontend_frame,3012,0,30297,85,8,380218368,522190848,436583936,522190848,,,,,,,,,,
1791272535.736317,418148,tracking_feedback_accumulate,3013,,30297,,,384215040,522190848,436583936,522190848,,,,,,,,2.7030000928789377,,
1791272535.7410553,418148,frontend_frame,3013,0,30297,85,8,387376640,522190848,436583936,522190848,,,,,,,,,,
1791272536.138587,418148,tracking_feedback_accumulate,3014,,30297,,,377140736,522190848,436583936,522190848,,,,,,,,2.750399988144636,,
1791272536.1441069,418148,frontend_frame,3014,0,30297,85,8,380302336,522190848,436583936,522190848,,,,,,,,,,
1791272536.5644815,418148,tracking_feedback_accumulate,3015,,30297,,,384217088,522190848,436583936,522190848,,,,,,,,2.956699812784791,,
1791272536.5687895,418148,frontend_frame,3015,0,30297,85,8,387378688,522190848,436583936,522190848,,,,,,,,,,
1791272536.9516475,418148,tracking_feedback_accumulate,3016,,30297,,,391457280,522190848,436583936,522190848,,,,,,,,2.6098000817000866,,
1791272536.9566588,418148,frontend_frame,3016,0,30297,85,8,380304384,522190848,436583936,522190848,,,,,,,,,,
1791272537.500041,418148,tracking_feedback_accumulate,3017,,30297,,,384301056,522190848,436583936,522190848,,,,,,,,3.1765999738126993,,
1791272537.504548,418148,frontend_frame,3017,0,30297,85,8,387462656,522190848,436583936,522190848,,,,,,,,,,
1791272537.925473,418148,tracking_feedback_accumulate,3018,,30297,,,391377408,522190848,436583936,522190848,,,,,,,,3.0541999731212854,,
1791272537.9312236,418148,frontend_frame,3018,0,30297,85,8,394539008,522190848,436583936,522190848,,,,,,,,,,
1791272538.2693324,418148,tracking_feedback_accumulate,3019,,30297,,,370176512,522190848,436583936,522190848,,,,,,,,2.9677001293748617,,
1791272538.2738388,418148,frontend_frame,3019,0,30297,85,8,373338112,522190848,436583936,522190848,,,,,,,,,,
1791272538.6236513,418148,tracking_feedback_accumulate,3020,,30297,,,377416704,522190848,436583936,522190848,,,,,,,,2.8832999523729086,,
1791272538.6286633,418148,frontend_frame,3020,0,30297,85,8,380578304,501219328,436583936,522190848,,,,,,,,,,
1791272538.9894176,418148,tracking_feedback_accumulate,3021,,30297,,,384493056,522190848,436583936,522190848,,,,,,,,2.9467998538166285,,
1791272538.9939227,418148,frontend_frame,3021,0,30297,85,8,373340160,522190848,436583936,522190848,,,,,,,,,,
1791272539.434353,418148,tracking_feedback_accumulate,3022,,30297,,,377418752,522190848,436583936,522190848,,,,,,,,3.060300135985017,,
1791272539.4400845,418148,frontend_frame,3022,0,30297,85,8,380580352,522190848,436583936,522190848,,,,,,,,,,
1791272539.8572273,418148,tracking_feedback_accumulate,3023,,30297,,,384495104,522190848,436583936,522190848,,,,,,,,2.8981000650674105,,
1791272539.8619277,418148,frontend_frame,3023,0,30297,85,8,387656704,522190848,436583936,522190848,,,,,,,,,,
1791272540.31894,418148,tracking_feedback_accumulate,3024,,30297,,,370345472,522190848,436583936,522190848,,,,,,,,3.0541999731212854,,
1791272540.3244462,418148,frontend_frame,3024,0,30297,85,8,373507072,522190848,436583936,522190848,,,,,,,,,,
1791272540.7037778,418148,tracking_feedback_accumulate,3025,,30297,,,377339904,522190848,436583936,522190848,,,,,,,,3.0157999135553837,,
1791272540.7082992,418148,frontend_frame,3025,0,30297,85,8,380501504,522190848,436583936,522190848,,,,,,,,,,
1791272541.1521146,418148,tracking_feedback_accumulate,3026,,30297,,,384580096,522190848,436583936,522190848,,,,,,,,3.728399984538555,,
1791272541.157668,418148,frontend_frame,3026,0,30297,85,8,373427200,522190848,436583936,522190848,,,,,,,,,,
1791272541.5682857,418148,tracking_feedback_accumulate,3027,,30297,,,377341952,522190848,436583936,522190848,,,,,,,,3.3817000221461058,,
1791272541.5739467,418148,frontend_frame,3027,0,30297,85,8,380503552,522190848,436583936,522190848,,,,,,,,,,
1791272542.027253,418148,tracking_feedback_accumulate,3028,,30297,,,384500224,522190848,436583936,522190848,,,,,,,,2.9915000777691603,,
1791272542.0800514,418148,frontend_frame,3028,0,30297,86,8,391657472,522190848,436583936,522190848,,,,,,,,,,
1791272553.774439,418148,tracking_feedback_accumulate,3029,,31733,,,374358016,522190848,436583936,522190848,,,,,,,,3.2368998508900404,,
1791272553.7801752,418148,frontend_frame,3029,0,31733,86,8,377864704,522190848,436583936,522190848,,,,,,,,,,
1791272554.1780972,418148,tracking_feedback_accumulate,3030,,31733,,,381861376,522190848,436583936,522190848,,,,,,,,3.339099930599332,,
1791272554.1846085,418148,frontend_frame,3030,0,31733,86,8,385357312,480247808,436583936,522190848,,,,,,,,,,
1791272554.6573992,418148,tracking_feedback_accumulate,3031,,31733,,,374288896,522190848,436583936,522190848,,,,,,,,3.085399977862835,,
1791272554.6622822,418148,frontend_frame,3031,0,31733,86,8,377784832,522190848,436583936,522190848,,,,,,,,,,
1791272555.0508223,418148,tracking_feedback_accumulate,3032,,31733,,,381781504,522190848,436583936,522190848,,,,,,,,3.0318000353872776,,
1791272555.057737,418148,frontend_frame,3032,0,31733,86,8,385277440,522190848,436583936,522190848,,,,,,,,,,
1791272555.3480318,418148,tracking_feedback_accumulate,3033,,31733,,,389356032,522190848,436583936,522190848,,,,,,,,3.6889000330120325,,
1791272555.353035,418148,frontend_frame,3033,0,31733,86,8,377869312,522190848,436583936,522190848,,,,,,,,,,
1791272555.664328,418148,tracking_feedback_accumulate,3034,,31733,,,381784064,522190848,436583936,522190848,,,,,,,,3.4926000516861677,,
1791272555.6693907,418148,frontend_frame,3034,0,31733,86,8,385280000,522190848,436583936,522190848,,,,,,,,,,
1791272555.8731663,418148,tracking_feedback_accumulate,3035,,31733,,,389358592,522190848,436583936,522190848,,,,,,,,2.9213998932391405,,
1791272555.8776736,418148,frontend_frame,3035,0,31733,86,8,392854528,522190848,436583936,522190848,,,,,,,,,,
1791272556.2691891,418148,tracking_feedback_accumulate,3036,,31733,,,374376448,522190848,436583936,522190848,,,,,,,,3.633899847045541,,
1791272556.2743065,418148,frontend_frame,3036,0,31733,86,8,377872384,522190848,436583936,522190848,,,,,,,,,,
1791272556.7001653,418148,tracking_feedback_accumulate,3037,,31733,,,381869056,522190848,436583936,522190848,,,,,,,,3.7148999981582165,,
1791272556.7041953,418148,frontend_frame,3037,0,31733,86,8,385364992,522190848,436583936,522190848,,,,,,,,,,
1791272557.069105,418148,tracking_feedback_accumulate,3038,,31733,,,389361664,522190848,436583936,522190848,,,,,,,,2.9696000274270773,,
1791272557.074137,418148,frontend_frame,3038,0,31733,86,8,377874432,522190848,436583936,522190848,,,,,,,,,,
1791272557.4501321,418148,tracking_feedback_accumulate,3039,,31733,,,381789184,522190848,436583936,522190848,,,,,,,,4.003799986094236,,
1791272557.455139,418148,frontend_frame,3039,0,31733,86,8,385285120,522190848,436583936,522190848,,,,,,,,,,
1791272557.7466938,418148,tracking_feedback_accumulate,3040,,31733,,,389281792,522190848,436583936,522190848,,,,,,,,2.9499002266675234,,
1791272557.7514532,418148,frontend_frame,3040,0,31733,86,8,392777728,501219328,436583936,522190848,,,,,,,,,,
1791272558.161263,418148,tracking_feedback_accumulate,3041,,31733,,,374381568,522190848,436583936,522190848,,,,,,,,3.0732001177966595,,
1791272558.165773,418148,frontend_frame,3041,0,31733,86,8,377877504,522190848,436583936,522190848,,,,,,,,,,
1791272558.7143178,418148,tracking_feedback_accumulate,3042,,31733,,,381792256,522190848,436583936,522190848,,,,,,,,3.036400070413947,,
1791272558.7198396,418148,frontend_frame,3042,0,31733,86,8,385288192,522190848,436583936,522190848,,,,,,,,,,
1791272559.1207702,418148,tracking_feedback_accumulate,3043,,31733,,,389448704,522190848,436583936,522190848,,,,,,,,3.3780999947339296,,
1791272559.1267693,418148,frontend_frame,3043,0,31733,86,8,377961472,522190848,436583936,522190848,,,,,,,,,,
1791272559.555003,418148,tracking_feedback_accumulate,3044,,31733,,,381794304,522190848,436583936,522190848,,,,,,,,3.2595000229775906,,
1791272559.5600123,418148,frontend_frame,3044,0,31733,86,8,385290240,522190848,436583936,522190848,,,,,,,,,,
1791272559.9435017,418148,tracking_feedback_accumulate,3045,,31733,,,389286912,522190848,436583936,522190848,,,,,,,,3.0545000918209553,,
1791272559.9478924,418148,frontend_frame,3045,0,31733,86,8,392782848,522190848,436583936,522190848,,,,,,,,,,
1791272560.4182181,418148,tracking_feedback_accumulate,3046,,31733,,,374386688,522190848,436583936,522190848,,,,,,,,4.000999964773655,,
1791272560.423724,418148,frontend_frame,3046,0,31733,86,8,377882624,522190848,436583936,522190848,,,,,,,,,,
1791272560.8774426,418148,tracking_feedback_accumulate,3047,,31733,,,381797376,522190848,436583936,522190848,,,,,,,,2.6100000832229853,,
1791272560.8814454,418148,frontend_frame,3047,0,31733,86,8,385293312,522190848,436583936,522190848,,,,,,,,,,
1791272561.2395723,418148,tracking_feedback_accumulate,3048,,31733,,,374388736,522190848,436583936,522190848,,,,,,,,2.98519991338253,,
1791272561.288508,418148,frontend_frame,3048,0,31733,87,8,381880320,522190848,436583936,522190848,,,,,,,,,,
1791272573.3131993,418148,tracking_feedback_accumulate,3049,,32999,,,385963008,543162368,436583936,543162368,,,,,,,,2.662300132215023,,
1791272573.318302,418148,frontend_frame,3049,0,32999,87,8,389770752,543162368,436583936,543162368,,,,,,,,,,
1791272573.811002,418148,tracking_feedback_accumulate,3050,,32999,,,393767424,543162368,438140416,543162368,,,,,,,,4.6004001051187515,,
1791272573.8181784,418148,frontend_frame,3050,0,32999,87,8,382280192,501219328,438140416,543162368,,,,,,,,,,
1791272574.219588,418148,tracking_feedback_accumulate,3051,,32999,,,386276864,543162368,438140416,543162368,,,,,,,,3.099299967288971,,
1791272574.2246192,418148,frontend_frame,3051,0,32999,87,8,390074880,543162368,438140416,543162368,,,,,,,,,,
1791272574.6720662,418148,tracking_feedback_accumulate,3052,,32999,,,393989632,543162368,438439424,543162368,,,,,,,,3.0153999105095863,,
1791272574.6774287,418148,frontend_frame,3052,0,32999,87,8,397787648,543162368,438439424,543162368,,,,,,,,,,
1791272575.13821,418148,tracking_feedback_accumulate,3053,,32999,,,378567168,543162368,438439424,543162368,,,,,,,,3.5910001024603844,,
1791272575.1432128,418148,frontend_frame,3053,0,32999,87,8,382365696,543162368,438439424,543162368,,,,,,,,,,
1791272575.5290356,418148,tracking_feedback_accumulate,3054,,32999,,,386198528,543162368,438439424,543162368,,,,,,,,3.062700154259801,,
1791272575.533542,418148,frontend_frame,3054,0,32999,87,8,389996544,543162368,438439424,543162368,,,,,,,,,,
1791272575.878367,418148,tracking_feedback_accumulate,3055,,32999,,,378405888,543162368,438439424,543162368,,,,,,,,2.7191999834030867,,
1791272575.8828707,418148,frontend_frame,3055,0,32999,87,8,382203904,543162368,438439424,543162368,,,,,,,,,,
1791272576.2866066,418148,tracking_feedback_accumulate,3056,,32999,,,386282496,543162368,438439424,543162368,,,,,,,,3.5975000355392694,,
1791272576.2904,418148,frontend_frame,3056,0,32999,87,8,390080512,543162368,438439424,543162368,,,,,,,,,,
1791272576.6607,418148,tracking_feedback_accumulate,3057,,32999,,,394077184,543162368,438461440,543162368,,,,,,,,2.9543000273406506,,
1791272576.6662757,418148,frontend_frame,3057,0,32999,87,8,382287872,543162368,438461440,543162368,,,,,,,,,,
1791272577.0097628,418148,tracking_feedback_accumulate,3058,,32999,,,386284544,543162368,438461440,543162368,,,,,,,,3.0133998952805996,,
1791272577.0137618,418148,frontend_frame,3058,0,32999,87,8,390082560,543162368,438461440,543162368,,,,,,,,,,
1791272577.3901494,418148,tracking_feedback_accumulate,3059,,32999,,,393997312,543162368,438461440,543162368,,,,,,,,3.080999944359064,,
1791272577.3941765,418148,frontend_frame,3059,0,32999,87,8,397795328,543162368,438461440,543162368,,,,,,,,,,
1791272577.8399475,418148,tracking_feedback_accumulate,3060,,32999,,,378574848,543162368,438461440,543162368,,,,,,,,3.2744999043643475,,
1791272577.8449464,418148,frontend_frame,3060,0,32999,87,8,382372864,501219328,438461440,543162368,,,,,,,,,,
1791272578.2317917,418148,tracking_feedback_accumulate,3061,,32999,,,386205696,543162368,438461440,543162368,,,,,,,,2.6817999314516783,,
1791272578.2357914,418148,frontend_frame,3061,0,32999,87,8,390003712,543162368,438461440,543162368,,,,,,,,,,
1791272578.7074308,418148,tracking_feedback_accumulate,3062,,32999,,,394000384,543162368,438494208,543162368,,,,,,,,3.691599937155843,,
1791272578.7131405,418148,frontend_frame,3062,0,32999,87,8,382211072,543162368,438494208,543162368,,,,,,,,,,
1791272579.1136384,418148,tracking_feedback_accumulate,3063,,32999,,,386289664,543162368,438494208,543162368,,,,,,,,2.948499983176589,,
1791272579.1183574,418148,frontend_frame,3063,0,32999,87,8,390087680,543162368,438494208,543162368,,,,,,,,,,
1791272579.552222,418148,tracking_feedback_accumulate,3064,,32999,,,394084352,543162368,438494208,543162368,,,,,,,,2.9494999907910824,,
1791272579.557256,418148,frontend_frame,3064,0,32999,87,8,397882368,543162368,438494208,543162368,,,,,,,,,,
1791272579.996475,418148,tracking_feedback_accumulate,3065,,32999,,,378498048,543162368,438494208,543162368,,,,,,,,3.1793999951332808,,
1791272580.0012784,418148,frontend_frame,3065,0,32999,87,8,382296064,543162368,438494208,543162368,,,,,,,,,,
1791272580.3680053,418148,tracking_feedback_accumulate,3066,,32999,,,386292736,543162368,438494208,543162368,,,,,,,,2.9631999786943197,,
1791272580.373686,418148,frontend_frame,3066,0,32999,87,8,390090752,543162368,438494208,543162368,,,,,,,,,,
1791272580.6970997,418148,tracking_feedback_accumulate,3067,,32999,,,394087424,543162368,438529536,543162368,,,,,,,,2.9072000179439783,,
1791272580.7484078,418148,frontend_frame,3067,0,32999,88,8,386293760,543162368,438529536,543162368,,,,,,,,,,
1791272592.8504908,418148,tracking_feedback_accumulate,3068,,29223,,,390047744,543162368,438529536,543162368,,,,,,,,3.0006999149918556,,
1791272592.855527,418148,frontend_frame,3068,0,29223,88,8,392922624,543162368,438529536,543162368,,,,,,,,,,
1791272593.2920077,418148,tracking_feedback_accumulate,3069,,29223,,,396837376,543162368,440306176,543162368,,,,,,,,2.8793001547455788,,
1791272593.2965093,418148,frontend_frame,3069,0,29223,88,8,385048064,543162368,440306176,543162368,,,,,,,,,,
1791272593.7435973,418148,tracking_feedback_accumulate,3070,,29223,,,389044736,543162368,440306176,543162368,,,,,,,,2.7834998909384012,,
1791272593.7486355,418148,frontend_frame,3070,0,29223,88,8,391950336,501219328,440306176,543162368,,,,,,,,,,
1791272594.1410706,418148,tracking_feedback_accumulate,3071,,29223,,,396028928,522190848,440306176,543162368,,,,,,,,3.181499894708395,,
1791272594.145574,418148,frontend_frame,3071,0,29223,88,8,398934528,522190848,440306176,543162368,,,,,,,,,,
1791272594.5639708,418148,tracking_feedback_accumulate,3072,,29223,,,382227456,543162368,440306176,543162368,,,,,,,,2.881400054320693,,
1791272594.5696995,418148,frontend_frame,3072,0,29223,88,8,385133568,543162368,440306176,543162368,,,,,,,,,,
1791272594.929634,418148,tracking_feedback_accumulate,3073,,29223,,,389130240,543162368,440306176,543162368,,,,,,,,2.8547002002596855,,
1791272594.9346335,418148,frontend_frame,3073,0,29223,88,8,392035840,543162368,440306176,543162368,,,,,,,,,,
1791272595.2142138,418148,tracking_feedback_accumulate,3074,,29223,,,396032512,543162368,440306176,543162368,,,,,,,,2.940000034868717,,
1791272595.2197564,418148,frontend_frame,3074,0,29223,88,8,385135616,543162368,440306176,543162368,,,,,,,,,,
1791272595.6126964,418148,tracking_feedback_accumulate,3075,,29223,,,389132288,543162368,440306176,543162368,,,,,,,,3.1111999414861202,,
1791272595.6177292,418148,frontend_frame,3075,0,29223,88,8,392037888,543162368,440306176,543162368,,,,,,,,,,
1791272596.0047314,418148,tracking_feedback_accumulate,3076,,29223,,,396034560,543162368,440306176,543162368,,,,,,,,3.2492000609636307,,
1791272596.0099607,418148,frontend_frame,3076,0,29223,88,8,398940160,543162368,440306176,543162368,,,,,,,,,,
1791272596.425698,418148,tracking_feedback_accumulate,3077,,29223,,,382151168,543162368,440306176,543162368,,,,,,,,3.0951998196542263,,
1791272596.4304109,418148,frontend_frame,3077,0,29223,88,8,385056768,543162368,440306176,543162368,,,,,,,,,,
1791272596.8630962,418148,tracking_feedback_accumulate,3078,,29223,,,389053440,543162368,440306176,543162368,,,,,,,,3.2496999483555555,,
1791272596.868305,418148,frontend_frame,3078,0,29223,88,8,391959040,543162368,440306176,543162368,,,,,,,,,,
1791272597.236549,418148,tracking_feedback_accumulate,3079,,29223,,,396037632,543162368,440306176,543162368,,,,,,,,3.013300010934472,,
1791272597.2422554,418148,frontend_frame,3079,0,29223,88,8,385140736,543162368,440306176,543162368,,,,,,,,,,
1791272597.646684,418148,tracking_feedback_accumulate,3080,,29223,,,389055488,543162368,440306176,543162368,,,,,,,,2.9011000879108906,,
1791272597.651398,418148,frontend_frame,3080,0,29223,88,8,391961088,501219328,440306176,543162368,,,,,,,,,,
1791272597.9951525,418148,tracking_feedback_accumulate,3081,,29223,,,395957760,522190848,440306176,543162368,,,,,,,,2.9968000017106533,,
1791272598.0016892,418148,frontend_frame,3081,0,29223,88,8,385060864,522190848,440306176,543162368,,,,,,,,,,
1791272598.3802304,418148,tracking_feedback_accumulate,3082,,29223,,,389139456,522190848,440306176,543162368,,,,,,,,2.743199933320284,,
1791272598.3842304,418148,frontend_frame,3082,0,29223,88,8,392045056,522190848,440306176,543162368,,,,,,,,,,
1791272598.734355,418148,tracking_feedback_accumulate,3083,,29223,,,395959808,522190848,440306176,543162368,,,,,,,,2.925100037828088,,
1791272598.7390404,418148,frontend_frame,3083,0,29223,88,8,398865408,522190848,440306176,543162368,,,,,,,,,,
1791272599.088057,418148,tracking_feedback_accumulate,3084,,29223,,,389059584,522190848,440306176,543162368,,,,,,,,2.937800018116832,,
1791272599.0932922,418148,frontend_frame,3084,0,29223,88,8,391965184,522190848,440306176,543162368,,,,,,,,,,
1791272599.5701847,418148,tracking_feedback_accumulate,3085,,29223,,,396043776,522190848,440306176,543162368,,,,,,,,2.9325999785214663,,
1791272599.5742292,418148,frontend_frame,3085,0,29223,88,8,398949376,522190848,440306176,543162368,,,,,,,,,,
1791272599.9279802,418148,tracking_feedback_accumulate,3086,,29223,,,402864128,522190848,446375936,543162368,,,,,,,,3.559199860319495,,
1791272599.9334896,418148,frontend_frame,3086,0,29223,88,8,391967232,522190848,446375936,543162368,,,,,,,,,,
1791272600.3389823,418148,tracking_feedback_accumulate,3087,,29223,,,395963904,522190848,446375936,543162368,,,,,,,,3.00879986025393,,
1791272600.3894472,418148,frontend_frame,3087,0,29223,89,8,402865152,522190848,446375936,543162368,,,,,,,,,,
1791272612.0882268,418148,tracking_feedback_accumulate,3088,,29215,,,406946304,543162368,450446336,543162368,,,,,,,,3.396600019186735,,
1791272612.093738,418148,frontend_frame,3088,0,29215,89,8,396046848,543162368,450446336,543162368,,,,,,,,,,
1791272612.5272164,418148,tracking_feedback_accumulate,3089,,29215,,,399961600,543162368,450446336,543162368,,,,,,,,3.087699878960848,,
1791272612.532219,418148,frontend_frame,3089,0,29215,89,8,402865152,543162368,450446336,543162368,,,,,,,,,,
1791272612.8265874,418148,tracking_feedback_accumulate,3090,,29215,,,406943744,543162368,450452480,543162368,,,,,,,,2.9531000182032585,,
1791272612.833261,418148,frontend_frame,3090,0,29215,89,8,409847296,501219328,450452480,543162368,,,,,,,,,,
1791272613.2767704,418148,tracking_feedback_accumulate,3091,,29215,,,400045568,543162368,450452480,543162368,,,,,,,,3.0483000446110964,,
1791272613.2809956,418148,frontend_frame,3091,0,29215,89,8,402949120,543162368,450452480,543162368,,,,,,,,,,
1791272613.6631508,418148,tracking_feedback_accumulate,3092,,29215,,,406945792,543162368,450465280,543162368,,,,,,,,2.7970001101493835,,
1791272613.6666532,418148,frontend_frame,3092,0,29215,89,8,409849856,543162368,450465280,543162368,,,,,,,,,,
1791272613.979324,418148,tracking_feedback_accumulate,3093,,29215,,,413764608,543162368,457340416,543162368,,,,,,,,2.958300057798624,,
1791272613.9843247,418148,frontend_frame,3093,0,29215,89,8,402869760,543162368,457340416,543162368,,,,,,,,,,
1791272614.4812417,418148,tracking_feedback_accumulate,3094,,29215,,,406866432,543162368,457340416,543162368,,,,,,,,3.410999896004796,,
1791272614.4867444,418148,frontend_frame,3094,0,29215,89,8,409769984,543162368,457340416,543162368,,,,,,,,,,
1791272614.8706377,418148,tracking_feedback_accumulate,3095,,29215,,,413848576,543162368,457340416,543162368,,,,,,,,2.864799927920103,,
1791272614.875637,418148,frontend_frame,3095,0,29215,89,8,416752128,543162368,457340416,543162368,,,,,,,,,,
1791272615.2680078,418148,tracking_feedback_accumulate,3096,,29215,,,399969280,543162368,457340416,543162368,,,,,,,,2.5962002109736204,,
1791272615.2725606,418148,frontend_frame,3096,0,29215,89,8,402872832,543162368,457340416,543162368,,,,,,,,,,
1791272615.6988678,418148,tracking_feedback_accumulate,3097,,29215,,,407033344,543162368,457340416,543162368,,,,,,,,2.9593000654131174,,
1791272615.7039418,418148,frontend_frame,3097,0,29215,89,8,409936896,543162368,457340416,543162368,,,,,,,,,,
1791272616.1048484,418148,tracking_feedback_accumulate,3098,,29215,,,413769728,543162368,457353216,543162368,,,,,,,,2.8536999598145485,,
1791272616.111537,418148,frontend_frame,3098,0,29215,89,8,402874880,543162368,457353216,543162368,,,,,,,,,,
1791272616.4686859,418148,tracking_feedback_accumulate,3099,,29215,,,406953472,543162368,457353216,543162368,,,,,,,,3.254400100558996,,
1791272616.4747977,418148,frontend_frame,3099,0,29215,89,8,409857024,543162368,457353216,543162368,,,,,,,,,,
1791272616.9181466,418148,tracking_feedback_accumulate,3100,,29215,,,413853696,543162368,457353216,543162368,,,,,,,,2.977399853989482,,
1791272616.9241593,418148,frontend_frame,3100,0,29215,89,8,416757248,501219328,457353216,543162368,,,,,,,,,,
1791272617.2973878,418148,tracking_feedback_accumulate,3101,,29215,,,399974400,543162368,457353216,543162368,,,,,,,,2.966499887406826,,
1791272617.3013973,418148,frontend_frame,3101,0,29215,89,8,402877952,543162368,457353216,543162368,,,,,,,,,,
1791272617.6674588,418148,tracking_feedback_accumulate,3102,,29215,,,407038464,543162368,457353216,543162368,,,,,,,,2.8852999676018953,,
1791272617.6715689,418148,frontend_frame,3102,0,29215,89,8,409942016,543162368,457353216,543162368,,,,,,,,,,
1791272618.0422122,418148,tracking_feedback_accumulate,3103,,29215,,,413774848,543162368,457353216,543162368,,,,,,,,2.860100008547306,,
1791272618.0479355,418148,frontend_frame,3103,0,29215,89,8,402880000,543162368,457353216,543162368,,,,,,,,,,
1791272618.408278,418148,tracking_feedback_accumulate,3104,,29215,,,407040512,543162368,457353216,543162368,,,,,,,,2.8228999581187963,,
1791272618.4137836,418148,frontend_frame,3104,0,29215,89,8,409944064,543162368,457353216,543162368,,,,,,,,,,
1791272618.8031898,418148,tracking_feedback_accumulate,3105,,29215,,,413776896,543162368,457353728,543162368,,,,,,,,2.6994000654667616,,
1791272618.808331,418148,frontend_frame,3105,0,29215,89,8,389081600,543162368,457353728,543162368,,,,,,,,,,
1791272619.15184,418148,tracking_feedback_accumulate,3106,,29215,,,393078272,543162368,457353728,543162368,,,,,,,,3.0484001617878675,,
1791272619.1565115,418148,frontend_frame,3106,0,29215,89,8,395981824,543162368,457353728,543162368,,,,,,,,,,
1791272619.5505164,418148,tracking_feedback_accumulate,3107,,29215,,,400060416,543162368,457353728,543162368,,,,,,,,3.6643999628722668,,
1791272619.6009295,418148,frontend_frame,3107,0,29215,90,8,406959616,543162368,457353728,543162368,,,,,,,,,,
1791272631.360203,418148,tracking_feedback_accumulate,3108,,28953,,,397143552,543162368,457353728,543162368,,,,,,,,3.465800080448389,,
1791272631.3652024,418148,frontend_frame,3108,0,28953,90,8,399984128,543162368,457353728,543162368,,,,,,,,,,
1791272631.792468,418148,tracking_feedback_accumulate,3109,,28953,,,403898880,543162368,457353728,543162368,,,,,,,,5.048000020906329,,
1791272631.7976396,418148,frontend_frame,3109,0,28953,90,8,406742016,543162368,457353728,543162368,,,,,,,,,,
1791272632.1877532,418148,tracking_feedback_accumulate,3110,,28953,,,410738688,543162368,457353728,543162368,,,,,,,,2.718100091442466,,
1791272632.193407,418148,frontend_frame,3110,0,28953,90,8,399904256,501219328,457353728,543162368,,,,,,,,,,
1791272632.6205094,418148,tracking_feedback_accumulate,3111,,28953,,,403982848,543162368,457353728,543162368,,,,,,,,2.901099855080247,,
1791272632.624509,418148,frontend_frame,3111,0,28953,90,8,406825984,543162368,457353728,543162368,,,,,,,,,,
1791272633.0356462,418148,tracking_feedback_accumulate,3112,,28953,,,410740736,543162368,457353728,543162368,,,,,,,,2.893500030040741,,
1791272633.0407417,418148,frontend_frame,3112,0,28953,90,8,413584384,543162368,457353728,543162368,,,,,,,,,,
1791272633.3950424,418148,tracking_feedback_accumulate,3113,,28953,,,397228544,543162368,457353728,543162368,,,,,,,,3.2463998068124056,,
1791272633.3995745,418148,frontend_frame,3113,0,28953,90,8,400071680,543162368,457353728,543162368,,,,,,,,,,
1791272633.8156836,418148,tracking_feedback_accumulate,3114,,28953,,,403904512,543162368,457353728,543162368,,,,,,,,2.9331999830901623,,
1791272633.8207285,418148,frontend_frame,3114,0,28953,90,8,406747648,543162368,457353728,543162368,,,,,,,,,,
1791272634.2686546,418148,tracking_feedback_accumulate,3115,,28953,,,397148672,543162368,457353728,543162368,,,,,,,,2.8731999918818474,,
1791272634.2732782,418148,frontend_frame,3115,0,28953,90,8,399991808,543162368,457353728,543162368,,,,,,,,,,
1791272634.6890132,418148,tracking_feedback_accumulate,3116,,28953,,,403906560,543162368,457353728,543162368,,,,,,,,2.665200037881732,,
1791272634.693013,418148,frontend_frame,3116,0,28953,90,8,406749696,543162368,457353728,543162368,,,,,,,,,,
1791272635.0387607,418148,tracking_feedback_accumulate,3117,,28953,,,410910208,543162368,457353728,543162368,,,,,,,,3.0507000628858805,,
1791272635.044331,418148,frontend_frame,3117,0,28953,90,8,400075776,543162368,457353728,543162368,,,,,,,,,,
1791272635.4824195,418148,tracking_feedback_accumulate,3118,,28953,,,403908608,543162368,457353728,543162368,,,,,,,,3.6345000844448805,,
1791272635.4874601,418148,frontend_frame,3118,0,28953,90,8,406751744,543162368,457353728,543162368,,,,,,,,,,
1791272635.831161,418148,tracking_feedback_accumulate,3119,,28953,,,410912256,543162368,457353728,543162368,,,,,,,,3.4582000225782394,,
1791272635.836164,418148,frontend_frame,3119,0,28953,90,8,413755392,543162368,457353728,543162368,,,,,,,,,,
1791272636.222824,418148,tracking_feedback_accumulate,3120,,28953,,,397071872,543162368,457353728,543162368,,,,,,,,3.079500049352646,,
1791272636.228403,418148,frontend_frame,3120,0,28953,90,8,399915008,501219328,457353728,543162368,,,,,,,,,,
1791272636.666477,418148,tracking_feedback_accumulate,3121,,28953,,,403993600,543162368,457353728,543162368,,,,,,,,3.6666998639702797,,
1791272636.6707103,418148,frontend_frame,3121,0,28953,90,8,406836736,543162368,457353728,543162368,,,,,,,,,,
1791272636.977419,418148,tracking_feedback_accumulate,3122,,28953,,,410751488,543162368,457353728,543162368,,,,,,,,3.273800015449524,,
1791272636.9841828,418148,frontend_frame,3122,0,28953,90,8,399917056,543162368,457353728,543162368,,,,,,,,,,
1791272637.331344,418148,tracking_feedback_accumulate,3123,,28953,,,403995648,543162368,457353728,543162368,,,,,,,,3.3487998880445957,,
1791272637.3353431,418148,frontend_frame,3123,0,28953,90,8,406838784,543162368,457353728,543162368,,,,,,,,,,
1791272637.7266805,418148,tracking_feedback_accumulate,3124,,28953,,,410835456,543162368,457353728,543162368,,,,,,,,2.877800026908517,,
1791272637.7326937,418148,frontend_frame,3124,0,28953,90,8,413678592,543162368,457353728,543162368,,,,,,,,,,
1791272638.1394904,418148,tracking_feedback_accumulate,3125,,28953,,,397076992,543162368,457353728,543162368,,,,,,,,2.9727998189628124,,
1791272638.1444905,418148,frontend_frame,3125,0,28953,90,8,399920128,543162368,457353728,543162368,,,,,,,,,,
1791272638.5476649,418148,tracking_feedback_accumulate,3126,,28953,,,403916800,543162368,457353728,543162368,,,,,,,,2.695600036531687,,
1791272638.551365,418148,frontend_frame,3126,0,28953,90,8,406759936,543162368,457353728,543162368,,,,,,,,,,
1791272638.9156268,418148,tracking_feedback_accumulate,3127,,28953,,,410838528,543162368,457353728,543162368,,,,,,,,3.075700020417571,,
1791272638.9214325,418148,frontend_frame,3127,0,28953,90,8,400004096,543162368,457353728,543162368,,,,,,,,,,
1791272639.3117144,418148,tracking_feedback_accumulate,3128,,28953,,,404000768,543162368,457353728,543162368,,,,,,,,2.689999993890524,,
1791272639.316718,418148,frontend_frame,3128,0,28953,90,8,406843904,543162368,457353728,543162368,,,,,,,,,,
1791272639.631415,418148,tracking_feedback_accumulate,3129,,28953,,,410840576,543162368,457353728,543162368,,,,,,,,2.7707000263035297,,
1791272639.6364176,418148,frontend_frame,3129,0,28953,90,8,413683712,543162368,457353728,543162368,,,,,,,,,,
1791272640.0365763,418148,tracking_feedback_accumulate,3130,,28953,,,397164032,543162368,457353728,543162368,,,,,,,,3.6259000189602375,,
1791272640.0412867,418148,frontend_frame,3130,0,28953,90,8,400007168,501219328,457353728,543162368,,,,,,,,,,
1791272640.4445968,418148,tracking_feedback_accumulate,3131,,28953,,,404003840,543162368,457353728,543162368,,,,,,,,2.739700023084879,,
1791272640.449333,418148,frontend_frame,3131,0,28953,90,8,406846976,543162368,457353728,543162368,,,,,,,,,,
1791272640.8389075,418148,tracking_feedback_accumulate,3132,,28953,,,397166080,543162368,457353728,543162368,,,,,,,,3.2025000546127558,,
1791272640.843911,418148,frontend_frame,3132,0,28953,90,8,400009216,543162368,457353728,543162368,,,,,,,,,,
1791272641.2686067,418148,tracking_feedback_accumulate,3133,,28953,,,404005888,543162368,457353728,543162368,,,,,,,,3.073900006711483,,
1791272641.273237,418148,frontend_frame,3133,0,28953,90,8,406849024,543162368,457353728,543162368,,,,,,,,,,
1791272641.6245975,418148,tracking_feedback_accumulate,3134,,28953,,,410845696,543162368,457353728,543162368,,,,,,,,2.99579999409616,,
1791272641.6298335,418148,frontend_frame,3134,0,28953,90,8,400011264,543162368,457353728,543162368,,,,,,,,,,
1791272641.9747012,418148,tracking_feedback_accumulate,3135,,28953,,,403926016,543162368,457353728,543162368,,,,,,,,2.5945999659597874,,
1791272641.9792066,418148,frontend_frame,3135,0,28953,90,8,406769152,543162368,457353728,543162368,,,,,,,,,,
1791272642.349278,418148,tracking_feedback_accumulate,3136,,28953,,,410929664,543162368,457353728,543162368,,,,,,,,2.714300062507391,,
1791272642.3986738,418148,frontend_frame,3136,0,28953,91,8,417768448,543162368,457353728,543162368,,,,,,,,,,
1791272653.9013004,418148,tracking_feedback_accumulate,3137,,29265,,,401106432,543162368,457353728,543162368,,,,,,,,2.6781000196933746,,
1791272653.905808,418148,frontend_frame,3137,0,29265,91,8,404022272,543162368,457353728,543162368,,,,,,,,,,
1791272654.3139036,418148,tracking_feedback_accumulate,3138,,29265,,,408100864,543162368,457353728,543162368,,,,,,,,2.949099987745285,,
1791272654.319425,418148,frontend_frame,3138,0,29265,91,8,411014656,543162368,457353728,543162368,,,,,,,,,,
1791272654.7176116,418148,tracking_feedback_accumulate,3139,,29265,,,415011328,543162368,458817536,543162368,,,,,,,,3.0670000705868006,,
1791272654.7226422,418148,frontend_frame,3139,0,29265,91,8,404106240,543162368,458817536,543162368,,,,,,,,,,
1791272655.0845413,418148,tracking_feedback_accumulate,3140,,29265,,,408102912,543162368,458817536,543162368,,,,,,,,3.01510002464056,,
1791272655.0901878,418148,frontend_frame,3140,0,29265,91,8,411016704,501219328,458817536,543162368,,,,,,,,,,
1791272655.4864967,418148,tracking_feedback_accumulate,3141,,29265,,,415013376,543162368,458830336,543162368,,,,,,,,3.1556999310851097,,
1791272655.4920387,418148,frontend_frame,3141,0,29265,91,8,404108800,543162368,458830336,543162368,,,,,,,,,,
1791272655.7822769,418148,tracking_feedback_accumulate,3142,,29265,,,408105472,543162368,458830336,543162368,,,,,,,,2.8554999735206366,,
1791272655.78729,418148,frontend_frame,3142,0,29265,91,8,411019264,543162368,458830336,543162368,,,,,,,,,,
1791272656.1972477,418148,tracking_feedback_accumulate,3143,,29265,,,414934016,543162368,458830848,543162368,,,,,,,,2.6163000147789717,,
1791272656.2017546,418148,frontend_frame,3143,0,29265,91,8,417847808,543162368,458830848,543162368,,,,,,,,,,
1791272656.5801044,418148,tracking_feedback_accumulate,3144,,29265,,,408189440,543162368,458830848,543162368,,,,,,,,3.008199855685234,,
1791272656.5903885,418148,frontend_frame,3144,0,29265,91,8,411103232,543162368,458830848,543162368,,,,,,,,,,
1791272656.8349466,418148,tracking_feedback_accumulate,3145,,29265,,,414936064,543162368,458830848,543162368,,,,,,,,3.0900000128895044,,
1791272656.8395493,418148,frontend_frame,3145,0,29265,91,8,417849856,543162368,458830848,543162368,,,,,,,,,,
1791272657.2609096,418148,tracking_feedback_accumulate,3146,,29265,,,421928448,543162368,465737216,543162368,,,,,,,,3.227100009098649,,
1791272657.2664113,418148,frontend_frame,3146,0,29265,91,8,411023360,543162368,465737216,543162368,,,,,,,,,,
1791272657.6552334,418148,tracking_feedback_accumulate,3147,,29265,,,414938112,543162368,465737216,543162368,,,,,,,,2.91300006210804,,
1791272657.6614313,418148,frontend_frame,3147,0,29265,91,8,417851904,543162368,465737216,543162368,,,,,,,,,,
1791272658.0656912,418148,tracking_feedback_accumulate,3148,,29265,,,421848576,543162368,465738240,543162368,,,,,,,,2.7840998955070972,,
1791272658.0708869,418148,frontend_frame,3148,0,29265,91,8,424762368,543162368,465738240,543162368,,,,,,,,,,
1791272658.4809093,418148,tracking_feedback_accumulate,3149,,29265,,,408112640,543162368,465738240,543162368,,,,,,,,3.589400090277195,,
1791272658.4874246,418148,frontend_frame,3149,0,29265,91,8,411026432,543162368,465738240,543162368,,,,,,,,,,
1791272658.8721304,418148,tracking_feedback_accumulate,3150,,29265,,,415023104,543162368,465738240,543162368,,,,,,,,3.5372998099774122,,
1791272658.876633,418148,frontend_frame,3150,0,29265,91,8,417936896,501219328,465738240,543162368,,,,,,,,,,
1791272659.2324011,418148,tracking_feedback_accumulate,3151,,29265,,,421933568,543162368,465738752,543162368,,,,,,,,2.9275999404489994,,
1791272659.238436,418148,frontend_frame,3151,0,29265,91,8,411028480,543162368,465738752,543162368,,,,,,,,,,
1791272659.6289363,418148,tracking_feedback_accumulate,3152,,29265,,,415025152,543162368,465738752,543162368,,,,,,,,3.069099970161915,,
1791272659.6334436,418148,frontend_frame,3152,0,29265,91,8,417938944,543162368,465738752,543162368,,,,,,,,,,
1791272659.9272382,418148,tracking_feedback_accumulate,3153,,29265,,,421853696,543162368,465748992,543162368,,,,,,,,3.0353001784533262,,
1791272659.93224,418148,frontend_frame,3153,0,29265,91,8,424767488,543162368,465748992,543162368,,,,,,,,,,
1791272660.2715771,418148,tracking_feedback_accumulate,3154,,29265,,,408199680,543162368,465748992,543162368,,,,,,,,3.6052002105861902,,
1791272660.2750778,418148,frontend_frame,3154,0,29265,91,8,411113472,543162368,465748992,543162368,,,,,,,,,,
1791272660.6391642,418148,tracking_feedback_accumulate,3155,,29265,,,414946304,543162368,465748992,543162368,,,,,,,,3.667500102892518,,
1791272660.6446707,418148,frontend_frame,3155,0,29265,91,8,417860096,543162368,465748992,543162368,,,,,,,,,,
1791272660.982226,418148,tracking_feedback_accumulate,3156,,29265,,,421856768,543162368,465754112,543162368,,,,,,,,2.6769000105559826,,
1791272660.9873493,418148,frontend_frame,3156,0,29265,91,8,410951680,543162368,465754112,543162368,,,,,,,,,,
1791272661.176771,418148,tracking_feedback_accumulate,3157,,29265,,,415030272,543162368,465754112,543162368,,,,,,,,2.9382999055087566,,
1791272661.181348,418148,frontend_frame,3157,0,29265,91,8,417944064,543162368,465754112,543162368,,,,,,,,,,
1791272661.5744205,418148,tracking_feedback_accumulate,3158,,29265,,,421940736,543162368,465762304,543162368,,,,,,,,3.1793999951332808,,
1791272661.5802753,418148,frontend_frame,3158,0,29265,91,8,411035648,543162368,465762304,543162368,,,,,,,,,,
1791272661.953057,418148,tracking_feedback_accumulate,3159,,29265,,,414950400,543162368,465762304,543162368,,,,,,,,2.8289000038057566,,
1791272661.957627,418148,frontend_frame,3159,0,29265,91,8,417864192,543162368,465762304,543162368,,,,,,,,,,
1791272662.2926242,418148,tracking_feedback_accumulate,3160,,29265,,,421860864,543162368,465771520,543162368,,,,,,,,3.0206998344510794,,
1791272662.2976408,418148,frontend_frame,3160,0,29265,91,8,424774656,501219328,465771520,543162368,,,,,,,,,,
1791272662.6912005,418148,tracking_feedback_accumulate,3161,,29265,,,401215488,543162368,465771520,543162368,,,,,,,,3.2168999314308167,,
1791272662.695218,418148,frontend_frame,3161,0,29265,91,8,404129280,543162368,465771520,543162368,,,,,,,,,,
1791272663.0620449,418148,tracking_feedback_accumulate,3162,,29265,,,408044032,543162368,465771520,543162368,,,,,,,,2.999400021508336,,
1791272663.0665474,418148,frontend_frame,3162,0,29265,91,8,410957824,543162368,465771520,543162368,,,,,,,,,,
1791272663.4520187,418148,tracking_feedback_accumulate,3163,,29265,,,415036416,543162368,465771520,543162368,,,,,,,,2.861300017684698,,
1791272663.4575493,418148,frontend_frame,3163,0,29265,91,8,404131328,543162368,465771520,543162368,,,,,,,,,,
1791272663.8582373,418148,tracking_feedback_accumulate,3164,,29265,,,408128000,543162368,465771520,543162368,,,,,,,,3.2883998937904835,,
1791272663.8632414,418148,frontend_frame,3164,0,29265,91,8,411041792,543162368,465771520,543162368,,,,,,,,,,
1791272664.2196174,418148,tracking_feedback_accumulate,3165,,29265,,,414956544,543162368,465771520,543162368,,,,,,,,3.031899919733405,,
1791272664.2236943,418148,frontend_frame,3165,0,29265,91,8,417870336,543162368,465771520,543162368,,,,,,,,,,
1791272664.6382005,418148,tracking_feedback_accumulate,3166,,29265,,,401138688,543162368,465771520,543162368,,,,,,,,2.9631999786943197,,
1791272664.6437106,418148,frontend_frame,3166,0,29265,91,8,404052480,543162368,465771520,543162368,,,,,,,,,,
1791272665.083479,418148,tracking_feedback_accumulate,3167,,29265,,,408131072,543162368,465771520,543162368,,,,,,,,2.928800182417035,,
1791272665.0889952,418148,frontend_frame,3167,0,29265,91,8,411044864,543162368,465771520,543162368,,,,,,,,,,
1791272665.5018678,418148,tracking_feedback_accumulate,3168,,29265,,,414959616,543162368,465771520,543162368,,,,,,,,2.7051998768001795,,
1791272665.5100622,418148,frontend_frame,3168,0,29265,91,8,404054528,543162368,465771520,543162368,,,,,,,,,,
1791272665.7645116,418148,tracking_feedback_accumulate,3169,,29265,,,408133120,543162368,465771520,543162368,,,,,,,,2.9225999023765326,,
1791272665.7692227,418148,frontend_frame,3169,0,29265,91,8,411046912,543162368,465771520,543162368,,,,,,,,,,
1791272666.1794205,418148,tracking_feedback_accumulate,3170,,29265,,,414961664,543162368,465771520,543162368,,,,,,,,2.993399975821376,,
1791272666.184421,418148,frontend_frame,3170,0,29265,91,8,417875456,501219328,465771520,543162368,,,,,,,,,,
1791272666.538351,418148,tracking_feedback_accumulate,3171,,29265,,,401143808,543162368,465771520,543162368,,,,,,,,2.9159998521208763,,
1791272666.5433733,418148,frontend_frame,3171,0,29265,91,8,404057600,543162368,465771520,543162368,,,,,,,,,,
1791272666.9228115,418148,tracking_feedback_accumulate,3172,,29265,,,408136192,543162368,465771520,543162368,,,,,,,,2.9561000410467386,,
1791272666.9286904,418148,frontend_frame,3172,0,29265,91,8,411049984,543162368,465771520,543162368,,,,,,,,,,
1791272667.3780625,418148,tracking_feedback_accumulate,3173,,29265,,,415046656,543162368,465771520,543162368,,,,,,,,3.3682999201118946,,
1791272667.3840659,418148,frontend_frame,3173,0,29265,91,8,404141568,543162368,465771520,543162368,,,,,,,,,,
1791272667.7982225,418148,tracking_feedback_accumulate,3174,,29265,,,408138240,543162368,465771520,543162368,,,,,,,,2.8908001258969307,,
1791272667.8037305,418148,frontend_frame,3174,0,29265,91,8,411052032,543162368,465771520,543162368,,,,,,,,,,
1791272668.2047575,418148,tracking_feedback_accumulate,3175,,29265,,,414966784,543162368,465771520,543162368,,,,,,,,2.8645999263972044,,
1791272668.2110255,418148,frontend_frame,3175,0,29265,91,8,404061696,543162368,465771520,543162368,,,,,,,,,,
1791272668.6239185,418148,tracking_feedback_accumulate,3176,,29265,,,408222208,543162368,465771520,543162368,,,,,,,,2.9808999970555305,,
1791272668.6290126,418148,frontend_frame,3176,0,29265,91,8,411136000,543162368,465771520,543162368,,,,,,,,,,
1791272669.0528195,418148,tracking_feedback_accumulate,3177,,29265,,,414968832,543162368,465771520,543162368,,,,,,,,3.108799923211336,,
1791272669.061496,418148,frontend_frame,3177,0,29265,91,8,417882624,543162368,465771520,543162368,,,,,,,,,,
1791272669.4823663,418148,tracking_feedback_accumulate,3178,,29265,,,408224256,543162368,465771520,543162368,,,,,,,,3.713299985975027,,
1791272669.4868538,418148,frontend_frame,3178,0,29265,91,8,411138048,543162368,465771520,543162368,,,,,,,,,,
1791272669.8610845,418148,tracking_feedback_accumulate,3179,,29265,,,414970880,543162368,465771520,543162368,,,,,,,,2.7104998007416725,,
1791272669.8665924,418148,frontend_frame,3179,0,29265,91,8,417884672,543162368,465771520,543162368,,,,,,,,,,
1791272670.2958565,418148,tracking_feedback_accumulate,3180,,29265,,,421963264,543162368,465799680,543162368,,,,,,,,2.937000012025237,,
1791272670.3010302,418148,frontend_frame,3180,0,29265,91,8,411058176,522190848,465799680,543162368,,,,,,,,,,
1791272670.7273107,418148,tracking_feedback_accumulate,3181,,29265,,,414972928,543162368,465799680,543162368,,,,,,,,2.9481002129614353,,
1791272670.7314887,418148,frontend_frame,3181,0,29265,91,8,417886720,543162368,465799680,543162368,,,,,,,,,,
1791272671.1515276,418148,tracking_feedback_accumulate,3182,,29265,,,422047232,543162368,465799680,543162368,,,,,,,,3.5899998620152473,,
1791272671.1575465,418148,frontend_frame,3182,0,29265,91,8,424961024,543162368,465799680,543162368,,,,,,,,,,
1791272671.623006,418148,tracking_feedback_accumulate,3183,,29265,,,408065536,543162368,465799680,543162368,,,,,,,,3.043700009584427,,
1791272671.6275356,418148,frontend_frame,3183,0,29265,91,8,410979328,543162368,465799680,543162368,,,,,,,,,,
1791272671.9763844,418148,tracking_feedback_accumulate,3184,,29265,,,415057920,543162368,465799680,543162368,,,,,,,,2.928299829363823,,
1791272671.981103,418148,frontend_frame,3184,0,29265,91,8,417971712,543162368,465799680,543162368,,,,,,,,,,
1791272672.281741,418148,tracking_feedback_accumulate,3185,,29265,,,421968384,543162368,465799680,543162368,,,,,,,,2.7309998404234648,,
1791272672.286752,418148,frontend_frame,3185,0,29265,91,8,411063296,543162368,465799680,543162368,,,,,,,,,,
1791272672.6298091,418148,tracking_feedback_accumulate,3186,,29265,,,415059968,543162368,465799680,543162368,,,,,,,,2.721899887546897,,
1791272672.63481,418148,frontend_frame,3186,0,29265,91,8,417973760,543162368,465799680,543162368,,,,,,,,,,
1791272672.905218,418148,tracking_feedback_accumulate,3187,,29265,,,421888512,543162368,465799680,543162368,,,,,,,,2.594499848783016,,
1791272672.9102414,418148,frontend_frame,3187,0,29265,91,8,424802304,543162368,465799680,543162368,,,,,,,,,,
1791272673.2643652,418148,tracking_feedback_accumulate,3188,,29265,,,408234496,543162368,465799680,543162368,,,,,,,,2.8341999277472496,,
1791272673.2692928,418148,frontend_frame,3188,0,29265,91,8,411148288,543162368,465799680,543162368,,,,,,,,,,
1791272673.6267395,418148,tracking_feedback_accumulate,3189,,29265,,,414981120,543162368,465799680,543162368,,,,,,,,2.924500033259392,,
1791272673.6317506,418148,frontend_frame,3189,0,29265,91,8,417894912,543162368,465799680,543162368,,,,,,,,,,
1791272673.9929028,418148,tracking_feedback_accumulate,3190,,29265,,,421973504,543162368,465799680,543162368,,,,,,,,2.939000027254224,,
1791272673.9991467,418148,frontend_frame,3190,0,29265,91,8,404158976,522190848,465799680,543162368,,,,,,,,,,
1791272674.3603137,418148,tracking_feedback_accumulate,3191,,29265,,,408155648,543162368,465799680,543162368,,,,,,,,2.899699844419956,,
1791272674.3648195,418148,frontend_frame,3191,0,29265,91,8,411069440,543162368,465799680,543162368,,,,,,,,,,
1791272674.6973052,418148,tracking_feedback_accumulate,3192,,29265,,,415066112,543162368,465799680,543162368,,,,,,,,2.6360999327152967,,
1791272674.7020557,418148,frontend_frame,3192,0,29265,91,8,417979904,543162368,465799680,543162368,,,,,,,,,,
1791272675.0572248,418148,tracking_feedback_accumulate,3193,,29265,,,401166336,543162368,465799680,543162368,,,,,,,,3.1667998991906643,,
1791272675.060916,418148,frontend_frame,3193,0,29265,91,8,404080128,543162368,465799680,543162368,,,,,,,,,,
1791272675.4456758,418148,tracking_feedback_accumulate,3194,,29265,,,408240640,543162368,465799680,543162368,,,,,,,,2.9543000273406506,,
1791272675.4513855,418148,frontend_frame,3194,0,29265,91,8,411154432,543162368,465799680,543162368,,,,,,,,,,
1791272675.8493388,418148,tracking_feedback_accumulate,3195,,29265,,,401168384,543162368,465799680,543162368,,,,,,,,2.8164000250399113,,
1791272675.8543525,418148,frontend_frame,3195,0,29265,91,8,404082176,543162368,465799680,543162368,,,,,,,,,,
1791272676.2995355,418148,tracking_feedback_accumulate,3196,,29265,,,408078848,543162368,465799680,543162368,,,,,,,,2.94290017336607,,
1791272676.305043,418148,frontend_frame,3196,0,29265,91,8,410992640,543162368,465799680,543162368,,,,,,,,,,
1791272676.7166128,418148,tracking_feedback_accumulate,3197,,29265,,,415071232,543162368,465799680,543162368,,,,,,,,2.914800075814128,,
1791272676.7227726,418148,frontend_frame,3197,0,29265,91,8,404166144,543162368,465799680,543162368,,,,,,,,,,
1791272677.0830255,418148,tracking_feedback_accumulate,3198,,29265,,,408080896,543162368,465799680,543162368,,,,,,,,2.949200104922056,,
1791272677.08817,418148,frontend_frame,3198,0,29265,91,8,410994688,543162368,465799680,543162368,,,,,,,,,,
1791272677.44057,418148,tracking_feedback_accumulate,3199,,29265,,,415073280,543162368,465799680,543162368,,,,,,,,2.8384001925587654,,
1791272677.4456944,418148,frontend_frame,3199,0,29265,91,8,417987072,543162368,465799680,543162368,,,,,,,,,,
1791272677.8249316,418148,tracking_feedback_accumulate,3200,,29265,,,401255424,543162368,465799680,543162368,,,,,,,,3.325799945741892,,
1791272677.8747423,418148,frontend_frame,3200,0,29265,92,8,408164864,543162368,465799680,543162368,,,,,,,,,,
1791272689.4248612,418148,tracking_feedback_accumulate,3201,,29580,,,412104704,543162368,465799680,543162368,,,,,,,,3.4077998716384172,,
1791272689.4305956,418148,frontend_frame,3201,0,29580,92,8,415100928,543162368,465799680,543162368,,,,,,,,,,
1791272689.7975688,418148,tracking_feedback_accumulate,3202,,29580,,,405362176,543162368,465799680,543162368,,,,,,,,2.7778998482972383,,
1791272689.8021052,418148,frontend_frame,3202,0,29580,92,8,408356352,543162368,465799680,543162368,,,,,,,,,,
1791272690.0973265,418148,tracking_feedback_accumulate,3203,,29580,,,412189184,543162368,465799680,543162368,,,,,,,,2.9399001505225897,,
1791272690.101495,418148,frontend_frame,3203,0,29580,92,8,415183360,543162368,465799680,543162368,,,,,,,,,,
1791272690.3936238,418148,tracking_feedback_accumulate,3204,,29580,,,419343872,543162368,465799680,543162368,,,,,,,,2.8292001225054264,,
1791272690.3992128,418148,frontend_frame,3204,0,29580,92,8,408358400,543162368,465799680,543162368,,,,,,,,,,
1791272690.8728397,418148,tracking_feedback_accumulate,3205,,29580,,,412191232,543162368,465799680,543162368,,,,,,,,2.9770999681204557,,
1791272690.878386,418148,frontend_frame,3205,0,29580,92,8,415185920,543162368,465799680,543162368,,,,,,,,,,
1791272691.2740464,418148,tracking_feedback_accumulate,3206,,29580,,,419264512,543162368,465799680,543162368,,,,,,,,2.9419998172670603,,
1791272691.2785308,418148,frontend_frame,3206,0,29580,92,8,422258688,543162368,465799680,543162368,,,,,,,,,,
1791272691.4116359,418148,tracking_feedback_accumulate,3207,,29580,,,405203968,543162368,465799680,543162368,,,,,,,,2.99249985255301,,
1791272691.4166431,418148,frontend_frame,3207,0,29580,92,8,408198144,543162368,465799680,543162368,,,,,,,,,,
1791272691.785118,418148,tracking_feedback_accumulate,3208,,29580,,,412194816,543162368,465799680,543162368,,,,,,,,2.983100013807416,,
1791272691.788639,418148,frontend_frame,3208,0,29580,92,8,415188992,543162368,465799680,543162368,,,,,,,,,,
1791272692.099415,418148,tracking_feedback_accumulate,3209,,29580,,,419267584,543162368,465799680,543162368,,,,,,,,2.879000036045909,,
1791272692.104975,418148,frontend_frame,3209,0,29580,92,8,408282112,543162368,465799680,543162368,,,,,,,,,,
1791272692.4382055,418148,tracking_feedback_accumulate,3210,,29580,,,412278784,543162368,465799680,543162368,,,,,,,,3.461100161075592,,
1791272692.4433684,418148,frontend_frame,3210,0,29580,92,8,415272960,522190848,465799680,543162368,,,,,,,,,,
1791272692.8429031,418148,tracking_feedback_accumulate,3211,,29580,,,419187712,543162368,465799680,543162368,,,,,,,,3.378200111910701,,
1791272692.8474083,418148,frontend_frame,3211,0,29580,92,8,422181888,543162368,465799680,543162368,,,,,,,,,,
1791272693.219994,418148,tracking_feedback_accumulate,3212,,29580,,,405209088,543162368,465799680,543162368,,,,,,,,2.960100071504712,,
1791272693.2239938,418148,frontend_frame,3212,0,29580,92,8,408203264,543162368,465799680,543162368,,,,,,,,,,
1791272693.548914,418148,tracking_feedback_accumulate,3213,,29580,,,412281856,543162368,465799680,543162368,,,,,,,,2.7481000870466232,,
1791272693.5529904,418148,frontend_frame,3213,0,29580,92,8,415276032,543162368,465799680,543162368,,,,,,,,,,
1791272693.8664074,418148,tracking_feedback_accumulate,3214,,29580,,,419272704,543162368,465799680,543162368,,,,,,,,2.9907000716775656,,
1791272693.8723545,418148,frontend_frame,3214,0,29580,92,8,408287232,543162368,465799680,543162368,,,,,,,,,,
1791272694.287401,418148,tracking_feedback_accumulate,3215,,29580,,,412283904,543162368,465799680,543162368,,,,,,,,4.347600042819977,,
1791272694.2920938,418148,frontend_frame,3215,0,29580,92,8,415278080,543162368,465799680,543162368,,,,,,,,,,
1791272694.6825163,418148,tracking_feedback_accumulate,3216,,29580,,,419192832,543162368,465799680,543162368,,,,,,,,2.7320999652147293,,
1791272694.6880279,418148,frontend_frame,3216,0,29580,92,8,408207360,543162368,465799680,543162368,,,,,,,,,,
1791272695.0329535,418148,tracking_feedback_accumulate,3217,,29580,,,412367872,543162368,465799680,543162368,,,,,,,,2.5586001574993134,,
1791272695.0364585,418148,frontend_frame,3217,0,29580,92,8,415362048,543162368,465799680,543162368,,,,,,,,,,
1791272695.3882148,418148,tracking_feedback_accumulate,3218,,29580,,,419194880,543162368,465799680,543162368,,,,,,,,2.813700120896101,,
1791272695.3927195,418148,frontend_frame,3218,0,29580,92,8,422189056,543162368,465799680,543162368,,,,,,,,,,
1791272695.8308191,418148,tracking_feedback_accumulate,3219,,29580,,,405298176,543162368,465799680,543162368,,,,,,,,2.8938998002558947,,
1791272695.8356218,418148,frontend_frame,3219,0,29580,92,8,408292352,543162368,465799680,543162368,,,,,,,,,,
1791272696.2343118,418148,tracking_feedback_accumulate,3220,,29580,,,412289024,543162368,465799680,543162368,,,,,,,,2.9090000316500664,,
1791272696.240033,418148,frontend_frame,3220,0,29580,92,8,415283200,522190848,465799680,543162368,,,,,,,,,,
1791272696.600107,418148,tracking_feedback_accumulate,3221,,29580,,,419279872,543162368,465799680,543162368,,,,,,,,2.836700063198805,,
1791272696.6051385,418148,frontend_frame,3221,0,29580,92,8,408294400,543162368,465799680,543162368,,,,,,,,,,
1791272697.0351884,418148,tracking_feedback_accumulate,3222,,29580,,,412209152,543162368,465799680,543162368,,,,,,,,2.7922000735998154,,
1791272697.0398731,418148,frontend_frame,3222,0,29580,92,8,415203328,543162368,465799680,543162368,,,,,,,,,,
1791272697.287948,418148,tracking_feedback_accumulate,3223,,29580,,,419363840,543162368,465799680,543162368,,,,,,,,2.6650000363588333,,
1791272697.2929506,418148,frontend_frame,3223,0,29580,92,8,422358016,543162368,465799680,543162368,,,,,,,,,,
1791272697.6520104,418148,tracking_feedback_accumulate,3224,,29580,,,405221376,543162368,465799680,543162368,,,,,,,,3.0712001025676727,,
1791272697.656512,418148,frontend_frame,3224,0,29580,92,8,408215552,543162368,465799680,543162368,,,,,,,,,,
1791272698.0310369,418148,tracking_feedback_accumulate,3225,,29580,,,412294144,543162368,465799680,543162368,,,,,,,,2.8258999809622765,,
1791272698.0355449,418148,frontend_frame,3225,0,29580,92,8,415288320,543162368,465799680,543162368,,,,,,,,,,
1791272698.372078,418148,tracking_feedback_accumulate,3226,,29580,,,419203072,543162368,465799680,543162368,,,,,,,,2.7125999331474304,,
1791272698.3765795,418148,frontend_frame,3226,0,29580,92,8,408217600,543162368,465799680,543162368,,,,,,,,,,
1791272698.815,418148,tracking_feedback_accumulate,3227,,29580,,,412378112,543162368,465799680,543162368,,,,,,,,2.901199972257018,,
1791272698.8200138,418148,frontend_frame,3227,0,29580,92,8,415372288,543162368,465799680,543162368,,,,,,,,,,
1791272699.1647918,418148,tracking_feedback_accumulate,3228,,29580,,,419205120,543162368,465799680,543162368,,,,,,,,3.0354000627994537,,
1791272699.1698015,418148,frontend_frame,3228,0,29580,92,8,422199296,543162368,465799680,543162368,,,,,,,,,,
1791272699.596835,418148,tracking_feedback_accumulate,3229,,29580,,,405308416,543162368,465799680,543162368,,,,,,,,3.215499920770526,,
1791272699.6008465,418148,frontend_frame,3229,0,29580,92,8,408302592,543162368,465799680,543162368,,,,,,,,,,
1791272700.0178523,418148,tracking_feedback_accumulate,3230,,29580,,,412217344,543162368,465799680,543162368,,,,,,,,3.2800999470055103,,
1791272700.0233605,418148,frontend_frame,3230,0,29580,92,8,415211520,522190848,465799680,543162368,,,,,,,,,,
1791272700.4188473,418148,tracking_feedback_accumulate,3231,,29580,,,419208192,543162368,465799680,543162368,,,,,,,,2.9387001413851976,,
1791272700.4248614,418148,frontend_frame,3231,0,29580,92,8,408222720,543162368,465799680,543162368,,,,,,,,,,
1791272700.8644714,418148,tracking_feedback_accumulate,3232,,29580,,,412301312,543162368,465799680,543162368,,,,,,,,5.99159998819232,,
1791272700.8696904,418148,frontend_frame,3232,0,29580,92,8,415295488,543162368,465799680,543162368,,,,,,,,,,
1791272701.260945,418148,tracking_feedback_accumulate,3233,,29580,,,419292160,543162368,465799680,543162368,,,,,,,,2.9408999253064394,,
1791272701.2664478,418148,frontend_frame,3233,0,29580,92,8,408306688,543162368,465799680,543162368,,,,,,,,,,
1791272701.6702762,418148,tracking_feedback_accumulate,3234,,29580,,,412303360,543162368,465799680,543162368,,,,,,,,2.6528998278081417,,
1791272701.6742754,418148,frontend_frame,3234,0,29580,92,8,415297536,543162368,465799680,543162368,,,,,,,,,,
1791272702.0381708,418148,tracking_feedback_accumulate,3235,,29580,,,419212288,543162368,465799680,543162368,,,,,,,,2.9972000047564507,,
1791272702.042779,418148,frontend_frame,3235,0,29580,92,8,422206464,543162368,465799680,543162368,,,,,,,,,,
1791272702.432719,418148,tracking_feedback_accumulate,3236,,29580,,,412223488,543162368,465799680,543162368,,,,,,,,3.199900034815073,,
1791272702.4378226,418148,frontend_frame,3236,0,29580,92,8,415217664,543162368,465799680,543162368,,,,,,,,,,
1791272702.756329,418148,tracking_feedback_accumulate,3237,,29580,,,419296256,543162368,465799680,543162368,,,,,,,,2.9018998611718416,,
1791272702.7609916,418148,frontend_frame,3237,0,29580,92,8,422290432,543162368,465799680,543162368,,,,,,,,,,
1791272703.1879778,418148,tracking_feedback_accumulate,3238,,29580,,,426205184,543162368,470640128,543162368,,,,,,,,5.366999888792634,,
1791272703.195495,418148,frontend_frame,3238,0,29580,92,8,415219712,543162368,470640128,543162368,,,,,,,,,,
1791272703.5808764,418148,tracking_feedback_accumulate,3239,,29580,,,419216384,543162368,470640128,543162368,,,,,,,,2.905600005760789,,
1791272703.5863826,418148,frontend_frame,3239,0,29580,92,8,422210560,543162368,470640128,543162368,,,,,,,,,,
1791272703.9507904,418148,tracking_feedback_accumulate,3240,,29580,,,426289152,543162368,470867968,543162368,,,,,,,,3.2256999984383583,,
1791272703.9564214,418148,frontend_frame,3240,0,29580,92,8,429283328,522190848,470867968,543162368,,,,,,,,,,
1791272704.3789186,418148,tracking_feedback_accumulate,3241,,29580,,,412310528,543162368,470867968,543162368,,,,,,,,2.801799913868308,,
1791272704.383974,418148,frontend_frame,3241,0,29580,92,8,415304704,543162368,470867968,543162368,,,,,,,,,,
1791272704.843669,418148,tracking_feedback_accumulate,3242,,29580,,,419301376,543162368,470867968,543162368,,,,,,,,2.8822000604122877,,
1791272704.8484938,418148,frontend_frame,3242,0,29580,92,8,422295552,543162368,470867968,543162368,,,,,,,,,,
1791272705.2365322,418148,tracking_feedback_accumulate,3243,,29580,,,426210304,543162368,470867968,543162368,,,,,,,,3.279800061136484,,
1791272705.241163,418148,frontend_frame,3243,0,29580,92,8,415224832,543162368,470867968,543162368,,,,,,,,,,
1791272705.613562,418148,tracking_feedback_accumulate,3244,,29580,,,419385344,543162368,470867968,543162368,,,,,,,,2.915099961683154,,
1791272705.618609,418148,frontend_frame,3244,0,29580,92,8,422379520,543162368,470867968,543162368,,,,,,,,,,
1791272706.0000176,418148,tracking_feedback_accumulate,3245,,29580,,,426212352,543162368,470867968,543162368,,,,,,,,3.1580000650137663,,
1791272706.008043,418148,frontend_frame,3245,0,29580,92,8,429206528,543162368,470867968,543162368,,,,,,,,,,
1791272706.417493,418148,tracking_feedback_accumulate,3246,,29580,,,412233728,543162368,470867968,543162368,,,,,,,,3.1147999688982964,,
1791272706.4220922,418148,frontend_frame,3246,0,29580,92,8,415227904,543162368,470867968,543162368,,,,,,,,,,
1791272706.8729448,418148,tracking_feedback_accumulate,3247,,29580,,,419306496,543162368,470867968,543162368,,,,,,,,2.909099915996194,,
1791272706.877907,418148,frontend_frame,3247,0,29580,92,8,422300672,543162368,470867968,543162368,,,,,,,,,,
1791272707.2529893,418148,tracking_feedback_accumulate,3248,,29580,,,426297344,543162368,470867968,543162368,,,,,,,,3.1635998748242855,,
1791272707.2595148,418148,frontend_frame,3248,0,29580,92,8,408322048,543162368,470867968,543162368,,,,,,,,,,
1791272707.6292167,418148,tracking_feedback_accumulate,3249,,29580,,,412236800,543162368,470867968,543162368,,,,,,,,2.9382999055087566,,
1791272707.6342256,418148,frontend_frame,3249,0,29580,92,8,415230976,543162368,470867968,543162368,,,,,,,,,,
1791272707.9401915,418148,tracking_feedback_accumulate,3250,,29580,,,419227648,543162368,470867968,543162368,,,,,,,,3.1256999354809523,,
1791272707.945193,418148,frontend_frame,3250,0,29580,92,8,422221824,522190848,470867968,543162368,,,,,,,,,,
1791272708.3333285,418148,tracking_feedback_accumulate,3251,,29580,,,405330944,543162368,470867968,543162368,,,,,,,,2.88279983215034,,
1791272708.3386652,418148,frontend_frame,3251,0,29580,92,8,408325120,543162368,470867968,543162368,,,,,,,,,,
1791272708.7222335,418148,tracking_feedback_accumulate,3252,,29580,,,412321792,543162368,470867968,543162368,,,,,,,,3.0780001543462276,,
1791272708.7267354,418148,frontend_frame,3252,0,29580,92,8,415315968,543162368,470867968,543162368,,,,,,,,,,
1791272709.0707972,418148,tracking_feedback_accumulate,3253,,29580,,,405251072,543162368,470867968,543162368,,,,,,,,3.2470000442117453,,
1791272709.0747945,418148,frontend_frame,3253,0,29580,92,8,408245248,543162368,470867968,543162368,,,,,,,,,,
1791272709.4117754,418148,tracking_feedback_accumulate,3254,,29580,,,412241920,543162368,470867968,543162368,,,,,,,,3.06529994122684,,
1791272709.417282,418148,frontend_frame,3254,0,29580,92,8,415236096,543162368,470867968,543162368,,,,,,,,,,
1791272709.806312,418148,tracking_feedback_accumulate,3255,,29580,,,419314688,543162368,470867968,543162368,,,,,,,,3.8205001037567854,,
1791272709.811989,418148,frontend_frame,3255,0,29580,92,8,408329216,543162368,470867968,543162368,,,,,,,,,,
1791272710.240345,418148,tracking_feedback_accumulate,3256,,29580,,,412325888,543162368,470867968,543162368,,,,,,,,3.1530000269412994,,
1791272710.2454004,418148,frontend_frame,3256,0,29580,92,8,415320064,543162368,470867968,543162368,,,,,,,,,,
1791272710.551898,418148,tracking_feedback_accumulate,3257,,29580,,,419316736,543162368,470867968,543162368,,,,,,,,3.0048999469727278,,
1791272710.556399,418148,frontend_frame,3257,0,29580,92,8,422310912,543162368,470867968,543162368,,,,,,,,,,
1791272710.9248912,418148,tracking_feedback_accumulate,3258,,29580,,,405338112,543162368,470867968,543162368,,,,,,,,3.053199965506792,,
1791272710.9306514,418148,frontend_frame,3258,0,29580,92,8,408332288,543162368,470867968,543162368,,,,,,,,,,
1791272711.3379161,418148,tracking_feedback_accumulate,3259,,29580,,,412247040,543162368,470867968,543162368,,,,,,,,3.270599991083145,,
1791272711.3429193,418148,frontend_frame,3259,0,29580,92,8,415241216,543162368,470867968,543162368,,,,,,,,,,
1791272711.751365,418148,tracking_feedback_accumulate,3260,,29580,,,419237888,543162368,470867968,543162368,,,,,,,,2.894999925047159,,
1791272711.7570775,418148,frontend_frame,3260,0,29580,92,8,408252416,522190848,470867968,543162368,,,,,,,,,,
1791272712.0876062,418148,tracking_feedback_accumulate,3261,,29580,,,412331008,543162368,470867968,543162368,,,,,,,,2.958799945190549,,
1791272712.0926611,418148,frontend_frame,3261,0,29580,92,8,415325184,543162368,470867968,543162368,,,,,,,,,,
1791272712.4275224,418148,tracking_feedback_accumulate,3262,,29580,,,419239936,543162368,470867968,543162368,,,,,,,,2.944699954241514,,
1791272712.4325247,418148,frontend_frame,3262,0,29580,92,8,422234112,543162368,470867968,543162368,,,,,,,,,,
1791272712.7440808,418148,tracking_feedback_accumulate,3263,,29580,,,405343232,543162368,470867968,543162368,,,,,,,,3.1368997879326344,,
1791272712.7492962,418148,frontend_frame,3263,0,29580,92,8,408337408,543162368,470867968,543162368,,,,,,,,,,
1791272713.0988948,418148,tracking_feedback_accumulate,3264,,29580,,,412252160,543162368,470867968,543162368,,,,,,,,3.145799972116947,,
1791272713.103923,418148,frontend_frame,3264,0,29580,92,8,415246336,543162368,470867968,543162368,,,,,,,,,,
1791272713.5408907,418148,tracking_feedback_accumulate,3265,,29580,,,419324928,543162368,470867968,543162368,,,,,,,,2.949200104922056,,
1791272713.5465612,418148,frontend_frame,3265,0,29580,92,8,408339456,543162368,470867968,543162368,,,,,,,,,,
1791272713.9346201,418148,tracking_feedback_accumulate,3266,,29580,,,412336128,543162368,470867968,543162368,,,,,,,,2.70389998331666,,
1791272713.9393406,418148,frontend_frame,3266,0,29580,92,8,415330304,543162368,470867968,543162368,,,,,,,,,,
1791272714.3046038,418148,tracking_feedback_accumulate,3267,,29580,,,419245056,543162368,470867968,543162368,,,,,,,,3.1151999719440937,,
1791272714.3092976,418148,frontend_frame,3267,0,29580,92,8,422239232,543162368,470867968,543162368,,,,,,,,,,
1791272714.6874115,418148,tracking_feedback_accumulate,3268,,29580,,,405266432,543162368,470867968,543162368,,,,,,,,2.6585999876260757,,
1791272714.6924787,418148,frontend_frame,3268,0,29580,92,8,408260608,543162368,470867968,543162368,,,,,,,,,,
1791272715.0743566,418148,tracking_feedback_accumulate,3269,,29580,,,412339200,543162368,470867968,543162368,,,,,,,,2.9124999418854713,,
1791272715.07906,418148,frontend_frame,3269,0,29580,92,8,415333376,543162368,470867968,543162368,,,,,,,,,,
1791272715.5047324,418148,tracking_feedback_accumulate,3270,,29580,,,405268480,543162368,470867968,543162368,,,,,,,,2.9295000713318586,,
1791272715.5099316,418148,frontend_frame,3270,0,29580,92,8,408262656,522190848,470867968,543162368,,,,,,,,,,
1791272715.9037633,418148,tracking_feedback_accumulate,3271,,29580,,,412341248,543162368,470867968,543162368,,,,,,,,2.8633999172598124,,
1791272715.9083066,418148,frontend_frame,3271,0,29580,92,8,415335424,543162368,470867968,543162368,,,,,,,,,,
1791272716.217278,418148,tracking_feedback_accumulate,3272,,29580,,,419250176,543162368,470867968,543162368,,,,,,,,2.6799000333994627,,
1791272716.2217968,418148,frontend_frame,3272,0,29580,92,8,408264704,543162368,470867968,543162368,,,,,,,,,,
1791272716.6462934,418148,tracking_feedback_accumulate,3273,,29580,,,412343296,543162368,470867968,543162368,,,,,,,,3.2987999729812145,,
1791272716.650803,418148,frontend_frame,3273,0,29580,92,8,415337472,543162368,470867968,543162368,,,,,,,,,,
1791272717.0635161,418148,tracking_feedback_accumulate,3274,,29580,,,419252224,543162368,470867968,543162368,,,,,,,,3.3234001602977514,,
1791272717.0694652,418148,frontend_frame,3274,0,29580,92,8,422246400,543162368,470867968,543162368,,,,,,,,,,
1791272717.4018283,418148,tracking_feedback_accumulate,3275,,29580,,,405273600,543162368,470867968,543162368,,,,,,,,2.80630006454885,,
1791272717.4063308,418148,frontend_frame,3275,0,29580,92,8,408267776,543162368,470867968,543162368,,,,,,,,,,
1791272717.8019152,418148,tracking_feedback_accumulate,3276,,29580,,,412346368,543162368,470867968,543162368,,,,,,,,2.6563999708741903,,
1791272717.806417,418148,frontend_frame,3276,0,29580,92,8,415340544,543162368,470867968,543162368,,,,,,,,,,
1791272718.189947,418148,tracking_feedback_accumulate,3277,,29580,,,419337216,543162368,470867968,543162368,,,,,,,,2.9168000910431147,,
1791272718.194947,418148,frontend_frame,3277,0,29580,92,8,408351744,543162368,470867968,543162368,,,,,,,,,,
1791272718.6207795,418148,tracking_feedback_accumulate,3278,,29580,,,412348416,543162368,470867968,543162368,,,,,,,,2.8882999904453754,,
1791272718.624779,418148,frontend_frame,3278,0,29580,92,8,415342592,543162368,470867968,543162368,,,,,,,,,,
1791272719.0324187,418148,tracking_feedback_accumulate,3279,,29580,,,419339264,543162368,470867968,543162368,,,,,,,,3.2516000792384148,,
1791272719.0376434,418148,frontend_frame,3279,0,29580,92,8,422333440,543162368,470867968,543162368,,,,,,,,,,
1791272719.4905994,418148,tracking_feedback_accumulate,3280,,29580,,,405278720,543162368,470867968,543162368,,,,,,,,3.5747999791055918,,
1791272719.49883,418148,frontend_frame,3280,0,29580,92,8,408272896,522190848,470867968,543162368,,,,,,,,,,
1791272719.9511054,418148,tracking_feedback_accumulate,3281,,29580,,,412433408,543162368,470867968,543162368,,,,,,,,3.220499958842993,,
1791272719.9556134,418148,frontend_frame,3281,0,29580,92,8,415427584,543162368,470867968,543162368,,,,,,,,,,
1791272720.4013872,418148,tracking_feedback_accumulate,3282,,29580,,,419260416,543162368,470867968,543162368,,,,,,,,3.1232000328600407,,
1791272720.407397,418148,frontend_frame,3282,0,29580,92,8,408274944,543162368,470867968,543162368,,,,,,,,,,
1791272720.7440548,418148,tracking_feedback_accumulate,3283,,29580,,,412435456,543162368,470867968,543162368,,,,,,,,2.7749999426305294,,
1791272720.7482984,418148,frontend_frame,3283,0,29580,92,8,415429632,543162368,470867968,543162368,,,,,,,,,,
1791272721.1327605,418148,tracking_feedback_accumulate,3284,,29580,,,419262464,543162368,470867968,543162368,,,,,,,,2.69059999845922,,
1791272721.137276,418148,frontend_frame,3284,0,29580,92,8,422256640,543162368,470867968,543162368,,,,,,,,,,
1791272721.5297937,418148,tracking_feedback_accumulate,3285,,29580,,,405283840,543162368,470867968,543162368,,,,,,,,2.8645999263972044,,
1791272721.534794,418148,frontend_frame,3285,0,29580,92,8,408278016,543162368,470867968,543162368,,,,,,,,,,
1791272721.8713608,418148,tracking_feedback_accumulate,3286,,29580,,,412356608,543162368,470867968,543162368,,,,,,,,2.9060998931527138,,
1791272721.8763611,418148,frontend_frame,3286,0,29580,92,8,415350784,543162368,470867968,543162368,,,,,,,,,,
1791272722.2414556,418148,tracking_feedback_accumulate,3287,,29580,,,405285888,543162368,470867968,543162368,,,,,,,,2.6355001609772444,,
1791272722.2454565,418148,frontend_frame,3287,0,29580,92,8,408280064,543162368,470867968,543162368,,,,,,,,,,
1791272722.6273432,418148,tracking_feedback_accumulate,3288,,29580,,,412358656,543162368,470867968,543162368,,,,,,,,2.86679994314909,,
1791272722.6323526,418148,frontend_frame,3288,0,29580,92,8,415352832,543162368,470867968,543162368,,,,,,,,,,
1791272723.027889,418148,tracking_feedback_accumulate,3289,,29580,,,419267584,543162368,470867968,543162368,,,,,,,,2.8172999154776335,,
1791272723.032423,418148,frontend_frame,3289,0,29580,92,8,408282112,543162368,470867968,543162368,,,,,,,,,,
1791272723.4726708,418148,tracking_feedback_accumulate,3290,,29580,,,412442624,543162368,470867968,543162368,,,,,,,,3.6496000830084085,,
1791272723.4783914,418148,frontend_frame,3290,0,29580,92,8,415436800,522190848,470867968,543162368,,,,,,,,,,
1791272723.874215,418148,tracking_feedback_accumulate,3291,,29580,,,419269632,543162368,470867968,543162368,,,,,,,,2.9031001031398773,,
1791272723.8792453,418148,frontend_frame,3291,0,29580,92,8,422263808,543162368,470867968,543162368,,,,,,,,,,
1791272724.2686296,418148,tracking_feedback_accumulate,3292,,29580,,,405372928,543162368,470867968,543162368,,,,,,,,2.758899936452508,,
1791272724.2756426,418148,frontend_frame,3292,0,29580,92,8,408367104,543162368,470867968,543162368,,,,,,,,,,
1791272724.673067,418148,tracking_feedback_accumulate,3293,,29580,,,412363776,543162368,470867968,543162368,,,,,,,,3.0534998513758183,,
1791272724.6782863,418148,frontend_frame,3293,0,29580,92,8,415357952,543162368,470867968,543162368,,,,,,,,,,
1791272725.0711348,418148,tracking_feedback_accumulate,3294,,29580,,,419354624,543162368,470867968,543162368,,,,,,,,3.349199891090393,,
1791272725.0751374,418148,frontend_frame,3294,0,29580,92,8,408369152,543162368,470867968,543162368,,,,,,,,,,
1791272725.332868,418148,tracking_feedback_accumulate,3295,,29580,,,412283904,543162368,470867968,543162368,,,,,,,,2.921000123023987,,
1791272725.3380618,418148,frontend_frame,3295,0,29580,92,8,415278080,543162368,470867968,543162368,,,,,,,,,,
1791272725.7355678,418148,tracking_feedback_accumulate,3296,,29580,,,419438592,543162368,470867968,543162368,,,,,,,,2.855899976566434,,
1791272725.7402625,418148,frontend_frame,3296,0,29580,92,8,422432768,543162368,470867968,543162368,,,,,,,,,,
1791272726.2006974,418148,tracking_feedback_accumulate,3297,,29580,,,405296128,543162368,470867968,543162368,,,,,,,,3.2653999514877796,,
1791272726.2057476,418148,frontend_frame,3297,0,29580,92,8,408290304,543162368,470867968,543162368,,,,,,,,,,
1791272726.5198896,418148,tracking_feedback_accumulate,3298,,29580,,,412368896,543162368,470867968,543162368,,,,,,,,3.1962001230567694,,
1791272726.5248897,418148,frontend_frame,3298,0,29580,92,8,415363072,543162368,470867968,543162368,,,,,,,,,,
1791272726.9247656,418148,tracking_feedback_accumulate,3299,,29580,,,419277824,543162368,470867968,543162368,,,,,,,,3.1820000149309635,,
1791272726.9299464,418148,frontend_frame,3299,0,29580,92,8,408292352,543162368,470867968,543162368,,,,,,,,,,
1791272727.3187587,418148,tracking_feedback_accumulate,3300,,29580,,,412370944,543162368,470867968,543162368,,,,,,,,4.434900125488639,,
1791272727.3238063,418148,frontend_frame,3300,0,29580,92,8,415365120,522190848,470867968,543162368,,,,,,,,,,
1791272727.665621,418148,tracking_feedback_accumulate,3301,,29580,,,419361792,543162368,470867968,543162368,,,,,,,,2.901600208133459,,
1791272727.6706333,418148,frontend_frame,3301,0,29580,92,8,422355968,543162368,470867968,543162368,,,,,,,,,,
1791272728.044956,418148,tracking_feedback_accumulate,3302,,29580,,,405383168,543162368,470867968,543162368,,,,,,,,5.83599996753037,,
1791272728.0509706,418148,frontend_frame,3302,0,29580,92,8,408377344,543162368,470867968,543162368,,,,,,,,,,
1791272728.4973536,418148,tracking_feedback_accumulate,3303,,29580,,,412292096,543162368,470867968,543162368,,,,,,,,2.676700009033084,,
1791272728.5021293,418148,frontend_frame,3303,0,29580,92,8,415286272,543162368,470867968,543162368,,,,,,,,,,
1791272728.9358284,418148,tracking_feedback_accumulate,3304,,29580,,,405467136,543162368,470867968,543162368,,,,,,,,5.1374000031501055,,
1791272728.9398465,418148,frontend_frame,3304,0,29580,92,8,408461312,543162368,470867968,543162368,,,,,,,,,,
1791272729.2555525,418148,tracking_feedback_accumulate,3305,,29580,,,412294144,543162368,470867968,543162368,,,,,,,,3.0709998682141304,,
1791272729.2607503,418148,frontend_frame,3305,0,29580,92,8,415288320,543162368,470867968,543162368,,,,,,,,,,
1791272729.6968465,418148,tracking_feedback_accumulate,3306,,29580,,,419366912,543162368,470867968,543162368,,,,,,,,2.840799978002906,,
1791272729.703352,418148,frontend_frame,3306,0,29580,92,8,408381440,543162368,470867968,543162368,,,,,,,,,,
1791272730.058471,418148,tracking_feedback_accumulate,3307,,29580,,,412378112,543162368,470867968,543162368,,,,,,,,2.8917999006807804,,
1791272730.0625916,418148,frontend_frame,3307,0,29580,92,8,415372288,543162368,470867968,543162368,,,,,,,,,,
1791272730.4773598,418148,tracking_feedback_accumulate,3308,,29580,,,419368960,543162368,470867968,543162368,,,,,,,,2.971600042656064,,
1791272730.4823632,418148,frontend_frame,3308,0,29580,92,8,422363136,543162368,470867968,543162368,,,,,,,,,,
1791272730.8643916,418148,tracking_feedback_accumulate,3309,,29580,,,405308416,543162368,470867968,543162368,,,,,,,,2.7559001464396715,,
1791272730.868394,418148,frontend_frame,3309,0,29580,92,8,408302592,543162368,470867968,543162368,,,,,,,,,,
1791272731.247857,418148,tracking_feedback_accumulate,3310,,29580,,,412299264,543162368,470867968,543162368,,,,,,,,3.172400174662471,,
1791272731.252858,418148,frontend_frame,3310,0,29580,92,8,415293440,522190848,470867968,543162368,,,,,,,,,,
1791272731.627708,418148,tracking_feedback_accumulate,3311,,29580,,,419372032,543162368,470867968,543162368,,,,,,,,2.7010999619960785,,
1791272731.6327062,418148,frontend_frame,3311,0,29580,92,8,408386560,543162368,470867968,543162368,,,,,,,,,,
1791272732.0418332,418148,tracking_feedback_accumulate,3312,,29580,,,412301312,543162368,470867968,543162368,,,,,,,,2.963100094348192,,
1791272732.0478337,418148,frontend_frame,3312,0,29580,92,8,415295488,543162368,470867968,543162368,,,,,,,,,,
1791272732.4183798,418148,tracking_feedback_accumulate,3313,,29580,,,419292160,543162368,470867968,543162368,,,,,,,,2.9054000042378902,,
1791272732.42338,418148,frontend_frame,3313,0,29580,92,8,422286336,543162368,470867968,543162368,,,,,,,,,,
1791272732.7615516,418148,tracking_feedback_accumulate,3314,,29580,,,405395456,543162368,470867968,543162368,,,,,,,,3.119400003924966,,
1791272732.7665744,418148,frontend_frame,3314,0,29580,92,8,408389632,543162368,470867968,543162368,,,,,,,,,,
1791272733.1596541,418148,tracking_feedback_accumulate,3315,,29580,,,412386304,543162368,470867968,543162368,,,,,,,,2.8240999672561884,,
1791272733.1651614,418148,frontend_frame,3315,0,29580,92,8,415380480,543162368,470867968,543162368,,,,,,,,,,
1791272733.4389143,418148,tracking_feedback_accumulate,3316,,29580,,,419377152,543162368,470867968,543162368,,,,,,,,2.850799821317196,,
1791272733.4449248,418148,frontend_frame,3316,0,29580,92,8,408391680,543162368,470867968,543162368,,,,,,,,,,
1791272733.817025,418148,tracking_feedback_accumulate,3317,,29580,,,412306432,543162368,470867968,543162368,,,,,,,,3.043700009584427,,
1791272733.8220298,418148,frontend_frame,3317,0,29580,92,8,415300608,543162368,470867968,543162368,,,,,,,,,,
1791272734.1773872,418148,tracking_feedback_accumulate,3318,,29580,,,419461120,543162368,470867968,543162368,,,,,,,,2.837100066244602,,
1791272734.181889,418148,frontend_frame,3318,0,29580,92,8,422455296,543162368,470867968,543162368,,,,,,,,,,
1791272734.6471434,418148,tracking_feedback_accumulate,3319,,29580,,,405318656,543162368,470867968,543162368,,,,,,,,2.85349995829165,,
1791272734.6521437,418148,frontend_frame,3319,0,29580,92,8,408312832,543162368,470867968,543162368,,,,,,,,,,
1791272735.025338,418148,tracking_feedback_accumulate,3320,,29580,,,412309504,543162368,470867968,543162368,,,,,,,,3.034100169315934,,
1791272735.0303297,418148,frontend_frame,3320,0,29580,92,8,415303680,522190848,470867968,543162368,,,,,,,,,,
1791272735.382005,418148,tracking_feedback_accumulate,3321,,29580,,,405402624,543162368,470867968,543162368,,,,,,,,3.1467999797314405,,
1791272735.386005,418148,frontend_frame,3321,0,29580,92,8,408396800,543162368,470867968,543162368,,,,,,,,,,
1791272735.7807932,418148,tracking_feedback_accumulate,3322,,29580,,,412311552,543162368,470867968,543162368,,,,,,,,2.8377999551594257,,
1791272735.7857926,418148,frontend_frame,3322,0,29580,92,8,415305728,543162368,470867968,543162368,,,,,,,,,,
1791272736.011896,418148,tracking_feedback_accumulate,3323,,29580,,,419466240,543162368,470867968,543162368,,,,,,,,2.9275999404489994,,
1791272736.0174744,418148,frontend_frame,3323,0,29580,92,8,408480768,543162368,470867968,543162368,,,,,,,,,,
1791272736.3747742,418148,tracking_feedback_accumulate,3324,,29580,,,412313600,543162368,470867968,543162368,,,,,,,,2.88640009239316,,
1791272736.379279,418148,frontend_frame,3324,0,29580,92,8,415307776,543162368,470867968,543162368,,,,,,,,,,
1791272736.7938037,418148,tracking_feedback_accumulate,3325,,29580,,,419386368,543162368,470867968,543162368,,,,,,,,2.944699954241514,,
1791272736.798309,418148,frontend_frame,3325,0,29580,92,8,422380544,543162368,470867968,543162368,,,,,,,,,,
1791272737.2072296,418148,tracking_feedback_accumulate,3326,,29580,,,405407744,543162368,470867968,543162368,,,,,,,,2.6499999221414328,,
1791272737.2119467,418148,frontend_frame,3326,0,29580,92,8,408401920,543162368,470867968,543162368,,,,,,,,,,
1791272737.600576,418148,tracking_feedback_accumulate,3327,,29580,,,412316672,543162368,470867968,543162368,,,,,,,,2.9867999255657196,,
1791272737.6062386,418148,frontend_frame,3327,0,29580,92,8,415310848,543162368,470867968,543162368,,,,,,,,,,
1791272737.9986165,418148,tracking_feedback_accumulate,3328,,29580,,,419307520,543162368,470867968,543162368,,,,,,,,2.862999914214015,,
1791272738.003675,418148,frontend_frame,3328,0,29580,92,8,408322048,543162368,470867968,543162368,,,,,,,,,,
1791272738.4260764,418148,tracking_feedback_accumulate,3329,,29580,,,412400640,543162368,470867968,543162368,,,,,,,,2.871100092306733,,
1791272738.4299166,418148,frontend_frame,3329,0,29580,92,8,415394816,543162368,470867968,543162368,,,,,,,,,,
1791272738.7310224,418148,tracking_feedback_accumulate,3330,,29580,,,419391488,543162368,470867968,543162368,,,,,,,,2.6722000911831856,,
1791272738.7355282,418148,frontend_frame,3330,0,29580,92,8,422385664,522190848,470867968,543162368,,,,,,,,,,
1791272739.1686022,418148,tracking_feedback_accumulate,3331,,29580,,,405330944,543162368,470867968,543162368,,,,,,,,3.254299983382225,,
1791272739.1736054,418148,frontend_frame,3331,0,29580,92,8,408325120,543162368,470867968,543162368,,,,,,,,,,
1791272739.5150578,418148,tracking_feedback_accumulate,3332,,29580,,,412321792,543162368,470867968,543162368,,,,,,,,2.8407000936567783,,
1791272739.519612,418148,frontend_frame,3332,0,29580,92,8,415315968,543162368,470867968,543162368,,,,,,,,,,
1791272739.6531382,418148,tracking_feedback_accumulate,3333,,29580,,,419394560,543162368,470867968,543162368,,,,,,,,2.998200012370944,,
1791272739.658355,418148,frontend_frame,3333,0,29580,92,8,408409088,543162368,470867968,543162368,,,,,,,,,,
1791272740.0622084,418148,tracking_feedback_accumulate,3334,,29580,,,412405760,543162368,470867968,543162368,,,,,,,,3.057899884879589,,
1791272740.0672088,418148,frontend_frame,3334,0,29580,92,8,415399936,543162368,470867968,543162368,,,,,,,,,,
1791272740.4568768,418148,tracking_feedback_accumulate,3335,,29580,,,419314688,543162368,470867968,543162368,,,,,,,,3.4047001972794533,,
1791272740.4615598,418148,frontend_frame,3335,0,29580,92,8,422308864,543162368,470867968,543162368,,,,,,,,,,
1791272740.828591,418148,tracking_feedback_accumulate,3336,,29580,,,405336064,543162368,470867968,543162368,,,,,,,,2.802399918437004,,
1791272740.8341134,418148,frontend_frame,3336,0,29580,92,8,408330240,543162368,470867968,543162368,,,,,,,,,,
1791272741.1627023,418148,tracking_feedback_accumulate,3337,,29580,,,412408832,543162368,470867968,543162368,,,,,,,,2.769199898466468,,
1791272741.1677794,418148,frontend_frame,3337,0,29580,92,8,415403008,543162368,470867968,543162368,,,,,,,,,,
1791272741.477738,418148,tracking_feedback_accumulate,3338,,29580,,,405338112,543162368,470867968,543162368,,,,,,,,3.049100050702691,,
1791272741.4827425,418148,frontend_frame,3338,0,29580,92,8,408332288,543162368,470867968,543162368,,,,,,,,,,
1791272741.7814314,418148,tracking_feedback_accumulate,3339,,29580,,,412410880,543162368,470867968,543162368,,,,,,,,2.9044998809695244,,
1791272741.7854314,418148,frontend_frame,3339,0,29580,92,8,415405056,543162368,470867968,543162368,,,,,,,,,,
1791272742.1192257,418148,tracking_feedback_accumulate,3340,,29580,,,419319808,543162368,470867968,543162368,,,,,,,,2.83259991556406,,
1791272742.124256,418148,frontend_frame,3340,0,29580,92,8,408334336,522190848,470867968,543162368,,,,,,,,,,
1791272742.465455,418148,tracking_feedback_accumulate,3341,,29580,,,412494848,543162368,470867968,543162368,,,,,,,,3.08159994892776,,
1791272742.4714675,418148,frontend_frame,3341,0,29580,92,8,415489024,543162368,470867968,543162368,,,,,,,,,,
1791272742.8095744,418148,tracking_feedback_accumulate,3342,,29580,,,419321856,543162368,470867968,543162368,,,,,,,,2.942700171843171,,
1791272742.8145745,418148,frontend_frame,3342,0,29580,92,8,422316032,543162368,470867968,543162368,,,,,,,,,,
1791272743.1871362,418148,tracking_feedback_accumulate,3343,,29580,,,405343232,543162368,470867968,543162368,,,,,,,,5.013599991798401,,
1791272743.193927,418148,frontend_frame,3343,0,29580,92,8,408337408,543162368,470867968,543162368,,,,,,,,,,
1791272743.6332936,418148,tracking_feedback_accumulate,3344,,29580,,,412416000,543162368,470867968,543162368,,,,,,,,3.005299950018525,,
1791272743.6377983,418148,frontend_frame,3344,0,29580,92,8,415410176,543162368,470867968,543162368,,,,,,,,,,
1791272744.0253131,418148,tracking_feedback_accumulate,3345,,29580,,,419324928,543162368,470867968,543162368,,,,,,,,2.954399911686778,,
1791272744.0305414,418148,frontend_frame,3345,0,29580,92,8,408339456,543162368,470867968,543162368,,,,,,,,,,
1791272744.2614882,418148,tracking_feedback_accumulate,3346,,29580,,,412336128,543162368,470867968,543162368,,,,,,,,2.709799911826849,,
1791272744.265488,418148,frontend_frame,3346,0,29580,92,8,415330304,543162368,470867968,543162368,,,,,,,,,,
1791272744.677955,418148,tracking_feedback_accumulate,3347,,29580,,,419408896,543162368,470867968,543162368,,,,,,,,2.9921000823378563,,
1791272744.6826513,418148,frontend_frame,3347,0,29580,92,8,422403072,543162368,470867968,543162368,,,,,,,,,,
1791272745.0853198,418148,tracking_feedback_accumulate,3348,,29580,,,405348352,543162368,470867968,543162368,,,,,,,,2.7552000246942043,,
1791272745.089842,418148,frontend_frame,3348,0,29580,92,8,408342528,543162368,470867968,543162368,,,,,,,,,,
1791272745.5179467,418148,tracking_feedback_accumulate,3349,,29580,,,412339200,543162368,470867968,543162368,,,,,,,,2.875500125810504,,
1791272745.5224512,418148,frontend_frame,3349,0,29580,92,8,415333376,543162368,470867968,543162368,,,,,,,,,,
1791272745.8914516,418148,tracking_feedback_accumulate,3350,,29580,,,419411968,543162368,470867968,543162368,,,,,,,,2.9286998324096203,,
1791272745.896981,418148,frontend_frame,3350,0,29580,92,8,408426496,522190848,470867968,543162368,,,,,,,,,,
1791272746.2608502,418148,tracking_feedback_accumulate,3351,,29580,,,412341248,543162368,470867968,543162368,,,,,,,,3.24050011113286,,
1791272746.265849,418148,frontend_frame,3351,0,29580,92,8,415335424,543162368,470867968,543162368,,,,,,,,,,
1791272746.6393304,418148,tracking_feedback_accumulate,3352,,29580,,,419495936,543162368,470867968,543162368,,,,,,,,2.5828999932855368,,
1791272746.6443305,418148,frontend_frame,3352,0,29580,92,8,422490112,543162368,470867968,543162368,,,,,,,,,,
1791272747.0326815,418148,tracking_feedback_accumulate,3353,,29580,,,405353472,543162368,470867968,543162368,,,,,,,,3.017399925738573,,
1791272747.037187,418148,frontend_frame,3353,0,29580,92,8,408347648,543162368,470867968,543162368,,,,,,,,,,
1791272747.4456816,418148,tracking_feedback_accumulate,3354,,29580,,,412426240,543162368,470867968,543162368,,,,,,,,2.945499960333109,,
1791272747.4493816,418148,frontend_frame,3354,0,29580,92,8,415420416,543162368,470867968,543162368,,,,,,,,,,
1791272747.8194492,418148,tracking_feedback_accumulate,3355,,29580,,,405355520,543162368,470867968,543162368,,,,,,,,2.987500047311187,,
1791272747.824449,418148,frontend_frame,3355,0,29580,92,8,408349696,543162368,470867968,543162368,,,,,,,,,,
1791272748.1654265,418148,tracking_feedback_accumulate,3356,,29580,,,412510208,543162368,470867968,543162368,,,,,,,,2.9728999361395836,,
1791272748.1705165,418148,frontend_frame,3356,0,29580,92,8,415504384,543162368,470867968,543162368,,,,,,,,,,
1791272748.4896097,418148,tracking_feedback_accumulate,3357,,29580,,,419337216,543162368,470867968,543162368,,,,,,,,3.0765000265091658,,
1791272748.4946187,418148,frontend_frame,3357,0,29580,92,8,408351744,543162368,470867968,543162368,,,,,,,,,,
1791272748.8386984,418148,tracking_feedback_accumulate,3358,,29580,,,412430336,543162368,470867968,543162368,,,,,,,,3.12780006788671,,
1791272748.8436987,418148,frontend_frame,3358,0,29580,92,8,415424512,543162368,470867968,543162368,,,,,,,,,,
1791272749.2130785,418148,tracking_feedback_accumulate,3359,,29580,,,419421184,543162368,470867968,543162368,,,,,,,,5.6090999860316515,,
1791272749.2187965,418148,frontend_frame,3359,0,29580,92,8,422415360,543162368,470867968,543162368,,,,,,,,,,
1791272749.6256764,418148,tracking_feedback_accumulate,3360,,29580,,,405360640,543162368,470867968,543162368,,,,,,,,2.8965999372303486,,
1791272749.6314304,418148,frontend_frame,3360,0,29580,92,8,408354816,522190848,470867968,543162368,,,,,,,,,,
1791272750.015394,418148,tracking_feedback_accumulate,3361,,29580,,,412351488,543162368,470867968,543162368,,,,,,,,3.0831999611109495,,
1791272750.0199122,418148,frontend_frame,3361,0,29580,92,8,415345664,543162368,470867968,543162368,,,,,,,,,,
1791272750.4028628,418148,tracking_feedback_accumulate,3362,,29580,,,419424256,543162368,470867968,543162368,,,,,,,,3.2134000211954117,,
1791272750.4085226,418148,frontend_frame,3362,0,29580,92,8,408438784,543162368,470867968,543162368,,,,,,,,,,
1791272750.7594132,418148,tracking_feedback_accumulate,3363,,29580,,,412435456,543162368,470867968,543162368,,,,,,,,2.8460000175982714,,
1791272750.7639155,418148,frontend_frame,3363,0,29580,92,8,415429632,543162368,470867968,543162368,,,,,,,,,,
1791272751.0892196,418148,tracking_feedback_accumulate,3364,,29580,,,419344384,543162368,470867968,543162368,,,,,,,,2.9198999982327223,,
1791272751.0932229,418148,frontend_frame,3364,0,29580,92,8,422338560,543162368,470867968,543162368,,,,,,,,,,
1791272751.5387542,418148,tracking_feedback_accumulate,3365,,29580,,,405365760,543162368,470867968,543162368,,,,,,,,2.8621999081224203,,
1791272751.5437527,418148,frontend_frame,3365,0,29580,92,8,408359936,543162368,470867968,543162368,,,,,,,,,,
1791272751.987941,418148,tracking_feedback_accumulate,3366,,29580,,,412438528,543162368,470867968,543162368,,,,,,,,2.8763001319020987,,
1791272751.9919436,418148,frontend_frame,3366,0,29580,92,8,415432704,543162368,470867968,543162368,,,,,,,,,,
1791272752.3714006,418148,tracking_feedback_accumulate,3367,,29580,,,419347456,543162368,470867968,543162368,,,,,,,,2.8703000862151384,,
1791272752.3754005,418148,frontend_frame,3367,0,29580,92,8,408361984,543162368,470867968,543162368,,,,,,,,,,
1791272752.8103123,418148,tracking_feedback_accumulate,3368,,29580,,,412440576,543162368,470867968,543162368,,,,,,,,2.953600138425827,,
1791272752.8143117,418148,frontend_frame,3368,0,29580,92,8,415434752,543162368,470867968,543162368,,,,,,,,,,
1791272753.1349428,418148,tracking_feedback_accumulate,3369,,29580,,,419431424,543162368,470867968,543162368,,,,,,,,3.1865001656115055,,
1791272753.139646,418148,frontend_frame,3369,0,29580,92,8,422425600,543162368,470867968,543162368,,,,,,,,,,
1791272753.2601295,418148,tracking_feedback_accumulate,3370,,29580,,,405452800,543162368,470867968,543162368,,,,,,,,4.162200028076768,,
1791272753.2646654,418148,frontend_frame,3370,0,29580,92,8,408446976,522190848,470867968,543162368,,,,,,,,,,
1791272753.538857,418148,tracking_feedback_accumulate,3371,,29580,,,412361728,543162368,470867968,543162368,,,,,,,,2.644200110808015,,
1791272753.5428567,418148,frontend_frame,3371,0,29580,92,8,415355904,543162368,470867968,543162368,,,,,,,,,,
1791272753.853301,418148,tracking_feedback_accumulate,3372,,29580,,,405536768,543162368,470867968,543162368,,,,,,,,4.1992999613285065,,
1791272753.8578053,418148,frontend_frame,3372,0,29580,92,8,408530944,543162368,470867968,543162368,,,,,,,,,,
1791272754.258941,418148,tracking_feedback_accumulate,3373,,29580,,,412363776,543162368,470867968,543162368,,,,,,,,2.8788999188691378,,
1791272754.2644513,418148,frontend_frame,3373,0,29580,92,8,415357952,543162368,470867968,543162368,,,,,,,,,,
1791272754.7199051,418148,tracking_feedback_accumulate,3374,,29580,,,419354624,543162368,470867968,543162368,,,,,,,,3.3365001436322927,,
1791272754.7249362,418148,frontend_frame,3374,0,29580,92,8,408369152,543162368,470867968,543162368,,,,,,,,,,
1791272755.0260243,418148,tracking_feedback_accumulate,3375,,29580,,,412447744,543162368,470867968,543162368,,,,,,,,2.922800136730075,,
1791272755.0307527,418148,frontend_frame,3375,0,29580,92,8,415441920,543162368,470867968,543162368,,,,,,,,,,
1791272755.3678296,418148,tracking_feedback_accumulate,3376,,29580,,,419438592,543162368,470867968,543162368,,,,,,,,2.928100060671568,,
1791272755.373433,418148,frontend_frame,3376,0,29580,92,8,422432768,543162368,470867968,543162368,,,,,,,,,,
1791272755.6878915,418148,tracking_feedback_accumulate,3377,,29580,,,405378048,543162368,470867968,543162368,,,,,,,,3.326999954879284,,
1791272755.6924014,418148,frontend_frame,3377,0,29580,92,8,408372224,543162368,470867968,543162368,,,,,,,,,,
1791272756.0746734,418148,tracking_feedback_accumulate,3378,,29580,,,412368896,543162368,470867968,543162368,,,,,,,,2.926599932834506,,
1791272756.0806866,418148,frontend_frame,3378,0,29580,92,8,415363072,543162368,470867968,543162368,,,,,,,,,,
1791272756.4776876,418148,tracking_feedback_accumulate,3379,,29580,,,419441664,543162368,470867968,543162368,,,,,,,,2.8826999478042126,,
1791272756.4821944,418148,frontend_frame,3379,0,29580,92,8,408456192,543162368,470867968,543162368,,,,,,,,,,
1791272756.9079883,418148,tracking_feedback_accumulate,3380,,29580,,,412452864,543162368,470867968,543162368,,,,,,,,3.581899916753173,,
1791272756.9129882,418148,frontend_frame,3380,0,29580,92,8,415447040,522190848,470867968,543162368,,,,,,,,,,
1791272757.2439635,418148,tracking_feedback_accumulate,3381,,29580,,,419443712,543162368,470867968,543162368,,,,,,,,2.7984001208096743,,
1791272757.247966,418148,frontend_frame,3381,0,29580,92,8,422437888,543162368,470867968,543162368,,,,,,,,,,
1791272757.687975,418148,tracking_feedback_accumulate,3382,,29580,,,405465088,543162368,470867968,543162368,,,,,,,,2.8417001012712717,,
1791272757.692482,418148,frontend_frame,3382,0,29580,92,8,408459264,543162368,470867968,543162368,,,,,,,,,,
1791272758.0839083,418148,tracking_feedback_accumulate,3383,,29580,,,412374016,543162368,470867968,543162368,,,,,,,,2.7760998345911503,,
1791272758.0894177,418148,frontend_frame,3383,0,29580,92,8,415368192,543162368,470867968,543162368,,,,,,,,,,
1791272758.468268,418148,tracking_feedback_accumulate,3384,,29580,,,419364864,543162368,470867968,543162368,,,,,,,,2.889700001105666,,
1791272758.4742794,418148,frontend_frame,3384,0,29580,92,8,408379392,543162368,470867968,543162368,,,,,,,,,,
1791272758.8619359,418148,tracking_feedback_accumulate,3385,,29580,,,412457984,543162368,470867968,543162368,,,,,,,,2.8486999217420816,,
1791272758.866438,418148,frontend_frame,3385,0,29580,92,8,415452160,543162368,470867968,543162368,,,,,,,,,,
1791272759.100473,418148,tracking_feedback_accumulate,3386,,29580,,,419448832,543162368,470867968,543162368,,,,,,,,2.890900010243058,,
1791272759.1054761,418148,frontend_frame,3386,0,29580,92,8,422443008,543162368,470867968,543162368,,,,,,,,,,
1791272759.5306747,418148,tracking_feedback_accumulate,3387,,29580,,,405388288,543162368,470867968,543162368,,,,,,,,4.019400104880333,,
1791272759.5356743,418148,frontend_frame,3387,0,29580,92,8,408382464,543162368,470867968,543162368,,,,,,,,,,
1791272759.8670397,418148,tracking_feedback_accumulate,3388,,29580,,,412542976,543162368,470867968,543162368,,,,,,,,2.9575000517070293,,
1791272759.8720763,418148,frontend_frame,3388,0,29580,92,8,415537152,543162368,470867968,543162368,,,,,,,,,,
1791272760.2554655,418148,tracking_feedback_accumulate,3389,,29580,,,405390336,543162368,470867968,543162368,,,,,,,,2.9006998520344496,,
1791272760.2599716,418148,frontend_frame,3389,0,29580,92,8,408384512,543162368,470867968,543162368,,,,,,,,,,
1791272760.6488276,418148,tracking_feedback_accumulate,3390,,29580,,,412463104,543162368,470867968,543162368,,,,,,,,2.8111001010984182,,
1791272760.6538303,418148,frontend_frame,3390,0,29580,92,8,415457280,522190848,470867968,543162368,,,,,,,,,,
1791272761.0520656,418148,tracking_feedback_accumulate,3391,,29580,,,419453952,543162368,470867968,543162368,,,,,,,,3.0262998770922422,,
1791272761.0576227,418148,frontend_frame,3391,0,29580,92,8,408468480,543162368,470867968,543162368,,,,,,,,,,
1791272761.437568,418148,tracking_feedback_accumulate,3392,,29580,,,412383232,543162368,470867968,543162368,,,,,,,,2.628799993544817,,
1791272761.4430742,418148,frontend_frame,3392,0,29580,92,8,415377408,543162368,470867968,543162368,,,,,,,,,,
1791272761.7597477,418148,tracking_feedback_accumulate,3393,,29580,,,419537920,543162368,470867968,543162368,,,,,,,,3.005000064149499,,
1791272761.7652555,418148,frontend_frame,3393,0,29580,92,8,422532096,543162368,470867968,543162368,,,,,,,,,,
1791272762.0327344,418148,tracking_feedback_accumulate,3394,,29580,,,405395456,543162368,470867968,543162368,,,,,,,,2.8502000495791435,,
1791272762.0377347,418148,frontend_frame,3394,0,29580,92,8,408389632,543162368,470867968,543162368,,,,,,,,,,
1791272762.4082556,418148,tracking_feedback_accumulate,3395,,29580,,,412386304,543162368,470867968,543162368,,,,,,,,2.9098999220877886,,
1791272762.4132543,418148,frontend_frame,3395,0,29580,92,8,415380480,543162368,470867968,543162368,,,,,,,,,,
1791272762.6988645,418148,tracking_feedback_accumulate,3396,,29580,,,419459072,543162368,470867968,543162368,,,,,,,,2.7261001523584127,,
1791272762.702865,418148,frontend_frame,3396,0,29580,92,8,408473600,543162368,470867968,543162368,,,,,,,,,,
1791272762.703865,418148,frontend_complete,3397,0,29580,92,8,408473600,543162368,470867968,543162368,,,,,,,,,,
