time_wall_s,pid,event,frame_idx,mapping_iteration,gaussian_count,retained_keyframes,window_keyframes,cuda_allocated_bytes,cuda_reserved_bytes,cuda_peak_allocated_bytes,cuda_peak_reserved_bytes,mapping_enqueue_ms,count_before,count_after,attempted_growth,admitted_growth,rejected_growth,protected_rows,policy_wall_ms,row_ceiling,row_violation
1791470306.6470459,601172,tracking_feedback_accumulate,1,,17108,,,23774720,69206016,60235264,69206016,,,,,,,,283.9991000946611,,
1791470306.6550462,601172,frontend_frame,1,0,17108,1,1,23957504,71303168,60235264,71303168,,,,,,,,,,
1791470307.033958,601172,tracking_feedback_accumulate,2,,17108,,,27954176,94371840,70668800,94371840,,,,,,,,3.0805999413132668,,
1791470307.0400386,601172,frontend_frame,2,0,17108,1,1,27998208,96468992,70668800,96468992,,,,,,,,,,
1791470307.434983,601172,tracking_feedback_accumulate,3,,17108,,,32158720,98566144,74686464,98566144,,,,,,,,3.373200073838234,,
1791470307.44049,601172,frontend_frame,3,0,17108,1,1,32202752,100663296,74686464,100663296,,,,,,,,,,
1791470307.7841177,601172,tracking_feedback_accumulate,4,,17108,,,31995904,100663296,74686464,100663296,,,,,,,,2.9720000457018614,,
1791470307.7891178,601172,frontend_frame,4,0,17108,1,1,32039936,100663296,74686464,100663296,,,,,,,,,,
1791470308.1313806,601172,tracking_feedback_accumulate,5,,17108,,,36036608,102760448,78652416,102760448,,,,,,,,3.0064000748097897,,
1791470308.1363804,601172,frontend_frame,5,0,17108,1,1,36081152,104857600,78652416,104857600,,,,,,,,,,
1791470308.5004559,601172,tracking_feedback_accumulate,6,,17108,,,31998464,104857600,78652416,104857600,,,,,,,,3.0463000293821096,,
1791470308.505456,601172,frontend_frame,6,0,17108,1,1,32042496,104857600,78652416,104857600,,,,,,,,,,
1791470308.9365814,601172,tracking_feedback_accumulate,7,,17108,,,36039168,104857600,78652416,104857600,,,,,,,,2.990799956023693,,
1791470308.9410877,601172,frontend_frame,7,0,17108,1,1,36083200,104857600,78652416,104857600,,,,,,,,,,
1791470309.3036823,601172,tracking_feedback_accumulate,8,,17108,,,32164352,104857600,78652416,104857600,,,,,,,,3.119699889793992,,
1791470309.308682,601172,frontend_frame,8,0,17108,1,1,32208384,104857600,78652416,104857600,,,,,,,,,,
1791470309.531754,601172,tracking_feedback_accumulate,9,,17108,,,36041216,104857600,78652416,104857600,,,,,,,,2.9777002055197954,,
1791470309.5357533,601172,frontend_frame,9,0,17108,1,1,36085248,104857600,78652416,104857600,,,,,,,,,,
1791470309.944317,601172,tracking_feedback_accumulate,10,,17108,,,32002560,104857600,78652416,104857600,,,,,,,,3.001400036737323,,
1791470309.9493172,601172,frontend_frame,10,0,17108,1,1,32046592,58720256,78652416,104857600,,,,,,,,,,
1791470310.3198953,601172,tracking_feedback_accumulate,11,,17108,,,36043264,102760448,78652416,104857600,,,,,,,,2.97949998639524,,
1791470310.3258996,601172,frontend_frame,11,0,17108,1,1,36087296,104857600,78652416,104857600,,,,,,,,,,
1791470310.6580985,601172,tracking_feedback_accumulate,12,,17108,,,32168448,104857600,78652416,104857600,,,,,,,,3.1551001593470573,,
1791470310.6620958,601172,frontend_frame,12,0,17108,1,1,32212480,104857600,78652416,104857600,,,,,,,,,,
1791470311.0204232,601172,tracking_feedback_accumulate,13,,17108,,,36045312,104857600,78652416,104857600,,,,,,,,2.806000178679824,,
1791470311.025423,601172,frontend_frame,13,0,17108,1,1,36089344,104857600,78652416,104857600,,,,,,,,,,
1791470311.4304574,601172,tracking_feedback_accumulate,14,,17108,,,40249856,106954752,82676736,106954752,,,,,,,,2.9203000012785196,,
1791470311.4354572,601172,frontend_frame,14,0,17108,1,1,32214528,106954752,82676736,106954752,,,,,,,,,,
1791470311.7762856,601172,tracking_feedback_accumulate,15,,17108,,,36047360,106954752,82676736,106954752,,,,,,,,3.0144001357257366,,
1791470311.7802854,601172,frontend_frame,15,0,17108,1,1,36091392,106954752,82676736,106954752,,,,,,,,,,
1791470312.147419,601172,tracking_feedback_accumulate,16,,17108,,,40088064,109051904,82678784,109051904,,,,,,,,3.001099918037653,,
1791470312.1524189,601172,frontend_frame,16,0,17108,1,1,32052736,109051904,82678784,109051904,,,,,,,,,,
1791470312.4449406,601172,tracking_feedback_accumulate,17,,17108,,,36213248,109051904,82678784,109051904,,,,,,,,2.777300076559186,,
1791470312.4489408,601172,frontend_frame,17,0,17108,1,1,36257280,109051904,82678784,109051904,,,,,,,,,,
1791470312.7562852,601172,tracking_feedback_accumulate,18,,17108,,,40090112,109051904,82680832,109051904,,,,,,,,2.950900001451373,,
1791470312.761285,601172,frontend_frame,18,0,17108,1,1,40134144,109051904,82680832,109051904,,,,,,,,,,
1791470313.133418,601172,tracking_feedback_accumulate,19,,17108,,,36051456,109051904,82680832,109051904,,,,,,,,2.87249987013638,,
1791470313.138418,601172,frontend_frame,19,0,17108,1,1,36095488,109051904,82680832,109051904,,,,,,,,,,
1791470313.5339603,601172,tracking_feedback_accumulate,20,,17108,,,40256000,109051904,82682880,109051904,,,,,,,,2.8566999826580286,,
1791470313.5389607,601172,frontend_frame,20,0,17108,1,1,40300032,67108864,82682880,109051904,,,,,,,,,,
1791470313.8755143,601172,tracking_feedback_accumulate,21,,17108,,,44132864,113246208,86723584,113246208,,,,,,,,3.242200007662177,,
1791470313.8805149,601172,frontend_frame,21,0,17108,1,1,36097536,113246208,86723584,113246208,,,,,,,,,,
1791470314.211867,601172,tracking_feedback_accumulate,22,,17108,,,40094208,113246208,86723584,113246208,,,,,,,,2.8874999843537807,,
1791470314.2168674,601172,frontend_frame,22,0,17108,1,1,40138240,113246208,86723584,113246208,,,,,,,,,,
1791470314.603695,601172,tracking_feedback_accumulate,23,,17108,,,44134912,113246208,86725632,113246208,,,,,,,,2.8171001467853785,,
1791470314.6086948,601172,frontend_frame,23,0,17108,1,1,23980544,113246208,86725632,113246208,,,,,,,,,,
1791470315.0393467,601172,tracking_feedback_accumulate,24,,17108,,,28141056,113246208,86725632,113246208,,,,,,,,2.956500044092536,,
1791470315.04385,601172,frontend_frame,24,0,17108,1,1,28185088,113246208,86725632,113246208,,,,,,,,,,
1791470315.3600328,601172,tracking_feedback_accumulate,25,,17108,,,32017920,113246208,86725632,113246208,,,,,,,,2.9129001777619123,,
1791470315.3640327,601172,frontend_frame,25,0,17108,1,1,32061952,113246208,86725632,113246208,,,,,,,,,,
1791470315.7148151,601172,tracking_feedback_accumulate,26,,17108,,,27979264,113246208,86725632,113246208,,,,,,,,2.967699896544218,,
1791470315.7198153,601172,frontend_frame,26,0,17108,1,1,28023296,113246208,86725632,113246208,,,,,,,,,,
1791470316.126944,601172,tracking_feedback_accumulate,27,,17108,,,32183808,113246208,86725632,113246208,,,,,,,,2.985600149258971,,
1791470316.1309457,601172,frontend_frame,27,0,17108,1,1,32227840,113246208,86725632,113246208,,,,,,,,,,
1791470316.4909995,601172,tracking_feedback_accumulate,28,,17108,,,36060672,113246208,86725632,113246208,,,,,,,,2.9859000351279974,,
1791470316.4965014,601172,frontend_frame,28,0,17108,1,1,28025344,113246208,86725632,113246208,,,,,,,,,,
1791470316.9018316,601172,tracking_feedback_accumulate,29,,17108,,,32022016,113246208,86725632,113246208,,,,,,,,3.3786999993026257,,
1791470316.9058316,601172,frontend_frame,29,0,17108,1,1,32066048,113246208,86725632,113246208,,,,,,,,,,
1791470317.185966,601172,tracking_feedback_accumulate,30,,17108,,,36062720,113246208,86725632,113246208,,,,,,,,2.9039999935775995,,
1791470317.1919663,601172,frontend_frame,30,0,17108,1,1,28027392,56623104,86725632,113246208,,,,,,,,,,
1791470317.4314873,601172,tracking_feedback_accumulate,31,,17108,,,32024064,100663296,86725632,113246208,,,,,,,,2.8901000041514635,,
1791470317.436489,601172,frontend_frame,31,0,17108,1,1,32068096,100663296,86725632,113246208,,,,,,,,,,
1791470317.8512437,601172,tracking_feedback_accumulate,32,,17108,,,36064768,104857600,86725632,113246208,,,,,,,,3.058200003579259,,
1791470317.8562438,601172,frontend_frame,32,0,17108,1,1,36108800,104857600,86725632,113246208,,,,,,,,,,
1791470318.253398,601172,tracking_feedback_accumulate,33,,17108,,,32026112,104857600,86725632,113246208,,,,,,,,2.97949998639524,,
1791470318.2573977,601172,frontend_frame,33,0,17108,1,1,32070144,104857600,86725632,113246208,,,,,,,,,,
1791470318.5479777,601172,tracking_feedback_accumulate,34,,17108,,,36066816,104857600,86725632,113246208,,,,,,,,2.8245998546481133,,
1791470318.5529776,601172,frontend_frame,34,0,17108,1,1,36110848,104857600,86725632,113246208,,,,,,,,,,
1791470318.8456779,601172,tracking_feedback_accumulate,35,,17108,,,40271360,106954752,86725632,113246208,,,,,,,,3.1721999403089285,,
1791470318.850678,601172,frontend_frame,35,0,17108,1,1,32236032,106954752,86725632,113246208,,,,,,,,,,
1791470319.1888046,601172,tracking_feedback_accumulate,36,,17108,,,36068864,106954752,86725632,113246208,,,,,,,,2.887299982830882,,
1791470319.1938062,601172,frontend_frame,36,0,17108,1,1,36112896,106954752,86725632,113246208,,,,,,,,,,
1791470319.5353823,601172,tracking_feedback_accumulate,37,,17108,,,40273408,109051904,86725632,113246208,,,,,,,,3.2899000216275454,,
1791470319.5403821,601172,frontend_frame,37,0,17108,1,1,32238080,109051904,86725632,113246208,,,,,,,,,,
1791470319.88873,601172,tracking_feedback_accumulate,38,,17108,,,36070912,109051904,86725632,113246208,,,,,,,,2.9290998354554176,,
1791470319.8937302,601172,frontend_frame,38,0,17108,1,1,36114944,109051904,86725632,113246208,,,,,,,,,,
1791470320.2584407,601172,tracking_feedback_accumulate,39,,17108,,,40275456,109051904,86725632,113246208,,,,,,,,2.94229993596673,,
1791470320.2634406,601172,frontend_frame,39,0,17108,1,1,40319488,109051904,86725632,113246208,,,,,,,,,,
1791470320.627506,601172,tracking_feedback_accumulate,40,,17108,,,32033280,109051904,86725632,113246208,,,,,,,,2.920700004324317,,
1791470320.6335077,601172,frontend_frame,40,0,17108,1,1,32077312,58720256,86725632,113246208,,,,,,,,,,
1791470321.0186985,601172,tracking_feedback_accumulate,41,,17108,,,36073984,102760448,86725632,113246208,,,,,,,,2.994299866259098,,
1791470321.0236983,601172,frontend_frame,41,0,17108,1,1,36118016,104857600,86725632,113246208,,,,,,,,,,
1791470321.2912886,601172,tracking_feedback_accumulate,42,,17108,,,40114688,109051904,86725632,113246208,,,,,,,,3.335400018841028,,
1791470321.2962887,601172,frontend_frame,42,0,17108,1,1,32079360,109051904,86725632,113246208,,,,,,,,,,
1791470321.6774821,601172,tracking_feedback_accumulate,43,,17108,,,36239872,109051904,86725632,113246208,,,,,,,,2.9615999665111303,,
1791470321.6824822,601172,frontend_frame,43,0,17108,1,1,36283904,109051904,86725632,113246208,,,,,,,,,,
1791470322.0146997,601172,tracking_feedback_accumulate,44,,17108,,,40116736,109051904,86725632,113246208,,,,,,,,2.917999867349863,,
1791470322.0197,601172,frontend_frame,44,0,17108,1,1,40160768,109051904,86725632,113246208,,,,,,,,,,
1791470322.344876,601172,tracking_feedback_accumulate,45,,17108,,,32202240,109051904,86725632,113246208,,,,,,,,2.921400126069784,,
1791470322.3493798,601172,frontend_frame,45,0,17108,1,1,32246272,109051904,86725632,113246208,,,,,,,,,,
1791470322.7077653,601172,tracking_feedback_accumulate,46,,17108,,,36079104,109051904,86725632,113246208,,,,,,,,2.927699824795127,,
1791470322.712786,601172,frontend_frame,46,0,17108,1,1,36123136,109051904,86725632,113246208,,,,,,,,,,
1791470323.094704,601172,tracking_feedback_accumulate,47,,17108,,,32040448,109051904,86725632,113246208,,,,,,,,2.907400019466877,,
1791470323.099704,601172,frontend_frame,47,0,17108,1,1,32084480,109051904,86725632,113246208,,,,,,,,,,
1791470323.477103,601172,tracking_feedback_accumulate,48,,17108,,,36244992,109051904,86725632,113246208,,,,,,,,2.9174000956118107,,
1791470323.482104,601172,frontend_frame,48,0,17108,1,1,36289024,109051904,86725632,113246208,,,,,,,,,,
1791470323.8248365,601172,tracking_feedback_accumulate,49,,17108,,,40121856,109051904,86725632,113246208,,,,,,,,2.943499945104122,,
1791470323.8298366,601172,frontend_frame,49,0,17108,1,1,32086528,109051904,86725632,113246208,,,,,,,,,,
1791470324.1211135,601172,tracking_feedback_accumulate,50,,17108,,,36083200,109051904,86725632,113246208,,,,,,,,2.890900010243058,,
1791470324.126114,601172,frontend_frame,50,0,17108,1,1,36127232,62914560,86725632,113246208,,,,,,,,,,
1791470324.4422615,601172,tracking_feedback_accumulate,51,,17108,,,40123904,109051904,86725632,113246208,,,,,,,,3.102299990132451,,
1791470324.448264,601172,frontend_frame,51,0,17108,2,2,44163584,109051904,86725632,113246208,,,,,,,,,,
1791470327.1028125,601172,tracking_feedback_accumulate,52,,9338,,,31663616,109051904,86725632,113246208,,,,,,,,2.7459999546408653,,
1791470327.1078122,601172,frontend_frame,52,0,9338,2,2,29810176,109051904,86725632,113246208,,,,,,,,,,
1791470327.4363406,601172,tracking_feedback_accumulate,53,,9338,,,33643008,109051904,86725632,113246208,,,,,,,,2.8794000390917063,,
1791470327.4413404,601172,frontend_frame,53,0,9338,2,2,31852544,109051904,86725632,113246208,,,,,,,,,,
1791470327.747769,601172,tracking_feedback_accumulate,54,,9338,,,31520768,109051904,86725632,113246208,,,,,,,,3.007099963724613,,
1791470327.752274,601172,frontend_frame,54,0,9338,2,2,29648384,109051904,86725632,113246208,,,,,,,,,,
1791470328.0824199,601172,tracking_feedback_accumulate,55,,9338,,,33808896,109051904,86725632,113246208,,,,,,,,2.7870999183505774,,
1791470328.0874197,601172,frontend_frame,55,0,9338,2,2,31854592,109051904,86725632,113246208,,,,,,,,,,
1791470328.3889606,601172,tracking_feedback_accumulate,56,,9338,,,35933184,109051904,86725632,113246208,,,,,,,,2.812799997627735,,
1791470328.3939607,601172,frontend_frame,56,0,9338,2,2,29650944,109051904,86725632,113246208,,,,,,,,,,
1791470328.7055204,601172,tracking_feedback_accumulate,57,,9338,,,33647616,109051904,86725632,113246208,,,,,,,,2.8721000999212265,,
1791470328.7105203,601172,frontend_frame,57,0,9338,2,2,31857152,109051904,86725632,113246208,,,,,,,,,,
1791470329.0674875,601172,tracking_feedback_accumulate,58,,9338,,,35935744,109051904,86725632,113246208,,,,,,,,2.858299994841218,,
1791470329.0714872,601172,frontend_frame,58,0,9338,2,2,34063360,109051904,86725632,113246208,,,,,,,,,,
1791470329.4555423,601172,tracking_feedback_accumulate,59,,9338,,,31608320,109051904,86725632,113246208,,,,,,,,2.822200069203973,,
1791470329.4595442,601172,frontend_frame,59,0,9338,2,2,29817856,109051904,86725632,113246208,,,,,,,,,,
1791470329.8062403,601172,tracking_feedback_accumulate,60,,9338,,,33732608,109051904,86725632,113246208,,,,,,,,2.920099999755621,,
1791470329.8122401,601172,frontend_frame,60,0,9338,2,2,31860224,58720256,86725632,113246208,,,,,,,,,,
1791470330.1119134,601172,tracking_feedback_accumulate,61,,9338,,,35856896,79691776,86725632,113246208,,,,,,,,2.887899987399578,,
1791470330.1179147,601172,frontend_frame,61,0,9338,2,2,29656064,79691776,86725632,113246208,,,,,,,,,,
1791470330.4839478,601172,tracking_feedback_accumulate,62,,9338,,,33734656,79691776,86725632,113246208,,,,,,,,2.8413000982254744,,
1791470330.4889476,601172,frontend_frame,62,0,9338,2,2,31862272,79691776,86725632,113246208,,,,,,,,,,
1791470330.862667,601172,tracking_feedback_accumulate,63,,9338,,,35940864,79691776,86725632,113246208,,,,,,,,2.8050001710653305,,
1791470330.866667,601172,frontend_frame,63,0,9338,2,2,34150400,79691776,86725632,113246208,,,,,,,,,,
1791470331.1792855,601172,tracking_feedback_accumulate,64,,9338,,,31449600,79691776,86725632,113246208,,,,,,,,2.823800081387162,,
1791470331.1842852,601172,frontend_frame,64,0,9338,2,2,29659136,79691776,86725632,113246208,,,,,,,,,,
1791470331.4423034,601172,tracking_feedback_accumulate,65,,9338,,,33737728,79691776,86725632,113246208,,,,,,,,2.7131999377161264,,
1791470331.4473038,601172,frontend_frame,65,0,9338,2,2,31947264,79691776,86725632,113246208,,,,,,,,,,
1791470331.7874856,601172,tracking_feedback_accumulate,66,,9338,,,35862016,79691776,86725632,113246208,,,,,,,,2.7520000003278255,,
1791470331.7924855,601172,frontend_frame,66,0,9338,2,2,29661184,79691776,86725632,113246208,,,,,,,,,,
1791470332.1261375,601172,tracking_feedback_accumulate,67,,9338,,,33821696,79691776,86725632,113246208,,,,,,,,2.7761999517679214,,
1791470332.130138,601172,frontend_frame,67,0,9338,2,2,31867392,79691776,86725632,113246208,,,,,,,,,,
1791470332.5287385,601172,tracking_feedback_accumulate,68,,9338,,,35864064,79691776,86725632,113246208,,,,,,,,2.8001999016851187,,
1791470332.5337386,601172,frontend_frame,68,0,9338,2,2,29663232,79691776,86725632,113246208,,,,,,,,,,
1791470332.8939886,601172,tracking_feedback_accumulate,69,,9338,,,33741824,79691776,86725632,113246208,,,,,,,,2.7633998543024063,,
1791470332.8989885,601172,frontend_frame,69,0,9338,2,2,31869440,79691776,86725632,113246208,,,,,,,,,,
1791470333.238166,601172,tracking_feedback_accumulate,70,,9338,,,36029952,79691776,86725632,113246208,,,,,,,,2.821299945935607,,
1791470333.2431662,601172,frontend_frame,70,0,9338,2,2,34239488,58720256,86725632,113246208,,,,,,,,,,
1791470333.6262677,601172,tracking_feedback_accumulate,71,,9338,,,33661952,79691776,86725632,113246208,,,,,,,,2.802100032567978,,
1791470333.6322675,601172,frontend_frame,71,0,9338,3,3,35867136,79691776,86725632,113246208,,,,,,,,,,
1791470337.322031,601172,tracking_feedback_accumulate,72,,9972,,,39989760,100663296,86725632,113246208,,,,,,,,2.857699990272522,,
1791470337.32703,601172,frontend_frame,72,0,9972,3,3,38273024,100663296,86725632,113246208,,,,,,,,,,
1791470337.558642,601172,tracking_feedback_accumulate,73,,9972,,,42515456,102760448,86725632,113246208,,,,,,,,3.0219999607652426,,
1791470337.5636415,601172,frontend_frame,73,0,9972,3,3,36314624,102760448,86725632,113246208,,,,,,,,,,
1791470337.9302278,601172,tracking_feedback_accumulate,74,,9972,,,40065536,102760448,86725632,113246208,,,,,,,,2.8347999323159456,,
1791470337.934229,601172,frontend_frame,74,0,9972,3,3,38426112,102760448,86725632,113246208,,,,,,,,,,
1791470338.2014332,601172,tracking_feedback_accumulate,75,,9972,,,42586624,102760448,86725632,113246208,,,,,,,,2.7457999531179667,,
1791470338.206433,601172,frontend_frame,75,0,9972,3,3,36234752,102760448,86725632,113246208,,,,,,,,,,
1791470338.5194607,601172,tracking_feedback_accumulate,76,,9972,,,40149504,102760448,86725632,113246208,,,,,,,,2.7938999701291323,,
1791470338.5244603,601172,frontend_frame,76,0,9972,3,3,38510592,102760448,86725632,113246208,,,,,,,,,,
1791470338.885748,601172,tracking_feedback_accumulate,77,,9972,,,42425344,102760448,86725632,113246208,,,,,,,,2.787600038573146,,
1791470338.8907478,601172,frontend_frame,77,0,9972,3,3,40785920,102760448,86725632,113246208,,,,,,,,,,
1791470339.2655036,601172,tracking_feedback_accumulate,78,,9972,,,40233984,102760448,86725632,113246208,,,,,,,,2.7848000172525644,,
1791470339.2705047,601172,frontend_frame,78,0,9972,3,3,38594560,102760448,86725632,113246208,,,,,,,,,,
1791470339.6065753,601172,tracking_feedback_accumulate,79,,9972,,,42427392,102760448,86725632,113246208,,,,,,,,2.817699918523431,,
1791470339.6115756,601172,frontend_frame,79,0,9972,3,3,40787968,102760448,86725632,113246208,,,,,,,,,,
1791470339.9201674,601172,tracking_feedback_accumulate,80,,9972,,,44866560,104857600,86725632,113246208,,,,,,,,2.9212001245468855,,
1791470339.9271674,601172,frontend_frame,80,0,9972,3,3,33953280,60817408,86725632,113246208,,,,,,,,,,
1791470340.2588098,601172,tracking_feedback_accumulate,81,,9972,,,38031872,102760448,86725632,113246208,,,,,,,,2.7544000186026096,,
1791470340.2628098,601172,frontend_frame,81,0,9972,3,3,36392448,102760448,86725632,113246208,,,,,,,,,,
1791470340.518399,601172,tracking_feedback_accumulate,82,,9972,,,40225280,102760448,86725632,113246208,,,,,,,,2.8025000356137753,,
1791470340.522399,601172,frontend_frame,82,0,9972,3,3,38585856,102760448,86725632,113246208,,,,,,,,,,
1791470340.8554783,601172,tracking_feedback_accumulate,83,,9972,,,35677696,102760448,86725632,113246208,,,,,,,,2.9685001354664564,,
1791470340.860481,601172,frontend_frame,83,0,9972,3,3,34038272,102760448,86725632,113246208,,,,,,,,,,
1791470341.1821282,601172,tracking_feedback_accumulate,84,,9972,,,37953024,102760448,86725632,113246208,,,,,,,,2.7602999471127987,,
1791470341.187128,601172,frontend_frame,84,0,9972,3,3,36313600,102760448,86725632,113246208,,,,,,,,,,
1791470341.4832015,601172,tracking_feedback_accumulate,85,,9972,,,40392192,102760448,86725632,113246208,,,,,,,,2.6725998613983393,,
1791470341.4882014,601172,frontend_frame,85,0,9972,3,3,34040320,102760448,86725632,113246208,,,,,,,,,,
1791470341.8062823,601172,tracking_feedback_accumulate,86,,9972,,,37955072,102760448,86725632,113246208,,,,,,,,2.8904001228511333,,
1791470341.8108296,601172,frontend_frame,86,0,9972,3,3,36315648,102760448,86725632,113246208,,,,,,,,,,
1791470342.1012192,601172,tracking_feedback_accumulate,87,,9972,,,40230400,102760448,86725632,113246208,,,,,,,,2.8343999292701483,,
1791470342.1062188,601172,frontend_frame,87,0,9972,3,3,38590976,102760448,86725632,113246208,,,,,,,,,,
1791470342.454751,601172,tracking_feedback_accumulate,88,,9972,,,35600896,102760448,86725632,113246208,,,,,,,,2.7507999911904335,,
1791470342.4602551,601172,frontend_frame,88,0,9972,3,3,33961472,102760448,86725632,113246208,,,,,,,,,,
1791470342.7610872,601172,tracking_feedback_accumulate,89,,9972,,,38040064,102760448,86725632,113246208,,,,,,,,2.841500099748373,,
1791470342.7660875,601172,frontend_frame,89,0,9972,3,3,36400640,102760448,86725632,113246208,,,,,,,,,,
1791470343.0497942,601172,tracking_feedback_accumulate,90,,9972,,,40315392,102760448,86725632,113246208,,,,,,,,2.8768000192940235,,
1791470343.0547938,601172,frontend_frame,90,0,9972,3,3,33963520,58720256,86725632,113246208,,,,,,,,,,
1791470343.3549163,601172,tracking_feedback_accumulate,91,,9972,,,38042112,100663296,86725632,113246208,,,,,,,,2.745900070294738,,
1791470343.3604205,601172,frontend_frame,91,0,9972,3,3,36402688,100663296,86725632,113246208,,,,,,,,,,
1791470343.7115374,601172,tracking_feedback_accumulate,92,,9972,,,40235520,100663296,86725632,113246208,,,,,,,,2.841099863871932,,
1791470343.7165365,601172,frontend_frame,92,0,9972,3,3,33883648,100663296,86725632,113246208,,,,,,,,,,
1791470344.0181813,601172,tracking_feedback_accumulate,93,,9972,,,38044160,100663296,86725632,113246208,,,,,,,,2.787700155749917,,
1791470344.0231812,601172,frontend_frame,93,0,9972,3,3,36404736,100663296,86725632,113246208,,,,,,,,,,
1791470344.2813025,601172,tracking_feedback_accumulate,94,,9972,,,40237568,100663296,86725632,113246208,,,,,,,,2.8440000023692846,,
1791470344.286302,601172,frontend_frame,94,0,9972,3,3,38598144,100663296,86725632,113246208,,,,,,,,,,
1791470344.6213684,601172,tracking_feedback_accumulate,95,,9972,,,38046208,100663296,86725632,113246208,,,,,,,,2.840499859303236,,
1791470344.62637,601172,frontend_frame,95,0,9972,3,3,36406784,100663296,86725632,113246208,,,,,,,,,,
1791470344.8599994,601172,tracking_feedback_accumulate,96,,9972,,,40239616,100663296,86725632,113246208,,,,,,,,2.8165001422166824,,
1791470344.8649995,601172,frontend_frame,96,0,9972,3,3,38600192,100663296,86725632,113246208,,,,,,,,,,
1791470345.2306151,601172,tracking_feedback_accumulate,97,,9972,,,42678784,102760448,86725632,113246208,,,,,,,,2.7713999152183533,,
1791470345.235615,601172,frontend_frame,97,0,9972,3,3,36326912,102760448,86725632,113246208,,,,,,,,,,
1791470345.625213,601172,tracking_feedback_accumulate,98,,9972,,,40405504,102760448,86725632,113246208,,,,,,,,2.8252999763935804,,
1791470345.6302128,601172,frontend_frame,98,0,9972,3,3,38766080,102760448,86725632,113246208,,,,,,,,,,
1791470345.9339323,601172,tracking_feedback_accumulate,99,,9972,,,42680832,102760448,86725632,113246208,,,,,,,,2.820800058543682,,
1791470345.9389324,601172,frontend_frame,99,0,9972,3,3,41041408,102760448,86725632,113246208,,,,,,,,,,
1791470346.226866,601172,tracking_feedback_accumulate,100,,9972,,,37887488,102760448,86725632,113246208,,,,,,,,2.9223000165075064,,
1791470346.2318661,601172,frontend_frame,100,0,9972,3,3,36248064,58720256,86725632,113246208,,,,,,,,,,
1791470346.642512,601172,tracking_feedback_accumulate,101,,9972,,,40408576,100663296,86725632,113246208,,,,,,,,2.755899913609028,,
1791470346.649514,601172,frontend_frame,101,0,9972,4,4,42764800,100663296,86725632,113246208,,,,,,,,,,
1791470351.383229,601172,tracking_feedback_accumulate,102,,11014,,,42040320,100663296,86725632,113246208,,,,,,,,2.9722999315708876,,
1791470351.3882291,601172,frontend_frame,102,0,11014,4,4,40662528,100663296,86725632,113246208,,,,,,,,,,
1791470351.6739123,601172,tracking_feedback_accumulate,103,,11014,,,44577280,100663296,86725632,113246208,,,,,,,,2.791499951854348,,
1791470351.679912,601172,frontend_frame,103,0,11014,4,4,43191296,100663296,86725632,113246208,,,,,,,,,,
1791470351.885984,601172,tracking_feedback_accumulate,104,,11014,,,47269888,102760448,86725632,113246208,,,,,,,,2.8311999049037695,,
1791470351.8911846,601172,frontend_frame,104,0,11014,4,4,40664576,102760448,86725632,113246208,,,,,,,,,,
1791470352.1998136,601172,tracking_feedback_accumulate,105,,11014,,,44743168,102760448,86725632,113246208,,,,,,,,2.7356999926269054,,
1791470352.2048137,601172,frontend_frame,105,0,11014,4,4,43357184,102760448,86725632,113246208,,,,,,,,,,
1791470352.539292,601172,tracking_feedback_accumulate,106,,11014,,,47271936,102760448,86725632,113246208,,,,,,,,2.7791999746114016,,
1791470352.5442924,601172,frontend_frame,106,0,11014,4,4,45886464,102760448,86725632,113246208,,,,,,,,,,
1791470352.8861477,601172,tracking_feedback_accumulate,107,,11014,,,41972224,102760448,86725632,113246208,,,,,,,,2.7461000718176365,,
1791470352.8911479,601172,frontend_frame,107,0,11014,4,4,40586240,102760448,86725632,113246208,,,,,,,,,,
1791470353.1968873,601172,tracking_feedback_accumulate,108,,11014,,,44664832,102760448,86725632,113246208,,,,,,,,2.7566999197006226,,
1791470353.2018871,601172,frontend_frame,108,0,11014,4,4,43278848,102760448,86725632,113246208,,,,,,,,,,
1791470353.551497,601172,tracking_feedback_accumulate,109,,11014,,,47357440,104857600,86725632,113246208,,,,,,,,2.7216998860239983,,
1791470353.5564969,601172,frontend_frame,109,0,11014,4,4,38395904,104857600,86725632,113246208,,,,,,,,,,
1791470353.8955328,601172,tracking_feedback_accumulate,110,,11014,,,42228736,104857600,86725632,113246208,,,,,,,,2.934900112450123,,
1791470353.9015346,601172,frontend_frame,110,0,11014,4,4,40842752,79691776,86725632,113246208,,,,,,,,,,
1791470354.2024124,601172,tracking_feedback_accumulate,111,,11014,,,44921344,100663296,86725632,113246208,,,,,,,,2.6964000426232815,,
1791470354.2074122,601172,frontend_frame,111,0,11014,4,4,43535360,100663296,86725632,113246208,,,,,,,,,,
1791470354.5751038,601172,tracking_feedback_accumulate,112,,11014,,,39784960,100663296,86725632,113246208,,,,,,,,2.807899843901396,,
1791470354.5801036,601172,frontend_frame,112,0,11014,4,4,38398976,100663296,86725632,113246208,,,,,,,,,,
1791470354.8626266,601172,tracking_feedback_accumulate,113,,11014,,,42313728,100663296,86725632,113246208,,,,,,,,2.7442998252809048,,
1791470354.867629,601172,frontend_frame,113,0,11014,4,4,40927744,100663296,86725632,113246208,,,,,,,,,,
1791470355.0392094,601172,tracking_feedback_accumulate,114,,11014,,,39787008,100663296,86725632,113246208,,,,,,,,2.8588001150637865,,
1791470355.0432098,601172,frontend_frame,114,0,11014,4,4,38401024,100663296,86725632,113246208,,,,,,,,,,
1791470355.3297312,601172,tracking_feedback_accumulate,115,,11014,,,42233856,100663296,86725632,113246208,,,,,,,,2.7646999806165695,,
1791470355.3347332,601172,frontend_frame,115,0,11014,4,4,40847872,100663296,86725632,113246208,,,,,,,,,,
1791470355.7008767,601172,tracking_feedback_accumulate,116,,11014,,,45008384,100663296,86725632,113246208,,,,,,,,2.7479000855237246,,
1791470355.7058768,601172,frontend_frame,116,0,11014,4,4,38403072,100663296,86725632,113246208,,,,,,,,,,
1791470356.040645,601172,tracking_feedback_accumulate,117,,11014,,,42235904,100663296,86725632,113246208,,,,,,,,2.7326999697834253,,
1791470356.0456448,601172,frontend_frame,117,0,11014,4,4,40849920,100663296,86725632,113246208,,,,,,,,,,
1791470356.3596838,601172,tracking_feedback_accumulate,118,,11014,,,44928512,100663296,86725632,113246208,,,,,,,,2.753899898380041,,
1791470356.3636842,601172,frontend_frame,118,0,11014,4,4,43542528,100663296,86725632,113246208,,,,,,,,,,
1791470356.706371,601172,tracking_feedback_accumulate,119,,11014,,,39792128,100663296,86725632,113246208,,,,,,,,2.831399906426668,,
1791470356.711371,601172,frontend_frame,119,0,11014,4,4,38406144,100663296,86725632,113246208,,,,,,,,,,
1791470356.9555793,601172,tracking_feedback_accumulate,120,,11014,,,42238976,100663296,86725632,113246208,,,,,,,,2.8651999309659004,,
1791470356.960581,601172,frontend_frame,120,0,11014,4,4,40852992,79691776,86725632,113246208,,,,,,,,,,
1791470357.3134189,601172,tracking_feedback_accumulate,121,,11014,,,44931584,100663296,86725632,113246208,,,,,,,,2.771900035440922,,
1791470357.3184187,601172,frontend_frame,121,0,11014,4,4,38326272,100663296,86725632,113246208,,,,,,,,,,
1791470357.6372602,601172,tracking_feedback_accumulate,122,,11014,,,42241024,100663296,86725632,113246208,,,,,,,,2.831100020557642,,
1791470357.6422603,601172,frontend_frame,122,0,11014,4,4,40855040,100663296,86725632,113246208,,,,,,,,,,
1791470357.8762815,601172,tracking_feedback_accumulate,123,,11014,,,44933632,100663296,86725632,113246208,,,,,,,,2.8301000129431486,,
1791470357.8812804,601172,frontend_frame,123,0,11014,4,4,43547648,100663296,86725632,113246208,,,,,,,,,,
1791470358.1873615,601172,tracking_feedback_accumulate,124,,11014,,,39797248,100663296,86725632,113246208,,,,,,,,2.8991999570280313,,
1791470358.1923614,601172,frontend_frame,124,0,11014,4,4,38411264,100663296,86725632,113246208,,,,,,,,,,
1791470358.5529578,601172,tracking_feedback_accumulate,125,,11014,,,42244096,100663296,86725632,113246208,,,,,,,,2.7928000781685114,,
1791470358.5579576,601172,frontend_frame,125,0,11014,4,4,40858112,100663296,86725632,113246208,,,,,,,,,,
1791470358.885982,601172,tracking_feedback_accumulate,126,,11014,,,45018624,102760448,86725632,113246208,,,,,,,,2.9539999086409807,,
1791470358.8909822,601172,frontend_frame,126,0,11014,4,4,38413312,102760448,86725632,113246208,,,,,,,,,,
1791470359.1617625,601172,tracking_feedback_accumulate,127,,11014,,,42246144,102760448,86725632,113246208,,,,,,,,3.064699936658144,,
1791470359.1667633,601172,frontend_frame,127,0,11014,4,4,40860160,102760448,86725632,113246208,,,,,,,,,,
1791470359.5218685,601172,tracking_feedback_accumulate,128,,11014,,,44938752,102760448,86725632,113246208,,,,,,,,2.773500047624111,,
1791470359.5268686,601172,frontend_frame,128,0,11014,4,4,38333440,102760448,86725632,113246208,,,,,,,,,,
1791470359.842908,601172,tracking_feedback_accumulate,129,,11014,,,42248192,102760448,86725632,113246208,,,,,,,,2.887199865654111,,
1791470359.847908,601172,frontend_frame,129,0,11014,4,4,40862208,102760448,86725632,113246208,,,,,,,,,,
1791470360.178291,601172,tracking_feedback_accumulate,130,,11014,,,44940800,102760448,86725632,113246208,,,,,,,,2.8050001710653305,,
1791470360.1832914,601172,frontend_frame,130,0,11014,4,4,43554816,58720256,86725632,113246208,,,,,,,,,,
1791470360.450307,601172,tracking_feedback_accumulate,131,,11014,,,42414080,102760448,86725632,113246208,,,,,,,,2.926499815657735,,
1791470360.4553077,601172,frontend_frame,131,0,11014,4,4,41028096,102760448,86725632,113246208,,,,,,,,,,
1791470360.8113885,601172,tracking_feedback_accumulate,132,,11014,,,44860928,102760448,86725632,113246208,,,,,,,,2.7308999560773373,,
1791470360.8213882,601172,frontend_frame,132,0,11014,4,4,43474944,102760448,86725632,113246208,,,,,,,,,,
1791470361.14954,601172,tracking_feedback_accumulate,133,,11014,,,47635456,104857600,86725632,113246208,,,,,,,,2.8487001545727253,,
1791470361.1545432,601172,frontend_frame,133,0,11014,4,4,41030144,104857600,86725632,113246208,,,,,,,,,,
1791470361.4550645,601172,tracking_feedback_accumulate,134,,11014,,,44862976,104857600,86725632,113246208,,,,,,,,2.8281998820602894,,
1791470361.4620647,601172,frontend_frame,134,0,11014,5,5,47472640,104857600,86725632,113246208,,,,,,,,,,
1791470367.172225,601172,tracking_feedback_accumulate,135,,11857,,,43858944,104857600,86725632,113246208,,,,,,,,2.867399947717786,,
1791470367.1772275,601172,frontend_frame,135,0,11857,5,5,42670592,104857600,86725632,113246208,,,,,,,,,,
1791470367.500261,601172,tracking_feedback_accumulate,136,,11857,,,46503424,104857600,86725632,113246208,,,,,,,,2.7439999394118786,,
1791470367.505261,601172,frontend_frame,136,0,11857,5,5,45308928,104857600,86725632,113246208,,,,,,,,,,
1791470367.8343441,601172,tracking_feedback_accumulate,137,,11857,,,49387520,104857600,87367680,113246208,,,,,,,,2.7473000809550285,,
1791470367.8403444,601172,frontend_frame,137,0,11857,5,5,45391872,104857600,87367680,113246208,,,,,,,,,,
1791470368.1652176,601172,tracking_feedback_accumulate,138,,11857,,,49470464,104857600,87385088,113246208,,,,,,,,2.6857000775635242,,
1791470368.1692173,601172,frontend_frame,138,0,11857,5,5,48275968,104857600,87385088,113246208,,,,,,,,,,
1791470368.5252793,601172,tracking_feedback_accumulate,139,,11857,,,52190720,104857600,90170880,113246208,,,,,,,,2.7638000901788473,,
1791470368.5302794,601172,frontend_frame,139,0,11857,5,5,50996736,104857600,90170880,113246208,,,,,,,,,,
1791470368.8167996,601172,tracking_feedback_accumulate,140,,11857,,,46671872,104857600,90170880,113246208,,,,,,,,2.7707000263035297,,
1791470368.8228,601172,frontend_frame,140,0,11857,5,5,45477376,58720256,90170880,113246208,,,,,,,,,,
1791470369.119973,601172,tracking_feedback_accumulate,141,,11857,,,49310208,102760448,90170880,113246208,,,,,,,,2.8342001605778933,,
1791470369.127973,601172,frontend_frame,141,0,11857,5,5,48115712,102760448,90170880,113246208,,,,,,,,,,
1791470369.448714,601172,tracking_feedback_accumulate,142,,11857,,,52276224,104857600,90174464,113246208,,,,,,,,2.688900101929903,,
1791470369.452714,601172,frontend_frame,142,0,11857,5,5,45479424,104857600,90174464,113246208,,,,,,,,,,
1791470369.6822777,601172,tracking_feedback_accumulate,143,,11857,,,49394176,104857600,90174464,113246208,,,,,,,,2.7552000246942043,,
1791470369.6862779,601172,frontend_frame,143,0,11857,5,5,48199680,104857600,90174464,113246208,,,,,,,,,,
1791470370.0499465,601172,tracking_feedback_accumulate,144,,11857,,,52114432,104857600,90192896,113246208,,,,,,,,2.783200005069375,,
1791470370.0559466,601172,frontend_frame,144,0,11857,5,5,42516480,104857600,90192896,113246208,,,,,,,,,,
1791470370.3364682,601172,tracking_feedback_accumulate,145,,11857,,,46595072,104857600,90192896,113246208,,,,,,,,2.898799953982234,,
1791470370.341468,601172,frontend_frame,145,0,11857,5,5,45400576,104857600,90192896,113246208,,,,,,,,,,
1791470370.652569,601172,tracking_feedback_accumulate,146,,11857,,,49315328,104857600,90192896,113246208,,,,,,,,2.8000997845083475,,
1791470370.657569,601172,frontend_frame,146,0,11857,5,5,48120832,104857600,90192896,113246208,,,,,,,,,,
1791470371.0167756,601172,tracking_feedback_accumulate,147,,11857,,,46679040,104857600,90192896,113246208,,,,,,,,2.8379999566823244,,
1791470371.0207758,601172,frontend_frame,147,0,11857,5,5,45484544,104857600,90192896,113246208,,,,,,,,,,
1791470371.3423042,601172,tracking_feedback_accumulate,148,,11857,,,49399296,104857600,90192896,113246208,,,,,,,,2.800100017338991,,
1791470371.347304,601172,frontend_frame,148,0,11857,5,5,48204800,104857600,90192896,113246208,,,,,,,,,,
1791470371.6602068,601172,tracking_feedback_accumulate,149,,11857,,,52283392,104857600,90198016,113246208,,,,,,,,2.791499951854348,,
1791470371.6652067,601172,frontend_frame,149,0,11857,5,5,45486592,104857600,90198016,113246208,,,,,,,,,,
1791470371.9478543,601172,tracking_feedback_accumulate,150,,11857,,,49319424,104857600,90198016,113246208,,,,,,,,2.921600127592683,,
1791470371.952853,601172,frontend_frame,150,0,11857,5,5,48124928,79691776,90198016,113246208,,,,,,,,,,
1791470372.3070111,601172,tracking_feedback_accumulate,151,,11857,,,52203520,104857600,90198016,113246208,,,,,,,,2.8427999932318926,,
1791470372.3120112,601172,frontend_frame,151,0,11857,5,5,51009024,104857600,90198016,113246208,,,,,,,,,,
1791470372.6495838,601172,tracking_feedback_accumulate,152,,11857,,,46684160,104857600,90198016,113246208,,,,,,,,2.7930999640375376,,
1791470372.6545842,601172,frontend_frame,152,0,11857,5,5,45489664,104857600,90198016,113246208,,,,,,,,,,
1791470372.9603326,601172,tracking_feedback_accumulate,153,,11857,,,49404416,104857600,90198016,113246208,,,,,,,,2.855099970474839,,
1791470372.9653325,601172,frontend_frame,153,0,11857,5,5,48209920,104857600,90198016,113246208,,,,,,,,,,
1791470373.3473577,601172,tracking_feedback_accumulate,154,,11857,,,52288512,104857600,90203136,113246208,,,,,,,,2.8117999900132418,,
1791470373.3523576,601172,frontend_frame,154,0,11857,5,5,45491712,104857600,90203136,113246208,,,,,,,,,,
1791470373.7128763,601172,tracking_feedback_accumulate,155,,11857,,,49324544,104857600,90203136,113246208,,,,,,,,2.742599928751588,,
1791470373.7198765,601172,frontend_frame,155,0,11857,6,6,52125696,104857600,90203136,113246208,,,,,,,,,,
1791470380.300965,601172,tracking_feedback_accumulate,156,,12637,,,56258560,104857600,94329856,113246208,,,,,,,,2.6122000999748707,,
1791470380.305965,601172,frontend_frame,156,0,12637,6,6,49654784,104857600,94329856,113246208,,,,,,,,,,
1791470380.6050742,601172,tracking_feedback_accumulate,157,,12637,,,53733376,104857600,94329856,113246208,,,,,,,,2.825699979439378,,
1791470380.611074,601172,frontend_frame,157,0,12637,6,6,52726272,104857600,94329856,113246208,,,,,,,,,,
1791470380.9721034,601172,tracking_feedback_accumulate,158,,12637,,,56641024,106954752,94759936,113246208,,,,,,,,2.8536999598145485,,
1791470380.9771564,601172,frontend_frame,158,0,12637,6,6,55633920,106954752,94759936,113246208,,,,,,,,,,
1791470381.3028405,601172,tracking_feedback_accumulate,159,,12637,,,50746880,106954752,94759936,113246208,,,,,,,,2.8490000404417515,,
1791470381.306841,601172,frontend_frame,159,0,12637,6,6,49739776,106954752,94759936,113246208,,,,,,,,,,
1791470381.7358336,601172,tracking_feedback_accumulate,160,,12637,,,53572608,106954752,94759936,113246208,,,,,,,,2.805100055411458,,
1791470381.7418344,601172,frontend_frame,160,0,12637,6,6,52566016,81788928,94759936,113246208,,,,,,,,,,
1791470381.9835002,601172,tracking_feedback_accumulate,161,,12637,,,56644608,106954752,94763520,113246208,,,,,,,,2.8156000189483166,,
1791470381.9885006,601172,frontend_frame,161,0,12637,6,6,49660416,106954752,94763520,113246208,,,,,,,,,,
1791470382.3447733,601172,tracking_feedback_accumulate,162,,12637,,,53739008,106954752,94763520,113246208,,,,,,,,2.7752998284995556,,
1791470382.3497734,601172,frontend_frame,162,0,12637,6,6,52731904,106954752,94763520,113246208,,,,,,,,,,
1791470382.6449842,601172,tracking_feedback_accumulate,163,,12637,,,56564736,106954752,94765568,113246208,,,,,,,,2.803199924528599,,
1791470382.6499853,601172,frontend_frame,163,0,12637,6,6,55557632,106954752,94765568,113246208,,,,,,,,,,
1791470382.9549575,601172,tracking_feedback_accumulate,164,,12637,,,50670592,106954752,94765568,113246208,,,,,,,,2.7968999929726124,,
1791470382.9599576,601172,frontend_frame,164,0,12637,6,6,49663488,106954752,94765568,113246208,,,,,,,,,,
1791470383.2997527,601172,tracking_feedback_accumulate,165,,12637,,,53742080,106954752,94765568,113246208,,,,,,,,2.8333000373095274,,
1791470383.3047528,601172,frontend_frame,165,0,12637,6,6,52734976,106954752,94765568,113246208,,,,,,,,,,
1791470383.6443677,601172,tracking_feedback_accumulate,166,,12637,,,56649728,106954752,94768640,113246208,,,,,,,,2.7534000109881163,,
1791470383.6493678,601172,frontend_frame,166,0,12637,6,6,49665536,106954752,94768640,113246208,,,,,,,,,,
1791470383.9168866,601172,tracking_feedback_accumulate,167,,12637,,,53580288,106954752,94768640,113246208,,,,,,,,2.8127001132816076,,
1791470383.9218864,601172,frontend_frame,167,0,12637,6,6,52573184,106954752,94768640,113246208,,,,,,,,,,
1791470384.2016747,601172,tracking_feedback_accumulate,168,,12637,,,56733696,106954752,94770688,113246208,,,,,,,,2.7953998651355505,,
1791470384.2066746,601172,frontend_frame,168,0,12637,6,6,49749504,106954752,94770688,113246208,,,,,,,,,,
1791470384.5902767,601172,tracking_feedback_accumulate,169,,12637,,,53582336,106954752,94770688,113246208,,,,,,,,4.472200060263276,,
1791470384.5942764,601172,frontend_frame,169,0,12637,6,6,52575232,106954752,94770688,113246208,,,,,,,,,,
1791470384.9628055,601172,tracking_feedback_accumulate,170,,12637,,,56653824,106954752,94772736,113246208,,,,,,,,2.8206000570207834,,
1791470384.9683075,601172,frontend_frame,170,0,12637,6,6,55646720,83886080,94772736,113246208,,,,,,,,,,
1791470385.3163166,601172,tracking_feedback_accumulate,171,,12637,,,53748224,104857600,94772736,113246208,,,,,,,,2.7673000004142523,,
1791470385.3203166,601172,frontend_frame,171,0,12637,6,6,52741120,104857600,94772736,113246208,,,,,,,,,,
1791470385.7068927,601172,tracking_feedback_accumulate,172,,12637,,,56655872,106954752,94774784,113246208,,,,,,,,2.835500054061413,,
1791470385.7118924,601172,frontend_frame,172,0,12637,6,6,55648768,106954752,94774784,113246208,,,,,,,,,,
1791470386.0555136,601172,tracking_feedback_accumulate,173,,12637,,,59563520,109051904,97764352,113246208,,,,,,,,2.8007999062538147,,
1791470386.0605137,601172,frontend_frame,173,0,12637,6,6,49590784,109051904,97764352,113246208,,,,,,,,,,
1791470386.320219,601172,tracking_feedback_accumulate,174,,12637,,,53751296,109051904,97764352,113246208,,,,,,,,2.8668998274952173,,
1791470386.3252192,601172,frontend_frame,174,0,12637,6,6,52744192,109051904,97764352,113246208,,,,,,,,,,
1791470386.642842,601172,tracking_feedback_accumulate,175,,12637,,,56658944,109051904,97764352,113246208,,,,,,,,2.7805999852716923,,
1791470386.647842,601172,frontend_frame,175,0,12637,6,6,55651840,109051904,97764352,113246208,,,,,,,,,,
1791470386.9264224,601172,tracking_feedback_accumulate,176,,12637,,,50600960,109051904,97764352,113246208,,,,,,,,2.6193999219685793,,
1791470386.931422,601172,frontend_frame,176,0,12637,6,6,49593856,109051904,97764352,113246208,,,,,,,,,,
1791470387.2700386,601172,tracking_feedback_accumulate,177,,12637,,,53672448,109051904,97764352,113246208,,,,,,,,2.856000093743205,,
1791470387.2740386,601172,frontend_frame,177,0,12637,6,6,52665344,109051904,97764352,113246208,,,,,,,,,,
1791470387.649659,601172,tracking_feedback_accumulate,178,,12637,,,56580096,109051904,97764352,113246208,,,,,,,,2.9317999724298716,,
1791470387.6546583,601172,frontend_frame,178,0,12637,6,6,49595904,109051904,97764352,113246208,,,,,,,,,,
1791470387.9273226,601172,tracking_feedback_accumulate,179,,12637,,,53756416,109051904,97764352,113246208,,,,,,,,2.790899947285652,,
1791470387.9323227,601172,frontend_frame,179,0,12637,6,6,52749312,109051904,97764352,113246208,,,,,,,,,,
1791470388.2820609,601172,tracking_feedback_accumulate,180,,12637,,,56582144,109051904,97764352,113246208,,,,,,,,2.7125999331474304,,
1791470388.2870607,601172,frontend_frame,180,0,12637,6,6,55575040,83886080,97764352,113246208,,,,,,,,,,
1791470388.548586,601172,tracking_feedback_accumulate,181,,12637,,,50769920,104857600,97764352,113246208,,,,,,,,2.9140999540686607,,
1791470388.5535858,601172,frontend_frame,181,0,12637,6,6,49762816,104857600,97764352,113246208,,,,,,,,,,
1791470388.8311222,601172,tracking_feedback_accumulate,182,,12637,,,53595648,104857600,97764352,113246208,,,,,,,,2.760599832981825,,
1791470388.8371222,601172,frontend_frame,182,0,12637,7,7,56584192,104857600,97764352,113246208,,,,,,,,,,
1791470396.350428,601172,tracking_feedback_accumulate,183,,13483,,,54744576,104857600,97764352,113246208,,,,,,,,2.8086998499929905,,
1791470396.355428,601172,frontend_frame,183,0,13483,7,7,53946880,104857600,97764352,113246208,,,,,,,,,,
1791470396.5844126,601172,tracking_feedback_accumulate,184,,13483,,,57861632,125829120,97764352,125829120,,,,,,,,2.846800023689866,,
1791470396.5889168,601172,frontend_frame,184,0,13483,7,7,57057792,125829120,97764352,125829120,,,,,,,,,,
1791470396.881493,601172,tracking_feedback_accumulate,185,,13483,,,61136384,127926272,99543552,127926272,,,,,,,,2.713399939239025,,
1791470396.885493,601172,frontend_frame,185,0,13483,7,7,53948928,127926272,99543552,127926272,,,,,,,,,,
1791470397.1596951,601172,tracking_feedback_accumulate,186,,13483,,,57863680,127926272,99543552,127926272,,,,,,,,2.705699997022748,,
1791470397.163695,601172,frontend_frame,186,0,13483,7,7,57059840,127926272,99543552,127926272,,,,,,,,,,
1791470397.493721,601172,tracking_feedback_accumulate,187,,13483,,,61138432,127926272,99545600,127926272,,,,,,,,2.83989985473454,,
1791470397.498225,601172,frontend_frame,187,0,13483,7,7,60335104,127926272,99545600,127926272,,,,,,,,,,
1791470397.780371,601172,tracking_feedback_accumulate,188,,13483,,,54838272,127926272,99545600,127926272,,,,,,,,2.824299968779087,,
1791470397.7853713,601172,frontend_frame,188,0,13483,7,7,54034432,127926272,99545600,127926272,,,,,,,,,,
1791470398.1145897,601172,tracking_feedback_accumulate,189,,13483,,,57949184,127926272,99545600,127926272,,,,,,,,2.8768000192940235,,
1791470398.1195886,601172,frontend_frame,189,0,13483,7,7,57145344,127926272,99545600,127926272,,,,,,,,,,
1791470398.371271,601172,tracking_feedback_accumulate,190,,13483,,,61060096,127926272,99573760,127926272,,,,,,,,2.836399944499135,,
1791470398.3762743,601172,frontend_frame,190,0,13483,7,7,53872640,83886080,99573760,127926272,,,,,,,,,,
1791470398.7628703,601172,tracking_feedback_accumulate,191,,13483,,,58033152,104857600,99573760,127926272,,,,,,,,2.8689999599009752,,
1791470398.7678704,601172,frontend_frame,191,0,13483,7,7,57229312,104857600,99573760,127926272,,,,,,,,,,
1791470399.1070037,601172,tracking_feedback_accumulate,192,,13483,,,61062144,106954752,99573760,127926272,,,,,,,,2.857399871572852,,
1791470399.1120036,601172,frontend_frame,192,0,13483,7,7,53874688,106954752,99573760,127926272,,,,,,,,,,
1791470399.4622893,601172,tracking_feedback_accumulate,193,,13483,,,58035200,106954752,99573760,127926272,,,,,,,,2.8577998746186495,,
1791470399.4662895,601172,frontend_frame,193,0,13483,7,7,57231360,106954752,99573760,127926272,,,,,,,,,,
1791470399.75357,601172,tracking_feedback_accumulate,194,,13483,,,61064192,106954752,99573760,127926272,,,,,,,,2.8591000009328127,,
1791470399.75757,601172,frontend_frame,194,0,13483,7,7,60260352,106954752,99573760,127926272,,,,,,,,,,
1791470400.0978136,601172,tracking_feedback_accumulate,195,,13483,,,58037248,106954752,99573760,127926272,,,,,,,,2.9470999725162983,,
1791470400.1028142,601172,frontend_frame,195,0,13483,7,7,57233408,106954752,99573760,127926272,,,,,,,,,,
1791470400.482086,601172,tracking_feedback_accumulate,196,,13483,,,61148160,106954752,99573760,127926272,,,,,,,,2.8322001453489065,,
1791470400.4870858,601172,frontend_frame,196,0,13483,7,7,60344320,106954752,99573760,127926272,,,,,,,,,,
1791470400.856691,601172,tracking_feedback_accumulate,197,,13483,,,64259072,130023424,102772736,130023424,,,,,,,,2.8804000467061996,,
1791470400.8616927,601172,frontend_frame,197,0,13483,7,7,57071616,130023424,102772736,130023424,,,,,,,,,,
1791470401.1543589,601172,tracking_feedback_accumulate,198,,13483,,,61150208,130023424,102772736,130023424,,,,,,,,2.7984001208096743,,
1791470401.1593587,601172,frontend_frame,198,0,13483,7,7,60346368,130023424,102772736,130023424,,,,,,,,,,
1791470401.467009,601172,tracking_feedback_accumulate,199,,13483,,,64261120,130023424,102774784,130023424,,,,,,,,2.8832999523729086,,
1791470401.4720092,601172,frontend_frame,199,0,13483,7,7,63457280,132120576,102774784,132120576,,,,,,,,,,
1791470401.7681487,601172,tracking_feedback_accumulate,200,,13483,,,58042368,132120576,102774784,132120576,,,,,,,,2.8480999171733856,,
1791470401.7741504,601172,frontend_frame,200,0,13483,7,7,57238528,85983232,102774784,132120576,,,,,,,,,,
1791470402.1143901,601172,tracking_feedback_accumulate,201,,13483,,,61071360,106954752,102774784,132120576,,,,,,,,2.817499917000532,,
1791470402.1183903,601172,frontend_frame,201,0,13483,7,7,60267520,106954752,102774784,132120576,,,,,,,,,,
1791470402.4684231,601172,tracking_feedback_accumulate,202,,13483,,,64346112,109051904,102774784,132120576,,,,,,,,2.8264999855309725,,
1791470402.476423,601172,frontend_frame,202,0,13483,8,8,57962496,109051904,102774784,132120576,,,,,,,,,,
1791470410.9445336,601172,tracking_feedback_accumulate,203,,14082,,,61919232,130023424,102774784,132120576,,,,,,,,2.838999964296818,,
1791470410.9485333,601172,frontend_frame,203,0,14082,8,8,61262848,130023424,102774784,132120576,,,,,,,,,,
1791470411.2352207,601172,tracking_feedback_accumulate,204,,14082,,,65341440,130023424,104037376,132120576,,,,,,,,2.8265998698771,,
1791470411.2402222,601172,frontend_frame,204,0,14082,8,8,58153984,130023424,104037376,132120576,,,,,,,,,,
1791470411.5933914,601172,tracking_feedback_accumulate,205,,14082,,,62068736,130023424,104037376,132120576,,,,,,,,2.854699967429042,,
1791470411.5978985,601172,frontend_frame,205,0,14082,8,8,61407744,130023424,104037376,132120576,,,,,,,,,,
1791470411.9090137,601172,tracking_feedback_accumulate,206,,14082,,,65568256,130023424,104163840,132120576,,,,,,,,2.824899973347783,,
1791470411.9130137,601172,frontend_frame,206,0,14082,8,8,64907264,130023424,104163840,132120576,,,,,,,,,,
1791470412.295797,601172,tracking_feedback_accumulate,207,,14082,,,58818048,130023424,104163840,132120576,,,,,,,,2.8814999386668205,,
1791470412.3003058,601172,frontend_frame,207,0,14082,8,8,58157568,130023424,104163840,132120576,,,,,,,,,,
1791470412.6404767,601172,tracking_feedback_accumulate,208,,14082,,,62072320,130023424,104163840,132120576,,,,,,,,2.9084000270813704,,
1791470412.6464765,601172,frontend_frame,208,0,14082,8,8,61411328,130023424,104163840,132120576,,,,,,,,,,
1791470412.9582622,601172,tracking_feedback_accumulate,209,,14082,,,65489920,130023424,104163840,132120576,,,,,,,,2.849400043487549,,
1791470412.9632623,601172,frontend_frame,209,0,14082,8,8,58159616,130023424,104163840,132120576,,,,,,,,,,
1791470413.1698253,601172,tracking_feedback_accumulate,210,,14082,,,62238208,130023424,104163840,132120576,,,,,,,,2.826699987053871,,
1791470413.1748254,601172,frontend_frame,210,0,14082,8,8,61577216,83886080,104163840,132120576,,,,,,,,,,
1791470413.5359964,601172,tracking_feedback_accumulate,211,,14082,,,65410048,127926272,104163840,132120576,,,,,,,,2.853000070899725,,
1791470413.5409966,601172,frontend_frame,211,0,14082,8,8,64749056,130023424,104163840,132120576,,,,,,,,,,
1791470413.8680818,601172,tracking_feedback_accumulate,212,,14082,,,58823680,130023424,104163840,132120576,,,,,,,,2.7920000720769167,,
1791470413.8730817,601172,frontend_frame,212,0,14082,8,8,58162688,130023424,104163840,132120576,,,,,,,,,,
1791470414.063205,601172,tracking_feedback_accumulate,213,,14082,,,62241280,130023424,104163840,132120576,,,,,,,,3.131299978122115,,
1791470414.0682049,601172,frontend_frame,213,0,14082,8,8,61580288,130023424,104163840,132120576,,,,,,,,,,
1791470414.278354,601172,tracking_feedback_accumulate,214,,14082,,,58743808,130023424,104163840,132120576,,,,,,,,2.9109001625329256,,
1791470414.283356,601172,frontend_frame,214,0,14082,8,8,58082816,130023424,104163840,132120576,,,,,,,,,,
1791470414.5549197,601172,tracking_feedback_accumulate,215,,14082,,,62161408,130023424,104163840,132120576,,,,,,,,2.8243998531252146,,
1791470414.5599198,601172,frontend_frame,215,0,14082,8,8,61500416,130023424,104163840,132120576,,,,,,,,,,
1791470414.8899498,601172,tracking_feedback_accumulate,216,,14082,,,65579008,130023424,104163840,132120576,,,,,,,,2.7058999985456467,,
1791470414.8949509,601172,frontend_frame,216,0,14082,8,8,58248704,130023424,104163840,132120576,,,,,,,,,,
1791470415.0981364,601172,tracking_feedback_accumulate,217,,14082,,,62081536,130023424,104163840,132120576,,,,,,,,2.7471999637782574,,
1791470415.1031358,601172,frontend_frame,217,0,14082,8,8,61420544,130023424,104163840,132120576,,,,,,,,,,
1791470415.4279552,601172,tracking_feedback_accumulate,218,,14082,,,65581056,130023424,104163840,132120576,,,,,,,,2.803599927574396,,
1791470415.4319577,601172,frontend_frame,218,0,14082,8,8,64920064,130023424,104163840,132120576,,,,,,,,,,
1791470415.6925642,601172,tracking_feedback_accumulate,219,,14082,,,58748928,130023424,104163840,132120576,,,,,,,,2.818299923092127,,
1791470415.696565,601172,frontend_frame,219,0,14082,8,8,58087936,130023424,104163840,132120576,,,,,,,,,,
1791470415.9491718,601172,tracking_feedback_accumulate,220,,14082,,,62248448,130023424,104163840,132120576,,,,,,,,2.7666999958455563,,
1791470415.954174,601172,frontend_frame,220,0,14082,8,8,61587456,83886080,104163840,132120576,,,,,,,,,,
1791470416.2956812,601172,tracking_feedback_accumulate,221,,14082,,,65420288,127926272,104163840,132120576,,,,,,,,2.8486999217420816,,
1791470416.3001857,601172,frontend_frame,221,0,14082,8,8,58089984,127926272,104163840,132120576,,,,,,,,,,
1791470416.6303327,601172,tracking_feedback_accumulate,222,,14082,,,62250496,127926272,104163840,132120576,,,,,,,,6.031300174072385,,
1791470416.6353323,601172,frontend_frame,222,0,14082,8,8,61589504,127926272,104163840,132120576,,,,,,,,,,
1791470417.020981,601172,tracking_feedback_accumulate,223,,14082,,,65422336,127926272,104163840,132120576,,,,,,,,3.111399943009019,,
1791470417.0259812,601172,frontend_frame,223,0,14082,8,8,64761344,130023424,104163840,132120576,,,,,,,,,,
1791470417.3341954,601172,tracking_feedback_accumulate,224,,14082,,,58917888,130023424,104163840,132120576,,,,,,,,2.8309000190347433,,
1791470417.3391955,601172,frontend_frame,224,0,14082,8,8,58256896,130023424,104163840,132120576,,,,,,,,,,
1791470417.6907265,601172,tracking_feedback_accumulate,225,,14082,,,62171648,130023424,104163840,132120576,,,,,,,,2.813400002196431,,
1791470417.6957266,601172,frontend_frame,225,0,14082,8,8,61510656,130023424,104163840,132120576,,,,,,,,,,
1791470417.9915063,601172,tracking_feedback_accumulate,226,,14082,,,65589248,130023424,104163840,132120576,,,,,,,,2.7483999729156494,,
1791470417.9965065,601172,frontend_frame,226,0,14082,8,8,58258944,130023424,104163840,132120576,,,,,,,,,,
1791470418.2789161,601172,tracking_feedback_accumulate,227,,14082,,,62173696,130023424,104163840,132120576,,,,,,,,2.929799957200885,,
1791470418.282916,601172,frontend_frame,227,0,14082,8,8,61512704,130023424,104163840,132120576,,,,,,,,,,
1791470418.6594903,601172,tracking_feedback_accumulate,228,,14082,,,65591296,130023424,104163840,132120576,,,,,,,,2.8617000207304955,,
1791470418.6644902,601172,frontend_frame,228,0,14082,8,8,58260992,130023424,104163840,132120576,,,,,,,,,,
1791470418.9380188,601172,tracking_feedback_accumulate,229,,14082,,,62093824,130023424,104163840,132120576,,,,,,,,2.831400139257312,,
1791470418.9420187,601172,frontend_frame,229,0,14082,8,8,61432832,130023424,104163840,132120576,,,,,,,,,,
1791470419.3279483,601172,tracking_feedback_accumulate,230,,14082,,,65511424,130023424,104163840,132120576,,,,,,,,2.7109000366181135,,
1791470419.3329482,601172,frontend_frame,230,0,14082,8,8,64850432,85983232,104163840,132120576,,,,,,,,,,
1791470419.7151291,601172,tracking_feedback_accumulate,231,,14082,,,58925056,127926272,104163840,132120576,,,,,,,,3.800399834290147,,
1791470419.7271285,601172,frontend_frame,231,0,14082,8,8,58264064,127926272,104163840,132120576,,,,,,,,,,
1791470420.1265771,601172,tracking_feedback_accumulate,232,,14082,,,62178816,127926272,104163840,132120576,,,,,,,,2.88309995085001,,
1791470420.131578,601172,frontend_frame,232,0,14082,8,8,61517824,127926272,104163840,132120576,,,,,,,,,,
1791470420.4161513,601172,tracking_feedback_accumulate,233,,14082,,,65432576,127926272,104163840,132120576,,,,,,,,2.773999935016036,,
1791470420.4211514,601172,frontend_frame,233,0,14082,8,8,58102272,127926272,104163840,132120576,,,,,,,,,,
1791470420.7867517,601172,tracking_feedback_accumulate,234,,14082,,,62180864,127926272,104163840,132120576,,,,,,,,6.112300092354417,,
1791470420.8362613,601172,frontend_frame,234,0,14082,9,8,65515520,127926272,104163840,132120576,,,,,,,,,,
1791470430.1118739,601172,tracking_feedback_accumulate,235,,13263,,,69376512,127926272,107994112,132120576,,,,,,,,2.810399979352951,,
1791470430.1168737,601172,frontend_frame,235,0,13263,9,8,68507136,130023424,107994112,132120576,,,,,,,,,,
1791470430.3614967,601172,tracking_feedback_accumulate,236,,13263,,,62864896,130023424,107994112,132120576,,,,,,,,2.7298000641167164,,
1791470430.365497,601172,frontend_frame,236,0,13263,9,8,62002688,130023424,107994112,132120576,,,,,,,,,,
1791470430.548061,601172,tracking_feedback_accumulate,237,,13263,,,65917440,130023424,107994112,132120576,,,,,,,,2.827100222930312,,
1791470430.5520606,601172,frontend_frame,237,0,13263,9,8,65055232,130023424,107994112,132120576,,,,,,,,,,
1791470430.8502357,601172,tracking_feedback_accumulate,238,,13263,,,69133824,130023424,107994112,132120576,,,,,,,,3.0239999759942293,,
1791470430.8552358,601172,frontend_frame,238,0,13263,9,8,62004736,130023424,107994112,132120576,,,,,,,,,,
1791470431.1918383,601172,tracking_feedback_accumulate,239,,13263,,,65837568,130023424,107994112,132120576,,,,,,,,2.8526000678539276,,
1791470431.1978421,601172,frontend_frame,239,0,13263,9,8,64975872,130023424,107994112,132120576,,,,,,,,,,
1791470431.53057,601172,tracking_feedback_accumulate,240,,13263,,,69054464,130023424,107994112,132120576,,,,,,,,2.9953999910503626,,
1791470431.5365715,601172,frontend_frame,240,0,13263,9,8,61925376,104857600,107994112,132120576,,,,,,,,,,
1791470431.8646476,601172,tracking_feedback_accumulate,241,,13263,,,65840128,125829120,107994112,132120576,,,,,,,,2.740900032222271,,
1791470431.8696475,601172,frontend_frame,241,0,13263,9,8,64977920,125829120,107994112,132120576,,,,,,,,,,
1791470432.142859,601172,tracking_feedback_accumulate,242,,13263,,,69056512,127926272,107994112,132120576,,,,,,,,2.7797999791800976,,
1791470432.1478586,601172,frontend_frame,242,0,13263,9,8,68194304,127926272,107994112,132120576,,,,,,,,,,
1791470432.4045348,601172,tracking_feedback_accumulate,243,,13263,,,65842176,127926272,107994112,132120576,,,,,,,,3.056999994441867,,
1791470432.4096704,601172,frontend_frame,243,0,13263,9,8,64979968,127926272,107994112,132120576,,,,,,,,,,
1791470432.7097733,601172,tracking_feedback_accumulate,244,,13263,,,69140480,127926272,107994112,132120576,,,,,,,,2.866599941626191,,
1791470432.714773,601172,frontend_frame,244,0,13263,9,8,68278272,127926272,107994112,132120576,,,,,,,,,,
1791470433.074135,601172,tracking_feedback_accumulate,245,,13263,,,72193024,130023424,110681600,132120576,,,,,,,,2.784599782899022,,
1791470433.079135,601172,frontend_frame,245,0,13263,9,8,65063936,130023424,110681600,132120576,,,,,,,,,,
1791470433.495004,601172,tracking_feedback_accumulate,246,,13263,,,69142528,130023424,110681600,132120576,,,,,,,,2.674899995326996,,
1791470433.499508,601172,frontend_frame,246,0,13263,9,8,68280320,130023424,110681600,132120576,,,,,,,,,,
1791470433.8386376,601172,tracking_feedback_accumulate,247,,13263,,,72195072,130023424,110683648,132120576,,,,,,,,2.6732999831438065,,
1791470433.8436375,601172,frontend_frame,247,0,13263,9,8,71332864,132120576,110683648,132120576,,,,,,,,,,
1791470434.17982,601172,tracking_feedback_accumulate,248,,13263,,,66011136,132120576,110683648,132120576,,,,,,,,2.8129001148045063,,
1791470434.184822,601172,frontend_frame,248,0,13263,9,8,65148928,132120576,110683648,132120576,,,,,,,,,,
1791470434.5175142,601172,tracking_feedback_accumulate,249,,13263,,,69063680,132120576,110683648,132120576,,,,,,,,2.912999829277396,,
1791470434.522514,601172,frontend_frame,249,0,13263,9,8,68201472,132120576,110683648,132120576,,,,,,,,,,
1791470434.90355,601172,tracking_feedback_accumulate,250,,13263,,,72280064,132120576,110686720,132120576,,,,,,,,2.8649999294430017,,
1791470434.9090517,601172,frontend_frame,250,0,13263,9,8,65150976,85983232,110686720,132120576,,,,,,,,,,
1791470435.268709,601172,tracking_feedback_accumulate,251,,13263,,,69065728,127926272,110686720,132120576,,,,,,,,2.776999957859516,,
1791470435.272709,601172,frontend_frame,251,0,13263,9,8,68203520,127926272,110686720,132120576,,,,,,,,,,
1791470435.6146305,601172,tracking_feedback_accumulate,252,,13263,,,72118272,130023424,110688768,132120576,,,,,,,,2.8227001894265413,,
1791470435.6196325,601172,frontend_frame,252,0,13263,9,8,71256064,132120576,110688768,132120576,,,,,,,,,,
1791470436.0492778,601172,tracking_feedback_accumulate,253,,13263,,,65934336,132120576,110688768,132120576,,,,,,,,2.826099982485175,,
1791470436.0532777,601172,frontend_frame,253,0,13263,9,8,65072128,132120576,110688768,132120576,,,,,,,,,,
1791470436.411411,601172,tracking_feedback_accumulate,254,,13263,,,69150720,132120576,110688768,132120576,,,,,,,,2.9015999753028154,,
1791470436.4164119,601172,frontend_frame,254,0,13263,9,8,68288512,132120576,110688768,132120576,,,,,,,,,,
1791470436.8100996,601172,tracking_feedback_accumulate,255,,13263,,,72121344,132120576,110691840,132120576,,,,,,,,2.9722999315708876,,
1791470436.8181038,601172,frontend_frame,255,0,13263,9,8,64992256,132120576,110691840,132120576,,,,,,,,,,
1791470437.1697254,601172,tracking_feedback_accumulate,256,,13263,,,69070848,132120576,110691840,132120576,,,,,,,,2.9152000788599253,,
1791470437.1747255,601172,frontend_frame,256,0,13263,9,8,68208640,132120576,110691840,132120576,,,,,,,,,,
1791470437.526441,601172,tracking_feedback_accumulate,257,,13263,,,72287232,132120576,110693888,132120576,,,,,,,,2.806199947372079,,
1791470437.5314412,601172,frontend_frame,257,0,13263,9,8,65158144,132120576,110693888,132120576,,,,,,,,,,
1791470437.8594704,601172,tracking_feedback_accumulate,258,,13263,,,69072896,132120576,110693888,132120576,,,,,,,,2.812199993059039,,
1791470437.8634706,601172,frontend_frame,258,0,13263,9,8,68210688,132120576,110693888,132120576,,,,,,,,,,
1791470438.1632938,601172,tracking_feedback_accumulate,259,,13263,,,72125440,132120576,110695936,132120576,,,,,,,,2.89639993570745,,
1791470438.1682918,601172,frontend_frame,259,0,13263,9,8,71263232,132120576,110695936,132120576,,,,,,,,,,
1791470438.4869258,601172,tracking_feedback_accumulate,260,,13263,,,62808064,132120576,110695936,132120576,,,,,,,,2.932199975475669,,
1791470438.4929256,601172,frontend_frame,260,0,13263,9,8,61945856,104857600,110695936,132120576,,,,,,,,,,
1791470438.837542,601172,tracking_feedback_accumulate,261,,13263,,,65860608,125829120,110695936,132120576,,,,,,,,2.7908000629395247,,
1791470438.8425422,601172,frontend_frame,261,0,13263,9,8,64998400,125829120,110695936,132120576,,,,,,,,,,
1791470439.1697483,601172,tracking_feedback_accumulate,262,,13263,,,69158912,127926272,110695936,132120576,,,,,,,,2.74379993788898,,
1791470439.1747484,601172,frontend_frame,262,0,13263,9,8,62029824,127926272,110695936,132120576,,,,,,,,,,
1791470439.5094857,601172,tracking_feedback_accumulate,263,,13263,,,65944576,127926272,110695936,132120576,,,,,,,,2.8429999947547913,,
1791470439.51399,601172,frontend_frame,263,0,13263,9,8,65082368,127926272,110695936,132120576,,,,,,,,,,
1791470439.8810294,601172,tracking_feedback_accumulate,264,,13263,,,68997120,127926272,110695936,132120576,,,,,,,,2.855400089174509,,
1791470439.8850281,601172,frontend_frame,264,0,13263,9,8,68134912,127926272,110695936,132120576,,,,,,,,,,
1791470440.2196746,601172,tracking_feedback_accumulate,265,,13263,,,62813184,127926272,110695936,132120576,,,,,,,,2.8365999460220337,,
1791470440.2246747,601172,frontend_frame,265,0,13263,9,8,61950976,127926272,110695936,132120576,,,,,,,,,,
1791470440.5625775,601172,tracking_feedback_accumulate,266,,13263,,,66029568,127926272,110695936,132120576,,,,,,,,2.838500076904893,,
1791470440.5665774,601172,frontend_frame,266,0,13263,9,8,65167360,127926272,110695936,132120576,,,,,,,,,,
1791470440.92812,601172,tracking_feedback_accumulate,267,,13263,,,69082112,127926272,110695936,132120576,,,,,,,,2.9168000910431147,,
1791470440.93312,601172,frontend_frame,267,0,13263,9,8,61953024,127926272,110695936,132120576,,,,,,,,,,
1791470441.2558155,601172,tracking_feedback_accumulate,268,,13263,,,66031616,127926272,110695936,132120576,,,,,,,,2.721400000154972,,
1791470441.259815,601172,frontend_frame,268,0,13263,9,8,65169408,127926272,110695936,132120576,,,,,,,,,,
1791470441.523213,601172,tracking_feedback_accumulate,269,,13263,,,69084160,127926272,110695936,132120576,,,,,,,,2.7264999225735664,,
1791470441.527214,601172,frontend_frame,269,0,13263,9,8,68221952,127926272,110695936,132120576,,,,,,,,,,
1791470441.873249,601172,tracking_feedback_accumulate,270,,13263,,,62900224,127926272,110695936,132120576,,,,,,,,2.7258999180048704,,
1791470441.8782487,601172,frontend_frame,270,0,13263,9,8,62038016,83886080,110695936,132120576,,,,,,,,,,
1791470442.2073739,601172,tracking_feedback_accumulate,271,,13263,,,65870848,125829120,110695936,132120576,,,,,,,,2.940000034868717,,
1791470442.2113738,601172,frontend_frame,271,0,13263,9,8,65008640,125829120,110695936,132120576,,,,,,,,,,
1791470442.479047,601172,tracking_feedback_accumulate,272,,13263,,,69087232,127926272,110695936,132120576,,,,,,,,2.8600001242011786,,
1791470442.4840496,601172,frontend_frame,272,0,13263,9,8,61958144,127926272,110695936,132120576,,,,,,,,,,
1791470442.770407,601172,tracking_feedback_accumulate,273,,13263,,,66036736,127926272,110695936,132120576,,,,,,,,2.7281001675873995,,
1791470442.7754068,601172,frontend_frame,273,0,13263,9,8,65174528,127926272,110695936,132120576,,,,,,,,,,
1791470442.9874678,601172,tracking_feedback_accumulate,274,,13263,,,69007360,127926272,110695936,132120576,,,,,,,,2.7651998680084944,,
1791470442.9924676,601172,frontend_frame,274,0,13263,9,8,61878272,127926272,110695936,132120576,,,,,,,,,,
1791470443.2690392,601172,tracking_feedback_accumulate,275,,13263,,,65956864,127926272,110695936,132120576,,,,,,,,2.807500073686242,,
1791470443.2740388,601172,frontend_frame,275,0,13263,9,8,65094656,127926272,110695936,132120576,,,,,,,,,,
1791470443.614797,601172,tracking_feedback_accumulate,276,,13263,,,69173248,127926272,110695936,132120576,,,,,,,,2.7927998453378677,,
1791470443.6197972,601172,frontend_frame,276,0,13263,9,8,68311040,127926272,110695936,132120576,,,,,,,,,,
1791470443.8568163,601172,tracking_feedback_accumulate,277,,13263,,,65876992,127926272,110695936,132120576,,,,,,,,2.7878000400960445,,
1791470443.8618166,601172,frontend_frame,277,0,13263,9,8,65014784,127926272,110695936,132120576,,,,,,,,,,
1791470444.177439,601172,tracking_feedback_accumulate,278,,13263,,,69093376,127926272,110695936,132120576,,,,,,,,2.8896001167595387,,
1791470444.181439,601172,frontend_frame,278,0,13263,9,8,68231168,127926272,110695936,132120576,,,,,,,,,,
1791470444.5024004,601172,tracking_feedback_accumulate,279,,13263,,,72309760,130023424,110716416,132120576,,,,,,,,2.690899884328246,,
1791470444.507976,601172,frontend_frame,279,0,13263,9,8,65180672,130023424,110716416,132120576,,,,,,,,,,
1791470444.8490052,601172,tracking_feedback_accumulate,280,,13263,,,69095424,130023424,110716416,132120576,,,,,,,,2.8685000725090504,,
1791470444.8540041,601172,frontend_frame,280,0,13263,9,8,68233216,106954752,110716416,132120576,,,,,,,,,,
1791470445.1836119,601172,tracking_feedback_accumulate,281,,13263,,,72147968,130023424,110718464,132120576,,,,,,,,2.82990001142025,,
1791470445.188612,601172,frontend_frame,281,0,13263,9,8,71285760,132120576,110718464,132120576,,,,,,,,,,
1791470445.4702108,601172,tracking_feedback_accumulate,282,,13263,,,65964032,132120576,110718464,132120576,,,,,,,,2.7772998437285423,,
1791470445.4752116,601172,frontend_frame,282,0,13263,9,8,65101824,132120576,110718464,132120576,,,,,,,,,,
1791470445.7932768,601172,tracking_feedback_accumulate,283,,13263,,,69016576,132120576,110718464,132120576,,,,,,,,2.7955002151429653,,
1791470445.7972767,601172,frontend_frame,283,0,13263,9,8,68154368,132120576,110718464,132120576,,,,,,,,,,
1791470446.0484793,601172,tracking_feedback_accumulate,284,,13263,,,72232960,132120576,110721536,132120576,,,,,,,,2.8583998791873455,,
1791470446.0534794,601172,frontend_frame,284,0,13263,9,8,65103872,132120576,110721536,132120576,,,,,,,,,,
1791470446.3895144,601172,tracking_feedback_accumulate,285,,13263,,,69182464,132120576,110721536,132120576,,,,,,,,2.8270999900996685,,
1791470446.393514,601172,frontend_frame,285,0,13263,9,8,68320256,132120576,110721536,132120576,,,,,,,,,,
1791470446.7508492,601172,tracking_feedback_accumulate,286,,13263,,,72153088,132120576,110723584,132120576,,,,,,,,2.7886999305337667,,
1791470446.7548494,601172,frontend_frame,286,0,13263,9,8,71290880,132120576,110723584,132120576,,,,,,,,,,
1791470447.0830984,601172,tracking_feedback_accumulate,287,,13263,,,66051072,132120576,110723584,132120576,,,,,,,,2.7446001768112183,,
1791470447.0870986,601172,frontend_frame,287,0,13263,9,8,65188864,132120576,110723584,132120576,,,,,,,,,,
1791470447.4231305,601172,tracking_feedback_accumulate,288,,13263,,,69021696,132120576,110723584,132120576,,,,,,,,2.8400998562574387,,
1791470447.4271302,601172,frontend_frame,288,0,13263,9,8,68159488,132120576,110723584,132120576,,,,,,,,,,
1791470447.7600682,601172,tracking_feedback_accumulate,289,,13263,,,62837760,132120576,110723584,132120576,,,,,,,,2.8297000098973513,,
1791470447.7640681,601172,frontend_frame,289,0,13263,9,8,61975552,132120576,110723584,132120576,,,,,,,,,,
1791470448.1290197,601172,tracking_feedback_accumulate,290,,13263,,,65890304,132120576,110723584,132120576,,,,,,,,3.002600045874715,,
1791470448.1340203,601172,frontend_frame,290,0,13263,9,8,65028096,83886080,110723584,132120576,,,,,,,,,,
1791470448.3663945,601172,tracking_feedback_accumulate,291,,13263,,,69106688,127926272,110723584,132120576,,,,,,,,2.808700082823634,,
1791470448.3713944,601172,frontend_frame,291,0,13263,9,8,61977600,127926272,110723584,132120576,,,,,,,,,,
1791470448.6025984,601172,tracking_feedback_accumulate,292,,13263,,,65892352,127926272,110723584,132120576,,,,,,,,2.881400054320693,,
1791470448.6065984,601172,frontend_frame,292,0,13263,9,8,65030144,127926272,110723584,132120576,,,,,,,,,,
1791470448.9412637,601172,tracking_feedback_accumulate,293,,13263,,,69190656,127926272,110723584,132120576,,,,,,,,2.8050998225808144,,
1791470448.9462638,601172,frontend_frame,293,0,13263,9,8,68328448,127926272,110723584,132120576,,,,,,,,,,
1791470449.290051,601172,tracking_feedback_accumulate,294,,13263,,,62842880,127926272,110723584,132120576,,,,,,,,5.046200007200241,,
1791470449.2950509,601172,frontend_frame,294,0,13263,9,8,61980672,127926272,110723584,132120576,,,,,,,,,,
1791470449.5732288,601172,tracking_feedback_accumulate,295,,13263,,,65895424,127926272,110723584,132120576,,,,,,,,2.827899996191263,,
1791470449.5782287,601172,frontend_frame,295,0,13263,9,8,65033216,127926272,110723584,132120576,,,,,,,,,,
1791470449.863749,601172,tracking_feedback_accumulate,296,,13263,,,69193728,127926272,110723584,132120576,,,,,,,,2.806199947372079,,
1791470449.8687491,601172,frontend_frame,296,0,13263,9,8,62064640,127926272,110723584,132120576,,,,,,,,,,
1791470450.201681,601172,tracking_feedback_accumulate,297,,13263,,,65897472,127926272,110723584,132120576,,,,,,,,3.2005999237298965,,
1791470450.2066813,601172,frontend_frame,297,0,13263,9,8,65035264,127926272,110723584,132120576,,,,,,,,,,
1791470450.4382071,601172,tracking_feedback_accumulate,298,,13263,,,69195776,127926272,110723584,132120576,,,,,,,,2.7550000231713057,,
1791470450.4422064,601172,frontend_frame,298,0,13263,9,8,68333568,127926272,110723584,132120576,,,,,,,,,,
1791470450.7829554,601172,tracking_feedback_accumulate,299,,13263,,,62766080,127926272,110723584,132120576,,,,,,,,2.77039990760386,,
1791470450.7879555,601172,frontend_frame,299,0,13263,9,8,61903872,127926272,110723584,132120576,,,,,,,,,,
1791470451.1185026,601172,tracking_feedback_accumulate,300,,13263,,,65982464,127926272,110723584,132120576,,,,,,,,2.7735999319702387,,
1791470451.123505,601172,frontend_frame,300,0,13263,9,8,65120256,104857600,110723584,132120576,,,,,,,,,,
1791470451.2500112,601172,tracking_feedback_accumulate,301,,13263,,,69035008,127926272,110723584,132120576,,,,,,,,2.754800021648407,,
1791470451.256013,601172,frontend_frame,301,0,13263,9,8,61905920,127926272,110723584,132120576,,,,,,,,,,
1791470451.5932708,601172,tracking_feedback_accumulate,302,,13263,,,65984512,127926272,110723584,132120576,,,,,,,,2.7440001722425222,,
1791470451.598271,601172,frontend_frame,302,0,13263,9,8,65122304,127926272,110723584,132120576,,,,,,,,,,
1791470451.9253712,601172,tracking_feedback_accumulate,303,,13263,,,69200896,127926272,110723584,132120576,,,,,,,,2.771599916741252,,
1791470451.930371,601172,frontend_frame,303,0,13263,9,8,62071808,127926272,110723584,132120576,,,,,,,,,,
1791470452.2755017,601172,tracking_feedback_accumulate,304,,13263,,,65986560,127926272,110723584,132120576,,,,,,,,2.9114000499248505,,
1791470452.2805068,601172,frontend_frame,304,0,13263,9,8,65124352,127926272,110723584,132120576,,,,,,,,,,
1791470452.5432355,601172,tracking_feedback_accumulate,305,,13263,,,69202944,127926272,110723584,132120576,,,,,,,,2.886699978262186,,
1791470452.5472353,601172,frontend_frame,305,0,13263,9,8,68340736,127926272,110723584,132120576,,,,,,,,,,
1791470452.9192657,601172,tracking_feedback_accumulate,306,,13263,,,65906688,127926272,110723584,132120576,,,,,,,,2.775500062853098,,
1791470452.9232683,601172,frontend_frame,306,0,13263,9,8,65044480,127926272,110723584,132120576,,,,,,,,,,
1791470453.1905715,601172,tracking_feedback_accumulate,307,,13263,,,69123072,127926272,110723584,132120576,,,,,,,,2.8603998944163322,,
1791470453.1955714,601172,frontend_frame,307,0,13263,9,8,68260864,127926272,110723584,132120576,,,,,,,,,,
1791470453.5347118,601172,tracking_feedback_accumulate,308,,13263,,,72339456,130023424,110746112,132120576,,,,,,,,2.836399944499135,,
1791470453.5397108,601172,frontend_frame,308,0,13263,9,8,65210368,130023424,110746112,132120576,,,,,,,,,,
1791470453.8657372,601172,tracking_feedback_accumulate,309,,13263,,,69125120,130023424,110746112,132120576,,,,,,,,2.931899856775999,,
1791470453.869737,601172,frontend_frame,309,0,13263,9,8,68262912,130023424,110746112,132120576,,,,,,,,,,
1791470454.0379224,601172,tracking_feedback_accumulate,310,,13263,,,72341504,130023424,110748160,132120576,,,,,,,,2.9279000591486692,,
1791470454.0439217,601172,frontend_frame,310,0,13263,9,8,71479296,88080384,110748160,132120576,,,,,,,,,,
1791470454.312441,601172,tracking_feedback_accumulate,311,,13263,,,65993728,130023424,110748160,132120576,,,,,,,,2.7231001295149326,,
1791470454.316441,601172,frontend_frame,311,0,13263,9,8,65131520,130023424,110748160,132120576,,,,,,,,,,
1791470454.6341166,601172,tracking_feedback_accumulate,312,,13263,,,69046272,130023424,110748160,132120576,,,,,,,,2.9325000941753387,,
1791470454.6401165,601172,frontend_frame,312,0,13263,9,8,68184064,130023424,110748160,132120576,,,,,,,,,,
1791470454.924637,601172,tracking_feedback_accumulate,313,,13263,,,72344576,130023424,110751232,132120576,,,,,,,,2.745700068771839,,
1791470454.9296372,601172,frontend_frame,313,0,13263,9,8,65215488,130023424,110751232,132120576,,,,,,,,,,
1791470455.1772614,601172,tracking_feedback_accumulate,314,,13263,,,69048320,130023424,110751232,132120576,,,,,,,,2.7740001678466797,,
1791470455.1822615,601172,frontend_frame,314,0,13263,9,8,68186112,130023424,110751232,132120576,,,,,,,,,,
1791470455.565437,601172,tracking_feedback_accumulate,315,,13263,,,72346624,130023424,110753280,132120576,,,,,,,,2.799500012770295,,
1791470455.5704372,601172,frontend_frame,315,0,13263,9,8,71484416,132120576,110753280,132120576,,,,,,,,,,
1791470455.890962,601172,tracking_feedback_accumulate,316,,13263,,,65998848,132120576,110753280,132120576,,,,,,,,2.785900142043829,,
1791470455.8949618,601172,frontend_frame,316,0,13263,9,8,65136640,132120576,110753280,132120576,,,,,,,,,,
1791470456.1895628,601172,tracking_feedback_accumulate,317,,13263,,,69051392,132120576,110753280,132120576,,,,,,,,3.3684999216347933,,
1791470456.194563,601172,frontend_frame,317,0,13263,9,8,68189184,132120576,110753280,132120576,,,,,,,,,,
1791470456.5282366,601172,tracking_feedback_accumulate,318,,13263,,,72267776,132120576,110756352,132120576,,,,,,,,2.833699807524681,,
1791470456.5332365,601172,frontend_frame,318,0,13263,9,8,62005248,132120576,110756352,132120576,,,,,,,,,,
1791470456.8763313,601172,tracking_feedback_accumulate,319,,13263,,,66083840,132120576,110756352,132120576,,,,,,,,2.777799963951111,,
1791470456.8813312,601172,frontend_frame,319,0,13263,9,8,65221632,132120576,110756352,132120576,,,,,,,,,,
1791470457.269446,601172,tracking_feedback_accumulate,320,,13263,,,69136384,132120576,110756352,132120576,,,,,,,,2.8876999858766794,,
1791470457.2754462,601172,frontend_frame,320,0,13263,9,8,62007296,104857600,110756352,132120576,,,,,,,,,,
1791470457.6262164,601172,tracking_feedback_accumulate,321,,13263,,,66085888,125829120,110756352,132120576,,,,,,,,2.8136998880654573,,
1791470457.6302164,601172,frontend_frame,321,0,13263,9,8,65223680,125829120,110756352,132120576,,,,,,,,,,
1791470457.9495842,601172,tracking_feedback_accumulate,322,,13263,,,69056512,127926272,110756352,132120576,,,,,,,,2.969699911773205,,
1791470457.9545887,601172,frontend_frame,322,0,13263,9,8,68194304,127926272,110756352,132120576,,,,,,,,,,
1791470458.2822986,601172,tracking_feedback_accumulate,323,,13263,,,66087936,127926272,110756352,132120576,,,,,,,,2.6559000834822655,,
1791470458.2873,601172,frontend_frame,323,0,13263,9,8,65225728,127926272,110756352,132120576,,,,,,,,,,
1791470458.6344361,601172,tracking_feedback_accumulate,324,,13263,,,69058560,127926272,110756352,132120576,,,,,,,,2.879000036045909,,
1791470458.639436,601172,frontend_frame,324,0,13263,9,8,68196352,127926272,110756352,132120576,,,,,,,,,,
1791470458.9685063,601172,tracking_feedback_accumulate,325,,13263,,,72356864,130023424,110763520,132120576,,,,,,,,2.781899878755212,,
1791470458.9735093,601172,frontend_frame,325,0,13263,9,8,65227776,130023424,110763520,132120576,,,,,,,,,,
1791470459.2575734,601172,tracking_feedback_accumulate,326,,13263,,,69060608,130023424,110763520,132120576,,,,,,,,2.786400029435754,,
1791470459.2625732,601172,frontend_frame,326,0,13263,9,8,68198400,130023424,110763520,132120576,,,,,,,,,,
1791470459.5952182,601172,tracking_feedback_accumulate,327,,13263,,,72276992,130023424,110765568,132120576,,,,,,,,2.8693999629467726,,
1791470459.5992181,601172,frontend_frame,327,0,13263,9,8,71414784,132120576,110765568,132120576,,,,,,,,,,
1791470459.8567383,601172,tracking_feedback_accumulate,328,,13263,,,65929216,132120576,110765568,132120576,,,,,,,,2.7417000383138657,,
1791470459.8617384,601172,frontend_frame,328,0,13263,9,8,65067008,132120576,110765568,132120576,,,,,,,,,,
1791470460.238328,601172,tracking_feedback_accumulate,329,,13263,,,69227520,132120576,110765568,132120576,,,,,,,,2.778199966996908,,
1791470460.2433293,601172,frontend_frame,329,0,13263,9,8,68365312,132120576,110765568,132120576,,,,,,,,,,
1791470460.481387,601172,tracking_feedback_accumulate,330,,13263,,,72198144,132120576,110768640,132120576,,,,,,,,2.8204999398440123,,
1791470460.4863868,601172,frontend_frame,330,0,13263,9,8,65069056,85983232,110768640,132120576,,,,,,,,,,
1791470460.8290365,601172,tracking_feedback_accumulate,331,,13263,,,69229568,127926272,110768640,132120576,,,,,,,,2.7354999911040068,,
1791470460.8340366,601172,frontend_frame,331,0,13263,9,8,68367360,127926272,110768640,132120576,,,,,,,,,,
1791470461.1456835,601172,tracking_feedback_accumulate,332,,13263,,,72200192,130023424,110770688,132120576,,,,,,,,2.9815000016242266,,
1791470461.1506839,601172,frontend_frame,332,0,13263,9,8,71337984,132120576,110770688,132120576,,,,,,,,,,
1791470461.436206,601172,tracking_feedback_accumulate,333,,13263,,,66016256,132120576,110770688,132120576,,,,,,,,2.7880999259650707,,
1791470461.4412076,601172,frontend_frame,333,0,13263,9,8,65154048,132120576,110770688,132120576,,,,,,,,,,
1791470461.7714038,601172,tracking_feedback_accumulate,334,,13263,,,69068800,132120576,110770688,132120576,,,,,,,,2.8999000787734985,,
1791470461.7764056,601172,frontend_frame,334,0,13263,9,8,68206592,132120576,110770688,132120576,,,,,,,,,,
1791470462.094769,601172,tracking_feedback_accumulate,335,,13263,,,72285184,132120576,110773760,132120576,,,,,,,,2.7928000781685114,,
1791470462.0997689,601172,frontend_frame,335,0,13263,9,8,65156096,132120576,110773760,132120576,,,,,,,,,,
1791470462.4783123,601172,tracking_feedback_accumulate,336,,13263,,,69234688,132120576,110773760,132120576,,,,,,,,2.920099999755621,,
1791470462.4823139,601172,frontend_frame,336,0,13263,9,8,68372480,132120576,110773760,132120576,,,,,,,,,,
1791470462.8049705,601172,tracking_feedback_accumulate,337,,13263,,,72205312,132120576,110775808,132120576,,,,,,,,2.682900056242943,,
1791470462.809973,601172,frontend_frame,337,0,13263,9,8,65076224,132120576,110775808,132120576,,,,,,,,,,
1791470463.1856172,601172,tracking_feedback_accumulate,338,,13263,,,69236736,132120576,110775808,132120576,,,,,,,,2.969900146126747,,
1791470463.189617,601172,frontend_frame,338,0,13263,9,8,68374528,132120576,110775808,132120576,,,,,,,,,,
1791470463.5152247,601172,tracking_feedback_accumulate,339,,13263,,,72207360,132120576,110777856,132120576,,,,,,,,3.1632999889552593,,
1791470463.5202246,601172,frontend_frame,339,0,13263,9,8,71345152,132120576,110777856,132120576,,,,,,,,,,
1791470463.795812,601172,tracking_feedback_accumulate,340,,13263,,,69156864,132120576,110777856,132120576,,,,,,,,2.8580999933183193,,
1791470463.8008118,601172,frontend_frame,340,0,13263,9,8,68294656,109051904,110777856,132120576,,,,,,,,,,
1791470464.028367,601172,tracking_feedback_accumulate,341,,13263,,,72373248,132120576,110779904,132120576,,,,,,,,2.844299888238311,,
1791470464.0324097,601172,frontend_frame,341,0,13263,9,8,71511040,132120576,110779904,132120576,,,,,,,,,,
1791470464.3324337,601172,tracking_feedback_accumulate,342,,13263,,,75425792,134217728,113914368,134217728,,,,,,,,3.2140000257641077,,
1791470464.3374336,601172,frontend_frame,342,0,13263,9,8,68296704,134217728,113914368,134217728,,,,,,,,,,
1791470464.685715,601172,tracking_feedback_accumulate,343,,13263,,,72375296,134217728,113914368,134217728,,,,,,,,2.7414001524448395,,
1791470464.6907148,601172,frontend_frame,343,0,13263,9,8,71513088,134217728,113914368,134217728,,,,,,,,,,
1791470465.0082994,601172,tracking_feedback_accumulate,344,,13263,,,75345920,134217728,113916416,134217728,,,,,,,,3.0939001590013504,,
1791470465.0608432,601172,frontend_frame,344,0,13263,10,8,78479360,134217728,113916416,134217728,,,,,,,,,,
1791470475.2274811,601172,tracking_feedback_accumulate,345,,13529,,,73261056,134217728,113916416,134217728,,,,,,,,2.646300010383129,,
1791470475.231481,601172,frontend_frame,345,0,13529,10,8,72466944,134217728,113916416,134217728,,,,,,,,,,
1791470475.575072,601172,tracking_feedback_accumulate,346,,13529,,,76381696,134217728,114961920,134217728,,,,,,,,2.8705999720841646,,
1791470475.5790718,601172,frontend_frame,346,0,13529,10,8,75586048,134217728,114961920,134217728,,,,,,,,,,
1791470475.9327314,601172,tracking_feedback_accumulate,347,,13529,,,66997760,134217728,114961920,134217728,,,,,,,,2.912400057539344,,
1791470475.9372354,601172,frontend_frame,347,0,13529,10,8,66202112,134217728,114961920,134217728,,,,,,,,,,
1791470476.2808216,601172,tracking_feedback_accumulate,348,,13529,,,70034944,134217728,114961920,134217728,,,,,,,,2.8228999581187963,,
1791470476.2868216,601172,frontend_frame,348,0,13529,10,8,69239296,134217728,114961920,134217728,,,,,,,,,,
1791470476.6384327,601172,tracking_feedback_accumulate,349,,13529,,,73317888,134217728,114961920,134217728,,,,,,,,2.852899953722954,,
1791470476.6434326,601172,frontend_frame,349,0,13529,10,8,66122752,134217728,114961920,134217728,,,,,,,,,,
1791470476.997133,601172,tracking_feedback_accumulate,350,,13529,,,70201344,134217728,114961920,134217728,,,,,,,,2.7697000186890364,,
1791470477.002133,601172,frontend_frame,350,0,13529,10,8,69405696,88080384,114961920,134217728,,,,,,,,,,
1791470477.363679,601172,tracking_feedback_accumulate,351,,13529,,,73238528,130023424,114961920,134217728,,,,,,,,2.7897998224943876,,
1791470477.3676789,601172,frontend_frame,351,0,13529,10,8,72442880,130023424,114961920,134217728,,,,,,,,,,
1791470477.751966,601172,tracking_feedback_accumulate,352,,13529,,,66921472,130023424,114961920,134217728,,,,,,,,2.8542999643832445,,
1791470477.7569659,601172,frontend_frame,352,0,13529,10,8,66125824,130023424,114961920,134217728,,,,,,,,,,
1791470477.997206,601172,tracking_feedback_accumulate,353,,13529,,,70040576,130023424,114961920,134217728,,,,,,,,2.7048999909311533,,
1791470478.002207,601172,frontend_frame,353,0,13529,10,8,69244928,130023424,114961920,134217728,,,,,,,,,,
1791470478.4292612,601172,tracking_feedback_accumulate,354,,13529,,,73323520,130023424,114961920,134217728,,,,,,,,2.826400101184845,,
1791470478.4342616,601172,frontend_frame,354,0,13529,10,8,66127872,130023424,114961920,134217728,,,,,,,,,,
1791470478.8014414,601172,tracking_feedback_accumulate,355,,13529,,,70042624,130023424,114961920,134217728,,,,,,,,2.8038001619279385,,
1791470478.8064415,601172,frontend_frame,355,0,13529,10,8,69246976,130023424,114961920,134217728,,,,,,,,,,
1791470479.068057,601172,tracking_feedback_accumulate,356,,13529,,,73407488,130023424,114961920,134217728,,,,,,,,2.7906999457627535,,
1791470479.072057,601172,frontend_frame,356,0,13529,10,8,72611840,130023424,114961920,134217728,,,,,,,,,,
1791470479.3695793,601172,tracking_feedback_accumulate,357,,13529,,,66926592,130023424,114961920,134217728,,,,,,,,2.874300116673112,,
1791470479.3735793,601172,frontend_frame,357,0,13529,10,8,66130944,130023424,114961920,134217728,,,,,,,,,,
1791470479.7443373,601172,tracking_feedback_accumulate,358,,13529,,,70209536,130023424,114961920,134217728,,,,,,,,3.1000999733805656,,
1791470479.7483375,601172,frontend_frame,358,0,13529,10,8,69413888,130023424,114961920,134217728,,,,,,,,,,
1791470480.0984304,601172,tracking_feedback_accumulate,359,,13529,,,66928640,130023424,114961920,134217728,,,,,,,,2.9186999890953302,,
1791470480.10243,601172,frontend_frame,359,0,13529,10,8,66132992,130023424,114961920,134217728,,,,,,,,,,
1791470480.476968,601172,tracking_feedback_accumulate,360,,13529,,,70047744,130023424,114961920,134217728,,,,,,,,2.9148999601602554,,
1791470480.4819689,601172,frontend_frame,360,0,13529,10,8,69252096,88080384,114961920,134217728,,,,,,,,,,
1791470480.8562071,601172,tracking_feedback_accumulate,361,,13529,,,73412608,130023424,114961920,134217728,,,,,,,,2.841399982571602,,
1791470480.861207,601172,frontend_frame,361,0,13529,10,8,66216960,130023424,114961920,134217728,,,,,,,,,,
1791470481.1153362,601172,tracking_feedback_accumulate,362,,13529,,,70049792,130023424,114961920,134217728,,,,,,,,2.8515998274087906,,
1791470481.120335,601172,frontend_frame,362,0,13529,10,8,69254144,130023424,114961920,134217728,,,,,,,,,,
1791470481.4474995,601172,tracking_feedback_accumulate,363,,13529,,,73332736,130023424,114961920,134217728,,,,,,,,2.846300136297941,,
1791470481.4524996,601172,frontend_frame,363,0,13529,10,8,72537088,130023424,114961920,134217728,,,,,,,,,,
1791470481.665132,601172,tracking_feedback_accumulate,364,,13529,,,66851840,130023424,114961920,134217728,,,,,,,,2.8902001213282347,,
1791470481.669131,601172,frontend_frame,364,0,13529,10,8,66056192,130023424,114961920,134217728,,,,,,,,,,
1791470481.9184952,601172,tracking_feedback_accumulate,365,,13529,,,70134784,130023424,114961920,134217728,,,,,,,,2.8867998626083136,,
1791470481.9224956,601172,frontend_frame,365,0,13529,10,8,69339136,130023424,114961920,134217728,,,,,,,,,,
1791470482.2981856,601172,tracking_feedback_accumulate,366,,13529,,,73253888,130023424,114961920,134217728,,,,,,,,2.7850999031215906,,
1791470482.303186,601172,frontend_frame,366,0,13529,10,8,66058240,130023424,114961920,134217728,,,,,,,,,,
1791470482.5759585,601172,tracking_feedback_accumulate,367,,13529,,,70218752,130023424,114961920,134217728,,,,,,,,2.8474999126046896,,
1791470482.5809581,601172,frontend_frame,367,0,13529,10,8,69423104,130023424,114961920,134217728,,,,,,,,,,
1791470482.8485956,601172,tracking_feedback_accumulate,368,,13529,,,73255936,130023424,114961920,134217728,,,,,,,,2.800599904730916,,
1791470482.8525958,601172,frontend_frame,368,0,13529,10,8,72460288,130023424,114961920,134217728,,,,,,,,,,
1791470483.1933193,601172,tracking_feedback_accumulate,369,,13529,,,66938880,130023424,114961920,134217728,,,,,,,,2.8686998412013054,,
1791470483.1973195,601172,frontend_frame,369,0,13529,10,8,66143232,130023424,114961920,134217728,,,,,,,,,,
1791470483.5194447,601172,tracking_feedback_accumulate,370,,13529,,,70057984,130023424,114961920,134217728,,,,,,,,2.7966999914497137,,
1791470483.5244436,601172,frontend_frame,370,0,13529,10,8,69262336,88080384,114961920,134217728,,,,,,,,,,
1791470483.8550453,601172,tracking_feedback_accumulate,371,,13529,,,73340928,130023424,114961920,134217728,,,,,,,,3.2557998783886433,,
1791470483.8600457,601172,frontend_frame,371,0,13529,10,8,66145280,130023424,114961920,134217728,,,,,,,,,,
1791470484.1436667,601172,tracking_feedback_accumulate,372,,13529,,,70060032,130023424,114961920,134217728,,,,,,,,2.884599845856428,,
1791470484.1486669,601172,frontend_frame,372,0,13529,10,8,69264384,130023424,114961920,134217728,,,,,,,,,,
1791470484.4640303,601172,tracking_feedback_accumulate,373,,13529,,,73342976,130023424,114961920,134217728,,,,,,,,2.8242000844329596,,
1791470484.514062,601172,frontend_frame,373,0,13529,11,8,70142976,130023424,114961920,134217728,,,,,,,,,,
1791470494.592825,601172,tracking_feedback_accumulate,374,,14004,,,74091520,130023424,114961920,134217728,,,,,,,,2.829499775543809,,
1791470494.5978248,601172,frontend_frame,374,0,14004,11,8,73411584,130023424,114961920,134217728,,,,,,,,,,
1791470494.885446,601172,tracking_feedback_accumulate,375,,14004,,,77490176,130023424,117281792,134217728,,,,,,,,2.8494999278336763,,
1791470494.8894475,601172,frontend_frame,375,0,14004,11,8,76807168,130023424,117281792,134217728,,,,,,,,,,
1791470495.2052948,601172,tracking_feedback_accumulate,376,,14004,,,70896640,130023424,117281792,134217728,,,,,,,,2.9215000104159117,,
1791470495.2092948,601172,frontend_frame,376,0,14004,11,8,70213632,130023424,117281792,134217728,,,,,,,,,,
1791470495.4728146,601172,tracking_feedback_accumulate,377,,14004,,,74292224,130023424,117281792,134217728,,,,,,,,2.877300139516592,,
1791470495.4768145,601172,frontend_frame,377,0,14004,11,8,73609216,130023424,117281792,134217728,,,,,,,,,,
1791470495.7429156,601172,tracking_feedback_accumulate,378,,14004,,,77687808,130023424,117397504,134217728,,,,,,,,2.8731999918818474,,
1791470495.7479155,601172,frontend_frame,378,0,14004,11,8,70380032,130023424,117397504,134217728,,,,,,,,,,
1791470496.126186,601172,tracking_feedback_accumulate,379,,14004,,,74212864,130023424,117397504,134217728,,,,,,,,3.2960001844912767,,
1791470496.1311846,601172,frontend_frame,379,0,14004,11,8,73529856,130023424,117397504,134217728,,,,,,,,,,
1791470496.5078108,601172,tracking_feedback_accumulate,380,,14004,,,77690368,130023424,117400064,134217728,,,,,,,,2.86649982444942,,
1791470496.5148106,601172,frontend_frame,380,0,14004,11,8,70382080,109051904,117400064,134217728,,,,,,,,,,
1791470496.8929887,601172,tracking_feedback_accumulate,381,,14004,,,74296832,130023424,117400064,134217728,,,,,,,,2.8152000159025192,,
1791470496.89799,601172,frontend_frame,381,0,14004,11,8,73613824,130023424,117400064,134217728,,,,,,,,,,
1791470497.2071495,601172,tracking_feedback_accumulate,382,,14004,,,77528576,130023424,117402112,134217728,,,,,,,,3.0578000005334616,,
1791470497.2121496,601172,frontend_frame,382,0,14004,11,8,76845568,130023424,117402112,134217728,,,,,,,,,,
1791470497.5552576,601172,tracking_feedback_accumulate,383,,14004,,,74298880,130023424,117402112,134217728,,,,,,,,2.8178999200463295,,
1791470497.5602574,601172,frontend_frame,383,0,14004,11,8,73615872,130023424,117402112,134217728,,,,,,,,,,
1791470497.8613534,601172,tracking_feedback_accumulate,384,,14004,,,77694464,130023424,117404160,134217728,,,,,,,,3.165799891576171,,
1791470497.8663542,601172,frontend_frame,384,0,14004,11,8,77011456,130023424,117404160,134217728,,,,,,,,,,
1791470498.2102847,601172,tracking_feedback_accumulate,385,,14004,,,80926208,132120576,120717824,134217728,,,,,,,,2.9648998752236366,,
1791470498.2152846,601172,frontend_frame,385,0,14004,11,8,73617920,132120576,120717824,134217728,,,,,,,,,,
1791470498.6172273,601172,tracking_feedback_accumulate,386,,14004,,,77532672,132120576,120717824,134217728,,,,,,,,2.8526000678539276,,
1791470498.6222265,601172,frontend_frame,386,0,14004,11,8,76849664,132120576,120717824,134217728,,,,,,,,,,
1791470499.0019596,601172,tracking_feedback_accumulate,387,,14004,,,81010176,132120576,120719872,134217728,,,,,,,,2.9066000133752823,,
1791470499.0059597,601172,frontend_frame,387,0,14004,11,8,80327168,134217728,120719872,134217728,,,,,,,,,,
1791470499.3650815,601172,tracking_feedback_accumulate,388,,14004,,,74222080,134217728,120719872,134217728,,,,,,,,2.8694998472929,,
1791470499.370082,601172,frontend_frame,388,0,14004,11,8,73539072,134217728,120719872,134217728,,,,,,,,,,
1791470499.71967,601172,tracking_feedback_accumulate,389,,14004,,,77699584,134217728,120719872,134217728,,,,,,,,2.8827001806348562,,
1791470499.7236695,601172,frontend_frame,389,0,14004,11,8,77016576,134217728,120719872,134217728,,,,,,,,,,
1791470500.1138997,601172,tracking_feedback_accumulate,390,,14004,,,80849408,134217728,120722944,134217728,,,,,,,,2.7994001284241676,,
1791470500.1199,601172,frontend_frame,390,0,14004,11,8,73541120,109051904,120722944,134217728,,,,,,,,,,
1791470500.4914467,601172,tracking_feedback_accumulate,391,,14004,,,77619712,130023424,120722944,134217728,,,,,,,,2.850700169801712,,
1791470500.4959486,601172,frontend_frame,391,0,14004,11,8,76936704,130023424,120722944,134217728,,,,,,,,,,
1791470500.812014,601172,tracking_feedback_accumulate,392,,14004,,,81015296,132120576,120724992,134217728,,,,,,,,3.0082000885158777,,
1791470500.8160143,601172,frontend_frame,392,0,14004,11,8,80332288,134217728,120724992,134217728,,,,,,,,,,
1791470501.1812341,601172,tracking_feedback_accumulate,393,,14004,,,74309120,134217728,120724992,134217728,,,,,,,,2.7791999746114016,,
1791470501.186234,601172,frontend_frame,393,0,14004,11,8,73626112,134217728,120724992,134217728,,,,,,,,,,
1791470501.5629349,601172,tracking_feedback_accumulate,394,,14004,,,77540864,134217728,120724992,134217728,,,,,,,,2.845100127160549,,
1791470501.5679348,601172,frontend_frame,394,0,14004,11,8,76857856,134217728,120724992,134217728,,,,,,,,,,
1791470501.9021533,601172,tracking_feedback_accumulate,395,,14004,,,80936448,134217728,120728064,134217728,,,,,,,,2.7719999197870493,,
1791470501.907153,601172,frontend_frame,395,0,14004,11,8,73628160,134217728,120728064,134217728,,,,,,,,,,
1791470502.2543368,601172,tracking_feedback_accumulate,396,,14004,,,77542912,134217728,120728064,134217728,,,,,,,,2.9196999967098236,,
1791470502.2593393,601172,frontend_frame,396,0,14004,11,8,76859904,134217728,120728064,134217728,,,,,,,,,,
1791470502.6216516,601172,tracking_feedback_accumulate,397,,14004,,,80938496,134217728,120730112,134217728,,,,,,,,2.9771998524665833,,
1791470502.626652,601172,frontend_frame,397,0,14004,11,8,73630208,134217728,120730112,134217728,,,,,,,,,,
1791470502.9856129,601172,tracking_feedback_accumulate,398,,14004,,,77708800,134217728,120730112,134217728,,,,,,,,2.9187998734414577,,
1791470502.9906127,601172,frontend_frame,398,0,14004,11,8,77025792,134217728,120730112,134217728,,,,,,,,,,
1791470503.3863099,601172,tracking_feedback_accumulate,399,,14004,,,80858624,134217728,120732160,134217728,,,,,,,,2.93230009265244,,
1791470503.3913097,601172,frontend_frame,399,0,14004,11,8,80175616,134217728,120732160,134217728,,,,,,,,,,
1791470503.687871,601172,tracking_feedback_accumulate,400,,14004,,,77628928,134217728,120732160,134217728,,,,,,,,2.867799950763583,,
1791470503.6928709,601172,frontend_frame,400,0,14004,11,8,76945920,111149056,120732160,134217728,,,,,,,,,,
1791470504.067122,601172,tracking_feedback_accumulate,401,,14004,,,81024512,134217728,120734208,134217728,,,,,,,,2.8491001576185226,,
1791470504.1156332,601172,frontend_frame,401,0,14004,12,8,84337152,134217728,120734208,134217728,,,,,,,,,,
1791470514.4088464,601172,tracking_feedback_accumulate,402,,14778,,,88222208,136314880,127927808,136314880,,,,,,,,3.183299908414483,,
1791470514.414847,601172,frontend_frame,402,0,14778,12,8,81100800,136314880,127927808,136314880,,,,,,,,,,
1791470514.7461002,601172,tracking_feedback_accumulate,403,,14778,,,85261312,136314880,127927808,136314880,,,,,,,,2.869199961423874,,
1791470514.750102,601172,frontend_frame,403,0,14778,12,8,84759552,136314880,127927808,136314880,,,,,,,,,,
1791470515.1228333,601172,tracking_feedback_accumulate,404,,14778,,,88592384,138412032,128343552,138412032,,,,,,,,2.879499923437834,,
1791470515.1278331,601172,frontend_frame,404,0,14778,12,8,74477568,138412032,128343552,138412032,,,,,,,,,,
1791470515.5144148,601172,tracking_feedback_accumulate,405,,14778,,,78556160,138412032,128343552,138412032,,,,,,,,3.3108999487012625,,
1791470515.5184145,601172,frontend_frame,405,0,14778,12,8,78054400,138412032,128343552,138412032,,,,,,,,,,
1791470515.9134433,601172,tracking_feedback_accumulate,406,,14778,,,82132992,159383552,128343552,159383552,,,,,,,,2.921300008893013,,
1791470515.9184434,601172,frontend_frame,406,0,14778,12,8,81631744,159383552,128343552,159383552,,,,,,,,,,
1791470516.3407922,601172,tracking_feedback_accumulate,407,,14778,,,78476800,159383552,128343552,159383552,,,,,,,,3.172599943354726,,
1791470516.345792,601172,frontend_frame,407,0,14778,12,8,77975040,159383552,128343552,159383552,,,,,,,,,,
1791470516.711911,601172,tracking_feedback_accumulate,408,,14778,,,82135552,159383552,128343552,159383552,,,,,,,,2.936700126156211,,
1791470516.7169108,601172,frontend_frame,408,0,14778,12,8,81633792,159383552,128343552,159383552,,,,,,,,,,
1791470517.0316947,601172,tracking_feedback_accumulate,409,,14778,,,85466624,159383552,128343552,159383552,,,,,,,,2.889700001105666,,
1791470517.0366945,601172,frontend_frame,409,0,14778,12,8,77977088,159383552,128343552,159383552,,,,,,,,,,
1791470517.3752694,601172,tracking_feedback_accumulate,410,,14778,,,82055680,159383552,128343552,159383552,,,,,,,,2.867399947717786,,
1791470517.3812692,601172,frontend_frame,410,0,14778,12,8,81553920,113246208,128343552,159383552,,,,,,,,,,
1791470517.7323527,601172,tracking_feedback_accumulate,411,,14778,,,85632512,155189248,128343552,159383552,,,,,,,,2.67999991774559,,
1791470517.7373533,601172,frontend_frame,411,0,14778,12,8,85130752,157286400,128343552,159383552,,,,,,,,,,
1791470517.9825115,601172,tracking_feedback_accumulate,412,,14778,,,78481920,157286400,128343552,159383552,,,,,,,,3.028400009498,,
1791470517.9875107,601172,frontend_frame,412,0,14778,12,8,77980160,157286400,128343552,159383552,,,,,,,,,,
1791470518.2609158,601172,tracking_feedback_accumulate,413,,14778,,,82140672,157286400,128343552,159383552,,,,,,,,3.04899993352592,,
1791470518.265419,601172,frontend_frame,413,0,14778,12,8,81638912,157286400,128343552,159383552,,,,,,,,,,
1791470518.6389947,601172,tracking_feedback_accumulate,414,,14778,,,85471744,157286400,128343552,159383552,,,,,,,,2.811300102621317,,
1791470518.6439948,601172,frontend_frame,414,0,14778,12,8,77982208,157286400,128343552,159383552,,,,,,,,,,
1791470519.0331118,601172,tracking_feedback_accumulate,415,,14778,,,82142720,157286400,128343552,159383552,,,,,,,,2.8293998911976814,,
1791470519.038112,601172,frontend_frame,415,0,14778,12,8,81640960,157286400,128343552,159383552,,,,,,,,,,
1791470519.4136617,601172,tracking_feedback_accumulate,416,,14778,,,85473792,157286400,128343552,159383552,,,,,,,,3.1769999768584967,,
1791470519.4186616,601172,frontend_frame,416,0,14778,12,8,84972032,157286400,128343552,159383552,,,,,,,,,,
1791470519.8437335,601172,tracking_feedback_accumulate,417,,14778,,,78650880,157286400,128343552,159383552,,,,,,,,2.9474999755620956,,
1791470519.8487325,601172,frontend_frame,417,0,14778,12,8,78149120,157286400,128343552,159383552,,,,,,,,,,
1791470520.2425325,601172,tracking_feedback_accumulate,418,,14778,,,81981952,157286400,128343552,159383552,,,,,,,,2.8012001421302557,,
1791470520.2465324,601172,frontend_frame,418,0,14778,12,8,81480192,157286400,128343552,159383552,,,,,,,,,,
1791470520.6224911,601172,tracking_feedback_accumulate,419,,14778,,,85640704,157286400,128343552,159383552,,,,,,,,2.9086999129503965,,
1791470520.627491,601172,frontend_frame,419,0,14778,12,8,78151168,157286400,128343552,159383552,,,,,,,,,,
1791470521.02322,601172,tracking_feedback_accumulate,420,,14778,,,81984000,157286400,128343552,159383552,,,,,,,,2.657799981534481,,
1791470521.0727754,601172,frontend_frame,420,0,14778,13,8,85477888,157286400,128343552,159383552,,,,,,,,,,
1791470531.2899728,601172,tracking_feedback_accumulate,421,,15396,,,89598976,157286400,129487360,159383552,,,,,,,,2.7540000155568123,,
1791470531.294973,601172,frontend_frame,421,0,15396,13,8,82258944,157286400,129487360,159383552,,,,,,,,,,
1791470531.6400695,601172,tracking_feedback_accumulate,422,,15396,,,86173696,157286400,129487360,159383552,,,,,,,,2.8357000555843115,,
1791470531.6450696,601172,frontend_frame,422,0,15396,13,8,85816832,157286400,129487360,159383552,,,,,,,,,,
1791470531.9461687,601172,tracking_feedback_accumulate,423,,15396,,,89977344,157286400,129820672,159383552,,,,,,,,2.879299921914935,,
1791470531.9511693,601172,frontend_frame,423,0,15396,13,8,89620480,157286400,129820672,159383552,,,,,,,,,,
1791470532.3439167,601172,tracking_feedback_accumulate,424,,15396,,,82618880,157286400,129820672,159383552,,,,,,,,3.086300101131201,,
1791470532.3489163,601172,frontend_frame,424,0,15396,13,8,82262016,157286400,129820672,159383552,,,,,,,,,,
1791470532.6875882,601172,tracking_feedback_accumulate,425,,15396,,,86340608,157286400,129820672,159383552,,,,,,,,2.694800030440092,,
1791470532.6925879,601172,frontend_frame,425,0,15396,13,8,85984256,157286400,129820672,159383552,,,,,,,,,,
1791470533.043588,601172,tracking_feedback_accumulate,426,,15396,,,89817088,157286400,129824256,159383552,,,,,,,,2.831800142303109,,
1791470533.0485878,601172,frontend_frame,426,0,15396,13,8,82182656,157286400,129824256,159383552,,,,,,,,,,
1791470533.3866212,601172,tracking_feedback_accumulate,427,,15396,,,86261248,157286400,129824256,159383552,,,,,,,,2.931399969384074,,
1791470533.3906212,601172,frontend_frame,427,0,15396,13,8,85904384,157286400,129824256,159383552,,,,,,,,,,
1791470533.7642157,601172,tracking_feedback_accumulate,428,,15396,,,89819136,157286400,129826304,159383552,,,,,,,,2.964500105008483,,
1791470533.7692158,601172,frontend_frame,428,0,15396,13,8,82184704,157286400,129826304,159383552,,,,,,,,,,
1791470534.125467,601172,tracking_feedback_accumulate,429,,15396,,,86345216,157286400,129826304,159383552,,,,,,,,2.813400002196431,,
1791470534.1294672,601172,frontend_frame,429,0,15396,13,8,85988352,157286400,129826304,159383552,,,,,,,,,,
1791470534.502167,601172,tracking_feedback_accumulate,430,,15396,,,89821184,157286400,129828352,159383552,,,,,,,,3.090500133112073,,
1791470534.5071692,601172,frontend_frame,430,0,15396,13,8,89464320,115343360,129828352,159383552,,,,,,,,,,
1791470534.9331963,601172,tracking_feedback_accumulate,431,,15396,,,86347264,157286400,129828352,159383552,,,,,,,,2.789099933579564,,
1791470534.9381962,601172,frontend_frame,431,0,15396,13,8,85990400,157286400,129828352,159383552,,,,,,,,,,
1791470535.3363724,601172,tracking_feedback_accumulate,432,,15396,,,89823232,157286400,129830400,159383552,,,,,,,,2.8100002091377974,,
1791470535.3403711,601172,frontend_frame,432,0,15396,13,8,89466368,157286400,129830400,159383552,,,,,,,,,,
1791470535.7569613,601172,tracking_feedback_accumulate,433,,15396,,,93626880,159383552,133470208,159383552,,,,,,,,2.830999903380871,,
1791470535.761961,601172,frontend_frame,433,0,15396,13,8,82353664,159383552,133470208,159383552,,,,,,,,,,
1791470536.1215322,601172,tracking_feedback_accumulate,434,,15396,,,86268416,159383552,133470208,159383552,,,,,,,,2.825800096616149,,
1791470536.1265323,601172,frontend_frame,434,0,15396,13,8,85911552,159383552,133470208,159383552,,,,,,,,,,
1791470536.4785633,601172,tracking_feedback_accumulate,435,,15396,,,89826304,159383552,133470208,159383552,,,,,,,,2.877600025385618,,
1791470536.4835632,601172,frontend_frame,435,0,15396,13,8,89469440,159383552,133470208,159383552,,,,,,,,,,
1791470536.8666563,601172,tracking_feedback_accumulate,436,,15396,,,82631680,159383552,133470208,159383552,,,,,,,,2.8050001710653305,,
1791470536.8716564,601172,frontend_frame,436,0,15396,13,8,82274816,159383552,133470208,159383552,,,,,,,,,,
1791470537.2582986,601172,tracking_feedback_accumulate,437,,15396,,,86353408,159383552,133470208,159383552,,,,,,,,2.8075999580323696,,
1791470537.2622986,601172,frontend_frame,437,0,15396,13,8,85996544,159383552,133470208,159383552,,,,,,,,,,
1791470537.6058996,601172,tracking_feedback_accumulate,438,,15396,,,89911296,159383552,133470208,159383552,,,,,,,,2.8608001302927732,,
1791470537.6108992,601172,frontend_frame,438,0,15396,13,8,82276864,159383552,133470208,159383552,,,,,,,,,,
1791470537.960422,601172,tracking_feedback_accumulate,439,,15396,,,86191616,159383552,133470208,159383552,,,,,,,,2.7411000337451696,,
1791470537.9654222,601172,frontend_frame,439,0,15396,13,8,85834752,159383552,133470208,159383552,,,,,,,,,,
1791470538.3500526,601172,tracking_feedback_accumulate,440,,15396,,,89913344,159383552,133470208,159383552,,,,,,,,7.507100002840161,,
1791470538.3550527,601172,frontend_frame,440,0,15396,13,8,89556480,115343360,133470208,159383552,,,,,,,,,,
1791470538.740939,601172,tracking_feedback_accumulate,441,,15396,,,82554880,157286400,133470208,159383552,,,,,,,,2.7562000323086977,,
1791470538.7914455,601172,frontend_frame,441,0,15396,14,8,86193664,157286400,133470208,159383552,,,,,,,,,,
1791470549.1186674,601172,tracking_feedback_accumulate,442,,16102,,,90320384,157286400,133470208,159383552,,,,,,,,2.965700114145875,,
1791470549.122667,601172,frontend_frame,442,0,16102,14,8,90136064,157286400,133470208,159383552,,,,,,,,,,
1791470549.5562177,601172,tracking_feedback_accumulate,443,,16102,,,86605824,157286400,133470208,159383552,,,,,,,,2.9001999646425247,,
1791470549.5622172,601172,frontend_frame,443,0,16102,14,8,86416384,157286400,133470208,159383552,,,,,,,,,,
1791470549.9682655,601172,tracking_feedback_accumulate,444,,16102,,,90576896,157286400,133470208,159383552,,,,,,,,2.895799931138754,,
1791470549.9722705,601172,frontend_frame,444,0,16102,14,8,90387456,157286400,133470208,159383552,,,,,,,,,,
1791470550.3849819,601172,tracking_feedback_accumulate,445,,16102,,,94302208,157286400,134296576,159383552,,,,,,,,2.8642001561820507,,
1791470550.3899813,601172,frontend_frame,445,0,16102,14,8,86500352,157286400,134296576,159383552,,,,,,,,,,
1791470550.8086536,601172,tracking_feedback_accumulate,446,,16102,,,90415104,157286400,134296576,159383552,,,,,,,,2.7785999700427055,,
1791470550.8166616,601172,frontend_frame,446,0,16102,14,8,90226176,157286400,134296576,159383552,,,,,,,,,,
1791470551.1548975,601172,tracking_feedback_accumulate,447,,16102,,,94386688,157286400,134299136,159383552,,,,,,,,3.006499959155917,,
1791470551.1598973,601172,frontend_frame,447,0,16102,14,8,94197248,157286400,134299136,159383552,,,,,,,,,,
1791470551.5726972,601172,tracking_feedback_accumulate,448,,16102,,,86693376,157286400,134299136,159383552,,,,,,,,3.034600056707859,,
1791470551.5766952,601172,frontend_frame,448,0,16102,14,8,86503936,157286400,134299136,159383552,,,,,,,,,,
1791470551.8817647,601172,tracking_feedback_accumulate,449,,16102,,,90418688,157286400,134299136,159383552,,,,,,,,2.8921000193804502,,
1791470551.8867648,601172,frontend_frame,449,0,16102,14,8,90229248,157286400,134299136,159383552,,,,,,,,,,
1791470552.250527,601172,tracking_feedback_accumulate,450,,16102,,,86695424,157286400,134299136,159383552,,,,,,,,2.7960999868810177,,
1791470552.255527,601172,frontend_frame,450,0,16102,14,8,86505984,134217728,134299136,159383552,,,,,,,,,,
1791470552.5806053,601172,tracking_feedback_accumulate,451,,16102,,,90584576,155189248,134299136,159383552,,,,,,,,2.7356999926269054,,
1791470552.5846052,601172,frontend_frame,451,0,16102,14,8,90395136,155189248,134299136,159383552,,,,,,,,,,
1791470552.9301372,601172,tracking_feedback_accumulate,452,,16102,,,94309888,157286400,134304256,159383552,,,,,,,,2.8736998792737722,,
1791470552.9351373,601172,frontend_frame,452,0,16102,14,8,86508032,157286400,134304256,159383552,,,,,,,,,,
1791470553.3420284,601172,tracking_feedback_accumulate,453,,16102,,,90422784,157286400,134304256,159383552,,,,,,,,2.838999964296818,,
1791470553.3470283,601172,frontend_frame,453,0,16102,14,8,90233344,157286400,134304256,159383552,,,,,,,,,,
1791470553.692223,601172,tracking_feedback_accumulate,454,,16102,,,94393856,157286400,134306304,159383552,,,,,,,,2.835199935361743,,
1791470553.6972237,601172,frontend_frame,454,0,16102,14,8,94204416,157286400,134306304,159383552,,,,,,,,,,
1791470554.1133528,601172,tracking_feedback_accumulate,455,,16102,,,86618624,157286400,134306304,159383552,,,,,,,,2.837400184944272,,
1791470554.1173527,601172,frontend_frame,455,0,16102,14,8,86429184,157286400,134306304,159383552,,,,,,,,,,
1791470554.513557,601172,tracking_feedback_accumulate,456,,16102,,,90507776,157286400,134306304,159383552,,,,,,,,2.832300029695034,,
1791470554.5185592,601172,frontend_frame,456,0,16102,14,8,90318336,157286400,134306304,159383552,,,,,,,,,,
1791470554.90059,601172,tracking_feedback_accumulate,457,,16102,,,94396928,157286400,134309376,159383552,,,,,,,,2.909300150349736,,
1791470554.9517946,601172,frontend_frame,457,0,16102,15,8,90590720,157286400,134309376,159383552,,,,,,,,,,
1791470565.433377,601172,tracking_feedback_accumulate,458,,16744,,,94549504,157286400,134663168,159383552,,,,,,,,2.8230000752955675,,
1791470565.437377,601172,frontend_frame,458,0,16744,15,8,94515712,157286400,134663168,159383552,,,,,,,,,,
1791470565.853449,601172,tracking_feedback_accumulate,459,,16744,,,98594304,157286400,138664448,159383552,,,,,,,,2.8158999048173428,,
1791470565.8584492,601172,frontend_frame,459,0,16744,15,8,98555904,159383552,138664448,159383552,,,,,,,,,,
1791470566.203728,601172,tracking_feedback_accumulate,460,,16744,,,90749952,159383552,138664448,159383552,,,,,,,,2.7870999183505774,,
1791470566.2087295,601172,frontend_frame,460,0,16744,15,8,90711552,136314880,138664448,159383552,,,,,,,,,,
1791470566.543221,601172,tracking_feedback_accumulate,461,,16744,,,94790144,157286400,138664448,159383552,,,,,,,,2.8729999903589487,,
1791470566.548221,601172,frontend_frame,461,0,16744,15,8,94751744,157286400,138664448,159383552,,,,,,,,,,
1791470566.944296,601172,tracking_feedback_accumulate,462,,16744,,,90670080,157286400,138664448,159383552,,,,,,,,2.801799913868308,,
1791470566.9492958,601172,frontend_frame,462,0,16744,15,8,90632192,157286400,138664448,159383552,,,,,,,,,,
1791470567.3326006,601172,tracking_feedback_accumulate,463,,16744,,,94710784,157286400,138664448,159383552,,,,,,,,3.0333001632243395,,
1791470567.3376005,601172,frontend_frame,463,0,16744,15,8,94672384,157286400,138664448,159383552,,,,,,,,,,
1791470567.714213,601172,tracking_feedback_accumulate,464,,16744,,,98587136,157286400,138821120,159383552,,,,,,,,2.9903999529778957,,
1791470567.7192128,601172,frontend_frame,464,0,16744,15,8,90634240,157286400,138821120,159383552,,,,,,,,,,
1791470568.1211097,601172,tracking_feedback_accumulate,465,,16744,,,94712832,157286400,138821120,159383552,,,,,,,,2.953600138425827,,
1791470568.1261103,601172,frontend_frame,465,0,16744,15,8,94674432,157286400,138821120,159383552,,,,,,,,,,
1791470568.523765,601172,tracking_feedback_accumulate,466,,16744,,,98589184,157286400,138823168,159383552,,,,,,,,2.8032001573592424,,
1791470568.5287654,601172,frontend_frame,466,0,16744,15,8,98550784,159383552,138823168,159383552,,,,,,,,,,
1791470568.9357932,601172,tracking_feedback_accumulate,467,,16744,,,90839552,159383552,138823168,159383552,,,,,,,,2.7834000065922737,,
1791470568.9407933,601172,frontend_frame,467,0,16744,15,8,90801152,159383552,138823168,159383552,,,,,,,,,,
1791470569.2523978,601172,tracking_feedback_accumulate,468,,16744,,,94715904,159383552,138823168,159383552,,,,,,,,2.866199938580394,,
1791470569.2573981,601172,frontend_frame,468,0,16744,15,8,94677504,159383552,138823168,159383552,,,,,,,,,,
1791470569.63596,601172,tracking_feedback_accumulate,469,,16744,,,98756096,159383552,138826240,159383552,,,,,,,,2.809900091961026,,
1791470569.6409612,601172,frontend_frame,469,0,16744,15,8,90803200,159383552,138826240,159383552,,,,,,,,,,
1791470570.0640218,601172,tracking_feedback_accumulate,470,,16744,,,94717952,159383552,138826240,159383552,,,,,,,,2.930199960246682,,
1791470570.0690217,601172,frontend_frame,470,0,16744,15,8,94679552,134217728,138826240,159383552,,,,,,,,,,
1791470570.4386992,601172,tracking_feedback_accumulate,471,,16744,,,98758144,157286400,138828288,159383552,,,,,,,,2.9257999267429113,,
1791470570.4436986,601172,frontend_frame,471,0,16744,15,8,98719744,159383552,138828288,159383552,,,,,,,,,,
1791470570.7947612,601172,tracking_feedback_accumulate,472,,16744,,,90762752,159383552,138828288,159383552,,,,,,,,2.8133001178503036,,
1791470570.7987611,601172,frontend_frame,472,0,16744,15,8,90724352,159383552,138828288,159383552,,,,,,,,,,
1791470571.1919262,601172,tracking_feedback_accumulate,473,,16744,,,94802944,159383552,138828288,159383552,,,,,,,,3.1026999931782484,,
1791470571.195928,601172,frontend_frame,473,0,16744,15,8,94764544,159383552,138828288,159383552,,,,,,,,,,
1791470571.5151236,601172,tracking_feedback_accumulate,474,,16744,,,98679296,159383552,138831360,159383552,,,,,,,,2.794200088828802,,
1791470571.5201237,601172,frontend_frame,474,0,16744,15,8,90726400,159383552,138831360,159383552,,,,,,,,,,
1791470571.9718328,601172,tracking_feedback_accumulate,475,,16744,,,94641152,159383552,138831360,159383552,,,,,,,,2.827799879014492,,
1791470572.0208905,601172,frontend_frame,475,0,16744,16,8,98598400,159383552,138831360,159383552,,,,,,,,,,
1791470582.4552102,601172,tracking_feedback_accumulate,476,,17273,,,102712832,159383552,142924800,159383552,,,,,,,,2.784599782899022,,
1791470582.46121,601172,frontend_frame,476,0,17273,16,8,94884352,159383552,142924800,159383552,,,,,,,,,,
1791470582.8113058,601172,tracking_feedback_accumulate,477,,17273,,,98962944,159383552,142924800,159383552,,,,,,,,2.791099948808551,,
1791470582.815306,601172,frontend_frame,477,0,17273,16,8,99045376,159383552,142924800,159383552,,,,,,,,,,
1791470583.205237,601172,tracking_feedback_accumulate,478,,17273,,,102960128,159383552,143203328,159383552,,,,,,,,2.833999926224351,,
1791470583.210237,601172,frontend_frame,478,0,17273,16,8,103042560,159383552,143203328,159383552,,,,,,,,,,
1791470583.6684387,601172,tracking_feedback_accumulate,479,,17273,,,94886912,159383552,143203328,159383552,,,,,,,,2.939000027254224,,
1791470583.6734378,601172,frontend_frame,479,0,17273,16,8,94969344,159383552,143203328,159383552,,,,,,,,,,
1791470584.091606,601172,tracking_feedback_accumulate,480,,17273,,,98802176,159383552,143203328,159383552,,,,,,,,2.8494999278336763,,
1791470584.0966053,601172,frontend_frame,480,0,17273,16,8,98885120,134217728,143203328,159383552,,,,,,,,,,
1791470584.5442982,601172,tracking_feedback_accumulate,481,,17273,,,102963712,159383552,143206912,159383552,,,,,,,,2.765399869531393,,
1791470584.5492983,601172,frontend_frame,481,0,17273,16,8,94889984,159383552,143206912,159383552,,,,,,,,,,
1791470584.9107695,601172,tracking_feedback_accumulate,482,,17273,,,98804736,159383552,143206912,159383552,,,,,,,,2.8076001908630133,,
1791470584.9147694,601172,frontend_frame,482,0,17273,16,8,98887168,159383552,143206912,159383552,,,,,,,,,,
1791470585.3428721,601172,tracking_feedback_accumulate,483,,17273,,,103047680,159383552,143208960,159383552,,,,,,,,2.773699816316366,,
1791470585.348872,601172,frontend_frame,483,0,17273,16,8,103130112,159383552,143208960,159383552,,,,,,,,,,
1791470585.6627395,601172,tracking_feedback_accumulate,484,,17273,,,94810624,159383552,143208960,159383552,,,,,,,,2.852899953722954,,
1791470585.6667392,601172,frontend_frame,484,0,17273,16,8,94893056,159383552,143208960,159383552,,,,,,,,,,
1791470586.0183237,601172,tracking_feedback_accumulate,485,,17273,,,98971648,159383552,143208960,159383552,,,,,,,,2.9055001214146614,,
1791470586.0223236,601172,frontend_frame,485,0,17273,16,8,99054080,159383552,143208960,159383552,,,,,,,,,,
1791470586.316901,601172,tracking_feedback_accumulate,486,,17273,,,94730752,159383552,143208960,159383552,,,,,,,,2.8391999658197165,,
1791470586.3219008,601172,frontend_frame,486,0,17273,16,8,94813184,159383552,143208960,159383552,,,,,,,,,,
1791470586.6946394,601172,tracking_feedback_accumulate,487,,17273,,,98891776,159383552,143208960,159383552,,,,,,,,2.8846999630331993,,
1791470586.699141,601172,frontend_frame,487,0,17273,16,8,98974208,159383552,143208960,159383552,,,,,,,,,,
1791470587.039391,601172,tracking_feedback_accumulate,488,,17273,,,103052800,159383552,143214080,159383552,,,,,,,,4.795599961653352,,
1791470587.0439715,601172,frontend_frame,488,0,17273,16,8,94979072,159383552,143214080,159383552,,,,,,,,,,
1791470587.3870702,601172,tracking_feedback_accumulate,489,,17273,,,98893824,159383552,143214080,159383552,,,,,,,,2.8545998502522707,,
1791470587.4365754,601172,frontend_frame,489,0,17273,17,8,102971904,159383552,143214080,159383552,,,,,,,,,,
1791470597.814778,601172,tracking_feedback_accumulate,490,,17820,,,106926592,159383552,148235776,159383552,,,,,,,,2.849999815225601,,
1791470597.8217778,601172,frontend_frame,490,0,17820,17,8,98989568,138412032,148235776,159383552,,,,,,,,,,
1791470598.2000499,601172,tracking_feedback_accumulate,491,,17820,,,103150080,180355072,148235776,180355072,,,,,,,,2.86979996599257,,
1791470598.2040517,601172,frontend_frame,491,0,17820,17,8,103365120,180355072,148235776,180355072,,,,,,,,,,
1791470598.5118558,601172,tracking_feedback_accumulate,492,,17820,,,107197952,180355072,148235776,180355072,,,,,,,,2.8653000481426716,,
1791470598.5168557,601172,frontend_frame,492,0,17820,17,8,107412992,182452224,148235776,182452224,,,,,,,,,,
1791470598.9023843,601172,tracking_feedback_accumulate,493,,17820,,,103070208,182452224,148235776,182452224,,,,,,,,2.8296001255512238,,
1791470598.9103947,601172,frontend_frame,493,0,17820,17,8,103285248,182452224,148235776,182452224,,,,,,,,,,
1791470599.2619648,601172,tracking_feedback_accumulate,494,,17820,,,107363840,182452224,148462080,182452224,,,,,,,,2.9905999545007944,,
1791470599.266965,601172,frontend_frame,494,0,17820,17,8,107579392,182452224,148462080,182452224,,,,,,,,,,
1791470599.6546333,601172,tracking_feedback_accumulate,495,,17820,,,111494144,184549376,151630336,184549376,,,,,,,,2.8073000721633434,,
1791470599.6596334,601172,frontend_frame,495,0,17820,17,8,103287808,184549376,151630336,184549376,,,,,,,,,,
1791470600.072722,601172,tracking_feedback_accumulate,496,,17820,,,107366400,184549376,151630336,184549376,,,,,,,,2.767500001937151,,
1791470600.077722,601172,frontend_frame,496,0,17820,17,8,107581440,184549376,151630336,184549376,,,,,,,,,,
1791470600.4128373,601172,tracking_feedback_accumulate,497,,17820,,,111496192,184549376,151632384,184549376,,,,,,,,2.9430000577121973,,
1791470600.4178371,601172,frontend_frame,497,0,17820,17,8,111711232,186646528,151632384,186646528,,,,,,,,,,
1791470600.791058,601172,tracking_feedback_accumulate,498,,17820,,,102993920,186646528,151632384,186646528,,,,,,,,3.0296999029815197,,
1791470600.7960598,601172,frontend_frame,498,0,17820,17,8,103208960,186646528,151632384,186646528,,,,,,,,,,
1791470601.17066,601172,tracking_feedback_accumulate,499,,17820,,,107369472,186646528,151632384,186646528,,,,,,,,2.7809999883174896,,
1791470601.1756601,601172,frontend_frame,499,0,17820,17,8,107584512,186646528,151632384,186646528,,,,,,,,,,
1791470601.5233972,601172,tracking_feedback_accumulate,500,,17820,,,111417344,186646528,151635456,186646528,,,,,,,,2.82359984703362,,
1791470601.528397,601172,frontend_frame,500,0,17820,17,8,103211008,140509184,151635456,186646528,,,,,,,,,,
1791470601.9259994,601172,tracking_feedback_accumulate,501,,17820,,,107289600,161480704,151635456,186646528,,,,,,,,2.8081999626010656,,
1791470601.9309993,601172,frontend_frame,501,0,17820,17,8,107504640,161480704,151635456,186646528,,,,,,,,,,
1791470602.335617,601172,tracking_feedback_accumulate,502,,17820,,,111583232,184549376,152681472,186646528,,,,,,,,2.737300004810095,,
1791470602.3406167,601172,frontend_frame,502,0,17820,17,8,111798272,186646528,152681472,186646528,,,,,,,,,,
1791470602.6628444,601172,tracking_feedback_accumulate,503,,17820,,,102999040,186646528,152681472,186646528,,,,,,,,3.3527000341564417,,
1791470602.667843,601172,frontend_frame,503,0,17820,17,8,103214080,186646528,152681472,186646528,,,,,,,,,,
1791470603.041993,601172,tracking_feedback_accumulate,504,,17820,,,107374592,186646528,152681472,186646528,,,,,,,,2.813700120896101,,
1791470603.0975027,601172,frontend_frame,504,0,17820,18,8,111585280,186646528,152681472,186646528,,,,,,,,,,
1791470613.7735317,601172,tracking_feedback_accumulate,505,,18401,,,107036672,186646528,152681472,186646528,,,,,,,,2.8814999386668205,,
1791470613.7785316,601172,frontend_frame,505,0,18401,18,8,107395072,186646528,152681472,186646528,,,,,,,,,,
1791470614.1031637,601172,tracking_feedback_accumulate,506,,18401,,,111555584,186646528,152681472,186646528,,,,,,,,2.898500068113208,,
1791470614.1081634,601172,frontend_frame,506,0,18401,18,8,111909888,186646528,152681472,186646528,,,,,,,,,,
1791470614.350742,601172,tracking_feedback_accumulate,507,,18401,,,115742720,186646528,156269056,186646528,,,,,,,,5.693199811503291,,
1791470614.3557422,601172,frontend_frame,507,0,18401,18,8,107397120,186646528,156269056,186646528,,,,,,,,,,
1791470614.7383866,601172,tracking_feedback_accumulate,508,,18401,,,111475712,186646528,156269056,186646528,,,,,,,,2.818400040268898,,
1791470614.743387,601172,frontend_frame,508,0,18401,18,8,111830016,186646528,156269056,186646528,,,,,,,,,,
1791470615.1415555,601172,tracking_feedback_accumulate,509,,18401,,,115908608,186646528,157131264,186646528,,,,,,,,2.8854000847786665,,
1791470615.1465566,601172,frontend_frame,509,0,18401,18,8,116263424,186646528,157131264,186646528,,,,,,,,,,
1791470615.5215235,601172,tracking_feedback_accumulate,510,,18401,,,107046400,186646528,157131264,186646528,,,,,,,,3.0088999774307013,,
1791470615.5270312,601172,frontend_frame,510,0,18401,18,8,107400704,138412032,157131264,186646528,,,,,,,,,,
1791470615.902737,601172,tracking_feedback_accumulate,511,,18401,,,111479296,182452224,157131264,186646528,,,,,,,,3.15539981238544,,
1791470615.908737,601172,frontend_frame,511,0,18401,18,8,111833600,182452224,157131264,186646528,,,,,,,,,,
1791470616.2824223,601172,tracking_feedback_accumulate,512,,18401,,,115912192,186646528,157134848,186646528,,,,,,,,2.84319999627769,,
1791470616.2874222,601172,frontend_frame,512,0,18401,18,8,107566592,186646528,157134848,186646528,,,,,,,,,,
1791470616.5889645,601172,tracking_feedback_accumulate,513,,18401,,,111481344,186646528,157134848,186646528,,,,,,,,2.7348001021891832,,
1791470616.5929644,601172,frontend_frame,513,0,18401,18,8,111835648,186646528,157134848,186646528,,,,,,,,,,
1791470616.9866066,601172,tracking_feedback_accumulate,514,,18401,,,115914240,186646528,157136896,186646528,,,,,,,,2.9088000301271677,,
1791470616.9916065,601172,frontend_frame,514,0,18401,18,8,116268544,186646528,157136896,186646528,,,,,,,,,,
1791470617.3791766,601172,tracking_feedback_accumulate,515,,18401,,,107051520,186646528,157136896,186646528,,,,,,,,2.8719999827444553,,
1791470617.3831773,601172,frontend_frame,515,0,18401,18,8,107405824,186646528,157136896,186646528,,,,,,,,,,
1791470617.7553747,601172,tracking_feedback_accumulate,516,,18401,,,111566336,186646528,157136896,186646528,,,,,,,,2.9929999727755785,,
1791470617.7603748,601172,frontend_frame,516,0,18401,18,8,111920640,186646528,157136896,186646528,,,,,,,,,,
1791470618.0745015,601172,tracking_feedback_accumulate,517,,18401,,,107053568,186646528,157136896,186646528,,,,,,,,2.8674998320639133,,
1791470618.0795019,601172,frontend_frame,517,0,18401,18,8,107407872,186646528,157136896,186646528,,,,,,,,,,
1791470618.360189,601172,tracking_feedback_accumulate,518,,18401,,,111486464,186646528,157136896,186646528,,,,,,,,2.9140000697225332,,
1791470618.364189,601172,frontend_frame,518,0,18401,18,8,111840768,186646528,157136896,186646528,,,,,,,,,,
1791470618.7413776,601172,tracking_feedback_accumulate,519,,18401,,,115919360,186646528,157142016,186646528,,,,,,,,2.8577998746186495,,
1791470618.7463784,601172,frontend_frame,519,0,18401,18,8,107573760,186646528,157142016,186646528,,,,,,,,,,
1791470619.0724494,601172,tracking_feedback_accumulate,520,,18401,,,111488512,186646528,157142016,186646528,,,,,,,,2.8699999675154686,,
1791470619.0784497,601172,frontend_frame,520,0,18401,18,8,111842816,140509184,157142016,186646528,,,,,,,,,,
1791470619.3869693,601172,tracking_feedback_accumulate,521,,18401,,,115921408,186646528,157144064,186646528,,,,,,,,3.092800034210086,,
1791470619.3919716,601172,frontend_frame,521,0,18401,18,8,116275712,186646528,157144064,186646528,,,,,,,,,,
1791470619.7816584,601172,tracking_feedback_accumulate,522,,18401,,,107058688,186646528,157144064,186646528,,,,,,,,2.884199842810631,,
1791470619.7866585,601172,frontend_frame,522,0,18401,18,8,107412992,186646528,157144064,186646528,,,,,,,,,,
1791470620.103787,601172,tracking_feedback_accumulate,523,,18401,,,111573504,186646528,157144064,186646528,,,,,,,,2.8842000756412745,,
1791470620.1087873,601172,frontend_frame,523,0,18401,18,8,111927808,186646528,157144064,186646528,,,,,,,,,,
1791470620.4853606,601172,tracking_feedback_accumulate,524,,18401,,,115760640,186646528,157144064,186646528,,,,,,,,2.904199995100498,,
1791470620.534939,601172,frontend_frame,524,0,18401,19,8,111410688,186646528,157144064,186646528,,,,,,,,,,
1791470631.061796,601172,tracking_feedback_accumulate,525,,18930,,,115525120,186646528,157144064,186646528,,,,,,,,2.8160999063402414,,
1791470631.0667953,601172,frontend_frame,525,0,18930,19,8,116003840,186646528,157144064,186646528,,,,,,,,,,
1791470631.2548091,601172,tracking_feedback_accumulate,526,,18930,,,120082432,186646528,161578496,186646528,,,,,,,,2.8390998486429453,,
1791470631.2598093,601172,frontend_frame,526,0,18930,19,8,111736832,186646528,161578496,186646528,,,,,,,,,,
1791470631.6309583,601172,tracking_feedback_accumulate,527,,18930,,,115569664,186646528,161578496,186646528,,,,,,,,3.0936000403016806,,
1791470631.6359582,601172,frontend_frame,527,0,18930,19,8,116044800,186646528,161578496,186646528,,,,,,,,,,
1791470631.9715478,601172,tracking_feedback_accumulate,528,,18930,,,120205312,186646528,161701376,186646528,,,,,,,,2.7364001143723726,,
1791470631.9765482,601172,frontend_frame,528,0,18930,19,8,120680448,188743680,161701376,188743680,,,,,,,,,,
1791470632.3022213,601172,tracking_feedback_accumulate,529,,18930,,,115653632,188743680,161701376,188743680,,,,,,,,2.798000117763877,,
1791470632.3082244,601172,frontend_frame,529,0,18930,19,8,116129280,188743680,161701376,188743680,,,,,,,,,,
1791470632.6822674,601172,tracking_feedback_accumulate,530,,18930,,,120207872,188743680,161703936,188743680,,,,,,,,2.7468998450785875,,
1791470632.6872675,601172,frontend_frame,530,0,18930,19,8,120683008,146800640,161703936,188743680,,,,,,,,,,
1791470633.032939,601172,tracking_feedback_accumulate,531,,18930,,,124515840,190840832,166175744,190840832,,,,,,,,2.9117001686245203,,
1791470633.0379388,601172,frontend_frame,531,0,18930,19,8,116049408,190840832,166175744,190840832,,,,,,,,,,
1791470633.4057252,601172,tracking_feedback_accumulate,532,,18930,,,120209920,190840832,166175744,190840832,,,,,,,,2.848499920219183,,
1791470633.4107292,601172,frontend_frame,532,0,18930,19,8,120685056,190840832,166175744,190840832,,,,,,,,,,
1791470633.8376691,601172,tracking_feedback_accumulate,533,,18930,,,124517888,190840832,166177792,190840832,,,,,,,,2.876400016248226,,
1791470633.8426688,601172,frontend_frame,533,0,18930,19,8,124993024,192937984,166177792,192937984,,,,,,,,,,
1791470634.119787,601172,tracking_feedback_accumulate,534,,18930,,,115741184,192937984,166177792,192937984,,,,,,,,2.8267998713999987,,
1791470634.1242936,601172,frontend_frame,534,0,18930,19,8,116216320,192937984,166177792,192937984,,,,,,,,,,
1791470634.4648187,601172,tracking_feedback_accumulate,535,,18930,,,120049152,192937984,166177792,192937984,,,,,,,,2.9671001248061657,,
1791470634.4698186,601172,frontend_frame,535,0,18930,19,8,120524288,192937984,166177792,192937984,,,,,,,,,,
1791470634.792935,601172,tracking_feedback_accumulate,536,,18930,,,124602880,192937984,166180864,192937984,,,,,,,,2.8897998854517937,,
1791470634.7989347,601172,frontend_frame,536,0,18930,19,8,116136448,192937984,166180864,192937984,,,,,,,,,,
1791470635.1160676,601172,tracking_feedback_accumulate,537,,18930,,,120051200,192937984,166180864,192937984,,,,,,,,2.808100078254938,,
1791470635.1200676,601172,frontend_frame,537,0,18930,19,8,120526336,192937984,166180864,192937984,,,,,,,,,,
1791470635.4640949,601172,tracking_feedback_accumulate,538,,18930,,,124686848,192937984,166182912,192937984,,,,,,,,2.7667998801916838,,
1791470635.4690952,601172,frontend_frame,538,0,18930,19,8,125161984,192937984,166182912,192937984,,,,,,,,,,
1791470635.8742692,601172,tracking_feedback_accumulate,539,,18930,,,115582464,192937984,166182912,192937984,,,,,,,,2.7614000719040632,,
1791470635.878269,601172,frontend_frame,539,0,18930,19,8,116057600,192937984,166182912,192937984,,,,,,,,,,
1791470636.2733774,601172,tracking_feedback_accumulate,540,,18930,,,120218112,192937984,166182912,192937984,,,,,,,,2.7752001769840717,,
1791470636.2783751,601172,frontend_frame,540,0,18930,19,8,120693248,146800640,166182912,192937984,,,,,,,,,,
1791470636.665587,601172,tracking_feedback_accumulate,541,,18930,,,115666432,188743680,166182912,192937984,,,,,,,,2.949699992313981,,
1791470636.6695871,601172,frontend_frame,541,0,18930,19,8,116141568,188743680,166182912,192937984,,,,,,,,,,
1791470636.986286,601172,tracking_feedback_accumulate,542,,18930,,,120220160,188743680,166182912,192937984,,,,,,,,3.0845000874251127,,
1791470636.9912837,601172,frontend_frame,542,0,18930,19,8,120695296,188743680,166182912,192937984,,,,,,,,,,
1791470637.312868,601172,tracking_feedback_accumulate,543,,18930,,,124528128,190840832,166188032,192937984,,,,,,,,2.8816000558435917,,
1791470637.317868,601172,frontend_frame,543,0,18930,19,8,116061696,190840832,166188032,192937984,,,,,,,,,,
1791470637.700017,601172,tracking_feedback_accumulate,544,,18930,,,120140288,190840832,166188032,192937984,,,,,,,,2.834100043401122,,
1791470637.7050166,601172,frontend_frame,544,0,18930,19,8,120615424,190840832,166188032,192937984,,,,,,,,,,
1791470638.0285997,601172,tracking_feedback_accumulate,545,,18930,,,124694016,190840832,166190080,192937984,,,,,,,,2.7318999636918306,,
1791470638.0331311,601172,frontend_frame,545,0,18930,19,8,125169152,192937984,166190080,192937984,,,,,,,,,,
1791470638.3600376,601172,tracking_feedback_accumulate,546,,18930,,,115589632,192937984,166190080,192937984,,,,,,,,3.1653998885303736,,
1791470638.411044,601172,frontend_frame,546,0,18930,20,8,120060416,192937984,166190080,192937984,,,,,,,,,,
1791470649.058317,601172,tracking_feedback_accumulate,547,,19402,,,124172800,192937984,166190080,192937984,,,,,,,,2.7946000918745995,,
1791470649.063317,601172,frontend_frame,547,0,19402,20,8,124764160,192937984,166190080,192937984,,,,,,,,,,
1791470649.439342,601172,tracking_feedback_accumulate,548,,19402,,,115153920,192937984,166190080,192937984,,,,,,,,2.7745000552386045,,
1791470649.444342,601172,frontend_frame,548,0,19402,20,8,115741696,192937984,166190080,192937984,,,,,,,,,,
1791470649.7905412,601172,tracking_feedback_accumulate,549,,19402,,,119902208,192937984,166190080,192937984,,,,,,,,2.840799978002906,,
1791470649.7955415,601172,frontend_frame,549,0,19402,20,8,120489984,192937984,166190080,192937984,,,,,,,,,,
1791470650.1771054,601172,tracking_feedback_accumulate,550,,19402,,,124322816,192937984,166190080,192937984,,,,,,,,2.825200092047453,,
1791470650.1831052,601172,frontend_frame,550,0,19402,20,8,115743744,142606336,166190080,192937984,,,,,,,,,,
1791470650.571695,601172,tracking_feedback_accumulate,551,,19402,,,119822336,184549376,166190080,192937984,,,,,,,,3.0267999973148108,,
1791470650.577695,601172,frontend_frame,551,0,19402,20,8,120410624,186646528,166190080,192937984,,,,,,,,,,
1791470650.939919,601172,tracking_feedback_accumulate,552,,19402,,,124489216,188743680,166190080,192937984,,,,,,,,2.790799830108881,,
1791470650.944919,601172,frontend_frame,552,0,19402,20,8,125076992,190840832,166190080,192937984,,,,,,,,,,
1791470651.2970772,601172,tracking_feedback_accumulate,553,,19402,,,115241472,190840832,166190080,192937984,,,,,,,,2.794099971652031,,
1791470651.301077,601172,frontend_frame,553,0,19402,20,8,115829248,190840832,166190080,192937984,,,,,,,,,,
1791470651.7037337,601172,tracking_feedback_accumulate,554,,19402,,,119907840,190840832,166190080,192937984,,,,,,,,2.9685001354664564,,
1791470651.7087336,601172,frontend_frame,554,0,19402,20,8,120495616,190840832,166190080,192937984,,,,,,,,,,
1791470652.0133982,601172,tracking_feedback_accumulate,555,,19402,,,124328448,190840832,166190080,192937984,,,,,,,,2.9150000773370266,,
1791470652.0183997,601172,frontend_frame,555,0,19402,20,8,115749376,190840832,166190080,192937984,,,,,,,,,,
1791470652.2880027,601172,tracking_feedback_accumulate,556,,19402,,,119827968,190840832,166190080,192937984,,,,,,,,2.8323999140411615,,
1791470652.2930028,601172,frontend_frame,556,0,19402,20,8,120415744,190840832,166190080,192937984,,,,,,,,,,
1791470652.610675,601172,tracking_feedback_accumulate,557,,19402,,,124494336,190840832,166190080,192937984,,,,,,,,2.887899987399578,,
1791470652.615677,601172,frontend_frame,557,0,19402,20,8,125082112,190840832,166190080,192937984,,,,,,,,,,
1791470652.932028,601172,tracking_feedback_accumulate,558,,19402,,,115246592,190840832,166190080,192937984,,,,,,,,2.827299991622567,,
1791470652.9370317,601172,frontend_frame,558,0,19402,20,8,115834368,190840832,166190080,192937984,,,,,,,,,,
1791470653.3433955,601172,tracking_feedback_accumulate,559,,19402,,,119912960,190840832,166190080,192937984,,,,,,,,2.8296001255512238,,
1791470653.3473957,601172,frontend_frame,559,0,19402,20,8,120500736,190840832,166190080,192937984,,,,,,,,,,
1791470653.7110817,601172,tracking_feedback_accumulate,560,,19402,,,124333568,190840832,166190080,192937984,,,,,,,,2.8405000921338797,,
1791470653.7160835,601172,frontend_frame,560,0,19402,20,8,115754496,163577856,166190080,192937984,,,,,,,,,,
1791470654.0097966,601172,tracking_feedback_accumulate,561,,19402,,,119833088,184549376,166190080,192937984,,,,,,,,3.4505000803619623,,
1791470654.0147989,601172,frontend_frame,561,0,19402,20,8,120420864,186646528,166190080,192937984,,,,,,,,,,
1791470654.2953327,601172,tracking_feedback_accumulate,562,,19402,,,124499456,188743680,166190080,192937984,,,,,,,,2.8636001516133547,,
1791470654.3013325,601172,frontend_frame,562,0,19402,20,8,115920384,188743680,166190080,192937984,,,,,,,,,,
1791470654.604914,601172,tracking_feedback_accumulate,563,,19402,,,119835136,188743680,166190080,192937984,,,,,,,,2.9203000012785196,,
1791470654.6099136,601172,frontend_frame,563,0,19402,20,8,120422912,188743680,166190080,192937984,,,,,,,,,,
1791470654.8717399,601172,tracking_feedback_accumulate,564,,19402,,,124337664,188743680,166190080,192937984,,,,,,,,3.029200015589595,,
1791470654.8767395,601172,frontend_frame,564,0,19402,20,8,124925440,190840832,166190080,192937984,,,,,,,,,,
1791470655.1783173,601172,tracking_feedback_accumulate,565,,19402,,,119919104,190840832,166190080,192937984,,,,,,,,2.910299925133586,,
1791470655.1833177,601172,frontend_frame,565,0,19402,20,8,120506880,190840832,166190080,192937984,,,,,,,,,,
1791470655.581482,601172,tracking_feedback_accumulate,566,,19402,,,124421632,190840832,166190080,192937984,,,,,,,,2.90969992056489,,
1791470655.5864823,601172,frontend_frame,566,0,19402,20,8,125009408,190840832,166190080,192937984,,,,,,,,,,
1791470655.9192948,601172,tracking_feedback_accumulate,567,,19402,,,128924160,192937984,170630144,192937984,,,,,,,,3.2363999634981155,,
1791470655.925295,601172,frontend_frame,567,0,19402,20,8,120345088,192937984,170630144,192937984,,,,,,,,,,
1791470656.210857,601172,tracking_feedback_accumulate,568,,19402,,,124505600,192937984,170630144,192937984,,,,,,,,2.816000021994114,,
1791470656.2148569,601172,frontend_frame,568,0,19402,20,8,125093376,192937984,170630144,192937984,,,,,,,,,,
1791470656.5823877,601172,tracking_feedback_accumulate,569,,19402,,,129008128,192937984,170632192,192937984,,,,,,,,2.7439999394118786,,
1791470656.5873876,601172,frontend_frame,569,0,19402,20,8,129595904,195035136,170632192,195035136,,,,,,,,,,
1791470656.9315703,601172,tracking_feedback_accumulate,570,,19402,,,119760384,195035136,170632192,195035136,,,,,,,,2.840000204741955,,
1791470656.9375703,601172,frontend_frame,570,0,19402,20,8,120348160,146800640,170632192,195035136,,,,,,,,,,
1791470657.2706602,601172,tracking_feedback_accumulate,571,,19402,,,124426752,188743680,170632192,195035136,,,,,,,,3.0670000705868006,,
1791470657.27566,601172,frontend_frame,571,0,19402,20,8,125014528,190840832,170632192,195035136,,,,,,,,,,
1791470657.6362908,601172,tracking_feedback_accumulate,572,,19402,,,129093120,192937984,170635264,195035136,,,,,,,,2.894100034609437,,
1791470657.6412904,601172,frontend_frame,572,0,19402,20,8,120514048,192937984,170635264,195035136,,,,,,,,,,
1791470658.0198956,601172,tracking_feedback_accumulate,573,,19402,,,124346880,192937984,170635264,195035136,,,,,,,,2.874499885365367,,
1791470658.0248966,601172,frontend_frame,573,0,19402,20,8,124934656,192937984,170635264,195035136,,,,,,,,,,
1791470658.3367276,601172,tracking_feedback_accumulate,574,,19402,,,129095168,192937984,170637312,195035136,,,,,,,,2.9032998718321323,,
1791470658.3417275,601172,frontend_frame,574,0,19402,20,8,129682944,195035136,170637312,195035136,,,,,,,,,,
1791470658.6628177,601172,tracking_feedback_accumulate,575,,19402,,,119847424,195035136,170637312,195035136,,,,,,,,2.7588000521063805,,
1791470658.667818,601172,frontend_frame,575,0,19402,20,8,120435200,195035136,170637312,195035136,,,,,,,,,,
1791470659.0380557,601172,tracking_feedback_accumulate,576,,19402,,,124349952,195035136,170637312,195035136,,,,,,,,2.944099949672818,,
1791470659.0875635,601172,frontend_frame,576,0,19402,21,8,128933376,195035136,170637312,195035136,,,,,,,,,,
1791470669.7377784,601172,tracking_feedback_accumulate,577,,19875,,,119295488,195035136,170637312,195035136,,,,,,,,2.822499955072999,,
1791470669.742781,601172,frontend_frame,577,0,19875,21,8,119998976,195035136,170637312,195035136,,,,,,,,,,
1791470670.037448,601172,tracking_feedback_accumulate,578,,19875,,,123913728,195035136,170637312,195035136,,,,,,,,2.827899996191263,,
1791470670.0419524,601172,frontend_frame,578,0,19875,21,8,124614144,195035136,170637312,195035136,,,,,,,,,,
1791470670.351062,601172,tracking_feedback_accumulate,579,,19875,,,128692736,195035136,170637312,195035136,,,,,,,,2.9381001368165016,,
1791470670.357062,601172,frontend_frame,579,0,19875,21,8,120001024,195035136,170637312,195035136,,,,,,,,,,
1791470670.7786963,601172,tracking_feedback_accumulate,580,,19875,,,124079616,195035136,170637312,195035136,,,,,,,,2.8299998957663774,,
1791470670.7836976,601172,frontend_frame,580,0,19875,21,8,124780032,165675008,170637312,195035136,,,,,,,,,,
1791470671.0784209,601172,tracking_feedback_accumulate,581,,19875,,,128694784,188743680,170637312,195035136,,,,,,,,3.0439000111073256,,
1791470671.0844214,601172,frontend_frame,581,0,19875,21,8,129395712,190840832,170637312,195035136,,,,,,,,,,
1791470671.357942,601172,tracking_feedback_accumulate,582,,19875,,,119222272,190840832,170637312,195035136,,,,,,,,3.0622000340372324,,
1791470671.3619423,601172,frontend_frame,582,0,19875,21,8,119922688,190840832,170637312,195035136,,,,,,,,,,
1791470671.7255404,601172,tracking_feedback_accumulate,583,,19875,,,124083200,190840832,170637312,195035136,,,,,,,,2.8385999612510204,,
1791470671.7315404,601172,frontend_frame,583,0,19875,21,8,124783616,190840832,170637312,195035136,,,,,,,,,,
1791470672.0813544,601172,tracking_feedback_accumulate,584,,19875,,,128698368,190840832,170637312,195035136,,,,,,,,2.884299959987402,,
1791470672.0863547,601172,frontend_frame,584,0,19875,21,8,120006656,190840832,170637312,195035136,,,,,,,,,,
1791470672.4168751,601172,tracking_feedback_accumulate,585,,19875,,,123921408,190840832,170637312,195035136,,,,,,,,2.8132000006735325,,
1791470672.420875,601172,frontend_frame,585,0,19875,21,8,124621824,190840832,170637312,195035136,,,,,,,,,,
1791470672.7649505,601172,tracking_feedback_accumulate,586,,19875,,,128782336,190840832,170637312,195035136,,,,,,,,2.8341999277472496,,
1791470672.7699513,601172,frontend_frame,586,0,19875,21,8,129482752,190840832,170637312,195035136,,,,,,,,,,
1791470673.120662,601172,tracking_feedback_accumulate,587,,19875,,,119227392,190840832,170637312,195035136,,,,,,,,2.8521998319774866,,
1791470673.1291747,601172,frontend_frame,587,0,19875,21,8,119927808,190840832,170637312,195035136,,,,,,,,,,
1791470673.4559596,601172,tracking_feedback_accumulate,588,,19875,,,124088320,190840832,170637312,195035136,,,,,,,,2.855899976566434,,
1791470673.45996,601172,frontend_frame,588,0,19875,21,8,124788736,190840832,170637312,195035136,,,,,,,,,,
1791470673.8313642,601172,tracking_feedback_accumulate,589,,19875,,,119229440,190840832,170637312,195035136,,,,,,,,3.091000020503998,,
1791470673.8363645,601172,frontend_frame,589,0,19875,21,8,119929856,190840832,170637312,195035136,,,,,,,,,,
1791470674.1281533,601172,tracking_feedback_accumulate,590,,19875,,,124008448,190840832,170637312,195035136,,,,,,,,2.8156000189483166,,
1791470674.1331534,601172,frontend_frame,590,0,19875,21,8,124708864,165675008,170637312,195035136,,,,,,,,,,
1791470674.4497032,601172,tracking_feedback_accumulate,591,,19875,,,128787456,188743680,170637312,195035136,,,,,,,,2.740900032222271,,
1791470674.4547033,601172,frontend_frame,591,0,19875,21,8,120095744,188743680,170637312,195035136,,,,,,,,,,
1791470674.7677999,601172,tracking_feedback_accumulate,592,,19875,,,123928576,188743680,170637312,195035136,,,,,,,,2.928100060671568,,
1791470674.7717998,601172,frontend_frame,592,0,19875,21,8,124628992,188743680,170637312,195035136,,,,,,,,,,
1791470675.1130495,601172,tracking_feedback_accumulate,593,,19875,,,128789504,188743680,170637312,195035136,,,,,,,,2.7916000690311193,,
1791470675.117049,601172,frontend_frame,593,0,19875,21,8,129489920,190840832,170637312,195035136,,,,,,,,,,
1791470675.4860814,601172,tracking_feedback_accumulate,594,,19875,,,119316480,190840832,170637312,195035136,,,,,,,,2.8629000298678875,,
1791470675.4910805,601172,frontend_frame,594,0,19875,21,8,120016896,190840832,170637312,195035136,,,,,,,,,,
1791470675.8516557,601172,tracking_feedback_accumulate,595,,19875,,,123931648,190840832,170637312,195035136,,,,,,,,2.8154999017715454,,
1791470675.8566556,601172,frontend_frame,595,0,19875,21,8,124632064,190840832,170637312,195035136,,,,,,,,,,
1791470676.2423239,601172,tracking_feedback_accumulate,596,,19875,,,128792576,190840832,170637312,195035136,,,,,,,,2.889700001105666,,
1791470676.2478282,601172,frontend_frame,596,0,19875,21,8,120100864,190840832,170637312,195035136,,,,,,,,,,
1791470676.5559342,601172,tracking_feedback_accumulate,597,,19875,,,123933696,190840832,170637312,195035136,,,,,,,,2.821199828758836,,
1791470676.560934,601172,frontend_frame,597,0,19875,21,8,124634112,190840832,170637312,195035136,,,,,,,,,,
1791470676.8907337,601172,tracking_feedback_accumulate,598,,19875,,,128794624,190840832,170637312,195035136,,,,,,,,2.9494999907910824,,
1791470676.8947341,601172,frontend_frame,598,0,19875,21,8,129495040,190840832,170637312,195035136,,,,,,,,,,
1791470677.3229651,601172,tracking_feedback_accumulate,599,,19875,,,119239680,190840832,170637312,195035136,,,,,,,,2.7590999379754066,,
1791470677.3269656,601172,frontend_frame,599,0,19875,21,8,119940096,190840832,170637312,195035136,,,,,,,,,,
1791470677.6590593,601172,tracking_feedback_accumulate,600,,19875,,,124100608,190840832,170637312,195035136,,,,,,,,2.702800091356039,,
1791470677.6640592,601172,frontend_frame,600,0,19875,21,8,124801024,165675008,170637312,195035136,,,,,,,,,,
1791470677.9616764,601172,tracking_feedback_accumulate,601,,19875,,,128715776,188743680,170637312,195035136,,,,,,,,2.7540000155568123,,
1791470677.9666765,601172,frontend_frame,601,0,19875,21,8,120024064,188743680,170637312,195035136,,,,,,,,,,
1791470678.2734702,601172,tracking_feedback_accumulate,602,,19875,,,124102656,188743680,170637312,195035136,,,,,,,,2.9436000622808933,,
1791470678.27847,601172,frontend_frame,602,0,19875,21,8,124803072,188743680,170637312,195035136,,,,,,,,,,
1791470678.6465945,601172,tracking_feedback_accumulate,603,,19875,,,128717824,188743680,170637312,195035136,,,,,,,,2.901199972257018,,
1791470678.6515944,601172,frontend_frame,603,0,19875,21,8,120026112,188743680,170637312,195035136,,,,,,,,,,
1791470679.037449,601172,tracking_feedback_accumulate,604,,19875,,,124104704,188743680,170637312,195035136,,,,,,,,2.8644998092204332,,
1791470679.0414486,601172,frontend_frame,604,0,19875,21,8,124805120,188743680,170637312,195035136,,,,,,,,,,
1791470679.321967,601172,tracking_feedback_accumulate,605,,19875,,,128637952,188743680,170637312,195035136,,,,,,,,2.7737999334931374,,
1791470679.3269696,601172,frontend_frame,605,0,19875,21,8,129338368,190840832,170637312,195035136,,,,,,,,,,
1791470679.670051,601172,tracking_feedback_accumulate,606,,19875,,,119410688,190840832,170637312,195035136,,,,,,,,3.727199975401163,,
1791470679.6745598,601172,frontend_frame,606,0,19875,21,8,120111104,190840832,170637312,195035136,,,,,,,,,,
1791470680.0317612,601172,tracking_feedback_accumulate,607,,19875,,,123943936,190840832,170637312,195035136,,,,,,,,2.9072000179439783,,
1791470680.036761,601172,frontend_frame,607,0,19875,21,8,124644352,190840832,170637312,195035136,,,,,,,,,,
1791470680.377786,601172,tracking_feedback_accumulate,608,,19875,,,128804864,190840832,170637312,195035136,,,,,,,,2.933899872004986,,
1791470680.3827858,601172,frontend_frame,608,0,19875,21,8,120113152,190840832,170637312,195035136,,,,,,,,,,
1791470680.726875,601172,tracking_feedback_accumulate,609,,19875,,,123945984,190840832,170637312,195035136,,,,,,,,2.858400112017989,,
1791470680.731877,601172,frontend_frame,609,0,19875,21,8,124646400,190840832,170637312,195035136,,,,,,,,,,
1791470681.0876148,601172,tracking_feedback_accumulate,610,,19875,,,128724992,190840832,170637312,195035136,,,,,,,,2.732000080868602,,
1791470681.0926144,601172,frontend_frame,610,0,19875,21,8,129425408,169869312,170637312,195035136,,,,,,,,,,
1791470681.2316923,601172,tracking_feedback_accumulate,611,,19875,,,119415808,190840832,170637312,195035136,,,,,,,,2.798900008201599,,
1791470681.2356942,601172,frontend_frame,611,0,19875,21,8,120116224,190840832,170637312,195035136,,,,,,,,,,
1791470681.6168308,601172,tracking_feedback_accumulate,612,,19875,,,123949056,190840832,170637312,195035136,,,,,,,,2.7823999989777803,,
1791470681.6663382,601172,frontend_frame,612,0,19875,22,8,128645120,190840832,170637312,195035136,,,,,,,,,,
1791470692.1109586,601172,tracking_feedback_accumulate,613,,18996,,,123360256,190840832,170637312,195035136,,,,,,,,2.88609997369349,,
1791470692.11596,601172,frontend_frame,613,0,18996,22,8,123847680,190840832,170637312,195035136,,,,,,,,,,
1791470692.428582,601172,tracking_feedback_accumulate,614,,18996,,,127762432,190840832,170637312,195035136,,,,,,,,3.088500117883086,,
1791470692.433582,601172,frontend_frame,614,0,18996,22,8,128257536,190840832,170637312,195035136,,,,,,,,,,
1791470692.805679,601172,tracking_feedback_accumulate,615,,18996,,,132172288,211812352,173607936,211812352,,,,,,,,2.880300162360072,,
1791470692.8106802,601172,frontend_frame,615,0,18996,22,8,123685888,211812352,173607936,211812352,,,,,,,,,,
1791470693.1719499,601172,tracking_feedback_accumulate,616,,18996,,,127846400,211812352,173607936,211812352,,,,,,,,2.840599976480007,,
1791470693.1769495,601172,frontend_frame,616,0,18996,22,8,128341504,211812352,173607936,211812352,,,,,,,,,,
1791470693.4766576,601172,tracking_feedback_accumulate,617,,18996,,,132174336,211812352,173609984,211812352,,,,,,,,3.0090999789536,,
1791470693.48166,601172,frontend_frame,617,0,18996,22,8,132669952,211812352,173609984,211812352,,,,,,,,,,
1791470693.8287327,601172,tracking_feedback_accumulate,618,,18996,,,123358208,211812352,173609984,211812352,,,,,,,,2.812399994581938,,
1791470693.833732,601172,frontend_frame,618,0,18996,22,8,123853312,211812352,173609984,211812352,,,,,,,,,,
1791470694.1959536,601172,tracking_feedback_accumulate,619,,18996,,,127686144,211812352,173609984,211812352,,,,,,,,2.88640009239316,,
1791470694.201954,601172,frontend_frame,619,0,18996,22,8,128181248,211812352,173609984,211812352,,,,,,,,,,
1791470694.5241675,601172,tracking_feedback_accumulate,620,,18996,,,132259840,211812352,173613568,211812352,,,,,,,,2.8757001273334026,,
1791470694.5301673,601172,frontend_frame,620,0,18996,22,8,123773440,165675008,173613568,211812352,,,,,,,,,,
1791470694.8777037,601172,tracking_feedback_accumulate,621,,18996,,,127852032,207618048,173613568,211812352,,,,,,,,2.849400043487549,,
1791470694.8827038,601172,frontend_frame,621,0,18996,22,8,128347136,207618048,173613568,211812352,,,,,,,,,,
1791470695.2250392,601172,tracking_feedback_accumulate,622,,18996,,,132261888,209715200,173615616,211812352,,,,,,,,2.8148998972028494,,
1791470695.2300398,601172,frontend_frame,622,0,18996,22,8,132756992,211812352,173615616,211812352,,,,,,,,,,
1791470695.5751114,601172,tracking_feedback_accumulate,623,,18996,,,123363328,211812352,173615616,211812352,,,,,,,,2.8668998274952173,,
1791470695.5791113,601172,frontend_frame,623,0,18996,22,8,123858432,211812352,173615616,211812352,,,,,,,,,,
1791470695.9436328,601172,tracking_feedback_accumulate,624,,18996,,,127691264,211812352,173615616,211812352,,,,,,,,2.9171998612582684,,
1791470695.9476333,601172,frontend_frame,624,0,18996,22,8,128186368,211812352,173615616,211812352,,,,,,,,,,
1791470696.2834427,601172,tracking_feedback_accumulate,625,,18996,,,132346880,211812352,173618688,211812352,,,,,,,,5.855000112205744,,
1791470696.2904425,601172,frontend_frame,625,0,18996,22,8,123860480,211812352,173618688,211812352,,,,,,,,,,
1791470696.588015,601172,tracking_feedback_accumulate,626,,18996,,,127693312,211812352,173618688,211812352,,,,,,,,2.7837001252919436,,
1791470696.592015,601172,frontend_frame,626,0,18996,22,8,128188416,211812352,173618688,211812352,,,,,,,,,,
1791470696.9635925,601172,tracking_feedback_accumulate,627,,18996,,,132267008,211812352,173620736,211812352,,,,,,,,2.9520001262426376,,
1791470696.969234,601172,frontend_frame,627,0,18996,22,8,123780608,211812352,173620736,211812352,,,,,,,,,,
1791470697.3483405,601172,tracking_feedback_accumulate,628,,18996,,,127695360,211812352,173620736,211812352,,,,,,,,2.839599968865514,,
1791470697.3523407,601172,frontend_frame,628,0,18996,22,8,128190464,211812352,173620736,211812352,,,,,,,,,,
1791470697.6779351,601172,tracking_feedback_accumulate,629,,18996,,,132350976,211812352,173622784,211812352,,,,,,,,2.7743999380618334,,
1791470697.6829357,601172,frontend_frame,629,0,18996,22,8,132846080,211812352,173622784,211812352,,,,,,,,,,
1791470698.041054,601172,tracking_feedback_accumulate,630,,18996,,,127697408,211812352,173622784,211812352,,,,,,,,2.909500151872635,,
1791470698.0460558,601172,frontend_frame,630,0,18996,22,8,128192512,167772160,173622784,211812352,,,,,,,,,,
1791470698.4267805,601172,tracking_feedback_accumulate,631,,18996,,,132271104,188743680,173624832,211812352,,,,,,,,2.669599838554859,,
1791470698.4317803,601172,frontend_frame,631,0,18996,22,8,132766208,190840832,173624832,211812352,,,,,,,,,,
1791470698.789383,601172,tracking_feedback_accumulate,632,,18996,,,136680960,213909504,178116608,213909504,,,,,,,,2.751499880105257,,
1791470698.794383,601172,frontend_frame,632,0,18996,22,8,128194560,213909504,178116608,213909504,,,,,,,,,,
1791470699.0760202,601172,tracking_feedback_accumulate,633,,18996,,,132355072,213909504,178116608,213909504,,,,,,,,2.8484000358730555,,
1791470699.0800202,601172,frontend_frame,633,0,18996,22,8,132850176,213909504,178116608,213909504,,,,,,,,,,
1791470699.440548,601172,tracking_feedback_accumulate,634,,18996,,,136683008,213909504,178118656,213909504,,,,,,,,2.801600145176053,,
1791470699.4455497,601172,frontend_frame,634,0,18996,22,8,137178112,216006656,178118656,216006656,,,,,,,,,,
1791470699.8151662,601172,tracking_feedback_accumulate,635,,18996,,,123375616,216006656,178118656,216006656,,,,,,,,3.3388000447303057,,
1791470699.82017,601172,frontend_frame,635,0,18996,22,8,123870720,216006656,178118656,216006656,,,,,,,,,,
1791470700.1689503,601172,tracking_feedback_accumulate,636,,18996,,,127785472,216006656,178118656,216006656,,,,,,,,3.1780998688191175,,
1791470700.17295,601172,frontend_frame,636,0,18996,22,8,128280576,216006656,178118656,216006656,,,,,,,,,,
1791470700.5090177,601172,tracking_feedback_accumulate,637,,18996,,,132359168,216006656,178118656,216006656,,,,,,,,2.6572998613119125,,
1791470700.5150156,601172,frontend_frame,637,0,18996,22,8,123872768,216006656,178118656,216006656,,,,,,,,,,
1791470700.8535428,601172,tracking_feedback_accumulate,638,,18996,,,127787520,216006656,178118656,216006656,,,,,,,,2.77009978890419,,
1791470700.8585432,601172,frontend_frame,638,0,18996,22,8,128282624,216006656,178118656,216006656,,,,,,,,,,
1791470701.155142,601172,tracking_feedback_accumulate,639,,18996,,,132361216,216006656,178118656,216006656,,,,,,,,2.9593000654131174,,
1791470701.1591437,601172,frontend_frame,639,0,18996,22,8,132856320,216006656,178118656,216006656,,,,,,,,,,
1791470701.4576616,601172,tracking_feedback_accumulate,640,,18996,,,123298816,216006656,178118656,216006656,,,,,,,,2.929599955677986,,
1791470701.4621654,601172,frontend_frame,640,0,18996,22,8,123793920,165675008,178118656,216006656,,,,,,,,,,
1791470701.841815,601172,tracking_feedback_accumulate,641,,18996,,,127708672,207618048,178118656,216006656,,,,,,,,2.7956999838352203,,
1791470701.8458169,601172,frontend_frame,641,0,18996,22,8,128203776,207618048,178118656,216006656,,,,,,,,,,
1791470702.160998,601172,tracking_feedback_accumulate,642,,18996,,,132364288,209715200,178118656,216006656,,,,,,,,2.938200021162629,,
1791470702.1670027,601172,frontend_frame,642,0,18996,22,8,123877888,209715200,178118656,216006656,,,,,,,,,,
1791470702.5535948,601172,tracking_feedback_accumulate,643,,18996,,,127710720,209715200,178118656,216006656,,,,,,,,2.8782000299543142,,
1791470702.5585954,601172,frontend_frame,643,0,18996,22,8,128205824,209715200,178118656,216006656,,,,,,,,,,
1791470702.9361289,601172,tracking_feedback_accumulate,644,,18996,,,132366336,209715200,178118656,216006656,,,,,,,,3.0060000717639923,,
1791470702.9411287,601172,frontend_frame,644,0,18996,22,8,123879936,209715200,178118656,216006656,,,,,,,,,,
1791470703.192379,601172,tracking_feedback_accumulate,645,,18996,,,127794688,209715200,178118656,216006656,,,,,,,,3.047300036996603,,
1791470703.1963806,601172,frontend_frame,645,0,18996,22,8,128289792,209715200,178118656,216006656,,,,,,,,,,
1791470703.5426047,601172,tracking_feedback_accumulate,646,,18996,,,132368384,209715200,178118656,216006656,,,,,,,,2.7718001510947943,,
1791470703.5476072,601172,frontend_frame,646,0,18996,22,8,132863488,211812352,178118656,216006656,,,,,,,,,,
1791470703.8876317,601172,tracking_feedback_accumulate,647,,18996,,,127796736,211812352,178118656,216006656,,,,,,,,2.8117001056671143,,
1791470703.891633,601172,frontend_frame,647,0,18996,22,8,128291840,211812352,178118656,216006656,,,,,,,,,,
1791470704.180943,601172,tracking_feedback_accumulate,648,,18996,,,132206592,211812352,178118656,216006656,,,,,,,,2.8484000358730555,,
1791470704.1859431,601172,frontend_frame,648,0,18996,22,8,132701696,211812352,178118656,216006656,,,,,,,,,,
1791470704.4629781,601172,tracking_feedback_accumulate,649,,18996,,,136780288,213909504,178134016,216006656,,,,,,,,3.0807999428361654,,
1791470704.467978,601172,frontend_frame,649,0,18996,22,8,128293888,213909504,178134016,216006656,,,,,,,,,,
1791470704.7770813,601172,tracking_feedback_accumulate,650,,18996,,,132208640,213909504,178134016,216006656,,,,,,,,2.9488999862223864,,
1791470704.7820814,601172,frontend_frame,650,0,18996,22,8,132703744,169869312,178134016,216006656,,,,,,,,,,
1791470705.115804,601172,tracking_feedback_accumulate,651,,18996,,,136864256,192937984,178136064,216006656,,,,,,,,2.891999902203679,,
1791470705.1208045,601172,frontend_frame,651,0,18996,22,8,137359360,195035136,178136064,216006656,,,,,,,,,,
1791470705.4334395,601172,tracking_feedback_accumulate,652,,18996,,,127719936,195035136,178136064,216006656,,,,,,,,2.747500082477927,,
1791470705.4384394,601172,frontend_frame,652,0,18996,22,8,128215040,195035136,178136064,216006656,,,,,,,,,,
1791470705.7330441,601172,tracking_feedback_accumulate,653,,18996,,,132375552,195035136,178136064,216006656,,,,,,,,2.846099901944399,,
1791470705.7380445,601172,frontend_frame,653,0,18996,22,8,132870656,195035136,178136064,216006656,,,,,,,,,,
1791470706.0327003,601172,tracking_feedback_accumulate,654,,18996,,,136703488,195035136,178139136,216006656,,,,,,,,2.88009992800653,,
1791470706.0377004,601172,frontend_frame,654,0,18996,22,8,128217088,195035136,178139136,216006656,,,,,,,,,,
1791470706.3673215,601172,tracking_feedback_accumulate,655,,18996,,,132295680,195035136,178139136,216006656,,,,,,,,2.814200008288026,,
1791470706.3723218,601172,frontend_frame,655,0,18996,22,8,132790784,195035136,178139136,216006656,,,,,,,,,,
1791470706.749131,601172,tracking_feedback_accumulate,656,,18996,,,136705536,216006656,178141184,216006656,,,,,,,,2.782900119200349,,
1791470706.7541306,601172,frontend_frame,656,0,18996,22,8,137200640,216006656,178141184,216006656,,,,,,,,,,
1791470707.114898,601172,tracking_feedback_accumulate,657,,18996,,,127888896,216006656,178141184,216006656,,,,,,,,2.797699999064207,,
1791470707.118898,601172,frontend_frame,657,0,18996,22,8,128384000,216006656,178141184,216006656,,,,,,,,,,
1791470707.4564645,601172,tracking_feedback_accumulate,658,,18996,,,132298752,216006656,178141184,216006656,,,,,,,,2.892599906772375,,
1791470707.4614663,601172,frontend_frame,658,0,18996,22,8,132793856,216006656,178141184,216006656,,,,,,,,,,
1791470707.8238418,601172,tracking_feedback_accumulate,659,,18996,,,136872448,216006656,178144256,216006656,,,,,,,,2.801500027999282,,
1791470707.828842,601172,frontend_frame,659,0,18996,22,8,128386048,216006656,178144256,216006656,,,,,,,,,,
1791470708.1474524,601172,tracking_feedback_accumulate,660,,18996,,,132218880,216006656,178144256,216006656,,,,,,,,2.8875998686999083,,
1791470708.1524541,601172,frontend_frame,660,0,18996,22,8,132713984,169869312,178144256,216006656,,,,,,,,,,
1791470708.428709,601172,tracking_feedback_accumulate,661,,18996,,,136874496,192937984,178146304,216006656,,,,,,,,2.8783001471310854,,
1791470708.433709,601172,frontend_frame,661,0,18996,22,8,137369600,195035136,178146304,216006656,,,,,,,,,,
1791470708.739245,601172,tracking_feedback_accumulate,662,,18996,,,127730176,195035136,178146304,216006656,,,,,,,,2.7898000553250313,,
1791470708.744245,601172,frontend_frame,662,0,18996,22,8,128225280,195035136,178146304,216006656,,,,,,,,,,
1791470709.0674472,601172,tracking_feedback_accumulate,663,,18996,,,132385792,195035136,178146304,216006656,,,,,,,,2.787700155749917,,
1791470709.0724473,601172,frontend_frame,663,0,18996,22,8,132880896,195035136,178146304,216006656,,,,,,,,,,
1791470709.392966,601172,tracking_feedback_accumulate,664,,18996,,,123323392,195035136,178146304,216006656,,,,,,,,2.8262000996619463,,
1791470709.3979661,601172,frontend_frame,664,0,18996,22,8,123818496,195035136,178146304,216006656,,,,,,,,,,
1791470709.6995382,601172,tracking_feedback_accumulate,665,,18996,,,127733248,216006656,178146304,216006656,,,,,,,,2.8245998546481133,,
1791470709.7045407,601172,frontend_frame,665,0,18996,22,8,128228352,216006656,178146304,216006656,,,,,,,,,,
1791470710.0717614,601172,tracking_feedback_accumulate,666,,18996,,,132306944,216006656,178146304,216006656,,,,,,,,2.7505001053214073,,
1791470710.0767612,601172,frontend_frame,666,0,18996,22,8,123820544,216006656,178146304,216006656,,,,,,,,,,
1791470710.3027773,601172,tracking_feedback_accumulate,667,,18996,,,127735296,216006656,178146304,216006656,,,,,,,,2.8695999644696712,,
1791470710.3077784,601172,frontend_frame,667,0,18996,22,8,128230400,216006656,178146304,216006656,,,,,,,,,,
1791470710.6273813,601172,tracking_feedback_accumulate,668,,18996,,,132308992,216006656,178146304,216006656,,,,,,,,2.8540000785142183,,
1791470710.6313815,601172,frontend_frame,668,0,18996,22,8,132804096,216006656,178146304,216006656,,,,,,,,,,
1791470710.9739227,601172,tracking_feedback_accumulate,669,,18996,,,123410432,216006656,178146304,216006656,,,,,,,,2.8443001210689545,,
1791470710.978457,601172,frontend_frame,669,0,18996,22,8,123905536,216006656,178146304,216006656,,,,,,,,,,
1791470711.2566197,601172,tracking_feedback_accumulate,670,,18996,,,127738368,216006656,178146304,216006656,,,,,,,,2.646799897775054,,
1791470711.26162,601172,frontend_frame,670,0,18996,22,8,128233472,165675008,178146304,216006656,,,,,,,,,,
1791470711.5802,601172,tracking_feedback_accumulate,671,,18996,,,132393984,188743680,178146304,216006656,,,,,,,,2.90870014578104,,
1791470711.5851998,601172,frontend_frame,671,0,18996,22,8,123907584,188743680,178146304,216006656,,,,,,,,,,
1791470711.9238288,601172,tracking_feedback_accumulate,672,,18996,,,127740416,188743680,178146304,216006656,,,,,,,,2.828700002282858,,
1791470711.9278288,601172,frontend_frame,672,0,18996,22,8,128235520,188743680,178146304,216006656,,,,,,,,,,
1791470712.1560926,601172,tracking_feedback_accumulate,673,,18996,,,132314112,188743680,178146304,216006656,,,,,,,,2.8790999203920364,,
1791470712.1610913,601172,frontend_frame,673,0,18996,22,8,132809216,190840832,178146304,216006656,,,,,,,,,,
1791470712.5152216,601172,tracking_feedback_accumulate,674,,18996,,,123415552,211812352,178146304,216006656,,,,,,,,2.8651999309659004,,
1791470712.5202222,601172,frontend_frame,674,0,18996,22,8,123910656,211812352,178146304,216006656,,,,,,,,,,
1791470712.8775835,601172,tracking_feedback_accumulate,675,,18996,,,127743488,211812352,178146304,216006656,,,,,,,,2.884000074118376,,
1791470712.882583,601172,frontend_frame,675,0,18996,22,8,128238592,211812352,178146304,216006656,,,,,,,,,,
1791470713.121904,601172,tracking_feedback_accumulate,676,,18996,,,132399104,211812352,178146304,216006656,,,,,,,,2.8198000509291887,,
1791470713.1269038,601172,frontend_frame,676,0,18996,22,8,123912704,211812352,178146304,216006656,,,,,,,,,,
1791470713.5241249,601172,tracking_feedback_accumulate,677,,18996,,,127827456,211812352,178146304,216006656,,,,,,,,2.7501999866217375,,
1791470713.5291252,601172,frontend_frame,677,0,18996,22,8,128322560,211812352,178146304,216006656,,,,,,,,,,
1791470713.7311373,601172,tracking_feedback_accumulate,678,,18996,,,132237312,211812352,178146304,216006656,,,,,,,,2.9423998203128576,,
1791470713.7361374,601172,frontend_frame,678,0,18996,22,8,132732416,211812352,178146304,216006656,,,,,,,,,,
1791470714.1383567,601172,tracking_feedback_accumulate,679,,18996,,,123420672,211812352,178146304,216006656,,,,,,,,2.9116999357938766,,
1791470714.1423562,601172,frontend_frame,679,0,18996,22,8,123915776,211812352,178146304,216006656,,,,,,,,,,
1791470714.4488754,601172,tracking_feedback_accumulate,680,,18996,,,127748608,211812352,178146304,216006656,,,,,,,,2.8462999034672976,,
1791470714.4548771,601172,frontend_frame,680,0,18996,22,8,128243712,165675008,178146304,216006656,,,,,,,,,,
1791470714.8284526,601172,tracking_feedback_accumulate,681,,18996,,,123422720,188743680,178146304,216006656,,,,,,,,2.90969992056489,,
1791470714.8334527,601172,frontend_frame,681,0,18996,22,8,123917824,188743680,178146304,216006656,,,,,,,,,,
1791470715.0796676,601172,tracking_feedback_accumulate,682,,18996,,,127750656,188743680,178146304,216006656,,,,,,,,2.780300099402666,,
1791470715.0846674,601172,frontend_frame,682,0,18996,22,8,128245760,188743680,178146304,216006656,,,,,,,,,,
1791470715.4812028,601172,tracking_feedback_accumulate,683,,18996,,,132324352,188743680,178146304,216006656,,,,,,,,2.910599811002612,,
1791470715.486203,601172,frontend_frame,683,0,18996,22,8,123837952,188743680,178146304,216006656,,,,,,,,,,
1791470715.8198001,601172,tracking_feedback_accumulate,684,,18996,,,127916544,209715200,178146304,216006656,,,,,,,,2.7974999975413084,,
1791470715.8247998,601172,frontend_frame,684,0,18996,22,8,128411648,209715200,178146304,216006656,,,,,,,,,,
1791470716.1100786,601172,tracking_feedback_accumulate,685,,18996,,,132326400,209715200,178146304,216006656,,,,,,,,2.7697000186890364,,
1791470716.1160786,601172,frontend_frame,685,0,18996,22,8,132821504,211812352,178146304,216006656,,,,,,,,,,
1791470716.488112,601172,tracking_feedback_accumulate,686,,18996,,,123264000,211812352,178146304,216006656,,,,,,,,3.160799853503704,,
1791470716.4931118,601172,frontend_frame,686,0,18996,22,8,123759104,211812352,178146304,216006656,,,,,,,,,,
1791470716.8767974,601172,tracking_feedback_accumulate,687,,18996,,,127919616,211812352,178146304,216006656,,,,,,,,3.043999895453453,,
1791470716.880797,601172,frontend_frame,687,0,18996,22,8,128414720,211812352,178146304,216006656,,,,,,,,,,
1791470717.0937247,601172,tracking_feedback_accumulate,688,,18996,,,132247552,211812352,178146304,216006656,,,,,,,,2.8464999049901962,,
1791470717.0987248,601172,frontend_frame,688,0,18996,22,8,123761152,211812352,178146304,216006656,,,,,,,,,,
1791470717.4622436,601172,tracking_feedback_accumulate,689,,18996,,,127839744,211812352,178146304,216006656,,,,,,,,2.7088001370429993,,
1791470717.4672434,601172,frontend_frame,689,0,18996,22,8,128334848,211812352,178146304,216006656,,,,,,,,,,
1791470717.8653295,601172,tracking_feedback_accumulate,690,,18996,,,132413440,211812352,178146304,216006656,,,,,,,,2.9899999499320984,,
1791470717.869831,601172,frontend_frame,690,0,18996,22,8,132908544,169869312,178146304,216006656,,,,,,,,,,
1791470718.2575517,601172,tracking_feedback_accumulate,691,,18996,,,123269120,190840832,178146304,216006656,,,,,,,,4.7339999582618475,,
1791470718.2625513,601172,frontend_frame,691,0,18996,22,8,123764224,190840832,178146304,216006656,,,,,,,,,,
1791470718.6170344,601172,tracking_feedback_accumulate,692,,18996,,,127842816,190840832,178146304,216006656,,,,,,,,2.8576001059263945,,
1791470718.6220345,601172,frontend_frame,692,0,18996,22,8,128337920,190840832,178146304,216006656,,,,,,,,,,
1791470718.8705595,601172,tracking_feedback_accumulate,693,,18996,,,132416512,211812352,178146304,216006656,,,,,,,,2.8642001561820507,,
1791470718.8755596,601172,frontend_frame,693,0,18996,22,8,123930112,211812352,178146304,216006656,,,,,,,,,,
1791470719.2272522,601172,tracking_feedback_accumulate,694,,18996,,,127844864,211812352,178146304,216006656,,,,,,,,2.770200138911605,,
1791470719.2322521,601172,frontend_frame,694,0,18996,22,8,128339968,211812352,178146304,216006656,,,,,,,,,,
1791470719.4262645,601172,tracking_feedback_accumulate,695,,18996,,,132418560,211812352,178146304,216006656,,,,,,,,3.076799912378192,,
1791470719.4312665,601172,frontend_frame,695,0,18996,22,8,132913664,211812352,178146304,216006656,,,,,,,,,,
1791470719.7834468,601172,tracking_feedback_accumulate,696,,18996,,,123274240,211812352,178146304,216006656,,,,,,,,2.926900051534176,,
1791470719.7884467,601172,frontend_frame,696,0,18996,22,8,123769344,211812352,178146304,216006656,,,,,,,,,,
1791470720.1573484,601172,tracking_feedback_accumulate,697,,18996,,,127847936,211812352,178146304,216006656,,,,,,,,2.8910001274198294,,
1791470720.1613476,601172,frontend_frame,697,0,18996,22,8,128343040,211812352,178146304,216006656,,,,,,,,,,
1791470720.5464365,601172,tracking_feedback_accumulate,698,,18996,,,123440128,211812352,178146304,216006656,,,,,,,,2.85649998113513,,
1791470720.5504363,601172,frontend_frame,698,0,18996,22,8,123935232,211812352,178146304,216006656,,,,,,,,,,
1791470720.7936244,601172,tracking_feedback_accumulate,699,,18996,,,127768064,211812352,178146304,216006656,,,,,,,,3.0129998922348022,,
1791470720.7986243,601172,frontend_frame,699,0,18996,22,8,128263168,211812352,178146304,216006656,,,,,,,,,,
1791470721.1508017,601172,tracking_feedback_accumulate,700,,18996,,,132341760,211812352,178146304,216006656,,,,,,,,2.79999990016222,,
1791470721.1568036,601172,frontend_frame,700,0,18996,22,8,123855360,165675008,178146304,216006656,,,,,,,,,,
1791470721.4498332,601172,tracking_feedback_accumulate,701,,18996,,,127933952,207618048,178146304,216006656,,,,,,,,2.8496000450104475,,
1791470721.4548333,601172,frontend_frame,701,0,18996,22,8,128429056,207618048,178146304,216006656,,,,,,,,,,
1791470721.7354398,601172,tracking_feedback_accumulate,702,,18996,,,132343808,209715200,178146304,216006656,,,,,,,,3.134199883788824,,
1791470721.740564,601172,frontend_frame,702,0,18996,22,8,132838912,211812352,178146304,216006656,,,,,,,,,,
1791470722.097863,601172,tracking_feedback_accumulate,703,,18996,,,123281408,211812352,178146304,216006656,,,,,,,,2.861199900507927,,
1791470722.101863,601172,frontend_frame,703,0,18996,22,8,123776512,211812352,178146304,216006656,,,,,,,,,,
1791470722.3683891,601172,tracking_feedback_accumulate,704,,18996,,,127855104,211812352,178146304,216006656,,,,,,,,3.228499786928296,,
1791470722.3729002,601172,frontend_frame,704,0,18996,22,8,128350208,211812352,178146304,216006656,,,,,,,,,,
1791470722.7415347,601172,tracking_feedback_accumulate,705,,18996,,,132264960,211812352,178146304,216006656,,,,,,,,2.877800026908517,,
1791470722.7465348,601172,frontend_frame,705,0,18996,22,8,123778560,211812352,178146304,216006656,,,,,,,,,,
1791470723.0933309,601172,tracking_feedback_accumulate,706,,18996,,,127857152,211812352,178146304,216006656,,,,,,,,2.868299838155508,,
1791470723.0973306,601172,frontend_frame,706,0,18996,22,8,128352256,211812352,178146304,216006656,,,,,,,,,,
1791470723.3063443,601172,tracking_feedback_accumulate,707,,18996,,,132430848,211812352,178146304,216006656,,,,,,,,2.8053000569343567,,
1791470723.3113444,601172,frontend_frame,707,0,18996,22,8,132925952,211812352,178146304,216006656,,,,,,,,,,
1791470723.6323035,601172,tracking_feedback_accumulate,708,,18996,,,123368448,211812352,178146304,216006656,,,,,,,,3.1578000634908676,,
1791470723.6373034,601172,frontend_frame,708,0,18996,22,8,123863552,211812352,178146304,216006656,,,,,,,,,,
1791470724.0298824,601172,tracking_feedback_accumulate,709,,18996,,,127778304,211812352,178146304,216006656,,,,,,,,2.844699891284108,,
1791470724.0344303,601172,frontend_frame,709,0,18996,22,8,128273408,211812352,178146304,216006656,,,,,,,,,,
1791470724.3894794,601172,tracking_feedback_accumulate,710,,18996,,,132433920,211812352,178146304,216006656,,,,,,,,2.8132000006735325,,
1791470724.3954802,601172,frontend_frame,710,0,18996,22,8,123947520,165675008,178146304,216006656,,,,,,,,,,
1791470724.8035548,601172,tracking_feedback_accumulate,711,,18996,,,127862272,186646528,178146304,216006656,,,,,,,,2.9286998324096203,,
1791470724.8085544,601172,frontend_frame,711,0,18996,22,8,128357376,186646528,178146304,216006656,,,,,,,,,,
1791470725.154325,601172,tracking_feedback_accumulate,712,,18996,,,132435968,209715200,178146304,216006656,,,,,,,,2.95290001668036,,
1791470725.1593268,601172,frontend_frame,712,0,18996,22,8,132931072,211812352,178146304,216006656,,,,,,,,,,
1791470725.4368467,601172,tracking_feedback_accumulate,713,,18996,,,123291648,211812352,178146304,216006656,,,,,,,,2.6772001292556524,,
1791470725.4418468,601172,frontend_frame,713,0,18996,22,8,123786752,211812352,178146304,216006656,,,,,,,,,,
1791470725.750423,601172,tracking_feedback_accumulate,714,,18996,,,127947264,211812352,178146304,216006656,,,,,,,,2.7314999606460333,,
1791470725.755423,601172,frontend_frame,714,0,18996,22,8,128442368,211812352,178146304,216006656,,,,,,,,,,
1791470726.0570886,601172,tracking_feedback_accumulate,715,,18996,,,123293696,211812352,178146304,216006656,,,,,,,,3.464799840003252,,
1791470726.0610907,601172,frontend_frame,715,0,18996,22,8,123788800,211812352,178146304,216006656,,,,,,,,,,
1791470726.3567533,601172,tracking_feedback_accumulate,716,,18996,,,127949312,211812352,178146304,216006656,,,,,,,,2.898699836805463,,
1791470726.3617587,601172,frontend_frame,716,0,18996,22,8,128444416,211812352,178146304,216006656,,,,,,,,,,
1791470726.683385,601172,tracking_feedback_accumulate,717,,18996,,,132359168,211812352,178146304,216006656,,,,,,,,2.737900009378791,,
1791470726.688385,601172,frontend_frame,717,0,18996,22,8,123872768,211812352,178146304,216006656,,,,,,,,,,
1791470727.025517,601172,tracking_feedback_accumulate,718,,18996,,,127951360,211812352,178146304,216006656,,,,,,,,3.072099993005395,,
1791470727.030567,601172,frontend_frame,718,0,18996,22,8,128446464,211812352,178146304,216006656,,,,,,,,,,
1791470727.3221347,601172,tracking_feedback_accumulate,719,,18996,,,132279296,211812352,178146304,216006656,,,,,,,,2.8365999460220337,,
1791470727.3271346,601172,frontend_frame,719,0,18996,22,8,132774400,211812352,178146304,216006656,,,,,,,,,,
1791470727.6457102,601172,tracking_feedback_accumulate,720,,18996,,,123380736,211812352,178146304,216006656,,,,,,,,2.848300151526928,,
1791470727.6952243,601172,frontend_frame,720,0,18996,23,8,127871488,211812352,178146304,216006656,,,,,,,,,,
1791470738.1353598,601172,tracking_feedback_accumulate,721,,18686,,,131765760,211812352,178146304,216006656,,,,,,,,2.7988001238554716,,
1791470738.1403606,601172,frontend_frame,721,0,18686,23,8,132177408,211812352,178146304,216006656,,,,,,,,,,
1791470738.5286622,601172,tracking_feedback_accumulate,722,,18686,,,127354880,211812352,178146304,216006656,,,,,,,,2.8192000463604927,,
1791470738.5331678,601172,frontend_frame,722,0,18686,23,8,127769600,211812352,178146304,216006656,,,,,,,,,,
1791470738.9241986,601172,tracking_feedback_accumulate,723,,18686,,,131684352,211812352,178146304,216006656,,,,,,,,2.8369000647217035,,
1791470738.9292014,601172,frontend_frame,723,0,18686,23,8,132099072,211812352,178146304,216006656,,,,,,,,,,
1791470739.2403886,601172,tracking_feedback_accumulate,724,,18686,,,136177664,211812352,178146304,216006656,,,,,,,,2.9593000654131174,,
1791470739.2453885,601172,frontend_frame,724,0,18686,23,8,127771648,211812352,178146304,216006656,,,,,,,,,,
1791470739.4729142,601172,tracking_feedback_accumulate,725,,18686,,,131686400,211812352,178146304,216006656,,,,,,,,2.8522000648081303,,
1791470739.4769156,601172,frontend_frame,725,0,18686,23,8,132101632,211812352,178146304,216006656,,,,,,,,,,
1791470739.7800093,601172,tracking_feedback_accumulate,726,,18686,,,136262144,211812352,178146304,216006656,,,,,,,,3.1985000241547823,,
1791470739.7860122,601172,frontend_frame,726,0,18686,23,8,136676864,211812352,178146304,216006656,,,,,,,,,,
1791470740.0516555,601172,tracking_feedback_accumulate,727,,18686,,,127278592,211812352,178146304,216006656,,,,,,,,2.8479001484811306,,
1791470740.056656,601172,frontend_frame,727,0,18686,23,8,127693312,211812352,178146304,216006656,,,,,,,,,,
1791470740.392753,601172,tracking_feedback_accumulate,728,,18686,,,131771904,211812352,178146304,216006656,,,,,,,,2.851800061762333,,
1791470740.3967528,601172,frontend_frame,728,0,18686,23,8,132186624,211812352,178146304,216006656,,,,,,,,,,
1791470740.7508414,601172,tracking_feedback_accumulate,729,,18686,,,136101376,211812352,178146304,216006656,,,,,,,,2.8448000084608793,,
1791470740.7558413,601172,frontend_frame,729,0,18686,23,8,127695360,211812352,178146304,216006656,,,,,,,,,,
1791470741.0795228,601172,tracking_feedback_accumulate,730,,18686,,,131773952,211812352,178146304,216006656,,,,,,,,2.7973998803645372,,
1791470741.0850267,601172,frontend_frame,730,0,18686,23,8,132188672,165675008,178146304,216006656,,,,,,,,,,
1791470741.4826179,601172,tracking_feedback_accumulate,731,,18686,,,136103424,209715200,178146304,216006656,,,,,,,,2.8929999098181725,,
1791470741.4876177,601172,frontend_frame,731,0,18686,23,8,136518144,211812352,178146304,216006656,,,,,,,,,,
1791470741.838251,601172,tracking_feedback_accumulate,732,,18686,,,127365632,211812352,178146304,216006656,,,,,,,,2.7002000715583563,,
1791470741.843251,601172,frontend_frame,732,0,18686,23,8,127780352,211812352,178146304,216006656,,,,,,,,,,
1791470742.0939302,601172,tracking_feedback_accumulate,733,,18686,,,131695104,211812352,178146304,216006656,,,,,,,,2.8615999035537243,,
1791470742.09793,601172,frontend_frame,733,0,18686,23,8,132109824,211812352,178146304,216006656,,,,,,,,,,
1791470742.4542346,601172,tracking_feedback_accumulate,734,,18686,,,136270336,211812352,178146304,216006656,,,,,,,,2.8516999445855618,,
1791470742.4592347,601172,frontend_frame,734,0,18686,23,8,127864320,211812352,178146304,216006656,,,,,,,,,,
1791470742.7424574,601172,tracking_feedback_accumulate,735,,18686,,,131779072,211812352,178146304,216006656,,,,,,,,2.8830000665038824,,
1791470742.7479773,601172,frontend_frame,735,0,18686,23,8,132193792,211812352,178146304,216006656,,,,,,,,,,
1791470743.0417757,601172,tracking_feedback_accumulate,736,,18686,,,136272384,211812352,178146304,216006656,,,,,,,,2.8067000675946474,,
1791470743.046307,601172,frontend_frame,736,0,18686,23,8,136687104,211812352,178146304,216006656,,,,,,,,,,
1791470743.3771083,601172,tracking_feedback_accumulate,737,,18686,,,127370752,211812352,178146304,216006656,,,,,,,,2.8331000357866287,,
1791470743.3816097,601172,frontend_frame,737,0,18686,23,8,127785472,211812352,178146304,216006656,,,,,,,,,,
1791470743.746182,601172,tracking_feedback_accumulate,738,,18686,,,131700224,211812352,178146304,216006656,,,,,,,,2.807999961078167,,
1791470743.750182,601172,frontend_frame,738,0,18686,23,8,132114944,211812352,178146304,216006656,,,,,,,,,,
1791470744.115335,601172,tracking_feedback_accumulate,739,,18686,,,127372800,211812352,178146304,216006656,,,,,,,,2.9244001489132643,,
1791470744.119335,601172,frontend_frame,739,0,18686,23,8,127787520,211812352,178146304,216006656,,,,,,,,,,
1791470744.5090742,601172,tracking_feedback_accumulate,740,,18686,,,131866112,211812352,178146304,216006656,,,,,,,,2.9467998538166285,,
1791470744.515074,601172,frontend_frame,740,0,18686,23,8,132280832,165675008,178146304,216006656,,,,,,,,,,
1791470744.7975988,601172,tracking_feedback_accumulate,741,,18686,,,136113664,209715200,178146304,216006656,,,,,,,,2.828500000759959,,
1791470744.8025987,601172,frontend_frame,741,0,18686,23,8,127707648,209715200,178146304,216006656,,,,,,,,,,
1791470745.0913398,601172,tracking_feedback_accumulate,742,,18686,,,131868160,209715200,178146304,216006656,,,,,,,,2.8462999034672976,,
1791470745.095339,601172,frontend_frame,742,0,18686,23,8,132282880,209715200,178146304,216006656,,,,,,,,,,
1791470745.417289,601172,tracking_feedback_accumulate,743,,18686,,,136115712,209715200,178146304,216006656,,,,,,,,3.073300002142787,,
1791470745.4222908,601172,frontend_frame,743,0,18686,23,8,136530432,211812352,178146304,216006656,,,,,,,,,,
1791470745.741379,601172,tracking_feedback_accumulate,744,,18686,,,127377920,211812352,178146304,216006656,,,,,,,,2.820200053974986,,
1791470745.746379,601172,frontend_frame,744,0,18686,23,8,127792640,211812352,178146304,216006656,,,,,,,,,,
1791470746.1164982,601172,tracking_feedback_accumulate,745,,18686,,,131871232,211812352,178146304,216006656,,,,,,,,2.835499821230769,,
1791470746.1204984,601172,frontend_frame,745,0,18686,23,8,132285952,211812352,178146304,216006656,,,,,,,,,,
1791470746.451212,601172,tracking_feedback_accumulate,746,,18686,,,136200704,211812352,178146304,216006656,,,,,,,,2.835499821230769,,
1791470746.456212,601172,frontend_frame,746,0,18686,23,8,127794688,211812352,178146304,216006656,,,,,,,,,,
1791470746.743299,601172,tracking_feedback_accumulate,747,,18686,,,131709440,211812352,178146304,216006656,,,,,,,,2.6684000622481108,,
1791470746.747299,601172,frontend_frame,747,0,18686,23,8,132124160,211812352,178146304,216006656,,,,,,,,,,
1791470747.0825143,601172,tracking_feedback_accumulate,748,,18686,,,136284672,211812352,178146304,216006656,,,,,,,,2.710999920964241,,
1791470747.0870204,601172,frontend_frame,748,0,18686,23,8,136699392,211812352,178146304,216006656,,,,,,,,,,
1791470747.4171321,601172,tracking_feedback_accumulate,749,,18686,,,127383040,211812352,178146304,216006656,,,,,,,,2.8242000844329596,,
1791470747.4221313,601172,frontend_frame,749,0,18686,23,8,127797760,211812352,178146304,216006656,,,,,,,,,,
1791470747.5827608,601172,tracking_feedback_accumulate,750,,18686,,,131876352,211812352,178146304,216006656,,,,,,,,2.84319999627769,,
1791470747.587267,601172,frontend_frame,750,0,18686,23,8,132291072,165675008,178146304,216006656,,,,,,,,,,
1791470747.9152915,601172,tracking_feedback_accumulate,751,,18686,,,136205824,209715200,178146304,216006656,,,,,,,,3.087099874392152,,
1791470747.9703085,601172,frontend_frame,751,0,18686,24,8,131795456,209715200,178146304,216006656,,,,,,,,,,
1791470758.3585691,601172,tracking_feedback_accumulate,752,,18791,,,135884800,209715200,178146304,216006656,,,,,,,,2.7677000034600496,,
1791470758.3635695,601172,frontend_frame,752,0,18791,24,8,136330240,209715200,178146304,216006656,,,,,,,,,,
1791470758.63536,601172,tracking_feedback_accumulate,753,,18791,,,140163072,209715200,180757504,216006656,,,,,,,,4.129800014197826,,
1791470758.6403596,601172,frontend_frame,753,0,18791,24,8,131757056,209715200,180757504,216006656,,,,,,,,,,
1791470758.9038863,601172,tracking_feedback_accumulate,754,,18791,,,135917568,209715200,180757504,216006656,,,,,,,,2.8780000284314156,,
1791470758.9078858,601172,frontend_frame,754,0,18791,24,8,136362496,209715200,180757504,216006656,,,,,,,,,,
1791470759.265038,601172,tracking_feedback_accumulate,755,,18791,,,140195328,211812352,180789760,216006656,,,,,,,,2.8499001637101173,,
1791470759.2700384,601172,frontend_frame,755,0,18791,24,8,140640256,213909504,180789760,216006656,,,,,,,,,,
1791470759.6571915,601172,tracking_feedback_accumulate,756,,18791,,,131479040,213909504,180789760,216006656,,,,,,,,2.6428999844938517,,
1791470759.6611915,601172,frontend_frame,756,0,18791,24,8,131924480,213909504,180789760,216006656,,,,,,,,,,
1791470760.0438569,601172,tracking_feedback_accumulate,757,,18791,,,135839232,213909504,180789760,216006656,,,,,,,,2.6903999969363213,,
1791470760.0488575,601172,frontend_frame,757,0,18791,24,8,136284160,213909504,180789760,216006656,,,,,,,,,,
1791470760.4191117,601172,tracking_feedback_accumulate,758,,18791,,,140362752,213909504,181613568,216006656,,,,,,,,2.9157998505979776,,
1791470760.4241104,601172,frontend_frame,758,0,18791,24,8,131926528,213909504,181613568,216006656,,,,,,,,,,
1791470760.769817,601172,tracking_feedback_accumulate,759,,18791,,,135841280,213909504,181613568,216006656,,,,,,,,2.9444999527186155,,
1791470760.774817,601172,frontend_frame,759,0,18791,24,8,136286208,213909504,181613568,216006656,,,,,,,,,,
1791470761.1720593,601172,tracking_feedback_accumulate,760,,18791,,,140200960,213909504,181615616,216006656,,,,,,,,2.728900173678994,,
1791470761.1770632,601172,frontend_frame,760,0,18791,24,8,140645888,169869312,181615616,216006656,,,,,,,,,,
1791470761.547256,601172,tracking_feedback_accumulate,761,,18791,,,131402752,211812352,181615616,216006656,,,,,,,,2.919199876487255,,
1791470761.552256,601172,frontend_frame,761,0,18791,24,8,131847680,211812352,181615616,216006656,,,,,,,,,,
1791470761.9533644,601172,tracking_feedback_accumulate,762,,18791,,,135926272,211812352,181615616,216006656,,,,,,,,2.8152000159025192,,
1791470761.9573646,601172,frontend_frame,762,0,18791,24,8,136371200,211812352,181615616,216006656,,,,,,,,,,
1791470762.329502,601172,tracking_feedback_accumulate,763,,18791,,,140204032,211812352,181615616,216006656,,,,,,,,2.850700169801712,,
1791470762.3345025,601172,frontend_frame,763,0,18791,24,8,131767808,211812352,181615616,216006656,,,,,,,,,,
1791470762.7074945,601172,tracking_feedback_accumulate,764,,18791,,,135928320,211812352,181615616,216006656,,,,,,,,2.9303000774234533,,
1791470762.7124944,601172,frontend_frame,764,0,18791,24,8,136373248,211812352,181615616,216006656,,,,,,,,,,
1791470763.0471027,601172,tracking_feedback_accumulate,765,,18791,,,140288000,211812352,181615616,216006656,,,,,,,,2.7485000900924206,,
1791470763.0531027,601172,frontend_frame,765,0,18791,24,8,131851776,211812352,181615616,216006656,,,,,,,,,,
1791470763.320185,601172,tracking_feedback_accumulate,766,,18791,,,135766528,211812352,181615616,216006656,,,,,,,,2.795000094920397,,
1791470763.3251848,601172,frontend_frame,766,0,18791,24,8,136211456,211812352,181615616,216006656,,,,,,,,,,
1791470763.6794906,601172,tracking_feedback_accumulate,767,,18791,,,140371968,211812352,181615616,216006656,,,,,,,,2.873899880796671,,
1791470763.6844904,601172,frontend_frame,767,0,18791,24,8,140816896,213909504,181615616,216006656,,,,,,,,,,
1791470763.9110076,601172,tracking_feedback_accumulate,768,,18791,,,135768576,213909504,181615616,216006656,,,,,,,,2.8814999386668205,,
1791470763.9160068,601172,frontend_frame,768,0,18791,24,8,136213504,213909504,181615616,216006656,,,,,,,,,,
1791470764.2956405,601172,tracking_feedback_accumulate,769,,18791,,,140374016,213909504,181615616,216006656,,,,,,,,2.8204000554978848,,
1791470764.299641,601172,frontend_frame,769,0,18791,24,8,140818944,213909504,181615616,216006656,,,,,,,,,,
1791470764.6407917,601172,tracking_feedback_accumulate,770,,18791,,,144733696,216006656,185246208,216006656,,,,,,,,2.8156000189483166,,
1791470764.6467917,601172,frontend_frame,770,0,18791,24,8,136297472,190840832,185246208,216006656,,,,,,,,,,
1791470764.9488144,601172,tracking_feedback_accumulate,771,,18791,,,140376064,211812352,185246208,216006656,,,,,,,,2.792299957945943,,
1791470764.9528146,601172,frontend_frame,771,0,18791,24,8,140820992,211812352,185246208,216006656,,,,,,,,,,
1791470765.3069875,601172,tracking_feedback_accumulate,772,,18791,,,144653824,216006656,185248256,216006656,,,,,,,,2.8385999612510204,,
1791470765.3119872,601172,frontend_frame,772,0,18791,24,8,145098752,216006656,185248256,216006656,,,,,,,,,,
1791470765.6536438,601172,tracking_feedback_accumulate,773,,18791,,,135855616,216006656,185248256,216006656,,,,,,,,3.0441000126302242,,
1791470765.6586437,601172,frontend_frame,773,0,18791,24,8,136300544,216006656,185248256,216006656,,,,,,,,,,
1791470766.0012782,601172,tracking_feedback_accumulate,774,,18791,,,140379136,216006656,185248256,216006656,,,,,,,,2.901999978348613,,
1791470766.051346,601172,frontend_frame,774,0,18791,25,8,144819712,216006656,185248256,216006656,,,,,,,,,,
1791470776.516328,601172,tracking_feedback_accumulate,775,,19054,,,139872768,216006656,185248256,216006656,,,,,,,,2.797099994495511,,
1791470776.5213313,601172,frontend_frame,775,0,19054,25,8,140379648,216006656,185248256,216006656,,,,,,,,,,
1791470776.7768502,601172,tracking_feedback_accumulate,776,,19054,,,144294400,216006656,185967104,216006656,,,,,,,,3.1516000162810087,,
1791470776.78185,601172,frontend_frame,776,0,19054,25,8,144799744,216006656,185967104,216006656,,,,,,,,,,
1791470777.0809932,601172,tracking_feedback_accumulate,777,,19054,,,148878336,216006656,190469120,216006656,,,,,,,,2.7902000583708286,,
1791470777.0859985,601172,frontend_frame,777,0,19054,25,8,140381696,216006656,190469120,216006656,,,,,,,,,,
1791470777.361528,601172,tracking_feedback_accumulate,778,,19054,,,144460288,216006656,190469120,216006656,,,,,,,,2.9368000105023384,,
1791470777.366528,601172,frontend_frame,778,0,19054,25,8,144965632,216006656,190469120,216006656,,,,,,,,,,
1791470777.7057073,601172,tracking_feedback_accumulate,779,,19054,,,148880384,216006656,190471168,216006656,,,,,,,,2.8576001059263945,,
1791470777.7117074,601172,frontend_frame,779,0,19054,25,8,149386240,218103808,190471168,218103808,,,,,,,,,,
1791470778.0817893,601172,tracking_feedback_accumulate,780,,19054,,,135357440,218103808,190471168,218103808,,,,,,,,2.8369000647217035,,
1791470778.0867913,601172,frontend_frame,780,0,19054,25,8,135862784,165675008,190471168,218103808,,,,,,,,,,
1791470778.4640796,601172,tracking_feedback_accumulate,781,,19054,,,139941376,207618048,190471168,218103808,,,,,,,,3.227700013667345,,
1791470778.471081,601172,frontend_frame,781,0,19054,25,8,140446720,209715200,190471168,218103808,,,,,,,,,,
1791470778.7346504,601172,tracking_feedback_accumulate,782,,19054,,,135523328,211812352,190471168,218103808,,,,,,,,2.9154999647289515,,
1791470778.7386503,601172,frontend_frame,782,0,19054,25,8,136028672,211812352,190471168,218103808,,,,,,,,,,
1791470779.0568366,601172,tracking_feedback_accumulate,783,,19054,,,139943424,211812352,190471168,218103808,,,,,,,,3.063600044697523,,
1791470779.0618386,601172,frontend_frame,783,0,19054,25,8,140448768,211812352,190471168,218103808,,,,,,,,,,
1791470779.362359,601172,tracking_feedback_accumulate,784,,19054,,,144527360,211812352,190471168,218103808,,,,,,,,2.987900050356984,,
1791470779.367359,601172,frontend_frame,784,0,19054,25,8,136030720,211812352,190471168,218103808,,,,,,,,,,
1791470779.7665215,601172,tracking_feedback_accumulate,785,,19054,,,139945472,211812352,190471168,218103808,,,,,,,,3.07859992608428,,
1791470779.7725213,601172,frontend_frame,785,0,19054,25,8,140450816,211812352,190471168,218103808,,,,,,,,,,
1791470780.1321166,601172,tracking_feedback_accumulate,786,,19054,,,144365568,211812352,190471168,218103808,,,,,,,,2.857599873095751,,
1791470780.1371164,601172,frontend_frame,786,0,19054,25,8,144870912,213909504,190471168,218103808,,,,,,,,,,
1791470780.43764,601172,tracking_feedback_accumulate,787,,19054,,,135528448,213909504,190471168,218103808,,,,,,,,2.7689000125974417,,
1791470780.4416397,601172,frontend_frame,787,0,19054,25,8,136033792,213909504,190471168,218103808,,,,,,,,,,
1791470780.7322495,601172,tracking_feedback_accumulate,788,,19054,,,139948544,213909504,190471168,218103808,,,,,,,,2.758400049060583,,
1791470780.7362497,601172,frontend_frame,788,0,19054,25,8,140453888,213909504,190471168,218103808,,,,,,,,,,
1791470781.055232,601172,tracking_feedback_accumulate,789,,19054,,,144368640,213909504,190471168,218103808,,,,,,,,3.0354999471455812,,
1791470781.0602326,601172,frontend_frame,789,0,19054,25,8,135872000,213909504,190471168,218103808,,,,,,,,,,
1791470781.366645,601172,tracking_feedback_accumulate,790,,19054,,,140032512,213909504,190471168,218103808,,,,,,,,2.8599000070244074,,
1791470781.371645,601172,frontend_frame,790,0,19054,25,8,140537856,188743680,190471168,218103808,,,,,,,,,,
1791470781.7177174,601172,tracking_feedback_accumulate,791,,19054,,,144452608,211812352,190471168,218103808,,,,,,,,2.772900043055415,,
1791470781.7227175,601172,frontend_frame,791,0,19054,25,8,144957952,213909504,190471168,218103808,,,,,,,,,,
1791470782.0348306,601172,tracking_feedback_accumulate,792,,19054,,,135369728,213909504,190471168,218103808,,,,,,,,2.7987000066787004,,
1791470782.0398307,601172,frontend_frame,792,0,19054,25,8,135875072,213909504,190471168,218103808,,,,,,,,,,
1791470782.3938823,601172,tracking_feedback_accumulate,793,,19054,,,139953664,213909504,190471168,218103808,,,,,,,,2.882600063458085,,
1791470782.3988822,601172,frontend_frame,793,0,19054,25,8,140459008,213909504,190471168,218103808,,,,,,,,,,
1791470782.7387495,601172,tracking_feedback_accumulate,794,,19054,,,144537600,213909504,190471168,218103808,,,,,,,,2.8151001315563917,,
1791470782.7437494,601172,frontend_frame,794,0,19054,25,8,136040960,213909504,190471168,218103808,,,,,,,,,,
1791470783.0521185,601172,tracking_feedback_accumulate,795,,19054,,,139873792,213909504,190471168,218103808,,,,,,,,2.924799919128418,,
1791470783.0571182,601172,frontend_frame,795,0,19054,25,8,140379136,213909504,190471168,218103808,,,,,,,,,,
1791470783.3376412,601172,tracking_feedback_accumulate,796,,19054,,,144457728,213909504,190471168,218103808,,,,,,,,2.865100046619773,,
1791470783.3426414,601172,frontend_frame,796,0,19054,25,8,144963072,213909504,190471168,218103808,,,,,,,,,,
1791470783.6950488,601172,tracking_feedback_accumulate,797,,19054,,,135374848,213909504,190471168,218103808,,,,,,,,2.8921000193804502,,
1791470783.700049,601172,frontend_frame,797,0,19054,25,8,135880192,213909504,190471168,218103808,,,,,,,,,,
1791470784.0886924,601172,tracking_feedback_accumulate,798,,19054,,,140040704,213909504,190471168,218103808,,,,,,,,2.851800061762333,,
1791470784.0936923,601172,frontend_frame,798,0,19054,25,8,140546048,213909504,190471168,218103808,,,,,,,,,,
1791470784.478829,601172,tracking_feedback_accumulate,799,,19054,,,135376896,213909504,190471168,218103808,,,,,,,,2.9171998612582684,,
1791470784.4838305,601172,frontend_frame,799,0,19054,25,8,135882240,213909504,190471168,218103808,,,,,,,,,,
1791470784.7413921,601172,tracking_feedback_accumulate,800,,19054,,,139960832,213909504,190471168,218103808,,,,,,,,2.871300093829632,,
1791470784.746392,601172,frontend_frame,800,0,19054,25,8,140466176,186646528,190471168,218103808,,,,,,,,,,
1791470784.9864576,601172,tracking_feedback_accumulate,801,,19054,,,144380928,211812352,190471168,218103808,,,,,,,,2.858799882233143,,
1791470784.9914594,601172,frontend_frame,801,0,19054,25,8,135884288,211812352,190471168,218103808,,,,,,,,,,
1791470785.3245318,601172,tracking_feedback_accumulate,802,,19054,,,139962880,211812352,190471168,218103808,,,,,,,,2.8139001224189997,,
1791470785.37604,601172,frontend_frame,802,0,19054,26,8,144463872,211812352,190471168,218103808,,,,,,,,,,
1791470795.8916905,601172,tracking_feedback_accumulate,803,,19257,,,139393536,211812352,190471168,218103808,,,,,,,,2.6586998719722033,,
1791470795.8966923,601172,frontend_frame,803,0,19257,26,8,139950080,211812352,190471168,218103808,,,,,,,,,,
1791470796.2145395,601172,tracking_feedback_accumulate,804,,19257,,,144110592,211812352,190471168,218103808,,,,,,,,2.697400050237775,,
1791470796.2195396,601172,frontend_frame,804,0,19257,26,8,144666112,211812352,190471168,218103808,,,,,,,,,,
1791470796.5608377,601172,tracking_feedback_accumulate,805,,19257,,,148580864,211812352,190471168,218103808,,,,,,,,2.8075999580323696,,
1791470796.5658379,601172,frontend_frame,805,0,19257,26,8,140034048,211812352,190471168,218103808,,,,,,,,,,
1791470796.9862149,601172,tracking_feedback_accumulate,806,,19257,,,144112640,211812352,190471168,218103808,,,,,,,,2.825800096616149,,
1791470796.9902148,601172,frontend_frame,806,0,19257,26,8,144668160,211812352,190471168,218103808,,,,,,,,,,
1791470797.215283,601172,tracking_feedback_accumulate,807,,19257,,,148500992,211812352,190471168,218103808,,,,,,,,2.8158000204712152,,
1791470797.2252831,601172,frontend_frame,807,0,19257,26,8,149057024,213909504,190471168,218103808,,,,,,,,,,
1791470797.495806,601172,tracking_feedback_accumulate,808,,19257,,,139482112,213909504,190471168,218103808,,,,,,,,2.8780000284314156,,
1791470797.4998085,601172,frontend_frame,808,0,19257,26,8,140037632,213909504,190471168,218103808,,,,,,,,,,
1791470797.779009,601172,tracking_feedback_accumulate,809,,19257,,,143952384,213909504,190471168,218103808,,,,,,,,2.8783001471310854,,
1791470797.7850099,601172,frontend_frame,809,0,19257,26,8,144507904,213909504,190471168,218103808,,,,,,,,,,
1791470798.1441267,601172,tracking_feedback_accumulate,810,,19257,,,148586496,213909504,190471168,218103808,,,,,,,,2.8425001073628664,,
1791470798.1501267,601172,frontend_frame,810,0,19257,26,8,140039680,188743680,190471168,218103808,,,,,,,,,,
1791470798.4378483,601172,tracking_feedback_accumulate,811,,19257,,,143954432,209715200,190471168,218103808,,,,,,,,2.854800084605813,,
1791470798.4418483,601172,frontend_frame,811,0,19257,26,8,144509952,209715200,190471168,218103808,,,,,,,,,,
1791470798.7585156,601172,tracking_feedback_accumulate,812,,19257,,,148670464,211812352,190471168,218103808,,,,,,,,2.8397999703884125,,
1791470798.7635164,601172,frontend_frame,812,0,19257,26,8,149225984,213909504,190471168,218103808,,,,,,,,,,
1791470799.0901258,601172,tracking_feedback_accumulate,813,,19257,,,139487232,213909504,190471168,218103808,,,,,,,,3.1419999431818724,,
1791470799.0951295,601172,frontend_frame,813,0,19257,26,8,140042752,213909504,190471168,218103808,,,,,,,,,,
1791470799.436165,601172,tracking_feedback_accumulate,814,,19257,,,144121344,213909504,190471168,218103808,,,,,,,,2.691499888896942,,
1791470799.441165,601172,frontend_frame,814,0,19257,26,8,144676864,213909504,190471168,218103808,,,,,,,,,,
1791470799.8242803,601172,tracking_feedback_accumulate,815,,19257,,,148509696,213909504,190471168,218103808,,,,,,,,2.9736000578850508,,
1791470799.8292806,601172,frontend_frame,815,0,19257,26,8,139962880,213909504,190471168,218103808,,,,,,,,,,
1791470800.1129382,601172,tracking_feedback_accumulate,816,,19257,,,144123392,213909504,190471168,218103808,,,,,,,,2.7479000855237246,,
1791470800.1179383,601172,frontend_frame,816,0,19257,26,8,144678912,213909504,190471168,218103808,,,,,,,,,,
1791470800.4469674,601172,tracking_feedback_accumulate,817,,19257,,,148593664,213909504,190471168,218103808,,,,,,,,3.0092999804764986,,
1791470800.4529672,601172,frontend_frame,817,0,19257,26,8,140046848,213909504,190471168,218103808,,,,,,,,,,
1791470800.8112068,601172,tracking_feedback_accumulate,818,,19257,,,144125440,213909504,190471168,218103808,,,,,,,,2.9154999647289515,,
1791470800.816206,601172,frontend_frame,818,0,19257,26,8,144680960,213909504,190471168,218103808,,,,,,,,,,
1791470801.1294606,601172,tracking_feedback_accumulate,819,,19257,,,148513792,213909504,190471168,218103808,,,,,,,,2.8605000115931034,,
1791470801.1344607,601172,frontend_frame,819,0,19257,26,8,149069312,213909504,190471168,218103808,,,,,,,,,,
1791470801.4995418,601172,tracking_feedback_accumulate,820,,19257,,,144045568,213909504,190471168,218103808,,,,,,,,3.1095000449568033,,
1791470801.5040467,601172,frontend_frame,820,0,19257,26,8,144601088,190840832,190471168,218103808,,,,,,,,,,
1791470801.8538358,601172,tracking_feedback_accumulate,821,,19257,,,148515840,213909504,190471168,218103808,,,,,,,,2.7664999943226576,,
1791470801.857836,601172,frontend_frame,821,0,19257,26,8,149071360,213909504,190471168,218103808,,,,,,,,,,
1791470802.2254539,601172,tracking_feedback_accumulate,822,,19257,,,153231872,218103808,194761216,218103808,,,,,,,,2.629299880936742,,
1791470802.2304535,601172,frontend_frame,822,0,19257,26,8,144685056,218103808,194761216,218103808,,,,,,,,,,
1791470802.5969079,601172,tracking_feedback_accumulate,823,,19257,,,148517888,218103808,194761216,218103808,,,,,,,,2.8858999721705914,,
1791470802.6014116,601172,frontend_frame,823,0,19257,26,8,149073408,218103808,194761216,218103808,,,,,,,,,,
1791470802.788974,601172,tracking_feedback_accumulate,824,,19257,,,153233920,218103808,194763264,218103808,,,,,,,,2.8383999597281218,,
1791470802.792974,601172,frontend_frame,824,0,19257,26,8,153789440,218103808,194763264,218103808,,,,,,,,,,
1791470803.0817418,601172,tracking_feedback_accumulate,825,,19257,,,143968768,218103808,194763264,218103808,,,,,,,,2.794800093397498,,
1791470803.0857418,601172,frontend_frame,825,0,19257,26,8,144524288,218103808,194763264,218103808,,,,,,,,,,
1791470803.4297729,601172,tracking_feedback_accumulate,826,,19257,,,148684800,218103808,194763264,218103808,,,,,,,,2.798199886456132,,
1791470803.4779444,601172,frontend_frame,826,0,19257,27,8,153235968,218103808,194763264,218103808,,,,,,,,,,
1791470813.9254327,601172,tracking_feedback_accumulate,827,,19472,,,147983872,218103808,194763264,218103808,,,,,,,,2.8899998869746923,,
1791470813.930433,601172,frontend_frame,827,0,19472,27,8,148593152,218103808,194763264,218103808,,,,,,,,,,
1791470814.2000449,601172,tracking_feedback_accumulate,828,,19472,,,152671744,218103808,194763264,218103808,,,,,,,,2.901500090956688,,
1791470814.205046,601172,frontend_frame,828,0,19472,27,8,153279488,218103808,194763264,218103808,,,,,,,,,,
1791470814.53464,601172,tracking_feedback_accumulate,829,,19472,,,157194240,239075328,198664704,239075328,,,,,,,,2.8858999721705914,,
1791470814.53964,601172,frontend_frame,829,0,19472,27,8,148595200,239075328,198664704,239075328,,,,,,,,,,
1791470814.836481,601172,tracking_feedback_accumulate,830,,19472,,,152755712,239075328,198664704,239075328,,,,,,,,2.768100006505847,,
1791470814.841482,601172,frontend_frame,830,0,19472,27,8,153363456,195035136,198664704,239075328,,,,,,,,,,
1791470815.20309,601172,tracking_feedback_accumulate,831,,19472,,,157196288,218103808,198910976,239075328,,,,,,,,2.820699941366911,,
1791470815.208092,601172,frontend_frame,831,0,19472,27,8,157804544,220200960,198910976,239075328,,,,,,,,,,
1791470815.4991245,601172,tracking_feedback_accumulate,832,,19472,,,148154880,220200960,198910976,239075328,,,,,,,,2.929799957200885,,
1791470815.503672,601172,frontend_frame,832,0,19472,27,8,148762624,220200960,198910976,239075328,,,,,,,,,,
1791470815.7547545,601172,tracking_feedback_accumulate,833,,19472,,,152677376,220200960,198910976,239075328,,,,,,,,3.137500025331974,,
1791470815.7587566,601172,frontend_frame,833,0,19472,27,8,153285120,220200960,198910976,239075328,,,,,,,,,,
1791470816.0444148,601172,tracking_feedback_accumulate,834,,19472,,,157199872,241172480,198910976,241172480,,,,,,,,2.802399918437004,,
1791470816.0494149,601172,frontend_frame,834,0,19472,27,8,148600832,241172480,198910976,241172480,,,,,,,,,,
1791470816.3049395,601172,tracking_feedback_accumulate,835,,19472,,,152761344,241172480,198910976,241172480,,,,,,,,3.328199964016676,,
1791470816.3099394,601172,frontend_frame,835,0,19472,27,8,153369088,241172480,198910976,241172480,,,,,,,,,,
1791470816.5749137,601172,tracking_feedback_accumulate,836,,19472,,,157201920,241172480,198916608,241172480,,,,,,,,3.1182998791337013,,
1791470816.5789135,601172,frontend_frame,836,0,19472,27,8,157809664,241172480,198916608,241172480,,,,,,,,,,
1791470816.8796067,601172,tracking_feedback_accumulate,837,,19472,,,143608832,241172480,198916608,241172480,,,,,,,,2.9033999890089035,,
1791470816.884607,601172,frontend_frame,837,0,19472,27,8,144216576,241172480,198916608,241172480,,,,,,,,,,
1791470817.1923516,601172,tracking_feedback_accumulate,838,,19472,,,148049408,241172480,198916608,241172480,,,,,,,,2.84019997343421,,
1791470817.1963515,601172,frontend_frame,838,0,19472,27,8,148657152,241172480,198916608,241172480,,,,,,,,,,
1791470817.519306,601172,tracking_feedback_accumulate,839,,19472,,,152817664,241172480,198916608,241172480,,,,,,,,2.8437001165002584,,
1791470817.5243084,601172,frontend_frame,839,0,19472,27,8,144218624,241172480,198916608,241172480,,,,,,,,,,
1791470817.855923,601172,tracking_feedback_accumulate,840,,19472,,,148051456,241172480,198916608,241172480,,,,,,,,2.880200045183301,,
1791470817.861923,601172,frontend_frame,840,0,19472,27,8,148659200,192937984,198916608,241172480,,,,,,,,,,
1791470818.0890253,601172,tracking_feedback_accumulate,841,,19472,,,152737792,213909504,198916608,241172480,,,,,,,,2.7801000978797674,,
1791470818.0950253,601172,frontend_frame,841,0,19472,27,8,144138752,213909504,198916608,241172480,,,,,,,,,,
1791470818.3705487,601172,tracking_feedback_accumulate,842,,19472,,,148053504,234881024,198916608,241172480,,,,,,,,2.8378001879900694,,
1791470818.3755474,601172,frontend_frame,842,0,19472,27,8,148661248,234881024,198916608,241172480,,,,,,,,,,
1791470818.6210032,601172,tracking_feedback_accumulate,843,,19472,,,152821760,234881024,198916608,241172480,,,,,,,,2.919199876487255,,
1791470818.6260033,601172,frontend_frame,843,0,19472,27,8,153429504,236978176,198916608,241172480,,,,,,,,,,
1791470818.9946618,601172,tracking_feedback_accumulate,844,,19472,,,148055552,236978176,198916608,241172480,,,,,,,,2.8225998394191265,,
1791470818.999662,601172,frontend_frame,844,0,19472,27,8,148663296,236978176,198916608,241172480,,,,,,,,,,
1791470819.2692492,601172,tracking_feedback_accumulate,845,,19472,,,152823808,236978176,198916608,241172480,,,,,,,,2.950900001451373,,
1791470819.2742493,601172,frontend_frame,845,0,19472,27,8,153431552,236978176,198916608,241172480,,,,,,,,,,
1791470819.634331,601172,tracking_feedback_accumulate,846,,19472,,,157264384,239075328,198979072,241172480,,,,,,,,2.781399991363287,,
1791470819.6393309,601172,frontend_frame,846,0,19472,27,8,148665344,239075328,198979072,241172480,,,,,,,,,,
1791470819.8914018,601172,tracking_feedback_accumulate,847,,19472,,,152743936,239075328,198979072,241172480,,,,,,,,3.1765999738126993,,
1791470819.8964005,601172,frontend_frame,847,0,19472,27,8,153351680,239075328,198979072,241172480,,,,,,,,,,
1791470820.276619,601172,tracking_feedback_accumulate,848,,19472,,,157266432,239075328,198979072,241172480,,,,,,,,2.8808999340981245,,
1791470820.2816188,601172,frontend_frame,848,0,19472,27,8,157874176,241172480,198979072,241172480,,,,,,,,,,
1791470820.6732097,601172,tracking_feedback_accumulate,849,,19472,,,148224512,241172480,198979072,241172480,,,,,,,,2.868299838155508,,
1791470820.6783104,601172,frontend_frame,849,0,19472,27,8,148832256,241172480,198979072,241172480,,,,,,,,,,
1791470820.9969597,601172,tracking_feedback_accumulate,850,,19472,,,152747008,241172480,198979072,241172480,,,,,,,,2.819199813529849,,
1791470821.0019596,601172,frontend_frame,850,0,19472,27,8,153354752,192937984,198979072,241172480,,,,,,,,,,
1791470821.3610814,601172,tracking_feedback_accumulate,851,,19472,,,157433344,239075328,198979072,241172480,,,,,,,,2.8892001137137413,,
1791470821.3660812,601172,frontend_frame,851,0,19472,27,8,148834304,239075328,198979072,241172480,,,,,,,,,,
1791470821.7018244,601172,tracking_feedback_accumulate,852,,19472,,,152667136,239075328,198979072,241172480,,,,,,,,2.8977999463677406,,
1791470821.706827,601172,frontend_frame,852,0,19472,27,8,153274880,239075328,198979072,241172480,,,,,,,,,,
1791470822.036,601172,tracking_feedback_accumulate,853,,19472,,,157435392,239075328,198979072,241172480,,,,,,,,2.9172999784350395,,
1791470822.0845723,601172,frontend_frame,853,0,19472,28,8,162038784,241172480,198979072,241172480,,,,,,,,,,
1791470832.6489396,601172,tracking_feedback_accumulate,854,,19803,,,152084480,241172480,198979072,241172480,,,,,,,,2.945000072941184,,
1791470832.6539397,601172,frontend_frame,854,0,19803,28,8,152771072,241172480,198979072,241172480,,,,,,,,,,
1791470832.9706106,601172,tracking_feedback_accumulate,855,,19803,,,156849664,241172480,198979072,241172480,,,,,,,,3.0061001889407635,,
1791470832.9756107,601172,frontend_frame,855,0,19803,28,8,157534208,241172480,198979072,241172480,,,,,,,,,,
1791470833.3471477,601172,tracking_feedback_accumulate,856,,19803,,,152252416,241172480,198979072,241172480,,,,,,,,2.9684000182896852,,
1791470833.3521478,601172,frontend_frame,856,0,19803,28,8,152936960,241172480,198979072,241172480,,,,,,,,,,
1791470833.6353922,601172,tracking_feedback_accumulate,857,,19803,,,156851712,241172480,198979072,241172480,,,,,,,,3.1111999414861202,,
1791470833.6413925,601172,frontend_frame,857,0,19803,28,8,157536256,241172480,198979072,241172480,,,,,,,,,,
1791470833.9489875,601172,tracking_feedback_accumulate,858,,19803,,,161614848,241172480,203197440,241172480,,,,,,,,2.8454000130295753,,
1791470833.9544938,601172,frontend_frame,858,0,19803,28,8,152939520,241172480,203197440,241172480,,,,,,,,,,
1791470834.2366023,601172,tracking_feedback_accumulate,859,,19803,,,156854272,241172480,203197440,241172480,,,,,,,,2.8606001287698746,,
1791470834.2416024,601172,frontend_frame,859,0,19803,28,8,157538816,241172480,203197440,241172480,,,,,,,,,,
1791470834.6327057,601172,tracking_feedback_accumulate,860,,19803,,,161617408,241172480,203200000,241172480,,,,,,,,2.82260007224977,,
1791470834.6377058,601172,frontend_frame,860,0,19803,28,8,162301952,199229440,203200000,241172480,,,,,,,,,,
1791470834.919749,601172,tracking_feedback_accumulate,861,,19803,,,152176128,241172480,203200000,241172480,,,,,,,,2.8396998532116413,,
1791470834.9237492,601172,frontend_frame,861,0,19803,28,8,152860672,241172480,203200000,241172480,,,,,,,,,,
1791470835.1183658,601172,tracking_feedback_accumulate,862,,19803,,,156939264,241172480,203200000,241172480,,,,,,,,2.7934000827372074,,
1791470835.1233656,601172,frontend_frame,862,0,19803,28,8,157623808,241172480,203200000,241172480,,,,,,,,,,
1791470835.5263746,601172,tracking_feedback_accumulate,863,,19803,,,161456640,241172480,203203072,241172480,,,,,,,,2.9007999692112207,,
1791470835.5313733,601172,frontend_frame,863,0,19803,28,8,152780800,241172480,203203072,241172480,,,,,,,,,,
1791470835.9169786,601172,tracking_feedback_accumulate,864,,19803,,,156859392,241172480,203203072,241172480,,,,,,,,3.020399948582053,,
1791470835.9209788,601172,frontend_frame,864,0,19803,28,8,157543936,241172480,203203072,241172480,,,,,,,,,,
1791470836.2161875,601172,tracking_feedback_accumulate,865,,19803,,,161622528,241172480,203205120,241172480,,,,,,,,2.89639993570745,,
1791470836.2201874,601172,frontend_frame,865,0,19803,28,8,162307072,241172480,203205120,241172480,,,,,,,,,,
1791470836.541827,601172,tracking_feedback_accumulate,866,,19803,,,147577856,241172480,203205120,241172480,,,,,,,,2.83590005710721,,
1791470836.5468283,601172,frontend_frame,866,0,19803,28,8,148262400,241172480,203205120,241172480,,,,,,,,,,
1791470836.8870738,601172,tracking_feedback_accumulate,867,,19803,,,152177152,241172480,203205120,241172480,,,,,,,,2.934300107881427,,
1791470836.8920748,601172,frontend_frame,867,0,19803,28,8,152861696,241172480,203205120,241172480,,,,,,,,,,
1791470837.1881938,601172,tracking_feedback_accumulate,868,,19803,,,156940288,241172480,203205120,241172480,,,,,,,,2.8074001893401146,,
1791470837.193194,601172,frontend_frame,868,0,19803,28,8,148264448,241172480,203205120,241172480,,,,,,,,,,
1791470837.5383384,601172,tracking_feedback_accumulate,869,,19803,,,152343040,241172480,203205120,241172480,,,,,,,,2.792099956423044,,
1791470837.5433383,601172,frontend_frame,869,0,19803,28,8,153027584,241172480,203205120,241172480,,,,,,,,,,
1791470837.875953,601172,tracking_feedback_accumulate,870,,19803,,,156860416,241172480,203205120,241172480,,,,,,,,2.8198999352753162,,
1791470837.880953,601172,frontend_frame,870,0,19803,28,8,148184576,192937984,203205120,241172480,,,,,,,,,,
1791470838.1500583,601172,tracking_feedback_accumulate,871,,19803,,,152345088,234881024,203205120,241172480,,,,,,,,2.8415999840945005,,
1791470838.1560583,601172,frontend_frame,871,0,19803,28,8,153029632,234881024,203205120,241172480,,,,,,,,,,
1791470838.5134027,601172,tracking_feedback_accumulate,872,,19803,,,156944384,236978176,203205120,241172480,,,,,,,,2.8493001591414213,,
1791470838.5174026,601172,frontend_frame,872,0,19803,28,8,157628928,236978176,203205120,241172480,,,,,,,,,,
1791470838.816018,601172,tracking_feedback_accumulate,873,,19803,,,152347136,236978176,203205120,241172480,,,,,,,,2.8384001925587654,,
1791470838.8200178,601172,frontend_frame,873,0,19803,28,8,153031680,236978176,203205120,241172480,,,,,,,,,,
1791470839.1660633,601172,tracking_feedback_accumulate,874,,19803,,,156864512,236978176,203205120,241172480,,,,,,,,2.661299891769886,,
1791470839.1700633,601172,frontend_frame,874,0,19803,28,8,157549056,236978176,203205120,241172480,,,,,,,,,,
1791470839.5135462,601172,tracking_feedback_accumulate,875,,19803,,,161627648,241172480,203292160,241172480,,,,,,,,2.813700120896101,,
1791470839.5185483,601172,frontend_frame,875,0,19803,28,8,152951808,241172480,203292160,241172480,,,,,,,,,,
1791470839.8265889,601172,tracking_feedback_accumulate,876,,19803,,,157030400,241172480,203292160,241172480,,,,,,,,2.9065001290291548,,
1791470839.8305912,601172,frontend_frame,876,0,19803,28,8,157714944,241172480,203292160,241172480,,,,,,,,,,
1791470840.1753867,601172,tracking_feedback_accumulate,877,,19803,,,161629696,241172480,203294208,241172480,,,,,,,,3.0070000793784857,,
1791470840.1803863,601172,frontend_frame,877,0,19803,28,8,162314240,241172480,203294208,241172480,,,,,,,,,,
1791470840.4699113,601172,tracking_feedback_accumulate,878,,19803,,,152188416,241172480,203294208,241172480,,,,,,,,2.854800084605813,,
1791470840.4749112,601172,frontend_frame,878,0,19803,28,8,152872960,241172480,203294208,241172480,,,,,,,,,,
1791470840.828321,601172,tracking_feedback_accumulate,879,,19803,,,157033472,241172480,203294208,241172480,,,,,,,,2.8784999158233404,,
1791470840.8323207,601172,frontend_frame,879,0,19803,28,8,157718016,241172480,203294208,241172480,,,,,,,,,,
1791470841.1694484,601172,tracking_feedback_accumulate,880,,19803,,,161550848,241172480,203297280,241172480,,,,,,,,3.2971000764518976,,
1791470841.1754496,601172,frontend_frame,880,0,19803,28,8,152875008,195035136,203297280,241172480,,,,,,,,,,
1791470841.4984763,601172,tracking_feedback_accumulate,881,,19803,,,157035520,236978176,203297280,241172480,,,,,,,,2.7965998742729425,,
1791470841.5030112,601172,frontend_frame,881,0,19803,28,8,157720064,236978176,203297280,241172480,,,,,,,,,,
1791470841.799184,601172,tracking_feedback_accumulate,882,,19803,,,161634816,239075328,203299328,241172480,,,,,,,,2.991599962115288,,
1791470841.804369,601172,frontend_frame,882,0,19803,28,8,162319360,241172480,203299328,241172480,,,,,,,,,,
1791470842.0496547,601172,tracking_feedback_accumulate,883,,19803,,,152357376,241172480,203299328,241172480,,,,,,,,2.9209000058472157,,
1791470842.0536559,601172,frontend_frame,883,0,19803,28,8,153041920,241172480,203299328,241172480,,,,,,,,,,
1791470842.3766837,601172,tracking_feedback_accumulate,884,,19803,,,156874752,241172480,203299328,241172480,,,,,,,,2.8323999140411615,,
1791470842.3816838,601172,frontend_frame,884,0,19803,28,8,157559296,241172480,203299328,241172480,,,,,,,,,,
1791470842.811862,601172,tracking_feedback_accumulate,885,,19803,,,161637888,241172480,203302400,241172480,,,,,,,,2.887299982830882,,
1791470842.8168662,601172,frontend_frame,885,0,19803,28,8,152962048,241172480,203302400,241172480,,,,,,,,,,
1791470843.1094854,601172,tracking_feedback_accumulate,886,,19803,,,156876800,241172480,203302400,241172480,,,,,,,,2.886699978262186,,
1791470843.114487,601172,frontend_frame,886,0,19803,28,8,157561344,241172480,203302400,241172480,,,,,,,,,,
1791470843.326501,601172,tracking_feedback_accumulate,887,,19803,,,161639936,241172480,203304448,241172480,,,,,,,,2.8098002076148987,,
1791470843.3320048,601172,frontend_frame,887,0,19803,28,8,152964096,241172480,203304448,241172480,,,,,,,,,,
1791470843.733404,601172,tracking_feedback_accumulate,888,,19803,,,156878848,241172480,203304448,241172480,,,,,,,,2.8371999505907297,,
1791470843.7384033,601172,frontend_frame,888,0,19803,28,8,157563392,241172480,203304448,241172480,,,,,,,,,,
1791470844.1146152,601172,tracking_feedback_accumulate,889,,19803,,,161723904,241172480,203306496,241172480,,,,,,,,2.879000036045909,,
1791470844.119614,601172,frontend_frame,889,0,19803,28,8,162408448,243269632,203306496,243269632,,,,,,,,,,
1791470844.483639,601172,tracking_feedback_accumulate,890,,19803,,,156962816,243269632,203306496,243269632,,,,,,,,2.778199966996908,,
1791470844.488639,601172,frontend_frame,890,0,19803,28,8,157647360,199229440,203306496,243269632,,,,,,,,,,
1791470845.011369,601172,tracking_feedback_accumulate,891,,19803,,,161725952,241172480,203308544,243269632,,,,,,,,2.8784999158233404,,
1791470845.0163708,601172,frontend_frame,891,0,19803,28,8,162410496,243269632,203308544,243269632,,,,,,,,,,
1791470845.3598576,601172,tracking_feedback_accumulate,892,,19803,,,166325248,245366784,207989760,245366784,,,,,,,,2.997600007802248,,
1791470845.3658576,601172,frontend_frame,892,0,19803,28,8,157649408,245366784,207989760,245366784,,,,,,,,,,
1791470845.7274933,601172,tracking_feedback_accumulate,893,,19803,,,161728000,245366784,207989760,245366784,,,,,,,,2.830000128597021,,
1791470845.7320032,601172,frontend_frame,893,0,19803,28,8,162412544,245366784,207989760,245366784,,,,,,,,,,
1791470846.0121746,601172,tracking_feedback_accumulate,894,,19803,,,166327296,245366784,207991808,245366784,,,,,,,,3.2093001063913107,,
1791470846.018178,601172,frontend_frame,894,0,19803,28,8,167011840,247463936,207991808,247463936,,,,,,,,,,
1791470846.4131143,601172,tracking_feedback_accumulate,895,,19803,,,147689472,247463936,207991808,247463936,,,,,,,,3.150800010189414,,
1791470846.4181163,601172,frontend_frame,895,0,19803,28,8,148374016,247463936,207991808,247463936,,,,,,,,,,
1791470846.7072387,601172,tracking_feedback_accumulate,896,,19803,,,152206848,247463936,207991808,247463936,,,,,,,,2.9986000154167414,,
1791470846.711238,601172,frontend_frame,896,0,19803,28,8,152891392,247463936,207991808,247463936,,,,,,,,,,
1791470847.0867095,601172,tracking_feedback_accumulate,897,,19803,,,157051904,247463936,207991808,247463936,,,,,,,,2.8132000006735325,,
1791470847.0917096,601172,frontend_frame,897,0,19803,28,8,148376064,247463936,207991808,247463936,,,,,,,,,,
1791470847.4577432,601172,tracking_feedback_accumulate,898,,19803,,,152208896,247463936,207991808,247463936,,,,,,,,2.8019999153912067,,
1791470847.461743,601172,frontend_frame,898,0,19803,28,8,152893440,247463936,207991808,247463936,,,,,,,,,,
1791470847.7899456,601172,tracking_feedback_accumulate,899,,19803,,,157053952,247463936,207991808,247463936,,,,,,,,2.8840999584645033,,
1791470847.7949455,601172,frontend_frame,899,0,19803,28,8,157738496,247463936,207991808,247463936,,,,,,,,,,
1791470848.1811984,601172,tracking_feedback_accumulate,900,,19803,,,147530752,247463936,207991808,247463936,,,,,,,,2.8639999218285084,,
1791470848.1861985,601172,frontend_frame,900,0,19803,28,8,148215296,192937984,207991808,247463936,,,,,,,,,,
1791470848.5256402,601172,tracking_feedback_accumulate,901,,19803,,,152375808,234881024,207991808,247463936,,,,,,,,3.033299930393696,,
1791470848.5306425,601172,frontend_frame,901,0,19803,28,8,153060352,234881024,207991808,247463936,,,,,,,,,,
1791470848.9027414,601172,tracking_feedback_accumulate,902,,19803,,,156975104,234881024,207991808,247463936,,,,,,,,2.8015999123454094,,
1791470848.907741,601172,frontend_frame,902,0,19803,28,8,148299264,234881024,207991808,247463936,,,,,,,,,,
1791470849.2248847,601172,tracking_feedback_accumulate,903,,19803,,,152214016,234881024,207991808,247463936,,,,,,,,2.85319983959198,,
1791470849.2298865,601172,frontend_frame,903,0,19803,28,8,152898560,234881024,207991808,247463936,,,,,,,,,,
1791470849.6127574,601172,tracking_feedback_accumulate,904,,19803,,,157059072,236978176,207991808,247463936,,,,,,,,2.9382999055087566,,
1791470849.6177616,601172,frontend_frame,904,0,19803,28,8,157743616,236978176,207991808,247463936,,,,,,,,,,
1791470849.997486,601172,tracking_feedback_accumulate,905,,19803,,,147617792,236978176,207991808,247463936,,,,,,,,2.9325000941753387,,
1791470850.002486,601172,frontend_frame,905,0,19803,28,8,148302336,236978176,207991808,247463936,,,,,,,,,,
1791470850.3015676,601172,tracking_feedback_accumulate,906,,19803,,,152380928,236978176,207991808,247463936,,,,,,,,2.869300078600645,,
1791470850.3065672,601172,frontend_frame,906,0,19803,28,8,153065472,236978176,207991808,247463936,,,,,,,,,,
1791470850.6418808,601172,tracking_feedback_accumulate,907,,19803,,,147537920,236978176,207991808,247463936,,,,,,,,3.12180002219975,,
1791470850.6458795,601172,frontend_frame,907,0,19803,28,8,148222464,236978176,207991808,247463936,,,,,,,,,,
1791470851.051156,601172,tracking_feedback_accumulate,908,,19803,,,152382976,236978176,207991808,247463936,,,,,,,,2.8965999372303486,,
1791470851.056156,601172,frontend_frame,908,0,19803,28,8,153067520,236978176,207991808,247463936,,,,,,,,,,
1791470851.401674,601172,tracking_feedback_accumulate,909,,19803,,,156982272,236978176,207991808,247463936,,,,,,,,2.8649000450968742,,
1791470851.407674,601172,frontend_frame,909,0,19803,28,8,148306432,236978176,207991808,247463936,,,,,,,,,,
1791470851.794268,601172,tracking_feedback_accumulate,910,,19803,,,152385024,236978176,207991808,247463936,,,,,,,,2.872199984267354,,
1791470851.799268,601172,frontend_frame,910,0,19803,28,8,153069568,192937984,207991808,247463936,,,,,,,,,,
1791470852.2474015,601172,tracking_feedback_accumulate,911,,19803,,,156902400,236978176,207991808,247463936,,,,,,,,3.032999811694026,,
1791470852.2524016,601172,frontend_frame,911,0,19803,28,8,157586944,236978176,207991808,247463936,,,,,,,,,,
1791470852.5679762,601172,tracking_feedback_accumulate,912,,19803,,,147706880,236978176,207991808,247463936,,,,,,,,2.8540000785142183,,
1791470852.5719762,601172,frontend_frame,912,0,19803,28,8,148391424,236978176,207991808,247463936,,,,,,,,,,
1791470852.9680207,601172,tracking_feedback_accumulate,913,,19803,,,152306176,236978176,207991808,247463936,,,,,,,,2.714599948376417,,
1791470852.9720583,601172,frontend_frame,913,0,19803,28,8,152990720,236978176,207991808,247463936,,,,,,,,,,
1791470853.3648775,601172,tracking_feedback_accumulate,914,,19803,,,157069312,236978176,207991808,247463936,,,,,,,,2.824799856171012,,
1791470853.3699899,601172,frontend_frame,914,0,19803,28,8,148393472,236978176,207991808,247463936,,,,,,,,,,
1791470853.724496,601172,tracking_feedback_accumulate,915,,19803,,,152226304,236978176,207991808,247463936,,,,,,,,2.6950000319629908,,
1791470853.7294958,601172,frontend_frame,915,0,19803,28,8,152910848,236978176,207991808,247463936,,,,,,,,,,
1791470854.0987177,601172,tracking_feedback_accumulate,916,,19803,,,156989440,236978176,207991808,247463936,,,,,,,,3.1985000241547823,,
1791470854.1037176,601172,frontend_frame,916,0,19803,28,8,157673984,236978176,207991808,247463936,,,,,,,,,,
1791470854.4152553,601172,tracking_feedback_accumulate,917,,19803,,,147548160,236978176,207991808,247463936,,,,,,,,3.0871001072227955,,
1791470854.4202585,601172,frontend_frame,917,0,19803,28,8,148232704,236978176,207991808,247463936,,,,,,,,,,
1791470854.7493677,601172,tracking_feedback_accumulate,918,,19803,,,152311296,236978176,207991808,247463936,,,,,,,,2.898199949413538,,
1791470854.7543666,601172,frontend_frame,918,0,19803,28,8,152995840,236978176,207991808,247463936,,,,,,,,,,
1791470855.0730314,601172,tracking_feedback_accumulate,919,,19803,,,156910592,236978176,207991808,247463936,,,,,,,,2.9265000484883785,,
1791470855.0780313,601172,frontend_frame,919,0,19803,28,8,148234752,236978176,207991808,247463936,,,,,,,,,,
1791470855.4021077,601172,tracking_feedback_accumulate,920,,19803,,,152395264,236978176,207991808,247463936,,,,,,,,2.813100116327405,,
1791470855.410615,601172,frontend_frame,920,0,19803,28,8,153079808,192937984,207991808,247463936,,,,,,,,,,
1791470855.7987754,601172,tracking_feedback_accumulate,921,,19803,,,156912640,236978176,207991808,247463936,,,,,,,,3.2273000106215477,,
1791470855.8037755,601172,frontend_frame,921,0,19803,28,8,157597184,236978176,207991808,247463936,,,,,,,,,,
1791470856.1761434,601172,tracking_feedback_accumulate,922,,19803,,,147635200,236978176,207991808,247463936,,,,,,,,3.088299883529544,,
1791470856.1811433,601172,frontend_frame,922,0,19803,28,8,148319744,236978176,207991808,247463936,,,,,,,,,,
1791470856.5725143,601172,tracking_feedback_accumulate,923,,19803,,,152398336,236978176,207991808,247463936,,,,,,,,2.810999983921647,,
1791470856.5775142,601172,frontend_frame,923,0,19803,28,8,153082880,236978176,207991808,247463936,,,,,,,,,,
1791470856.9088457,601172,tracking_feedback_accumulate,924,,19803,,,147637248,236978176,207991808,247463936,,,,,,,,2.832799917086959,,
1791470856.9128456,601172,frontend_frame,924,0,19803,28,8,148321792,236978176,207991808,247463936,,,,,,,,,,
1791470857.3212073,601172,tracking_feedback_accumulate,925,,19803,,,152236544,236978176,207991808,247463936,,,,,,,,3.047300036996603,,
1791470857.368712,601172,frontend_frame,925,0,19803,29,8,156916736,236978176,207991808,247463936,,,,,,,,,,
1791470867.9147463,601172,tracking_feedback_accumulate,926,,20091,,,161014784,236978176,207991808,247463936,,,,,,,,2.961300080642104,,
1791470867.9197445,601172,frontend_frame,926,0,20091,29,8,152402944,236978176,207991808,247463936,,,,,,,,,,
1791470868.2955792,601172,tracking_feedback_accumulate,927,,20091,,,156317696,236978176,207991808,247463936,,,,,,,,2.796499989926815,,
1791470868.3005793,601172,frontend_frame,927,0,20091,29,8,157064704,236978176,207991808,247463936,,,,,,,,,,
1791470868.57867,601172,tracking_feedback_accumulate,928,,20091,,,161143296,236978176,207991808,247463936,,,,,,,,2.903599990531802,,
1791470868.5836704,601172,frontend_frame,928,0,20091,29,8,161890304,239075328,207991808,247463936,,,,,,,,,,
1791470868.9476993,601172,tracking_feedback_accumulate,929,,20091,,,151577088,239075328,207991808,247463936,,,,,,,,2.812799997627735,,
1791470868.9517968,601172,frontend_frame,929,0,20091,29,8,152324096,239075328,207991808,247463936,,,,,,,,,,
1791470869.3739557,601172,tracking_feedback_accumulate,930,,20091,,,156402688,239075328,207991808,247463936,,,,,,,,3.079799935221672,,
1791470869.3789556,601172,frontend_frame,930,0,20091,29,8,157150208,213909504,207991808,247463936,,,,,,,,,,
1791470869.697212,601172,tracking_feedback_accumulate,931,,20091,,,151579648,236978176,207991808,247463936,,,,,,,,2.7854000218212605,,
1791470869.7022119,601172,frontend_frame,931,0,20091,29,8,152326656,236978176,207991808,247463936,,,,,,,,,,
1791470870.0459054,601172,tracking_feedback_accumulate,932,,20091,,,156487168,236978176,207991808,247463936,,,,,,,,2.780199982225895,,
1791470870.0519056,601172,frontend_frame,932,0,20091,29,8,157234176,236978176,207991808,247463936,,,,,,,,,,
1791470870.409428,601172,tracking_feedback_accumulate,933,,20091,,,161067008,236978176,207991808,247463936,,,,,,,,2.7747999411076307,,
1791470870.4144282,601172,frontend_frame,933,0,20091,29,8,152328704,236978176,207991808,247463936,,,,,,,,,,
1791470870.6560194,601172,tracking_feedback_accumulate,934,,20091,,,156489216,236978176,207991808,247463936,,,,,,,,3.1400001607835293,,
1791470870.6620195,601172,frontend_frame,934,0,20091,29,8,157236224,236978176,207991808,247463936,,,,,,,,,,
1791470871.000208,601172,tracking_feedback_accumulate,935,,20091,,,161150976,236978176,207991808,247463936,,,,,,,,2.876600017771125,,
1791470871.0052078,601172,frontend_frame,935,0,20091,29,8,161897984,239075328,207991808,247463936,,,,,,,,,,
1791470871.4018514,601172,tracking_feedback_accumulate,936,,20091,,,151584768,239075328,207991808,247463936,,,,,,,,2.802700037136674,,
1791470871.4058514,601172,frontend_frame,936,0,20091,29,8,152331776,239075328,207991808,247463936,,,,,,,,,,
1791470871.7924647,601172,tracking_feedback_accumulate,937,,20091,,,156410368,239075328,207991808,247463936,,,,,,,,3.1623002141714096,,
1791470871.7974648,601172,frontend_frame,937,0,20091,29,8,157157376,239075328,207991808,247463936,,,,,,,,,,
1791470872.1927245,601172,tracking_feedback_accumulate,938,,20091,,,161235968,239075328,207991808,247463936,,,,,,,,2.8994001913815737,,
1791470872.1977246,601172,frontend_frame,938,0,20091,29,8,152497664,239075328,207991808,247463936,,,,,,,,,,
1791470872.5613034,601172,tracking_feedback_accumulate,939,,20091,,,156330496,239075328,207991808,247463936,,,,,,,,2.8373999521136284,,
1791470872.5663035,601172,frontend_frame,939,0,20091,29,8,157077504,239075328,207991808,247463936,,,,,,,,,,
1791470872.9398296,601172,tracking_feedback_accumulate,940,,20091,,,161156096,239075328,207991808,247463936,,,,,,,,2.7779999654740095,,
1791470872.9453335,601172,frontend_frame,940,0,20091,29,8,161903104,216006656,207991808,247463936,,,,,,,,,,
1791470873.2914789,601172,tracking_feedback_accumulate,941,,20091,,,151753728,236978176,207991808,247463936,,,,,,,,2.871599979698658,,
1791470873.2964785,601172,frontend_frame,941,0,20091,29,8,152500736,236978176,207991808,247463936,,,,,,,,,,
1791470873.6563056,601172,tracking_feedback_accumulate,942,,20091,,,156415488,236978176,207991808,247463936,,,,,,,,2.8269998729228973,,
1791470873.6603055,601172,frontend_frame,942,0,20091,29,8,157162496,236978176,207991808,247463936,,,,,,,,,,
1791470874.0559862,601172,tracking_feedback_accumulate,943,,20091,,,161241088,236978176,207991808,247463936,,,,,,,,2.8030001558363438,,
1791470874.0619879,601172,frontend_frame,943,0,20091,29,8,152502784,236978176,207991808,247463936,,,,,,,,,,
1791470874.4345095,601172,tracking_feedback_accumulate,944,,20091,,,156335616,236978176,207991808,247463936,,,,,,,,3.835999872535467,,
1791470874.439509,601172,frontend_frame,944,0,20091,29,8,157082624,236978176,207991808,247463936,,,,,,,,,,
1791470874.793046,601172,tracking_feedback_accumulate,945,,20091,,,161243136,236978176,207991808,247463936,,,,,,,,2.837300067767501,,
1791470874.7980459,601172,frontend_frame,945,0,20091,29,8,161990144,239075328,207991808,247463936,,,,,,,,,,
1791470875.2108314,601172,tracking_feedback_accumulate,946,,20091,,,151676928,239075328,207991808,247463936,,,,,,,,2.7858999092131853,,
1791470875.2158322,601172,frontend_frame,946,0,20091,29,8,152423936,239075328,207991808,247463936,,,,,,,,,,
1791470875.5413945,601172,tracking_feedback_accumulate,947,,20091,,,156502528,239075328,207991808,247463936,,,,,,,,3.171500051394105,,
1791470875.5459042,601172,frontend_frame,947,0,20091,29,8,157249536,239075328,207991808,247463936,,,,,,,,,,
1791470875.864927,601172,tracking_feedback_accumulate,948,,20091,,,151678976,239075328,207991808,247463936,,,,,,,,2.9166999738663435,,
1791470875.869927,601172,frontend_frame,948,0,20091,29,8,152425984,239075328,207991808,247463936,,,,,,,,,,
1791470876.145731,601172,tracking_feedback_accumulate,949,,20091,,,156340736,239075328,207991808,247463936,,,,,,,,2.790900180116296,,
1791470876.150731,601172,frontend_frame,949,0,20091,29,8,157087744,239075328,207991808,247463936,,,,,,,,,,
1791470876.4427507,601172,tracking_feedback_accumulate,950,,20091,,,161166336,239075328,207991808,247463936,,,,,,,,2.8775001410394907,,
1791470876.4487534,601172,frontend_frame,950,0,20091,29,8,152428032,213909504,207991808,247463936,,,,,,,,,,
1791470876.7768822,601172,tracking_feedback_accumulate,951,,20091,,,156506624,234881024,207991808,247463936,,,,,,,,2.911499934270978,,
1791470876.7838829,601172,frontend_frame,951,0,20091,29,8,157253632,234881024,207991808,247463936,,,,,,,,,,
1791470877.1401303,601172,tracking_feedback_accumulate,952,,20091,,,161086464,236978176,207991808,247463936,,,,,,,,2.873999997973442,,
1791470877.1456392,601172,frontend_frame,952,0,20091,29,8,161833472,239075328,207991808,247463936,,,,,,,,,,
1791470877.4801595,601172,tracking_feedback_accumulate,953,,20091,,,151766016,239075328,207991808,247463936,,,,,,,,2.9102000407874584,,
1791470877.4851615,601172,frontend_frame,953,0,20091,29,8,152513024,239075328,207991808,247463936,,,,,,,,,,
1791470877.7497458,601172,tracking_feedback_accumulate,954,,20091,,,156345856,239075328,207991808,247463936,,,,,,,,2.781999995931983,,
1791470877.754744,601172,frontend_frame,954,0,20091,29,8,157092864,239075328,207991808,247463936,,,,,,,,,,
1791470878.164659,601172,tracking_feedback_accumulate,955,,20091,,,161253376,239075328,207991808,247463936,,,,,,,,2.8141001239418983,,
1791470878.1696591,601172,frontend_frame,955,0,20091,29,8,152515072,239075328,207991808,247463936,,,,,,,,,,
1791470878.536224,601172,tracking_feedback_accumulate,956,,20091,,,156347904,239075328,207991808,247463936,,,,,,,,2.932199975475669,,
1791470878.541224,601172,frontend_frame,956,0,20091,29,8,157094912,239075328,207991808,247463936,,,,,,,,,,
1791470878.7849636,601172,tracking_feedback_accumulate,957,,20091,,,161255424,239075328,207991808,247463936,,,,,,,,2.794099971652031,,
1791470878.7899632,601172,frontend_frame,957,0,20091,29,8,162002432,239075328,207991808,247463936,,,,,,,,,,
1791470879.074805,601172,tracking_feedback_accumulate,958,,20091,,,151689216,239075328,207991808,247463936,,,,,,,,2.8909998945891857,,
1791470879.0798051,601172,frontend_frame,958,0,20091,29,8,152436224,239075328,207991808,247463936,,,,,,,,,,
1791470879.4439175,601172,tracking_feedback_accumulate,959,,20091,,,156350976,239075328,207991808,247463936,,,,,,,,2.9273999389261007,,
1791470879.4484224,601172,frontend_frame,959,0,20091,29,8,157097984,239075328,207991808,247463936,,,,,,,,,,
1791470879.777994,601172,tracking_feedback_accumulate,960,,20091,,,161176576,239075328,207991808,247463936,,,,,,,,2.7679000049829483,,
1791470879.7839942,601172,frontend_frame,960,0,20091,29,8,152438272,213909504,207991808,247463936,,,,,,,,,,
1791470880.0702221,601172,tracking_feedback_accumulate,961,,20091,,,156353024,234881024,207991808,247463936,,,,,,,,2.9651999939233065,,
1791470880.0752227,601172,frontend_frame,961,0,20091,29,8,157100032,234881024,207991808,247463936,,,,,,,,,,
1791470880.3972569,601172,tracking_feedback_accumulate,962,,20091,,,161178624,236978176,207991808,247463936,,,,,,,,2.8208999428898096,,
1791470880.4022574,601172,frontend_frame,962,0,20091,29,8,161925632,236978176,207991808,247463936,,,,,,,,,,
1791470880.7118433,601172,tracking_feedback_accumulate,963,,20091,,,151612416,236978176,207991808,247463936,,,,,,,,2.8698001988232136,,
1791470880.7168424,601172,frontend_frame,963,0,20091,29,8,152359424,236978176,207991808,247463936,,,,,,,,,,
1791470881.0958793,601172,tracking_feedback_accumulate,964,,20091,,,156438016,236978176,207991808,247463936,,,,,,,,2.881400054320693,,
1791470881.0998795,601172,frontend_frame,964,0,20091,29,8,157185024,236978176,207991808,247463936,,,,,,,,,,
1791470881.4244015,601172,tracking_feedback_accumulate,965,,20091,,,151778304,236978176,207991808,247463936,,,,,,,,2.9323999769985676,,
1791470881.472909,601172,frontend_frame,965,0,20091,30,8,156520960,236978176,207991808,247463936,,,,,,,,,,
1791470892.1443322,601172,tracking_feedback_accumulate,966,,20435,,,160460800,236978176,207991808,247463936,,,,,,,,2.7707000263035297,,
1791470892.1503325,601172,frontend_frame,966,0,20435,30,8,161292800,236978176,207991808,247463936,,,,,,,,,,
1791470892.4910982,601172,tracking_feedback_accumulate,967,,20435,,,165207552,236978176,207991808,247463936,,,,,,,,2.674899995326996,,
1791470892.496098,601172,frontend_frame,967,0,20435,30,8,156469248,236978176,207991808,247463936,,,,,,,,,,
1791470892.8469915,601172,tracking_feedback_accumulate,968,,20435,,,160629760,236978176,207991808,247463936,,,,,,,,2.8835998382419348,,
1791470892.8524933,601172,frontend_frame,968,0,20435,30,8,161459200,236978176,207991808,247463936,,,,,,,,,,
1791470893.1891246,601172,tracking_feedback_accumulate,969,,20435,,,165373952,236978176,207991808,247463936,,,,,,,,2.9944998677819967,,
1791470893.1951241,601172,frontend_frame,969,0,20435,30,8,156553216,236978176,207991808,247463936,,,,,,,,,,
1791470893.571387,601172,tracking_feedback_accumulate,970,,20435,,,160631808,236978176,207991808,247463936,,,,,,,,2.7707999106496572,,
1791470893.5763881,601172,frontend_frame,970,0,20435,30,8,161461760,195035136,207991808,247463936,,,,,,,,,,
1791470893.8731933,601172,tracking_feedback_accumulate,971,,20435,,,165376512,236978176,207991808,247463936,,,,,,,,2.9611000791192055,,
1791470893.8781934,601172,frontend_frame,971,0,20435,30,8,166205952,239075328,207991808,247463936,,,,,,,,,,
1791470894.2779524,601172,tracking_feedback_accumulate,972,,20435,,,160634368,239075328,207991808,247463936,,,,,,,,3.0354999471455812,,
1791470894.2829528,601172,frontend_frame,972,0,20435,30,8,161463808,239075328,207991808,247463936,,,,,,,,,,
1791470894.6780272,601172,tracking_feedback_accumulate,973,,20435,,,165378560,239075328,207991808,247463936,,,,,,,,2.8367999475449324,,
1791470894.6820276,601172,frontend_frame,973,0,20435,30,8,166208000,239075328,207991808,247463936,,,,,,,,,,
1791470895.082617,601172,tracking_feedback_accumulate,974,,20435,,,170122752,241172480,211928064,247463936,,,,,,,,2.9055997729301453,,
1791470895.087617,601172,frontend_frame,974,0,20435,30,8,161302016,241172480,211928064,247463936,,,,,,,,,,
1791470895.4007652,601172,tracking_feedback_accumulate,975,,20435,,,165380608,241172480,211928064,247463936,,,,,,,,2.927099820226431,,
1791470895.4047651,601172,frontend_frame,975,0,20435,30,8,166210048,241172480,211928064,247463936,,,,,,,,,,
1791470895.807847,601172,tracking_feedback_accumulate,976,,20435,,,170288640,241172480,211930112,247463936,,,,,,,,2.969499910250306,,
1791470895.8138485,601172,frontend_frame,976,0,20435,30,8,171118080,243269632,211930112,247463936,,,,,,,,,,
1791470896.0949793,601172,tracking_feedback_accumulate,977,,20435,,,160475648,243269632,211930112,247463936,,,,,,,,3.056099871173501,,
1791470896.0989792,601172,frontend_frame,977,0,20435,30,8,161305088,243269632,211930112,247463936,,,,,,,,,,
1791470896.3975008,601172,tracking_feedback_accumulate,978,,20435,,,165465600,243269632,211930112,247463936,,,,,,,,2.903599990531802,,
1791470896.4025002,601172,frontend_frame,978,0,20435,30,8,166295040,243269632,211930112,247463936,,,,,,,,,,
1791470896.7431285,601172,tracking_feedback_accumulate,979,,20435,,,170209792,243269632,211933184,247463936,,,,,,,,2.9571999330073595,,
1791470896.7481284,601172,frontend_frame,979,0,20435,30,8,161389056,243269632,211933184,247463936,,,,,,,,,,
1791470897.10479,601172,tracking_feedback_accumulate,980,,20435,,,165303808,243269632,211933184,247463936,,,,,,,,2.8617000207304955,,
1791470897.1097896,601172,frontend_frame,980,0,20435,30,8,166133248,195035136,211933184,247463936,,,,,,,,,,
1791470897.3459177,601172,tracking_feedback_accumulate,981,,20435,,,170211840,241172480,211935232,247463936,,,,,,,,2.900499850511551,,
1791470897.3509176,601172,frontend_frame,981,0,20435,30,8,171041280,243269632,211935232,247463936,,,,,,,,,,
1791470897.638483,601172,tracking_feedback_accumulate,982,,20435,,,155655680,243269632,211935232,247463936,,,,,,,,2.8849001973867416,,
1791470897.6434858,601172,frontend_frame,982,0,20435,30,8,156485120,243269632,211935232,247463936,,,,,,,,,,
1791470897.9020095,601172,tracking_feedback_accumulate,983,,20435,,,160563712,243269632,211935232,247463936,,,,,,,,2.8965999372303486,,
1791470897.9070098,601172,frontend_frame,983,0,20435,30,8,161393152,243269632,211935232,247463936,,,,,,,,,,
1791470898.2607589,601172,tracking_feedback_accumulate,984,,20435,,,165307904,243269632,211935232,247463936,,,,,,,,3.2246001064777374,,
1791470898.2657585,601172,frontend_frame,984,0,20435,30,8,156487168,243269632,211935232,247463936,,,,,,,,,,
1791470898.5178924,601172,tracking_feedback_accumulate,985,,20435,,,160647680,243269632,211935232,247463936,,,,,,,,2.68729985691607,,
1791470898.5218925,601172,frontend_frame,985,0,20435,30,8,161477120,243269632,211935232,247463936,,,,,,,,,,
1791470898.8606384,601172,tracking_feedback_accumulate,986,,20435,,,165309952,243269632,211935232,247463936,,,,,,,,2.9234997928142548,,
1791470898.8646376,601172,frontend_frame,986,0,20435,30,8,166139392,243269632,211935232,247463936,,,,,,,,,,
1791470899.2372742,601172,tracking_feedback_accumulate,987,,20435,,,155824640,243269632,211935232,247463936,,,,,,,,2.944099949672818,,
1791470899.2412772,601172,frontend_frame,987,0,20435,30,8,156654080,243269632,211935232,247463936,,,,,,,,,,
1791470899.6528847,601172,tracking_feedback_accumulate,988,,20435,,,160486912,243269632,211935232,247463936,,,,,,,,2.982999896630645,,
1791470899.6569598,601172,frontend_frame,988,0,20435,30,8,161316352,243269632,211935232,247463936,,,,,,,,,,
1791470900.05616,601172,tracking_feedback_accumulate,989,,20435,,,155826688,243269632,211935232,247463936,,,,,,,,2.893999917432666,,
1791470900.06116,601172,frontend_frame,989,0,20435,30,8,156656128,243269632,211935232,247463936,,,,,,,,,,
1791470900.384939,601172,tracking_feedback_accumulate,990,,20435,,,160570880,243269632,211935232,247463936,,,,,,,,2.839399967342615,,
1791470900.3909392,601172,frontend_frame,990,0,20435,30,8,161400320,213909504,211935232,247463936,,,,,,,,,,
1791470900.7355354,601172,tracking_feedback_accumulate,991,,20435,,,165478912,236978176,211935232,247463936,,,,,,,,2.6557999663054943,,
1791470900.7405353,601172,frontend_frame,991,0,20435,30,8,156658176,236978176,211935232,247463936,,,,,,,,,,
1791470900.96904,601172,tracking_feedback_accumulate,992,,20435,,,160572928,236978176,211935232,247463936,,,,,,,,2.9513000044971704,,
1791470900.973578,601172,frontend_frame,992,0,20435,30,8,161402368,236978176,211935232,247463936,,,,,,,,,,
1791470901.3128684,601172,tracking_feedback_accumulate,993,,20435,,,165480960,236978176,211935232,247463936,,,,,,,,2.9381001368165016,,
1791470901.3178685,601172,frontend_frame,993,0,20435,30,8,166310400,239075328,211935232,247463936,,,,,,,,,,
1791470901.7125099,601172,tracking_feedback_accumulate,994,,20435,,,155749888,239075328,211935232,247463936,,,,,,,,2.9631999786943197,,
1791470901.7165096,601172,frontend_frame,994,0,20435,30,8,156579328,239075328,211935232,247463936,,,,,,,,,,
1791470902.1396835,601172,tracking_feedback_accumulate,995,,20435,,,160494080,239075328,211935232,247463936,,,,,,,,3.1729000620543957,,
1791470902.1436853,601172,frontend_frame,995,0,20435,30,8,161323520,239075328,211935232,247463936,,,,,,,,,,
1791470902.5154464,601172,tracking_feedback_accumulate,996,,20435,,,165402112,239075328,211935232,247463936,,,,,,,,2.7483999729156494,,
1791470902.5204465,601172,frontend_frame,996,0,20435,30,8,156581376,239075328,211935232,247463936,,,,,,,,,,
1791470902.823966,601172,tracking_feedback_accumulate,997,,20435,,,160659968,239075328,211935232,247463936,,,,,,,,3.090400015935302,,
1791470902.8279662,601172,frontend_frame,997,0,20435,30,8,161489408,239075328,211935232,247463936,,,,,,,,,,
1791470903.0826268,601172,tracking_feedback_accumulate,998,,20435,,,165404160,239075328,211935232,247463936,,,,,,,,2.8494999278336763,,
1791470903.0866277,601172,frontend_frame,998,0,20435,30,8,166233600,239075328,211935232,247463936,,,,,,,,,,
1791470903.4647665,601172,tracking_feedback_accumulate,999,,20435,,,155673088,239075328,211935232,247463936,,,,,,,,2.9545000288635492,,
1791470903.4697664,601172,frontend_frame,999,0,20435,30,8,156502528,239075328,211935232,247463936,,,,,,,,,,
1791470903.8905485,601172,tracking_feedback_accumulate,1000,,20435,,,160581120,239075328,211935232,247463936,,,,,,,,3.1188998837023973,,
1791470903.8955488,601172,frontend_frame,1000,0,20435,30,8,161410560,213909504,211935232,247463936,,,,,,,,,,
1791470904.2321725,601172,tracking_feedback_accumulate,1001,,20435,,,165489152,236978176,211935232,247463936,,,,,,,,3.2279000151902437,,
1791470904.2371724,601172,frontend_frame,1001,0,20435,30,8,156668416,236978176,211935232,247463936,,,,,,,,,,
1791470904.554379,601172,tracking_feedback_accumulate,1002,,20435,,,160501248,236978176,211935232,247463936,,,,,,,,2.980999881401658,,
1791470904.5588837,601172,frontend_frame,1002,0,20435,30,8,161330688,236978176,211935232,247463936,,,,,,,,,,
1791470904.8646429,601172,tracking_feedback_accumulate,1003,,20435,,,165491200,236978176,211935232,247463936,,,,,,,,2.916600089520216,,
1791470904.8693044,601172,frontend_frame,1003,0,20435,30,8,166320640,239075328,211935232,247463936,,,,,,,,,,
1791470905.2017288,601172,tracking_feedback_accumulate,1004,,20435,,,155678208,239075328,211935232,247463936,,,,,,,,2.890000119805336,,
1791470905.2064517,601172,frontend_frame,1004,0,20435,30,8,156507648,239075328,211935232,247463936,,,,,,,,,,
1791470905.507893,601172,tracking_feedback_accumulate,1005,,20435,,,160586240,239075328,211935232,247463936,,,,,,,,2.944299951195717,,
1791470905.5124803,601172,frontend_frame,1005,0,20435,30,8,161415680,239075328,211935232,247463936,,,,,,,,,,
1791470905.7885625,601172,tracking_feedback_accumulate,1006,,20435,,,155844096,239075328,211935232,247463936,,,,,,,,2.88309995085001,,
1791470905.7932575,601172,frontend_frame,1006,0,20435,30,8,156673536,239075328,211935232,247463936,,,,,,,,,,
1791470906.1057272,601172,tracking_feedback_accumulate,1007,,20435,,,160588288,239075328,211935232,247463936,,,,,,,,2.8522999491542578,,
1791470906.154852,601172,frontend_frame,1007,0,20435,31,8,165413376,239075328,211935232,247463936,,,,,,,,,,
1791470916.8548856,601172,tracking_feedback_accumulate,1008,,20996,,,169534464,239075328,211935232,247463936,,,,,,,,3.2164999283850193,,
1791470916.8608859,601172,frontend_frame,1008,0,20996,31,8,160858624,239075328,211935232,247463936,,,,,,,,,,
1791470917.2429762,601172,tracking_feedback_accumulate,1009,,20996,,,164773376,239075328,211935232,247463936,,,,,,,,2.882600063458085,,
1791470917.2479763,601172,frontend_frame,1009,0,20996,31,8,165743616,239075328,211935232,247463936,,,,,,,,,,
1791470917.6246278,601172,tracking_feedback_accumulate,1010,,20996,,,169658368,239075328,211935232,247463936,,,,,,,,2.900100080296397,,
1791470917.628628,601172,frontend_frame,1010,0,20996,31,8,170628608,218103808,211935232,247463936,,,,,,,,,,
1791470917.9576604,601172,tracking_feedback_accumulate,1011,,20996,,,159891456,239075328,211935232,247463936,,,,,,,,3.1379000283777714,,
1791470917.9626672,601172,frontend_frame,1011,0,20996,31,8,160861696,239075328,211935232,247463936,,,,,,,,,,
1791470918.3468008,601172,tracking_feedback_accumulate,1012,,20996,,,164776448,239075328,211935232,247463936,,,,,,,,5.764200119301677,,
1791470918.3549922,601172,frontend_frame,1012,0,20996,31,8,165747200,239075328,211935232,247463936,,,,,,,,,,
1791470918.7106452,601172,tracking_feedback_accumulate,1013,,20996,,,159730176,239075328,211935232,247463936,,,,,,,,2.8825998306274414,,
1791470918.7156448,601172,frontend_frame,1013,0,20996,31,8,160700416,239075328,211935232,247463936,,,,,,,,,,
1791470918.9751916,601172,tracking_feedback_accumulate,1014,,20996,,,164860928,239075328,211935232,247463936,,,,,,,,2.8786000330001116,,
1791470918.979754,601172,frontend_frame,1014,0,20996,31,8,165831168,239075328,211935232,247463936,,,,,,,,,,
1791470919.2188268,601172,tracking_feedback_accumulate,1015,,20996,,,169664000,239075328,211935232,247463936,,,,,,,,2.8650001622736454,,
1791470919.223827,601172,frontend_frame,1015,0,20996,31,8,160702464,239075328,211935232,247463936,,,,,,,,,,
1791470919.6345887,601172,tracking_feedback_accumulate,1016,,20996,,,164781056,239075328,211935232,247463936,,,,,,,,2.9697997961193323,,
1791470919.6395905,601172,frontend_frame,1016,0,20996,31,8,165751296,239075328,211935232,247463936,,,,,,,,,,
1791470920.0256574,601172,tracking_feedback_accumulate,1017,,20996,,,169666048,239075328,211935232,247463936,,,,,,,,2.908299909904599,,
1791470920.0306857,601172,frontend_frame,1017,0,20996,31,8,170636288,239075328,211935232,247463936,,,,,,,,,,
1791470920.3826082,601172,tracking_feedback_accumulate,1018,,20996,,,159817216,239075328,211935232,247463936,,,,,,,,3.0259001068770885,,
1791470920.387608,601172,frontend_frame,1018,0,20996,31,8,160787456,239075328,211935232,247463936,,,,,,,,,,
1791470920.7336693,601172,tracking_feedback_accumulate,1019,,20996,,,164866048,239075328,211935232,247463936,,,,,,,,3.3072999212890863,,
1791470920.7386703,601172,frontend_frame,1019,0,20996,31,8,165836288,239075328,211935232,247463936,,,,,,,,,,
1791470921.143321,601172,tracking_feedback_accumulate,1020,,20996,,,169669120,239075328,211935232,247463936,,,,,,,,2.847299911081791,,
1791470921.149322,601172,frontend_frame,1020,0,20996,31,8,160707584,213909504,211935232,247463936,,,,,,,,,,
1791470921.5063753,601172,tracking_feedback_accumulate,1021,,20996,,,164786176,234881024,211935232,247463936,,,,,,,,2.9506999999284744,,
1791470921.510954,601172,frontend_frame,1021,0,20996,31,8,165756416,234881024,211935232,247463936,,,,,,,,,,
1791470921.9320989,601172,tracking_feedback_accumulate,1022,,20996,,,169835008,236978176,211935232,247463936,,,,,,,,2.9157998505979776,,
1791470921.9370987,601172,frontend_frame,1022,0,20996,31,8,170805248,239075328,211935232,247463936,,,,,,,,,,
1791470922.2952795,601172,tracking_feedback_accumulate,1023,,20996,,,159740416,239075328,211935232,247463936,,,,,,,,3.0571999959647655,,
1791470922.29928,601172,frontend_frame,1023,0,20996,31,8,160710656,239075328,211935232,247463936,,,,,,,,,,
1791470922.6341877,601172,tracking_feedback_accumulate,1024,,20996,,,164871168,239075328,211935232,247463936,,,,,,,,2.8246999718248844,,
1791470922.6391869,601172,frontend_frame,1024,0,20996,31,8,165841408,239075328,211935232,247463936,,,,,,,,,,
1791470922.998161,601172,tracking_feedback_accumulate,1025,,20996,,,169756160,239075328,211935232,247463936,,,,,,,,3.0423998832702637,,
1791470923.0031636,601172,frontend_frame,1025,0,20996,31,8,160794624,239075328,211935232,247463936,,,,,,,,,,
1791470923.4092948,601172,tracking_feedback_accumulate,1026,,20996,,,164873216,239075328,211935232,247463936,,,,,,,,2.8582001104950905,,
1791470923.4132943,601172,frontend_frame,1026,0,20996,31,8,165843456,239075328,211935232,247463936,,,,,,,,,,
1791470923.744054,601172,tracking_feedback_accumulate,1027,,20996,,,169676288,239075328,211935232,247463936,,,,,,,,2.9460000805556774,,
1791470923.748054,601172,frontend_frame,1027,0,20996,31,8,170646528,239075328,211935232,247463936,,,,,,,,,,
1791470924.1137006,601172,tracking_feedback_accumulate,1028,,20996,,,159909376,239075328,211935232,247463936,,,,,,,,2.9877000488340855,,
1791470924.1177,601172,frontend_frame,1028,0,20996,31,8,160879616,239075328,211935232,247463936,,,,,,,,,,
1791470924.5166337,601172,tracking_feedback_accumulate,1029,,20996,,,164712448,239075328,211935232,247463936,,,,,,,,2.861500019207597,,
1791470924.5216339,601172,frontend_frame,1029,0,20996,31,8,165682688,239075328,211935232,247463936,,,,,,,,,,
1791470924.922151,601172,tracking_feedback_accumulate,1030,,20996,,,159911424,239075328,211935232,247463936,,,,,,,,2.895600162446499,,
1791470924.928152,601172,frontend_frame,1030,0,20996,31,8,160881664,213909504,211935232,247463936,,,,,,,,,,
1791470925.2958093,601172,tracking_feedback_accumulate,1031,,20996,,,164714496,234881024,211935232,247463936,,,,,,,,2.861900022253394,,
1791470925.2998092,601172,frontend_frame,1031,0,20996,31,8,165684736,234881024,211935232,247463936,,,,,,,,,,
1791470925.6384995,601172,tracking_feedback_accumulate,1032,,20996,,,169763328,239075328,211935232,247463936,,,,,,,,2.9390999116003513,,
1791470925.6434999,601172,frontend_frame,1032,0,20996,31,8,160801792,239075328,211935232,247463936,,,,,,,,,,
1791470925.9687777,601172,tracking_feedback_accumulate,1033,,20996,,,164880384,239075328,211935232,247463936,,,,,,,,2.9146999586373568,,
1791470925.9738488,601172,frontend_frame,1033,0,20996,31,8,165850624,239075328,211935232,247463936,,,,,,,,,,
1791470926.3431494,601172,tracking_feedback_accumulate,1034,,20996,,,169683456,239075328,211935232,247463936,,,,,,,,2.95290001668036,,
1791470926.3477888,601172,frontend_frame,1034,0,20996,31,8,170653696,239075328,211935232,247463936,,,,,,,,,,
1791470926.6981702,601172,tracking_feedback_accumulate,1035,,20996,,,159834624,239075328,211935232,247463936,,,,,,,,2.911200048401952,,
1791470926.702852,601172,frontend_frame,1035,0,20996,31,8,160804864,239075328,211935232,247463936,,,,,,,,,,
1791470927.0652783,601172,tracking_feedback_accumulate,1036,,20996,,,164719616,239075328,211935232,247463936,,,,,,,,2.9171998612582684,,
1791470927.069988,601172,frontend_frame,1036,0,20996,31,8,165689856,239075328,211935232,247463936,,,,,,,,,,
1791470927.393989,601172,tracking_feedback_accumulate,1037,,20996,,,169768448,239075328,211935232,247463936,,,,,,,,3.013300010934472,,
1791470927.3987005,601172,frontend_frame,1037,0,20996,31,8,160806912,239075328,211935232,247463936,,,,,,,,,,
1791470927.808039,601172,tracking_feedback_accumulate,1038,,20996,,,164721664,239075328,211935232,247463936,,,,,,,,2.948999870568514,,
1791470927.8143094,601172,frontend_frame,1038,0,20996,31,8,165691904,239075328,211935232,247463936,,,,,,,,,,
1791470928.088476,601172,tracking_feedback_accumulate,1039,,20996,,,169770496,239075328,211935232,247463936,,,,,,,,2.9538997914642096,,
1791470928.0932927,601172,frontend_frame,1039,0,20996,31,8,170740736,239075328,211935232,247463936,,,,,,,,,,
1791470928.3409672,601172,tracking_feedback_accumulate,1040,,20996,,,159921664,239075328,211935232,247463936,,,,,,,,2.841799985617399,,
1791470928.345533,601172,frontend_frame,1040,0,20996,31,8,160891904,213909504,211935232,247463936,,,,,,,,,,
1791470928.6777334,601172,tracking_feedback_accumulate,1041,,20996,,,164806656,234881024,211935232,247463936,,,,,,,,2.848600037395954,,
1791470928.6823208,601172,frontend_frame,1041,0,20996,31,8,165776896,234881024,211935232,247463936,,,,,,,,,,
1791470929.0757942,601172,tracking_feedback_accumulate,1042,,20996,,,169691648,236978176,211935232,247463936,,,,,,,,3.1384998001158237,,
1791470929.081408,601172,frontend_frame,1042,0,20996,31,8,160730112,236978176,211935232,247463936,,,,,,,,,,
1791470929.4533243,601172,tracking_feedback_accumulate,1043,,20996,,,164890624,236978176,211935232,247463936,,,,,,,,2.8266001027077436,,
1791470929.4579287,601172,frontend_frame,1043,0,20996,31,8,165860864,236978176,211935232,247463936,,,,,,,,,,
1791470929.7315917,601172,tracking_feedback_accumulate,1044,,20996,,,169693696,236978176,211935232,247463936,,,,,,,,2.735799876973033,,
1791470929.7361705,601172,frontend_frame,1044,0,20996,31,8,170663936,239075328,211935232,247463936,,,,,,,,,,
1791470929.9996068,601172,tracking_feedback_accumulate,1045,,20996,,,159844864,239075328,211935232,247463936,,,,,,,,2.8612001333385706,,
1791470930.004252,601172,frontend_frame,1045,0,20996,31,8,160815104,239075328,211935232,247463936,,,,,,,,,,
1791470930.355477,601172,tracking_feedback_accumulate,1046,,20996,,,164893696,239075328,211935232,247463936,,,,,,,,2.8355999384075403,,
1791470930.360132,601172,frontend_frame,1046,0,20996,31,8,165863936,239075328,211935232,247463936,,,,,,,,,,
1791470930.6204364,601172,tracking_feedback_accumulate,1047,,20996,,,159846912,239075328,211935232,247463936,,,,,,,,2.816000021994114,,
1791470930.6250174,601172,frontend_frame,1047,0,20996,31,8,160817152,239075328,211935232,247463936,,,,,,,,,,
1791470930.9318023,601172,tracking_feedback_accumulate,1048,,20996,,,164731904,239075328,211935232,247463936,,,,,,,,2.901600208133459,,
1791470930.981358,601172,frontend_frame,1048,0,20996,32,8,169697792,239075328,211935232,247463936,,,,,,,,,,
1791470941.652964,601172,tracking_feedback_accumulate,1049,,21588,,,173896192,239075328,214431232,247463936,,,,,,,,3.239900106564164,,
1791470941.6579638,601172,frontend_frame,1049,0,21588,32,8,165069824,239075328,214431232,247463936,,,,,,,,,,
1791470942.0606625,601172,tracking_feedback_accumulate,1050,,21588,,,168984576,239075328,214431232,247463936,,,,,,,,2.970100147649646,,
1791470942.0656621,601172,frontend_frame,1050,0,21588,32,8,170085888,213909504,214431232,247463936,,,,,,,,,,
1791470942.3311818,601172,tracking_feedback_accumulate,1051,,21588,,,174164480,260046848,214710272,260046848,,,,,,,,2.8013999108225107,,
1791470942.3361819,601172,frontend_frame,1051,0,21588,32,8,175265792,262144000,214710272,262144000,,,,,,,,,,
1791470942.6678298,601172,tracking_feedback_accumulate,1052,,21588,,,163807744,262144000,214710272,262144000,,,,,,,,2.8973000589758158,,
1791470942.6728292,601172,frontend_frame,1052,0,21588,32,8,164909056,262144000,214710272,262144000,,,,,,,,,,
1791470942.9778614,601172,tracking_feedback_accumulate,1053,,21588,,,168987648,262144000,214710272,262144000,,,,,,,,2.818500157445669,,
1791470942.9823656,601172,frontend_frame,1053,0,21588,32,8,170089472,262144000,214710272,262144000,,,,,,,,,,
1791470943.162994,601172,tracking_feedback_accumulate,1054,,21588,,,163810304,262144000,214710272,262144000,,,,,,,,2.9422000516206026,,
1791470943.1669939,601172,frontend_frame,1054,0,21588,32,8,164911616,262144000,214710272,262144000,,,,,,,,,,
1791470943.451583,601172,tracking_feedback_accumulate,1055,,21588,,,168990208,262144000,214710272,262144000,,,,,,,,3.3518997952342033,,
1791470943.4555826,601172,frontend_frame,1055,0,21588,32,8,170091520,262144000,214710272,262144000,,,,,,,,,,
1791470943.8168502,601172,tracking_feedback_accumulate,1056,,21588,,,174006272,262144000,214710272,262144000,,,,,,,,2.8600001242011786,,
1791470943.82185,601172,frontend_frame,1056,0,21588,32,8,164913664,262144000,214710272,262144000,,,,,,,,,,
1791470944.1084645,601172,tracking_feedback_accumulate,1057,,21588,,,169074176,262144000,214710272,262144000,,,,,,,,2.897700062021613,,
1791470944.1134646,601172,frontend_frame,1057,0,21588,32,8,170175488,262144000,214710272,262144000,,,,,,,,,,
1791470944.4981294,601172,tracking_feedback_accumulate,1058,,21588,,,174008320,262144000,214710272,262144000,,,,,,,,3.3054000232368708,,
1791470944.5027084,601172,frontend_frame,1058,0,21588,32,8,175109632,262144000,214710272,262144000,,,,,,,,,,
1791470944.8372304,601172,tracking_feedback_accumulate,1059,,21588,,,163897344,262144000,214710272,262144000,,,,,,,,2.8935999143868685,,
1791470944.84223,601172,frontend_frame,1059,0,21588,32,8,164998656,262144000,214710272,262144000,,,,,,,,,,
1791470945.181363,601172,tracking_feedback_accumulate,1060,,21588,,,168913408,262144000,214710272,262144000,,,,,,,,2.8514000587165356,,
1791470945.1868675,601172,frontend_frame,1060,0,21588,32,8,170014720,213909504,214710272,262144000,,,,,,,,,,
1791470945.5546236,601172,tracking_feedback_accumulate,1061,,21588,,,174175232,239075328,214710272,262144000,,,,,,,,2.9033999890089035,,
1791470945.5596235,601172,frontend_frame,1061,0,21588,32,8,165082624,239075328,214710272,262144000,,,,,,,,,,
1791470945.841656,601172,tracking_feedback_accumulate,1062,,21588,,,168997376,239075328,214710272,262144000,,,,,,,,2.851000055670738,,
1791470945.846656,601172,frontend_frame,1062,0,21588,32,8,170098688,239075328,214710272,262144000,,,,,,,,,,
1791470946.1977997,601172,tracking_feedback_accumulate,1063,,21588,,,174013440,260046848,214710272,262144000,,,,,,,,3.332100110128522,,
1791470946.2027996,601172,frontend_frame,1063,0,21588,32,8,175114752,262144000,214710272,262144000,,,,,,,,,,
1791470946.5672438,601172,tracking_feedback_accumulate,1064,,21588,,,163902464,262144000,214710272,262144000,,,,,,,,2.8321000281721354,,
1791470946.5722473,601172,frontend_frame,1064,0,21588,32,8,165003776,262144000,214710272,262144000,,,,,,,,,,
1791470946.9453034,601172,tracking_feedback_accumulate,1065,,21588,,,169082368,262144000,214710272,262144000,,,,,,,,3.136400133371353,,
1791470946.9503036,601172,frontend_frame,1065,0,21588,32,8,170183680,262144000,214710272,262144000,,,,,,,,,,
1791470947.1940527,601172,tracking_feedback_accumulate,1066,,21588,,,174016512,262144000,214710272,262144000,,,,,,,,2.8242000844329596,,
1791470947.1990526,601172,frontend_frame,1066,0,21588,32,8,164923904,262144000,214710272,262144000,,,,,,,,,,
1791470947.5352557,601172,tracking_feedback_accumulate,1067,,21588,,,169084416,262144000,214710272,262144000,,,,,,,,2.7801000978797674,,
1791470947.5402555,601172,frontend_frame,1067,0,21588,32,8,170185728,262144000,214710272,262144000,,,,,,,,,,
1791470947.8172877,601172,tracking_feedback_accumulate,1068,,21588,,,174100480,262144000,214710272,262144000,,,,,,,,2.889900002628565,,
1791470947.8222876,601172,frontend_frame,1068,0,21588,32,8,175201792,262144000,214710272,262144000,,,,,,,,,,
1791470948.1574602,601172,tracking_feedback_accumulate,1069,,21588,,,163989504,262144000,214710272,262144000,,,,,,,,3.069499973207712,,
1791470948.1624596,601172,frontend_frame,1069,0,21588,32,8,165090816,262144000,214710272,262144000,,,,,,,,,,
1791470948.3514826,601172,tracking_feedback_accumulate,1070,,21588,,,169005568,262144000,214710272,262144000,,,,,,,,2.809799974784255,,
1791470948.3574817,601172,frontend_frame,1070,0,21588,32,8,170106880,213909504,214710272,262144000,,,,,,,,,,
1791470948.6401262,601172,tracking_feedback_accumulate,1071,,21588,,,163827712,260046848,214710272,262144000,,,,,,,,2.912800060585141,,
1791470948.6441262,601172,frontend_frame,1071,0,21588,32,8,164929024,260046848,214710272,262144000,,,,,,,,,,
1791470949.0119326,601172,tracking_feedback_accumulate,1072,,21588,,,169089536,260046848,214710272,262144000,,,,,,,,2.8375000692903996,,
1791470949.0169346,601172,frontend_frame,1072,0,21588,32,8,170190848,260046848,214710272,262144000,,,,,,,,,,
1791470949.3175304,601172,tracking_feedback_accumulate,1073,,21588,,,174023680,260046848,214710272,262144000,,,,,,,,2.850899938493967,,
1791470949.3235304,601172,frontend_frame,1073,0,21588,32,8,164931072,260046848,214710272,262144000,,,,,,,,,,
1791470949.630672,601172,tracking_feedback_accumulate,1074,,21588,,,169091584,260046848,214710272,262144000,,,,,,,,2.8524999506771564,,
1791470949.6356719,601172,frontend_frame,1074,0,21588,32,8,170192896,260046848,214710272,262144000,,,,,,,,,,
1791470949.9092941,601172,tracking_feedback_accumulate,1075,,21588,,,174025728,260046848,214710272,262144000,,,,,,,,2.8999000787734985,,
1791470949.914294,601172,frontend_frame,1075,0,21588,32,8,175127040,262144000,214710272,262144000,,,,,,,,,,
1791470950.2554705,601172,tracking_feedback_accumulate,1076,,21588,,,163996672,262144000,214710272,262144000,,,,,,,,2.846800023689866,,
1791470950.259471,601172,frontend_frame,1076,0,21588,32,8,165097984,262144000,214710272,262144000,,,,,,,,,,
1791470950.5371149,601172,tracking_feedback_accumulate,1077,,21588,,,169012736,262144000,214710272,262144000,,,,,,,,2.791800070554018,,
1791470950.542115,601172,frontend_frame,1077,0,21588,32,8,170114048,262144000,214710272,262144000,,,,,,,,,,
1791470950.8901455,601172,tracking_feedback_accumulate,1078,,21588,,,174028800,262144000,214710272,262144000,,,,,,,,3.1608999706804752,,
1791470950.8951473,601172,frontend_frame,1078,0,21588,32,8,164936192,262144000,214710272,262144000,,,,,,,,,,
1791470951.2647598,601172,tracking_feedback_accumulate,1079,,21588,,,169096704,262144000,214710272,262144000,,,,,,,,3.1230999156832695,,
1791470951.26976,601172,frontend_frame,1079,0,21588,32,8,170198016,262144000,214710272,262144000,,,,,,,,,,
1791470951.6229007,601172,tracking_feedback_accumulate,1080,,21588,,,174112768,262144000,214710272,262144000,,,,,,,,3.050600178539753,,
1791470951.6289022,601172,frontend_frame,1080,0,21588,32,8,175214080,218103808,214710272,262144000,,,,,,,,,,
1791470951.884523,601172,tracking_feedback_accumulate,1081,,21588,,,164001792,260046848,214710272,262144000,,,,,,,,2.8060998301953077,,
1791470951.889028,601172,frontend_frame,1081,0,21588,32,8,165103104,260046848,214710272,262144000,,,,,,,,,,
1791470952.2296555,601172,tracking_feedback_accumulate,1082,,21588,,,169017856,260046848,214710272,262144000,,,,,,,,2.863300032913685,,
1791470952.2346547,601172,frontend_frame,1082,0,21588,32,8,170119168,260046848,214710272,262144000,,,,,,,,,,
1791470952.6183748,601172,tracking_feedback_accumulate,1083,,21588,,,174033920,260046848,214710272,262144000,,,,,,,,2.9789998661726713,,
1791470952.623374,601172,frontend_frame,1083,0,21588,32,8,164941312,260046848,214710272,262144000,,,,,,,,,,
1791470952.9069786,601172,tracking_feedback_accumulate,1084,,21588,,,169101824,260046848,214710272,262144000,,,,,,,,2.799800131469965,,
1791470952.9119785,601172,frontend_frame,1084,0,21588,32,8,170203136,260046848,214710272,262144000,,,,,,,,,,
1791470953.2862008,601172,tracking_feedback_accumulate,1085,,21588,,,174035968,260046848,214710272,262144000,,,,,,,,2.864799927920103,,
1791470953.291706,601172,frontend_frame,1085,0,21588,32,8,175137280,262144000,214710272,262144000,,,,,,,,,,
1791470953.6570315,601172,tracking_feedback_accumulate,1086,,21588,,,163924992,262144000,214710272,262144000,,,,,,,,2.772500040009618,,
1791470953.6620317,601172,frontend_frame,1086,0,21588,32,8,165026304,262144000,214710272,262144000,,,,,,,,,,
1791470954.052833,601172,tracking_feedback_accumulate,1087,,21588,,,169104896,262144000,214710272,262144000,,,,,,,,2.9181998688727617,,
1791470954.0578332,601172,frontend_frame,1087,0,21588,32,8,170206208,262144000,214710272,262144000,,,,,,,,,,
1791470954.4168613,601172,tracking_feedback_accumulate,1088,,21588,,,163927040,262144000,214710272,262144000,,,,,,,,2.9120000544935465,,
1791470954.4218614,601172,frontend_frame,1088,0,21588,32,8,165028352,262144000,214710272,262144000,,,,,,,,,,
1791470954.7230651,601172,tracking_feedback_accumulate,1089,,21588,,,168943104,262144000,214710272,262144000,,,,,,,,2.894700039178133,,
1791470954.728065,601172,frontend_frame,1089,0,21588,32,8,170044416,262144000,214710272,262144000,,,,,,,,,,
1791470955.0991855,601172,tracking_feedback_accumulate,1090,,21588,,,174204928,262144000,214710272,262144000,,,,,,,,2.8151001315563917,,
1791470955.1051855,601172,frontend_frame,1090,0,21588,32,8,165112320,213909504,214710272,262144000,,,,,,,,,,
1791470955.421224,601172,tracking_feedback_accumulate,1091,,21588,,,169027072,234881024,214710272,262144000,,,,,,,,2.8210000600665808,,
1791470955.4262235,601172,frontend_frame,1091,0,21588,32,8,170128384,234881024,214710272,262144000,,,,,,,,,,
1791470955.753906,601172,tracking_feedback_accumulate,1092,,21588,,,174206976,260046848,214710272,262144000,,,,,,,,5.101499846205115,,
1791470955.761907,601172,frontend_frame,1092,0,21588,32,8,175308288,262144000,214710272,262144000,,,,,,,,,,
1791470956.102022,601172,tracking_feedback_accumulate,1093,,21588,,,163850240,262144000,214710272,262144000,,,,,,,,2.800599904730916,,
1791470956.1070218,601172,frontend_frame,1093,0,21588,32,8,164951552,262144000,214710272,262144000,,,,,,,,,,
1791470956.4635484,601172,tracking_feedback_accumulate,1094,,21588,,,169112064,262144000,214710272,262144000,,,,,,,,2.9552001506090164,,
1791470956.4675484,601172,frontend_frame,1094,0,21588,32,8,170213376,262144000,214710272,262144000,,,,,,,,,,
1791470956.793715,601172,tracking_feedback_accumulate,1095,,21588,,,174046208,262144000,214710272,262144000,,,,,,,,2.9211000073701143,,
1791470956.7987149,601172,frontend_frame,1095,0,21588,32,8,164953600,262144000,214710272,262144000,,,,,,,,,,
1791470957.0143437,601172,tracking_feedback_accumulate,1096,,21588,,,169032192,262144000,214710272,262144000,,,,,,,,2.833800157532096,,
1791470957.0193436,601172,frontend_frame,1096,0,21588,32,8,170133504,262144000,214710272,262144000,,,,,,,,,,
1791470957.2969267,601172,tracking_feedback_accumulate,1097,,21588,,,174212096,262144000,214710272,262144000,,,,,,,,2.8763001319020987,,
1791470957.301927,601172,frontend_frame,1097,0,21588,32,8,175313408,262144000,214710272,262144000,,,,,,,,,,
1791470957.6541457,601172,tracking_feedback_accumulate,1098,,21588,,,163937280,262144000,214710272,262144000,,,,,,,,2.824799856171012,,
1791470957.6591458,601172,frontend_frame,1098,0,21588,32,8,165038592,262144000,214710272,262144000,,,,,,,,,,
1791470957.990244,601172,tracking_feedback_accumulate,1099,,21588,,,168953344,262144000,214710272,262144000,,,,,,,,3.304600017145276,,
1791470957.9952466,601172,frontend_frame,1099,0,21588,32,8,170054656,262144000,214710272,262144000,,,,,,,,,,
1791470958.270783,601172,tracking_feedback_accumulate,1100,,21588,,,174133248,262144000,214710272,262144000,,,,,,,,2.833999926224351,,
1791470958.2767851,601172,frontend_frame,1100,0,21588,32,8,165040640,213909504,214710272,262144000,,,,,,,,,,
1791470958.603103,601172,tracking_feedback_accumulate,1101,,21588,,,169119232,255852544,214710272,262144000,,,,,,,,2.8800000436604023,,
1791470958.6081028,601172,frontend_frame,1101,0,21588,32,8,170220544,257949696,214710272,262144000,,,,,,,,,,
1791470958.947933,601172,tracking_feedback_accumulate,1102,,21588,,,174053376,260046848,214710272,262144000,,,,,,,,2.871599979698658,,
1791470958.952933,601172,frontend_frame,1102,0,21588,32,8,175154688,262144000,214710272,262144000,,,,,,,,,,
1791470959.2305448,601172,tracking_feedback_accumulate,1103,,21588,,,164024320,262144000,214710272,262144000,,,,,,,,2.901799976825714,,
1791470959.2355456,601172,frontend_frame,1103,0,21588,32,8,165125632,262144000,214710272,262144000,,,,,,,,,,
1791470959.5141292,601172,tracking_feedback_accumulate,1104,,21588,,,169040384,262144000,214710272,262144000,,,,,,,,2.8354001697152853,,
1791470959.518129,601172,frontend_frame,1104,0,21588,32,8,170141696,262144000,214710272,262144000,,,,,,,,,,
1791470959.8457541,601172,tracking_feedback_accumulate,1105,,21588,,,164026368,262144000,214710272,262144000,,,,,,,,2.812399994581938,,
1791470959.850754,601172,frontend_frame,1105,0,21588,32,8,165127680,262144000,214710272,262144000,,,,,,,,,,
1791470960.195946,601172,tracking_feedback_accumulate,1106,,21588,,,169042432,262144000,214710272,262144000,,,,,,,,2.869300078600645,,
1791470960.2009463,601172,frontend_frame,1106,0,21588,32,8,170143744,262144000,214710272,262144000,,,,,,,,,,
1791470960.4849634,601172,tracking_feedback_accumulate,1107,,21588,,,174058496,262144000,214710272,262144000,,,,,,,,2.759999828413129,,
1791470960.4899633,601172,frontend_frame,1107,0,21588,32,8,164965888,262144000,214710272,262144000,,,,,,,,,,
1791470960.8736649,601172,tracking_feedback_accumulate,1108,,21588,,,169044480,262144000,214710272,262144000,,,,,,,,2.907699905335903,,
1791470960.8786666,601172,frontend_frame,1108,0,21588,32,8,170145792,262144000,214710272,262144000,,,,,,,,,,
1791470961.160742,601172,tracking_feedback_accumulate,1109,,21588,,,174224384,262144000,214710272,262144000,,,,,,,,2.827899996191263,,
1791470961.1657422,601172,frontend_frame,1109,0,21588,32,8,175325696,262144000,214710272,262144000,,,,,,,,,,
1791470961.468269,601172,tracking_feedback_accumulate,1110,,21588,,,163867648,262144000,214710272,262144000,,,,,,,,2.9955999925732613,,
1791470961.4732687,601172,frontend_frame,1110,0,21588,32,8,164968960,213909504,214710272,262144000,,,,,,,,,,
1791470961.8279939,601172,tracking_feedback_accumulate,1111,,21588,,,169129472,234881024,214710272,262144000,,,,,,,,2.799500012770295,,
1791470961.8329937,601172,frontend_frame,1111,0,21588,32,8,170230784,234881024,214710272,262144000,,,,,,,,,,
1791470962.1676857,601172,tracking_feedback_accumulate,1112,,21588,,,174063616,239075328,214710272,262144000,,,,,,,,2.8578999917954206,,
1791470962.1732638,601172,frontend_frame,1112,0,21588,32,8,164971008,239075328,214710272,262144000,,,,,,,,,,
1791470962.4880726,601172,tracking_feedback_accumulate,1113,,21588,,,169049600,239075328,214710272,262144000,,,,,,,,2.8292001225054264,,
1791470962.4925768,601172,frontend_frame,1113,0,21588,32,8,170150912,239075328,214710272,262144000,,,,,,,,,,
1791470962.842176,601172,tracking_feedback_accumulate,1114,,21588,,,174229504,260046848,214710272,262144000,,,,,,,,2.8578999917954206,,
1791470962.848177,601172,frontend_frame,1114,0,21588,32,8,175330816,262144000,214710272,262144000,,,,,,,,,,
1791470963.1648314,601172,tracking_feedback_accumulate,1115,,21588,,,163872768,262144000,214710272,262144000,,,,,,,,2.8860000893473625,,
1791470963.1698315,601172,frontend_frame,1115,0,21588,32,8,164974080,262144000,214710272,262144000,,,,,,,,,,
1791470963.5119262,601172,tracking_feedback_accumulate,1116,,21588,,,169134592,262144000,214710272,262144000,,,,,,,,2.7415999211370945,,
1791470963.5169263,601172,frontend_frame,1116,0,21588,32,8,170235904,262144000,214710272,262144000,,,,,,,,,,
1791470963.8678665,601172,tracking_feedback_accumulate,1117,,21588,,,174150656,262144000,214710272,262144000,,,,,,,,2.899100072681904,,
1791470963.8728669,601172,frontend_frame,1117,0,21588,32,8,165058048,262144000,214710272,262144000,,,,,,,,,,
1791470964.1789262,601172,tracking_feedback_accumulate,1118,,21588,,,169136640,262144000,214710272,262144000,,,,,,,,2.861199900507927,,
1791470964.1839266,601172,frontend_frame,1118,0,21588,32,8,170237952,262144000,214710272,262144000,,,,,,,,,,
1791470964.3964427,601172,tracking_feedback_accumulate,1119,,21588,,,174152704,262144000,214710272,262144000,,,,,,,,2.74349981918931,,
1791470964.4004424,601172,frontend_frame,1119,0,21588,32,8,175254016,262144000,214710272,262144000,,,,,,,,,,
1791470964.7186441,601172,tracking_feedback_accumulate,1120,,21588,,,164041728,262144000,214710272,262144000,,,,,,,,2.9508001171052456,,
1791470964.7246442,601172,frontend_frame,1120,0,21588,32,8,165143040,213909504,214710272,262144000,,,,,,,,,,
1791470965.0564334,601172,tracking_feedback_accumulate,1121,,21588,,,169057792,234881024,214710272,262144000,,,,,,,,2.945000072941184,,
1791470965.0614328,601172,frontend_frame,1121,0,21588,32,8,170159104,234881024,214710272,262144000,,,,,,,,,,
1791470965.3684723,601172,tracking_feedback_accumulate,1122,,21588,,,164043776,260046848,214710272,262144000,,,,,,,,2.9704999178647995,,
1791470965.3724725,601172,frontend_frame,1122,0,21588,32,8,165145088,260046848,214710272,262144000,,,,,,,,,,
1791470965.6310365,601172,tracking_feedback_accumulate,1123,,21588,,,169059840,260046848,214710272,262144000,,,,,,,,2.7973998803645372,,
1791470965.6360364,601172,frontend_frame,1123,0,21588,32,8,170161152,260046848,214710272,262144000,,,,,,,,,,
1791470966.0174005,601172,tracking_feedback_accumulate,1124,,21588,,,174075904,260046848,214710272,262144000,,,,,,,,2.907400019466877,,
1791470966.0234008,601172,frontend_frame,1124,0,21588,32,8,164983296,260046848,214710272,262144000,,,,,,,,,,
1791470966.353462,601172,tracking_feedback_accumulate,1125,,21588,,,169061888,260046848,214710272,262144000,,,,,,,,2.8263998683542013,,
1791470966.3584619,601172,frontend_frame,1125,0,21588,32,8,170163200,260046848,214710272,262144000,,,,,,,,,,
1791470966.6911387,601172,tracking_feedback_accumulate,1126,,21588,,,174077952,260046848,214710272,262144000,,,,,,,,2.8675999492406845,,
1791470966.6976435,601172,frontend_frame,1126,0,21588,32,8,175179264,262144000,214710272,262144000,,,,,,,,,,
1791470967.0949528,601172,tracking_feedback_accumulate,1127,,21588,,,163966976,262144000,214710272,262144000,,,,,,,,2.9133001808077097,,
1791470967.0999527,601172,frontend_frame,1127,0,21588,32,8,165068288,262144000,214710272,262144000,,,,,,,,,,
1791470967.307967,601172,tracking_feedback_accumulate,1128,,21588,,,169146880,262144000,214710272,262144000,,,,,,,,2.891700016334653,,
1791470967.3129668,601172,frontend_frame,1128,0,21588,32,8,170248192,262144000,214710272,262144000,,,,,,,,,,
1791470967.6861727,601172,tracking_feedback_accumulate,1129,,21588,,,174162944,262144000,214710272,262144000,,,,,,,,2.8705999720841646,,
1791470967.6911726,601172,frontend_frame,1129,0,21588,32,8,165070336,262144000,214710272,262144000,,,,,,,,,,
1791470967.9435701,601172,tracking_feedback_accumulate,1130,,21588,,,169148928,262144000,214710272,262144000,,,,,,,,3.027800004929304,,
1791470967.9485698,601172,frontend_frame,1130,0,21588,32,8,170250240,213909504,214710272,262144000,,,,,,,,,,
1791470968.299683,601172,tracking_feedback_accumulate,1131,,21588,,,174164992,239075328,214710272,262144000,,,,,,,,2.9766999650746584,,
1791470968.3046832,601172,frontend_frame,1131,0,21588,32,8,175266304,241172480,214710272,262144000,,,,,,,,,,
1791470968.6833189,601172,tracking_feedback_accumulate,1132,,21588,,,163890176,262144000,214710272,262144000,,,,,,,,2.853000070899725,,
1791470968.6873188,601172,frontend_frame,1132,0,21588,32,8,164991488,262144000,214710272,262144000,,,,,,,,,,
1791470969.0503218,601172,tracking_feedback_accumulate,1133,,21588,,,169070080,262144000,214710272,262144000,,,,,,,,2.854800084605813,,
1791470969.0553243,601172,frontend_frame,1133,0,21588,32,8,170171392,262144000,214710272,262144000,,,,,,,,,,
1791470969.4563506,601172,tracking_feedback_accumulate,1134,,21588,,,174249984,262144000,214710272,262144000,,,,,,,,2.891700016334653,,
1791470969.4613504,601172,frontend_frame,1134,0,21588,32,8,165157376,262144000,214710272,262144000,,,,,,,,,,
1791470969.8175418,601172,tracking_feedback_accumulate,1135,,21588,,,169072128,262144000,214710272,262144000,,,,,,,,2.887299982830882,,
1791470969.8225417,601172,frontend_frame,1135,0,21588,32,8,170173440,262144000,214710272,262144000,,,,,,,,,,
1791470970.1542273,601172,tracking_feedback_accumulate,1136,,21588,,,174252032,262144000,214710272,262144000,,,,,,,,2.9428000561892986,,
1791470970.1592271,601172,frontend_frame,1136,0,21588,32,8,175353344,262144000,214710272,262144000,,,,,,,,,,
1791470970.5148032,601172,tracking_feedback_accumulate,1137,,21588,,,163977216,262144000,214710272,262144000,,,,,,,,2.8603000100702047,,
1791470970.5198033,601172,frontend_frame,1137,0,21588,32,8,165078528,262144000,214710272,262144000,,,,,,,,,,
1791470970.8849537,601172,tracking_feedback_accumulate,1138,,21588,,,169157120,262144000,214710272,262144000,,,,,,,,2.8228999581187963,,
1791470970.8899539,601172,frontend_frame,1138,0,21588,32,8,170258432,262144000,214710272,262144000,,,,,,,,,,
1791470971.3055782,601172,tracking_feedback_accumulate,1139,,21588,,,163897344,262144000,214710272,262144000,,,,,,,,2.920700004324317,,
1791470971.3095767,601172,frontend_frame,1139,0,21588,32,8,164998656,262144000,214710272,262144000,,,,,,,,,,
1791470971.676799,601172,tracking_feedback_accumulate,1140,,21588,,,169077248,262144000,214710272,262144000,,,,,,,,2.8742998838424683,,
1791470971.6817977,601172,frontend_frame,1140,0,21588,32,8,170178560,213909504,214710272,262144000,,,,,,,,,,
1791470971.8868604,601172,tracking_feedback_accumulate,1141,,21588,,,174093312,260046848,214710272,262144000,,,,,,,,2.95559992082417,,
1791470971.8918605,601172,frontend_frame,1141,0,21588,32,8,165000704,260046848,214710272,262144000,,,,,,,,,,
1791470972.1864798,601172,tracking_feedback_accumulate,1142,,21588,,,169079296,260046848,214710272,262144000,,,,,,,,2.927300054579973,,
1791470972.1904788,601172,frontend_frame,1142,0,21588,32,8,170180608,260046848,214710272,262144000,,,,,,,,,,
1791470972.5910666,601172,tracking_feedback_accumulate,1143,,21588,,,174095360,260046848,214710272,262144000,,,,,,,,2.8988998383283615,,
1791470972.5960674,601172,frontend_frame,1143,0,21588,32,8,175196672,262144000,214710272,262144000,,,,,,,,,,
1791470972.9462693,601172,tracking_feedback_accumulate,1144,,21588,,,164066304,262144000,214710272,262144000,,,,,,,,2.8635000344365835,,
1791470972.9512691,601172,frontend_frame,1144,0,21588,32,8,165167616,262144000,214710272,262144000,,,,,,,,,,
1791470973.308058,601172,tracking_feedback_accumulate,1145,,21588,,,169000448,262144000,214710272,262144000,,,,,,,,2.8432998806238174,,
1791470973.3130584,601172,frontend_frame,1145,0,21588,32,8,170101760,262144000,214710272,262144000,,,,,,,,,,
1791470973.6704311,601172,tracking_feedback_accumulate,1146,,21588,,,174262272,262144000,214710272,262144000,,,,,,,,2.837100066244602,,
1791470973.6764317,601172,frontend_frame,1146,0,21588,32,8,165169664,262144000,214710272,262144000,,,,,,,,,,
1791470973.9716485,601172,tracking_feedback_accumulate,1147,,21588,,,169084416,262144000,214710272,262144000,,,,,,,,2.8426998760551214,,
1791470973.9771907,601172,frontend_frame,1147,0,21588,32,8,170185728,262144000,214710272,262144000,,,,,,,,,,
1791470974.357766,601172,tracking_feedback_accumulate,1148,,21588,,,174264320,262144000,214710272,262144000,,,,,,,,2.8375000692903996,,
1791470974.3617659,601172,frontend_frame,1148,0,21588,32,8,175365632,262144000,214710272,262144000,,,,,,,,,,
1791470974.6929324,601172,tracking_feedback_accumulate,1149,,21588,,,163989504,262144000,214710272,262144000,,,,,,,,2.906499896198511,,
1791470974.6984375,601172,frontend_frame,1149,0,21588,32,8,165090816,262144000,214710272,262144000,,,,,,,,,,
1791470975.071091,601172,tracking_feedback_accumulate,1150,,21588,,,169005568,262144000,214710272,262144000,,,,,,,,3.007699968293309,,
1791470975.076092,601172,frontend_frame,1150,0,21588,32,8,170106880,213909504,214710272,262144000,,,,,,,,,,
1791470975.3426154,601172,tracking_feedback_accumulate,1151,,21588,,,174267392,239075328,214710272,262144000,,,,,,,,2.8704998549073935,,
1791470975.3506136,601172,frontend_frame,1151,0,21588,32,8,165174784,239075328,214710272,262144000,,,,,,,,,,
1791470975.6051838,601172,tracking_feedback_accumulate,1152,,21588,,,169007616,239075328,214710272,262144000,,,,,,,,2.8035000432282686,,
1791470975.6091857,601172,frontend_frame,1152,0,21588,32,8,170108928,239075328,214710272,262144000,,,,,,,,,,
1791470975.9403894,601172,tracking_feedback_accumulate,1153,,21588,,,174269440,239075328,214710272,262144000,,,,,,,,5.57969999499619,,
1791470975.9463882,601172,frontend_frame,1153,0,21588,32,8,175370752,241172480,214710272,262144000,,,,,,,,,,
1791470976.328358,601172,tracking_feedback_accumulate,1154,,21588,,,163912704,241172480,214710272,262144000,,,,,,,,2.7899998240172863,,
1791470976.332358,601172,frontend_frame,1154,0,21588,32,8,165014016,241172480,214710272,262144000,,,,,,,,,,
1791470976.642952,601172,tracking_feedback_accumulate,1155,,21588,,,169092608,241172480,214710272,262144000,,,,,,,,2.933399984613061,,
1791470976.6479518,601172,frontend_frame,1155,0,21588,32,8,170193920,241172480,214710272,262144000,,,,,,,,,,
1791470977.014253,601172,tracking_feedback_accumulate,1156,,21588,,,163914752,262144000,214710272,262144000,,,,,,,,2.745900070294738,,
1791470977.0192528,601172,frontend_frame,1156,0,21588,32,8,165016064,262144000,214710272,262144000,,,,,,,,,,
1791470977.3673394,601172,tracking_feedback_accumulate,1157,,21588,,,169094656,262144000,214710272,262144000,,,,,,,,2.8894999995827675,,
1791470977.3723392,601172,frontend_frame,1157,0,21588,32,8,170195968,262144000,214710272,262144000,,,,,,,,,,
1791470977.6970088,601172,tracking_feedback_accumulate,1158,,21588,,,174274560,262144000,214717952,262144000,,,,,,,,2.7640999760478735,,
1791470977.7015145,601172,frontend_frame,1158,0,21588,32,8,165181952,262144000,214717952,262144000,,,,,,,,,,
1791470978.0906837,601172,tracking_feedback_accumulate,1159,,21588,,,169096704,262144000,214717952,262144000,,,,,,,,2.8766999021172523,,
1791470978.0956836,601172,frontend_frame,1159,0,21588,32,8,170198016,262144000,214717952,262144000,,,,,,,,,,
1791470978.468721,601172,tracking_feedback_accumulate,1160,,21588,,,174276608,262144000,214720000,262144000,,,,,,,,3.003000048920512,,
1791470978.4737208,601172,frontend_frame,1160,0,21588,32,8,175377920,218103808,214720000,262144000,,,,,,,,,,
1791470978.844965,601172,tracking_feedback_accumulate,1161,,21588,,,163919872,239075328,214720000,262144000,,,,,,,,3.1028001103550196,,
1791470978.8499649,601172,frontend_frame,1161,0,21588,32,8,165021184,239075328,214720000,262144000,,,,,,,,,,
1791470979.2441092,601172,tracking_feedback_accumulate,1162,,21588,,,169181696,239075328,214720000,262144000,,,,,,,,2.7119999285787344,,
1791470979.249109,601172,frontend_frame,1162,0,21588,32,8,170283008,239075328,214720000,262144000,,,,,,,,,,
1791470979.526777,601172,tracking_feedback_accumulate,1163,,21588,,,174197760,239075328,214720000,262144000,,,,,,,,2.870700089260936,,
1791470979.5317764,601172,frontend_frame,1163,0,21588,32,8,165105152,239075328,214720000,262144000,,,,,,,,,,
1791470979.906881,601172,tracking_feedback_accumulate,1164,,21588,,,169019904,260046848,214720000,262144000,,,,,,,,2.864799927920103,,
1791470979.911881,601172,frontend_frame,1164,0,21588,32,8,170121216,260046848,214720000,262144000,,,,,,,,,,
1791470980.329067,601172,tracking_feedback_accumulate,1165,,21588,,,174281728,260046848,214720000,262144000,,,,,,,,2.8198000509291887,,
1791470980.3340666,601172,frontend_frame,1165,0,21588,32,8,175383040,262144000,214720000,262144000,,,,,,,,,,
1791470980.5966778,601172,tracking_feedback_accumulate,1166,,21588,,,163924992,262144000,214720000,262144000,,,,,,,,2.8481001500040293,,
1791470980.6016777,601172,frontend_frame,1166,0,21588,32,8,165026304,262144000,214720000,262144000,,,,,,,,,,
1791470980.9542823,601172,tracking_feedback_accumulate,1167,,21588,,,169186816,262144000,214720000,262144000,,,,,,,,2.801099792122841,,
1791470980.9592822,601172,frontend_frame,1167,0,21588,32,8,170288128,262144000,214720000,262144000,,,,,,,,,,
1791470981.3069358,601172,tracking_feedback_accumulate,1168,,21588,,,174120960,262144000,214720000,262144000,,,,,,,,2.8117999900132418,,
1791470981.3129356,601172,frontend_frame,1168,0,21588,32,8,165028352,262144000,214720000,262144000,,,,,,,,,,
1791470981.5575383,601172,tracking_feedback_accumulate,1169,,21588,,,169106944,262144000,214720000,262144000,,,,,,,,2.818899927660823,,
1791470981.5625398,601172,frontend_frame,1169,0,21588,32,8,170208256,262144000,214720000,262144000,,,,,,,,,,
1791470981.868695,601172,tracking_feedback_accumulate,1170,,21588,,,174123008,262144000,214730240,262144000,,,,,,,,2.899999963119626,,
1791470981.873695,601172,frontend_frame,1170,0,21588,32,8,175224320,218103808,214730240,262144000,,,,,,,,,,
1791470982.2003145,601172,tracking_feedback_accumulate,1171,,21588,,,164093952,239075328,214730240,262144000,,,,,,,,2.9376999009400606,,
1791470982.2048163,601172,frontend_frame,1171,0,21588,32,8,165195264,239075328,214730240,262144000,,,,,,,,,,
1791470982.5530257,601172,tracking_feedback_accumulate,1172,,21588,,,169110016,239075328,214730240,262144000,,,,,,,,2.6203999295830727,,
1791470982.557026,601172,frontend_frame,1172,0,21588,32,8,170211328,239075328,214730240,262144000,,,,,,,,,,
1791470982.8571696,601172,tracking_feedback_accumulate,1173,,21588,,,164096000,260046848,214730240,262144000,,,,,,,,2.837300067767501,,
1791470982.8611698,601172,frontend_frame,1173,0,21588,32,8,165197312,260046848,214730240,262144000,,,,,,,,,,
1791470983.2594209,601172,tracking_feedback_accumulate,1174,,21588,,,169112064,260046848,214730240,262144000,,,,,,,,2.8921000193804502,,
1791470983.2634208,601172,frontend_frame,1174,0,21588,32,8,170213376,260046848,214730240,262144000,,,,,,,,,,
1791470983.648017,601172,tracking_feedback_accumulate,1175,,21588,,,174291968,260046848,214735360,262144000,,,,,,,,2.9670000076293945,,
1791470983.6530166,601172,frontend_frame,1175,0,21588,32,8,165199360,260046848,214735360,262144000,,,,,,,,,,
1791470983.961843,601172,tracking_feedback_accumulate,1176,,21588,,,169032192,260046848,214735360,262144000,,,,,,,,3.1202000100165606,,
1791470983.966843,601172,frontend_frame,1176,0,21588,32,8,170133504,260046848,214735360,262144000,,,,,,,,,,
1791470984.3739817,601172,tracking_feedback_accumulate,1177,,21588,,,174294016,260046848,214735360,262144000,,,,,,,,2.896500052884221,,
1791470984.3789816,601172,frontend_frame,1177,0,21588,32,8,175395328,262144000,214735360,262144000,,,,,,,,,,
1791470984.669576,601172,tracking_feedback_accumulate,1178,,21588,,,163937280,262144000,214735360,262144000,,,,,,,,2.918099984526634,,
1791470984.6745758,601172,frontend_frame,1178,0,21588,32,8,165038592,262144000,214735360,262144000,,,,,,,,,,
1791470985.035743,601172,tracking_feedback_accumulate,1179,,21588,,,169117184,262144000,214735360,262144000,,,,,,,,2.894999925047159,,
1791470985.0407436,601172,frontend_frame,1179,0,21588,32,8,170218496,262144000,214735360,262144000,,,,,,,,,,
1791470985.3017657,601172,tracking_feedback_accumulate,1180,,21588,,,174133248,262144000,214740480,262144000,,,,,,,,2.738199895247817,,
1791470985.3082693,601172,frontend_frame,1180,0,21588,32,8,165040640,213909504,214740480,262144000,,,,,,,,,,
1791470985.6703477,601172,tracking_feedback_accumulate,1181,,21588,,,169119232,234881024,214740480,262144000,,,,,,,,2.767000114545226,,
1791470985.6753478,601172,frontend_frame,1181,0,21588,32,8,170220544,234881024,214740480,262144000,,,,,,,,,,
1791470985.9832296,601172,tracking_feedback_accumulate,1182,,21588,,,174135296,260046848,214742528,262144000,,,,,,,,2.7459999546408653,,
1791470985.9882295,601172,frontend_frame,1182,0,21588,32,8,175236608,262144000,214742528,262144000,,,,,,,,,,
1791470986.2828043,601172,tracking_feedback_accumulate,1183,,21588,,,164106240,262144000,214742528,262144000,,,,,,,,2.8130998834967613,,
1791470986.2878044,601172,frontend_frame,1183,0,21588,32,8,165207552,262144000,214742528,262144000,,,,,,,,,,
1791470986.6689026,601172,tracking_feedback_accumulate,1184,,21588,,,169040384,262144000,214742528,262144000,,,,,,,,3.057100111618638,,
1791470986.6739028,601172,frontend_frame,1184,0,21588,32,8,170141696,262144000,214742528,262144000,,,,,,,,,,
1791470987.0122392,601172,tracking_feedback_accumulate,1185,,21588,,,174220288,262144000,214742528,262144000,,,,,,,,2.8278001118451357,,
1791470987.0172412,601172,frontend_frame,1185,0,21588,32,8,165127680,262144000,214742528,262144000,,,,,,,,,,
1791470987.3923123,601172,tracking_feedback_accumulate,1186,,21588,,,169042432,262144000,214742528,262144000,,,,,,,,2.807500073686242,,
1791470987.397314,601172,frontend_frame,1186,0,21588,32,8,170143744,262144000,214742528,262144000,,,,,,,,,,
1791470987.675372,601172,tracking_feedback_accumulate,1187,,21588,,,174304256,262144000,214742528,262144000,,,,,,,,2.9029001016169786,,
1791470987.6793718,601172,frontend_frame,1187,0,21588,32,8,175405568,262144000,214742528,262144000,,,,,,,,,,
1791470988.0137749,601172,tracking_feedback_accumulate,1188,,21588,,,164029440,262144000,214742528,262144000,,,,,,,,2.8363000601530075,,
1791470988.018775,601172,frontend_frame,1188,0,21588,32,8,165130752,262144000,214742528,262144000,,,,,,,,,,
1791470988.3634038,601172,tracking_feedback_accumulate,1189,,21588,,,169045504,262144000,214742528,262144000,,,,,,,,2.8150000143796206,,
1791470988.3684037,601172,frontend_frame,1189,0,21588,32,8,170146816,262144000,214742528,262144000,,,,,,,,,,
1791470988.7089877,601172,tracking_feedback_accumulate,1190,,21588,,,164113408,262144000,214742528,262144000,,,,,,,,3.0198998283594847,,
1791470988.7139876,601172,frontend_frame,1190,0,21588,32,8,165214720,213909504,214742528,262144000,,,,,,,,,,
1791470989.0312223,601172,tracking_feedback_accumulate,1191,,21588,,,169047552,234881024,214742528,262144000,,,,,,,,2.841199981048703,,
1791470989.0367649,601172,frontend_frame,1191,0,21588,32,8,170148864,234881024,214742528,262144000,,,,,,,,,,
1791470989.3787935,601172,tracking_feedback_accumulate,1192,,21588,,,174227456,239075328,214742528,262144000,,,,,,,,3.1660001259297132,,
1791470989.3837945,601172,frontend_frame,1192,0,21588,32,8,165134848,239075328,214742528,262144000,,,,,,,,,,
1791470989.722508,601172,tracking_feedback_accumulate,1193,,21588,,,169049600,260046848,214742528,262144000,,,,,,,,2.8796999249607325,,
1791470989.726509,601172,frontend_frame,1193,0,21588,32,8,170150912,260046848,214742528,262144000,,,,,,,,,,
1791470990.0893416,601172,tracking_feedback_accumulate,1194,,21588,,,174311424,260046848,214742528,262144000,,,,,,,,2.8455997817218304,,
1791470990.0943434,601172,frontend_frame,1194,0,21588,32,8,175412736,262144000,214742528,262144000,,,,,,,,,,
1791470990.4283717,601172,tracking_feedback_accumulate,1195,,21588,,,164036608,262144000,214742528,262144000,,,,,,,,2.914800075814128,,
1791470990.4333715,601172,frontend_frame,1195,0,21588,32,8,165137920,262144000,214742528,262144000,,,,,,,,,,
1791470990.7756124,601172,tracking_feedback_accumulate,1196,,21588,,,169052672,262144000,214742528,262144000,,,,,,,,3.35719995200634,,
1791470990.7836125,601172,frontend_frame,1196,0,21588,32,8,170153984,262144000,214742528,262144000,,,,,,,,,,
1791470991.183318,601172,tracking_feedback_accumulate,1197,,21588,,,174314496,262144000,214742528,262144000,,,,,,,,2.8909998945891857,,
1791470991.1893177,601172,frontend_frame,1197,0,21588,32,8,165221888,262144000,214742528,262144000,,,,,,,,,,
1791470991.543575,601172,tracking_feedback_accumulate,1198,,21588,,,169054720,262144000,214742528,262144000,,,,,,,,3.042799886316061,,
1791470991.548575,601172,frontend_frame,1198,0,21588,32,8,170156032,262144000,214742528,262144000,,,,,,,,,,
1791470991.8151398,601172,tracking_feedback_accumulate,1199,,21588,,,174316544,262144000,214742528,262144000,,,,,,,,2.7268000412732363,,
1791470991.8201394,601172,frontend_frame,1199,0,21588,32,8,175417856,262144000,214742528,262144000,,,,,,,,,,
1791470992.2118468,601172,tracking_feedback_accumulate,1200,,21588,,,163959808,262144000,214742528,262144000,,,,,,,,2.8586999978870153,,
1791470992.216847,601172,frontend_frame,1200,0,21588,32,8,165061120,216006656,214742528,262144000,,,,,,,,,,
1791470992.5814743,601172,tracking_feedback_accumulate,1201,,21588,,,169139712,236978176,214742528,262144000,,,,,,,,3.1295001972466707,,
1791470992.587474,601172,frontend_frame,1201,0,21588,32,8,170241024,236978176,214742528,262144000,,,,,,,,,,
1791470992.9625893,601172,tracking_feedback_accumulate,1202,,21588,,,174319616,260046848,214763008,262144000,,,,,,,,3.1422998290508986,,
1791470992.9680908,601172,frontend_frame,1202,0,21588,32,8,165227008,260046848,214763008,262144000,,,,,,,,,,
1791470993.309876,601172,tracking_feedback_accumulate,1203,,21588,,,169059840,260046848,214763008,262144000,,,,,,,,2.8237998485565186,,
1791470993.3143802,601172,frontend_frame,1203,0,21588,32,8,170161152,260046848,214763008,262144000,,,,,,,,,,
1791470993.584993,601172,tracking_feedback_accumulate,1204,,21588,,,174239744,260046848,214763008,262144000,,,,,,,,2.8802999295294285,,
1791470993.590993,601172,frontend_frame,1204,0,21588,32,8,175341056,262144000,214763008,262144000,,,,,,,,,,
1791470993.9678152,601172,tracking_feedback_accumulate,1205,,21588,,,163964928,262144000,214763008,262144000,,,,,,,,3.1022001057863235,,
1791470993.97182,601172,frontend_frame,1205,0,21588,32,8,165066240,262144000,214763008,262144000,,,,,,,,,,
1791470994.2809336,601172,tracking_feedback_accumulate,1206,,21588,,,169144832,262144000,214763008,262144000,,,,,,,,3.136600134894252,,
1791470994.2849333,601172,frontend_frame,1206,0,21588,32,8,170246144,262144000,214763008,262144000,,,,,,,,,,
1791470994.6450207,601172,tracking_feedback_accumulate,1207,,21588,,,164130816,262144000,214763008,262144000,,,,,,,,2.7499001007527113,,
1791470994.649021,601172,frontend_frame,1207,0,21588,32,8,165232128,262144000,214763008,262144000,,,,,,,,,,
1791470994.9031193,601172,tracking_feedback_accumulate,1208,,21588,,,169064960,262144000,214763008,262144000,,,,,,,,2.901799976825714,,
1791470994.9071193,601172,frontend_frame,1208,0,21588,32,8,170166272,262144000,214763008,262144000,,,,,,,,,,
1791470995.2413783,601172,tracking_feedback_accumulate,1209,,21588,,,174326784,262144000,214763008,262144000,,,,,,,,2.8675999492406845,,
1791470995.2473793,601172,frontend_frame,1209,0,21588,32,8,165234176,262144000,214763008,262144000,,,,,,,,,,
1791470995.4833906,601172,tracking_feedback_accumulate,1210,,21588,,,169148928,262144000,214763008,262144000,,,,,,,,2.835500054061413,,
1791470995.4883914,601172,frontend_frame,1210,0,21588,32,8,170250240,216006656,214763008,262144000,,,,,,,,,,
1791470995.8485386,601172,tracking_feedback_accumulate,1211,,21588,,,174328832,260046848,214772224,262144000,,,,,,,,2.8419001027941704,,
1791470995.8545387,601172,frontend_frame,1211,0,21588,32,8,175430144,262144000,214772224,262144000,,,,,,,,,,
1791470996.1536727,601172,tracking_feedback_accumulate,1212,,21588,,,163972096,262144000,214772224,262144000,,,,,,,,2.8653000481426716,,
1791470996.1576722,601172,frontend_frame,1212,0,21588,32,8,165073408,262144000,214772224,262144000,,,,,,,,,,
1791470996.408198,601172,tracking_feedback_accumulate,1213,,21588,,,169152000,262144000,214772224,262144000,,,,,,,,2.9902998358011246,,
1791470996.4137025,601172,frontend_frame,1213,0,21588,32,8,170253312,262144000,214772224,262144000,,,,,,,,,,
1791470996.8315973,601172,tracking_feedback_accumulate,1214,,21588,,,174331904,262144000,214775296,262144000,,,,,,,,2.8649999294430017,,
1791470996.837099,601172,frontend_frame,1214,0,21588,32,8,165239296,262144000,214775296,262144000,,,,,,,,,,
1791470997.18175,601172,tracking_feedback_accumulate,1215,,21588,,,169154048,262144000,214775296,262144000,,,,,,,,3.0818998347967863,,
1791470997.1867502,601172,frontend_frame,1215,0,21588,32,8,170255360,262144000,214775296,262144000,,,,,,,,,,
1791470997.5504286,601172,tracking_feedback_accumulate,1216,,21588,,,174170112,262144000,214777344,262144000,,,,,,,,2.9615999665111303,,
1791470997.5554295,601172,frontend_frame,1216,0,21588,32,8,175271424,262144000,214777344,262144000,,,,,,,,,,
1791470997.979078,601172,tracking_feedback_accumulate,1217,,21588,,,164059136,262144000,214777344,262144000,,,,,,,,2.828500000759959,,
1791470997.983078,601172,frontend_frame,1217,0,21588,32,8,165160448,262144000,214777344,262144000,,,,,,,,,,
1791470998.312169,601172,tracking_feedback_accumulate,1218,,21588,,,169239040,262144000,214777344,262144000,,,,,,,,2.6901999954134226,,
1791470998.3166788,601172,frontend_frame,1218,0,21588,32,8,170340352,262144000,214777344,262144000,,,,,,,,,,
1791470998.6051981,601172,tracking_feedback_accumulate,1219,,21588,,,174255104,262144000,214777344,262144000,,,,,,,,2.8346001636236906,,
1791470998.6101992,601172,frontend_frame,1219,0,21588,32,8,165162496,262144000,214777344,262144000,,,,,,,,,,
1791470998.8112934,601172,tracking_feedback_accumulate,1220,,21588,,,169077248,262144000,214777344,262144000,,,,,,,,3.1781999859958887,,
1791470998.8168015,601172,frontend_frame,1220,0,21588,32,8,170178560,216006656,214777344,262144000,,,,,,,,,,
1791470999.168117,601172,tracking_feedback_accumulate,1221,,21588,,,174257152,239075328,214777344,262144000,,,,,,,,2.780799986794591,,
1791470999.1731172,601172,frontend_frame,1221,0,21588,32,8,175358464,241172480,214777344,262144000,,,,,,,,,,
1791470999.472644,601172,tracking_feedback_accumulate,1222,,21588,,,163982336,262144000,214777344,262144000,,,,,,,,2.779599977657199,,
1791470999.476644,601172,frontend_frame,1222,0,21588,32,8,165083648,262144000,214777344,262144000,,,,,,,,,,
1791470999.817752,601172,tracking_feedback_accumulate,1223,,21588,,,169162240,262144000,214777344,262144000,,,,,,,,2.86649982444942,,
1791470999.8227515,601172,frontend_frame,1223,0,21588,32,8,170263552,262144000,214777344,262144000,,,,,,,,,,
1791471000.1263812,601172,tracking_feedback_accumulate,1224,,21588,,,164148224,262144000,214777344,262144000,,,,,,,,2.89609981700778,,
1791471000.1313815,601172,frontend_frame,1224,0,21588,32,8,165249536,262144000,214777344,262144000,,,,,,,,,,
1791471000.5009189,601172,tracking_feedback_accumulate,1225,,21588,,,169164288,262144000,214777344,262144000,,,,,,,,2.749500097706914,,
1791471000.5049188,601172,frontend_frame,1225,0,21588,32,8,170265600,262144000,214777344,262144000,,,,,,,,,,
1791471000.8941498,601172,tracking_feedback_accumulate,1226,,21588,,,174180352,262144000,214796800,262144000,,,,,,,,2.9325999785214663,,
1791471000.899153,601172,frontend_frame,1226,0,21588,32,8,165087744,262144000,214796800,262144000,,,,,,,,,,
1791471001.2349865,601172,tracking_feedback_accumulate,1227,,21588,,,169166336,262144000,214796800,262144000,,,,,,,,2.8359999414533377,,
1791471001.2399862,601172,frontend_frame,1227,0,21588,32,8,170267648,262144000,214796800,262144000,,,,,,,,,,
1791471001.6097977,601172,tracking_feedback_accumulate,1228,,21588,,,174346240,262144000,214799872,262144000,,,,,,,,2.9015999753028154,,
1791471001.6153018,601172,frontend_frame,1228,0,21588,32,8,175447552,262144000,214799872,262144000,,,,,,,,,,
1791471001.9400134,601172,tracking_feedback_accumulate,1229,,21588,,,164071424,262144000,214799872,262144000,,,,,,,,2.8911998961120844,,
1791471001.9450133,601172,frontend_frame,1229,0,21588,32,8,165172736,262144000,214799872,262144000,,,,,,,,,,
1791471002.2956197,601172,tracking_feedback_accumulate,1230,,21588,,,169087488,262144000,214799872,262144000,,,,,,,,2.8872000984847546,,
1791471002.300622,601172,frontend_frame,1230,0,21588,32,8,170188800,216006656,214799872,262144000,,,,,,,,,,
1791471002.5932097,601172,tracking_feedback_accumulate,1231,,21588,,,174349312,239075328,214799872,262144000,,,,,,,,2.887299982830882,,
1791471002.5982099,601172,frontend_frame,1231,0,21588,32,8,165256704,239075328,214799872,262144000,,,,,,,,,,
1791471002.9058151,601172,tracking_feedback_accumulate,1232,,21588,,,169089536,239075328,214799872,262144000,,,,,,,,2.8346001636236906,,
1791471002.9108152,601172,frontend_frame,1232,0,21588,32,8,170190848,239075328,214799872,262144000,,,,,,,,,,
1791471003.2705388,601172,tracking_feedback_accumulate,1233,,21588,,,174351360,239075328,214836736,262144000,,,,,,,,2.9094000346958637,,
1791471003.2755387,601172,frontend_frame,1233,0,21588,32,8,175452672,241172480,214836736,262144000,,,,,,,,,,
1791471003.6031048,601172,tracking_feedback_accumulate,1234,,21588,,,164076544,241172480,214836736,262144000,,,,,,,,2.8297998942434788,,
1791471003.6081054,601172,frontend_frame,1234,0,21588,32,8,165177856,241172480,214836736,262144000,,,,,,,,,,
1791471003.8247888,601172,tracking_feedback_accumulate,1235,,21588,,,169092608,262144000,214836736,262144000,,,,,,,,2.904399996623397,,
1791471003.8287885,601172,frontend_frame,1235,0,21588,32,8,170193920,262144000,214836736,262144000,,,,,,,,,,
1791471004.2209024,601172,tracking_feedback_accumulate,1236,,21588,,,174272512,262144000,214881280,262144000,,,,,,,,2.7948999777436256,,
1791471004.2699022,601172,frontend_frame,1236,0,21588,33,8,169175552,262144000,214881280,262144000,,,,,,,,,,
1791471014.835698,601172,tracking_feedback_accumulate,1237,,22064,,,173126144,262144000,215061504,262144000,,,,,,,,2.8420998714864254,,
1791471014.840698,601172,frontend_frame,1237,0,22064,33,8,174349312,262144000,215061504,262144000,,,,,,,,,,
1791471015.1549964,601172,tracking_feedback_accumulate,1238,,22064,,,178509824,262144000,220312576,262144000,,,,,,,,2.895600162446499,,
1791471015.1599965,601172,frontend_frame,1238,0,22064,33,8,169417216,262144000,220312576,262144000,,,,,,,,,,
1791471015.565583,601172,tracking_feedback_accumulate,1239,,22064,,,173331968,262144000,220312576,262144000,,,,,,,,3.047799924388528,,
1791471015.5715833,601172,frontend_frame,1239,0,22064,33,8,174552064,262144000,220312576,262144000,,,,,,,,,,
1791471015.8386078,601172,tracking_feedback_accumulate,1240,,22064,,,178630656,262144000,220433408,262144000,,,,,,,,2.8365999460220337,,
1791471015.8436084,601172,frontend_frame,1240,0,22064,33,8,179850752,218103808,220433408,262144000,,,,,,,,,,
1791471016.165754,601172,tracking_feedback_accumulate,1241,,22064,,,168036352,260046848,220433408,262144000,,,,,,,,2.962100086733699,,
1791471016.169754,601172,frontend_frame,1241,0,22064,33,8,169256960,260046848,220433408,262144000,,,,,,,,,,
1791471016.4792783,601172,tracking_feedback_accumulate,1242,,22064,,,173335552,260046848,220433408,262144000,,,,,,,,2.8110998682677746,,
1791471016.48428,601172,frontend_frame,1242,0,22064,33,8,174555648,260046848,220433408,262144000,,,,,,,,,,
1791471016.7505095,601172,tracking_feedback_accumulate,1243,,22064,,,178470400,260046848,220436992,262144000,,,,,,,,2.865399932488799,,
1791471016.7555096,601172,frontend_frame,1243,0,22064,33,8,169259008,260046848,220436992,262144000,,,,,,,,,,
1791471017.0848074,601172,tracking_feedback_accumulate,1244,,22064,,,173419520,260046848,220436992,262144000,,,,,,,,2.8729999903589487,,
1791471017.0898073,601172,frontend_frame,1244,0,22064,33,8,174639616,260046848,220436992,262144000,,,,,,,,,,
1791471017.4598374,601172,tracking_feedback_accumulate,1245,,22064,,,178554368,260046848,220439040,262144000,,,,,,,,2.8814999386668205,,
1791471017.4648378,601172,frontend_frame,1245,0,22064,33,8,179774464,262144000,220439040,262144000,,,,,,,,,,
1791471017.821001,601172,tracking_feedback_accumulate,1246,,22064,,,168205824,262144000,220439040,262144000,,,,,,,,2.9112999327480793,,
1791471017.8265052,601172,frontend_frame,1246,0,22064,33,8,169425920,262144000,220439040,262144000,,,,,,,,,,
1791471018.0196903,601172,tracking_feedback_accumulate,1247,,22064,,,173340672,262144000,220439040,262144000,,,,,,,,2.773100044578314,,
1791471018.0241938,601172,frontend_frame,1247,0,22064,33,8,174560768,262144000,220439040,262144000,,,,,,,,,,
1791471018.3992414,601172,tracking_feedback_accumulate,1248,,22064,,,178475520,262144000,220442112,262144000,,,,,,,,2.8754998929798603,,
1791471018.4042435,601172,frontend_frame,1248,0,22064,33,8,169264128,262144000,220442112,262144000,,,,,,,,,,
1791471018.7433205,601172,tracking_feedback_accumulate,1249,,22064,,,173342720,262144000,220442112,262144000,,,,,,,,2.8943000361323357,,
1791471018.7483215,601172,frontend_frame,1249,0,22064,33,8,174562816,262144000,220442112,262144000,,,,,,,,,,
1791471019.0066237,601172,tracking_feedback_accumulate,1250,,22064,,,178477568,262144000,220444160,262144000,,,,,,,,2.9114000499248505,,
1791471019.0126257,601172,frontend_frame,1250,0,22064,33,8,169266176,218103808,220444160,262144000,,,,,,,,,,
1791471019.3631835,601172,tracking_feedback_accumulate,1251,,22064,,,173426688,260046848,220444160,262144000,,,,,,,,2.866900060325861,,
1791471019.3681836,601172,frontend_frame,1251,0,22064,33,8,174646784,260046848,220444160,262144000,,,,,,,,,,
1791471019.755292,601172,tracking_feedback_accumulate,1252,,22064,,,178479616,260046848,220446208,262144000,,,,,,,,3.199599916115403,,
1791471019.759292,601172,frontend_frame,1252,0,22064,33,8,179699712,262144000,220446208,262144000,,,,,,,,,,
1791471020.115616,601172,tracking_feedback_accumulate,1253,,22064,,,173346816,262144000,220446208,262144000,,,,,,,,2.778000198304653,,
1791471020.119616,601172,frontend_frame,1253,0,22064,33,8,174566912,262144000,220446208,262144000,,,,,,,,,,
1791471020.5226874,601172,tracking_feedback_accumulate,1254,,22064,,,178481664,262144000,220448256,262144000,,,,,,,,3.1995000317692757,,
1791471020.5281951,601172,frontend_frame,1254,0,22064,33,8,179701760,262144000,220448256,262144000,,,,,,,,,,
1791471020.9424598,601172,tracking_feedback_accumulate,1255,,22064,,,183780352,266338304,225665024,266338304,,,,,,,,2.8403999749571085,,
1791471020.94846,601172,frontend_frame,1255,0,22064,33,8,174568960,266338304,225665024,266338304,,,,,,,,,,
1791471021.3506002,601172,tracking_feedback_accumulate,1256,,22064,,,178647552,266338304,225665024,266338304,,,,,,,,2.8921000193804502,,
1791471021.3556,601172,frontend_frame,1256,0,22064,33,8,179867648,266338304,225665024,266338304,,,,,,,,,,
1791471021.6967604,601172,tracking_feedback_accumulate,1257,,22064,,,183700480,266338304,225667072,266338304,,,,,,,,2.93329986743629,,
1791471021.7017605,601172,frontend_frame,1257,0,22064,33,8,184920576,268435456,225667072,268435456,,,,,,,,,,
1791471022.0684555,601172,tracking_feedback_accumulate,1258,,22064,,,173351936,268435456,225667072,268435456,,,,,,,,2.9724000487476587,,
1791471022.0729597,601172,frontend_frame,1258,0,22064,33,8,174572032,268435456,225667072,268435456,,,,,,,,,,
1791471022.333352,601172,tracking_feedback_accumulate,1259,,22064,,,178650624,268435456,225667072,268435456,,,,,,,,3.21489991620183,,
1791471022.338354,601172,frontend_frame,1259,0,22064,33,8,179870720,268435456,225667072,268435456,,,,,,,,,,
1791471022.6256294,601172,tracking_feedback_accumulate,1260,,22064,,,183785472,268435456,225670144,268435456,,,,,,,,2.905600005760789,,
1791471022.6316288,601172,frontend_frame,1260,0,22064,33,8,174574080,220200960,225670144,268435456,,,,,,,,,,
1791471023.0342927,601172,tracking_feedback_accumulate,1261,,22064,,,178488832,262144000,225670144,268435456,,,,,,,,3.078300040215254,,
1791471023.0398316,601172,frontend_frame,1261,0,22064,33,8,179708928,262144000,225670144,268435456,,,,,,,,,,
1791471023.398355,601172,tracking_feedback_accumulate,1262,,22064,,,183869440,266338304,225672192,268435456,,,,,,,,3.1844000332057476,,
1791471023.404355,601172,frontend_frame,1262,0,22064,33,8,185089536,268435456,225672192,268435456,,,,,,,,,,
1791471023.7700534,601172,tracking_feedback_accumulate,1263,,22064,,,173275136,268435456,225672192,268435456,,,,,,,,2.9209000058472157,,
1791471023.7740533,601172,frontend_frame,1263,0,22064,33,8,174495232,268435456,225672192,268435456,,,,,,,,,,
1791471024.0529337,601172,tracking_feedback_accumulate,1264,,22064,,,178573824,268435456,225672192,268435456,,,,,,,,2.9678998980671167,,
1791471024.0579343,601172,frontend_frame,1264,0,22064,33,8,179793920,268435456,225672192,268435456,,,,,,,,,,
1791471024.4399657,601172,tracking_feedback_accumulate,1265,,22064,,,183708672,268435456,225675264,268435456,,,,,,,,3.01939994096756,,
1791471024.4449654,601172,frontend_frame,1265,0,22064,33,8,174497280,268435456,225675264,268435456,,,,,,,,,,
1791471024.772051,601172,tracking_feedback_accumulate,1266,,22064,,,178657792,268435456,225675264,268435456,,,,,,,,2.8887998778373003,,
1791471024.777051,601172,frontend_frame,1266,0,22064,33,8,179877888,268435456,225675264,268435456,,,,,,,,,,
1791471025.2102926,601172,tracking_feedback_accumulate,1267,,22064,,,183710720,268435456,225677312,268435456,,,,,,,,2.8965999372303486,,
1791471025.2162948,601172,frontend_frame,1267,0,22064,33,8,174499328,268435456,225677312,268435456,,,,,,,,,,
1791471025.5788825,601172,tracking_feedback_accumulate,1268,,22064,,,178577920,268435456,225677312,268435456,,,,,,,,2.875200007110834,,
1791471025.5838826,601172,frontend_frame,1268,0,22064,33,8,179798016,268435456,225677312,268435456,,,,,,,,,,
1791471025.933478,601172,tracking_feedback_accumulate,1269,,22064,,,183712768,268435456,225679360,268435456,,,,,,,,2.92930006980896,,
1791471025.9394815,601172,frontend_frame,1269,0,22064,33,8,184932864,268435456,225679360,268435456,,,,,,,,,,
1791471026.3566098,601172,tracking_feedback_accumulate,1270,,22064,,,178661888,268435456,225679360,268435456,,,,,,,,2.7562000323086977,,
1791471026.3616097,601172,frontend_frame,1270,0,22064,33,8,179881984,222298112,225679360,268435456,,,,,,,,,,
1791471026.7012677,601172,tracking_feedback_accumulate,1271,,22064,,,183796736,266338304,225681408,268435456,,,,,,,,3.3805000130087137,,
1791471026.7062693,601172,frontend_frame,1271,0,22064,33,8,185016832,266338304,225681408,268435456,,,,,,,,,,
1791471027.0651863,601172,tracking_feedback_accumulate,1272,,22064,,,189095424,270532608,230898176,270532608,,,,,,,,2.949099987745285,,
1791471027.0711858,601172,frontend_frame,1272,0,22064,33,8,169452544,270532608,230898176,270532608,,,,,,,,,,
1791471027.407706,601172,tracking_feedback_accumulate,1273,,22064,,,173285376,270532608,230898176,270532608,,,,,,,,3.041099989786744,,
1791471027.4117064,601172,frontend_frame,1273,0,22064,33,8,174505472,270532608,230898176,270532608,,,,,,,,,,
1791471027.7387986,601172,tracking_feedback_accumulate,1274,,22064,,,178665984,270532608,230898176,270532608,,,,,,,,2.869000192731619,,
1791471027.7437987,601172,frontend_frame,1274,0,22064,33,8,179886080,270532608,230898176,270532608,,,,,,,,,,
1791471028.1430595,601172,tracking_feedback_accumulate,1275,,22064,,,168071680,270532608,230898176,270532608,,,,,,,,2.9021999798715115,,
1791471028.148569,601172,frontend_frame,1275,0,22064,33,8,169291776,270532608,230898176,270532608,,,,,,,,,,
1791471028.5336664,601172,tracking_feedback_accumulate,1276,,22064,,,173370368,270532608,230898176,270532608,,,,,,,,2.882000058889389,,
1791471028.5386662,601172,frontend_frame,1276,0,22064,33,8,174590464,270532608,230898176,270532608,,,,,,,,,,
1791471028.925543,601172,tracking_feedback_accumulate,1277,,22064,,,178505216,270532608,230898176,270532608,,,,,,,,2.865999937057495,,
1791471028.9300525,601172,frontend_frame,1277,0,22064,33,8,169293824,270532608,230898176,270532608,,,,,,,,,,
1791471029.2599711,601172,tracking_feedback_accumulate,1278,,22064,,,173372416,270532608,230898176,270532608,,,,,,,,3.0960000585764647,,
1791471029.2649724,601172,frontend_frame,1278,0,22064,33,8,174592512,270532608,230898176,270532608,,,,,,,,,,
1791471029.665536,601172,tracking_feedback_accumulate,1279,,22064,,,178671104,270532608,230898176,270532608,,,,,,,,2.9239000286906958,,
1791471029.6695366,601172,frontend_frame,1279,0,22064,33,8,179891200,270532608,230898176,270532608,,,,,,,,,,
1791471030.080295,601172,tracking_feedback_accumulate,1280,,22064,,,168076800,270532608,230898176,270532608,,,,,,,,3.013900015503168,,
1791471030.130809,601172,frontend_frame,1280,0,22064,34,8,173292544,270532608,230898176,270532608,,,,,,,,,,
1791471040.8756537,601172,tracking_feedback_accumulate,1281,,22503,,,177482240,270532608,230898176,270532608,,,,,,,,2.8908001258969307,,
1791471040.8806539,601172,frontend_frame,1281,0,22503,34,8,178806272,270532608,230898176,270532608,,,,,,,,,,
1791471041.3170211,601172,tracking_feedback_accumulate,1282,,22503,,,172106752,270532608,230898176,270532608,,,,,,,,2.7953998651355505,,
1791471041.3210242,601172,frontend_frame,1282,0,22503,34,8,173427712,270532608,230898176,270532608,,,,,,,,,,
1791471041.7140987,601172,tracking_feedback_accumulate,1283,,22503,,,177588224,270532608,230898176,270532608,,,,,,,,3.116199979558587,,
1791471041.7201004,601172,frontend_frame,1283,0,22503,34,8,178909184,270532608,230898176,270532608,,,,,,,,,,
1791471041.942534,601172,tracking_feedback_accumulate,1284,,22503,,,182742016,270532608,230898176,270532608,,,,,,,,2.8098998591303825,,
1791471041.947534,601172,frontend_frame,1284,0,22503,34,8,173429760,270532608,230898176,270532608,,,,,,,,,,
1791471042.3032181,601172,tracking_feedback_accumulate,1285,,22503,,,177508352,270532608,230898176,270532608,,,,,,,,2.917099976912141,,
1791471042.3082175,601172,frontend_frame,1285,0,22503,34,8,178829824,270532608,230898176,270532608,,,,,,,,,,
1791471042.7073731,601172,tracking_feedback_accumulate,1286,,22503,,,182744576,270532608,230898176,270532608,,,,,,,,2.8696998488157988,,
1791471042.712374,601172,frontend_frame,1286,0,22503,34,8,184065536,270532608,230898176,270532608,,,,,,,,,,
1791471043.1037574,601172,tracking_feedback_accumulate,1287,,22503,,,172194304,270532608,230898176,270532608,,,,,,,,2.8725999873131514,,
1791471043.1077583,601172,frontend_frame,1287,0,22503,34,8,173515264,270532608,230898176,270532608,,,,,,,,,,
1791471043.5311923,601172,tracking_feedback_accumulate,1288,,22503,,,177430016,270532608,230898176,270532608,,,,,,,,2.957999939098954,,
1791471043.535192,601172,frontend_frame,1288,0,22503,34,8,178750976,270532608,230898176,270532608,,,,,,,,,,
1791471043.895525,601172,tracking_feedback_accumulate,1289,,22503,,,182829568,270532608,230898176,270532608,,,,,,,,3.5385999362915754,,
1791471043.900527,601172,frontend_frame,1289,0,22503,34,8,173517312,270532608,230898176,270532608,,,,,,,,,,
1791471044.341148,601172,tracking_feedback_accumulate,1290,,22503,,,177432064,270532608,230898176,270532608,,,,,,,,3.2345000654459,,
1791471044.347148,601172,frontend_frame,1290,0,22503,34,8,178753024,216006656,230898176,270532608,,,,,,,,,,
1791471044.689222,601172,tracking_feedback_accumulate,1291,,22503,,,182831616,260046848,230898176,270532608,,,,,,,,3.6915000528097153,,
1791471044.6942213,601172,frontend_frame,1291,0,22503,34,8,184152576,262144000,230898176,270532608,,,,,,,,,,
1791471044.960753,601172,tracking_feedback_accumulate,1292,,22503,,,172117504,262144000,230898176,270532608,,,,,,,,2.9447998385876417,,
1791471044.964753,601172,frontend_frame,1292,0,22503,34,8,173438464,262144000,230898176,270532608,,,,,,,,,,
1791471045.3325593,601172,tracking_feedback_accumulate,1293,,22503,,,177598976,262144000,230898176,270532608,,,,,,,,2.9770000837743282,,
1791471045.33656,601172,frontend_frame,1293,0,22503,34,8,178919936,262144000,230898176,270532608,,,,,,,,,,
1791471045.7356403,601172,tracking_feedback_accumulate,1294,,22503,,,182834688,262144000,230898176,270532608,,,,,,,,2.8933000285178423,,
1791471045.7416587,601172,frontend_frame,1294,0,22503,34,8,173522432,262144000,230898176,270532608,,,,,,,,,,
1791471045.973684,601172,tracking_feedback_accumulate,1295,,22503,,,177601024,262144000,230898176,270532608,,,,,,,,2.8626001439988613,,
1791471045.9782279,601172,frontend_frame,1295,0,22503,34,8,178921984,262144000,230898176,270532608,,,,,,,,,,
1791471046.3821213,601172,tracking_feedback_accumulate,1296,,22503,,,182836736,262144000,230898176,270532608,,,,,,,,2.9958002269268036,,
1791471046.3881197,601172,frontend_frame,1296,0,22503,34,8,173524480,262144000,230898176,270532608,,,,,,,,,,
1791471046.6733572,601172,tracking_feedback_accumulate,1297,,22503,,,177439232,262144000,230898176,270532608,,,,,,,,2.860599895939231,,
1791471046.6773572,601172,frontend_frame,1297,0,22503,34,8,178760192,262144000,230898176,270532608,,,,,,,,,,
1791471047.0557294,601172,tracking_feedback_accumulate,1298,,22503,,,182838784,262144000,230898176,270532608,,,,,,,,2.9198999982327223,,
1791471047.0597303,601172,frontend_frame,1298,0,22503,34,8,184159744,262144000,230898176,270532608,,,,,,,,,,
1791471047.4782746,601172,tracking_feedback_accumulate,1299,,22503,,,177441280,262144000,230898176,270532608,,,,,,,,2.950900001451373,,
1791471047.4832764,601172,frontend_frame,1299,0,22503,34,8,178762240,262144000,230898176,270532608,,,,,,,,,,
1791471047.8430405,601172,tracking_feedback_accumulate,1300,,22503,,,182840832,262144000,230898176,270532608,,,,,,,,2.9694000259041786,,
1791471047.8480394,601172,frontend_frame,1300,0,22503,34,8,184161792,241172480,230898176,270532608,,,,,,,,,,
1791471048.2117357,601172,tracking_feedback_accumulate,1301,,22503,,,188240384,266338304,230898176,270532608,,,,,,,,3.0312000308185816,,
1791471048.216736,601172,frontend_frame,1301,0,22503,34,8,173611520,266338304,230898176,270532608,,,,,,,,,,
1791471048.6088743,601172,tracking_feedback_accumulate,1302,,22503,,,177444352,266338304,230898176,270532608,,,,,,,,3.0830001924186945,,
1791471048.6138752,601172,frontend_frame,1302,0,22503,34,8,178765312,266338304,230898176,270532608,,,,,,,,,,
1791471048.9066358,601172,tracking_feedback_accumulate,1303,,22503,,,182925824,266338304,230898176,270532608,,,,,,,,2.8848000802099705,,
1791471048.9116356,601172,frontend_frame,1303,0,22503,34,8,184246784,266338304,230898176,270532608,,,,,,,,,,
1791471049.3008265,601172,tracking_feedback_accumulate,1304,,22503,,,172211712,266338304,230898176,270532608,,,,,,,,3.0443998984992504,,
1791471049.305827,601172,frontend_frame,1304,0,22503,34,8,173532672,266338304,230898176,270532608,,,,,,,,,,
1791471049.7100508,601172,tracking_feedback_accumulate,1305,,22503,,,177611264,266338304,230898176,270532608,,,,,,,,3.051399951800704,,
1791471049.7140503,601172,frontend_frame,1305,0,22503,34,8,178932224,266338304,230898176,270532608,,,,,,,,,,
1791471050.0867085,601172,tracking_feedback_accumulate,1306,,22503,,,182846976,266338304,230898176,270532608,,,,,,,,3.12449992634356,,
1791471050.0917091,601172,frontend_frame,1306,0,22503,34,8,173534720,266338304,230898176,270532608,,,,,,,,,,
1791471050.4817421,601172,tracking_feedback_accumulate,1307,,22503,,,177613312,266338304,230898176,270532608,,,,,,,,2.962099853903055,,
1791471050.485742,601172,frontend_frame,1307,0,22503,34,8,178934272,266338304,230898176,270532608,,,,,,,,,,
1791471050.7053025,601172,tracking_feedback_accumulate,1308,,22503,,,182767104,266338304,230898176,270532608,,,,,,,,2.8343000449240208,,
1791471050.7093017,601172,frontend_frame,1308,0,22503,34,8,184088064,266338304,230898176,270532608,,,,,,,,,,
1791471050.94658,601172,tracking_feedback_accumulate,1309,,22503,,,172298752,266338304,230898176,270532608,,,,,,,,3.001400036737323,,
1791471050.9515812,601172,frontend_frame,1309,0,22503,34,8,173619712,266338304,230898176,270532608,,,,,,,,,,
1791471051.3393674,601172,tracking_feedback_accumulate,1310,,22503,,,177452544,266338304,230898176,270532608,,,,,,,,2.8542999643832445,,
1791471051.348873,601172,frontend_frame,1310,0,22503,34,8,178773504,216006656,230898176,270532608,,,,,,,,,,
1791471051.7401383,601172,tracking_feedback_accumulate,1311,,22503,,,182934016,262144000,230898176,270532608,,,,,,,,2.9978000093251467,,
1791471051.7466424,601172,frontend_frame,1311,0,22503,34,8,173621760,262144000,230898176,270532608,,,,,,,,,,
1791471052.1148183,601172,tracking_feedback_accumulate,1312,,22503,,,177454592,262144000,230898176,270532608,,,,,,,,3.0035001691430807,,
1791471052.1188195,601172,frontend_frame,1312,0,22503,34,8,178775552,262144000,230898176,270532608,,,,,,,,,,
1791471052.4223409,601172,tracking_feedback_accumulate,1313,,22503,,,182854144,262144000,230898176,270532608,,,,,,,,2.8969000559300184,,
1791471052.4273427,601172,frontend_frame,1313,0,22503,34,8,173541888,262144000,230898176,270532608,,,,,,,,,,
1791471052.838923,601172,tracking_feedback_accumulate,1314,,22503,,,177620480,262144000,230898176,270532608,,,,,,,,2.928399946540594,,
1791471052.8434272,601172,frontend_frame,1314,0,22503,34,8,178941440,262144000,230898176,270532608,,,,,,,,,,
1791471053.1637397,601172,tracking_feedback_accumulate,1315,,22503,,,182774272,262144000,230898176,270532608,,,,,,,,2.8756000101566315,,
1791471053.1687415,601172,frontend_frame,1315,0,22503,34,8,184095232,262144000,230898176,270532608,,,,,,,,,,
1791471053.579313,601172,tracking_feedback_accumulate,1316,,22503,,,177540608,262144000,230898176,270532608,,,,,,,,2.963900100439787,,
1791471053.5833132,601172,frontend_frame,1316,0,22503,34,8,178861568,262144000,230898176,270532608,,,,,,,,,,
1791471053.995471,601172,tracking_feedback_accumulate,1317,,22503,,,182776320,262144000,230898176,270532608,,,,,,,,2.9212001245468855,,
1791471054.001471,601172,frontend_frame,1317,0,22503,34,8,184097280,262144000,230898176,270532608,,,,,,,,,,
1791471054.3337362,601172,tracking_feedback_accumulate,1318,,22503,,,188257792,266338304,230898176,270532608,,,,,,,,2.9100999236106873,,
1791471054.339736,601172,frontend_frame,1318,0,22503,34,8,178945536,266338304,230898176,270532608,,,,,,,,,,
1791471054.7017996,601172,tracking_feedback_accumulate,1319,,22503,,,182778368,266338304,230898176,270532608,,,,,,,,2.8812000527977943,,
1791471054.7057984,601172,frontend_frame,1319,0,22503,34,8,184099328,266338304,230898176,270532608,,,,,,,,,,
1791471054.9998703,601172,tracking_feedback_accumulate,1320,,22503,,,188177920,266338304,230898176,270532608,,,,,,,,3.013600129634142,,
1791471055.0058703,601172,frontend_frame,1320,0,22503,34,8,189498880,245366784,230898176,270532608,,,,,,,,,,
1791471055.3700397,601172,tracking_feedback_accumulate,1321,,22503,,,177627648,266338304,230898176,270532608,,,,,,,,2.850899938493967,,
1791471055.3740404,601172,frontend_frame,1321,0,22503,34,8,178948608,266338304,230898176,270532608,,,,,,,,,,
1791471055.8295865,601172,tracking_feedback_accumulate,1322,,22503,,,182863360,266338304,230898176,270532608,,,,,,,,3.1012999825179577,,
1791471055.8345885,601172,frontend_frame,1322,0,22503,34,8,184184320,266338304,230898176,270532608,,,,,,,,,,
1791471056.2154317,601172,tracking_feedback_accumulate,1323,,22503,,,188099072,266338304,230898176,270532608,,,,,,,,2.890500007197261,,
1791471056.2204316,601172,frontend_frame,1323,0,22503,34,8,178786816,266338304,230898176,270532608,,,,,,,,,,
1791471056.6330967,601172,tracking_feedback_accumulate,1324,,22503,,,182865408,266338304,230898176,270532608,,,,,,,,2.9692999087274075,,
1791471056.6380963,601172,frontend_frame,1324,0,22503,34,8,184186368,266338304,230898176,270532608,,,,,,,,,,
1791471056.8661804,601172,tracking_feedback_accumulate,1325,,22503,,,188264960,266338304,230898176,270532608,,,,,,,,2.7979000005871058,,
1791471056.8721805,601172,frontend_frame,1325,0,22503,34,8,189585920,268435456,230898176,270532608,,,,,,,,,,
1791471057.2463713,601172,tracking_feedback_accumulate,1326,,22503,,,177550848,268435456,230898176,270532608,,,,,,,,2.812999999150634,,
1791471057.2513711,601172,frontend_frame,1326,0,22503,34,8,178871808,268435456,230898176,270532608,,,,,,,,,,
1791471057.6379468,601172,tracking_feedback_accumulate,1327,,22503,,,182950400,268435456,230898176,270532608,,,,,,,,2.996899886056781,,
1791471057.6429467,601172,frontend_frame,1327,0,22503,34,8,184271360,268435456,230898176,270532608,,,,,,,,,,
1791471058.0090156,601172,tracking_feedback_accumulate,1328,,22503,,,188186112,268435456,230898176,270532608,,,,,,,,2.898699836805463,,
1791471058.0140183,601172,frontend_frame,1328,0,22503,34,8,178873856,268435456,230898176,270532608,,,,,,,,,,
1791471058.3864007,601172,tracking_feedback_accumulate,1329,,22503,,,182788608,268435456,230898176,270532608,,,,,,,,2.90270010009408,,
1791471058.391402,601172,frontend_frame,1329,0,22503,34,8,184109568,268435456,230898176,270532608,,,,,,,,,,
1791471058.7555125,601172,tracking_feedback_accumulate,1330,,22503,,,188188160,268435456,230898176,270532608,,,,,,,,2.7972999960184097,,
1791471058.7615128,601172,frontend_frame,1330,0,22503,34,8,189509120,247463936,230898176,270532608,,,,,,,,,,
1791471059.0587451,601172,tracking_feedback_accumulate,1331,,22503,,,172157440,268435456,230898176,270532608,,,,,,,,2.9682000167667866,,
1791471059.062745,601172,frontend_frame,1331,0,22503,34,8,173478400,268435456,230898176,270532608,,,,,,,,,,
1791471059.4393747,601172,tracking_feedback_accumulate,1332,,22503,,,177556992,268435456,230898176,270532608,,,,,,,,2.916299970820546,,
1791471059.4433749,601172,frontend_frame,1332,0,22503,34,8,178877952,268435456,230898176,270532608,,,,,,,,,,
1791471059.643467,601172,tracking_feedback_accumulate,1333,,22503,,,172159488,268435456,230898176,270532608,,,,,,,,2.9345001094043255,,
1791471059.6479712,601172,frontend_frame,1333,0,22503,34,8,173480448,268435456,230898176,270532608,,,,,,,,,,
1791471059.9726205,601172,tracking_feedback_accumulate,1334,,22503,,,177559040,268435456,230898176,270532608,,,,,,,,2.854999853298068,,
1791471059.9776208,601172,frontend_frame,1334,0,22503,34,8,178880000,268435456,230898176,270532608,,,,,,,,,,
1791471060.5979578,601172,tracking_feedback_accumulate,1335,,22503,,,182794752,268435456,230898176,270532608,,,,,,,,2.7071000076830387,,
1791471060.6029577,601172,frontend_frame,1335,0,22503,34,8,173482496,268435456,230898176,270532608,,,,,,,,,,
1791471060.9344826,601172,tracking_feedback_accumulate,1336,,22503,,,177643008,268435456,230898176,270532608,,,,,,,,2.9115998186171055,,
1791471060.9384828,601172,frontend_frame,1336,0,22503,34,8,178963968,268435456,230898176,270532608,,,,,,,,,,
1791471061.247292,601172,tracking_feedback_accumulate,1337,,22503,,,182796800,268435456,230898176,270532608,,,,,,,,2.909800037741661,,
1791471061.2512946,601172,frontend_frame,1337,0,22503,34,8,184117760,268435456,230898176,270532608,,,,,,,,,,
1791471061.6409538,601172,tracking_feedback_accumulate,1338,,22503,,,172246528,268435456,230898176,270532608,,,,,,,,2.874499885365367,,
1791471061.6459544,601172,frontend_frame,1338,0,22503,34,8,173567488,268435456,230898176,270532608,,,,,,,,,,
1791471062.0426788,601172,tracking_feedback_accumulate,1339,,22503,,,177646080,268435456,230898176,270532608,,,,,,,,2.930500078946352,,
1791471062.0466838,601172,frontend_frame,1339,0,22503,34,8,178967040,268435456,230898176,270532608,,,,,,,,,,
1791471062.443793,601172,tracking_feedback_accumulate,1340,,22503,,,182799872,268435456,230898176,270532608,,,,,,,,2.89639993570745,,
1791471062.4503005,601172,frontend_frame,1340,0,22503,34,8,173487616,218103808,230898176,270532608,,,,,,,,,,
1791471062.862874,601172,tracking_feedback_accumulate,1341,,22503,,,177648128,260046848,230898176,270532608,,,,,,,,2.7425000444054604,,
1791471062.867874,601172,frontend_frame,1341,0,22503,34,8,178969088,260046848,230898176,270532608,,,,,,,,,,
1791471063.2817235,601172,tracking_feedback_accumulate,1342,,22503,,,182801920,260046848,230898176,270532608,,,,,,,,3.077100031077862,,
1791471063.2867246,601172,frontend_frame,1342,0,22503,34,8,184122880,262144000,230898176,270532608,,,,,,,,,,
1791471063.6678207,601172,tracking_feedback_accumulate,1343,,22503,,,172333568,262144000,230898176,270532608,,,,,,,,2.93530011549592,,
1791471063.6718209,601172,frontend_frame,1343,0,22503,34,8,173654528,262144000,230898176,270532608,,,,,,,,,,
1791471064.0753083,601172,tracking_feedback_accumulate,1344,,22503,,,177569280,262144000,230898176,270532608,,,,,,,,2.7854000218212605,,
1791471064.0793083,601172,frontend_frame,1344,0,22503,34,8,178890240,262144000,230898176,270532608,,,,,,,,,,
1791471064.49856,601172,tracking_feedback_accumulate,1345,,22503,,,182968832,262144000,230898176,270532608,,,,,,,,2.8523998335003853,,
1791471064.503563,601172,frontend_frame,1345,0,22503,34,8,173656576,262144000,230898176,270532608,,,,,,,,,,
1791471064.8895893,601172,tracking_feedback_accumulate,1346,,22503,,,177571328,262144000,230898176,270532608,,,,,,,,2.8589998837560415,,
1791471064.89459,601172,frontend_frame,1346,0,22503,34,8,178892288,262144000,230898176,270532608,,,,,,,,,,
1791471065.2353761,601172,tracking_feedback_accumulate,1347,,22503,,,182807040,262144000,230898176,270532608,,,,,,,,2.9551999177783728,,
1791471065.2403784,601172,frontend_frame,1347,0,22503,34,8,184128000,262144000,230898176,270532608,,,,,,,,,,
1791471065.6294987,601172,tracking_feedback_accumulate,1348,,22503,,,172256768,262144000,230898176,270532608,,,,,,,,3.0786001589149237,,
1791471065.6334984,601172,frontend_frame,1348,0,22503,34,8,173577728,262144000,230898176,270532608,,,,,,,,,,
1791471066.0451708,601172,tracking_feedback_accumulate,1349,,22503,,,177492480,262144000,230898176,270532608,,,,,,,,2.8665000572800636,,
1791471066.0496724,601172,frontend_frame,1349,0,22503,34,8,178813440,262144000,230898176,270532608,,,,,,,,,,
1791471066.4620934,601172,tracking_feedback_accumulate,1350,,22503,,,172258816,262144000,230898176,270532608,,,,,,,,3.0140001326799393,,
1791471066.4670932,601172,frontend_frame,1350,0,22503,34,8,173579776,239075328,230898176,270532608,,,,,,,,,,
1791471066.8478296,601172,tracking_feedback_accumulate,1351,,22503,,,177658368,260046848,230898176,270532608,,,,,,,,2.9096000362187624,,
1791471066.8523338,601172,frontend_frame,1351,0,22503,34,8,178979328,260046848,230898176,270532608,,,,,,,,,,
1791471067.2101245,601172,tracking_feedback_accumulate,1352,,22503,,,182894080,262144000,230898176,270532608,,,,,,,,2.8926001396030188,,
1791471067.2151244,601172,frontend_frame,1352,0,22503,34,8,173581824,262144000,230898176,270532608,,,,,,,,,,
1791471067.5931916,601172,tracking_feedback_accumulate,1353,,22503,,,177496576,262144000,230898176,270532608,,,,,,,,2.9506999999284744,,
1791471067.5981936,601172,frontend_frame,1353,0,22503,34,8,178817536,262144000,230898176,270532608,,,,,,,,,,
1791471067.9663718,601172,tracking_feedback_accumulate,1354,,22503,,,182896128,262144000,230898176,270532608,,,,,,,,2.8615999035537243,,
1791471067.9754188,601172,frontend_frame,1354,0,22503,34,8,184217088,262144000,230898176,270532608,,,,,,,,,,
1791471068.3401322,601172,tracking_feedback_accumulate,1355,,22503,,,172345856,262144000,230898176,270532608,,,,,,,,2.9015999753028154,,
1791471068.3451324,601172,frontend_frame,1355,0,22503,34,8,173666816,262144000,230898176,270532608,,,,,,,,,,
1791471068.7557163,601172,tracking_feedback_accumulate,1356,,22503,,,177499648,262144000,230898176,270532608,,,,,,,,2.867999952286482,,
1791471068.7607183,601172,frontend_frame,1356,0,22503,34,8,178820608,262144000,230898176,270532608,,,,,,,,,,
1791471069.0469656,601172,tracking_feedback_accumulate,1357,,22503,,,182981120,262144000,230898176,270532608,,,,,,,,2.8501998167485,,
1791471069.0524743,601172,frontend_frame,1357,0,22503,34,8,173668864,262144000,230898176,270532608,,,,,,,,,,
1791471069.3971498,601172,tracking_feedback_accumulate,1358,,22503,,,177501696,262144000,230898176,270532608,,,,,,,,2.87249987013638,,
1791471069.40215,601172,frontend_frame,1358,0,22503,34,8,178822656,262144000,230898176,270532608,,,,,,,,,,
1791471069.799727,601172,tracking_feedback_accumulate,1359,,22503,,,182983168,262144000,230898176,270532608,,,,,,,,3.2515001948922873,,
1791471069.8047268,601172,frontend_frame,1359,0,22503,34,8,184304128,262144000,230898176,270532608,,,,,,,,,,
1791471070.1684718,601172,tracking_feedback_accumulate,1360,,22503,,,172187136,262144000,230898176,270532608,,,,,,,,3.3428999595344067,,
1791471070.1734684,601172,frontend_frame,1360,0,22503,34,8,173508096,218103808,230898176,270532608,,,,,,,,,,
1791471070.4959965,601172,tracking_feedback_accumulate,1361,,22503,,,177668608,260046848,230898176,270532608,,,,,,,,2.9528001323342323,,
1791471070.546049,601172,frontend_frame,1361,0,22503,35,8,182985216,260046848,230898176,270532608,,,,,,,,,,
1791471081.333961,601172,tracking_feedback_accumulate,1362,,22102,,,176162816,260046848,230898176,270532608,,,,,,,,2.9056998901069164,,
1791471081.339466,601172,frontend_frame,1362,0,22102,35,8,177387520,260046848,230898176,270532608,,,,,,,,,,
1791471081.6302013,601172,tracking_feedback_accumulate,1363,,22102,,,181466112,260046848,230898176,270532608,,,,,,,,4.391699796542525,,
1791471081.6372013,601172,frontend_frame,1363,0,22102,35,8,182694400,260046848,230898176,270532608,,,,,,,,,,
1791471081.916804,601172,tracking_feedback_accumulate,1364,,22102,,,186609152,262144000,230898176,270532608,,,,,,,,2.862399909645319,,
1791471081.9228039,601172,frontend_frame,1364,0,22102,35,8,177389568,262144000,230898176,270532608,,,,,,,,,,
1791471082.287494,601172,tracking_feedback_accumulate,1365,,22102,,,181550080,262144000,230898176,270532608,,,,,,,,2.9587000608444214,,
1791471082.292494,601172,frontend_frame,1365,0,22102,35,8,182778368,262144000,230898176,270532608,,,,,,,,,,
1791471082.6131067,601172,tracking_feedback_accumulate,1366,,22102,,,186611200,262144000,230898176,270532608,,,,,,,,2.8152999002486467,,
1791471082.6181066,601172,frontend_frame,1366,0,22102,35,8,187840000,264241152,230898176,270532608,,,,,,,,,,
1791471082.9951775,601172,tracking_feedback_accumulate,1367,,22102,,,176328704,264241152,230898176,270532608,,,,,,,,2.8488999232649803,,
1791471083.0001776,601172,frontend_frame,1367,0,22102,35,8,177556992,264241152,230898176,270532608,,,,,,,,,,
1791471083.2918222,601172,tracking_feedback_accumulate,1368,,22102,,,181471744,264241152,230898176,270532608,,,,,,,,2.9026998672634363,,
1791471083.296822,601172,frontend_frame,1368,0,22102,35,8,182700032,264241152,230898176,270532608,,,,,,,,,,
1791471083.6854029,601172,tracking_feedback_accumulate,1369,,22102,,,176166912,264241152,230898176,270532608,,,,,,,,2.908000024035573,,
1791471083.6904027,601172,frontend_frame,1369,0,22102,35,8,177395200,264241152,230898176,270532608,,,,,,,,,,
1791471084.026132,601172,tracking_feedback_accumulate,1370,,22102,,,181473792,264241152,230898176,270532608,,,,,,,,2.9160999692976475,,
1791471084.030637,601172,frontend_frame,1370,0,22102,35,8,182702080,239075328,230898176,270532608,,,,,,,,,,
1791471084.3835373,601172,tracking_feedback_accumulate,1371,,22102,,,186780672,262144000,230898176,270532608,,,,,,,,2.8916001319885254,,
1791471084.3885388,601172,frontend_frame,1371,0,22102,35,8,177561088,262144000,230898176,270532608,,,,,,,,,,
1791471084.7180989,601172,tracking_feedback_accumulate,1372,,22102,,,181393920,262144000,230898176,270532608,,,,,,,,2.9506999999284744,,
1791471084.723099,601172,frontend_frame,1372,0,22102,35,8,182622208,262144000,230898176,270532608,,,,,,,,,,
1791471085.0697036,601172,tracking_feedback_accumulate,1373,,22102,,,186782720,262144000,230898176,270532608,,,,,,,,2.7830000035464764,,
1791471085.074704,601172,frontend_frame,1373,0,22102,35,8,188011008,264241152,230898176,270532608,,,,,,,,,,
1791471085.4638774,601172,tracking_feedback_accumulate,1374,,22102,,,176253952,264241152,230898176,270532608,,,,,,,,2.9362000059336424,,
1791471085.4688776,601172,frontend_frame,1374,0,22102,35,8,177482240,264241152,230898176,270532608,,,,,,,,,,
1791471085.848474,601172,tracking_feedback_accumulate,1375,,22102,,,181396992,264241152,230898176,270532608,,,,,,,,3.087499877437949,,
1791471085.853474,601172,frontend_frame,1375,0,22102,35,8,182625280,264241152,230898176,270532608,,,,,,,,,,
1791471086.2272775,601172,tracking_feedback_accumulate,1376,,22102,,,186785792,264241152,230898176,270532608,,,,,,,,2.846099901944399,,
1791471086.2322774,601172,frontend_frame,1376,0,22102,35,8,177566208,264241152,230898176,270532608,,,,,,,,,,
1791471086.5846274,601172,tracking_feedback_accumulate,1377,,22102,,,181480960,264241152,230898176,270532608,,,,,,,,2.8302001301199198,,
1791471086.5886278,601172,frontend_frame,1377,0,22102,35,8,182709248,264241152,230898176,270532608,,,,,,,,,,
1791471086.8697217,601172,tracking_feedback_accumulate,1378,,22102,,,186624000,264241152,230898176,270532608,,,,,,,,2.8367999475449324,,
1791471086.874721,601172,frontend_frame,1378,0,22102,35,8,187852288,264241152,230898176,270532608,,,,,,,,,,
1791471087.2523556,601172,tracking_feedback_accumulate,1379,,22102,,,176259072,264241152,230898176,270532608,,,,,,,,2.88009992800653,,
1791471087.2563558,601172,frontend_frame,1379,0,22102,35,8,177487360,264241152,230898176,270532608,,,,,,,,,,
1791471087.6424878,601172,tracking_feedback_accumulate,1380,,22102,,,181402112,264241152,230898176,270532608,,,,,,,,2.8835998382419348,,
1791471087.6474903,601172,frontend_frame,1380,0,22102,35,8,182630400,218103808,230898176,270532608,,,,,,,,,,
1791471087.9805832,601172,tracking_feedback_accumulate,1381,,22102,,,186708992,262144000,230898176,270532608,,,,,,,,2.902999985963106,,
1791471087.985583,601172,frontend_frame,1381,0,22102,35,8,177489408,262144000,230898176,270532608,,,,,,,,,,
1791471088.3412411,601172,tracking_feedback_accumulate,1382,,22102,,,181568000,262144000,230898176,270532608,,,,,,,,2.9408999253064394,,
1791471088.3462427,601172,frontend_frame,1382,0,22102,35,8,182796288,262144000,230898176,270532608,,,,,,,,,,
1791471088.6014802,601172,tracking_feedback_accumulate,1383,,22102,,,186711040,262144000,230898176,270532608,,,,,,,,2.756499918177724,,
1791471088.60648,601172,frontend_frame,1383,0,22102,35,8,187939328,264241152,230898176,270532608,,,,,,,,,,
1791471088.943786,601172,tracking_feedback_accumulate,1384,,22102,,,176182272,264241152,230898176,270532608,,,,,,,,2.905000001192093,,
1791471088.9487903,601172,frontend_frame,1384,0,22102,35,8,177410560,264241152,230898176,270532608,,,,,,,,,,
1791471089.3101544,601172,tracking_feedback_accumulate,1385,,22102,,,181489152,264241152,230898176,270532608,,,,,,,,3.1174998730421066,,
1791471089.3151543,601172,frontend_frame,1385,0,22102,35,8,182717440,264241152,230898176,270532608,,,,,,,,,,
1791471089.5727217,601172,tracking_feedback_accumulate,1386,,22102,,,176184320,264241152,230898176,270532608,,,,,,,,2.930799964815378,,
1791471089.5777218,601172,frontend_frame,1386,0,22102,35,8,177412608,264241152,230898176,270532608,,,,,,,,,,
1791471089.9592447,601172,tracking_feedback_accumulate,1387,,22102,,,181491200,264241152,230898176,270532608,,,,,,,,3.0028000473976135,,
1791471089.9637492,601172,frontend_frame,1387,0,22102,35,8,182719488,264241152,230898176,270532608,,,,,,,,,,
1791471090.3384042,601172,tracking_feedback_accumulate,1388,,22102,,,186634240,264241152,230898176,270532608,,,,,,,,2.8593000024557114,,
1791471090.3434043,601172,frontend_frame,1388,0,22102,35,8,177414656,264241152,230898176,270532608,,,,,,,,,,
1791471090.6289644,601172,tracking_feedback_accumulate,1389,,22102,,,181493248,264241152,230898176,270532608,,,,,,,,3.10519989579916,,
1791471090.6339643,601172,frontend_frame,1389,0,22102,35,8,182721536,264241152,230898176,270532608,,,,,,,,,,
1791471090.89449,601172,tracking_feedback_accumulate,1390,,22102,,,186800128,264241152,230898176,270532608,,,,,,,,2.9643001034855843,,
1791471090.90049,601172,frontend_frame,1390,0,22102,35,8,188028416,220200960,230898176,270532608,,,,,,,,,,
1791471091.3182347,601172,tracking_feedback_accumulate,1391,,22102,,,176271360,262144000,230898176,270532608,,,,,,,,3.266100073233247,,
1791471091.3232346,601172,frontend_frame,1391,0,22102,35,8,177499648,262144000,230898176,270532608,,,,,,,,,,
1791471091.5914302,601172,tracking_feedback_accumulate,1392,,22102,,,181414400,262144000,230898176,270532608,,,,,,,,2.8284001164138317,,
1791471091.5954294,601172,frontend_frame,1392,0,22102,35,8,182642688,262144000,230898176,270532608,,,,,,,,,,
1791471091.993131,601172,tracking_feedback_accumulate,1393,,22102,,,186803200,262144000,230898176,270532608,,,,,,,,2.887299982830882,,
1791471091.998131,601172,frontend_frame,1393,0,22102,35,8,177583616,262144000,230898176,270532608,,,,,,,,,,
1791471092.3197417,601172,tracking_feedback_accumulate,1394,,22102,,,181498368,262144000,230898176,270532608,,,,,,,,2.820099936798215,,
1791471092.325742,601172,frontend_frame,1394,0,22102,35,8,182726656,262144000,230898176,270532608,,,,,,,,,,
1791471092.6208549,601172,tracking_feedback_accumulate,1395,,22102,,,186641408,262144000,230898176,270532608,,,,,,,,2.8432998806238174,,
1791471092.6258547,601172,frontend_frame,1395,0,22102,35,8,187869696,264241152,230898176,270532608,,,,,,,,,,
1791471093.0014386,601172,tracking_feedback_accumulate,1396,,22102,,,176276480,264241152,230898176,270532608,,,,,,,,2.9072000179439783,,
1791471093.0054376,601172,frontend_frame,1396,0,22102,35,8,177504768,264241152,230898176,270532608,,,,,,,,,,
1791471093.3894005,601172,tracking_feedback_accumulate,1397,,22102,,,181419520,264241152,230898176,270532608,,,,,,,,2.8629000298678875,,
1791471093.3944018,601172,frontend_frame,1397,0,22102,35,8,182647808,264241152,230898176,270532608,,,,,,,,,,
1791471093.7235732,601172,tracking_feedback_accumulate,1398,,22102,,,186808320,264241152,230898176,270532608,,,,,,,,2.8741999994963408,,
1791471093.728573,601172,frontend_frame,1398,0,22102,35,8,177588736,264241152,230898176,270532608,,,,,,,,,,
1791471094.1138408,601172,tracking_feedback_accumulate,1399,,22102,,,181421568,264241152,230898176,270532608,,,,,,,,3.0753000173717737,,
1791471094.118841,601172,frontend_frame,1399,0,22102,35,8,182649856,264241152,230898176,270532608,,,,,,,,,,
1791471094.473415,601172,tracking_feedback_accumulate,1400,,22102,,,186810368,264241152,230898176,270532608,,,,,,,,2.937800018116832,,
1791471094.4794147,601172,frontend_frame,1400,0,22102,35,8,188038656,241172480,230898176,270532608,,,,,,,,,,
1791471094.801031,601172,tracking_feedback_accumulate,1401,,22102,,,176199680,262144000,230898176,270532608,,,,,,,,3.712099976837635,,
1791471094.8060303,601172,frontend_frame,1401,0,22102,35,8,177427968,262144000,230898176,270532608,,,,,,,,,,
1791471095.1236422,601172,tracking_feedback_accumulate,1402,,22102,,,181506560,262144000,230898176,270532608,,,,,,,,3.1163000967353582,,
1791471095.1286423,601172,frontend_frame,1402,0,22102,35,8,182734848,262144000,230898176,270532608,,,,,,,,,,
1791471095.4988,601172,tracking_feedback_accumulate,1403,,22102,,,176365568,262144000,230898176,270532608,,,,,,,,2.8748000040650368,,
1791471095.5038002,601172,frontend_frame,1403,0,22102,35,8,177593856,262144000,230898176,270532608,,,,,,,,,,
1791471095.83536,601172,tracking_feedback_accumulate,1404,,22102,,,181508608,262144000,230898176,270532608,,,,,,,,2.8892001137137413,,
1791471095.8403614,601172,frontend_frame,1404,0,22102,35,8,182736896,262144000,230898176,270532608,,,,,,,,,,
1791471096.1179934,601172,tracking_feedback_accumulate,1405,,22102,,,186815488,262144000,230898176,270532608,,,,,,,,2.8993000742048025,,
1791471096.1239936,601172,frontend_frame,1405,0,22102,35,8,177595904,262144000,230898176,270532608,,,,,,,,,,
1791471096.4391592,601172,tracking_feedback_accumulate,1406,,22102,,,181510656,262144000,230898176,270532608,,,,,,,,2.8297998942434788,,
1791471096.444159,601172,frontend_frame,1406,0,22102,35,8,182738944,262144000,230898176,270532608,,,,,,,,,,
1791471096.8240407,601172,tracking_feedback_accumulate,1407,,22102,,,186817536,262144000,230898176,270532608,,,,,,,,2.8381000738590956,,
1791471096.8290443,601172,frontend_frame,1407,0,22102,35,8,188045824,264241152,230898176,270532608,,,,,,,,,,
1791471097.1882932,601172,tracking_feedback_accumulate,1408,,22102,,,176206848,264241152,230898176,270532608,,,,,,,,3.253599861636758,,
1791471097.1952932,601172,frontend_frame,1408,0,22102,35,8,177435136,264241152,230898176,270532608,,,,,,,,,,
1791471097.597013,601172,tracking_feedback_accumulate,1409,,22102,,,181513728,264241152,230898176,270532608,,,,,,,,3.010000102221966,,
1791471097.6020129,601172,frontend_frame,1409,0,22102,35,8,182742016,264241152,230898176,270532608,,,,,,,,,,
1791471097.9010432,601172,tracking_feedback_accumulate,1410,,22102,,,186820608,264241152,230898176,270532608,,,,,,,,2.8874001000076532,,
1791471097.906044,601172,frontend_frame,1410,0,22102,35,8,177601024,218103808,230898176,270532608,,,,,,,,,,
1791471098.2047074,601172,tracking_feedback_accumulate,1411,,22102,,,181433856,260046848,230898176,270532608,,,,,,,,2.856600098311901,,
1791471098.208707,601172,frontend_frame,1411,0,22102,35,8,182662144,260046848,230898176,270532608,,,,,,,,,,
1791471098.5394619,601172,tracking_feedback_accumulate,1412,,22102,,,186822656,262144000,230898176,270532608,,,,,,,,3.0539999715983868,,
1791471098.5444613,601172,frontend_frame,1412,0,22102,35,8,188050944,262144000,230898176,270532608,,,,,,,,,,
1791471098.8389812,601172,tracking_feedback_accumulate,1413,,22102,,,176293888,262144000,230898176,270532608,,,,,,,,2.8768000192940235,,
1791471098.843981,601172,frontend_frame,1413,0,22102,35,8,177522176,262144000,230898176,270532608,,,,,,,,,,
1791471099.168009,601172,tracking_feedback_accumulate,1414,,22102,,,181600768,262144000,230898176,270532608,,,,,,,,2.848000032827258,,
1791471099.1730115,601172,frontend_frame,1414,0,22102,35,8,182829056,262144000,230898176,270532608,,,,,,,,,,
1791471099.5736947,601172,tracking_feedback_accumulate,1415,,22102,,,186743808,262144000,230898176,270532608,,,,,,,,3.0494998209178448,,
1791471099.5796957,601172,frontend_frame,1415,0,22102,35,8,177524224,262144000,230898176,270532608,,,,,,,,,,
1791471099.8772752,601172,tracking_feedback_accumulate,1416,,22102,,,181602816,262144000,230898176,270532608,,,,,,,,2.945499960333109,,
1791471099.926277,601172,frontend_frame,1416,0,22102,36,8,186826752,262144000,230898176,270532608,,,,,,,,,,
1791471110.5770786,601172,tracking_feedback_accumulate,1417,,21624,,,190710784,262144000,232693760,270532608,,,,,,,,2.9828997794538736,,
1791471110.5830789,601172,frontend_frame,1417,0,21624,36,8,181367808,262144000,232693760,270532608,,,,,,,,,,
1791471110.9076152,601172,tracking_feedback_accumulate,1418,,21624,,,185282560,262144000,232693760,270532608,,,,,,,,3.083700081333518,,
1791471110.9116147,601172,frontend_frame,1418,0,21624,36,8,186392064,262144000,232693760,270532608,,,,,,,,,,
1791471111.1857698,601172,tracking_feedback_accumulate,1419,,21624,,,190552576,262144000,232693760,270532608,,,,,,,,3.270199988037348,,
1791471111.1917696,601172,frontend_frame,1419,0,21624,36,8,191662080,262144000,232693760,270532608,,,,,,,,,,
1791471111.554465,601172,tracking_feedback_accumulate,1420,,21624,,,180261376,262144000,232693760,270532608,,,,,,,,2.9431998264044523,,
1791471111.5594678,601172,frontend_frame,1420,0,21624,36,8,181370880,239075328,232693760,270532608,,,,,,,,,,
1791471111.9010866,601172,tracking_feedback_accumulate,1421,,21624,,,185449472,260046848,232693760,270532608,,,,,,,,2.8292001225054264,,
1791471111.9090867,601172,frontend_frame,1421,0,21624,36,8,186559488,260046848,232693760,270532608,,,,,,,,,,
1791471112.1772213,601172,tracking_feedback_accumulate,1422,,21624,,,190474240,260046848,232693760,270532608,,,,,,,,2.894599922001362,,
1791471112.1832213,601172,frontend_frame,1422,0,21624,36,8,181373440,260046848,232693760,270532608,,,,,,,,,,
1791471112.4673164,601172,tracking_feedback_accumulate,1423,,21624,,,185452032,260046848,232693760,270532608,,,,,,,,2.921600127592683,,
1791471112.4713168,601172,frontend_frame,1423,0,21624,36,8,186561536,260046848,232693760,270532608,,,,,,,,,,
1791471112.8262377,601172,tracking_feedback_accumulate,1424,,21624,,,190394368,262144000,232693760,270532608,,,,,,,,2.7354999911040068,,
1791471112.8312373,601172,frontend_frame,1424,0,21624,36,8,191503872,262144000,232693760,270532608,,,,,,,,,,
1791471113.2434018,601172,tracking_feedback_accumulate,1425,,21624,,,180348928,262144000,232693760,270532608,,,,,,,,3.3905000891536474,,
1791471113.247402,601172,frontend_frame,1425,0,21624,36,8,181458432,262144000,232693760,270532608,,,,,,,,,,
1791471113.622131,601172,tracking_feedback_accumulate,1426,,21624,,,185291264,262144000,232693760,270532608,,,,,,,,2.827199874445796,,
1791471113.6261313,601172,frontend_frame,1426,0,21624,36,8,186400768,262144000,232693760,270532608,,,,,,,,,,
1791471113.9628863,601172,tracking_feedback_accumulate,1427,,21624,,,190479360,262144000,232693760,270532608,,,,,,,,2.929799957200885,,
1791471113.9683883,601172,frontend_frame,1427,0,21624,36,8,181378560,262144000,232693760,270532608,,,,,,,,,,
1791471114.3055923,601172,tracking_feedback_accumulate,1428,,21624,,,185457152,262144000,232693760,270532608,,,,,,,,2.797400113195181,,
1791471114.3105938,601172,frontend_frame,1428,0,21624,36,8,186566656,262144000,232693760,270532608,,,,,,,,,,
1791471114.7187443,601172,tracking_feedback_accumulate,1429,,21624,,,190481408,262144000,232693760,270532608,,,,,,,,3.000000026077032,,
1791471114.723744,601172,frontend_frame,1429,0,21624,36,8,181380608,262144000,232693760,270532608,,,,,,,,,,
1791471115.132406,601172,tracking_feedback_accumulate,1430,,21624,,,185459200,262144000,232693760,270532608,,,,,,,,2.8748000040650368,,
1791471115.137406,601172,frontend_frame,1430,0,21624,36,8,186568704,241172480,232693760,270532608,,,,,,,,,,
1791471115.4560115,601172,tracking_feedback_accumulate,1431,,21624,,,190483456,262144000,232693760,270532608,,,,,,,,2.9255999252200127,,
1791471115.4620132,601172,frontend_frame,1431,0,21624,36,8,191592960,262144000,232693760,270532608,,,,,,,,,,
1791471115.823098,601172,tracking_feedback_accumulate,1432,,21624,,,185297408,262144000,232693760,270532608,,,,,,,,2.8538000769913197,,
1791471115.8270981,601172,frontend_frame,1432,0,21624,36,8,186406912,262144000,232693760,270532608,,,,,,,,,,
1791471116.1722798,601172,tracking_feedback_accumulate,1433,,21624,,,190485504,262144000,232693760,270532608,,,,,,,,2.754699904471636,,
1791471116.1767838,601172,frontend_frame,1433,0,21624,36,8,191595008,262144000,232693760,270532608,,,,,,,,,,
1791471116.5924559,601172,tracking_feedback_accumulate,1434,,21624,,,195509760,266338304,237500416,270532608,,,,,,,,3.051100065931678,,
1791471116.5974574,601172,frontend_frame,1434,0,21624,36,8,186408960,266338304,237500416,270532608,,,,,,,,,,
1791471116.9080682,601172,tracking_feedback_accumulate,1435,,21624,,,190487552,266338304,237500416,270532608,,,,,,,,2.8421999886631966,,
1791471116.9120681,601172,frontend_frame,1435,0,21624,36,8,191597056,266338304,237500416,270532608,,,,,,,,,,
1791471117.2966657,601172,tracking_feedback_accumulate,1436,,21624,,,195511808,266338304,237500416,270532608,,,,,,,,2.9729001689702272,,
1791471117.3016653,601172,frontend_frame,1436,0,21624,36,8,196621312,268435456,237500416,270532608,,,,,,,,,,
1791471117.6473303,601172,tracking_feedback_accumulate,1437,,21624,,,185466368,268435456,237500416,270532608,,,,,,,,2.8747001197189093,,
1791471117.6523302,601172,frontend_frame,1437,0,21624,36,8,186575872,268435456,237500416,270532608,,,,,,,,,,
1791471118.0374908,601172,tracking_feedback_accumulate,1438,,21624,,,190490624,268435456,237500416,270532608,,,,,,,,2.821799833327532,,
1791471118.0414908,601172,frontend_frame,1438,0,21624,36,8,191600128,268435456,237500416,270532608,,,,,,,,,,
1791471118.3294196,601172,tracking_feedback_accumulate,1439,,21624,,,195514880,268435456,237502976,270532608,,,,,,,,2.972800051793456,,
1791471118.3344197,601172,frontend_frame,1439,0,21624,36,8,186414080,268435456,237502976,270532608,,,,,,,,,,
1791471118.7335882,601172,tracking_feedback_accumulate,1440,,21624,,,190492672,268435456,237502976,270532608,,,,,,,,2.79699987731874,,
1791471118.7385883,601172,frontend_frame,1440,0,21624,36,8,191602176,241172480,237502976,270532608,,,,,,,,,,
1791471119.1273024,601172,tracking_feedback_accumulate,1441,,21624,,,195680768,266338304,237502976,270532608,,,,,,,,2.852599835023284,,
1791471119.1323018,601172,frontend_frame,1441,0,21624,36,8,196790272,268435456,237502976,270532608,,,,,,,,,,
1791471119.5584311,601172,tracking_feedback_accumulate,1442,,21624,,,185307648,268435456,237502976,270532608,,,,,,,,3.142300061881542,,
1791471119.562433,601172,frontend_frame,1442,0,21624,36,8,186417152,268435456,237502976,270532608,,,,,,,,,,
1791471119.894238,601172,tracking_feedback_accumulate,1443,,21624,,,190495744,268435456,237502976,270532608,,,,,,,,2.9307000804692507,,
1791471119.8992379,601172,frontend_frame,1443,0,21624,36,8,191605248,268435456,237502976,270532608,,,,,,,,,,
1791471120.3302832,601172,tracking_feedback_accumulate,1444,,21624,,,195683840,268435456,237502976,270532608,,,,,,,,2.8611000161617994,,
1791471120.3787906,601172,frontend_frame,1444,0,21624,37,8,190578688,268435456,237502976,270532608,,,,,,,,,,
1791471130.9584007,601172,tracking_feedback_accumulate,1445,,21503,,,194405376,268435456,237502976,270532608,,,,,,,,2.989599946886301,,
1791471130.9633996,601172,frontend_frame,1445,0,21503,37,8,195483136,268435456,237502976,270532608,,,,,,,,,,
1791471131.2506087,601172,tracking_feedback_accumulate,1446,,21503,,,199561728,268435456,241388032,270532608,,,,,,,,2.9249999206513166,,
1791471131.2566087,601172,frontend_frame,1446,0,21503,37,8,185355776,268435456,241388032,270532608,,,,,,,,,,
1791471131.6457694,601172,tracking_feedback_accumulate,1447,,21503,,,189434368,268435456,241388032,270532608,,,,,,,,2.9126000590622425,,
1791471131.6507697,601172,frontend_frame,1447,0,21503,37,8,190513664,268435456,241388032,270532608,,,,,,,,,,
1791471131.9964378,601172,tracking_feedback_accumulate,1448,,21503,,,194346496,268435456,241388032,270532608,,,,,,,,2.9105001594871283,,
1791471132.000437,601172,frontend_frame,1448,0,21503,37,8,195425792,268435456,241388032,270532608,,,,,,,,,,
1791471132.3541028,601172,tracking_feedback_accumulate,1449,,21503,,,184361472,268435456,241388032,270532608,,,,,,,,3.228600136935711,,
1791471132.359103,601172,frontend_frame,1449,0,21503,37,8,185441280,268435456,241388032,270532608,,,,,,,,,,
1791471132.7587733,601172,tracking_feedback_accumulate,1450,,21503,,,189356032,268435456,241388032,270532608,,,,,,,,3.15770017914474,,
1791471132.7647731,601172,frontend_frame,1450,0,21503,37,8,190435328,239075328,241388032,270532608,,,,,,,,,,
1791471133.1040254,601172,tracking_feedback_accumulate,1451,,21503,,,194350080,262144000,241388032,270532608,,,,,,,,2.812399994581938,,
1791471133.1090252,601172,frontend_frame,1451,0,21503,37,8,185279488,262144000,241388032,270532608,,,,,,,,,,
1791471133.460557,601172,tracking_feedback_accumulate,1452,,21503,,,189440000,262144000,241388032,270532608,,,,,,,,2.8751001227647066,,
1791471133.4655566,601172,frontend_frame,1452,0,21503,37,8,190519296,262144000,241388032,270532608,,,,,,,,,,
1791471133.771184,601172,tracking_feedback_accumulate,1453,,21503,,,194352128,262144000,241388032,270532608,,,,,,,,2.8813998214900494,,
1791471133.776184,601172,frontend_frame,1453,0,21503,37,8,195431424,264241152,241388032,270532608,,,,,,,,,,
1791471134.1221423,601172,tracking_feedback_accumulate,1454,,21503,,,184285184,264241152,241388032,270532608,,,,,,,,2.9945001006126404,,
1791471134.127142,601172,frontend_frame,1454,0,21503,37,8,185364480,264241152,241388032,270532608,,,,,,,,,,
1791471134.471672,601172,tracking_feedback_accumulate,1455,,21503,,,189443072,264241152,241388032,270532608,,,,,,,,4.3264999985694885,,
1791471134.4796712,601172,frontend_frame,1455,0,21503,37,8,190522368,264241152,241388032,270532608,,,,,,,,,,
1791471134.8038182,601172,tracking_feedback_accumulate,1456,,21503,,,194437120,264241152,241388032,270532608,,,,,,,,2.87580001167953,,
1791471134.808818,601172,frontend_frame,1456,0,21503,37,8,185366528,264241152,241388032,270532608,,,,,,,,,,
1791471135.119917,601172,tracking_feedback_accumulate,1457,,21503,,,189445120,264241152,241388032,270532608,,,,,,,,2.9144000727683306,,
1791471135.124917,601172,frontend_frame,1457,0,21503,37,8,190524416,264241152,241388032,270532608,,,,,,,,,,
1791471135.4944513,601172,tracking_feedback_accumulate,1458,,21503,,,194357248,264241152,241388032,270532608,,,,,,,,2.9169998597353697,,
1791471135.4999554,601172,frontend_frame,1458,0,21503,37,8,185286656,264241152,241388032,270532608,,,,,,,,,,
1791471135.9006867,601172,tracking_feedback_accumulate,1459,,21503,,,189447168,264241152,241388032,270532608,,,,,,,,2.9404000379145145,,
1791471135.9056869,601172,frontend_frame,1459,0,21503,37,8,190526464,264241152,241388032,270532608,,,,,,,,,,
1791471136.2383537,601172,tracking_feedback_accumulate,1460,,21503,,,194441216,264241152,241388032,270532608,,,,,,,,3.244000021368265,,
1791471136.2433536,601172,frontend_frame,1460,0,21503,37,8,195520512,241172480,241388032,270532608,,,,,,,,,,
1791471136.6550784,601172,tracking_feedback_accumulate,1461,,21503,,,189285376,262144000,241388032,270532608,,,,,,,,2.91300006210804,,
1791471136.6600783,601172,frontend_frame,1461,0,21503,37,8,190364672,262144000,241388032,270532608,,,,,,,,,,
1791471137.0007799,601172,tracking_feedback_accumulate,1462,,21503,,,194443264,262144000,241388032,270532608,,,,,,,,2.87279998883605,,
1791471137.005781,601172,frontend_frame,1462,0,21503,37,8,195522560,264241152,241388032,270532608,,,,,,,,,,
1791471137.3908215,601172,tracking_feedback_accumulate,1463,,21503,,,199437312,266338304,241388032,270532608,,,,,,,,2.855400089174509,,
1791471137.3958213,601172,frontend_frame,1463,0,21503,37,8,190366720,266338304,241388032,270532608,,,,,,,,,,
1791471137.704016,601172,tracking_feedback_accumulate,1464,,21503,,,194527232,266338304,241388032,270532608,,,,,,,,2.8677000664174557,,
1791471137.7090158,601172,frontend_frame,1464,0,21503,37,8,195606528,266338304,241388032,270532608,,,,,,,,,,
1791471138.0666058,601172,tracking_feedback_accumulate,1465,,21503,,,199439360,266338304,241388032,270532608,,,,,,,,2.7966999914497137,,
1791471138.0716088,601172,frontend_frame,1465,0,21503,37,8,200518656,268435456,241388032,270532608,,,,,,,,,,
1791471138.344908,601172,tracking_feedback_accumulate,1466,,21503,,,189372416,268435456,241388032,270532608,,,,,,,,2.9497998766601086,,
1791471138.349908,601172,frontend_frame,1466,0,21503,37,8,190451712,268435456,241388032,270532608,,,,,,,,,,
1791471138.693942,601172,tracking_feedback_accumulate,1467,,21503,,,194530304,268435456,241388032,270532608,,,,,,,,2.8882999904453754,,
1791471138.6979415,601172,frontend_frame,1467,0,21503,37,8,195609600,268435456,241388032,270532608,,,,,,,,,,
1791471138.9886765,601172,tracking_feedback_accumulate,1468,,21503,,,199442432,268435456,241388032,270532608,,,,,,,,2.8369000647217035,,
1791471138.9936767,601172,frontend_frame,1468,0,21503,37,8,190371840,268435456,241388032,270532608,,,,,,,,,,
1791471139.385719,601172,tracking_feedback_accumulate,1469,,21503,,,194450432,268435456,241388032,270532608,,,,,,,,3.043700009584427,,
1791471139.3892248,601172,frontend_frame,1469,0,21503,37,8,195529728,268435456,241388032,270532608,,,,,,,,,,
1791471139.6998909,601172,tracking_feedback_accumulate,1470,,21503,,,199444480,268435456,241388032,270532608,,,,,,,,3.184499917551875,,
1791471139.7048907,601172,frontend_frame,1470,0,21503,37,8,200523776,245366784,241388032,270532608,,,,,,,,,,
1791471140.1270077,601172,tracking_feedback_accumulate,1471,,21503,,,189459456,266338304,241388032,270532608,,,,,,,,2.911600051447749,,
1791471140.1310077,601172,frontend_frame,1471,0,21503,37,8,190538752,266338304,241388032,270532608,,,,,,,,,,
1791471140.481532,601172,tracking_feedback_accumulate,1472,,21503,,,194453504,266338304,241388032,270532608,,,,,,,,2.743199933320284,,
1791471140.487034,601172,frontend_frame,1472,0,21503,37,8,195532800,266338304,241388032,270532608,,,,,,,,,,
1791471140.838326,601172,tracking_feedback_accumulate,1473,,21503,,,199611392,266338304,241388032,270532608,,,,,,,,2.922399900853634,,
1791471140.8433256,601172,frontend_frame,1473,0,21503,37,8,190540800,266338304,241388032,270532608,,,,,,,,,,
1791471141.2064068,601172,tracking_feedback_accumulate,1474,,21503,,,194455552,266338304,241388032,270532608,,,,,,,,2.952100010588765,,
1791471141.2104087,601172,frontend_frame,1474,0,21503,37,8,195534848,266338304,241388032,270532608,,,,,,,,,,
1791471141.5435627,601172,tracking_feedback_accumulate,1475,,21503,,,199449600,266338304,241388032,270532608,,,,,,,,2.7790998574346304,,
1791471141.5495627,601172,frontend_frame,1475,0,21503,37,8,185304064,266338304,241388032,270532608,,,,,,,,,,
1791471141.7676535,601172,tracking_feedback_accumulate,1476,,21503,,,189464576,266338304,241388032,270532608,,,,,,,,2.757800044491887,,
1791471141.7716532,601172,frontend_frame,1476,0,21503,37,8,190543872,266338304,241388032,270532608,,,,,,,,,,
1791471142.113825,601172,tracking_feedback_accumulate,1477,,21503,,,194458624,266338304,241388032,270532608,,,,,,,,2.7952000964432955,,
1791471142.117825,601172,frontend_frame,1477,0,21503,37,8,195537920,266338304,241388032,270532608,,,,,,,,,,
1791471142.53897,601172,tracking_feedback_accumulate,1478,,21503,,,189466624,266338304,241388032,270532608,,,,,,,,3.109399927780032,,
1791471142.5895913,601172,frontend_frame,1478,0,21503,38,8,194541568,266338304,241388032,270532608,,,,,,,,,,
1791471153.2448764,601172,tracking_feedback_accumulate,1479,,21707,,,198473728,287309824,241388032,287309824,,,,,,,,2.927199937403202,,
1791471153.2503808,601172,frontend_frame,1479,0,21707,38,8,199606784,287309824,241388032,287309824,,,,,,,,,,
1791471153.6241674,601172,tracking_feedback_accumulate,1480,,21707,,,203685376,287309824,245451264,287309824,,,,,,,,2.9881999362260103,,
1791471153.6291676,601172,frontend_frame,1480,0,21707,38,8,194614784,245366784,245451264,287309824,,,,,,,,,,
1791471153.947125,601172,tracking_feedback_accumulate,1481,,21707,,,198447616,287309824,245451264,287309824,,,,,,,,2.735600108280778,,
1791471153.951125,601172,frontend_frame,1481,0,21707,38,8,199579136,287309824,245451264,287309824,,,,,,,,,,
1791471154.2775092,601172,tracking_feedback_accumulate,1482,,21707,,,203657728,289406976,245505536,289406976,,,,,,,,3.142199944704771,,
1791471154.2835124,601172,frontend_frame,1482,0,21707,38,8,204789248,291504128,245505536,291504128,,,,,,,,,,
1791471154.6310754,601172,tracking_feedback_accumulate,1483,,21707,,,193322496,291504128,245505536,291504128,,,,,,,,2.8982001822441816,,
1791471154.6360755,601172,frontend_frame,1483,0,21707,38,8,194454528,291504128,245505536,291504128,,,,,,,,,,
1791471155.0693235,601172,tracking_feedback_accumulate,1484,,21707,,,198615040,291504128,245505536,291504128,,,,,,,,3.046100027859211,,
1791471155.0743234,601172,frontend_frame,1484,0,21707,38,8,199746560,291504128,245505536,291504128,,,,,,,,,,
1791471155.4018602,601172,tracking_feedback_accumulate,1485,,21707,,,193406976,291504128,245505536,291504128,,,,,,,,2.868599956855178,,
1791471155.4068604,601172,frontend_frame,1485,0,21707,38,8,194538496,291504128,245505536,291504128,,,,,,,,,,
1791471155.7465167,601172,tracking_feedback_accumulate,1486,,21707,,,198617088,291504128,245505536,291504128,,,,,,,,2.838099841028452,,
1791471155.7515166,601172,frontend_frame,1486,0,21707,38,8,199748608,291504128,245505536,291504128,,,,,,,,,,
1791471156.1429067,601172,tracking_feedback_accumulate,1487,,21707,,,203581440,291504128,245511168,291504128,,,,,,,,3.2054998446255922,,
1791471156.1479065,601172,frontend_frame,1487,0,21707,38,8,194458624,291504128,245511168,291504128,,,,,,,,,,
1791471156.5177176,601172,tracking_feedback_accumulate,1488,,21707,,,198619136,291504128,245511168,291504128,,,,,,,,2.860700013116002,,
1791471156.5227194,601172,frontend_frame,1488,0,21707,38,8,199750656,291504128,245511168,291504128,,,,,,,,,,
1791471156.9194908,601172,tracking_feedback_accumulate,1489,,21707,,,203665408,291504128,245513216,291504128,,,,,,,,2.9020998626947403,,
1791471156.9244907,601172,frontend_frame,1489,0,21707,38,8,204796928,291504128,245513216,291504128,,,,,,,,,,
1791471157.2907379,601172,tracking_feedback_accumulate,1490,,21707,,,193330176,291504128,245513216,291504128,,,,,,,,2.935699885711074,,
1791471157.2962396,601172,frontend_frame,1490,0,21707,38,8,194461696,245366784,245513216,291504128,,,,,,,,,,
1791471157.659336,601172,tracking_feedback_accumulate,1491,,21707,,,198540288,287309824,245513216,291504128,,,,,,,,2.921300008893013,,
1791471157.6643364,601172,frontend_frame,1491,0,21707,38,8,199671808,287309824,245513216,291504128,,,,,,,,,,
1791471158.093095,601172,tracking_feedback_accumulate,1492,,21707,,,203750400,287309824,245516288,291504128,,,,,,,,2.8395000845193863,,
1791471158.0985992,601172,frontend_frame,1492,0,21707,38,8,194627584,287309824,245516288,291504128,,,,,,,,,,
1791471158.4441335,601172,tracking_feedback_accumulate,1493,,21707,,,198542336,287309824,245516288,291504128,,,,,,,,2.8832999523729086,,
1791471158.4481335,601172,frontend_frame,1493,0,21707,38,8,199673856,287309824,245516288,291504128,,,,,,,,,,
1791471158.8102183,601172,tracking_feedback_accumulate,1494,,21707,,,203588608,289406976,245518336,291504128,,,,,,,,2.8194000478833914,,
1791471158.8187263,601172,frontend_frame,1494,0,21707,38,8,204720128,291504128,245518336,291504128,,,,,,,,,,
1791471159.1140876,601172,tracking_feedback_accumulate,1495,,21707,,,193417216,291504128,245518336,291504128,,,,,,,,2.929900074377656,,
1791471159.1180878,601172,frontend_frame,1495,0,21707,38,8,194548736,291504128,245518336,291504128,,,,,,,,,,
1791471159.558622,601172,tracking_feedback_accumulate,1496,,21707,,,198463488,291504128,245518336,291504128,,,,,,,,2.8440000023692846,,
1791471159.562622,601172,frontend_frame,1496,0,21707,38,8,199595008,291504128,245518336,291504128,,,,,,,,,,
1791471159.9142156,601172,tracking_feedback_accumulate,1497,,21707,,,203755520,291504128,245521408,291504128,,,,,,,,2.9096000362187624,,
1791471159.919216,601172,frontend_frame,1497,0,21707,38,8,194632704,291504128,245521408,291504128,,,,,,,,,,
1791471160.353365,601172,tracking_feedback_accumulate,1498,,21707,,,198465536,291504128,245521408,291504128,,,,,,,,2.910299925133586,,
1791471160.3583663,601172,frontend_frame,1498,0,21707,38,8,199597056,291504128,245521408,291504128,,,,,,,,,,
1791471160.7491872,601172,tracking_feedback_accumulate,1499,,21707,,,203675648,291504128,245523456,291504128,,,,,,,,2.817300148308277,,
1791471160.7541876,601172,frontend_frame,1499,0,21707,38,8,204807168,291504128,245523456,291504128,,,,,,,,,,
1791471161.0282907,601172,tracking_feedback_accumulate,1500,,21707,,,193504256,291504128,245523456,291504128,,,,,,,,2.9067001305520535,,
1791471161.0338304,601172,frontend_frame,1500,0,21707,38,8,194635776,245366784,245523456,291504128,,,,,,,,,,
1791471161.3938642,601172,tracking_feedback_accumulate,1501,,21707,,,198468608,287309824,245523456,291504128,,,,,,,,2.935199998319149,,
1791471161.3983648,601172,frontend_frame,1501,0,21707,38,8,199600128,287309824,245523456,291504128,,,,,,,,,,
1791471161.7891726,601172,tracking_feedback_accumulate,1502,,21707,,,193506304,287309824,245523456,291504128,,,,,,,,4.281600005924702,,
1791471161.7941737,601172,frontend_frame,1502,0,21707,38,8,194637824,287309824,245523456,291504128,,,,,,,,,,
1791471162.1384025,601172,tracking_feedback_accumulate,1503,,21707,,,198552576,287309824,245523456,291504128,,,,,,,,3.0149000231176615,,
1791471162.1424026,601172,frontend_frame,1503,0,21707,38,8,199684096,287309824,245523456,291504128,,,,,,,,,,
1791471162.4944863,601172,tracking_feedback_accumulate,1504,,21707,,,203598848,289406976,245528576,291504128,,,,,,,,3.020599950104952,,
1791471162.4995039,601172,frontend_frame,1504,0,21707,38,8,194476032,289406976,245528576,291504128,,,,,,,,,,
1791471162.849542,601172,tracking_feedback_accumulate,1505,,21707,,,198636544,289406976,245528576,291504128,,,,,,,,2.8286001179367304,,
1791471162.8535419,601172,frontend_frame,1505,0,21707,38,8,199768064,289406976,245528576,291504128,,,,,,,,,,
1791471163.1472013,601172,tracking_feedback_accumulate,1506,,21707,,,203600896,289406976,245530624,291504128,,,,,,,,3.0319001525640488,,
1791471163.1532013,601172,frontend_frame,1506,0,21707,38,8,204732416,291504128,245530624,291504128,,,,,,,,,,
1791471163.491401,601172,tracking_feedback_accumulate,1507,,21707,,,193511424,291504128,245530624,291504128,,,,,,,,3.062100149691105,,
1791471163.495905,601172,frontend_frame,1507,0,21707,38,8,194642944,291504128,245530624,291504128,,,,,,,,,,
1791471163.8818424,601172,tracking_feedback_accumulate,1508,,21707,,,198557696,291504128,245530624,291504128,,,,,,,,2.939100144430995,,
1791471163.9313486,601172,frontend_frame,1508,0,21707,39,8,203684864,291504128,245530624,291504128,,,,,,,,,,
1791471174.5772977,601172,tracking_feedback_accumulate,1509,,21916,,,197526016,291504128,245530624,291504128,,,,,,,,2.9047001153230667,,
1791471174.5822976,601172,frontend_frame,1509,0,21916,39,8,198708736,291504128,245530624,291504128,,,,,,,,,,
1791471174.9809449,601172,tracking_feedback_accumulate,1510,,21916,,,202541568,291504128,245530624,291504128,,,,,,,,2.8921999037265778,,
1791471174.9859457,601172,frontend_frame,1510,0,21916,39,8,203723264,245366784,245530624,291504128,,,,,,,,,,
1791471175.3093648,601172,tracking_feedback_accumulate,1511,,21916,,,207801856,289406976,249737728,291504128,,,,,,,,2.9140999540686607,,
1791471175.314365,601172,frontend_frame,1511,0,21916,39,8,198628864,289406976,249737728,291504128,,,,,,,,,,
1791471175.6519434,601172,tracking_feedback_accumulate,1512,,21916,,,202707456,289406976,249737728,291504128,,,,,,,,2.8213998302817345,,
1791471175.6569433,601172,frontend_frame,1512,0,21916,39,8,203889152,289406976,249737728,291504128,,,,,,,,,,
1791471176.055062,601172,tracking_feedback_accumulate,1513,,21916,,,207721984,289406976,249752576,291504128,,,,,,,,2.933399984613061,,
1791471176.061062,601172,frontend_frame,1513,0,21916,39,8,208904192,291504128,249752576,291504128,,,,,,,,,,
1791471176.468597,601172,tracking_feedback_accumulate,1514,,21916,,,197532672,291504128,249752576,291504128,,,,,,,,2.6527000591158867,,
1791471176.4735968,601172,frontend_frame,1514,0,21916,39,8,198714368,291504128,249752576,291504128,,,,,,,,,,
1791471176.8672893,601172,tracking_feedback_accumulate,1515,,21916,,,202629120,291504128,249752576,291504128,,,,,,,,2.951399888843298,,
1791471176.8722892,601172,frontend_frame,1515,0,21916,39,8,203810816,291504128,249752576,291504128,,,,,,,,,,
1791471177.243866,601172,tracking_feedback_accumulate,1516,,21916,,,207725568,291504128,249792000,291504128,,,,,,,,2.9549000319093466,,
1791471177.2488666,601172,frontend_frame,1516,0,21916,39,8,198552576,291504128,249792000,291504128,,,,,,,,,,
1791471177.611439,601172,tracking_feedback_accumulate,1517,,21916,,,202631168,291504128,249792000,291504128,,,,,,,,3.1952999997884035,,
1791471177.6159444,601172,frontend_frame,1517,0,21916,39,8,203812864,291504128,249792000,291504128,,,,,,,,,,
1791471177.9466207,601172,tracking_feedback_accumulate,1518,,21916,,,207727616,291504128,249792512,291504128,,,,,,,,3.053600201383233,,
1791471177.9526205,601172,frontend_frame,1518,0,21916,39,8,208909312,291504128,249792512,291504128,,,,,,,,,,
1791471178.2597961,601172,tracking_feedback_accumulate,1519,,21916,,,197537792,291504128,249792512,291504128,,,,,,,,2.841999987140298,,
1791471178.2637963,601172,frontend_frame,1519,0,21916,39,8,198719488,291504128,249792512,291504128,,,,,,,,,,
1791471178.6338577,601172,tracking_feedback_accumulate,1520,,21916,,,202634240,291504128,249792512,291504128,,,,,,,,2.9169998597353697,,
1791471178.6398568,601172,frontend_frame,1520,0,21916,39,8,203815936,266338304,249792512,291504128,,,,,,,,,,
1791471179.0058708,601172,tracking_feedback_accumulate,1521,,21916,,,207730688,289406976,249806336,291504128,,,,,,,,2.9158000834286213,,
1791471179.014039,601172,frontend_frame,1521,0,21916,39,8,198557696,289406976,249806336,291504128,,,,,,,,,,
1791471179.3766167,601172,tracking_feedback_accumulate,1522,,21916,,,202636288,289406976,249806336,291504128,,,,,,,,2.789899939671159,,
1791471179.3816166,601172,frontend_frame,1522,0,21916,39,8,203817984,289406976,249806336,291504128,,,,,,,,,,
1791471179.7132204,601172,tracking_feedback_accumulate,1523,,21916,,,207896576,289406976,249818624,291504128,,,,,,,,2.894200151786208,,
1791471179.7192223,601172,frontend_frame,1523,0,21916,39,8,198723584,289406976,249818624,291504128,,,,,,,,,,
1791471180.1080468,601172,tracking_feedback_accumulate,1524,,21916,,,202638336,289406976,249818624,291504128,,,,,,,,3.038200084120035,,
1791471180.112556,601172,frontend_frame,1524,0,21916,39,8,203820032,289406976,249818624,291504128,,,,,,,,,,
1791471180.442578,601172,tracking_feedback_accumulate,1525,,21916,,,207734784,289406976,249818624,291504128,,,,,,,,2.9841000214219093,,
1791471180.4475782,601172,frontend_frame,1525,0,21916,39,8,208916480,291504128,249818624,291504128,,,,,,,,,,
1791471180.7901187,601172,tracking_feedback_accumulate,1526,,21916,,,202722304,291504128,249818624,291504128,,,,,,,,3.155200043693185,,
1791471180.794118,601172,frontend_frame,1526,0,21916,39,8,203904000,291504128,249818624,291504128,,,,,,,,,,
1791471181.1291134,601172,tracking_feedback_accumulate,1527,,21916,,,207818752,291504128,249818624,291504128,,,,,,,,2.8405000921338797,,
1791471181.1341133,601172,frontend_frame,1527,0,21916,39,8,209000448,291504128,249818624,291504128,,,,,,,,,,
1791471181.5297194,601172,tracking_feedback_accumulate,1528,,21916,,,212915200,293601280,254965248,293601280,,,,,,,,2.964799990877509,,
1791471181.5352275,601172,frontend_frame,1528,0,21916,39,8,203742208,293601280,254965248,293601280,,,,,,,,,,
1791471181.9308622,601172,tracking_feedback_accumulate,1529,,21916,,,207902720,293601280,254965248,293601280,,,,,,,,3.141900058835745,,
1791471181.9358623,601172,frontend_frame,1529,0,21916,39,8,209084416,293601280,254965248,293601280,,,,,,,,,,
1791471182.2260067,601172,tracking_feedback_accumulate,1530,,21916,,,212999168,295698432,254998528,295698432,,,,,,,,2.7966999914497137,,
1791471182.2310066,601172,frontend_frame,1530,0,21916,39,8,214180864,274726912,254998528,297795584,,,,,,,,,,
1791471182.5245962,601172,tracking_feedback_accumulate,1531,,21916,,,202727424,295698432,254998528,297795584,,,,,,,,2.992199966683984,,
1791471182.5285962,601172,frontend_frame,1531,0,21916,39,8,203909120,295698432,254998528,297795584,,,,,,,,,,
1791471182.9642498,601172,tracking_feedback_accumulate,1532,,21916,,,207741952,295698432,254998528,297795584,,,,,,,,2.8162000235170126,,
1791471182.9697545,601172,frontend_frame,1532,0,21916,39,8,208923648,295698432,254998528,297795584,,,,,,,,,,
1791471183.3184705,601172,tracking_feedback_accumulate,1533,,21916,,,213084160,295698432,254998528,297795584,,,,,,,,2.924300031736493,,
1791471183.3244705,601172,frontend_frame,1533,0,21916,39,8,198733824,295698432,254998528,297795584,,,,,,,,,,
1791471183.6036415,601172,tracking_feedback_accumulate,1534,,21916,,,202566656,295698432,254998528,297795584,,,,,,,,3.0276000034064054,,
1791471183.6086414,601172,frontend_frame,1534,0,21916,39,8,203748352,295698432,254998528,297795584,,,,,,,,,,
1791471184.0165431,601172,tracking_feedback_accumulate,1535,,21916,,,207826944,295698432,254998528,297795584,,,,,,,,2.814200008288026,,
1791471184.0215435,601172,frontend_frame,1535,0,21916,39,8,209008640,295698432,254998528,297795584,,,,,,,,,,
1791471184.4081943,601172,tracking_feedback_accumulate,1536,,21916,,,197555200,295698432,254998528,297795584,,,,,,,,2.99579999409616,,
1791471184.4126961,601172,frontend_frame,1536,0,21916,39,8,198736896,295698432,254998528,297795584,,,,,,,,,,
1791471184.8207648,601172,tracking_feedback_accumulate,1537,,21916,,,202651648,295698432,254998528,297795584,,,,,,,,2.936700126156211,,
1791471184.825765,601172,frontend_frame,1537,0,21916,39,8,203833344,295698432,254998528,297795584,,,,,,,,,,
1791471185.1134636,601172,tracking_feedback_accumulate,1538,,21916,,,207748096,295698432,254998528,297795584,,,,,,,,2.863100031390786,,
1791471185.1184661,601172,frontend_frame,1538,0,21916,39,8,198575104,295698432,254998528,297795584,,,,,,,,,,
1791471185.5020642,601172,tracking_feedback_accumulate,1539,,21916,,,202653696,295698432,254998528,297795584,,,,,,,,2.854399848729372,,
1791471185.507064,601172,frontend_frame,1539,0,21916,39,8,203835392,295698432,254998528,297795584,,,,,,,,,,
1791471185.7946072,601172,tracking_feedback_accumulate,1540,,21916,,,207750144,295698432,254998528,297795584,,,,,,,,2.837100066244602,,
1791471185.800609,601172,frontend_frame,1540,0,21916,39,8,198577152,247463936,254998528,297795584,,,,,,,,,,
1791471186.0853217,601172,tracking_feedback_accumulate,1541,,21916,,,202655744,289406976,254998528,297795584,,,,,,,,2.8810000512748957,,
1791471186.0903208,601172,frontend_frame,1541,0,21916,39,8,203837440,289406976,254998528,297795584,,,,,,,,,,
1791471186.4698665,601172,tracking_feedback_accumulate,1542,,21916,,,207752192,289406976,254998528,297795584,,,,,,,,2.8799998108297586,,
1791471186.4758666,601172,frontend_frame,1542,0,21916,39,8,208933888,291504128,254998528,297795584,,,,,,,,,,
1791471186.7470863,601172,tracking_feedback_accumulate,1543,,21916,,,202739712,291504128,254998528,297795584,,,,,,,,2.9732000548392534,,
1791471186.7510865,601172,frontend_frame,1543,0,21916,39,8,203921408,291504128,254998528,297795584,,,,,,,,,,
1791471187.0937905,601172,tracking_feedback_accumulate,1544,,21916,,,207754240,291504128,254998528,297795584,,,,,,,,3.010400105267763,,
1791471187.0987906,601172,frontend_frame,1544,0,21916,39,8,208935936,291504128,254998528,297795584,,,,,,,,,,
1791471187.5203726,601172,tracking_feedback_accumulate,1545,,21916,,,213096448,293601280,254998528,297795584,,,,,,,,2.9972000047564507,,
1791471187.525373,601172,frontend_frame,1545,0,21916,39,8,203923456,293601280,254998528,297795584,,,,,,,,,,
1791471187.9440453,601172,tracking_feedback_accumulate,1546,,21916,,,207838208,293601280,254998528,297795584,,,,,,,,2.871599979698658,,
1791471187.950045,601172,frontend_frame,1546,0,21916,39,8,209019904,293601280,254998528,297795584,,,,,,,,,,
1791471188.2416642,601172,tracking_feedback_accumulate,1547,,21916,,,213098496,295698432,254998528,297795584,,,,,,,,2.8035000432282686,,
1791471188.2466643,601172,frontend_frame,1547,0,21916,39,8,214280192,297795584,254998528,297795584,,,,,,,,,,
1791471188.6097414,601172,tracking_feedback_accumulate,1548,,21916,,,202580992,297795584,254998528,297795584,,,,,,,,3.0186001677066088,,
1791471188.6147413,601172,frontend_frame,1548,0,21916,39,8,203762688,297795584,254998528,297795584,,,,,,,,,,
1791471188.879334,601172,tracking_feedback_accumulate,1549,,21916,,,207923200,297795584,254998528,297795584,,,,,,,,2.9722999315708876,,
1791471188.884334,601172,frontend_frame,1549,0,21916,39,8,209104896,297795584,254998528,297795584,,,,,,,,,,
1791471189.200082,601172,tracking_feedback_accumulate,1550,,21916,,,213019648,297795584,254998528,297795584,,,,,,,,2.829300006851554,,
1791471189.206084,601172,frontend_frame,1550,0,21916,39,8,203846656,270532608,254998528,297795584,,,,,,,,,,
1791471189.5891635,601172,tracking_feedback_accumulate,1551,,21916,,,207761408,291504128,254998528,297795584,,,,,,,,2.9450999572873116,,
1791471189.5941632,601172,frontend_frame,1551,0,21916,39,8,208943104,291504128,254998528,297795584,,,,,,,,,,
1791471189.9647846,601172,tracking_feedback_accumulate,1552,,21916,,,213103616,293601280,254998528,297795584,,,,,,,,3.1773000955581665,,
1791471189.9698315,601172,frontend_frame,1552,0,21916,39,8,214285312,295698432,254998528,297795584,,,,,,,,,,
1791471190.2783875,601172,tracking_feedback_accumulate,1553,,21916,,,202668032,295698432,254998528,297795584,,,,,,,,2.7399000246077776,,
1791471190.287394,601172,frontend_frame,1553,0,21916,39,8,203849728,295698432,254998528,297795584,,,,,,,,,,
1791471190.6544669,601172,tracking_feedback_accumulate,1554,,21916,,,207928320,295698432,254998528,297795584,,,,,,,,2.9498999938368797,,
1791471190.7044687,601172,frontend_frame,1554,0,21916,40,8,213105664,295698432,254998528,297795584,,,,,,,,,,
1791471201.4334986,601172,tracking_feedback_accumulate,1555,,22301,,,206693376,295698432,254998528,297795584,,,,,,,,2.9514001216739416,,
1791471201.4374983,601172,frontend_frame,1555,0,22301,40,8,207968256,295698432,254998528,297795584,,,,,,,,,,
1791471201.8557386,601172,tracking_feedback_accumulate,1556,,22301,,,211883008,295698432,254998528,297795584,,,,,,,,2.811599988490343,,
1791471201.8602757,601172,frontend_frame,1556,0,22301,40,8,213155328,295698432,254998528,297795584,,,,,,,,,,
1791471202.2664456,601172,tracking_feedback_accumulate,1557,,22301,,,217233920,295698432,259211776,297795584,,,,,,,,3.132200101390481,,
1791471202.2724469,601172,frontend_frame,1557,0,22301,40,8,207970304,295698432,259211776,297795584,,,,,,,,,,
1791471202.6274498,601172,tracking_feedback_accumulate,1558,,22301,,,212048896,295698432,259211776,297795584,,,,,,,,2.9664000030606985,,
1791471202.6324496,601172,frontend_frame,1558,0,22301,40,8,213321216,295698432,259211776,297795584,,,,,,,,,,
1791471202.8949447,601172,tracking_feedback_accumulate,1559,,22301,,,217235968,295698432,259211776,297795584,,,,,,,,2.702200086787343,,
1791471202.8999448,601172,frontend_frame,1559,0,22301,40,8,218508800,297795584,259211776,297795584,,,,,,,,,,
1791471203.317216,601172,tracking_feedback_accumulate,1560,,22301,,,206783488,297795584,259211776,297795584,,,,,,,,3.321800148114562,,
1791471203.3222148,601172,frontend_frame,1560,0,22301,40,8,208055808,247463936,259211776,297795584,,,,,,,,,,
1791471203.5649579,601172,tracking_feedback_accumulate,1561,,22301,,,211970560,289406976,259211776,297795584,,,,,,,,2.8909998945891857,,
1791471203.5709581,601172,frontend_frame,1561,0,22301,40,8,213242880,291504128,259211776,297795584,,,,,,,,,,
1791471203.952916,601172,tracking_feedback_accumulate,1562,,22301,,,201444352,295698432,259211776,297795584,,,,,,,,2.9837999027222395,,
1791471203.9579182,601172,frontend_frame,1562,0,22301,40,8,202716672,295698432,259211776,297795584,,,,,,,,,,
1791471204.1802404,601172,tracking_feedback_accumulate,1563,,22301,,,206795264,295698432,259211776,297795584,,,,,,,,2.873899880796671,,
1791471204.1842391,601172,frontend_frame,1563,0,22301,40,8,208067584,295698432,259211776,297795584,,,,,,,,,,
1791471204.5098023,601172,tracking_feedback_accumulate,1564,,22301,,,212146176,295698432,259211776,297795584,,,,,,,,2.811499871313572,,
1791471204.5148022,601172,frontend_frame,1564,0,22301,40,8,202882560,295698432,259211776,297795584,,,,,,,,,,
1791471204.9384654,601172,tracking_feedback_accumulate,1565,,22301,,,206715392,295698432,259211776,297795584,,,,,,,,2.895799931138754,,
1791471204.9434652,601172,frontend_frame,1565,0,22301,40,8,207987712,295698432,259211776,297795584,,,,,,,,,,
1791471205.2337193,601172,tracking_feedback_accumulate,1566,,22301,,,212066304,295698432,259211776,297795584,,,,,,,,2.893800148740411,,
1791471205.2397194,601172,frontend_frame,1566,0,22301,40,8,213338624,295698432,259211776,297795584,,,,,,,,,,
1791471205.6233091,601172,tracking_feedback_accumulate,1567,,22301,,,201449472,295698432,259211776,297795584,,,,,,,,2.934599993750453,,
1791471205.6278133,601172,frontend_frame,1567,0,22301,40,8,202721792,295698432,259211776,297795584,,,,,,,,,,
1791471206.0165942,601172,tracking_feedback_accumulate,1568,,22301,,,206882304,295698432,259211776,297795584,,,,,,,,2.91269994340837,,
1791471206.0215943,601172,frontend_frame,1568,0,22301,40,8,208154624,295698432,259211776,297795584,,,,,,,,,,
1791471206.2923381,601172,tracking_feedback_accumulate,1569,,22301,,,212069376,295698432,259211776,297795584,,,,,,,,2.8381000738590956,,
1791471206.297338,601172,frontend_frame,1569,0,22301,40,8,202805760,295698432,259211776,297795584,,,,,,,,,,
1791471206.685471,601172,tracking_feedback_accumulate,1570,,22301,,,206884352,295698432,259211776,297795584,,,,,,,,2.927799941971898,,
1791471206.6904707,601172,frontend_frame,1570,0,22301,40,8,208156672,245366784,259211776,297795584,,,,,,,,,,
1791471206.823982,601172,tracking_feedback_accumulate,1571,,22301,,,212071424,289406976,259211776,297795584,,,,,,,,2.885600086301565,,
1791471206.8294866,601172,frontend_frame,1571,0,22301,40,8,213343744,291504128,259211776,297795584,,,,,,,,,,
1791471207.1597764,601172,tracking_feedback_accumulate,1572,,22301,,,201618432,291504128,259211776,297795584,,,,,,,,2.9234997928142548,,
1791471207.1647768,601172,frontend_frame,1572,0,22301,40,8,202890752,291504128,259211776,297795584,,,,,,,,,,
1791471207.4097958,601172,tracking_feedback_accumulate,1573,,22301,,,206805504,291504128,259211776,297795584,,,,,,,,2.8529998380690813,,
1791471207.4137974,601172,frontend_frame,1573,0,22301,40,8,208077824,291504128,259211776,297795584,,,,,,,,,,
1791471207.695981,601172,tracking_feedback_accumulate,1574,,22301,,,212156416,291504128,259211776,297795584,,,,,,,,2.705599879845977,,
1791471207.7019815,601172,frontend_frame,1574,0,22301,40,8,202892800,291504128,259211776,297795584,,,,,,,,,,
1791471208.0911398,601172,tracking_feedback_accumulate,1575,,22301,,,206725632,291504128,259211776,297795584,,,,,,,,2.8254000935703516,,
1791471208.099648,601172,frontend_frame,1575,0,22301,40,8,207997952,291504128,259211776,297795584,,,,,,,,,,
1791471208.4981859,601172,tracking_feedback_accumulate,1576,,22301,,,212076544,291504128,259211776,297795584,,,,,,,,2.8619999065995216,,
1791471208.5037248,601172,frontend_frame,1576,0,22301,40,8,213348864,291504128,259211776,297795584,,,,,,,,,,
1791471208.8092434,601172,tracking_feedback_accumulate,1577,,22301,,,201623552,291504128,259211776,297795584,,,,,,,,2.823099959641695,,
1791471208.814247,601172,frontend_frame,1577,0,22301,40,8,202895872,291504128,259211776,297795584,,,,,,,,,,
1791471208.9327652,601172,tracking_feedback_accumulate,1578,,22301,,,206810624,291504128,259211776,297795584,,,,,,,,2.9140000697225332,,
1791471208.9367652,601172,frontend_frame,1578,0,22301,40,8,208082944,291504128,259211776,297795584,,,,,,,,,,
1791471209.2991924,601172,tracking_feedback_accumulate,1579,,22301,,,201461760,291504128,259211776,297795584,,,,,,,,3.0682000797241926,,
1791471209.304192,601172,frontend_frame,1579,0,22301,40,8,202734080,291504128,259211776,297795584,,,,,,,,,,
1791471209.6777875,601172,tracking_feedback_accumulate,1580,,22301,,,206812672,291504128,259211776,297795584,,,,,,,,3.3400000538676977,,
1791471209.682788,601172,frontend_frame,1580,0,22301,40,8,208084992,266338304,259211776,297795584,,,,,,,,,,
1791471210.0129821,601172,tracking_feedback_accumulate,1581,,22301,,,212163584,289406976,259211776,297795584,,,,,,,,2.8645999263972044,,
1791471210.018982,601172,frontend_frame,1581,0,22301,40,8,202899968,289406976,259211776,297795584,,,,,,,,,,
1791471210.3965864,601172,tracking_feedback_accumulate,1582,,22301,,,206732800,289406976,259211776,297795584,,,,,,,,3.008000086992979,,
1791471210.4015877,601172,frontend_frame,1582,0,22301,40,8,208005120,289406976,259211776,297795584,,,,,,,,,,
1791471210.637156,601172,tracking_feedback_accumulate,1583,,22301,,,212083712,289406976,259211776,297795584,,,,,,,,2.8470000252127647,,
1791471210.6421564,601172,frontend_frame,1583,0,22301,40,8,213356032,291504128,259211776,297795584,,,,,,,,,,
1791471211.0435266,601172,tracking_feedback_accumulate,1584,,22301,,,201466880,291504128,259211776,297795584,,,,,,,,3.3610998652875423,,
1791471211.0496747,601172,frontend_frame,1584,0,22301,40,8,202739200,291504128,259211776,297795584,,,,,,,,,,
1791471211.4562232,601172,tracking_feedback_accumulate,1585,,22301,,,206817792,291504128,259211776,297795584,,,,,,,,3.3631999976933002,,
1791471211.4612231,601172,frontend_frame,1585,0,22301,40,8,208090112,291504128,259211776,297795584,,,,,,,,,,
1791471211.7782693,601172,tracking_feedback_accumulate,1586,,22301,,,212168704,291504128,259211776,297795584,,,,,,,,2.8361999429762363,,
1791471211.7842693,601172,frontend_frame,1586,0,22301,40,8,202905088,291504128,259211776,297795584,,,,,,,,,,
1791471212.1509967,601172,tracking_feedback_accumulate,1587,,22301,,,206819840,291504128,259211776,297795584,,,,,,,,2.9170000925660133,,
1791471212.154997,601172,frontend_frame,1587,0,22301,40,8,208092160,291504128,259211776,297795584,,,,,,,,,,
1791471212.4770868,601172,tracking_feedback_accumulate,1588,,22301,,,212006912,291504128,259211776,297795584,,,,,,,,2.861300017684698,,
1791471212.4820888,601172,frontend_frame,1588,0,22301,40,8,213279232,291504128,259211776,297795584,,,,,,,,,,
1791471212.8016844,601172,tracking_feedback_accumulate,1589,,22301,,,201553920,291504128,259211776,297795584,,,,,,,,3.079000161960721,,
1791471212.8056836,601172,frontend_frame,1589,0,22301,40,8,202826240,291504128,259211776,297795584,,,,,,,,,,
1791471213.1583085,601172,tracking_feedback_accumulate,1590,,22301,,,206904832,291504128,259211776,297795584,,,,,,,,3.1125000678002834,,
1791471213.1643105,601172,frontend_frame,1590,0,22301,40,8,208177152,245366784,259211776,297795584,,,,,,,,,,
1791471213.4809964,601172,tracking_feedback_accumulate,1591,,22301,,,212009984,289406976,259211776,297795584,,,,,,,,2.8858999721705914,,
1791471213.486998,601172,frontend_frame,1591,0,22301,40,8,202746368,289406976,259211776,297795584,,,,,,,,,,
1791471213.8904257,601172,tracking_feedback_accumulate,1592,,22301,,,206824960,289406976,259211776,297795584,,,,,,,,2.9122999403625727,,
1791471213.8954256,601172,frontend_frame,1592,0,22301,40,8,208097280,289406976,259211776,297795584,,,,,,,,,,
1791471214.2769115,601172,tracking_feedback_accumulate,1593,,22301,,,212175872,289406976,259211776,297795584,,,,,,,,2.900900086387992,,
1791471214.2819116,601172,frontend_frame,1593,0,22301,40,8,213448192,291504128,259211776,297795584,,,,,,,,,,
1791471214.5924945,601172,tracking_feedback_accumulate,1594,,22301,,,201559040,291504128,259211776,297795584,,,,,,,,2.88309995085001,,
1791471214.5974944,601172,frontend_frame,1594,0,22301,40,8,202831360,291504128,259211776,297795584,,,,,,,,,,
1791471214.9680302,601172,tracking_feedback_accumulate,1595,,22301,,,206746112,291504128,259211776,297795584,,,,,,,,2.8554999735206366,,
1791471214.9730327,601172,frontend_frame,1595,0,22301,40,8,208018432,291504128,259211776,297795584,,,,,,,,,,
1791471215.2037442,601172,tracking_feedback_accumulate,1596,,22301,,,201561088,291504128,259211776,297795584,,,,,,,,3.087499877437949,,
1791471215.2087443,601172,frontend_frame,1596,0,22301,40,8,202833408,291504128,259211776,297795584,,,,,,,,,,
1791471215.5978148,601172,tracking_feedback_accumulate,1597,,22301,,,206912000,291504128,259211776,297795584,,,,,,,,2.8435999993234873,,
1791471215.6018147,601172,frontend_frame,1597,0,22301,40,8,208184320,291504128,259211776,297795584,,,,,,,,,,
1791471215.8970792,601172,tracking_feedback_accumulate,1598,,22301,,,212099072,291504128,259211776,297795584,,,,,,,,2.8952001594007015,,
1791471215.9020798,601172,frontend_frame,1598,0,22301,40,8,202835456,291504128,259211776,297795584,,,,,,,,,,
1791471216.0943062,601172,tracking_feedback_accumulate,1599,,22301,,,206750208,291504128,259211776,297795584,,,,,,,,2.844099886715412,,
1791471216.0993063,601172,frontend_frame,1599,0,22301,40,8,208022528,291504128,259211776,297795584,,,,,,,,,,
1791471216.4235454,601172,tracking_feedback_accumulate,1600,,22301,,,212183040,291504128,259211776,297795584,,,,,,,,2.947000088170171,,
1791471216.4285455,601172,frontend_frame,1600,0,22301,40,8,213455360,270532608,259211776,297795584,,,,,,,,,,
1791471216.7616806,601172,tracking_feedback_accumulate,1601,,22301,,,201566208,291504128,259211776,297795584,,,,,,,,2.9389001429080963,,
1791471216.7656806,601172,frontend_frame,1601,0,22301,40,8,202838528,291504128,259211776,297795584,,,,,,,,,,
1791471217.1480005,601172,tracking_feedback_accumulate,1602,,22301,,,206917120,291504128,259211776,297795584,,,,,,,,2.9319999739527702,,
1791471217.1530006,601172,frontend_frame,1602,0,22301,40,8,208189440,291504128,259211776,297795584,,,,,,,,,,
1791471217.5397851,601172,tracking_feedback_accumulate,1603,,22301,,,212022272,291504128,259211776,297795584,,,,,,,,2.8132000006735325,,
1791471217.5447853,601172,frontend_frame,1603,0,22301,40,8,202758656,291504128,259211776,297795584,,,,,,,,,,
1791471217.9063795,601172,tracking_feedback_accumulate,1604,,22301,,,206919168,291504128,259211776,297795584,,,,,,,,2.794599859043956,,
1791471217.9103787,601172,frontend_frame,1604,0,22301,40,8,208191488,291504128,259211776,297795584,,,,,,,,,,
1791471218.2460787,601172,tracking_feedback_accumulate,1605,,22301,,,212106240,291504128,259211776,297795584,,,,,,,,2.8423001058399677,,
1791471218.2520785,601172,frontend_frame,1605,0,22301,40,8,213378560,291504128,259211776,297795584,,,,,,,,,,
1791471218.6456497,601172,tracking_feedback_accumulate,1606,,22301,,,201489408,291504128,259211776,297795584,,,,,,,,2.9480999801307917,,
1791471218.649649,601172,frontend_frame,1606,0,22301,40,8,202761728,291504128,259211776,297795584,,,,,,,,,,
1791471219.0312333,601172,tracking_feedback_accumulate,1607,,22301,,,206840320,291504128,259211776,297795584,,,,,,,,2.8522000648081303,,
1791471219.0358338,601172,frontend_frame,1607,0,22301,40,8,208112640,291504128,259211776,297795584,,,,,,,,,,
1791471219.3734741,601172,tracking_feedback_accumulate,1608,,22301,,,212191232,291504128,259211776,297795584,,,,,,,,2.8307000175118446,,
1791471219.3814752,601172,frontend_frame,1608,0,22301,40,8,202927616,291504128,259211776,297795584,,,,,,,,,,
1791471219.70304,601172,tracking_feedback_accumulate,1609,,22301,,,206842368,291504128,259211776,297795584,,,,,,,,2.841199981048703,,
1791471219.70804,601172,frontend_frame,1609,0,22301,40,8,208114688,291504128,259211776,297795584,,,,,,,,,,
1791471220.112721,601172,tracking_feedback_accumulate,1610,,22301,,,212193280,291504128,259211776,297795584,,,,,,,,2.96920002438128,,
1791471220.1187236,601172,frontend_frame,1610,0,22301,40,8,213465600,247463936,259211776,297795584,,,,,,,,,,
1791471220.5027626,601172,tracking_feedback_accumulate,1611,,22301,,,201576448,289406976,259211776,297795584,,,,,,,,3.1846000347286463,,
1791471220.5077624,601172,frontend_frame,1611,0,22301,40,8,202848768,289406976,259211776,297795584,,,,,,,,,,
1791471220.8343375,601172,tracking_feedback_accumulate,1612,,22301,,,206927360,289406976,259211776,297795584,,,,,,,,2.8207001741975546,,
1791471220.8393378,601172,frontend_frame,1612,0,22301,40,8,208199680,289406976,259211776,297795584,,,,,,,,,,
1791471221.2095084,601172,tracking_feedback_accumulate,1613,,22301,,,201496576,289406976,259211776,297795584,,,,,,,,3.172700060531497,,
1791471221.2145083,601172,frontend_frame,1613,0,22301,40,8,202768896,289406976,259211776,297795584,,,,,,,,,,
1791471221.595261,601172,tracking_feedback_accumulate,1614,,22301,,,206929408,289406976,259211776,297795584,,,,,,,,3.0600999016314745,,
1791471221.600261,601172,frontend_frame,1614,0,22301,40,8,208201728,289406976,259211776,297795584,,,,,,,,,,
1791471221.9804056,601172,tracking_feedback_accumulate,1615,,22301,,,212034560,289406976,259211776,297795584,,,,,,,,2.8568000998347998,,
1791471221.9854057,601172,frontend_frame,1615,0,22301,40,8,202770944,289406976,259211776,297795584,,,,,,,,,,
1791471222.3606353,601172,tracking_feedback_accumulate,1616,,22301,,,206849536,289406976,259211776,297795584,,,,,,,,2.900900086387992,,
1791471222.364637,601172,frontend_frame,1616,0,22301,40,8,208121856,289406976,259211776,297795584,,,,,,,,,,
1791471222.6833262,601172,tracking_feedback_accumulate,1617,,22301,,,212036608,289406976,259211776,297795584,,,,,,,,2.827600110322237,,
1791471222.6883261,601172,frontend_frame,1617,0,22301,40,8,213308928,291504128,259211776,297795584,,,,,,,,,,
1791471223.0398889,601172,tracking_feedback_accumulate,1618,,22301,,,201583616,291504128,259211776,297795584,,,,,,,,2.9769001994282007,,
1791471223.0448914,601172,frontend_frame,1618,0,22301,40,8,202855936,291504128,259211776,297795584,,,,,,,,,,
1791471223.330472,601172,tracking_feedback_accumulate,1619,,22301,,,206934528,291504128,259211776,297795584,,,,,,,,2.9273999389261007,,
1791471223.3349762,601172,frontend_frame,1619,0,22301,40,8,208206848,291504128,259211776,297795584,,,,,,,,,,
1791471223.6821132,601172,tracking_feedback_accumulate,1620,,22301,,,212121600,291504128,259211776,297795584,,,,,,,,2.820200053974986,,
1791471223.6881127,601172,frontend_frame,1620,0,22301,40,8,202857984,266338304,259211776,297795584,,,,,,,,,,
1791471224.030713,601172,tracking_feedback_accumulate,1621,,22301,,,206772736,287309824,259211776,297795584,,,,,,,,2.876000013202429,,
1791471224.0352175,601172,frontend_frame,1621,0,22301,40,8,208045056,287309824,259211776,297795584,,,,,,,,,,
1791471224.3934202,601172,tracking_feedback_accumulate,1622,,22301,,,212205568,289406976,259211776,297795584,,,,,,,,2.8057999443262815,,
1791471224.3984206,601172,frontend_frame,1622,0,22301,40,8,213477888,291504128,259211776,297795584,,,,,,,,,,
1791471224.804012,601172,tracking_feedback_accumulate,1623,,22301,,,201588736,291504128,259211776,297795584,,,,,,,,2.8783001471310854,,
1791471224.808012,601172,frontend_frame,1623,0,22301,40,8,202861056,291504128,259211776,297795584,,,,,,,,,,
1791471225.070698,601172,tracking_feedback_accumulate,1624,,22301,,,206939648,291504128,259211776,297795584,,,,,,,,2.8184999246150255,,
1791471225.075698,601172,frontend_frame,1624,0,22301,40,8,208211968,291504128,259211776,297795584,,,,,,,,,,
1791471225.4155219,601172,tracking_feedback_accumulate,1625,,22301,,,212126720,291504128,259211776,297795584,,,,,,,,2.9374000150710344,,
1791471225.420524,601172,frontend_frame,1625,0,22301,40,8,202863104,291504128,259211776,297795584,,,,,,,,,,
1791471225.7681189,601172,tracking_feedback_accumulate,1626,,22301,,,206777856,291504128,259211776,297795584,,,,,,,,2.993199974298477,,
1791471225.7731187,601172,frontend_frame,1626,0,22301,40,8,208050176,291504128,259211776,297795584,,,,,,,,,,
1791471226.1227834,601172,tracking_feedback_accumulate,1627,,22301,,,212210688,291504128,259211776,297795584,,,,,,,,3.165799891576171,,
1791471226.1277835,601172,frontend_frame,1627,0,22301,40,8,213483008,291504128,259211776,297795584,,,,,,,,,,
1791471226.5234149,601172,tracking_feedback_accumulate,1628,,22301,,,201511936,291504128,259211776,297795584,,,,,,,,2.9140000697225332,,
1791471226.5284147,601172,frontend_frame,1628,0,22301,40,8,202784256,291504128,259211776,297795584,,,,,,,,,,
1791471226.9004934,601172,tracking_feedback_accumulate,1629,,22301,,,206862848,291504128,259211776,297795584,,,,,,,,2.891700016334653,,
1791471226.9054933,601172,frontend_frame,1629,0,22301,40,8,208135168,291504128,259211776,297795584,,,,,,,,,,
1791471227.221175,601172,tracking_feedback_accumulate,1630,,22301,,,201513984,291504128,259211776,297795584,,,,,,,,2.9793998692184687,,
1791471227.226175,601172,frontend_frame,1630,0,22301,40,8,202786304,245366784,259211776,297795584,,,,,,,,,,
1791471227.6712472,601172,tracking_feedback_accumulate,1631,,22301,,,206946816,287309824,259211776,297795584,,,,,,,,2.8880999889224768,,
1791471227.6762474,601172,frontend_frame,1631,0,22301,40,8,208219136,287309824,259211776,297795584,,,,,,,,,,
1791471228.0493839,601172,tracking_feedback_accumulate,1632,,22301,,,212133888,289406976,259211776,297795584,,,,,,,,3.1059999018907547,,
1791471228.054386,601172,frontend_frame,1632,0,22301,40,8,202870272,289406976,259211776,297795584,,,,,,,,,,
1791471228.4635031,601172,tracking_feedback_accumulate,1633,,22301,,,206785024,289406976,259211776,297795584,,,,,,,,2.866400172933936,,
1791471228.4685028,601172,frontend_frame,1633,0,22301,40,8,208057344,289406976,259211776,297795584,,,,,,,,,,
1791471228.862577,601172,tracking_feedback_accumulate,1634,,22301,,,212217856,289406976,259211776,297795584,,,,,,,,3.48719977773726,,
1791471228.867577,601172,frontend_frame,1634,0,22301,40,8,213490176,291504128,259211776,297795584,,,,,,,,,,
1791471229.279379,601172,tracking_feedback_accumulate,1635,,22301,,,201601024,291504128,259211776,297795584,,,,,,,,2.9543000273406506,,
1791471229.2843792,601172,frontend_frame,1635,0,22301,40,8,202873344,291504128,259211776,297795584,,,,,,,,,,
1791471229.5859766,601172,tracking_feedback_accumulate,1636,,22301,,,206788096,291504128,259211776,297795584,,,,,,,,3.027099883183837,,
1791471229.5909765,601172,frontend_frame,1636,0,22301,40,8,208060416,291504128,259211776,297795584,,,,,,,,,,
1791471229.9981227,601172,tracking_feedback_accumulate,1637,,22301,,,212220928,291504128,259211776,297795584,,,,,,,,2.993099857121706,,
1791471230.0031233,601172,frontend_frame,1637,0,22301,40,8,202957312,291504128,259211776,297795584,,,,,,,,,,
1791471230.3505182,601172,tracking_feedback_accumulate,1638,,22301,,,206790144,291504128,259211776,297795584,,,,,,,,3.00279981456697,,
1791471230.355518,601172,frontend_frame,1638,0,22301,40,8,208062464,291504128,259211776,297795584,,,,,,,,,,
1791471230.635081,601172,tracking_feedback_accumulate,1639,,22301,,,212222976,291504128,259211776,297795584,,,,,,,,2.7318999636918306,,
1791471230.640585,601172,frontend_frame,1639,0,22301,40,8,213495296,291504128,259211776,297795584,,,,,,,,,,
1791471231.0397544,601172,tracking_feedback_accumulate,1640,,22301,,,201524224,291504128,259211776,297795584,,,,,,,,2.9231999069452286,,
1791471231.0447547,601172,frontend_frame,1640,0,22301,40,8,202796544,245366784,259211776,297795584,,,,,,,,,,
1791471231.4840407,601172,tracking_feedback_accumulate,1641,,22301,,,206875136,287309824,259211776,297795584,,,,,,,,2.9362000059336424,,
1791471231.4890409,601172,frontend_frame,1641,0,22301,40,8,208147456,287309824,259211776,297795584,,,,,,,,,,
1791471231.884303,601172,tracking_feedback_accumulate,1642,,22301,,,212062208,289406976,259211776,297795584,,,,,,,,2.9184999875724316,,
1791471231.8893032,601172,frontend_frame,1642,0,22301,40,8,202798592,289406976,259211776,297795584,,,,,,,,,,
1791471232.2295785,601172,tracking_feedback_accumulate,1643,,22301,,,206877184,289406976,259211776,297795584,,,,,,,,2.9362000059336424,,
1791471232.2335782,601172,frontend_frame,1643,0,22301,40,8,208149504,289406976,259211776,297795584,,,,,,,,,,
1791471232.6106765,601172,tracking_feedback_accumulate,1644,,22301,,,212228096,289406976,259211776,297795584,,,,,,,,2.858599880710244,,
1791471232.6166763,601172,frontend_frame,1644,0,22301,40,8,213500416,291504128,259211776,297795584,,,,,,,,,,
1791471232.9502084,601172,tracking_feedback_accumulate,1645,,22301,,,201529344,291504128,259211776,297795584,,,,,,,,2.893199911341071,,
1791471232.9542103,601172,frontend_frame,1645,0,22301,40,8,202801664,291504128,259211776,297795584,,,,,,,,,,
1791471233.3389661,601172,tracking_feedback_accumulate,1646,,22301,,,206880256,291504128,259211776,297795584,,,,,,,,2.938200021162629,,
1791471233.3434699,601172,frontend_frame,1646,0,22301,40,8,208152576,291504128,259211776,297795584,,,,,,,,,,
1791471233.68257,601172,tracking_feedback_accumulate,1647,,22301,,,201695232,291504128,259211776,297795584,,,,,,,,2.9601999558508396,,
1791471233.68657,601172,frontend_frame,1647,0,22301,40,8,202967552,291504128,259211776,297795584,,,,,,,,,,
1791471234.0322316,601172,tracking_feedback_accumulate,1648,,22301,,,206800384,291504128,259211776,297795584,,,,,,,,2.8460000175982714,,
1791471234.0372324,601172,frontend_frame,1648,0,22301,40,8,208072704,291504128,259211776,297795584,,,,,,,,,,
1791471234.210013,601172,tracking_feedback_accumulate,1649,,22301,,,212151296,291504128,259211776,297795584,,,,,,,,2.895499812439084,,
1791471234.216013,601172,frontend_frame,1649,0,22301,40,8,202887680,291504128,259211776,297795584,,,,,,,,,,
1791471234.5025628,601172,tracking_feedback_accumulate,1650,,22301,,,206966272,291504128,259211776,297795584,,,,,,,,2.834900049492717,,
1791471234.5075626,601172,frontend_frame,1650,0,22301,40,8,208238592,245366784,259211776,297795584,,,,,,,,,,
1791471234.8370721,601172,tracking_feedback_accumulate,1651,,22301,,,212071424,289406976,259211776,297795584,,,,,,,,2.8528000693768263,,
1791471234.8425763,601172,frontend_frame,1651,0,22301,40,8,213343744,291504128,259211776,297795584,,,,,,,,,,
1791471235.2357998,601172,tracking_feedback_accumulate,1652,,22301,,,201618432,291504128,259211776,297795584,,,,,,,,2.9380000196397305,,
1791471235.2397997,601172,frontend_frame,1652,0,22301,40,8,202890752,291504128,259211776,297795584,,,,,,,,,,
1791471235.6329188,601172,tracking_feedback_accumulate,1653,,22301,,,206969344,291504128,259211776,297795584,,,,,,,,2.774100052192807,,
1791471235.6369188,601172,frontend_frame,1653,0,22301,40,8,208241664,291504128,259211776,297795584,,,,,,,,,,
1791471236.0325077,601172,tracking_feedback_accumulate,1654,,22301,,,212156416,291504128,259211776,297795584,,,,,,,,2.8407000936567783,,
1791471236.037508,601172,frontend_frame,1654,0,22301,40,8,202892800,291504128,259211776,297795584,,,,,,,,,,
1791471236.4304497,601172,tracking_feedback_accumulate,1655,,22301,,,206807552,291504128,259211776,297795584,,,,,,,,2.9321000911295414,,
1791471236.4354496,601172,frontend_frame,1655,0,22301,40,8,208079872,291504128,259211776,297795584,,,,,,,,,,
1791471236.8396332,601172,tracking_feedback_accumulate,1656,,22301,,,212158464,291504128,259211776,297795584,,,,,,,,3.1193001195788383,,
1791471236.845141,601172,frontend_frame,1656,0,22301,40,8,213430784,291504128,259211776,297795584,,,,,,,,,,
1791471237.184163,601172,tracking_feedback_accumulate,1657,,22301,,,201705472,291504128,259211776,297795584,,,,,,,,3.1975999008864164,,
1791471237.1926723,601172,frontend_frame,1657,0,22301,40,8,202977792,291504128,259211776,297795584,,,,,,,,,,
1791471237.5087576,601172,tracking_feedback_accumulate,1658,,22301,,,206892544,291504128,259211776,297795584,,,,,,,,2.833999926224351,,
1791471237.5137572,601172,frontend_frame,1658,0,22301,40,8,208164864,291504128,259211776,297795584,,,,,,,,,,
1791471237.8907988,601172,tracking_feedback_accumulate,1659,,22301,,,212243456,291504128,259211776,297795584,,,,,,,,3.0505999457091093,,
1791471237.8967986,601172,frontend_frame,1659,0,22301,40,8,202979840,291504128,259211776,297795584,,,,,,,,,,
1791471238.2890387,601172,tracking_feedback_accumulate,1660,,22301,,,206894592,291504128,259211776,297795584,,,,,,,,2.867999952286482,,
1791471238.2940376,601172,frontend_frame,1660,0,22301,40,8,208166912,266338304,259211776,297795584,,,,,,,,,,
1791471238.607222,601172,tracking_feedback_accumulate,1661,,22301,,,212245504,291504128,259211776,297795584,,,,,,,,3.1461999751627445,,
1791471238.6132221,601172,frontend_frame,1661,0,22301,40,8,213517824,291504128,259211776,297795584,,,,,,,,,,
1791471238.9968097,601172,tracking_feedback_accumulate,1662,,22301,,,201546752,291504128,259211776,297795584,,,,,,,,2.901500090956688,,
1791471239.0018096,601172,frontend_frame,1662,0,22301,40,8,202819072,291504128,259211776,297795584,,,,,,,,,,
1791471239.2062945,601172,tracking_feedback_accumulate,1663,,22301,,,206979584,291504128,259211776,297795584,,,,,,,,3.1367000192403793,,
1791471239.2112947,601172,frontend_frame,1663,0,22301,40,8,208251904,291504128,259211776,297795584,,,,,,,,,,
1791471239.6084156,601172,tracking_feedback_accumulate,1664,,22301,,,201630720,291504128,259211776,297795584,,,,,,,,2.9065001290291548,,
1791471239.6134157,601172,frontend_frame,1664,0,22301,40,8,202903040,291504128,259211776,297795584,,,,,,,,,,
1791471239.9799495,601172,tracking_feedback_accumulate,1665,,22301,,,206817792,291504128,259211776,297795584,,,,,,,,2.892599906772375,,
1791471239.984521,601172,frontend_frame,1665,0,22301,40,8,208090112,291504128,259211776,297795584,,,,,,,,,,
1791471240.2332172,601172,tracking_feedback_accumulate,1666,,22301,,,212250624,291504128,259211776,297795584,,,,,,,,2.841999987140298,,
1791471240.238217,601172,frontend_frame,1666,0,22301,40,8,202987008,291504128,259211776,297795584,,,,,,,,,,
1791471240.6412818,601172,tracking_feedback_accumulate,1667,,22301,,,206901760,291504128,259211776,297795584,,,,,,,,2.916799858212471,,
1791471240.6457863,601172,frontend_frame,1667,0,22301,40,8,208174080,291504128,259211776,297795584,,,,,,,,,,
1791471240.9178097,601172,tracking_feedback_accumulate,1668,,22301,,,212252672,291504128,259211776,297795584,,,,,,,,2.936700126156211,,
1791471240.9238095,601172,frontend_frame,1668,0,22301,40,8,213524992,293601280,259211776,297795584,,,,,,,,,,
1791471241.3014944,601172,tracking_feedback_accumulate,1669,,22301,,,201635840,293601280,259211776,297795584,,,,,,,,3.1067999079823494,,
1791471241.3054943,601172,frontend_frame,1669,0,22301,40,8,202908160,293601280,259211776,297795584,,,,,,,,,,
1791471241.6326416,601172,tracking_feedback_accumulate,1670,,22301,,,206986752,293601280,259211776,297795584,,,,,,,,2.8323999140411615,,
1791471241.6386416,601172,frontend_frame,1670,0,22301,40,8,208259072,245366784,259211776,297795584,,,,,,,,,,
1791471242.0333085,601172,tracking_feedback_accumulate,1671,,22301,,,212173824,289406976,259211776,297795584,,,,,,,,2.8250999748706818,,
1791471242.0383086,601172,frontend_frame,1671,0,22301,40,8,202910208,289406976,259211776,297795584,,,,,,,,,,
1791471242.4437175,601172,tracking_feedback_accumulate,1672,,22301,,,206824960,289406976,259211776,297795584,,,,,,,,2.848499920219183,,
1791471242.4492261,601172,frontend_frame,1672,0,22301,40,8,208097280,289406976,259211776,297795584,,,,,,,,,,
1791471242.786786,601172,tracking_feedback_accumulate,1673,,22301,,,212257792,289406976,259211776,297795584,,,,,,,,2.9877000488340855,,
1791471242.8357892,601172,frontend_frame,1673,0,22301,41,8,217525760,291504128,259211776,297795584,,,,,,,,,,
1791471253.482186,601172,tracking_feedback_accumulate,1674,,22706,,,205584384,291504128,259211776,297795584,,,,,,,,2.898300066590309,,
1791471253.4871871,601172,frontend_frame,1674,0,22706,41,8,206958080,291504128,259211776,297795584,,,,,,,,,,
1791471253.8244767,601172,tracking_feedback_accumulate,1675,,22706,,,211118592,291504128,259211776,297795584,,,,,,,,2.9100000392645597,,
1791471253.8304765,601172,frontend_frame,1675,0,22706,41,8,212489728,291504128,259211776,297795584,,,,,,,,,,
1791471254.163431,601172,tracking_feedback_accumulate,1676,,22706,,,205670912,291504128,259211776,297795584,,,,,,,,3.0112999957054853,,
1791471254.167431,601172,frontend_frame,1676,0,22706,41,8,207042048,291504128,259211776,297795584,,,,,,,,,,
1791471254.481791,601172,tracking_feedback_accumulate,1677,,22706,,,211120640,291504128,259211776,297795584,,,,,,,,2.871899865567684,,
1791471254.485791,601172,frontend_frame,1677,0,22706,41,8,212491776,291504128,259211776,297795584,,,,,,,,,,
1791471254.812376,601172,tracking_feedback_accumulate,1678,,22706,,,216324608,291504128,259211776,297795584,,,,,,,,2.796600107103586,,
1791471254.817376,601172,frontend_frame,1678,0,22706,41,8,206962688,291504128,259211776,297795584,,,,,,,,,,
1791471255.280586,601172,tracking_feedback_accumulate,1679,,22706,,,211123200,291504128,259211776,297795584,,,,,,,,2.997900126501918,,
1791471255.284586,601172,frontend_frame,1679,0,22706,41,8,212494336,291504128,259211776,297795584,,,,,,,,,,
1791471255.6921642,601172,tracking_feedback_accumulate,1680,,22706,,,216327168,291504128,259211776,297795584,,,,,,,,2.91600008495152,,
1791471255.698164,601172,frontend_frame,1680,0,22706,41,8,217698304,270532608,259211776,297795584,,,,,,,,,,
1791471256.1178017,601172,tracking_feedback_accumulate,1681,,22706,,,205676544,291504128,259211776,297795584,,,,,,,,2.883800072595477,,
1791471256.121802,601172,frontend_frame,1681,0,22706,41,8,207047680,291504128,259211776,297795584,,,,,,,,,,
1791471256.508947,601172,tracking_feedback_accumulate,1682,,22706,,,210962432,291504128,259211776,297795584,,,,,,,,2.85619986243546,,
1791471256.513948,601172,frontend_frame,1682,0,22706,41,8,212333568,291504128,259211776,297795584,,,,,,,,,,
1791471256.9086008,601172,tracking_feedback_accumulate,1683,,22706,,,216494080,291504128,259211776,297795584,,,,,,,,2.980399876832962,,
1791471256.9135993,601172,frontend_frame,1683,0,22706,41,8,207131648,291504128,259211776,297795584,,,,,,,,,,
1791471257.284737,601172,tracking_feedback_accumulate,1684,,22706,,,211046400,291504128,259211776,297795584,,,,,,,,2.9247000347822905,,
1791471257.2887383,601172,frontend_frame,1684,0,22706,41,8,212417536,291504128,259211776,297795584,,,,,,,,,,
1791471257.6878495,601172,tracking_feedback_accumulate,1685,,22706,,,216332288,291504128,259211776,297795584,,,,,,,,2.8862999752163887,,
1791471257.6938503,601172,frontend_frame,1685,0,22706,41,8,217703424,291504128,259211776,297795584,,,,,,,,,,
1791471257.9658835,601172,tracking_feedback_accumulate,1686,,22706,,,205763584,291504128,259211776,297795584,,,,,,,,2.9745998326689005,,
1791471257.9739563,601172,frontend_frame,1686,0,22706,41,8,207134720,291504128,259211776,297795584,,,,,,,,,,
1791471258.3627064,601172,tracking_feedback_accumulate,1687,,22706,,,210967552,291504128,259211776,297795584,,,,,,,,2.9029001016169786,,
1791471258.3667061,601172,frontend_frame,1687,0,22706,41,8,212338688,291504128,259211776,297795584,,,,,,,,,,
1791471258.7088315,601172,tracking_feedback_accumulate,1688,,22706,,,216499200,291504128,259211776,297795584,,,,,,,,2.872199984267354,,
1791471258.7138314,601172,frontend_frame,1688,0,22706,41,8,207136768,291504128,259211776,297795584,,,,,,,,,,
1791471258.989421,601172,tracking_feedback_accumulate,1689,,22706,,,211051520,291504128,259211776,297795584,,,,,,,,2.940800040960312,,
1791471258.994421,601172,frontend_frame,1689,0,22706,41,8,212422656,291504128,259211776,297795584,,,,,,,,,,
1791471259.2446012,601172,tracking_feedback_accumulate,1690,,22706,,,216501248,291504128,259211776,297795584,,,,,,,,2.816000021994114,,
1791471259.250106,601172,frontend_frame,1690,0,22706,41,8,217872384,270532608,259211776,297795584,,,,,,,,,,
1791471259.5353966,601172,tracking_feedback_accumulate,1691,,22706,,,205604864,291504128,259211776,297795584,,,,,,,,2.843499882146716,,
1791471259.539396,601172,frontend_frame,1691,0,22706,41,8,206976000,291504128,259211776,297795584,,,,,,,,,,
1791471259.955439,601172,tracking_feedback_accumulate,1692,,22706,,,211054592,291504128,259211776,297795584,,,,,,,,3.5086001735180616,,
1791471259.9599435,601172,frontend_frame,1692,0,22706,41,8,212425728,291504128,259211776,297795584,,,,,,,,,,
1791471260.3770893,601172,tracking_feedback_accumulate,1693,,22706,,,205770752,291504128,259211776,297795584,,,,,,,,2.9637000989168882,,
1791471260.3820894,601172,frontend_frame,1693,0,22706,41,8,207141888,291504128,259211776,297795584,,,,,,,,,,
1791471260.7241535,601172,tracking_feedback_accumulate,1694,,22706,,,210974720,291504128,259211776,297795584,,,,,,,,2.927000168710947,,
1791471260.7281547,601172,frontend_frame,1694,0,22706,41,8,212345856,291504128,259211776,297795584,,,,,,,,,,
1791471261.0352316,601172,tracking_feedback_accumulate,1695,,22706,,,216424448,291504128,259211776,297795584,,,,,,,,2.8794000390917063,,
1791471261.0402317,601172,frontend_frame,1695,0,22706,41,8,207062016,291504128,259211776,297795584,,,,,,,,,,
1791471261.2217479,601172,tracking_feedback_accumulate,1696,,22706,,,211140608,291504128,259211776,297795584,,,,,,,,2.939400030300021,,
1791471261.226748,601172,frontend_frame,1696,0,22706,41,8,212511744,291504128,259211776,297795584,,,,,,,,,,
1791471261.5886025,601172,tracking_feedback_accumulate,1697,,22706,,,216426496,291504128,259211776,297795584,,,,,,,,3.0972000677138567,,
1791471261.5946023,601172,frontend_frame,1697,0,22706,41,8,217797632,293601280,259211776,297795584,,,,,,,,,,
1791471261.9883213,601172,tracking_feedback_accumulate,1698,,22706,,,205612032,293601280,259211776,297795584,,,,,,,,2.9424000531435013,,
1791471261.9933214,601172,frontend_frame,1698,0,22706,41,8,206983168,293601280,259211776,297795584,,,,,,,,,,
1791471262.374485,601172,tracking_feedback_accumulate,1699,,22706,,,211143680,293601280,259211776,297795584,,,,,,,,3.053600201383233,,
1791471262.3794851,601172,frontend_frame,1699,0,22706,41,8,212514816,293601280,259211776,297795584,,,,,,,,,,
1791471262.8175843,601172,tracking_feedback_accumulate,1700,,22706,,,216429568,293601280,259211776,297795584,,,,,,,,2.8593000024557114,,
1791471262.8235843,601172,frontend_frame,1700,0,22706,41,8,207067136,268435456,259211776,297795584,,,,,,,,,,
1791471263.2128792,601172,tracking_feedback_accumulate,1701,,22706,,,211145728,289406976,259211776,297795584,,,,,,,,3.2025999389588833,,
1791471263.218879,601172,frontend_frame,1701,0,22706,41,8,212516864,289406976,259211776,297795584,,,,,,,,,,
1791471263.5805326,601172,tracking_feedback_accumulate,1702,,22706,,,216431616,291504128,259211776,297795584,,,,,,,,2.7894999366253614,,
1791471263.5855324,601172,frontend_frame,1702,0,22706,41,8,217802752,291504128,259211776,297795584,,,,,,,,,,
1791471263.9395611,601172,tracking_feedback_accumulate,1703,,22706,,,205780992,291504128,259211776,297795584,,,,,,,,2.7916000690311193,,
1791471263.9450655,601172,frontend_frame,1703,0,22706,41,8,207152128,291504128,259211776,297795584,,,,,,,,,,
1791471264.2673256,601172,tracking_feedback_accumulate,1704,,22706,,,210984960,291504128,259211776,297795584,,,,,,,,2.994899870827794,,
1791471264.271326,601172,frontend_frame,1704,0,22706,41,8,212356096,291504128,259211776,297795584,,,,,,,,,,
1791471264.6571558,601172,tracking_feedback_accumulate,1705,,22706,,,216434688,291504128,259211776,297795584,,,,,,,,2.9405001550912857,,
1791471264.6626601,601172,frontend_frame,1705,0,22706,41,8,207072256,291504128,259211776,297795584,,,,,,,,,,
1791471264.9877365,601172,tracking_feedback_accumulate,1706,,22706,,,211150848,291504128,259211776,297795584,,,,,,,,3.2028998248279095,,
1791471264.9927366,601172,frontend_frame,1706,0,22706,41,8,212521984,291504128,259211776,297795584,,,,,,,,,,
1791471265.3528621,601172,tracking_feedback_accumulate,1707,,22706,,,216354816,291504128,259211776,297795584,,,,,,,,2.9256001580506563,,
1791471265.3588636,601172,frontend_frame,1707,0,22706,41,8,217725952,293601280,259211776,297795584,,,,,,,,,,
1791471265.774556,601172,tracking_feedback_accumulate,1708,,22706,,,205704192,293601280,259211776,297795584,,,,,,,,3.0888000037521124,,
1791471265.7795558,601172,frontend_frame,1708,0,22706,41,8,207075328,293601280,259211776,297795584,,,,,,,,,,
1791471266.1667128,601172,tracking_feedback_accumulate,1709,,22706,,,211153920,293601280,259211776,297795584,,,,,,,,3.154000034555793,,
1791471266.1717134,601172,frontend_frame,1709,0,22706,41,8,212525056,293601280,259211776,297795584,,,,,,,,,,
1791471266.5598795,601172,tracking_feedback_accumulate,1710,,22706,,,205624320,293601280,259211776,297795584,,,,,,,,2.889900002628565,,
1791471266.5648818,601172,frontend_frame,1710,0,22706,41,8,206995456,268435456,259211776,297795584,,,,,,,,,,
1791471266.9664888,601172,tracking_feedback_accumulate,1711,,22706,,,211155968,289406976,259211776,297795584,,,,,,,,2.883399836719036,,
1791471266.971997,601172,frontend_frame,1711,0,22706,41,8,212527104,289406976,259211776,297795584,,,,,,,,,,
1791471267.269102,601172,tracking_feedback_accumulate,1712,,22706,,,216359936,291504128,259211776,297795584,,,,,,,,2.95559992082417,,
1791471267.274102,601172,frontend_frame,1712,0,22706,41,8,206997504,291504128,259211776,297795584,,,,,,,,,,
1791471267.6668043,601172,tracking_feedback_accumulate,1713,,22706,,,211158016,291504128,259211776,297795584,,,,,,,,2.8681999538093805,,
1791471267.671804,601172,frontend_frame,1713,0,22706,41,8,212529152,291504128,259211776,297795584,,,,,,,,,,
1791471268.0183902,601172,tracking_feedback_accumulate,1714,,22706,,,216361984,291504128,259211776,297795584,,,,,,,,3.162799868732691,,
1791471268.0243902,601172,frontend_frame,1714,0,22706,41,8,217733120,293601280,259211776,297795584,,,,,,,,,,
1791471268.4183218,601172,tracking_feedback_accumulate,1715,,22706,,,205793280,293601280,259211776,297795584,,,,,,,,2.857699990272522,,
1791471268.423323,601172,frontend_frame,1715,0,22706,41,8,207164416,293601280,259211776,297795584,,,,,,,,,,
1791471268.833468,601172,tracking_feedback_accumulate,1716,,22706,,,211079168,293601280,259211776,297795584,,,,,,,,2.8468999080359936,,
1791471268.8384686,601172,frontend_frame,1716,0,22706,41,8,212450304,293601280,259211776,297795584,,,,,,,,,,
1791471269.118101,601172,tracking_feedback_accumulate,1717,,22706,,,216528896,293601280,259211776,297795584,,,,,,,,2.83989985473454,,
1791471269.123101,601172,frontend_frame,1717,0,22706,41,8,207166464,293601280,259211776,297795584,,,,,,,,,,
1791471269.474153,601172,tracking_feedback_accumulate,1718,,22706,,,210999296,293601280,259211776,297795584,,,,,,,,3.0167000368237495,,
1791471269.479153,601172,frontend_frame,1718,0,22706,41,8,212370432,293601280,259211776,297795584,,,,,,,,,,
1791471269.8732355,601172,tracking_feedback_accumulate,1719,,22706,,,216449024,293601280,259211776,297795584,,,,,,,,2.8967000544071198,,
1791471269.8792353,601172,frontend_frame,1719,0,22706,41,8,217820160,293601280,259211776,297795584,,,,,,,,,,
1791471270.1504662,601172,tracking_feedback_accumulate,1720,,22706,,,205798400,293601280,259211776,297795584,,,,,,,,3.2879000063985586,,
1791471270.155468,601172,frontend_frame,1720,0,22706,41,8,207169536,268435456,259211776,297795584,,,,,,,,,,
1791471270.5816083,601172,tracking_feedback_accumulate,1721,,22706,,,211084288,289406976,259211776,297795584,,,,,,,,2.8257998637855053,,
1791471270.5866082,601172,frontend_frame,1721,0,22706,41,8,212455424,289406976,259211776,297795584,,,,,,,,,,
1791471270.9626381,601172,tracking_feedback_accumulate,1722,,22706,,,216534016,291504128,259211776,297795584,,,,,,,,3.0728999990969896,,
1791471270.9666378,601172,frontend_frame,1722,0,22706,41,8,207171584,291504128,259211776,297795584,,,,,,,,,,
1791471271.2819777,601172,tracking_feedback_accumulate,1723,,22706,,,211004416,291504128,259211776,297795584,,,,,,,,3.0155000276863575,,
1791471271.285978,601172,frontend_frame,1723,0,22706,41,8,212375552,291504128,259211776,297795584,,,,,,,,,,
1791471271.6756306,601172,tracking_feedback_accumulate,1724,,22706,,,216536064,291504128,259211776,297795584,,,,,,,,2.870099851861596,,
1791471271.6816304,601172,frontend_frame,1724,0,22706,41,8,217907200,293601280,259211776,297795584,,,,,,,,,,
1791471272.0007327,601172,tracking_feedback_accumulate,1725,,22706,,,205639680,293601280,259211776,297795584,,,,,,,,2.8554999735206366,,
1791471272.004733,601172,frontend_frame,1725,0,22706,41,8,207010816,293601280,259211776,297795584,,,,,,,,,,
1791471272.4259148,601172,tracking_feedback_accumulate,1726,,22706,,,211171328,293601280,259211776,297795584,,,,,,,,2.8655000496655703,,
1791471272.429915,601172,frontend_frame,1726,0,22706,41,8,212542464,293601280,259211776,297795584,,,,,,,,,,
1791471272.760477,601172,tracking_feedback_accumulate,1727,,22706,,,205723648,293601280,259211776,297795584,,,,,,,,2.95290001668036,,
1791471272.7659822,601172,frontend_frame,1727,0,22706,41,8,207094784,293601280,259211776,297795584,,,,,,,,,,
1791471273.1876733,601172,tracking_feedback_accumulate,1728,,22706,,,211173376,293601280,259211776,297795584,,,,,,,,2.949800109490752,,
1791471273.1926732,601172,frontend_frame,1728,0,22706,41,8,212544512,293601280,259211776,297795584,,,,,,,,,,
1791471273.597398,601172,tracking_feedback_accumulate,1729,,22706,,,216377344,293601280,259211776,297795584,,,,,,,,2.8050001710653305,,
1791471273.6023982,601172,frontend_frame,1729,0,22706,41,8,207014912,293601280,259211776,297795584,,,,,,,,,,
1791471273.9750857,601172,tracking_feedback_accumulate,1730,,22706,,,211175424,293601280,259211776,297795584,,,,,,,,2.866599941626191,,
1791471273.9800856,601172,frontend_frame,1730,0,22706,41,8,212546560,247463936,259211776,297795584,,,,,,,,,,
1791471274.3783906,601172,tracking_feedback_accumulate,1731,,22706,,,216461312,291504128,259211776,297795584,,,,,,,,2.828200114890933,,
1791471274.3833907,601172,frontend_frame,1731,0,22706,41,8,217832448,293601280,259211776,297795584,,,,,,,,,,
1791471274.7529569,601172,tracking_feedback_accumulate,1732,,22706,,,205810688,293601280,259211776,297795584,,,,,,,,2.872199984267354,,
1791471274.8024607,601172,frontend_frame,1732,0,22706,42,8,211177472,293601280,259211776,297795584,,,,,,,,,,
1791471285.5708466,601172,tracking_feedback_accumulate,1733,,23293,,,215048192,293601280,259211776,297795584,,,,,,,,2.8736998792737722,,
1791471285.5758464,601172,frontend_frame,1733,0,23293,42,8,216554496,293601280,259211776,297795584,,,,,,,,,,
1791471286.0249135,601172,tracking_feedback_accumulate,1734,,23293,,,209850368,293601280,263521792,297795584,,,,,,,,2.7670999988913536,,
1791471286.0294175,601172,frontend_frame,1734,0,23293,42,8,211352576,293601280,263521792,297795584,,,,,,,,,,
1791471286.4210482,601172,tracking_feedback_accumulate,1735,,23293,,,215267328,293601280,263521792,297795584,,,,,,,,2.886399859562516,,
1791471286.426048,601172,frontend_frame,1735,0,23293,42,8,216769536,293601280,263521792,297795584,,,,,,,,,,
1791471286.818308,601172,tracking_feedback_accumulate,1736,,23293,,,220684288,314572800,263655424,314572800,,,,,,,,2.9144000727683306,,
1791471286.8243082,601172,frontend_frame,1736,0,23293,42,8,211190784,314572800,263655424,314572800,,,,,,,,,,
1791471287.2376475,601172,tracking_feedback_accumulate,1737,,23293,,,215269376,314572800,263655424,314572800,,,,,,,,2.8882999904453754,,
1791471287.2416477,601172,frontend_frame,1737,0,23293,42,8,216772096,314572800,263655424,314572800,,,,,,,,,,
1791471287.6381083,601172,tracking_feedback_accumulate,1738,,23293,,,220686848,314572800,263657984,314572800,,,,,,,,2.9054000042378902,,
1791471287.6441083,601172,frontend_frame,1738,0,23293,42,8,222189056,314572800,263657984,314572800,,,,,,,,,,
1791471288.1082602,601172,tracking_feedback_accumulate,1739,,23293,,,209856000,314572800,263657984,314572800,,,,,,,,2.873700112104416,,
1791471288.11226,601172,frontend_frame,1739,0,23293,42,8,211358208,314572800,263657984,314572800,,,,,,,,,,
1791471288.4623377,601172,tracking_feedback_accumulate,1740,,23293,,,215272960,314572800,263657984,314572800,,,,,,,,2.9181998688727617,,
1791471288.468338,601172,frontend_frame,1740,0,23293,42,8,216775168,266338304,263657984,314572800,,,,,,,,,,
1791471288.8600388,601172,tracking_feedback_accumulate,1741,,23293,,,220689920,312475648,263661056,314572800,,,,,,,,2.957400167360902,,
1791471288.8650386,601172,frontend_frame,1741,0,23293,42,8,211196416,312475648,263661056,314572800,,,,,,,,,,
1791471289.2788444,601172,tracking_feedback_accumulate,1742,,23293,,,215275008,312475648,263661056,314572800,,,,,,,,2.811499871313572,,
1791471289.2838445,601172,frontend_frame,1742,0,23293,42,8,216777216,312475648,263661056,314572800,,,,,,,,,,
1791471289.5995364,601172,tracking_feedback_accumulate,1743,,23293,,,220855808,312475648,263663104,314572800,,,,,,,,2.9193998780101538,,
1791471289.6055362,601172,frontend_frame,1743,0,23293,42,8,222358016,314572800,263663104,314572800,,,,,,,,,,
1791471289.9936256,601172,tracking_feedback_accumulate,1744,,23293,,,209697280,314572800,263663104,314572800,,,,,,,,2.9329999815672636,,
1791471289.9986246,601172,frontend_frame,1744,0,23293,42,8,211199488,314572800,263663104,314572800,,,,,,,,,,
1791471290.412216,601172,tracking_feedback_accumulate,1745,,23293,,,215278080,314572800,263663104,314572800,,,,,,,,2.8382001910358667,,
1791471290.4162164,601172,frontend_frame,1745,0,23293,42,8,216780288,314572800,263663104,314572800,,,,,,,,,,
1791471290.8334563,601172,tracking_feedback_accumulate,1746,,23293,,,220695040,314572800,263666176,314572800,,,,,,,,3.118199994787574,,
1791471290.8384564,601172,frontend_frame,1746,0,23293,42,8,211201536,314572800,263666176,314572800,,,,,,,,,,
1791471291.1137173,601172,tracking_feedback_accumulate,1747,,23293,,,215362048,314572800,263666176,314572800,,,,,,,,2.867999952286482,,
1791471291.1187172,601172,frontend_frame,1747,0,23293,42,8,216864256,314572800,263666176,314572800,,,,,,,,,,
1791471291.5224118,601172,tracking_feedback_accumulate,1748,,23293,,,220779008,314572800,263673344,314572800,,,,,,,,2.9823000077158213,,
1791471291.527412,601172,frontend_frame,1748,0,23293,42,8,211285504,314572800,263673344,314572800,,,,,,,,,,
1791471291.92954,601172,tracking_feedback_accumulate,1749,,23293,,,215200256,314572800,263673344,314572800,,,,,,,,2.9763998463749886,,
1791471291.9345396,601172,frontend_frame,1749,0,23293,42,8,216702464,314572800,263673344,314572800,,,,,,,,,,
1791471292.3756478,601172,tracking_feedback_accumulate,1750,,23293,,,220781056,314572800,263674880,314572800,,,,,,,,2.97919986769557,,
1791471292.3816488,601172,frontend_frame,1750,0,23293,42,8,222283264,272629760,263674880,314572800,,,,,,,,,,
1791471292.7164202,601172,tracking_feedback_accumulate,1751,,23293,,,215366144,314572800,263674880,314572800,,,,,,,,2.830399898812175,,
1791471292.7204201,601172,frontend_frame,1751,0,23293,42,8,216868352,314572800,263674880,314572800,,,,,,,,,,
1791471293.0500963,601172,tracking_feedback_accumulate,1752,,23293,,,220701184,314572800,263677440,314572800,,,,,,,,2.85950000397861,,
1791471293.0550964,601172,frontend_frame,1752,0,23293,42,8,222203392,314572800,263677440,314572800,,,,,,,,,,
1791471293.386631,601172,tracking_feedback_accumulate,1753,,23293,,,226363904,318767104,269175808,318767104,,,,,,,,2.775000175461173,,
1791471293.3916306,601172,frontend_frame,1753,0,23293,42,8,216870400,318767104,269175808,318767104,,,,,,,,,,
1791471293.7443287,601172,tracking_feedback_accumulate,1754,,23293,,,220785152,318767104,269175808,318767104,,,,,,,,2.7718001510947943,,
1791471293.7503285,601172,frontend_frame,1754,0,23293,42,8,222287360,318767104,269175808,318767104,,,,,,,,,,
1791471294.0659487,601172,tracking_feedback_accumulate,1755,,23293,,,226202112,318767104,269175808,318767104,,,,,,,,2.9561000410467386,,
1791471294.0709488,601172,frontend_frame,1755,0,23293,42,8,227704320,320864256,269175808,320864256,,,,,,,,,,
1791471294.5267828,601172,tracking_feedback_accumulate,1756,,23293,,,215289344,320864256,269175808,320864256,,,,,,,,2.8804000467061996,,
1791471294.5317826,601172,frontend_frame,1756,0,23293,42,8,216791552,320864256,269175808,320864256,,,,,,,,,,
1791471294.9358237,601172,tracking_feedback_accumulate,1757,,23293,,,220706304,320864256,269175808,320864256,,,,,,,,3.149100113660097,,
1791471294.9418244,601172,frontend_frame,1757,0,23293,42,8,222208512,320864256,269175808,320864256,,,,,,,,,,
1791471295.1939924,601172,tracking_feedback_accumulate,1758,,23293,,,226287104,320864256,269180928,320864256,,,,,,,,2.9178999830037355,,
1791471295.199991,601172,frontend_frame,1758,0,23293,42,8,216793600,320864256,269180928,320864256,,,,,,,,,,
1791471295.5952215,601172,tracking_feedback_accumulate,1759,,23293,,,220872192,320864256,269180928,320864256,,,,,,,,2.817900152876973,,
1791471295.6002214,601172,frontend_frame,1759,0,23293,42,8,222374400,320864256,269180928,320864256,,,,,,,,,,
1791471295.9988177,601172,tracking_feedback_accumulate,1760,,23293,,,226289152,320864256,269183488,320864256,,,,,,,,2.785200020298362,,
1791471296.0038178,601172,frontend_frame,1760,0,23293,42,8,227791360,276824064,269183488,320864256,,,,,,,,,,
1791471296.2664118,601172,tracking_feedback_accumulate,1761,,23293,,,215376384,318767104,269183488,320864256,,,,,,,,3.010600106790662,,
1791471296.2704117,601172,frontend_frame,1761,0,23293,42,8,216878592,318767104,269183488,320864256,,,,,,,,,,
1791471296.6481502,601172,tracking_feedback_accumulate,1762,,23293,,,220711424,318767104,269183488,320864256,,,,,,,,2.887299982830882,,
1791471296.6531498,601172,frontend_frame,1762,0,23293,42,8,222213632,318767104,269183488,320864256,,,,,,,,,,
1791471297.0558581,601172,tracking_feedback_accumulate,1763,,23293,,,226374144,318767104,269186048,320864256,,,,,,,,2.9702000319957733,,
1791471297.0618575,601172,frontend_frame,1763,0,23293,42,8,216880640,318767104,269186048,320864256,,,,,,,,,,
1791471297.4563923,601172,tracking_feedback_accumulate,1764,,23293,,,220713472,318767104,269186048,320864256,,,,,,,,2.691500121727586,,
1791471297.461392,601172,frontend_frame,1764,0,23293,42,8,222215680,318767104,269186048,320864256,,,,,,,,,,
1791471297.6690204,601172,tracking_feedback_accumulate,1765,,23293,,,226376192,318767104,269188096,320864256,,,,,,,,2.805700059980154,,
1791471297.6750207,601172,frontend_frame,1765,0,23293,42,8,211384832,318767104,269188096,320864256,,,,,,,,,,
1791471298.131178,601172,tracking_feedback_accumulate,1766,,23293,,,215299584,318767104,269188096,320864256,,,,,,,,3.082699840888381,,
1791471298.136178,601172,frontend_frame,1766,0,23293,42,8,216801792,318767104,269188096,320864256,,,,,,,,,,
1791471298.5001504,601172,tracking_feedback_accumulate,1767,,23293,,,220716544,318767104,269188096,320864256,,,,,,,,2.893500030040741,,
1791471298.5051508,601172,frontend_frame,1767,0,23293,42,8,222218752,318767104,269188096,320864256,,,,,,,,,,
1791471298.8487928,601172,tracking_feedback_accumulate,1768,,23293,,,215383552,318767104,269188096,320864256,,,,,,,,3.118599997833371,,
1791471298.853793,601172,frontend_frame,1768,0,23293,42,8,216885760,318767104,269188096,320864256,,,,,,,,,,
1791471299.2690532,601172,tracking_feedback_accumulate,1769,,23293,,,220800512,318767104,269188096,320864256,,,,,,,,2.8264999855309725,,
1791471299.2730532,601172,frontend_frame,1769,0,23293,42,8,222302720,318767104,269188096,320864256,,,,,,,,,,
1791471299.6223075,601172,tracking_feedback_accumulate,1770,,23293,,,226217472,318767104,269188608,320864256,,,,,,,,3.197500016540289,,
1791471299.6283073,601172,frontend_frame,1770,0,23293,42,8,216723968,272629760,269188608,320864256,,,,,,,,,,
1791471299.970333,601172,tracking_feedback_accumulate,1771,,23293,,,220884480,293601280,269188608,320864256,,,,,,,,3.232999937608838,,
1791471299.9753332,601172,frontend_frame,1771,0,23293,42,8,222386688,293601280,269188608,320864256,,,,,,,,,,
1791471300.365064,601172,tracking_feedback_accumulate,1772,,23293,,,226301440,297795584,269195776,320864256,,,,,,,,2.925200155004859,,
1791471300.3700638,601172,frontend_frame,1772,0,23293,42,8,227803648,299892736,269195776,320864256,,,,,,,,,,
1791471300.7709136,601172,tracking_feedback_accumulate,1773,,23293,,,215388672,320864256,269195776,320864256,,,,,,,,3.001099918037653,,
1791471300.7759135,601172,frontend_frame,1773,0,23293,42,8,216890880,320864256,269195776,320864256,,,,,,,,,,
1791471301.178572,601172,tracking_feedback_accumulate,1774,,23293,,,220723712,320864256,269195776,320864256,,,,,,,,2.9353999998420477,,
1791471301.1835742,601172,frontend_frame,1774,0,23293,42,8,222225920,320864256,269195776,320864256,,,,,,,,,,
1791471301.6107786,601172,tracking_feedback_accumulate,1775,,23293,,,226386432,320864256,269198336,320864256,,,,,,,,2.965700114145875,,
1791471301.6157782,601172,frontend_frame,1775,0,23293,42,8,216892928,320864256,269198336,320864256,,,,,,,,,,
1791471302.0809917,601172,tracking_feedback_accumulate,1776,,23293,,,220725760,320864256,269198336,320864256,,,,,,,,3.004400059580803,,
1791471302.0849922,601172,frontend_frame,1776,0,23293,42,8,222227968,320864256,269198336,320864256,,,,,,,,,,
1791471302.4175167,601172,tracking_feedback_accumulate,1777,,23293,,,226306560,320864256,269200384,320864256,,,,,,,,3.0477000400424004,,
1791471302.4215157,601172,frontend_frame,1777,0,23293,42,8,227808768,320864256,269200384,320864256,,,,,,,,,,
1791471302.8833354,601172,tracking_feedback_accumulate,1778,,23293,,,215393792,320864256,269200384,320864256,,,,,,,,2.926900051534176,,
1791471302.8873355,601172,frontend_frame,1778,0,23293,42,8,216896000,320864256,269200384,320864256,,,,,,,,,,
1791471303.2755232,601172,tracking_feedback_accumulate,1779,,23293,,,220810752,320864256,269200384,320864256,,,,,,,,2.887600101530552,,
1791471303.2800248,601172,frontend_frame,1779,0,23293,42,8,222312960,320864256,269200384,320864256,,,,,,,,,,
1791471303.6896412,601172,tracking_feedback_accumulate,1780,,23293,,,226391552,320864256,269200384,320864256,,,,,,,,5.734200123697519,,
1791471303.6986403,601172,frontend_frame,1780,0,23293,42,8,216898048,272629760,269200384,320864256,,,,,,,,,,
1791471304.113792,601172,tracking_feedback_accumulate,1781,,23293,,,220812800,293601280,269200384,320864256,,,,,,,,3.200500039383769,,
1791471304.117792,601172,frontend_frame,1781,0,23293,42,8,222315008,293601280,269200384,320864256,,,,,,,,,,
1791471304.4778943,601172,tracking_feedback_accumulate,1782,,23293,,,226229760,318767104,269200896,320864256,,,,,,,,2.8747001197189093,,
1791471304.4834025,601172,frontend_frame,1782,0,23293,42,8,227731968,320864256,269200896,320864256,,,,,,,,,,
1791471304.8790727,601172,tracking_feedback_accumulate,1783,,23293,,,215398912,320864256,269200896,320864256,,,,,,,,6.005700211971998,,
1791471304.8862543,601172,frontend_frame,1783,0,23293,42,8,216901120,320864256,269200896,320864256,,,,,,,,,,
1791471305.3463771,601172,tracking_feedback_accumulate,1784,,23293,,,220733952,320864256,269200896,320864256,,,,,,,,2.889900002628565,,
1791471305.3513772,601172,frontend_frame,1784,0,23293,42,8,222236160,320864256,269200896,320864256,,,,,,,,,,
1791471305.727016,601172,tracking_feedback_accumulate,1785,,23293,,,215319040,320864256,269200896,320864256,,,,,,,,2.909800037741661,,
1791471305.732018,601172,frontend_frame,1785,0,23293,42,8,216821248,320864256,269200896,320864256,,,,,,,,,,
1791471306.121187,601172,tracking_feedback_accumulate,1786,,23293,,,220736000,320864256,269200896,320864256,,,,,,,,2.906200010329485,,
1791471306.126189,601172,frontend_frame,1786,0,23293,42,8,222238208,320864256,269200896,320864256,,,,,,,,,,
1791471306.5258021,601172,tracking_feedback_accumulate,1787,,23293,,,226398720,320864256,269210624,320864256,,,,,,,,2.7979000005871058,,
1791471306.5318413,601172,frontend_frame,1787,0,23293,42,8,216905216,320864256,269210624,320864256,,,,,,,,,,
1791471306.9364908,601172,tracking_feedback_accumulate,1788,,23293,,,220819968,320864256,269210624,320864256,,,,,,,,2.927300054579973,,
1791471306.9414914,601172,frontend_frame,1788,0,23293,42,8,222322176,320864256,269210624,320864256,,,,,,,,,,
1791471307.397627,601172,tracking_feedback_accumulate,1789,,23293,,,226400768,320864256,269210624,320864256,,,,,,,,3.1120998319238424,,
1791471307.401627,601172,frontend_frame,1789,0,23293,42,8,227902976,320864256,269210624,320864256,,,,,,,,,,
1791471307.7498705,601172,tracking_feedback_accumulate,1790,,23293,,,215324160,320864256,269210624,320864256,,,,,,,,2.8035000432282686,,
1791471307.7558706,601172,frontend_frame,1790,0,23293,42,8,216826368,272629760,269210624,320864256,,,,,,,,,,
1791471308.2105062,601172,tracking_feedback_accumulate,1791,,23293,,,220741120,314572800,269210624,320864256,,,,,,,,2.9112999327480793,,
1791471308.2155068,601172,frontend_frame,1791,0,23293,42,8,222243328,314572800,269210624,320864256,,,,,,,,,,
1791471308.6411815,601172,tracking_feedback_accumulate,1792,,23293,,,226403840,318767104,269215744,320864256,,,,,,,,3.486800007522106,,
1791471308.6471844,601172,frontend_frame,1792,0,23293,42,8,216910336,318767104,269215744,320864256,,,,,,,,,,
1791471309.0523362,601172,tracking_feedback_accumulate,1793,,23293,,,220743168,318767104,269215744,320864256,,,,,,,,2.8369000647217035,,
1791471309.057336,601172,frontend_frame,1793,0,23293,42,8,222245376,318767104,269215744,320864256,,,,,,,,,,
1791471309.455486,601172,tracking_feedback_accumulate,1794,,23293,,,226323968,318767104,269217792,320864256,,,,,,,,2.919600112363696,,
1791471309.4604855,601172,frontend_frame,1794,0,23293,42,8,227826176,320864256,269217792,320864256,,,,,,,,,,
1791471309.8721397,601172,tracking_feedback_accumulate,1795,,23293,,,215411200,320864256,269217792,320864256,,,,,,,,2.82689998857677,,
1791471309.8771398,601172,frontend_frame,1795,0,23293,42,8,216913408,320864256,269217792,320864256,,,,,,,,,,
1791471310.3363328,601172,tracking_feedback_accumulate,1796,,23293,,,220746240,320864256,269217792,320864256,,,,,,,,2.850799821317196,,
1791471310.3413324,601172,frontend_frame,1796,0,23293,42,8,222248448,320864256,269217792,320864256,,,,,,,,,,
1791471310.7465036,601172,tracking_feedback_accumulate,1797,,23293,,,226408960,320864256,269220864,320864256,,,,,,,,2.9444999527186155,,
1791471310.751504,601172,frontend_frame,1797,0,23293,42,8,216915456,320864256,269220864,320864256,,,,,,,,,,
1791471311.101197,601172,tracking_feedback_accumulate,1798,,23293,,,220830208,320864256,269220864,320864256,,,,,,,,2.899899845942855,,
1791471311.1051974,601172,frontend_frame,1798,0,23293,42,8,222332416,320864256,269220864,320864256,,,,,,,,,,
1791471311.3712125,601172,tracking_feedback_accumulate,1799,,23293,,,226247168,320864256,269220864,320864256,,,,,,,,2.888999879360199,,
1791471311.375213,601172,frontend_frame,1799,0,23293,42,8,227749376,320864256,269220864,320864256,,,,,,,,,,
1791471311.8259459,601172,tracking_feedback_accumulate,1800,,23293,,,215416320,320864256,269220864,320864256,,,,,,,,3.154899924993515,,
1791471311.831946,601172,frontend_frame,1800,0,23293,42,8,216918528,272629760,269220864,320864256,,,,,,,,,,
1791471312.245184,601172,tracking_feedback_accumulate,1801,,23293,,,220833280,293601280,269220864,320864256,,,,,,,,3.1751999631524086,,
1791471312.2946916,601172,frontend_frame,1801,0,23293,43,8,226331136,293601280,269220864,320864256,,,,,,,,,,
1791471323.2386084,601172,tracking_feedback_accumulate,1802,,24106,,,219470848,314572800,269220864,320864256,,,,,,,,3.005299950018525,,
1791471323.2436082,601172,frontend_frame,1802,0,24106,43,8,221174272,314572800,269220864,320864256,,,,,,,,,,
1791471323.6897025,601172,tracking_feedback_accumulate,1803,,24106,,,225089024,314572800,269220864,320864256,,,,,,,,2.757999813184142,,
1791471323.6947024,601172,frontend_frame,1803,0,24106,43,8,226786304,316669952,269220864,320864256,,,,,,,,,,
1791471324.141849,601172,tracking_feedback_accumulate,1804,,24106,,,230701056,320864256,273461760,320864256,,,,,,,,2.89240013808012,,
1791471324.146849,601172,frontend_frame,1804,0,24106,43,8,221012480,320864256,273461760,320864256,,,,,,,,,,
1791471324.587949,601172,tracking_feedback_accumulate,1805,,24106,,,225172992,320864256,273461760,320864256,,,,,,,,2.890900010243058,,
1791471324.5939534,601172,frontend_frame,1805,0,24106,43,8,226870272,320864256,273461760,320864256,,,,,,,,,,
1791471324.9896152,601172,tracking_feedback_accumulate,1806,,24106,,,230703104,320864256,273734144,320864256,,,,,,,,2.7910000644624233,,
1791471324.994615,601172,frontend_frame,1806,0,24106,43,8,232400896,320864256,273734144,320864256,,,,,,,,,,
1791471325.4136906,601172,tracking_feedback_accumulate,1807,,24106,,,219482624,320864256,273734144,320864256,,,,,,,,2.884700195863843,,
1791471325.4186904,601172,frontend_frame,1807,0,24106,43,8,221179904,320864256,273734144,320864256,,,,,,,,,,
1791471325.8238995,601172,tracking_feedback_accumulate,1808,,24106,,,225094656,320864256,273734144,320864256,,,,,,,,2.913600066676736,,
1791471325.8288996,601172,frontend_frame,1808,0,24106,43,8,226791936,320864256,273734144,320864256,,,,,,,,,,
1791471326.2261472,601172,tracking_feedback_accumulate,1809,,24106,,,230870528,320864256,273734144,320864256,,,,,,,,2.9251999221742153,,
1791471326.2311473,601172,frontend_frame,1809,0,24106,43,8,221181952,320864256,273734144,320864256,,,,,,,,,,
1791471326.6123226,601172,tracking_feedback_accumulate,1810,,24106,,,225096704,320864256,273734144,320864256,,,,,,,,2.9092999175190926,,
1791471326.618324,601172,frontend_frame,1810,0,24106,43,8,226793984,274726912,273734144,320864256,,,,,,,,,,
1791471327.0060759,601172,tracking_feedback_accumulate,1811,,24106,,,230872576,318767104,273734144,320864256,,,,,,,,3.0821000691503286,,
1791471327.0110772,601172,frontend_frame,1811,0,24106,43,8,221184000,318767104,273734144,320864256,,,,,,,,,,
1791471327.4136736,601172,tracking_feedback_accumulate,1812,,24106,,,225098752,318767104,273734144,320864256,,,,,,,,3.249799832701683,,
1791471327.4191797,601172,frontend_frame,1812,0,24106,43,8,226796032,318767104,273734144,320864256,,,,,,,,,,
1791471327.8428757,601172,tracking_feedback_accumulate,1813,,24106,,,230710784,318767104,273734144,320864256,,,,,,,,2.9792001005262136,,
1791471327.8478756,601172,frontend_frame,1813,0,24106,43,8,232408064,320864256,273734144,320864256,,,,,,,,,,
1791471328.2835274,601172,tracking_feedback_accumulate,1814,,24106,,,225100800,320864256,273734144,320864256,,,,,,,,2.9598998371511698,,
1791471328.2885273,601172,frontend_frame,1814,0,24106,43,8,226798080,320864256,273734144,320864256,,,,,,,,,,
1791471328.7066653,601172,tracking_feedback_accumulate,1815,,24106,,,230876672,320864256,273743872,320864256,,,,,,,,3.030400024726987,,
1791471328.711663,601172,frontend_frame,1815,0,24106,43,8,232573952,320864256,273743872,320864256,,,,,,,,,,
1791471329.0087376,601172,tracking_feedback_accumulate,1816,,24106,,,236488704,325058560,279196672,325058560,,,,,,,,3.0038999393582344,,
1791471329.0137393,601172,frontend_frame,1816,0,24106,43,8,226800128,325058560,279196672,325058560,,,,,,,,,,
1791471329.42896,601172,tracking_feedback_accumulate,1817,,24106,,,230878720,325058560,279196672,325058560,,,,,,,,2.917999867349863,,
1791471329.433961,601172,frontend_frame,1817,0,24106,43,8,232576000,325058560,279196672,325058560,,,,,,,,,,
1791471329.879634,601172,tracking_feedback_accumulate,1818,,24106,,,236490752,325058560,279205376,325058560,,,,,,,,3.049599938094616,,
1791471329.884634,601172,frontend_frame,1818,0,24106,43,8,238188032,327155712,279205376,327155712,,,,,,,,,,
1791471330.1635616,601172,tracking_feedback_accumulate,1819,,24106,,,225187840,327155712,279205376,327155712,,,,,,,,3.0276000034064054,,
1791471330.1675615,601172,frontend_frame,1819,0,24106,43,8,226885120,327155712,279205376,327155712,,,,,,,,,,
1791471330.613197,601172,tracking_feedback_accumulate,1820,,24106,,,230717952,327155712,279205376,327155712,,,,,,,,2.9958998784422874,,
1791471330.618197,601172,frontend_frame,1820,0,24106,43,8,232415232,278921216,279205376,327155712,,,,,,,,,,
1791471330.9067981,601172,tracking_feedback_accumulate,1821,,24106,,,236575744,325058560,279442944,327155712,,,,,,,,2.8826999478042126,,
1791471330.9117987,601172,frontend_frame,1821,0,24106,43,8,226887168,325058560,279442944,327155712,,,,,,,,,,
1791471331.197024,601172,tracking_feedback_accumulate,1822,,24106,,,230720000,325058560,279442944,327155712,,,,,,,,2.9921000823378563,,
1791471331.202026,601172,frontend_frame,1822,0,24106,43,8,232417280,325058560,279442944,327155712,,,,,,,,,,
1791471331.6287012,601172,tracking_feedback_accumulate,1823,,24106,,,236577792,325058560,279444992,327155712,,,,,,,,2.812699880450964,,
1791471331.633701,601172,frontend_frame,1823,0,24106,43,8,238275072,327155712,279444992,327155712,,,,,,,,,,
1791471331.99099,601172,tracking_feedback_accumulate,1824,,24106,,,219336192,327155712,279444992,327155712,,,,,,,,2.947000088170171,,
1791471331.9959974,601172,frontend_frame,1824,0,24106,43,8,221033472,327155712,279444992,327155712,,,,,,,,,,
1791471332.4220924,601172,tracking_feedback_accumulate,1825,,24106,,,225193984,327155712,279444992,327155712,,,,,,,,2.9835000168532133,,
1791471332.427093,601172,frontend_frame,1825,0,24106,43,8,226891264,327155712,279444992,327155712,,,,,,,,,,
1791471332.7377396,601172,tracking_feedback_accumulate,1826,,24106,,,230806016,327155712,279444992,327155712,,,,,,,,2.808100078254938,,
1791471332.7427397,601172,frontend_frame,1826,0,24106,43,8,221117440,327155712,279444992,327155712,,,,,,,,,,
1791471333.1718948,601172,tracking_feedback_accumulate,1827,,24106,,,225032192,327155712,279444992,327155712,,,,,,,,2.979600103572011,,
1791471333.176399,601172,frontend_frame,1827,0,24106,43,8,226729472,327155712,279444992,327155712,,,,,,,,,,
1791471333.5815473,601172,tracking_feedback_accumulate,1828,,24106,,,230808064,327155712,279444992,327155712,,,,,,,,2.840000204741955,,
1791471333.5865479,601172,frontend_frame,1828,0,24106,43,8,232505344,327155712,279444992,327155712,,,,,,,,,,
1791471333.9937415,601172,tracking_feedback_accumulate,1829,,24106,,,219341312,327155712,279444992,327155712,,,,,,,,2.966800006106496,,
1791471333.9987426,601172,frontend_frame,1829,0,24106,43,8,221038592,327155712,279444992,327155712,,,,,,,,,,
1791471334.4330795,601172,tracking_feedback_accumulate,1830,,24106,,,225117184,327155712,279444992,327155712,,,,,,,,2.895600162446499,,
1791471334.4380796,601172,frontend_frame,1830,0,24106,43,8,226814464,274726912,279444992,327155712,,,,,,,,,,
1791471334.8425038,601172,tracking_feedback_accumulate,1831,,24106,,,219507200,316669952,279444992,327155712,,,,,,,,3.2887000124901533,,
1791471334.8465037,601172,frontend_frame,1831,0,24106,43,8,221204480,316669952,279444992,327155712,,,,,,,,,,
1791471335.2666276,601172,tracking_feedback_accumulate,1832,,24106,,,225119232,316669952,279444992,327155712,,,,,,,,3.1493999995291233,,
1791471335.271627,601172,frontend_frame,1832,0,24106,43,8,226816512,316669952,279444992,327155712,,,,,,,,,,
1791471335.662243,601172,tracking_feedback_accumulate,1833,,24106,,,230731264,320864256,279444992,327155712,,,,,,,,2.8320997953414917,,
1791471335.6672428,601172,frontend_frame,1833,0,24106,43,8,221042688,320864256,279444992,327155712,,,,,,,,,,
1791471336.0214834,601172,tracking_feedback_accumulate,1834,,24106,,,225121280,320864256,279444992,327155712,,,,,,,,2.900599967688322,,
1791471336.026484,601172,frontend_frame,1834,0,24106,43,8,226818560,320864256,279444992,327155712,,,,,,,,,,
1791471336.4055858,601172,tracking_feedback_accumulate,1835,,24106,,,230897152,320864256,279444992,327155712,,,,,,,,2.847100142389536,,
1791471336.4105859,601172,frontend_frame,1835,0,24106,43,8,232594432,322961408,279444992,327155712,,,,,,,,,,
1791471336.8604033,601172,tracking_feedback_accumulate,1836,,24106,,,219348480,322961408,279444992,327155712,,,,,,,,2.944699954241514,,
1791471336.8664422,601172,frontend_frame,1836,0,24106,43,8,221045760,322961408,279444992,327155712,,,,,,,,,,
1791471337.2505836,601172,tracking_feedback_accumulate,1837,,24106,,,225206272,322961408,279444992,327155712,,,,,,,,2.9647001065313816,,
1791471337.2545846,601172,frontend_frame,1837,0,24106,43,8,226903552,322961408,279444992,327155712,,,,,,,,,,
1791471337.5807264,601172,tracking_feedback_accumulate,1838,,24106,,,230818304,322961408,279444992,327155712,,,,,,,,2.9782000929117203,,
1791471337.5857267,601172,frontend_frame,1838,0,24106,43,8,221129728,322961408,279444992,327155712,,,,,,,,,,
1791471337.9368703,601172,tracking_feedback_accumulate,1839,,24106,,,225044480,322961408,279444992,327155712,,,,,,,,3.0706000979989767,,
1791471337.9418707,601172,frontend_frame,1839,0,24106,43,8,226741760,322961408,279444992,327155712,,,,,,,,,,
1791471338.3465328,601172,tracking_feedback_accumulate,1840,,24106,,,230820352,322961408,279444992,327155712,,,,,,,,3.0263999942690134,,
1791471338.3525333,601172,frontend_frame,1840,0,24106,43,8,232517632,278921216,279444992,327155712,,,,,,,,,,
1791471338.7793877,601172,tracking_feedback_accumulate,1841,,24106,,,219517440,320864256,279444992,327155712,,,,,,,,3.154799807816744,,
1791471338.783392,601172,frontend_frame,1841,0,24106,43,8,221214720,320864256,279444992,327155712,,,,,,,,,,
1791471339.1365616,601172,tracking_feedback_accumulate,1842,,24106,,,225047552,320864256,279444992,327155712,,,,,,,,2.955499803647399,,
1791471339.1415596,601172,frontend_frame,1842,0,24106,43,8,226744832,320864256,279444992,327155712,,,,,,,,,,
1791471339.557449,601172,tracking_feedback_accumulate,1843,,24106,,,230823424,320864256,279444992,327155712,,,,,,,,2.987600164487958,,
1791471339.5624492,601172,frontend_frame,1843,0,24106,43,8,221134848,320864256,279444992,327155712,,,,,,,,,,
1791471340.0057552,601172,tracking_feedback_accumulate,1844,,24106,,,225049600,320864256,279444992,327155712,,,,,,,,2.934900112450123,,
1791471340.010755,601172,frontend_frame,1844,0,24106,43,8,226746880,320864256,279444992,327155712,,,,,,,,,,
1791471340.3553216,601172,tracking_feedback_accumulate,1845,,24106,,,230825472,320864256,279444992,327155712,,,,,,,,2.9386000242084265,,
1791471340.361323,601172,frontend_frame,1845,0,24106,43,8,232522752,322961408,279444992,327155712,,,,,,,,,,
1791471340.7664788,601172,tracking_feedback_accumulate,1846,,24106,,,219358720,322961408,279444992,327155712,,,,,,,,2.902100095525384,,
1791471340.770481,601172,frontend_frame,1846,0,24106,43,8,221056000,322961408,279444992,327155712,,,,,,,,,,
1791471341.2356305,601172,tracking_feedback_accumulate,1847,,24106,,,225216512,322961408,279444992,327155712,,,,,,,,3.067899961024523,,
1791471341.2406309,601172,frontend_frame,1847,0,24106,43,8,226913792,322961408,279444992,327155712,,,,,,,,,,
1791471341.6267378,601172,tracking_feedback_accumulate,1848,,24106,,,219442688,322961408,279444992,327155712,,,,,,,,3.156099934130907,,
1791471341.631738,601172,frontend_frame,1848,0,24106,43,8,221139968,322961408,279444992,327155712,,,,,,,,,,
1791471342.0573227,601172,tracking_feedback_accumulate,1849,,24106,,,225218560,322961408,279444992,327155712,,,,,,,,2.860700013116002,,
1791471342.061323,601172,frontend_frame,1849,0,24106,43,8,226915840,322961408,279444992,327155712,,,,,,,,,,
1791471342.4823647,601172,tracking_feedback_accumulate,1850,,24106,,,230830592,322961408,279444992,327155712,,,,,,,,2.8488999232649803,,
1791471342.488363,601172,frontend_frame,1850,0,24106,43,8,221142016,274726912,279444992,327155712,,,,,,,,,,
1791471342.809964,601172,tracking_feedback_accumulate,1851,,24106,,,225056768,316669952,279444992,327155712,,,,,,,,3.175100078806281,,
1791471342.8149626,601172,frontend_frame,1851,0,24106,43,8,226754048,316669952,279444992,327155712,,,,,,,,,,
1791471343.2374067,601172,tracking_feedback_accumulate,1852,,24106,,,230914560,320864256,279444992,327155712,,,,,,,,2.812500111758709,,
1791471343.2424068,601172,frontend_frame,1852,0,24106,43,8,232611840,322961408,279444992,327155712,,,,,,,,,,
1791471343.6336787,601172,tracking_feedback_accumulate,1853,,24106,,,219447808,322961408,279444992,327155712,,,,,,,,2.9291000682860613,,
1791471343.6376786,601172,frontend_frame,1853,0,24106,43,8,221145088,322961408,279444992,327155712,,,,,,,,,,
1791471344.0503137,601172,tracking_feedback_accumulate,1854,,24106,,,225059840,322961408,279444992,327155712,,,,,,,,2.8673000633716583,,
1791471344.0553136,601172,frontend_frame,1854,0,24106,43,8,226757120,322961408,279444992,327155712,,,,,,,,,,
1791471344.4830577,601172,tracking_feedback_accumulate,1855,,24106,,,230917632,322961408,279444992,327155712,,,,,,,,2.841699868440628,,
1791471344.4880576,601172,frontend_frame,1855,0,24106,43,8,221229056,322961408,279444992,327155712,,,,,,,,,,
1791471344.8232331,601172,tracking_feedback_accumulate,1856,,24106,,,225143808,322961408,279444992,327155712,,,,,,,,2.92569980956614,,
1791471344.828233,601172,frontend_frame,1856,0,24106,43,8,226841088,322961408,279444992,327155712,,,,,,,,,,
1791471345.2179062,601172,tracking_feedback_accumulate,1857,,24106,,,230755840,322961408,279444992,327155712,,,,,,,,2.8661000542342663,,
1791471345.2219062,601172,frontend_frame,1857,0,24106,43,8,232453120,322961408,279444992,327155712,,,,,,,,,,
1791471345.651014,601172,tracking_feedback_accumulate,1858,,24106,,,219534848,322961408,279444992,327155712,,,,,,,,2.7794998604804277,,
1791471345.655014,601172,frontend_frame,1858,0,24106,43,8,221232128,322961408,279444992,327155712,,,,,,,,,,
1791471346.0533206,601172,tracking_feedback_accumulate,1859,,24106,,,225064960,322961408,279444992,327155712,,,,,,,,3.014100017026067,,
1791471346.0573206,601172,frontend_frame,1859,0,24106,43,8,226762240,322961408,279444992,327155712,,,,,,,,,,
1791471346.459361,601172,tracking_feedback_accumulate,1860,,24106,,,230922752,322961408,279444992,327155712,,,,,,,,2.9631999786943197,,
1791471346.4653625,601172,frontend_frame,1860,0,24106,43,8,221234176,274726912,279444992,327155712,,,,,,,,,,
1791471346.75154,601172,tracking_feedback_accumulate,1861,,24106,,,225067008,316669952,279444992,327155712,,,,,,,,3.007899969816208,,
1791471346.7565398,601172,frontend_frame,1861,0,24106,43,8,226764288,316669952,279444992,327155712,,,,,,,,,,
1791471347.1547234,601172,tracking_feedback_accumulate,1862,,24106,,,230924800,320864256,279444992,327155712,,,,,,,,2.9817998874932528,,
1791471347.1597235,601172,frontend_frame,1862,0,24106,43,8,232622080,322961408,279444992,327155712,,,,,,,,,,
1791471347.5492995,601172,tracking_feedback_accumulate,1863,,24106,,,219458048,322961408,279444992,327155712,,,,,,,,3.0441000126302242,,
1791471347.554299,601172,frontend_frame,1863,0,24106,43,8,221155328,322961408,279444992,327155712,,,,,,,,,,
1791471347.88191,601172,tracking_feedback_accumulate,1864,,24106,,,225233920,322961408,279444992,327155712,,,,,,,,2.898799953982234,,
1791471347.886912,601172,frontend_frame,1864,0,24106,43,8,226931200,322961408,279444992,327155712,,,,,,,,,,
1791471348.288057,601172,tracking_feedback_accumulate,1865,,24106,,,219378176,322961408,279444992,327155712,,,,,,,,2.968000015243888,,
1791471348.2930572,601172,frontend_frame,1865,0,24106,43,8,221075456,322961408,279444992,327155712,,,,,,,,,,
1791471348.652151,601172,tracking_feedback_accumulate,1866,,24106,,,225154048,322961408,279444992,327155712,,,,,,,,2.908600028604269,,
1791471348.657151,601172,frontend_frame,1866,0,24106,43,8,226851328,322961408,279444992,327155712,,,,,,,,,,
1791471349.0694144,601172,tracking_feedback_accumulate,1867,,24106,,,230929920,322961408,279444992,327155712,,,,,,,,3.04500013589859,,
1791471349.1199212,601172,frontend_frame,1867,0,24106,44,8,225236992,322961408,279444992,327155712,,,,,,,,,,
1791471359.9995239,601172,tracking_feedback_accumulate,1868,,24627,,,229107712,322961408,279444992,327155712,,,,,,,,2.924500033259392,,
1791471360.0067184,601172,frontend_frame,1868,0,24627,44,8,230935552,322961408,279444992,327155712,,,,,,,,,,
1791471360.354079,601172,tracking_feedback_accumulate,1869,,24627,,,235096064,322961408,279444992,327155712,,,,,,,,2.8721000999212265,,
1791471360.3590791,601172,frontend_frame,1869,0,24627,44,8,236920320,322961408,279444992,327155712,,,,,,,,,,
1791471360.752125,601172,tracking_feedback_accumulate,1870,,24627,,,223502336,322961408,279444992,327155712,,,,,,,,2.8403999749571085,,
1791471360.7581248,601172,frontend_frame,1870,0,24627,44,8,225326592,293601280,279444992,327155712,,,,,,,,,,
1791471361.132374,601172,tracking_feedback_accumulate,1871,,24627,,,229241344,316669952,279444992,327155712,,,,,,,,2.897499827668071,,
1791471361.138374,601172,frontend_frame,1871,0,24627,44,8,231065600,318767104,279444992,327155712,,,,,,,,,,
1791471361.4424016,601172,tracking_feedback_accumulate,1872,,24627,,,235144192,320864256,279444992,327155712,,,,,,,,2.988700056448579,,
1791471361.4484034,601172,frontend_frame,1872,0,24627,44,8,225329152,320864256,279444992,327155712,,,,,,,,,,
1791471361.8397114,601172,tracking_feedback_accumulate,1873,,24627,,,229243904,320864256,279444992,327155712,,,,,,,,2.8774000238627195,,
1791471361.8437114,601172,frontend_frame,1873,0,24627,44,8,231068160,320864256,279444992,327155712,,,,,,,,,,
1791471362.1844926,601172,tracking_feedback_accumulate,1874,,24627,,,235146752,320864256,279444992,327155712,,,,,,,,2.8480999171733856,,
1791471362.1894927,601172,frontend_frame,1874,0,24627,44,8,236971008,322961408,279444992,327155712,,,,,,,,,,
1791471362.4383667,601172,tracking_feedback_accumulate,1875,,24627,,,223589888,322961408,279444992,327155712,,,,,,,,3.003199817612767,,
1791471362.443366,601172,frontend_frame,1875,0,24627,44,8,225414144,322961408,279444992,327155712,,,,,,,,,,
1791471362.8309724,601172,tracking_feedback_accumulate,1876,,24627,,,229246976,322961408,279444992,327155712,,,,,,,,2.8800000436604023,,
1791471362.8351588,601172,frontend_frame,1876,0,24627,44,8,231071232,322961408,279444992,327155712,,,,,,,,,,
1791471363.2453814,601172,tracking_feedback_accumulate,1877,,24627,,,235149824,322961408,279444992,327155712,,,,,,,,2.864600159227848,,
1791471363.2503815,601172,frontend_frame,1877,0,24627,44,8,225334272,322961408,279444992,327155712,,,,,,,,,,
1791471363.51898,601172,tracking_feedback_accumulate,1878,,24627,,,229249024,322961408,279444992,327155712,,,,,,,,2.8127001132816076,,
1791471363.5239806,601172,frontend_frame,1878,0,24627,44,8,231073280,322961408,279444992,327155712,,,,,,,,,,
1791471363.8934515,601172,tracking_feedback_accumulate,1879,,24627,,,235151872,322961408,279444992,327155712,,,,,,,,2.9958998784422874,,
1791471363.8984516,601172,frontend_frame,1879,0,24627,44,8,236976128,322961408,279444992,327155712,,,,,,,,,,
1791471364.2421088,601172,tracking_feedback_accumulate,1880,,24627,,,223595008,322961408,279444992,327155712,,,,,,,,3.014700021594763,,
1791471364.2471092,601172,frontend_frame,1880,0,24627,44,8,225419264,276824064,279444992,327155712,,,,,,,,,,
1791471364.595847,601172,tracking_feedback_accumulate,1881,,24627,,,229252096,318767104,279444992,327155712,,,,,,,,2.9192999936640263,,
1791471364.5998466,601172,frontend_frame,1881,0,24627,44,8,231076352,318767104,279444992,327155712,,,,,,,,,,
1791471364.9595068,601172,tracking_feedback_accumulate,1882,,24627,,,235154944,320864256,279444992,327155712,,,,,,,,2.912400057539344,,
1791471364.9645057,601172,frontend_frame,1882,0,24627,44,8,225339392,320864256,279444992,327155712,,,,,,,,,,
1791471365.3486307,601172,tracking_feedback_accumulate,1883,,24627,,,229417984,320864256,279444992,327155712,,,,,,,,2.9352998826652765,,
1791471365.3526309,601172,frontend_frame,1883,0,24627,44,8,231242240,320864256,279444992,327155712,,,,,,,,,,
1791471365.7502518,601172,tracking_feedback_accumulate,1884,,24627,,,235075072,320864256,279444992,327155712,,,,,,,,2.8747001197189093,,
1791471365.755253,601172,frontend_frame,1884,0,24627,44,8,236899328,322961408,279444992,327155712,,,,,,,,,,
1791471366.1661024,601172,tracking_feedback_accumulate,1885,,24627,,,223518208,322961408,279444992,327155712,,,,,,,,2.8578999917954206,,
1791471366.1711025,601172,frontend_frame,1885,0,24627,44,8,225342464,322961408,279444992,327155712,,,,,,,,,,
1791471366.542704,601172,tracking_feedback_accumulate,1886,,24627,,,229421056,322961408,279444992,327155712,,,,,,,,3.0321001540869474,,
1791471366.5472083,601172,frontend_frame,1886,0,24627,44,8,231245312,322961408,279444992,327155712,,,,,,,,,,
1791471366.8411977,601172,tracking_feedback_accumulate,1887,,24627,,,223520256,322961408,279444992,327155712,,,,,,,,3.0797000508755445,,
1791471366.846204,601172,frontend_frame,1887,0,24627,44,8,225344512,322961408,279444992,327155712,,,,,,,,,,
1791471367.1015475,601172,tracking_feedback_accumulate,1888,,24627,,,229259264,322961408,279444992,327155712,,,,,,,,2.932799980044365,,
1791471367.1055484,601172,frontend_frame,1888,0,24627,44,8,231083520,322961408,279444992,327155712,,,,,,,,,,
1791471367.4460812,601172,tracking_feedback_accumulate,1889,,24627,,,235162112,322961408,279444992,327155712,,,,,,,,3.1057000160217285,,
1791471367.4510827,601172,frontend_frame,1889,0,24627,44,8,225346560,322961408,279444992,327155712,,,,,,,,,,
1791471367.816679,601172,tracking_feedback_accumulate,1890,,24627,,,229261312,322961408,279444992,327155712,,,,,,,,4.563699942082167,,
1791471367.821679,601172,frontend_frame,1890,0,24627,44,8,231085568,276824064,279444992,327155712,,,,,,,,,,
1791471368.1038718,601172,tracking_feedback_accumulate,1891,,24627,,,235246080,320864256,279444992,327155712,,,,,,,,2.7765000704675913,,
1791471368.1083758,601172,frontend_frame,1891,0,24627,44,8,237070336,322961408,279444992,327155712,,,,,,,,,,
1791471368.4709291,601172,tracking_feedback_accumulate,1892,,24627,,,223443456,322961408,279444992,327155712,,,,,,,,2.9070000164210796,,
1791471368.475929,601172,frontend_frame,1892,0,24627,44,8,225267712,322961408,279444992,327155712,,,,,,,,,,
1791471368.8820603,601172,tracking_feedback_accumulate,1893,,24627,,,229428224,322961408,279444992,327155712,,,,,,,,2.8081999626010656,,
1791471368.886062,601172,frontend_frame,1893,0,24627,44,8,231252480,322961408,279444992,327155712,,,,,,,,,,
1791471369.1953125,601172,tracking_feedback_accumulate,1894,,24627,,,235085312,322961408,279444992,327155712,,,,,,,,2.85950000397861,,
1791471369.2003124,601172,frontend_frame,1894,0,24627,44,8,225269760,322961408,279444992,327155712,,,,,,,,,,
1791471369.5040185,601172,tracking_feedback_accumulate,1895,,24627,,,229430272,322961408,279444992,327155712,,,,,,,,2.8136998880654573,,
1791471369.5080185,601172,frontend_frame,1895,0,24627,44,8,231254528,322961408,279444992,327155712,,,,,,,,,,
1791471369.8981884,601172,tracking_feedback_accumulate,1896,,24627,,,235087360,322961408,279444992,327155712,,,,,,,,2.900900086387992,,
1791471369.947693,601172,frontend_frame,1896,0,24627,45,8,240907264,322961408,279444992,327155712,,,,,,,,,,
1791471380.8653684,601172,tracking_feedback_accumulate,1897,,25109,,,227559936,322961408,279444992,327155712,,,,,,,,2.9333001002669334,,
1791471380.8713694,601172,frontend_frame,1897,0,25109,45,8,229500416,322961408,279444992,327155712,,,,,,,,,,
1791471381.2306063,601172,tracking_feedback_accumulate,1898,,25109,,,233415168,322961408,279444992,327155712,,,,,,,,3.137500025331974,,
1791471381.2346075,601172,frontend_frame,1898,0,25109,45,8,235352064,322961408,279444992,327155712,,,,,,,,,,
1791471381.62026,601172,tracking_feedback_accumulate,1899,,25109,,,227565568,322961408,279444992,327155712,,,,,,,,2.8848000802099705,,
1791471381.6242602,601172,frontend_frame,1899,0,25109,45,8,229502464,322961408,279444992,327155712,,,,,,,,,,
1791471381.9574258,601172,tracking_feedback_accumulate,1900,,25109,,,233581056,322961408,279444992,327155712,,,,,,,,3.226800123229623,,
1791471381.9624271,601172,frontend_frame,1900,0,25109,45,8,235517952,276824064,279444992,327155712,,,,,,,,,,
1791471382.3647318,601172,tracking_feedback_accumulate,1901,,25109,,,239432704,322961408,282444288,327155712,,,,,,,,3.177299862727523,,
1791471382.369732,601172,frontend_frame,1901,0,25109,45,8,229505024,322961408,282444288,327155712,,,,,,,,,,
1791471382.790927,601172,tracking_feedback_accumulate,1902,,25109,,,233419776,322961408,282444288,327155712,,,,,,,,2.8502000495791435,,
1791471382.7959297,601172,frontend_frame,1902,0,25109,45,8,235356672,322961408,282444288,327155712,,,,,,,,,,
1791471383.1236968,601172,tracking_feedback_accumulate,1903,,25109,,,239435264,322961408,282445312,327155712,,,,,,,,3.0848998576402664,,
1791471383.128697,601172,frontend_frame,1903,0,25109,45,8,241372160,325058560,282445312,327155712,,,,,,,,,,
1791471383.499331,601172,tracking_feedback_accumulate,1904,,25109,,,227489280,325058560,282445312,327155712,,,,,,,,3.2256999984383583,,
1791471383.503875,601172,frontend_frame,1904,0,25109,45,8,229426176,325058560,282445312,327155712,,,,,,,,,,
1791471383.8659115,601172,tracking_feedback_accumulate,1905,,25109,,,233586688,325058560,282445312,327155712,,,,,,,,2.780300099402666,,
1791471383.8709116,601172,frontend_frame,1905,0,25109,45,8,235523584,325058560,282445312,327155712,,,,,,,,,,
1791471384.2127757,601172,tracking_feedback_accumulate,1906,,25109,,,239356416,325058560,282463744,327155712,,,,,,,,2.92899995110929,,
1791471384.2167757,601172,frontend_frame,1906,0,25109,45,8,229428224,325058560,282463744,327155712,,,,,,,,,,
1791471384.6060154,601172,tracking_feedback_accumulate,1907,,25109,,,233588736,325058560,282463744,327155712,,,,,,,,2.8734998777508736,,
1791471384.6100154,601172,frontend_frame,1907,0,25109,45,8,235525632,325058560,282463744,327155712,,,,,,,,,,
1791471384.9365458,601172,tracking_feedback_accumulate,1908,,25109,,,239440384,325058560,282487296,327155712,,,,,,,,2.9094000346958637,,
1791471384.9405458,601172,frontend_frame,1908,0,25109,45,8,241377280,325058560,282487296,327155712,,,,,,,,,,
1791471385.3629012,601172,tracking_feedback_accumulate,1909,,25109,,,227494400,325058560,282487296,327155712,,,,,,,,2.889900002628565,,
1791471385.3679023,601172,frontend_frame,1909,0,25109,45,8,229431296,325058560,282487296,327155712,,,,,,,,,,
1791471385.7676263,601172,tracking_feedback_accumulate,1910,,25109,,,233591808,325058560,282487296,327155712,,,,,,,,2.9498999938368797,,
1791471385.7726262,601172,frontend_frame,1910,0,25109,45,8,235528704,297795584,282487296,327155712,,,,,,,,,,
1791471386.1640825,601172,tracking_feedback_accumulate,1911,,25109,,,227578368,322961408,282487296,327155712,,,,,,,,2.774700056761503,,
1791471386.1690826,601172,frontend_frame,1911,0,25109,45,8,229515264,322961408,282487296,327155712,,,,,,,,,,
1791471386.4031017,601172,tracking_feedback_accumulate,1912,,25109,,,233430016,322961408,282487296,327155712,,,,,,,,3.0816998332738876,,
1791471386.408104,601172,frontend_frame,1912,0,25109,45,8,235366912,322961408,282487296,327155712,,,,,,,,,,
1791471386.7102988,601172,tracking_feedback_accumulate,1913,,25109,,,239527424,322961408,282487296,327155712,,,,,,,,2.840799978002906,,
1791471386.7152994,601172,frontend_frame,1913,0,25109,45,8,229599232,322961408,282487296,327155712,,,,,,,,,,
1791471387.1012034,601172,tracking_feedback_accumulate,1914,,25109,,,233432064,322961408,282487296,327155712,,,,,,,,2.824199851602316,,
1791471387.106203,601172,frontend_frame,1914,0,25109,45,8,235368960,322961408,282487296,327155712,,,,,,,,,,
1791471387.4777367,601172,tracking_feedback_accumulate,1915,,25109,,,239529472,322961408,282487296,327155712,,,,,,,,2.8989999555051327,,
1791471387.4837391,601172,frontend_frame,1915,0,25109,45,8,241466368,325058560,282487296,327155712,,,,,,,,,,
1791471387.730325,601172,tracking_feedback_accumulate,1916,,25109,,,227501568,325058560,282487296,327155712,,,,,,,,3.016300033777952,,
1791471387.7813244,601172,frontend_frame,1916,0,25109,46,8,233434112,325058560,282487296,327155712,,,,,,,,,,
1791471398.721318,601172,tracking_feedback_accumulate,1917,,25758,,,237556736,325058560,282487296,327155712,,,,,,,,2.8842000756412745,,
1791471398.726319,601172,frontend_frame,1917,0,25758,46,8,239649280,325058560,282487296,327155712,,,,,,,,,,
1791471399.0930612,601172,tracking_feedback_accumulate,1918,,25758,,,231711744,325058560,282487296,327155712,,,,,,,,2.9035001061856747,,
1791471399.098061,601172,frontend_frame,1918,0,25758,46,8,233799680,325058560,282487296,327155712,,,,,,,,,,
1791471399.4228134,601172,tracking_feedback_accumulate,1919,,25758,,,237714432,325058560,282487296,327155712,,,,,,,,2.88940011523664,,
1791471399.4278142,601172,frontend_frame,1919,0,25758,46,8,239802368,325058560,282487296,327155712,,,,,,,,,,
1791471399.7134995,601172,tracking_feedback_accumulate,1920,,25758,,,243880960,325058560,286952448,327155712,,,,,,,,2.8522000648081303,,
1791471399.7195013,601172,frontend_frame,1920,0,25758,46,8,233801728,299892736,286952448,327155712,,,,,,,,,,
1791471400.082445,601172,tracking_feedback_accumulate,1921,,25758,,,237716480,320864256,286952448,327155712,,,,,,,,2.8476000297814608,,
1791471400.0874462,601172,frontend_frame,1921,0,25758,46,8,239804928,320864256,286952448,327155712,,,,,,,,,,
1791471400.4705822,601172,tracking_feedback_accumulate,1922,,25758,,,243883520,325058560,286952448,327155712,,,,,,,,5.468600196763873,,
1791471400.4765813,601172,frontend_frame,1922,0,25758,46,8,245971456,327155712,286952448,327155712,,,,,,,,,,
1791471400.7941556,601172,tracking_feedback_accumulate,1923,,25758,,,231635456,327155712,286952448,327155712,,,,,,,,2.792899962514639,,
1791471400.7991557,601172,frontend_frame,1923,0,25758,46,8,233723392,327155712,286952448,327155712,,,,,,,,,,
1791471401.1203775,601172,tracking_feedback_accumulate,1924,,25758,,,237638144,327155712,286952448,327155712,,,,,,,,2.921300008893013,,
1791471401.1243768,601172,frontend_frame,1924,0,25758,46,8,239726080,327155712,286952448,327155712,,,,,,,,,,
1791471401.4554014,601172,tracking_feedback_accumulate,1925,,25758,,,243804672,327155712,286952448,327155712,,,,,,,,2.854099962860346,,
1791471401.4604018,601172,frontend_frame,1925,0,25758,46,8,233725440,327155712,286952448,327155712,,,,,,,,,,
1791471401.7660453,601172,tracking_feedback_accumulate,1926,,25758,,,237804032,327155712,286952448,327155712,,,,,,,,2.988699823617935,,
1791471401.7710454,601172,frontend_frame,1926,0,25758,46,8,239891968,327155712,286952448,327155712,,,,,,,,,,
1791471402.0493088,601172,tracking_feedback_accumulate,1927,,25758,,,243806720,327155712,286952448,327155712,,,,,,,,2.9558998066931963,,
1791471402.0533075,601172,frontend_frame,1927,0,25758,46,8,245894656,327155712,286952448,327155712,,,,,,,,,,
1791471402.445917,601172,tracking_feedback_accumulate,1928,,25758,,,231722496,327155712,286952448,327155712,,,,,,,,2.8536999598145485,,
1791471402.450917,601172,frontend_frame,1928,0,25758,46,8,233810432,327155712,286952448,327155712,,,,,,,,,,
1791471402.7495456,601172,tracking_feedback_accumulate,1929,,25758,,,237643264,327155712,286952448,327155712,,,,,,,,2.858299994841218,,
1791471402.7545466,601172,frontend_frame,1929,0,25758,46,8,239731200,327155712,286952448,327155712,,,,,,,,,,
1791471403.0607014,601172,tracking_feedback_accumulate,1930,,25758,,,243891712,327155712,286952448,327155712,,,,,,,,3.0915001407265663,,
1791471403.0667014,601172,frontend_frame,1930,0,25758,46,8,233812480,278921216,286952448,327155712,,,,,,,,,,
1791471403.427413,601172,tracking_feedback_accumulate,1931,,25758,,,237727232,320864256,286952448,327155712,,,,,,,,2.887799870222807,,
1791471403.431915,601172,frontend_frame,1931,0,25758,46,8,239815168,320864256,286952448,327155712,,,,,,,,,,
1791471403.702182,601172,tracking_feedback_accumulate,1932,,25758,,,243893760,325058560,286952448,327155712,,,,,,,,2.9623000882565975,,
1791471403.7071822,601172,frontend_frame,1932,0,25758,46,8,233814528,325058560,286952448,327155712,,,,,,,,,,
1791471404.014253,601172,tracking_feedback_accumulate,1933,,25758,,,237647360,325058560,286952448,327155712,,,,,,,,2.873399993404746,,
1791471404.0689769,601172,frontend_frame,1933,0,25758,47,8,243730944,325058560,286952448,327155712,,,,,,,,,,
1791471414.9486535,601172,tracking_feedback_accumulate,1934,,26358,,,247849472,325058560,290999296,327155712,,,,,,,,3.031600033864379,,
1791471414.9532275,601172,frontend_frame,1934,0,26358,47,8,250080768,327155712,290999296,327155712,,,,,,,,,,
1791471415.308241,601172,tracking_feedback_accumulate,1935,,26358,,,241852928,348127232,290999296,348127232,,,,,,,,2.9027999844402075,,
1791471415.3185227,601172,frontend_frame,1935,0,26358,47,8,244080128,348127232,290999296,348127232,,,,,,,,,,
1791471415.628989,601172,tracking_feedback_accumulate,1936,,26358,,,247994880,348127232,291190784,348127232,,,,,,,,2.913100179284811,,
1791471415.633567,601172,frontend_frame,1936,0,26358,47,8,250222080,348127232,291190784,348127232,,,,,,,,,,
1791471416.0177014,601172,tracking_feedback_accumulate,1937,,26358,,,254300672,352321536,297417216,352321536,,,,,,,,2.8740998823195696,,
1791471416.0222657,601172,frontend_frame,1937,0,26358,47,8,244082176,352321536,297417216,352321536,,,,,,,,,,
1791471416.3215692,601172,tracking_feedback_accumulate,1938,,26358,,,247915008,352321536,297417216,352321536,,,,,,,,2.8957000467926264,,
1791471416.3261554,601172,frontend_frame,1938,0,26358,47,8,250142720,352321536,297417216,352321536,,,,,,,,,,
1791471416.6519234,601172,tracking_feedback_accumulate,1939,,26358,,,254221312,352321536,297417216,352321536,,,,,,,,2.792899962514639,,
1791471416.6580465,601172,frontend_frame,1939,0,26358,47,8,237919232,352321536,297417216,352321536,,,,,,,,,,
1791471417.0679545,601172,tracking_feedback_accumulate,1940,,26358,,,241833984,352321536,297417216,352321536,,,,,,,,2.7966999914497137,,
1791471417.0725152,601172,frontend_frame,1940,0,26358,47,8,244061184,308281344,297417216,352321536,,,,,,,,,,
1791471417.4306133,601172,tracking_feedback_accumulate,1941,,26358,,,248221696,329252864,297417216,352321536,,,,,,,,2.908299909904599,,
1791471417.4352994,601172,frontend_frame,1941,0,26358,47,8,250448896,329252864,297417216,352321536,,,,,,,,,,
1791471417.8754423,601172,tracking_feedback_accumulate,1942,,26358,,,241836032,329252864,297417216,352321536,,,,,,,,2.8718002140522003,,
1791471417.8801312,601172,frontend_frame,1942,0,26358,47,8,244063232,329252864,297417216,352321536,,,,,,,,,,
1791471418.1322522,601172,tracking_feedback_accumulate,1943,,26358,,,248141824,329252864,297417216,352321536,,,,,,,,2.9045999981462955,,
1791471418.1368265,601172,frontend_frame,1943,0,26358,47,8,250369024,329252864,297417216,352321536,,,,,,,,,,
1791471418.4877112,601172,tracking_feedback_accumulate,1944,,26358,,,254283776,354418688,297554944,354418688,,,,,,,,2.812999999150634,,
1791471418.4922972,601172,frontend_frame,1944,0,26358,47,8,244065280,354418688,297554944,354418688,,,,,,,,,,
1791471418.8104162,601172,tracking_feedback_accumulate,1945,,26358,,,248143872,354418688,297554944,354418688,,,,,,,,2.7353998739272356,,
1791471418.815416,601172,frontend_frame,1945,0,26358,47,8,250371072,354418688,297554944,354418688,,,,,,,,,,
1791471419.1626432,601172,tracking_feedback_accumulate,1946,,26358,,,254449664,354418688,297567744,354418688,,,,,,,,2.857099985703826,,
1791471419.1686428,601172,frontend_frame,1946,0,26358,47,8,256676864,356515840,297567744,356515840,,,,,,,,,,
1791471419.4793055,601172,tracking_feedback_accumulate,1947,,26358,,,241923072,356515840,297567744,356515840,,,,,,,,2.944699954241514,,
1791471419.4853072,601172,frontend_frame,1947,0,26358,47,8,244150272,356515840,297567744,356515840,,,,,,,,,,
1791471419.8115637,601172,tracking_feedback_accumulate,1948,,26358,,,248228864,356515840,297567744,356515840,,,,,,,,2.8336001560091972,,
1791471419.815565,601172,frontend_frame,1948,0,26358,47,8,250456064,356515840,297567744,356515840,,,,,,,,,,
1791471420.090197,601172,tracking_feedback_accumulate,1949,,26358,,,254370816,356515840,297571328,356515840,,,,,,,,2.966000000014901,,
1791471420.0951977,601172,frontend_frame,1949,0,26358,47,8,244152320,356515840,297571328,356515840,,,,,,,,,,
1791471420.3543527,601172,tracking_feedback_accumulate,1950,,26358,,,248067072,356515840,297571328,356515840,,,,,,,,2.884000074118376,,
1791471420.3593526,601172,frontend_frame,1950,0,26358,47,8,250294272,308281344,297571328,356515840,,,,,,,,,,
1791471420.7039433,601172,tracking_feedback_accumulate,1951,,26358,,,254454784,333447168,297571328,356515840,,,,,,,,2.854699967429042,,
1791471420.7534492,601172,frontend_frame,1951,0,26358,48,8,260677632,335544320,297571328,356515840,,,,,,,,,,
1791471431.8057933,601172,tracking_feedback_accumulate,1952,,26936,,,245965824,356515840,297571328,356515840,,,,,,,,3.0539000872522593,,
1791471431.8107934,601172,frontend_frame,1952,0,26936,48,8,248337920,356515840,297571328,356515840,,,,,,,,,,
1791471432.1400132,601172,tracking_feedback_accumulate,1953,,26936,,,252252672,356515840,297571328,356515840,,,,,,,,3.0431998893618584,,
1791471432.1450133,601172,frontend_frame,1953,0,26936,48,8,254620672,356515840,297571328,356515840,,,,,,,,,,
1791471432.4654021,601172,tracking_feedback_accumulate,1954,,26936,,,246053888,356515840,297571328,356515840,,,,,,,,2.9287999495863914,,
1791471432.4704041,601172,frontend_frame,1954,0,26936,48,8,248421888,356515840,297571328,356515840,,,,,,,,,,
1791471432.8130603,601172,tracking_feedback_accumulate,1955,,26936,,,252336640,356515840,297571328,356515840,,,,,,,,2.9526001308113337,,
1791471432.8180628,601172,frontend_frame,1955,0,26936,48,8,254704640,356515840,297571328,356515840,,,,,,,,,,
1791471433.154308,601172,tracking_feedback_accumulate,1956,,26936,,,258783232,356515840,302182400,356515840,,,,,,,,3.1798998825252056,,
1791471433.1613088,601172,frontend_frame,1956,0,26936,48,8,248424448,356515840,302182400,356515840,,,,,,,,,,
1791471433.4725087,601172,tracking_feedback_accumulate,1957,,26936,,,252339200,356515840,302182400,356515840,,,,,,,,2.783500123769045,,
1791471433.4775076,601172,frontend_frame,1957,0,26936,48,8,254707200,356515840,302182400,356515840,,,,,,,,,,
1791471433.7606015,601172,tracking_feedback_accumulate,1958,,26936,,,258785792,356515840,302192640,356515840,,,,,,,,2.8662001714110374,,
1791471433.7656016,601172,frontend_frame,1958,0,26936,48,8,261153792,356515840,302192640,356515840,,,,,,,,,,
1791471434.103733,601172,tracking_feedback_accumulate,1959,,26936,,,245977600,356515840,302192640,356515840,,,,,,,,3.5289002116769552,,
1791471434.1087327,601172,frontend_frame,1959,0,26936,48,8,248345600,356515840,302192640,356515840,,,,,,,,,,
1791471434.4843998,601172,tracking_feedback_accumulate,1960,,26936,,,252424192,356515840,302192640,356515840,,,,,,,,2.890500007197261,,
1791471434.4904,601172,frontend_frame,1960,0,26936,48,8,254792192,308281344,302192640,356515840,,,,,,,,,,
1791471434.7549732,601172,tracking_feedback_accumulate,1961,,26936,,,258625024,354418688,302200320,356515840,,,,,,,,3.212000010535121,,
1791471434.7609732,601172,frontend_frame,1961,0,26936,48,8,248265728,354418688,302200320,356515840,,,,,,,,,,
1791471435.0956008,601172,tracking_feedback_accumulate,1962,,26936,,,252426240,354418688,302200320,356515840,,,,,,,,3.0032999347895384,,
1791471435.1006021,601172,frontend_frame,1962,0,26936,48,8,254794240,354418688,302200320,356515840,,,,,,,,,,
1791471435.219616,601172,tracking_feedback_accumulate,1963,,26936,,,258627072,354418688,302201344,356515840,,,,,,,,3.0129998922348022,,
1791471435.224616,601172,frontend_frame,1963,0,26936,48,8,260995072,356515840,302201344,356515840,,,,,,,,,,
1791471435.5067534,601172,tracking_feedback_accumulate,1964,,26936,,,246064640,356515840,302201344,356515840,,,,,,,,3.057299880310893,,
1791471435.5107527,601172,frontend_frame,1964,0,26936,48,8,248432640,356515840,302201344,356515840,,,,,,,,,,
1791471435.8312747,601172,tracking_feedback_accumulate,1965,,26936,,,252265472,356515840,302201344,356515840,,,,,,,,2.8282999992370605,,
1791471435.8362746,601172,frontend_frame,1965,0,26936,48,8,254633472,356515840,302201344,356515840,,,,,,,,,,
1791471436.0842683,601172,tracking_feedback_accumulate,1966,,26936,,,258793984,356515840,302201344,356515840,,,,,,,,2.935199998319149,,
1791471436.0892704,601172,frontend_frame,1966,0,26936,48,8,248434688,356515840,302201344,356515840,,,,,,,,,,
1791471436.405417,601172,tracking_feedback_accumulate,1967,,26936,,,252349440,356515840,302201344,356515840,,,,,,,,3.2001000363379717,,
1791471436.4104168,601172,frontend_frame,1967,0,26936,48,8,254717440,356515840,302201344,356515840,,,,,,,,,,
1791471436.7995908,601172,tracking_feedback_accumulate,1968,,26936,,,258796032,356515840,302210048,356515840,,,,,,,,2.8608001302927732,,
1791471436.8045907,601172,frontend_frame,1968,0,26936,48,8,248436736,356515840,302210048,356515840,,,,,,,,,,
1791471437.032684,601172,tracking_feedback_accumulate,1969,,26936,,,252351488,356515840,302210048,356515840,,,,,,,,2.9078000225126743,,
1791471437.0376842,601172,frontend_frame,1969,0,26936,48,8,254719488,356515840,302210048,356515840,,,,,,,,,,
1791471437.4228249,601172,tracking_feedback_accumulate,1970,,26936,,,258798080,356515840,302219264,356515840,,,,,,,,2.7526000048965216,,
1791471437.4278252,601172,frontend_frame,1970,0,26936,48,8,261166080,312475648,302219264,356515840,,,,,,,,,,
1791471437.7529106,601172,tracking_feedback_accumulate,1971,,26936,,,252353536,354418688,302219264,356515840,,,,,,,,3.015900030732155,,
1791471437.7574189,601172,frontend_frame,1971,0,26936,48,8,254721536,354418688,302219264,356515840,,,,,,,,,,
1791471438.132502,601172,tracking_feedback_accumulate,1972,,26936,,,258800128,354418688,302221312,356515840,,,,,,,,2.8750000055879354,,
1791471438.1375022,601172,frontend_frame,1972,0,26936,48,8,261168128,356515840,302221312,356515840,,,,,,,,,,
1791471438.5156708,601172,tracking_feedback_accumulate,1973,,26936,,,265082880,360710144,308585984,360710144,,,,,,,,2.9324002098292112,,
1791471438.5206707,601172,frontend_frame,1973,0,26936,48,8,254723584,360710144,308585984,360710144,,,,,,,,,,
1791471438.875698,601172,tracking_feedback_accumulate,1974,,26936,,,258802176,360710144,308585984,360710144,,,,,,,,2.780799986794591,,
1791471438.8806984,601172,frontend_frame,1974,0,26936,48,8,261170176,360710144,308585984,360710144,,,,,,,,,,
1791471439.2899065,601172,tracking_feedback_accumulate,1975,,26936,,,265084928,360710144,308588032,360710144,,,,,,,,3.0076000839471817,,
1791471439.2949064,601172,frontend_frame,1975,0,26936,48,8,267452928,362807296,308588032,362807296,,,,,,,,,,
1791471439.6316764,601172,tracking_feedback_accumulate,1976,,26936,,,252276736,362807296,308588032,362807296,,,,,,,,3.140700049698353,,
1791471439.6871834,601172,frontend_frame,1976,0,26936,49,8,258640384,362807296,308588032,362807296,,,,,,,,,,
1791471450.458143,601172,tracking_feedback_accumulate,1977,,24980,,,262594560,362807296,308588032,362807296,,,,,,,,2.9090000316500664,,
1791471450.4626474,601172,frontend_frame,1977,0,24980,49,8,264485376,362807296,308588032,362807296,,,,,,,,,,
1791471450.7802324,601172,tracking_feedback_accumulate,1978,,24980,,,256134144,362807296,308588032,362807296,,,,,,,,2.964999992400408,,
1791471450.785231,601172,frontend_frame,1978,0,24980,49,8,258040832,362807296,308588032,362807296,,,,,,,,,,
1791471451.0623493,601172,tracking_feedback_accumulate,1979,,24980,,,262201344,362807296,308588032,362807296,,,,,,,,3.1427000649273396,,
1791471451.0683491,601172,frontend_frame,1979,0,24980,49,8,264108032,362807296,308588032,362807296,,,,,,,,,,
1791471451.402967,601172,tracking_feedback_accumulate,1980,,24980,,,268022784,362807296,310823424,362807296,,,,,,,,2.9088000301271677,,
1791471451.4099674,601172,frontend_frame,1980,0,24980,49,8,258124800,333447168,310823424,362807296,,,,,,,,,,
1791471451.7776275,601172,tracking_feedback_accumulate,1981,,24980,,,262203392,354418688,310823424,362807296,,,,,,,,2.9156000819057226,,
1791471451.782628,601172,frontend_frame,1981,0,24980,49,8,264110592,354418688,310823424,362807296,,,,,,,,,,
1791471452.1713002,601172,tracking_feedback_accumulate,1982,,24980,,,268025344,358612992,310835200,362807296,,,,,,,,3.1771999783813953,,
1791471452.1773,601172,frontend_frame,1982,0,24980,49,8,269932032,360710144,310835200,362807296,,,,,,,,,,
1791471452.5810163,601172,tracking_feedback_accumulate,1983,,24980,,,256303616,360710144,310835200,362807296,,,,,,,,2.8747001197189093,,
1791471452.5860164,601172,frontend_frame,1983,0,24980,49,8,258210304,360710144,310835200,362807296,,,,,,,,,,
1791471452.9470582,601172,tracking_feedback_accumulate,1984,,24980,,,262125056,360710144,310835200,362807296,,,,,,,,2.911499934270978,,
1791471452.9520595,601172,frontend_frame,1984,0,24980,49,8,264031744,360710144,310835200,362807296,,,,,,,,,,
1791471453.258396,601172,tracking_feedback_accumulate,1985,,24980,,,267946496,360710144,311042048,362807296,,,,,,,,2.8908001258969307,,
1791471453.2639005,601172,frontend_frame,1985,0,24980,49,8,258048512,360710144,311042048,362807296,,,,,,,,,,
1791471453.5804908,601172,tracking_feedback_accumulate,1986,,24980,,,262209024,360710144,311042048,362807296,,,,,,,,2.809799974784255,,
1791471453.5844908,601172,frontend_frame,1986,0,24980,49,8,264115712,360710144,311042048,362807296,,,,,,,,,,
1791471453.8882978,601172,tracking_feedback_accumulate,1987,,24980,,,268030464,360710144,311042048,362807296,,,,,,,,2.937600016593933,,
1791471453.893298,601172,frontend_frame,1987,0,24980,49,8,269937152,360710144,311042048,362807296,,,,,,,,,,
1791471454.240019,601172,tracking_feedback_accumulate,1988,,24980,,,256308736,360710144,311042048,362807296,,,,,,,,2.7946000918745995,,
1791471454.2440193,601172,frontend_frame,1988,0,24980,49,8,258215424,360710144,311042048,362807296,,,,,,,,,,
1791471454.497234,601172,tracking_feedback_accumulate,1989,,24980,,,262130176,360710144,311042048,362807296,,,,,,,,2.9387001413851976,,
1791471454.5056193,601172,frontend_frame,1989,0,24980,49,8,264036864,360710144,311042048,362807296,,,,,,,,,,
1791471454.914655,601172,tracking_feedback_accumulate,1990,,24980,,,267951616,360710144,311047168,362807296,,,,,,,,2.7784998528659344,,
1791471454.919655,601172,frontend_frame,1990,0,24980,49,8,258053632,312475648,311047168,362807296,,,,,,,,,,
1791471455.3025267,601172,tracking_feedback_accumulate,1991,,24980,,,262214144,354418688,311047168,362807296,,,,,,,,3.2325999345630407,,
1791471455.3065262,601172,frontend_frame,1991,0,24980,49,8,264120832,354418688,311047168,362807296,,,,,,,,,,
1791471455.7450364,601172,tracking_feedback_accumulate,1992,,24980,,,268035584,358612992,311047168,362807296,,,,,,,,2.8244000859558582,,
1791471455.750038,601172,frontend_frame,1992,0,24980,49,8,269942272,360710144,311047168,362807296,,,,,,,,,,
1791471456.1378596,601172,tracking_feedback_accumulate,1993,,24980,,,256313856,360710144,311047168,362807296,,,,,,,,2.890300005674362,,
1791471456.1418595,601172,frontend_frame,1993,0,24980,49,8,258220544,360710144,311047168,362807296,,,,,,,,,,
1791471456.4665043,601172,tracking_feedback_accumulate,1994,,24980,,,262053376,360710144,311047168,362807296,,,,,,,,2.9192001093178988,,
1791471456.4715047,601172,frontend_frame,1994,0,24980,49,8,263960064,360710144,311047168,362807296,,,,,,,,,,
1791471456.7171452,601172,tracking_feedback_accumulate,1995,,24980,,,256315904,360710144,311047168,362807296,,,,,,,,2.8570001013576984,,
1791471456.7211452,601172,frontend_frame,1995,0,24980,49,8,258222592,360710144,311047168,362807296,,,,,,,,,,
1791471457.094311,601172,tracking_feedback_accumulate,1996,,24980,,,262137344,360710144,311047168,362807296,,,,,,,,2.9126000590622425,,
1791471457.0993109,601172,frontend_frame,1996,0,24980,49,8,264044032,360710144,311047168,362807296,,,,,,,,,,
1791471457.4974456,601172,tracking_feedback_accumulate,1997,,24980,,,267958784,360710144,311054336,362807296,,,,,,,,3.4936999436467886,,
1791471457.5035434,601172,frontend_frame,1997,0,24980,49,8,258060800,360710144,311054336,362807296,,,,,,,,,,
1791471457.8430853,601172,tracking_feedback_accumulate,1998,,24980,,,262139392,360710144,311054336,362807296,,,,,,,,2.9607999604195356,,
1791471457.8470843,601172,frontend_frame,1998,0,24980,49,8,264046080,360710144,311054336,362807296,,,,,,,,,,
1791471458.1966944,601172,tracking_feedback_accumulate,1999,,24980,,,267960832,360710144,311056384,362807296,,,,,,,,2.9298998415470123,,
1791471458.2016943,601172,frontend_frame,1999,0,24980,49,8,269867520,360710144,311056384,362807296,,,,,,,,,,
1791471458.3993547,601172,tracking_feedback_accumulate,2000,,24980,,,256239104,360710144,311056384,362807296,,,,,,,,2.855700207874179,,
1791471458.4043546,601172,frontend_frame,2000,0,24980,49,8,258145792,333447168,311056384,362807296,,,,,,,,,,
1791471458.6284473,601172,tracking_feedback_accumulate,2001,,24980,,,262060544,354418688,311056384,362807296,,,,,,,,2.947199856862426,,
1791471458.6334472,601172,frontend_frame,2001,0,24980,49,8,263967232,354418688,311056384,362807296,,,,,,,,,,
1791471458.9835508,601172,tracking_feedback_accumulate,2002,,24980,,,268127744,358612992,311056384,362807296,,,,,,,,2.8650998137891293,,
1791471458.988551,601172,frontend_frame,2002,0,24980,49,8,258229760,358612992,311056384,362807296,,,,,,,,,,
1791471459.3902674,601172,tracking_feedback_accumulate,2003,,24980,,,262062592,358612992,311056384,362807296,,,,,,,,2.9612001962959766,,
1791471459.3952675,601172,frontend_frame,2003,0,24980,49,8,263969280,358612992,311056384,362807296,,,,,,,,,,
1791471459.7126992,601172,tracking_feedback_accumulate,2004,,24980,,,268129792,358612992,311056384,362807296,,,,,,,,2.850899938493967,,
1791471459.717699,601172,frontend_frame,2004,0,24980,49,8,270036480,360710144,311056384,362807296,,,,,,,,,,
1791471459.9977634,601172,tracking_feedback_accumulate,2005,,24980,,,256244224,360710144,311056384,362807296,,,,,,,,2.9115998186171055,,
1791471460.0027635,601172,frontend_frame,2005,0,24980,49,8,258150912,360710144,311056384,362807296,,,,,,,,,,
1791471460.2648304,601172,tracking_feedback_accumulate,2006,,24980,,,262065664,360710144,311056384,362807296,,,,,,,,2.8484000358730555,,
1791471460.2703366,601172,frontend_frame,2006,0,24980,49,8,263972352,360710144,311056384,362807296,,,,,,,,,,
1791471460.6145592,601172,tracking_feedback_accumulate,2007,,24980,,,268050944,360710144,311056384,362807296,,,,,,,,2.9428000561892986,,
1791471460.6195579,601172,frontend_frame,2007,0,24980,49,8,258152960,360710144,311056384,362807296,,,,,,,,,,
1791471460.9460819,601172,tracking_feedback_accumulate,2008,,24980,,,262067712,360710144,311056384,362807296,,,,,,,,2.774300053715706,,
1791471460.9946811,601172,frontend_frame,2008,0,24980,50,8,267970048,360710144,311056384,362807296,,,,,,,,,,
1791471471.7838223,601172,tracking_feedback_accumulate,2009,,24840,,,260320256,360710144,311056384,362807296,,,,,,,,2.885200083255768,,
1791471471.7898228,601172,frontend_frame,2009,0,24840,50,8,262195200,360710144,311056384,362807296,,,,,,,,,,
1791471472.1215045,601172,tracking_feedback_accumulate,2010,,24840,,,266109952,360710144,311056384,362807296,,,,,,,,2.9458999633789062,,
1791471472.1265042,601172,frontend_frame,2010,0,24840,50,8,267986432,333447168,311056384,362807296,,,,,,,,,,
1791471472.4440367,601172,tracking_feedback_accumulate,2011,,24840,,,272065024,358612992,314987520,362807296,,,,,,,,3.0440001282840967,,
1791471472.4490368,601172,frontend_frame,2011,0,24840,50,8,262197248,358612992,314987520,362807296,,,,,,,,,,
1791471472.7769902,601172,tracking_feedback_accumulate,2012,,24840,,,266112000,358612992,314987520,362807296,,,,,,,,2.9186999890953302,,
1791471472.7819898,601172,frontend_frame,2012,0,24840,50,8,267988480,358612992,314987520,362807296,,,,,,,,,,
1791471473.0606275,601172,tracking_feedback_accumulate,2013,,24840,,,272067072,358612992,314989568,362807296,,,,,,,,3.211400005966425,,
1791471473.065627,601172,frontend_frame,2013,0,24840,50,8,273944064,360710144,314989568,362807296,,,,,,,,,,
1791471473.40616,601172,tracking_feedback_accumulate,2014,,24840,,,260160512,360710144,314989568,362807296,,,,,,,,3.1258000526577234,,
1791471473.4121597,601172,frontend_frame,2014,0,24840,50,8,262036992,360710144,314989568,362807296,,,,,,,,,,
1791471473.7293348,601172,tracking_feedback_accumulate,2015,,24840,,,266197504,360710144,314989568,362807296,,,,,,,,2.8252999763935804,,
1791471473.7343347,601172,frontend_frame,2015,0,24840,50,8,268073984,360710144,314989568,362807296,,,,,,,,,,
1791471474.0228982,601172,tracking_feedback_accumulate,2016,,24840,,,260244480,360710144,314989568,362807296,,,,,,,,3.0206998344510794,,
1791471474.0268981,601172,frontend_frame,2016,0,24840,50,8,262120960,360710144,314989568,362807296,,,,,,,,,,
1791471474.2764716,601172,tracking_feedback_accumulate,2017,,24840,,,266199552,360710144,314989568,362807296,,,,,,,,3.148899879306555,,
1791471474.2814715,601172,frontend_frame,2017,0,24840,50,8,268076032,360710144,314989568,362807296,,,,,,,,,,
1791471474.6154726,601172,tracking_feedback_accumulate,2018,,24840,,,271990784,360710144,314989568,362807296,,,,,,,,3.092000028118491,,
1791471474.6204739,601172,frontend_frame,2018,0,24840,50,8,262123008,360710144,314989568,362807296,,,,,,,,,,
1791471474.9735157,601172,tracking_feedback_accumulate,2019,,24840,,,266201600,360710144,314989568,362807296,,,,,,,,2.941099926829338,,
1791471474.979059,601172,frontend_frame,2019,0,24840,50,8,268078080,360710144,314989568,362807296,,,,,,,,,,
1791471475.3451426,601172,tracking_feedback_accumulate,2020,,24840,,,271910912,360710144,314989568,362807296,,,,,,,,2.9217000119388103,,
1791471475.3501425,601172,frontend_frame,2020,0,24840,50,8,273787392,337641472,314989568,362807296,,,,,,,,,,
1791471475.711311,601172,tracking_feedback_accumulate,2021,,24840,,,260331520,358612992,314989568,362807296,,,,,,,,2.9698999132961035,,
1791471475.7163112,601172,frontend_frame,2021,0,24840,50,8,262208000,358612992,314989568,362807296,,,,,,,,,,
1791471475.988787,601172,tracking_feedback_accumulate,2022,,24840,,,266040832,358612992,314989568,362807296,,,,,,,,2.891399897634983,,
1791471475.9937868,601172,frontend_frame,2022,0,24840,50,8,267917312,358612992,314989568,362807296,,,,,,,,,,
1791471476.3388438,601172,tracking_feedback_accumulate,2023,,24840,,,272077824,358612992,314989568,362807296,,,,,,,,2.7896000538021326,,
1791471476.3438437,601172,frontend_frame,2023,0,24840,50,8,262210048,358612992,314989568,362807296,,,,,,,,,,
1791471476.6006758,601172,tracking_feedback_accumulate,2024,,24840,,,266124800,358612992,314989568,362807296,,,,,,,,2.9845000244677067,,
1791471476.605676,601172,frontend_frame,2024,0,24840,50,8,268001280,358612992,314989568,362807296,,,,,,,,,,
1791471477.0048068,601172,tracking_feedback_accumulate,2025,,24840,,,272079872,358612992,315002368,362807296,,,,,,,,2.9212001245468855,,
1791471477.0098069,601172,frontend_frame,2025,0,24840,50,8,273956352,360710144,315002368,362807296,,,,,,,,,,
1791471477.3584058,601172,tracking_feedback_accumulate,2026,,24840,,,260254720,360710144,315002368,362807296,,,,,,,,3.1775999814271927,,
1791471477.3634079,601172,frontend_frame,2026,0,24840,50,8,262131200,360710144,315002368,362807296,,,,,,,,,,
1791471477.6976597,601172,tracking_feedback_accumulate,2027,,24840,,,266045952,360710144,315002368,362807296,,,,,,,,2.805700059980154,,
1791471477.70166,601172,frontend_frame,2027,0,24840,50,8,267922432,360710144,315002368,362807296,,,,,,,,,,
1791471478.0197468,601172,tracking_feedback_accumulate,2028,,24840,,,272082944,360710144,315002368,362807296,,,,,,,,2.9682000167667866,,
1791471478.0247464,601172,frontend_frame,2028,0,24840,50,8,262215168,360710144,315002368,362807296,,,,,,,,,,
1791471478.384832,601172,tracking_feedback_accumulate,2029,,24840,,,266048000,360710144,315002368,362807296,,,,,,,,2.8316001407802105,,
1791471478.3898318,601172,frontend_frame,2029,0,24840,50,8,267924480,360710144,315002368,362807296,,,,,,,,,,
1791471478.6989114,601172,tracking_feedback_accumulate,2030,,24840,,,272084992,360710144,315002368,362807296,,,,,,,,3.097799839451909,,
1791471478.7049117,601172,frontend_frame,2030,0,24840,50,8,273961472,337641472,315002368,362807296,,,,,,,,,,
1791471479.0129778,601172,tracking_feedback_accumulate,2031,,24840,,,260259840,358612992,315002368,362807296,,,,,,,,2.834299812093377,,
1791471479.0169797,601172,frontend_frame,2031,0,24840,50,8,262136320,358612992,315002368,362807296,,,,,,,,,,
1791471479.2670445,601172,tracking_feedback_accumulate,2032,,24840,,,266051072,358612992,315002368,362807296,,,,,,,,2.8570001013576984,,
1791471479.2720454,601172,frontend_frame,2032,0,24840,50,8,267927552,358612992,315002368,362807296,,,,,,,,,,
1791471479.6598356,601172,tracking_feedback_accumulate,2033,,24840,,,260261888,358612992,315002368,362807296,,,,,,,,2.8226999565958977,,
1791471479.6648374,601172,frontend_frame,2033,0,24840,50,8,262138368,358612992,315002368,362807296,,,,,,,,,,
1791471480.047402,601172,tracking_feedback_accumulate,2034,,24840,,,266053120,358612992,315002368,362807296,,,,,,,,2.9432999435812235,,
1791471480.0514014,601172,frontend_frame,2034,0,24840,50,8,267929600,358612992,315002368,362807296,,,,,,,,,,
1791471480.1934223,601172,tracking_feedback_accumulate,2035,,24840,,,272090112,358612992,315002368,362807296,,,,,,,,2.9903999529778957,,
1791471480.242933,601172,frontend_frame,2035,0,24840,51,8,266217984,358612992,315002368,362807296,,,,,,,,,,
1791471490.8444562,601172,tracking_feedback_accumulate,2036,,24268,,,270013952,358612992,315002368,362807296,,,,,,,,2.9092999175190926,,
1791471490.8494563,601172,frontend_frame,2036,0,24268,51,8,271744512,358612992,315002368,362807296,,,,,,,,,,
1791471491.2430668,601172,tracking_feedback_accumulate,2037,,24268,,,275905024,358612992,318463488,362807296,,,,,,,,3.0260998755693436,,
1791471491.2480667,601172,frontend_frame,2037,0,24268,51,8,277640704,358612992,318463488,362807296,,,,,,,,,,
1791471491.5732224,601172,tracking_feedback_accumulate,2038,,24268,,,264220672,358612992,318463488,362807296,,,,,,,,2.8635000344365835,,
1791471491.5772223,601172,frontend_frame,2038,0,24268,51,8,265956352,358612992,318463488,362807296,,,,,,,,,,
1791471491.927449,601172,tracking_feedback_accumulate,2039,,24268,,,270034944,358612992,318463488,362807296,,,,,,,,2.8603998944163322,,
1791471491.9324486,601172,frontend_frame,2039,0,24268,51,8,271770624,358612992,318463488,362807296,,,,,,,,,,
1791471492.2815926,601172,tracking_feedback_accumulate,2040,,24268,,,264222720,358612992,318463488,362807296,,,,,,,,2.756700152531266,,
1791471492.286595,601172,frontend_frame,2040,0,24268,51,8,265958912,333447168,318463488,362807296,,,,,,,,,,
1791471492.6647358,601172,tracking_feedback_accumulate,2041,,24268,,,270037504,354418688,318463488,362807296,,,,,,,,2.8717999812215567,,
1791471492.6697378,601172,frontend_frame,2041,0,24268,51,8,271773184,354418688,318463488,362807296,,,,,,,,,,
1791471493.0198958,601172,tracking_feedback_accumulate,2042,,24268,,,275687936,356515840,318463488,362807296,,,,,,,,2.9908998403698206,,
1791471493.0248957,601172,frontend_frame,2042,0,24268,51,8,265960960,356515840,318463488,362807296,,,,,,,,,,
1791471493.3339944,601172,tracking_feedback_accumulate,2043,,24268,,,270039552,356515840,318463488,362807296,,,,,,,,2.862100023776293,,
1791471493.3389945,601172,frontend_frame,2043,0,24268,51,8,271775232,356515840,318463488,362807296,,,,,,,,,,
1791471493.6786547,601172,tracking_feedback_accumulate,2044,,24268,,,275689984,356515840,318463488,362807296,,,,,,,,2.871599979698658,,
1791471493.6831589,601172,frontend_frame,2044,0,24268,51,8,277425664,358612992,318463488,362807296,,,,,,,,,,
1791471493.8981826,601172,tracking_feedback_accumulate,2045,,24268,,,264146432,358612992,318463488,362807296,,,,,,,,2.891100011765957,,
1791471493.903181,601172,frontend_frame,2045,0,24268,51,8,265882112,358612992,318463488,362807296,,,,,,,,,,
1791471494.2049897,601172,tracking_feedback_accumulate,2046,,24268,,,269960704,358612992,318463488,362807296,,,,,,,,2.9503998812288046,,
1791471494.2089896,601172,frontend_frame,2046,0,24268,51,8,271696384,358612992,318463488,362807296,,,,,,,,,,
1791471494.5250723,601172,tracking_feedback_accumulate,2047,,24268,,,275611136,358612992,318463488,362807296,,,,,,,,2.7825001161545515,,
1791471494.5300727,601172,frontend_frame,2047,0,24268,51,8,265884160,358612992,318463488,362807296,,,,,,,,,,
1791471494.8257766,601172,tracking_feedback_accumulate,2048,,24268,,,270044672,358612992,318463488,362807296,,,,,,,,3.0447999015450478,,
1791471494.830777,601172,frontend_frame,2048,0,24268,51,8,271780352,358612992,318463488,362807296,,,,,,,,,,
1791471495.1914086,601172,tracking_feedback_accumulate,2049,,24268,,,275613184,358612992,318463488,362807296,,,,,,,,2.8576001059263945,,
1791471495.1964076,601172,frontend_frame,2049,0,24268,51,8,277348864,358612992,318463488,362807296,,,,,,,,,,
1791471495.5514884,601172,tracking_feedback_accumulate,2050,,24268,,,264233472,358612992,318463488,362807296,,,,,,,,3.290599910542369,,
1791471495.5564885,601172,frontend_frame,2050,0,24268,51,8,265969152,333447168,318463488,362807296,,,,,,,,,,
1791471495.7406158,601172,tracking_feedback_accumulate,2051,,24268,,,269883904,354418688,318463488,362807296,,,,,,,,2.952100010588765,,
1791471495.7446158,601172,frontend_frame,2051,0,24268,51,8,271619584,354418688,318463488,362807296,,,,,,,,,,
1791471496.0447228,601172,tracking_feedback_accumulate,2052,,24268,,,275698176,356515840,318463488,362807296,,,,,,,,2.876000013202429,,
1791471496.0497205,601172,frontend_frame,2052,0,24268,51,8,265971200,356515840,318463488,362807296,,,,,,,,,,
1791471496.395757,601172,tracking_feedback_accumulate,2053,,24268,,,270049792,356515840,318463488,362807296,,,,,,,,2.924000145867467,,
1791471496.3997562,601172,frontend_frame,2053,0,24268,51,8,271785472,356515840,318463488,362807296,,,,,,,,,,
1791471496.779471,601172,tracking_feedback_accumulate,2054,,24268,,,275700224,356515840,318463488,362807296,,,,,,,,3.1966001261025667,,
1791471496.7849743,601172,frontend_frame,2054,0,24268,51,8,277435904,358612992,318463488,362807296,,,,,,,,,,
1791471497.0816698,601172,tracking_feedback_accumulate,2055,,24268,,,264156672,358612992,318463488,362807296,,,,,,,,2.887100214138627,,
1791471497.0861742,601172,frontend_frame,2055,0,24268,51,8,265892352,358612992,318463488,362807296,,,,,,,,,,
1791471497.3561873,601172,tracking_feedback_accumulate,2056,,24268,,,270052864,358612992,318463488,362807296,,,,,,,,2.8778999112546444,,
1791471497.3611877,601172,frontend_frame,2056,0,24268,51,8,271788544,358612992,318463488,362807296,,,,,,,,,,
1791471497.693353,601172,tracking_feedback_accumulate,2057,,24268,,,264158720,358612992,318463488,362807296,,,,,,,,2.8637999203056097,,
1791471497.6983528,601172,frontend_frame,2057,0,24268,51,8,265894400,358612992,318463488,362807296,,,,,,,,,,
1791471498.000846,601172,tracking_feedback_accumulate,2058,,24268,,,269972992,358612992,318463488,362807296,,,,,,,,2.6888998690992594,,
1791471498.005846,601172,frontend_frame,2058,0,24268,51,8,271708672,358612992,318463488,362807296,,,,,,,,,,
1791471498.3098862,601172,tracking_feedback_accumulate,2059,,24268,,,275787264,358612992,318463488,362807296,,,,,,,,2.8328001499176025,,
1791471498.360886,601172,frontend_frame,2059,0,24268,52,8,270055936,358612992,318463488,362807296,,,,,,,,,,
1791471509.0479457,601172,tracking_feedback_accumulate,2060,,23441,,,273921024,358612992,318463488,362807296,,,,,,,,2.856799867004156,,
1791471509.0539458,601172,frontend_frame,2060,0,23441,52,8,275458048,333447168,318463488,362807296,,,,,,,,,,
1791471509.3193345,601172,tracking_feedback_accumulate,2061,,23441,,,279372800,377487360,321620480,377487360,,,,,,,,2.861000131815672,,
1791471509.3243344,601172,frontend_frame,2061,0,23441,52,8,280916992,379584512,321620480,379584512,,,,,,,,,,
1791471509.6740866,601172,tracking_feedback_accumulate,2062,,23441,,,268266496,379584512,321620480,379584512,,,,,,,,2.818700158968568,,
1791471509.6790872,601172,frontend_frame,2062,0,23441,52,8,269810688,379584512,321620480,379584512,,,,,,,,,,
1791471510.0156212,601172,tracking_feedback_accumulate,2063,,23441,,,273725440,379584512,321620480,379584512,,,,,,,,2.961300080642104,,
1791471510.0216212,601172,frontend_frame,2063,0,23441,52,8,275269632,379584512,321620480,379584512,,,,,,,,,,
1791471510.3737237,601172,tracking_feedback_accumulate,2064,,23441,,,268104704,379584512,321620480,379584512,,,,,,,,3.197799902409315,,
1791471510.3787272,601172,frontend_frame,2064,0,23441,52,8,269649408,379584512,321620480,379584512,,,,,,,,,,
1791471510.6792917,601172,tracking_feedback_accumulate,2065,,23441,,,273809920,379584512,321620480,379584512,,,,,,,,2.983100013807416,,
1791471510.6842926,601172,frontend_frame,2065,0,23441,52,8,275354112,379584512,321620480,379584512,,,,,,,,,,
1791471510.9408984,601172,tracking_feedback_accumulate,2066,,23441,,,279186944,379584512,321620480,379584512,,,,,,,,2.9250001534819603,,
1791471510.9468982,601172,frontend_frame,2066,0,23441,52,8,269651456,379584512,321620480,379584512,,,,,,,,,,
1791471511.2515607,601172,tracking_feedback_accumulate,2067,,23441,,,273730048,379584512,321620480,379584512,,,,,,,,2.780499868094921,,
1791471511.2565606,601172,frontend_frame,2067,0,23441,52,8,275274240,379584512,321620480,379584512,,,,,,,,,,
1791471511.6047611,601172,tracking_feedback_accumulate,2068,,23441,,,279188992,379584512,321620480,379584512,,,,,,,,2.849800046533346,,
1791471511.6097612,601172,frontend_frame,2068,0,23441,52,8,280733184,379584512,321620480,379584512,,,,,,,,,,
1791471511.8741043,601172,tracking_feedback_accumulate,2069,,23441,,,268274176,379584512,321620480,379584512,,,,,,,,3.099600085988641,,
1791471511.8786469,601172,frontend_frame,2069,0,23441,52,8,269818368,379584512,321620480,379584512,,,,,,,,,,
1791471512.2202702,601172,tracking_feedback_accumulate,2070,,23441,,,273651200,379584512,321620480,379584512,,,,,,,,3.014099784195423,,
1791471512.226271,601172,frontend_frame,2070,0,23441,52,8,275195392,333447168,321620480,379584512,,,,,,,,,,
1791471512.5319004,601172,tracking_feedback_accumulate,2071,,23441,,,279273984,356515840,321620480,379584512,,,,,,,,2.94229993596673,,
1791471512.5369003,601172,frontend_frame,2071,0,23441,52,8,269738496,356515840,321620480,379584512,,,,,,,,,,
1791471512.7965963,601172,tracking_feedback_accumulate,2072,,23441,,,273653248,377487360,321620480,379584512,,,,,,,,2.8963000513613224,,
1791471512.8015962,601172,frontend_frame,2072,0,23441,52,8,275197440,377487360,321620480,379584512,,,,,,,,,,
1791471513.1347458,601172,tracking_feedback_accumulate,2073,,23441,,,279276032,377487360,321620480,379584512,,,,,,,,2.7843001298606396,,
1791471513.1407459,601172,frontend_frame,2073,0,23441,52,8,280820224,379584512,321620480,379584512,,,,,,,,,,
1791471513.5178273,601172,tracking_feedback_accumulate,2074,,23441,,,268279296,379584512,321620480,379584512,,,,,,,,2.7872000355273485,,
1791471513.5228276,601172,frontend_frame,2074,0,23441,52,8,269823488,379584512,321620480,379584512,,,,,,,,,,
1791471513.8459969,601172,tracking_feedback_accumulate,2075,,23441,,,273656320,379584512,321620480,379584512,,,,,,,,2.781700110062957,,
1791471513.850997,601172,frontend_frame,2075,0,23441,52,8,275200512,379584512,321620480,379584512,,,,,,,,,,
1791471514.192134,601172,tracking_feedback_accumulate,2076,,23441,,,279361024,379584512,321620480,379584512,,,,,,,,2.7608999516814947,,
1791471514.1971333,601172,frontend_frame,2076,0,23441,52,8,269825536,379584512,321620480,379584512,,,,,,,,,,
1791471514.526714,601172,tracking_feedback_accumulate,2077,,23441,,,273658368,379584512,321620480,379584512,,,,,,,,2.8629000298678875,,
1791471514.5317147,601172,frontend_frame,2077,0,23441,52,8,275202560,379584512,321620480,379584512,,,,,,,,,,
1791471514.8224337,601172,tracking_feedback_accumulate,2078,,23441,,,279281152,379584512,321620480,379584512,,,,,,,,2.850599819794297,,
1791471514.8274338,601172,frontend_frame,2078,0,23441,52,8,280825344,379584512,321620480,379584512,,,,,,,,,,
1791471515.1170914,601172,tracking_feedback_accumulate,2079,,23441,,,268284416,379584512,321620480,379584512,,,,,,,,2.8826999478042126,,
1791471515.1670892,601172,frontend_frame,2079,0,23441,53,8,273824256,379584512,321620480,379584512,,,,,,,,,,
1791471525.6082253,601172,tracking_feedback_accumulate,2080,,23704,,,277676544,379584512,321620480,379584512,,,,,,,,3.0646000523120165,,
1791471525.6142247,601172,frontend_frame,2080,0,23704,53,8,279282688,333447168,321620480,379584512,,,,,,,,,,
1791471525.8861647,601172,tracking_feedback_accumulate,2081,,23704,,,272303104,375390208,321620480,379584512,,,,,,,,2.828200114890933,,
1791471525.8901649,601172,frontend_frame,2081,0,23704,53,8,273907712,375390208,321620480,379584512,,,,,,,,,,
1791471526.202353,601172,tracking_feedback_accumulate,2082,,23704,,,277740544,375390208,321620480,379584512,,,,,,,,2.8480999171733856,,
1791471526.2073529,601172,frontend_frame,2082,0,23704,53,8,279345152,375390208,321620480,379584512,,,,,,,,,,
1791471526.4784,601172,tracking_feedback_accumulate,2083,,23704,,,283505664,377487360,325854208,379584512,,,,,,,,2.8820999432355165,,
1791471526.4844003,601172,frontend_frame,2083,0,23704,53,8,273909760,377487360,325854208,379584512,,,,,,,,,,
1791471526.8187442,601172,tracking_feedback_accumulate,2084,,23704,,,277824512,377487360,325854208,379584512,,,,,,,,2.9249999206513166,,
1791471526.823744,601172,frontend_frame,2084,0,23704,53,8,279429632,377487360,325854208,379584512,,,,,,,,,,
1791471527.0994468,601172,tracking_feedback_accumulate,2085,,23704,,,283508224,377487360,325854208,379584512,,,,,,,,2.6857000775635242,,
1791471527.1049519,601172,frontend_frame,2085,0,23704,53,8,285112832,379584512,325854208,379584512,,,,,,,,,,
1791471527.3989701,601172,tracking_feedback_accumulate,2086,,23704,,,272226816,379584512,325854208,379584512,,,,,,,,3.1516000162810087,,
1791471527.404474,601172,frontend_frame,2086,0,23704,53,8,273831424,379584512,325854208,379584512,,,,,,,,,,
1791471527.7360554,601172,tracking_feedback_accumulate,2087,,23704,,,277910016,379584512,325854208,379584512,,,,,,,,2.916600089520216,,
1791471527.7410553,601172,frontend_frame,2087,0,23704,53,8,279514624,379584512,325854208,379584512,,,,,,,,,,
1791471528.1173356,601172,tracking_feedback_accumulate,2088,,23704,,,283347456,379584512,325854208,379584512,,,,,,,,3.1361000146716833,,
1791471528.1223354,601172,frontend_frame,2088,0,23704,53,8,273751552,379584512,325854208,379584512,,,,,,,,,,
1791471528.4088552,601172,tracking_feedback_accumulate,2089,,23704,,,277830144,379584512,325854208,379584512,,,,,,,,2.841199981048703,,
1791471528.4138556,601172,frontend_frame,2089,0,23704,53,8,279434752,379584512,325854208,379584512,,,,,,,,,,
1791471528.7489123,601172,tracking_feedback_accumulate,2090,,23704,,,283349504,379584512,325854208,379584512,,,,,,,,2.810100093483925,,
1791471528.7539122,601172,frontend_frame,2090,0,23704,53,8,273753600,335544320,325854208,379584512,,,,,,,,,,
1791471529.0926194,601172,tracking_feedback_accumulate,2091,,23704,,,277914112,377487360,325854208,379584512,,,,,,,,2.8180000372231007,,
1791471529.0976193,601172,frontend_frame,2091,0,23704,53,8,279518720,377487360,325854208,379584512,,,,,,,,,,
1791471529.4156542,601172,tracking_feedback_accumulate,2092,,23704,,,283351552,377487360,325854208,379584512,,,,,,,,2.853600075468421,,
1791471529.4206533,601172,frontend_frame,2092,0,23704,53,8,284956160,379584512,325854208,379584512,,,,,,,,,,
1791471529.712377,601172,tracking_feedback_accumulate,2093,,23704,,,277834240,379584512,325854208,379584512,,,,,,,,2.7794998604804277,,
1791471529.7173772,601172,frontend_frame,2093,0,23704,53,8,279438848,379584512,325854208,379584512,,,,,,,,,,
1791471530.0726056,601172,tracking_feedback_accumulate,2094,,23704,,,283517440,379584512,325854208,379584512,,,,,,,,3.201700048521161,,
1791471530.0776074,601172,frontend_frame,2094,0,23704,53,8,285122048,379584512,325854208,379584512,,,,,,,,,,
1791471530.3501382,601172,tracking_feedback_accumulate,2095,,23704,,,288954880,383778816,331437056,383778816,,,,,,,,2.7350999880582094,,
1791471530.355138,601172,frontend_frame,2095,0,23704,53,8,279358976,383778816,331437056,383778816,,,,,,,,,,
1791471530.684556,601172,tracking_feedback_accumulate,2096,,23704,,,283519488,383778816,331437056,383778816,,,,,,,,2.882600063458085,,
1791471530.6895592,601172,frontend_frame,2096,0,23704,53,8,285124096,383778816,331437056,383778816,,,,,,,,,,
1791471530.9998105,601172,tracking_feedback_accumulate,2097,,23704,,,288956928,383778816,331438080,383778816,,,,,,,,2.973799826577306,,
1791471531.0053174,601172,frontend_frame,2097,0,23704,53,8,290561536,385875968,331438080,385875968,,,,,,,,,,
1791471531.3354554,601172,tracking_feedback_accumulate,2098,,23704,,,277921280,385875968,331438080,385875968,,,,,,,,3.2315999269485474,,
1791471531.3844554,601172,frontend_frame,2098,0,23704,54,8,283521536,385875968,331438080,385875968,,,,,,,,,,
1791471541.9378288,601172,tracking_feedback_accumulate,2099,,24105,,,287382016,385875968,331438080,385875968,,,,,,,,2.8820999432355165,,
1791471541.9428291,601172,frontend_frame,2099,0,24105,54,8,289081856,385875968,331438080,385875968,,,,,,,,,,
1791471542.2339497,601172,tracking_feedback_accumulate,2100,,24105,,,281949184,385875968,335343616,385875968,,,,,,,,3.3581999596208334,,
1791471542.2389498,601172,frontend_frame,2100,0,24105,54,8,283646464,337641472,335343616,385875968,,,,,,,,,,
1791471542.6164932,601172,tracking_feedback_accumulate,2101,,24105,,,287561216,379584512,335343616,385875968,,,,,,,,2.876600017771125,,
1791471542.6214936,601172,frontend_frame,2101,0,24105,54,8,289258496,381681664,335343616,385875968,,,,,,,,,,
1791471542.9721441,601172,tracking_feedback_accumulate,2102,,24105,,,293337088,383778816,335817728,385875968,,,,,,,,4.781799856573343,,
1791471542.9787922,601172,frontend_frame,2102,0,24105,54,8,283648512,383778816,335817728,385875968,,,,,,,,,,
1791471543.3290331,601172,tracking_feedback_accumulate,2103,,24105,,,287481344,383778816,335817728,385875968,,,,,,,,2.818400040268898,,
1791471543.3330333,601172,frontend_frame,2103,0,24105,54,8,289179136,383778816,335817728,385875968,,,,,,,,,,
1791471543.6401217,601172,tracking_feedback_accumulate,2104,,24105,,,293339648,383778816,335819264,385875968,,,,,,,,2.8796999249607325,,
1791471543.6461215,601172,frontend_frame,2104,0,24105,54,8,295036928,385875968,335819264,385875968,,,,,,,,,,
1791471544.0033138,601172,tracking_feedback_accumulate,2105,,24105,,,281872896,385875968,335819264,385875968,,,,,,,,2.905299887061119,,
1791471544.0073137,601172,frontend_frame,2105,0,24105,54,8,283570176,385875968,335819264,385875968,,,,,,,,,,
1791471544.2944214,601172,tracking_feedback_accumulate,2106,,24105,,,287484928,385875968,335819264,385875968,,,,,,,,2.841500099748373,,
1791471544.2984233,601172,frontend_frame,2106,0,24105,54,8,289182208,385875968,335819264,385875968,,,,,,,,,,
1791471544.6352758,601172,tracking_feedback_accumulate,2107,,24105,,,293342720,385875968,335819264,385875968,,,,,,,,2.903600223362446,,
1791471544.6402755,601172,frontend_frame,2107,0,24105,54,8,283654144,385875968,335819264,385875968,,,,,,,,,,
1791471544.995958,601172,tracking_feedback_accumulate,2108,,24105,,,287486976,385875968,335819264,385875968,,,,,,,,2.745299832895398,,
1791471544.9999597,601172,frontend_frame,2108,0,24105,54,8,289184256,385875968,335819264,385875968,,,,,,,,,,
1791471545.2430723,601172,tracking_feedback_accumulate,2109,,24105,,,293262848,385875968,335819776,385875968,,,,,,,,2.857699990272522,,
1791471545.2480714,601172,frontend_frame,2109,0,24105,54,8,294960128,385875968,335819776,385875968,,,,,,,,,,
1791471545.539136,601172,tracking_feedback_accumulate,2110,,24105,,,281959936,385875968,335819776,385875968,,,,,,,,2.9076000209897757,,
1791471545.5441349,601172,frontend_frame,2110,0,24105,54,8,283657216,337641472,335819776,385875968,,,,,,,,,,
1791471545.8416553,601172,tracking_feedback_accumulate,2111,,24105,,,287571968,379584512,335819776,385875968,,,,,,,,2.976000076159835,,
1791471545.846655,601172,frontend_frame,2111,0,24105,54,8,289269248,381681664,335819776,385875968,,,,,,,,,,
1791471546.2018306,601172,tracking_feedback_accumulate,2112,,24105,,,293347840,383778816,335822336,385875968,,,,,,,,2.8456998988986015,,
1791471546.2078304,601172,frontend_frame,2112,0,24105,54,8,278059008,383778816,335822336,385875968,,,,,,,,,,
1791471546.556493,601172,tracking_feedback_accumulate,2113,,24105,,,281973760,383778816,335822336,385875968,,,,,,,,2.8855002019554377,,
1791471546.5620694,601172,frontend_frame,2113,0,24105,54,8,283671040,383778816,335822336,385875968,,,,,,,,,,
1791471546.8776574,601172,tracking_feedback_accumulate,2114,,24105,,,287585792,383778816,335822336,385875968,,,,,,,,3.0250002164393663,,
1791471546.8816571,601172,frontend_frame,2114,0,24105,54,8,289283072,383778816,335822336,385875968,,,,,,,,,,
1791471547.235898,601172,tracking_feedback_accumulate,2115,,24105,,,276364800,383778816,335822336,385875968,,,,,,,,2.9595999512821436,,
1791471547.2398982,601172,frontend_frame,2115,0,24105,54,8,278062080,383778816,335822336,385875968,,,,,,,,,,
1791471547.5615182,601172,tracking_feedback_accumulate,2116,,24105,,,281894912,383778816,335822336,385875968,,,,,,,,3.103499999269843,,
1791471547.5665185,601172,frontend_frame,2116,0,24105,54,8,283592192,383778816,335822336,385875968,,,,,,,,,,
1791471547.907247,601172,tracking_feedback_accumulate,2117,,24105,,,276284928,383778816,335822336,385875968,,,,,,,,2.9064000118523836,,
1791471547.912247,601172,frontend_frame,2117,0,24105,54,8,277982208,383778816,335822336,385875968,,,,,,,,,,
1791471548.2969003,601172,tracking_feedback_accumulate,2118,,24105,,,282060800,383778816,335822336,385875968,,,,,,,,2.858199877664447,,
1791471548.301903,601172,frontend_frame,2118,0,24105,54,8,283758080,383778816,335822336,385875968,,,,,,,,,,
1791471548.6730733,601172,tracking_feedback_accumulate,2119,,24105,,,287672832,383778816,335822336,385875968,,,,,,,,2.813899889588356,,
1791471548.724584,601172,frontend_frame,2119,0,24105,55,8,281979904,383778816,335822336,385875968,,,,,,,,,,
1791471559.3581338,601172,tracking_feedback_accumulate,2120,,24249,,,280378368,383778816,335822336,385875968,,,,,,,,2.871300093829632,,
1791471559.3631337,601172,frontend_frame,2120,0,24249,55,8,282112512,335544320,335822336,385875968,,,,,,,,,,
1791471559.741882,601172,tracking_feedback_accumulate,2121,,24249,,,285945344,377487360,335822336,385875968,,,,,,,,2.8625999111682177,,
1791471559.7478826,601172,frontend_frame,2121,0,24249,55,8,287678976,377487360,335822336,385875968,,,,,,,,,,
1791471560.0496056,601172,tracking_feedback_accumulate,2122,,24249,,,291839488,381681664,335822336,385875968,,,,,,,,2.8286001179367304,,
1791471560.0546057,601172,frontend_frame,2122,0,24249,55,8,282114560,381681664,335822336,385875968,,,,,,,,,,
1791471560.41113,601172,tracking_feedback_accumulate,2123,,24249,,,286029312,381681664,335822336,385875968,,,,,,,,2.938200021162629,,
1791471560.4161298,601172,frontend_frame,2123,0,24249,55,8,287762944,381681664,335822336,385875968,,,,,,,,,,
1791471560.8057613,601172,tracking_feedback_accumulate,2124,,24249,,,291841536,381681664,335822336,385875968,,,,,,,,2.8486999217420816,,
1791471560.8117614,601172,frontend_frame,2124,0,24249,55,8,293575680,383778816,335822336,385875968,,,,,,,,,,
1791471561.122955,601172,tracking_feedback_accumulate,2125,,24249,,,280220672,383778816,335822336,385875968,,,,,,,,2.8603000100702047,,
1791471561.1269567,601172,frontend_frame,2125,0,24249,55,8,281954304,383778816,335822336,385875968,,,,,,,,,,
1791471561.4626193,601172,tracking_feedback_accumulate,2126,,24249,,,286032896,383778816,335822336,385875968,,,,,,,,2.917200094088912,,
1791471561.4676194,601172,frontend_frame,2126,0,24249,55,8,287766528,383778816,335822336,385875968,,,,,,,,,,
1791471561.7778482,601172,tracking_feedback_accumulate,2127,,24249,,,291845120,383778816,335822336,385875968,,,,,,,,2.7966999914497137,,
1791471561.7828476,601172,frontend_frame,2127,0,24249,55,8,282120192,383778816,335822336,385875968,,,,,,,,,,
1791471562.1337464,601172,tracking_feedback_accumulate,2128,,24249,,,285953024,383778816,335822336,385875968,,,,,,,,2.6705001946538687,,
1791471562.137746,601172,frontend_frame,2128,0,24249,55,8,287686656,383778816,335822336,385875968,,,,,,,,,,
1791471562.4127653,601172,tracking_feedback_accumulate,2129,,24249,,,291847168,383778816,335822336,385875968,,,,,,,,2.825999865308404,,
1791471562.4177654,601172,frontend_frame,2129,0,24249,55,8,282122240,383778816,335822336,385875968,,,,,,,,,,
1791471562.7574165,601172,tracking_feedback_accumulate,2130,,24249,,,285955072,383778816,335822336,385875968,,,,,,,,2.8036998119205236,,
1791471562.7624168,601172,frontend_frame,2130,0,24249,55,8,287688704,356515840,335822336,385875968,,,,,,,,,,
1791471563.1356819,601172,tracking_feedback_accumulate,2131,,24249,,,291849216,381681664,335822336,385875968,,,,,,,,2.9384999070316553,,
1791471563.1406832,601172,frontend_frame,2131,0,24249,55,8,293582848,383778816,335822336,385875968,,,,,,,,,,
1791471563.4703286,601172,tracking_feedback_accumulate,2132,,24249,,,285957120,383778816,335822336,385875968,,,,,,,,3.3377998042851686,,
1791471563.4749212,601172,frontend_frame,2132,0,24249,55,8,287690752,383778816,335822336,385875968,,,,,,,,,,
1791471563.755618,601172,tracking_feedback_accumulate,2133,,24249,,,291769344,383778816,335822336,385875968,,,,,,,,6.916999816894531,,
1791471563.7596178,601172,frontend_frame,2133,0,24249,55,8,293502976,383778816,335822336,385875968,,,,,,,,,,
1791471564.103758,601172,tracking_feedback_accumulate,2134,,24249,,,297417728,385875968,340025856,385875968,,,,,,,,2.810999983921647,,
1791471564.10876,601172,frontend_frame,2134,0,24249,55,8,287692800,385875968,340025856,385875968,,,,,,,,,,
1791471564.4272928,601172,tracking_feedback_accumulate,2135,,24249,,,291771392,385875968,340025856,385875968,,,,,,,,3.0102001037448645,,
1791471564.431293,601172,frontend_frame,2135,0,24249,55,8,293505024,385875968,340025856,385875968,,,,,,,,,,
1791471564.7286446,601172,tracking_feedback_accumulate,2136,,24249,,,297583616,385875968,340027904,385875968,,,,,,,,2.813700120896101,,
1791471564.7346447,601172,frontend_frame,2136,0,24249,55,8,299317248,387973120,340027904,387973120,,,,,,,,,,
1791471565.0868378,601172,tracking_feedback_accumulate,2137,,24249,,,286044160,387973120,340027904,387973120,,,,,,,,2.985999919474125,,
1791471565.137344,601172,frontend_frame,2137,0,24249,56,8,291773440,387973120,340027904,387973120,,,,,,,,,,
1791471575.6655073,601172,tracking_feedback_accumulate,2138,,24477,,,295868928,387973120,340027904,387973120,,,,,,,,2.9684000182896852,,
1791471575.670507,601172,frontend_frame,2138,0,24477,56,8,297656320,387973120,340027904,387973120,,,,,,,,,,
1791471576.0071104,601172,tracking_feedback_accumulate,2139,,24477,,,284249088,387973120,340027904,387973120,,,,,,,,2.8947999235242605,,
1791471576.0121102,601172,frontend_frame,2139,0,24477,56,8,286034944,387973120,340027904,387973120,,,,,,,,,,
1791471576.3304524,601172,tracking_feedback_accumulate,2140,,24477,,,290113536,387973120,340027904,387973120,,,,,,,,2.766899997368455,,
1791471576.3354535,601172,frontend_frame,2140,0,24477,56,8,291899392,356515840,340027904,387973120,,,,,,,,,,
1791471576.6215694,601172,tracking_feedback_accumulate,2141,,24477,,,295977984,381681664,340027904,387973120,,,,,,,,2.9254001565277576,,
1791471576.6265695,601172,frontend_frame,2141,0,24477,56,8,286200832,381681664,340027904,387973120,,,,,,,,,,
1791471577.0218058,601172,tracking_feedback_accumulate,2142,,24477,,,290115584,381681664,340027904,387973120,,,,,,,,2.8744000010192394,,
1791471577.026858,601172,frontend_frame,2142,0,24477,56,8,291901952,381681664,340027904,387973120,,,,,,,,,,
1791471577.324924,601172,tracking_feedback_accumulate,2143,,24477,,,295980544,383778816,340027904,387973120,,,,,,,,2.833999926224351,,
1791471577.3304284,601172,frontend_frame,2143,0,24477,56,8,297766400,385875968,340027904,387973120,,,,,,,,,,
1791471577.7006252,601172,tracking_feedback_accumulate,2144,,24477,,,284336640,385875968,340027904,387973120,,,,,,,,2.8923999052494764,,
1791471577.7046251,601172,frontend_frame,2144,0,24477,56,8,286122496,385875968,340027904,387973120,,,,,,,,,,
1791471578.056016,601172,tracking_feedback_accumulate,2145,,24477,,,290201088,385875968,340027904,387973120,,,,,,,,2.832799917086959,,
1791471578.0600162,601172,frontend_frame,2145,0,24477,56,8,291986944,385875968,340027904,387973120,,,,,,,,,,
1791471578.4385533,601172,tracking_feedback_accumulate,2146,,24477,,,295901696,385875968,340027904,387973120,,,,,,,,2.894400153309107,,
1791471578.4435527,601172,frontend_frame,2146,0,24477,56,8,286124544,385875968,340027904,387973120,,,,,,,,,,
1791471578.829125,601172,tracking_feedback_accumulate,2147,,24477,,,290203136,385875968,340027904,387973120,,,,,,,,2.795899985358119,,
1791471578.8341343,601172,frontend_frame,2147,0,24477,56,8,291988992,385875968,340027904,387973120,,,,,,,,,,
1791471579.2027998,601172,tracking_feedback_accumulate,2148,,24477,,,295903744,385875968,340027904,387973120,,,,,,,,2.934899879619479,,
1791471579.2088013,601172,frontend_frame,2148,0,24477,56,8,297689600,385875968,340027904,387973120,,,,,,,,,,
1791471579.5548713,601172,tracking_feedback_accumulate,2149,,24477,,,284423680,385875968,340027904,387973120,,,,,,,,2.9666998889297247,,
1791471579.5588706,601172,frontend_frame,2149,0,24477,56,8,286209536,385875968,340027904,387973120,,,,,,,,,,
1791471579.877055,601172,tracking_feedback_accumulate,2150,,24477,,,290124288,385875968,340027904,387973120,,,,,,,,2.9343999922275543,,
1791471579.8820548,601172,frontend_frame,2150,0,24477,56,8,291910144,356515840,340027904,387973120,,,,,,,,,,
1791471580.180302,601172,tracking_feedback_accumulate,2151,,24477,,,295988736,383778816,340027904,387973120,,,,,,,,3.174500074237585,,
1791471580.1863034,601172,frontend_frame,2151,0,24477,56,8,286211584,383778816,340027904,387973120,,,,,,,,,,
1791471580.4228249,601172,tracking_feedback_accumulate,2152,,24477,,,290044416,383778816,340027904,387973120,,,,,,,,2.844500122591853,,
1791471580.427825,601172,frontend_frame,2152,0,24477,56,8,291830272,383778816,340027904,387973120,,,,,,,,,,
1791471580.783867,601172,tracking_feedback_accumulate,2153,,24477,,,295990784,383778816,340027904,387973120,,,,,,,,2.795199863612652,,
1791471580.7888672,601172,frontend_frame,2153,0,24477,56,8,297776640,383778816,340027904,387973120,,,,,,,,,,
1791471581.0324442,601172,tracking_feedback_accumulate,2154,,24477,,,284346880,383778816,340027904,387973120,,,,,,,,2.8605000115931034,,
1791471581.037444,601172,frontend_frame,2154,0,24477,56,8,286132736,383778816,340027904,387973120,,,,,,,,,,
1791471581.411033,601172,tracking_feedback_accumulate,2155,,24477,,,290047488,383778816,340027904,387973120,,,,,,,,2.8891998808830976,,
1791471581.4150329,601172,frontend_frame,2155,0,24477,56,8,291833344,383778816,340027904,387973120,,,,,,,,,,
1791471581.7135272,601172,tracking_feedback_accumulate,2156,,24477,,,284348928,383778816,340027904,387973120,,,,,,,,2.847299911081791,,
1791471581.7175298,601172,frontend_frame,2156,0,24477,56,8,286134784,383778816,340027904,387973120,,,,,,,,,,
1791471582.047297,601172,tracking_feedback_accumulate,2157,,24477,,,290213376,383778816,340027904,387973120,,,,,,,,2.8929999098181725,,
1791471582.0524292,601172,frontend_frame,2157,0,24477,56,8,291999232,383778816,340027904,387973120,,,,,,,,,,
1791471582.375537,601172,tracking_feedback_accumulate,2158,,24477,,,295913984,383778816,340027904,387973120,,,,,,,,3.086899872869253,,
1791471582.3805368,601172,frontend_frame,2158,0,24477,56,8,286136832,383778816,340027904,387973120,,,,,,,,,,
1791471582.7021303,601172,tracking_feedback_accumulate,2159,,24477,,,290051584,383778816,340027904,387973120,,,,,,,,2.904699882492423,,
1791471582.7071307,601172,frontend_frame,2159,0,24477,56,8,291837440,383778816,340027904,387973120,,,,,,,,,,
1791471583.0521495,601172,tracking_feedback_accumulate,2160,,24477,,,295916032,383778816,340027904,387973120,,,,,,,,2.8699999675154686,,
1791471583.056205,601172,frontend_frame,2160,0,24477,56,8,297701888,362807296,340027904,387973120,,,,,,,,,,
1791471583.4311526,601172,tracking_feedback_accumulate,2161,,24477,,,284435968,383778816,340027904,387973120,,,,,,,,2.9384999070316553,,
1791471583.4351552,601172,frontend_frame,2161,0,24477,56,8,286221824,383778816,340027904,387973120,,,,,,,,,,
1791471583.7742927,601172,tracking_feedback_accumulate,2162,,24477,,,290054656,383778816,340027904,387973120,,,,,,,,2.6932000182569027,,
1791471583.7782927,601172,frontend_frame,2162,0,24477,56,8,291840512,383778816,340027904,387973120,,,,,,,,,,
1791471584.1320515,601172,tracking_feedback_accumulate,2163,,24477,,,296001024,383778816,340027904,387973120,,,,,,,,3.0758001375943422,,
1791471584.1370513,601172,frontend_frame,2163,0,24477,56,8,286223872,383778816,340027904,387973120,,,,,,,,,,
1791471584.4825735,601172,tracking_feedback_accumulate,2164,,24477,,,290138624,383778816,340027904,387973120,,,,,,,,2.805299824103713,,
1791471584.4875739,601172,frontend_frame,2164,0,24477,56,8,291924480,383778816,340027904,387973120,,,,,,,,,,
1791471584.8367908,601172,tracking_feedback_accumulate,2165,,24477,,,296003072,383778816,340027904,387973120,,,,,,,,2.8388998471200466,,
1791471584.8427906,601172,frontend_frame,2165,0,24477,56,8,297788928,383778816,340027904,387973120,,,,,,,,,,
1791471585.267055,601172,tracking_feedback_accumulate,2166,,24477,,,284359168,383778816,340027904,387973120,,,,,,,,3.1530000269412994,,
1791471585.2720547,601172,frontend_frame,2166,0,24477,56,8,286145024,383778816,340027904,387973120,,,,,,,,,,
1791471585.621641,601172,tracking_feedback_accumulate,2167,,24477,,,290223616,383778816,340027904,387973120,,,,,,,,3.082699840888381,,
1791471585.6266408,601172,frontend_frame,2167,0,24477,56,8,292009472,383778816,340027904,387973120,,,,,,,,,,
1791471586.029212,601172,tracking_feedback_accumulate,2168,,24477,,,295842304,383778816,340027904,387973120,,,,,,,,2.863599918782711,,
1791471586.034716,601172,frontend_frame,2168,0,24477,56,8,286065152,383778816,340027904,387973120,,,,,,,,,,
1791471586.4283822,601172,tracking_feedback_accumulate,2169,,24477,,,290225664,383778816,340027904,387973120,,,,,,,,2.8056001756340265,,
1791471586.4328897,601172,frontend_frame,2169,0,24477,56,8,292011520,383778816,340027904,387973120,,,,,,,,,,
1791471586.782084,601172,tracking_feedback_accumulate,2170,,24477,,,295844352,383778816,340027904,387973120,,,,,,,,2.9353999998420477,,
1791471586.787084,601172,frontend_frame,2170,0,24477,56,8,297630208,362807296,340027904,387973120,,,,,,,,,,
1791471587.1567893,601172,tracking_feedback_accumulate,2171,,24477,,,284446208,383778816,340027904,387973120,,,,,,,,3.0042999424040318,,
1791471587.161789,601172,frontend_frame,2171,0,24477,56,8,286232064,383778816,340027904,387973120,,,,,,,,,,
1791471587.5312905,601172,tracking_feedback_accumulate,2172,,24477,,,290064896,383778816,340027904,387973120,,,,,,,,2.916600089520216,,
1791471587.5367966,601172,frontend_frame,2172,0,24477,56,8,291850752,383778816,340027904,387973120,,,,,,,,,,
1791471587.7928267,601172,tracking_feedback_accumulate,2173,,24477,,,284366336,383778816,340027904,387973120,,,,,,,,2.7535997796803713,,
1791471587.7968266,601172,frontend_frame,2173,0,24477,56,8,286152192,383778816,340027904,387973120,,,,,,,,,,
1791471588.0664637,601172,tracking_feedback_accumulate,2174,,24477,,,290066944,383778816,340027904,387973120,,,,,,,,2.8562000952661037,,
1791471588.12157,601172,frontend_frame,2174,0,24477,57,8,295848448,383778816,340027904,387973120,,,,,,,,,,
1791471598.7230752,601172,tracking_feedback_accumulate,2175,,25014,,,300046848,383778816,342998528,387973120,,,,,,,,2.9513000044971704,,
1791471598.7280793,601172,frontend_frame,2175,0,25014,57,8,290402304,383778816,342998528,387973120,,,,,,,,,,
1791471599.0651684,601172,tracking_feedback_accumulate,2176,,25014,,,294235136,383778816,342998528,387973120,,,,,,,,3.019699826836586,,
1791471599.0691683,601172,frontend_frame,2176,0,25014,57,8,296150016,383778816,342998528,387973120,,,,,,,,,,
1791471599.4178543,601172,tracking_feedback_accumulate,2177,,25014,,,300310528,383778816,343293440,387973120,,,,,,,,2.8902001213282347,,
1791471599.4238539,601172,frontend_frame,2177,0,25014,57,8,302225408,385875968,343293440,387973120,,,,,,,,,,
1791471599.821237,601172,tracking_feedback_accumulate,2178,,25014,,,288408576,385875968,343293440,387973120,,,,,,,,3.240100108087063,,
1791471599.8262389,601172,frontend_frame,2178,0,25014,57,8,290323456,385875968,343293440,387973120,,,,,,,,,,
1791471600.210053,601172,tracking_feedback_accumulate,2179,,25014,,,294238208,406847488,343293440,406847488,,,,,,,,2.988699823617935,,
1791471600.2155564,601172,frontend_frame,2179,0,25014,57,8,296153600,406847488,343293440,406847488,,,,,,,,,,
1791471600.5071208,601172,tracking_feedback_accumulate,2180,,25014,,,300314112,406847488,343293440,406847488,,,,,,,,2.825499977916479,,
1791471600.5131211,601172,frontend_frame,2180,0,25014,57,8,290407936,358612992,343293440,406847488,,,,,,,,,,
1791471600.875158,601172,tracking_feedback_accumulate,2181,,25014,,,294240768,379584512,343293440,406847488,,,,,,,,3.003600053489208,,
1791471600.8801582,601172,frontend_frame,2181,0,25014,57,8,296155648,379584512,343293440,406847488,,,,,,,,,,
1791471601.2473958,601172,tracking_feedback_accumulate,2182,,25014,,,300234240,383778816,343293440,406847488,,,,,,,,2.880399813875556,,
1791471601.2523959,601172,frontend_frame,2182,0,25014,57,8,290328064,383778816,343293440,406847488,,,,,,,,,,
1791471601.6411679,601172,tracking_feedback_accumulate,2183,,25014,,,294242816,404750336,343293440,406847488,,,,,,,,2.930699847638607,,
1791471601.6461678,601172,frontend_frame,2183,0,25014,57,8,296157696,404750336,343293440,406847488,,,,,,,,,,
1791471601.9767425,601172,tracking_feedback_accumulate,2184,,25014,,,300318208,404750336,343293440,406847488,,,,,,,,2.896200167015195,,
1791471601.9813416,601172,frontend_frame,2184,0,25014,57,8,302233088,406847488,343293440,406847488,,,,,,,,,,
1791471602.3425186,601172,tracking_feedback_accumulate,2185,,25014,,,294326784,406847488,343293440,406847488,,,,,,,,3.074799897149205,,
1791471602.3515186,601172,frontend_frame,2185,0,25014,57,8,296241664,406847488,343293440,406847488,,,,,,,,,,
1791471602.721083,601172,tracking_feedback_accumulate,2186,,25014,,,300156416,406847488,343293440,406847488,,,,,,,,2.9052000027149916,,
1791471602.725083,601172,frontend_frame,2186,0,25014,57,8,302071296,406847488,343293440,406847488,,,,,,,,,,
1791471603.0997155,601172,tracking_feedback_accumulate,2187,,25014,,,306149888,411041792,349186048,411041792,,,,,,,,3.105000127106905,,
1791471603.1047177,601172,frontend_frame,2187,0,25014,57,8,296243712,411041792,349186048,411041792,,,,,,,,,,
1791471603.44599,601172,tracking_feedback_accumulate,2188,,25014,,,300322304,411041792,349186048,411041792,,,,,,,,2.774400170892477,,
1791471603.44999,601172,frontend_frame,2188,0,25014,57,8,302237184,411041792,349186048,411041792,,,,,,,,,,
1791471603.7945635,601172,tracking_feedback_accumulate,2189,,25014,,,306070016,411041792,349186560,411041792,,,,,,,,2.8697000816464424,,
1791471603.800563,601172,frontend_frame,2189,0,25014,57,8,307984896,413138944,349186560,413138944,,,,,,,,,,
1791471604.146433,601172,tracking_feedback_accumulate,2190,,25014,,,294413824,413138944,349186560,413138944,,,,,,,,3.3942998852580786,,
1791471604.1524339,601172,frontend_frame,2190,0,25014,57,8,296328704,360710144,349186560,413138944,,,,,,,,,,
1791471604.5226438,601172,tracking_feedback_accumulate,2191,,25014,,,300243456,383778816,349186560,413138944,,,,,,,,2.7729999274015427,,
1791471604.5276453,601172,frontend_frame,2191,0,25014,57,8,302158336,385875968,349186560,413138944,,,,,,,,,,
1791471604.9170487,601172,tracking_feedback_accumulate,2192,,25014,,,306073088,411041792,349186560,413138944,,,,,,,,2.8679000679403543,,
1791471604.922049,601172,frontend_frame,2192,0,25014,57,8,296166912,411041792,349186560,413138944,,,,,,,,,,
1791471605.2482438,601172,tracking_feedback_accumulate,2193,,25014,,,300327424,411041792,349186560,413138944,,,,,,,,2.810899866744876,,
1791471605.2532434,601172,frontend_frame,2193,0,25014,57,8,302242304,411041792,349186560,413138944,,,,,,,,,,
1791471605.6543746,601172,tracking_feedback_accumulate,2194,,25014,,,306157056,411041792,349186560,413138944,,,,,,,,2.8735999949276447,,
1791471605.6593745,601172,frontend_frame,2194,0,25014,57,8,308071936,413138944,349186560,413138944,,,,,,,,,,
1791471606.028463,601172,tracking_feedback_accumulate,2195,,25014,,,294418944,413138944,349186560,413138944,,,,,,,,2.8599000070244074,,
1791471606.0334651,601172,frontend_frame,2195,0,25014,57,8,296333824,413138944,349186560,413138944,,,,,,,,,,
1791471606.2906053,601172,tracking_feedback_accumulate,2196,,25014,,,300248576,413138944,349186560,413138944,,,,,,,,2.8562999796122313,,
1791471606.2956052,601172,frontend_frame,2196,0,25014,57,8,302163456,413138944,349186560,413138944,,,,,,,,,,
1791471606.6611054,601172,tracking_feedback_accumulate,2197,,25014,,,306078208,413138944,349186560,413138944,,,,,,,,2.8709000907838345,,
1791471606.6671052,601172,frontend_frame,2197,0,25014,57,8,290261504,413138944,349186560,413138944,,,,,,,,,,
1791471606.9812698,601172,tracking_feedback_accumulate,2198,,25014,,,294422016,413138944,349186560,413138944,,,,,,,,2.9406999237835407,,
1791471607.0307767,601172,frontend_frame,2198,0,25014,58,8,300332544,413138944,349186560,413138944,,,,,,,,,,
1791471617.739599,601172,tracking_feedback_accumulate,2199,,25474,,,304199168,413138944,349186560,413138944,,,,,,,,3.0531000811606646,,
1791471617.7445993,601172,frontend_frame,2199,0,25474,58,8,294409216,413138944,349186560,413138944,,,,,,,,,,
1791471618.138217,601172,tracking_feedback_accumulate,2200,,25474,,,298487808,413138944,349186560,413138944,,,,,,,,2.7362999971956015,,
1791471618.1432168,601172,frontend_frame,2200,0,25474,58,8,300515328,360710144,349186560,413138944,,,,,,,,,,
1791471618.46676,601172,tracking_feedback_accumulate,2201,,25474,,,304593920,406847488,349186560,413138944,,,,,,,,3.143700072541833,,
1791471618.4727597,601172,frontend_frame,2201,0,25474,58,8,306621440,408944640,349186560,413138944,,,,,,,,,,
1791471618.793323,601172,tracking_feedback_accumulate,2202,,25474,,,292384768,408944640,349186560,413138944,,,,,,,,3.145199967548251,,
1791471618.799323,601172,frontend_frame,2202,0,25474,58,8,294412288,408944640,349186560,413138944,,,,,,,,,,
1791471619.125375,601172,tracking_feedback_accumulate,2203,,25474,,,298490880,408944640,349186560,413138944,,,,,,,,3.0455999076366425,,
1791471619.1303775,601172,frontend_frame,2203,0,25474,58,8,300518912,408944640,349186560,413138944,,,,,,,,,,
1791471619.543545,601172,tracking_feedback_accumulate,2204,,25474,,,304433664,408944640,349186560,413138944,,,,,,,,2.877800026908517,,
1791471619.5490468,601172,frontend_frame,2204,0,25474,58,8,294414848,408944640,349186560,413138944,,,,,,,,,,
1791471619.9297256,601172,tracking_feedback_accumulate,2205,,25474,,,298493440,408944640,349186560,413138944,,,,,,,,2.8657999355345964,,
1791471619.9347281,601172,frontend_frame,2205,0,25474,58,8,300520960,408944640,349186560,413138944,,,,,,,,,,
1791471620.3089209,601172,tracking_feedback_accumulate,2206,,25474,,,304599552,408944640,349186560,413138944,,,,,,,,2.850799821317196,,
1791471620.3139207,601172,frontend_frame,2206,0,25474,58,8,306627072,408944640,349186560,413138944,,,,,,,,,,
1791471620.6505215,601172,tracking_feedback_accumulate,2207,,25474,,,292472320,408944640,349186560,413138944,,,,,,,,2.8522000648081303,,
1791471620.6555214,601172,frontend_frame,2207,0,25474,58,8,294499840,408944640,349186560,413138944,,,,,,,,,,
1791471621.0130882,601172,tracking_feedback_accumulate,2208,,25474,,,298578432,408944640,349186560,413138944,,,,,,,,2.840400207787752,,
1791471621.0180905,601172,frontend_frame,2208,0,25474,58,8,300605952,408944640,349186560,413138944,,,,,,,,,,
1791471621.398259,601172,tracking_feedback_accumulate,2209,,25474,,,304520704,408944640,349186560,413138944,,,,,,,,2.8828999493271112,,
1791471621.40326,601172,frontend_frame,2209,0,25474,58,8,294501888,408944640,349186560,413138944,,,,,,,,,,
1791471621.7139072,601172,tracking_feedback_accumulate,2210,,25474,,,298416640,408944640,349186560,413138944,,,,,,,,2.8651999309659004,,
1791471621.7189078,601172,frontend_frame,2210,0,25474,58,8,300444160,358612992,349186560,413138944,,,,,,,,,,
1791471622.1010926,601172,tracking_feedback_accumulate,2211,,25474,,,304522752,406847488,349186560,413138944,,,,,,,,2.926100045442581,,
1791471622.1060905,601172,frontend_frame,2211,0,25474,58,8,294503936,406847488,349186560,413138944,,,,,,,,,,
1791471622.4611855,601172,tracking_feedback_accumulate,2212,,25474,,,298582528,406847488,349186560,413138944,,,,,,,,2.9951001051813364,,
1791471622.4661846,601172,frontend_frame,2212,0,25474,58,8,300610048,406847488,349186560,413138944,,,,,,,,,,
1791471622.7257955,601172,tracking_feedback_accumulate,2213,,25474,,,304442880,406847488,349186560,413138944,,,,,,,,3.128299955278635,,
1791471622.7307944,601172,frontend_frame,2213,0,25474,58,8,306470400,408944640,349186560,413138944,,,,,,,,,,
1791471623.1296537,601172,tracking_feedback_accumulate,2214,,25474,,,298502656,408944640,349186560,413138944,,,,,,,,5.758699961006641,,
1791471623.1356585,601172,frontend_frame,2214,0,25474,58,8,300530176,408944640,349186560,413138944,,,,,,,,,,
1791471623.4396935,601172,tracking_feedback_accumulate,2215,,25474,,,304608768,408944640,349186560,413138944,,,,,,,,2.947199856862426,,
1791471623.4446948,601172,frontend_frame,2215,0,25474,58,8,306636288,408944640,349186560,413138944,,,,,,,,,,
1791471623.8564677,601172,tracking_feedback_accumulate,2216,,25474,,,310469120,413138944,353651200,413138944,,,,,,,,2.8152000159025192,,
1791471623.8624675,601172,frontend_frame,2216,0,25474,58,8,300450304,413138944,353651200,413138944,,,,,,,,,,
1791471624.1639633,601172,tracking_feedback_accumulate,2217,,25474,,,304610816,413138944,353651200,413138944,,,,,,,,2.8845001943409443,,
1791471624.1689637,601172,frontend_frame,2217,0,25474,58,8,306638336,413138944,353651200,413138944,,,,,,,,,,
1791471624.4885674,601172,tracking_feedback_accumulate,2218,,25474,,,310553088,413138944,353651200,413138944,,,,,,,,2.97520007006824,,
1791471624.493568,601172,frontend_frame,2218,0,25474,58,8,312580608,415236096,353651200,415236096,,,,,,,,,,
1791471624.8673012,601172,tracking_feedback_accumulate,2219,,25474,,,298425856,415236096,353651200,415236096,,,,,,,,2.9682000167667866,,
1791471624.9193,601172,frontend_frame,2219,0,25474,59,8,304449024,415236096,353651200,415236096,,,,,,,,,,
1791471635.5990627,601172,tracking_feedback_accumulate,2220,,25678,,,308622848,415236096,353651200,415236096,,,,,,,,6.205300102010369,,
1791471635.605063,601172,frontend_frame,2220,0,25678,59,8,310691840,364904448,353651200,415236096,,,,,,,,,,
1791471635.9891484,601172,tracking_feedback_accumulate,2221,,25678,,,302437888,408944640,353651200,415236096,,,,,,,,2.9186001047492027,,
1791471635.9951487,601172,frontend_frame,2221,0,25678,59,8,304505856,408944640,353651200,415236096,,,,,,,,,,
1791471636.3177135,601172,tracking_feedback_accumulate,2222,,25678,,,308666368,408944640,353651200,415236096,,,,,,,,2.8209001757204533,,
1791471636.3227136,601172,frontend_frame,2222,0,25678,59,8,310734336,408944640,353651200,415236096,,,,,,,,,,
1791471636.7434506,601172,tracking_feedback_accumulate,2223,,25678,,,314567168,413138944,357913088,415236096,,,,,,,,2.8400998562574387,,
1791471636.7484505,601172,frontend_frame,2223,0,25678,59,8,304507904,413138944,357913088,415236096,,,,,,,,,,
1791471637.072699,601172,tracking_feedback_accumulate,2224,,25678,,,308586496,413138944,357913088,415236096,,,,,,,,2.9015999753028154,,
1791471637.077698,601172,frontend_frame,2224,0,25678,59,8,310654976,413138944,357913088,415236096,,,,,,,,,,
1791471637.392355,601172,tracking_feedback_accumulate,2225,,25678,,,314569728,413138944,357913088,415236096,,,,,,,,2.8633999172598124,,
1791471637.3973541,601172,frontend_frame,2225,0,25678,59,8,316637696,415236096,357913088,415236096,,,,,,,,,,
1791471637.6994543,601172,tracking_feedback_accumulate,2226,,25678,,,296502272,415236096,357913088,415236096,,,,,,,,2.9052000027149916,,
1791471637.7044544,601172,frontend_frame,2226,0,25678,59,8,298570240,415236096,357913088,415236096,,,,,,,,,,
1791471638.041068,601172,tracking_feedback_accumulate,2227,,25678,,,302648832,415236096,357913088,415236096,,,,,,,,2.902899868786335,,
1791471638.04607,601172,frontend_frame,2227,0,25678,59,8,304716800,415236096,357913088,415236096,,,,,,,,,,
1791471638.4077296,601172,tracking_feedback_accumulate,2228,,25678,,,308631552,415236096,357913088,415236096,,,,,,,,2.8244999703019857,,
1791471638.4137294,601172,frontend_frame,2228,0,25678,59,8,298572288,415236096,357913088,415236096,,,,,,,,,,
1791471638.6978214,601172,tracking_feedback_accumulate,2229,,25678,,,302650880,415236096,357913088,415236096,,,,,,,,2.8446000069379807,,
1791471638.7018204,601172,frontend_frame,2229,0,25678,59,8,304718848,415236096,357913088,415236096,,,,,,,,,,
1791471639.0769968,601172,tracking_feedback_accumulate,2230,,25678,,,308633600,415236096,357913088,415236096,,,,,,,,2.876299899071455,,
1791471639.0829973,601172,frontend_frame,2230,0,25678,59,8,310701568,385875968,357913088,415236096,,,,,,,,,,
1791471639.4496775,601172,tracking_feedback_accumulate,2231,,25678,,,296425472,406847488,357913088,415236096,,,,,,,,2.9772999696433544,,
1791471639.4546778,601172,frontend_frame,2231,0,25678,59,8,298493440,406847488,357913088,415236096,,,,,,,,,,
1791471639.7774692,601172,tracking_feedback_accumulate,2232,,25678,,,302572032,406847488,357913088,415236096,,,,,,,,2.9257999267429113,,
1791471639.782469,601172,frontend_frame,2232,0,25678,59,8,304640000,406847488,357913088,415236096,,,,,,,,,,
1791471640.1401663,601172,tracking_feedback_accumulate,2233,,25678,,,308554752,406847488,357913088,415236096,,,,,,,,3.170499810948968,,
1791471640.1451678,601172,frontend_frame,2233,0,25678,59,8,298495488,406847488,357913088,415236096,,,,,,,,,,
1791471640.434805,601172,tracking_feedback_accumulate,2234,,25678,,,302574080,406847488,357913088,415236096,,,,,,,,2.9102000407874584,,
1791471640.4398046,601172,frontend_frame,2234,0,25678,59,8,304642048,406847488,357913088,415236096,,,,,,,,,,
1791471640.8488472,601172,tracking_feedback_accumulate,2235,,25678,,,308556800,406847488,357913088,415236096,,,,,,,,2.902299864217639,,
1791471640.853847,601172,frontend_frame,2235,0,25678,59,8,310624768,408944640,357913088,415236096,,,,,,,,,,
1791471641.1450071,601172,tracking_feedback_accumulate,2236,,25678,,,296512512,408944640,357913088,415236096,,,,,,,,2.9940998647361994,,
1791471641.149009,601172,frontend_frame,2236,0,25678,59,8,298580480,408944640,357913088,415236096,,,,,,,,,,
1791471641.5421705,601172,tracking_feedback_accumulate,2237,,25678,,,302495232,408944640,357913088,415236096,,,,,,,,3.1063000205904245,,
1791471641.547172,601172,frontend_frame,2237,0,25678,59,8,304563200,408944640,357913088,415236096,,,,,,,,,,
1791471641.8812666,601172,tracking_feedback_accumulate,2238,,25678,,,296514560,408944640,357913088,415236096,,,,,,,,3.1956001184880733,,
1791471641.8862705,601172,frontend_frame,2238,0,25678,59,8,298582528,408944640,357913088,415236096,,,,,,,,,,
1791471642.2689369,601172,tracking_feedback_accumulate,2239,,25678,,,302661120,408944640,357913088,415236096,,,,,,,,2.85950000397861,,
1791471642.318443,601172,frontend_frame,2239,0,25678,60,8,308724736,408944640,357913088,415236096,,,,,,,,,,
1791471652.9702237,601172,tracking_feedback_accumulate,2240,,26151,,,300546048,408944640,357913088,415236096,,,,,,,,2.9260001610964537,,
1791471652.9762235,601172,frontend_frame,2240,0,26151,60,8,302729728,379584512,357913088,415236096,,,,,,,,,,
1791471653.3724017,601172,tracking_feedback_accumulate,2241,,26151,,,306644480,402653184,357913088,415236096,,,,,,,,3.124699927866459,,
1791471653.3774018,601172,frontend_frame,2241,0,26151,60,8,308825088,402653184,357913088,415236096,,,,,,,,,,
1791471653.7550857,601172,tracking_feedback_accumulate,2242,,26151,,,312985600,406847488,357913088,415236096,,,,,,,,2.9116999357938766,,
1791471653.760086,601172,frontend_frame,2242,0,26151,60,8,302813696,406847488,357913088,415236096,,,,,,,,,,
1791471654.1267095,601172,tracking_feedback_accumulate,2243,,26151,,,306728448,406847488,357913088,415236096,,,,,,,,3.1719000544399023,,
1791471654.1317098,601172,frontend_frame,2243,0,26151,60,8,308909056,406847488,357913088,415236096,,,,,,,,,,
1791471654.4768689,601172,tracking_feedback_accumulate,2244,,26151,,,312987648,406847488,357913088,415236096,,,,,,,,2.8649999294430017,,
1791471654.4818728,601172,frontend_frame,2244,0,26151,60,8,315168768,408944640,357913088,415236096,,,,,,,,,,
1791471654.796138,601172,tracking_feedback_accumulate,2245,,26151,,,300554752,408944640,357913088,415236096,,,,,,,,2.9399001505225897,,
1791471654.8006437,601172,frontend_frame,2245,0,26151,60,8,302735360,408944640,357913088,415236096,,,,,,,,,,
1791471655.1033142,601172,tracking_feedback_accumulate,2246,,26151,,,306813952,408944640,357913088,415236096,,,,,,,,2.9174000956118107,,
1791471655.1083145,601172,frontend_frame,2246,0,26151,60,8,308994560,408944640,357913088,415236096,,,,,,,,,,
1791471655.3933403,601172,tracking_feedback_accumulate,2247,,26151,,,312827392,408944640,357913088,415236096,,,,,,,,2.8551998548209667,,
1791471655.39834,601172,frontend_frame,2247,0,26151,60,8,302655488,408944640,357913088,415236096,,,,,,,,,,
1791471655.7530706,601172,tracking_feedback_accumulate,2248,,26151,,,306816000,408944640,357913088,415236096,,,,,,,,2.886699978262186,,
1791471655.7590706,601172,frontend_frame,2248,0,26151,60,8,308996608,408944640,357913088,415236096,,,,,,,,,,
1791471656.178773,601172,tracking_feedback_accumulate,2249,,26151,,,312911360,408944640,357913088,415236096,,,,,,,,3.019500058144331,,
1791471656.1837726,601172,frontend_frame,2249,0,26151,60,8,302739456,408944640,357913088,415236096,,,,,,,,,,
1791471656.5148952,601172,tracking_feedback_accumulate,2250,,26151,,,306654208,408944640,357913088,415236096,,,,,,,,2.879899926483631,,
1791471656.520895,601172,frontend_frame,2250,0,26151,60,8,308834816,362807296,357913088,415236096,,,,,,,,,,
1791471656.9125922,601172,tracking_feedback_accumulate,2251,,26151,,,312995328,408944640,357913088,415236096,,,,,,,,2.897700062021613,,
1791471656.9175944,601172,frontend_frame,2251,0,26151,60,8,315175936,411041792,357913088,415236096,,,,,,,,,,
1791471657.195238,601172,tracking_feedback_accumulate,2252,,26151,,,306738176,411041792,357913088,415236096,,,,,,,,2.8623000252991915,,
1791471657.199238,601172,frontend_frame,2252,0,26151,60,8,308918784,411041792,357913088,415236096,,,,,,,,,,
1791471657.413763,601172,tracking_feedback_accumulate,2253,,26151,,,312997376,411041792,357913088,415236096,,,,,,,,2.8192000463604927,,
1791471657.418763,601172,frontend_frame,2253,0,26151,60,8,315177984,411041792,357913088,415236096,,,,,,,,,,
1791471657.78601,601172,tracking_feedback_accumulate,2254,,26151,,,319092736,413138944,362374656,415236096,,,,,,,,2.8762000147253275,,
1791471657.79201,601172,frontend_frame,2254,0,26151,60,8,302744576,413138944,362374656,415236096,,,,,,,,,,
1791471658.0881212,601172,tracking_feedback_accumulate,2255,,26151,,,306659328,413138944,362374656,415236096,,,,,,,,2.9094999190419912,,
1791471658.093121,601172,frontend_frame,2255,0,26151,60,8,308839936,413138944,362374656,415236096,,,,,,,,,,
1791471658.3961616,601172,tracking_feedback_accumulate,2256,,26151,,,312918528,413138944,362374656,415236096,,,,,,,,2.7420001570135355,,
1791471658.4011614,601172,frontend_frame,2256,0,26151,60,8,315099136,413138944,362374656,415236096,,,,,,,,,,
1791471658.6993506,601172,tracking_feedback_accumulate,2257,,26151,,,300485120,413138944,362374656,415236096,,,,,,,,3.123300150036812,,
1791471658.7043505,601172,frontend_frame,2257,0,26151,60,8,302665728,413138944,362374656,415236096,,,,,,,,,,
1791471659.0455236,601172,tracking_feedback_accumulate,2258,,26151,,,306744320,413138944,362374656,415236096,,,,,,,,2.8756000101566315,,
1791471659.050524,601172,frontend_frame,2258,0,26151,60,8,308924928,413138944,362374656,415236096,,,,,,,,,,
1791471659.3945658,601172,tracking_feedback_accumulate,2259,,26151,,,312839680,413138944,362374656,415236096,,,,,,,,2.8207001741975546,,
1791471659.3995662,601172,frontend_frame,2259,0,26151,60,8,302667776,413138944,362374656,415236096,,,,,,,,,,
1791471659.571193,601172,tracking_feedback_accumulate,2260,,26151,,,306746368,413138944,362374656,415236096,,,,,,,,2.893699798732996,,
1791471659.5761952,601172,frontend_frame,2260,0,26151,60,8,308926976,385875968,362374656,415236096,,,,,,,,,,
1791471659.8948476,601172,tracking_feedback_accumulate,2261,,26151,,,313005568,408944640,362374656,415236096,,,,,,,,2.884400077164173,,
1791471659.9488475,601172,frontend_frame,2261,0,26151,61,8,319181824,408944640,362374656,415236096,,,,,,,,,,
1791471670.697983,601172,tracking_feedback_accumulate,2262,,25321,,,304434176,408944640,362374656,415236096,,,,,,,,2.8412998653948307,,
1791471670.7019832,601172,frontend_frame,2262,0,25321,61,8,306412544,408944640,362374656,415236096,,,,,,,,,,
1791471671.0756032,601172,tracking_feedback_accumulate,2263,,25321,,,310573056,408944640,362374656,415236096,,,,,,,,2.891700016334653,,
1791471671.0816033,601172,frontend_frame,2263,0,25321,61,8,312558592,408944640,362374656,415236096,,,,,,,,,,
1791471671.474139,601172,tracking_feedback_accumulate,2264,,25321,,,304510976,408944640,362374656,415236096,,,,,,,,2.9033999890089035,,
1791471671.4781415,601172,frontend_frame,2264,0,25321,61,8,306496512,408944640,362374656,415236096,,,,,,,,,,
1791471671.7794523,601172,tracking_feedback_accumulate,2265,,25321,,,310411264,408944640,362374656,415236096,,,,,,,,2.993199974298477,,
1791471671.7844524,601172,frontend_frame,2265,0,25321,61,8,312396800,408944640,362374656,415236096,,,,,,,,,,
1791471671.9614987,601172,tracking_feedback_accumulate,2266,,25321,,,316475392,408944640,362374656,415236096,,,,,,,,2.9384999070316553,,
1791471671.9664989,601172,frontend_frame,2266,0,25321,61,8,306499072,408944640,362374656,415236096,,,,,,,,,,
1791471672.2746222,601172,tracking_feedback_accumulate,2267,,25321,,,310577664,408944640,362374656,415236096,,,,,,,,2.7699999045580626,,
1791471672.2786245,601172,frontend_frame,2267,0,25321,61,8,312563200,408944640,362374656,415236096,,,,,,,,,,
1791471672.6901267,601172,tracking_feedback_accumulate,2268,,25321,,,316396032,408944640,362374656,415236096,,,,,,,,2.6593999937176704,,
1791471672.6941278,601172,frontend_frame,2268,0,25321,61,8,318381568,408944640,362374656,415236096,,,,,,,,,,
1791471673.0984163,601172,tracking_feedback_accumulate,2269,,25321,,,304598528,408944640,362374656,415236096,,,,,,,,2.873399993404746,,
1791471673.1034162,601172,frontend_frame,2269,0,25321,61,8,306584064,408944640,362374656,415236096,,,,,,,,,,
1791471673.4284415,601172,tracking_feedback_accumulate,2270,,25321,,,310498816,408944640,362374656,415236096,,,,,,,,2.9756000731140375,,
1791471673.4334419,601172,frontend_frame,2270,0,25321,61,8,312484352,385875968,362374656,415236096,,,,,,,,,,
1791471673.751611,601172,tracking_feedback_accumulate,2271,,25321,,,316399104,406847488,362374656,415236096,,,,,,,,2.9478000942617655,,
1791471673.7566109,601172,frontend_frame,2271,0,25321,61,8,306422272,406847488,362374656,415236096,,,,,,,,,,
1791471674.090776,601172,tracking_feedback_accumulate,2272,,25321,,,310500864,406847488,362374656,415236096,,,,,,,,2.9638998676091433,,
1791471674.0957758,601172,frontend_frame,2272,0,25321,61,8,312486400,406847488,362374656,415236096,,,,,,,,,,
1791471674.3677917,601172,tracking_feedback_accumulate,2273,,25321,,,316564992,406847488,362374656,415236096,,,,,,,,2.8631999157369137,,
1791471674.3727932,601172,frontend_frame,2273,0,25321,61,8,318550528,408944640,362374656,415236096,,,,,,,,,,
1791471674.74639,601172,tracking_feedback_accumulate,2274,,25321,,,304439808,408944640,362374656,415236096,,,,,,,,2.882300177589059,,
1791471674.7513902,601172,frontend_frame,2274,0,25321,61,8,306425344,408944640,362374656,415236096,,,,,,,,,,
1791471675.0360324,601172,tracking_feedback_accumulate,2275,,25321,,,310503936,408944640,362374656,415236096,,,,,,,,2.7673000004142523,,
1791471675.0410326,601172,frontend_frame,2275,0,25321,61,8,312489472,408944640,362374656,415236096,,,,,,,,,,
1791471675.456061,601172,tracking_feedback_accumulate,2276,,25321,,,316568064,408944640,362374656,415236096,,,,,,,,2.844700124114752,,
1791471675.4610648,601172,frontend_frame,2276,0,25321,61,8,306591232,408944640,362374656,415236096,,,,,,,,,,
1791471675.81537,601172,tracking_feedback_accumulate,2277,,25321,,,310505984,408944640,362374656,415236096,,,,,,,,2.870700089260936,,
1791471675.8203695,601172,frontend_frame,2277,0,25321,61,8,312491520,408944640,362374656,415236096,,,,,,,,,,
1791471676.188313,601172,tracking_feedback_accumulate,2278,,25321,,,316406272,408944640,362374656,415236096,,,,,,,,2.849099924787879,,
1791471676.1933131,601172,frontend_frame,2278,0,25321,61,8,306429440,408944640,362374656,415236096,,,,,,,,,,
1791471676.6125634,601172,tracking_feedback_accumulate,2279,,25321,,,310508032,408944640,362374656,415236096,,,,,,,,2.827499993145466,,
1791471676.6175635,601172,frontend_frame,2279,0,25321,61,8,312493568,408944640,362374656,415236096,,,,,,,,,,
1791471676.912678,601172,tracking_feedback_accumulate,2280,,25321,,,316572160,408944640,362374656,415236096,,,,,,,,2.8784999158233404,,
1791471676.9176779,601172,frontend_frame,2280,0,25321,61,8,318557696,385875968,362374656,415236096,,,,,,,,,,
1791471677.289318,601172,tracking_feedback_accumulate,2281,,25321,,,310510080,406847488,362374656,415236096,,,,,,,,3.3529000356793404,,
1791471677.2943182,601172,frontend_frame,2281,0,25321,61,8,312495616,406847488,362374656,415236096,,,,,,,,,,
1791471677.625619,601172,tracking_feedback_accumulate,2282,,25321,,,316574208,406847488,362374656,415236096,,,,,,,,2.863599918782711,,
1791471677.6301208,601172,frontend_frame,2282,0,25321,61,8,318559744,408944640,362374656,415236096,,,,,,,,,,
1791471677.9876904,601172,tracking_feedback_accumulate,2283,,25321,,,322474496,413138944,365414400,415236096,,,,,,,,2.876000013202429,,
1791471678.0401971,601172,frontend_frame,2283,0,25321,62,8,310512128,413138944,365414400,415236096,,,,,,,,,,
1791471688.6479802,601172,tracking_feedback_accumulate,2284,,24584,,,314383872,413138944,365414400,415236096,,,,,,,,2.9816001188009977,,
1791471688.6519809,601172,frontend_frame,2284,0,24584,62,8,316193792,413138944,365414400,415236096,,,,,,,,,,
1791471688.966727,601172,tracking_feedback_accumulate,2285,,24584,,,320272384,434110464,365414400,434110464,,,,,,,,2.8882999904453754,,
1791471688.972741,601172,frontend_frame,2285,0,24584,62,8,322088448,434110464,365414400,434110464,,,,,,,,,,
1791471689.3858511,601172,tracking_feedback_accumulate,2286,,24584,,,308562432,434110464,365414400,434110464,,,,,,,,2.7715000323951244,,
1791471689.3908515,601172,frontend_frame,2286,0,24584,62,8,310378496,434110464,365414400,434110464,,,,,,,,,,
1791471689.7990253,601172,tracking_feedback_accumulate,2287,,24584,,,314293248,434110464,365414400,434110464,,,,,,,,3.071799874305725,,
1791471689.804027,601172,frontend_frame,2287,0,24584,62,8,316109312,434110464,365414400,434110464,,,,,,,,,,
1791471690.10829,601172,tracking_feedback_accumulate,2288,,24584,,,308564480,434110464,365414400,434110464,,,,,,,,2.7463999576866627,,
1791471690.11329,601172,frontend_frame,2288,0,24584,62,8,310381056,434110464,365414400,434110464,,,,,,,,,,
1791471690.4373262,601172,tracking_feedback_accumulate,2289,,24584,,,314213888,434110464,365414400,434110464,,,,,,,,2.8985999524593353,,
1791471690.4413264,601172,frontend_frame,2289,0,24584,62,8,316029952,434110464,365414400,434110464,,,,,,,,,,
1791471690.8284948,601172,tracking_feedback_accumulate,2290,,24584,,,320190464,434110464,365414400,434110464,,,,,,,,2.9413998126983643,,
1791471690.8344948,601172,frontend_frame,2290,0,24584,62,8,310383104,385875968,365414400,434110464,,,,,,,,,,
1791471691.211647,601172,tracking_feedback_accumulate,2291,,24584,,,314297856,406847488,365414400,434110464,,,,,,,,2.9478000942617655,,
1791471691.2166483,601172,frontend_frame,2291,0,24584,62,8,316113920,406847488,365414400,434110464,,,,,,,,,,
1791471691.5843093,601172,tracking_feedback_accumulate,2292,,24584,,,320028672,427819008,365414400,434110464,,,,,,,,2.8993000742048025,,
1791471691.5893095,601172,frontend_frame,2292,0,24584,62,8,321844736,429916160,365414400,434110464,,,,,,,,,,
1791471691.9655504,601172,tracking_feedback_accumulate,2293,,24584,,,308488192,429916160,365414400,434110464,,,,,,,,2.877000020816922,,
1791471691.970596,601172,frontend_frame,2293,0,24584,62,8,310304256,429916160,365414400,434110464,,,,,,,,,,
1791471692.3266776,601172,tracking_feedback_accumulate,2294,,24584,,,314219008,429916160,365414400,434110464,,,,,,,,2.8959999326616526,,
1791471692.3316789,601172,frontend_frame,2294,0,24584,62,8,316035072,429916160,365414400,434110464,,,,,,,,,,
1791471692.6377833,601172,tracking_feedback_accumulate,2295,,24584,,,320113664,429916160,365414400,434110464,,,,,,,,3.1637002248317003,,
1791471692.6427834,601172,frontend_frame,2295,0,24584,62,8,310306304,429916160,365414400,434110464,,,,,,,,,,
1791471693.0235195,601172,tracking_feedback_accumulate,2296,,24584,,,314384896,429916160,365414400,434110464,,,,,,,,2.923700027167797,,
1791471693.0280232,601172,frontend_frame,2296,0,24584,62,8,316200960,429916160,365414400,434110464,,,,,,,,,,
1791471693.3566897,601172,tracking_feedback_accumulate,2297,,24584,,,320115712,429916160,365414400,434110464,,,,,,,,2.9307000804692507,,
1791471693.3616896,601172,frontend_frame,2297,0,24584,62,8,321931776,429916160,365414400,434110464,,,,,,,,,,
1791471693.6659398,601172,tracking_feedback_accumulate,2298,,24584,,,308411392,429916160,365414400,434110464,,,,,,,,3.1094998121261597,,
1791471693.6709414,601172,frontend_frame,2298,0,24584,62,8,310227456,429916160,365414400,434110464,,,,,,,,,,
1791471694.0820825,601172,tracking_feedback_accumulate,2299,,24584,,,314306048,429916160,365414400,434110464,,,,,,,,2.8674998320639133,,
1791471694.0865867,601172,frontend_frame,2299,0,24584,62,8,316122112,429916160,365414400,434110464,,,,,,,,,,
1791471694.3471053,601172,tracking_feedback_accumulate,2300,,24584,,,320036864,429916160,365414400,434110464,,,,,,,,3.036600071936846,,
1791471694.353105,601172,frontend_frame,2300,0,24584,62,8,310229504,385875968,365414400,434110464,,,,,,,,,,
1791471694.7007465,601172,tracking_feedback_accumulate,2301,,24584,,,314390016,406847488,365414400,434110464,,,,,,,,2.718100091442466,,
1791471694.7057467,601172,frontend_frame,2301,0,24584,62,8,316206080,406847488,365414400,434110464,,,,,,,,,,
1791471695.0875306,601172,tracking_feedback_accumulate,2302,,24584,,,320120832,406847488,365414400,434110464,,,,,,,,2.7775000780820847,,
1791471695.1385317,601172,frontend_frame,2302,0,24584,63,8,325932544,408944640,365414400,434110464,,,,,,,,,,
1791471705.828239,601172,tracking_feedback_accumulate,2303,,24225,,,312553472,429916160,365414400,434110464,,,,,,,,2.9633999802172184,,
1791471705.8332386,601172,frontend_frame,2303,0,24225,63,8,314277376,429916160,365414400,434110464,,,,,,,,,,
1791471706.186831,601172,tracking_feedback_accumulate,2304,,24225,,,318192128,429916160,365414400,434110464,,,,,,,,2.914200071245432,,
1791471706.1923318,601172,frontend_frame,2304,0,24225,63,8,319919616,429916160,365414400,434110464,,,,,,,,,,
1791471706.4943585,601172,tracking_feedback_accumulate,2305,,24225,,,312388096,429916160,365414400,434110464,,,,,,,,2.886699978262186,,
1791471706.4998624,601172,frontend_frame,2305,0,24225,63,8,314115584,429916160,365414400,434110464,,,,,,,,,,
1791471706.8831503,601172,tracking_feedback_accumulate,2306,,24225,,,318194176,429916160,365414400,434110464,,,,,,,,2.837300067767501,,
1791471706.8876543,601172,frontend_frame,2306,0,24225,63,8,319921664,429916160,365414400,434110464,,,,,,,,,,
1791471707.292327,601172,tracking_feedback_accumulate,2307,,24225,,,323836416,429916160,366876672,434110464,,,,,,,,2.928200177848339,,
1791471707.2968311,601172,frontend_frame,2307,0,24225,63,8,314118144,429916160,366876672,434110464,,,,,,,,,,
1791471707.6124,601172,tracking_feedback_accumulate,2308,,24225,,,318278656,429916160,366876672,434110464,,,,,,,,2.8864999767392874,,
1791471707.6174028,601172,frontend_frame,2308,0,24225,63,8,320006144,429916160,366876672,434110464,,,,,,,,,,
1791471707.959016,601172,tracking_feedback_accumulate,2309,,24225,,,323920896,429916160,366879232,434110464,,,,,,,,2.901500090956688,,
1791471707.9640179,601172,frontend_frame,2309,0,24225,63,8,325648384,429916160,366879232,434110464,,,,,,,,,,
1791471708.363797,601172,tracking_feedback_accumulate,2310,,24225,,,312393728,429916160,366879232,434110464,,,,,,,,2.906499896198511,,
1791471708.3687973,601172,frontend_frame,2310,0,24225,63,8,314121216,385875968,366879232,434110464,,,,,,,,,,
1791471708.7156892,601172,tracking_feedback_accumulate,2311,,24225,,,318199808,427819008,366879232,434110464,,,,,,,,2.906800014898181,,
1791471708.720689,601172,frontend_frame,2311,0,24225,63,8,319927296,427819008,366879232,434110464,,,,,,,,,,
1791471709.0674052,601172,tracking_feedback_accumulate,2312,,24225,,,324005888,427819008,366882304,434110464,,,,,,,,2.85349995829165,,
1791471709.0734053,601172,frontend_frame,2312,0,24225,63,8,314287104,427819008,366882304,434110464,,,,,,,,,,
1791471709.4320014,601172,tracking_feedback_accumulate,2313,,24225,,,318201856,427819008,366882304,434110464,,,,,,,,2.8160999063402414,,
1791471709.4370012,601172,frontend_frame,2313,0,24225,63,8,319929344,427819008,366882304,434110464,,,,,,,,,,
1791471709.7665634,601172,tracking_feedback_accumulate,2314,,24225,,,323844096,427819008,366884352,434110464,,,,,,,,3.201100043952465,,
1791471709.7716045,601172,frontend_frame,2314,0,24225,63,8,325571584,429916160,366884352,434110464,,,,,,,,,,
1791471710.1572526,601172,tracking_feedback_accumulate,2315,,24225,,,312480768,429916160,366884352,434110464,,,,,,,,2.9582001734524965,,
1791471710.1622524,601172,frontend_frame,2315,0,24225,63,8,314208256,429916160,366884352,434110464,,,,,,,,,,
1791471710.5507615,601172,tracking_feedback_accumulate,2316,,24225,,,318123008,429916160,366884352,434110464,,,,,,,,2.9885999392718077,,
1791471710.5557623,601172,frontend_frame,2316,0,24225,63,8,319850496,429916160,366884352,434110464,,,,,,,,,,
1791471710.9448888,601172,tracking_feedback_accumulate,2317,,24225,,,312482816,429916160,366887424,434110464,,,,,,,,2.890000119805336,,
1791471710.9498887,601172,frontend_frame,2317,0,24225,63,8,314210304,429916160,366887424,434110464,,,,,,,,,,
1791471711.3594637,601172,tracking_feedback_accumulate,2318,,24225,,,318125056,429916160,366887424,434110464,,,,,,,,2.907299902290106,,
1791471711.3644638,601172,frontend_frame,2318,0,24225,63,8,319852544,429916160,366887424,434110464,,,,,,,,,,
1791471711.718097,601172,tracking_feedback_accumulate,2319,,24225,,,324013056,429916160,366887424,434110464,,,,,,,,3.024199977517128,,
1791471711.724097,601172,frontend_frame,2319,0,24225,63,8,314294272,429916160,366887424,434110464,,,,,,,,,,
1791471712.012966,601172,tracking_feedback_accumulate,2320,,24225,,,318209024,429916160,366887424,434110464,,,,,,,,2.9059001244604588,,
1791471712.063018,601172,frontend_frame,2320,0,24225,64,8,323932160,429916160,366887424,434110464,,,,,,,,,,
1791471722.7746472,601172,tracking_feedback_accumulate,2321,,24298,,,327853568,429916160,370887680,434110464,,,,,,,,2.871599979698658,,
1791471722.7796474,601172,frontend_frame,2321,0,24298,64,8,329597440,429916160,370887680,434110464,,,,,,,,,,
1791471723.0213284,601172,tracking_feedback_accumulate,2322,,24298,,,316490240,429916160,370887680,434110464,,,,,,,,2.8880999889224768,,
1791471723.0253277,601172,frontend_frame,2322,0,24298,64,8,318234112,429916160,370887680,434110464,,,,,,,,,,
1791471723.4146068,601172,tracking_feedback_accumulate,2323,,24298,,,322312704,429916160,370887680,434110464,,,,,,,,2.9992000199854374,,
1791471723.4196064,601172,frontend_frame,2323,0,24298,64,8,324056576,429916160,370887680,434110464,,,,,,,,,,
1791471723.697698,601172,tracking_feedback_accumulate,2324,,24298,,,327889408,429916160,370923008,434110464,,,,,,,,3.191000083461404,,
1791471723.7017066,601172,frontend_frame,2324,0,24298,64,8,318154240,429916160,370923008,434110464,,,,,,,,,,
1791471724.0254343,601172,tracking_feedback_accumulate,2325,,24298,,,322314752,429916160,370923008,434110464,,,,,,,,3.002000041306019,,
1791471724.0309396,601172,frontend_frame,2325,0,24298,64,8,324059136,429916160,370923008,434110464,,,,,,,,,,
1791471724.3335516,601172,tracking_feedback_accumulate,2326,,24298,,,327891968,429916160,370932224,434110464,,,,,,,,2.8792000375688076,,
1791471724.3385518,601172,frontend_frame,2326,0,24298,64,8,318156800,429916160,370932224,434110464,,,,,,,,,,
1791471724.7301445,601172,tracking_feedback_accumulate,2327,,24298,,,322317312,429916160,370932224,434110464,,,,,,,,2.9178999830037355,,
1791471724.7341442,601172,frontend_frame,2327,0,24298,64,8,324061184,429916160,370932224,434110464,,,,,,,,,,
1791471725.0372097,601172,tracking_feedback_accumulate,2328,,24298,,,327894016,429916160,370932224,434110464,,,,,,,,2.832600148394704,,
1791471725.04121,601172,frontend_frame,2328,0,24298,64,8,329637888,429916160,370932224,434110464,,,,,,,,,,
1791471725.397731,601172,tracking_feedback_accumulate,2329,,24298,,,322319360,429916160,370932224,434110464,,,,,,,,2.917699981480837,,
1791471725.4022355,601172,frontend_frame,2329,0,24298,64,8,324063232,429916160,370932224,434110464,,,,,,,,,,
1791471725.804813,601172,tracking_feedback_accumulate,2330,,24298,,,327896064,429916160,370944512,434110464,,,,,,,,2.8844999615103006,,
1791471725.8098128,601172,frontend_frame,2330,0,24298,64,8,329639936,385875968,370944512,434110464,,,,,,,,,,
1791471726.1855688,601172,tracking_feedback_accumulate,2331,,24298,,,333718528,434110464,376683520,434110464,,,,,,,,2.8572999872267246,,
1791471726.1905708,601172,frontend_frame,2331,0,24298,64,8,323983360,434110464,376683520,434110464,,,,,,,,,,
1791471726.5581057,601172,tracking_feedback_accumulate,2332,,24298,,,328061952,434110464,376683520,434110464,,,,,,,,3.195500001311302,,
1791471726.5626106,601172,frontend_frame,2332,0,24298,64,8,329805824,434110464,376683520,434110464,,,,,,,,,,
1791471726.943874,601172,tracking_feedback_accumulate,2333,,24298,,,333720576,434110464,376683520,434110464,,,,,,,,3.202600171789527,,
1791471726.9488735,601172,frontend_frame,2333,0,24298,64,8,335464448,434110464,376683520,434110464,,,,,,,,,,
1791471727.3244493,601172,tracking_feedback_accumulate,2334,,24298,,,322160640,434110464,376683520,434110464,,,,,,,,2.863899804651737,,
1791471727.3294494,601172,frontend_frame,2334,0,24298,64,8,323904512,434110464,376683520,434110464,,,,,,,,,,
1791471727.6555393,601172,tracking_feedback_accumulate,2335,,24298,,,327983104,434110464,376683520,434110464,,,,,,,,2.873700112104416,,
1791471727.6605392,601172,frontend_frame,2335,0,24298,64,8,329726976,434110464,376683520,434110464,,,,,,,,,,
1791471727.8956387,601172,tracking_feedback_accumulate,2336,,24298,,,333805568,434110464,376687104,434110464,,,,,,,,2.828999888151884,,
1791471727.9006398,601172,frontend_frame,2336,0,24298,64,8,324070400,434110464,376687104,434110464,,,,,,,,,,
1791471728.212943,601172,tracking_feedback_accumulate,2337,,24298,,,327903232,434110464,376687104,434110464,,,,,,,,2.947299974039197,,
1791471728.2169433,601172,frontend_frame,2337,0,24298,64,8,329647104,434110464,376687104,434110464,,,,,,,,,,
1791471728.5694997,601172,tracking_feedback_accumulate,2338,,24298,,,333725696,434110464,376687104,434110464,,,,,,,,2.871299860998988,,
1791471728.5744996,601172,frontend_frame,2338,0,24298,64,8,335469568,436207616,376687104,436207616,,,,,,,,,,
1791471728.9562733,601172,tracking_feedback_accumulate,2339,,24298,,,322329600,436207616,376687104,436207616,,,,,,,,2.7489999774843454,,
1791471729.0058157,601172,frontend_frame,2339,0,24298,65,8,328069120,436207616,376687104,436207616,,,,,,,,,,
1791471739.7784011,601172,tracking_feedback_accumulate,2340,,24185,,,320499200,436207616,376687104,436207616,,,,,,,,3.098099958151579,,
1791471739.783401,601172,frontend_frame,2340,0,24185,65,8,322211328,406847488,376687104,436207616,,,,,,,,,,
1791471740.1833794,601172,tracking_feedback_accumulate,2341,,24185,,,326126080,427819008,376687104,436207616,,,,,,,,2.873999997973442,,
1791471740.1893811,601172,frontend_frame,2341,0,24185,65,8,327839744,427819008,376687104,436207616,,,,,,,,,,
1791471740.498913,601172,tracking_feedback_accumulate,2342,,24185,,,332000256,427819008,376687104,436207616,,,,,,,,2.902899868786335,,
1791471740.5044477,601172,frontend_frame,2342,0,24185,65,8,322295296,427819008,376687104,436207616,,,,,,,,,,
1791471740.839478,601172,tracking_feedback_accumulate,2343,,24185,,,326210048,427819008,376687104,436207616,,,,,,,,3.1127999536693096,,
1791471740.8434777,601172,frontend_frame,2343,0,24185,65,8,327923712,427819008,376687104,436207616,,,,,,,,,,
1791471741.1831813,601172,tracking_feedback_accumulate,2344,,24185,,,332002304,427819008,376687104,436207616,,,,,,,,2.897599944844842,,
1791471741.1881812,601172,frontend_frame,2344,0,24185,65,8,333716480,429916160,376687104,436207616,,,,,,,,,,
1791471741.548244,601172,tracking_feedback_accumulate,2345,,24185,,,320503296,429916160,376687104,436207616,,,,,,,,2.8824000619351864,,
1791471741.5532458,601172,frontend_frame,2345,0,24185,65,8,322216960,429916160,376687104,436207616,,,,,,,,,,
1791471741.844854,601172,tracking_feedback_accumulate,2346,,24185,,,326131712,429916160,376687104,436207616,,,,,,,,2.9957001097500324,,
1791471741.8488536,601172,frontend_frame,2346,0,24185,65,8,327845376,429916160,376687104,436207616,,,,,,,,,,
1791471742.2302487,601172,tracking_feedback_accumulate,2347,,24185,,,332005888,429916160,376687104,436207616,,,,,,,,2.8890001121908426,,
1791471742.2352483,601172,frontend_frame,2347,0,24185,65,8,322300928,429916160,376687104,436207616,,,,,,,,,,
1791471742.5388129,601172,tracking_feedback_accumulate,2348,,24185,,,326133760,429916160,376687104,436207616,,,,,,,,2.889299998059869,,
1791471742.5438135,601172,frontend_frame,2348,0,24185,65,8,327847424,429916160,376687104,436207616,,,,,,,,,,
1791471742.8978436,601172,tracking_feedback_accumulate,2349,,24185,,,332007936,429916160,376687104,436207616,,,,,,,,2.7910000644624233,,
1791471742.9028437,601172,frontend_frame,2349,0,24185,65,8,322302976,429916160,376687104,436207616,,,,,,,,,,
1791471743.2761157,601172,tracking_feedback_accumulate,2350,,24185,,,326217728,429916160,376687104,436207616,,,,,,,,2.9581000562757254,,
1791471743.2816179,601172,frontend_frame,2350,0,24185,65,8,327931392,406847488,376687104,436207616,,,,,,,,,,
1791471743.7017343,601172,tracking_feedback_accumulate,2351,,24185,,,332009984,427819008,376687104,436207616,,,,,,,,2.782900119200349,,
1791471743.7067344,601172,frontend_frame,2351,0,24185,65,8,333723648,429916160,376687104,436207616,,,,,,,,,,
1791471744.045553,601172,tracking_feedback_accumulate,2352,,24185,,,326219776,429916160,376687104,436207616,,,,,,,,2.947899978607893,,
1791471744.0505526,601172,frontend_frame,2352,0,24185,65,8,327933440,429916160,376687104,436207616,,,,,,,,,,
1791471744.4399934,601172,tracking_feedback_accumulate,2353,,24185,,,331848192,429916160,376687104,436207616,,,,,,,,2.8661000542342663,,
1791471744.4439933,601172,frontend_frame,2353,0,24185,65,8,333561856,429916160,376687104,436207616,,,,,,,,,,
1791471744.793142,601172,tracking_feedback_accumulate,2354,,24185,,,337722368,432013312,380285952,436207616,,,,,,,,2.7423000428825617,,
1791471744.799144,601172,frontend_frame,2354,0,24185,65,8,328017408,432013312,380285952,436207616,,,,,,,,,,
1791471745.1607301,601172,tracking_feedback_accumulate,2355,,24185,,,331850240,432013312,380285952,436207616,,,,,,,,2.9418000485748053,,
1791471745.1657298,601172,frontend_frame,2355,0,24185,65,8,333563904,432013312,380285952,436207616,,,,,,,,,,
1791471745.4982748,601172,tracking_feedback_accumulate,2356,,24185,,,337642496,432013312,380285952,436207616,,,,,,,,2.971000038087368,,
1791471745.5032744,601172,frontend_frame,2356,0,24185,65,8,339356160,434110464,380285952,436207616,,,,,,,,,,
1791471745.8618603,601172,tracking_feedback_accumulate,2357,,24185,,,326306816,434110464,380285952,436207616,,,,,,,,2.8200000524520874,,
1791471745.9103684,601172,frontend_frame,2357,0,24185,66,8,332016128,434110464,380285952,436207616,,,,,,,,,,
1791471756.6933274,601172,tracking_feedback_accumulate,2358,,24283,,,335941632,434110464,380285952,436207616,,,,,,,,3.0100999865680933,,
1791471756.6973271,601172,frontend_frame,2358,0,24283,66,8,337683968,434110464,380285952,436207616,,,,,,,,,,
1791471757.094391,601172,tracking_feedback_accumulate,2359,,24283,,,330315776,434110464,380285952,436207616,,,,,,,,2.9750000685453415,,
1791471757.098391,601172,frontend_frame,2359,0,24283,66,8,332057600,434110464,380285952,436207616,,,,,,,,,,
1791471757.4394283,601172,tracking_feedback_accumulate,2360,,24283,,,335890432,434110464,380285952,436207616,,,,,,,,3.0082000885158777,,
1791471757.4444282,601172,frontend_frame,2360,0,24283,66,8,337632256,406847488,380285952,436207616,,,,,,,,,,
1791471757.8445988,601172,tracking_feedback_accumulate,2361,,24283,,,341792768,434110464,384483840,436207616,,,,,,,,2.876000013202429,,
1791471757.8495986,601172,frontend_frame,2361,0,24283,66,8,332059648,434110464,384483840,436207616,,,,,,,,,,
1791471758.156297,601172,tracking_feedback_accumulate,2362,,24283,,,335974400,434110464,384483840,436207616,,,,,,,,3.0519000720232725,,
1791471758.1612966,601172,frontend_frame,2362,0,24283,66,8,337716736,434110464,384483840,436207616,,,,,,,,,,
1791471758.4008207,601172,tracking_feedback_accumulate,2363,,24283,,,341631488,434110464,384676352,436207616,,,,,,,,2.8184999246150255,,
1791471758.4078228,601172,frontend_frame,2363,0,24283,66,8,343373312,436207616,384676352,436207616,,,,,,,,,,
1791471758.7528896,601172,tracking_feedback_accumulate,2364,,24283,,,330239488,436207616,384676352,436207616,,,,,,,,3.082099836319685,,
1791471758.7568898,601172,frontend_frame,2364,0,24283,66,8,331981312,436207616,384676352,436207616,,,,,,,,,,
1791471759.1016004,601172,tracking_feedback_accumulate,2365,,24283,,,335896064,436207616,384676352,436207616,,,,,,,,6.3639001455157995,,
1791471759.1066062,601172,frontend_frame,2365,0,24283,66,8,337637888,436207616,384676352,436207616,,,,,,,,,,
1791471759.4061291,601172,tracking_feedback_accumulate,2366,,24283,,,341798400,436207616,384676352,436207616,,,,,,,,2.75709992274642,,
1791471759.4111292,601172,frontend_frame,2366,0,24283,66,8,332065280,436207616,384676352,436207616,,,,,,,,,,
1791471759.800718,601172,tracking_feedback_accumulate,2367,,24283,,,335898112,436207616,384676352,436207616,,,,,,,,3.1284999568015337,,
1791471759.8057184,601172,frontend_frame,2367,0,24283,66,8,337639936,436207616,384676352,436207616,,,,,,,,,,
1791471760.2080936,601172,tracking_feedback_accumulate,2368,,24283,,,341718528,436207616,384676352,436207616,,,,,,,,2.822300186380744,,
1791471760.2130935,601172,frontend_frame,2368,0,24283,66,8,343460352,436207616,384676352,436207616,,,,,,,,,,
1791471760.4576128,601172,tracking_feedback_accumulate,2369,,24283,,,324453376,436207616,384676352,436207616,,,,,,,,2.935499884188175,,
1791471760.461613,601172,frontend_frame,2369,0,24283,66,8,326195200,436207616,384676352,436207616,,,,,,,,,,
1791471760.8921893,601172,tracking_feedback_accumulate,2370,,24283,,,330355712,436207616,384676352,436207616,,,,,,,,2.848000032827258,,
1791471760.8976963,601172,frontend_frame,2370,0,24283,66,8,332097536,406847488,384676352,436207616,,,,,,,,,,
1791471761.257894,601172,tracking_feedback_accumulate,2371,,24283,,,335930368,429916160,384676352,436207616,,,,,,,,2.9364998918026686,,
1791471761.2628942,601172,frontend_frame,2371,0,24283,66,8,326197248,429916160,384676352,436207616,,,,,,,,,,
1791471761.6376076,601172,tracking_feedback_accumulate,2372,,24283,,,330275840,429916160,384676352,436207616,,,,,,,,2.9095998033881187,,
1791471761.6426077,601172,frontend_frame,2372,0,24283,66,8,332017664,429916160,384676352,436207616,,,,,,,,,,
1791471761.9727297,601172,tracking_feedback_accumulate,2373,,24283,,,336096256,429916160,384676352,436207616,,,,,,,,2.9072000179439783,,
1791471761.9777296,601172,frontend_frame,2373,0,24283,66,8,337838080,432013312,384676352,436207616,,,,,,,,,,
1791471762.3379185,601172,tracking_feedback_accumulate,2374,,24283,,,324540416,432013312,384676352,436207616,,,,,,,,2.891700016334653,,
1791471762.3889585,601172,frontend_frame,2374,0,24283,67,8,330277888,432013312,384676352,436207616,,,,,,,,,,
1791471773.0796816,601172,tracking_feedback_accumulate,2375,,24610,,,334216192,432013312,384676352,436207616,,,,,,,,2.863900037482381,,
1791471773.0846817,601172,frontend_frame,2375,0,24610,67,8,336036352,432013312,384676352,436207616,,,,,,,,,,
1791471773.4783192,601172,tracking_feedback_accumulate,2376,,24610,,,328563712,452984832,384676352,452984832,,,,,,,,2.841999987140298,,
1791471773.4833212,601172,frontend_frame,2376,0,24610,67,8,330381824,452984832,384676352,452984832,,,,,,,,,,
1791471773.8158996,601172,tracking_feedback_accumulate,2377,,24610,,,334296576,452984832,384676352,452984832,,,,,,,,2.825399860739708,,
1791471773.8208995,601172,frontend_frame,2377,0,24610,67,8,336114688,452984832,384676352,452984832,,,,,,,,,,
1791471774.1315103,601172,tracking_feedback_accumulate,2378,,24610,,,340193280,452984832,384676352,452984832,,,,,,,,2.90570012293756,,
1791471774.136511,601172,frontend_frame,2378,0,24610,67,8,330383872,452984832,384676352,452984832,,,,,,,,,,
1791471774.4819462,601172,tracking_feedback_accumulate,2379,,24610,,,334298624,452984832,384676352,452984832,,,,,,,,2.8834000695496798,,
1791471774.4859462,601172,frontend_frame,2379,0,24610,67,8,336117248,452984832,384676352,452984832,,,,,,,,,,
1791471774.8550403,601172,tracking_feedback_accumulate,2380,,24610,,,340277760,452984832,384676352,452984832,,,,,,,,2.855400089174509,,
1791471774.8600402,601172,frontend_frame,2380,0,24610,67,8,342095872,408944640,384676352,452984832,,,,,,,,,,
1791471775.2499974,601172,tracking_feedback_accumulate,2381,,24610,,,328569344,429916160,384676352,452984832,,,,,,,,2.9163998551666737,,
1791471775.254998,601172,frontend_frame,2381,0,24610,67,8,330387456,429916160,384676352,452984832,,,,,,,,,,
1791471775.6600757,601172,tracking_feedback_accumulate,2382,,24610,,,334466048,450887680,384676352,452984832,,,,,,,,2.860400127246976,,
1791471775.6650758,601172,frontend_frame,2382,0,24610,67,8,336284160,450887680,384676352,452984832,,,,,,,,,,
1791471776.017666,601172,tracking_feedback_accumulate,2383,,24610,,,340198912,450887680,384676352,452984832,,,,,,,,2.9529999010264874,,
1791471776.0226653,601172,frontend_frame,2383,0,24610,67,8,330389504,450887680,384676352,452984832,,,,,,,,,,
1791471776.4398396,601172,tracking_feedback_accumulate,2384,,24610,,,334304256,450887680,384676352,452984832,,,,,,,,2.8689999599009752,,
1791471776.4448411,601172,frontend_frame,2384,0,24610,67,8,336122368,450887680,384676352,452984832,,,,,,,,,,
1791471776.8085139,601172,tracking_feedback_accumulate,2385,,24610,,,340282880,450887680,384676352,452984832,,,,,,,,2.958499826490879,,
1791471776.8135138,601172,frontend_frame,2385,0,24610,67,8,342100992,452984832,384676352,452984832,,,,,,,,,,
1791471777.1677384,601172,tracking_feedback_accumulate,2386,,24610,,,328492544,452984832,384676352,452984832,,,,,,,,2.8611000161617994,,
1791471777.1717384,601172,frontend_frame,2386,0,24610,67,8,330310656,452984832,384676352,452984832,,,,,,,,,,
1791471777.571897,601172,tracking_feedback_accumulate,2387,,24610,,,334471168,452984832,384676352,452984832,,,,,,,,3.0786001589149237,,
1791471777.575897,601172,frontend_frame,2387,0,24610,67,8,336289280,452984832,384676352,452984832,,,,,,,,,,
1791471777.913925,601172,tracking_feedback_accumulate,2388,,24610,,,328494592,452984832,384676352,452984832,,,,,,,,2.922800136730075,,
1791471777.9189265,601172,frontend_frame,2388,0,24610,67,8,330312704,452984832,384676352,452984832,,,,,,,,,,
1791471778.248161,601172,tracking_feedback_accumulate,2389,,24610,,,334473216,452984832,384676352,452984832,,,,,,,,3.1902999617159367,,
1791471778.253161,601172,frontend_frame,2389,0,24610,67,8,336291328,452984832,384676352,452984832,,,,,,,,,,
1791471778.6544933,601172,tracking_feedback_accumulate,2390,,24610,,,340124160,452984832,384676352,452984832,,,,,,,,2.943800063803792,,
1791471778.6604936,601172,frontend_frame,2390,0,24610,67,8,330314752,406847488,384676352,452984832,,,,,,,,,,
1791471779.022064,601172,tracking_feedback_accumulate,2391,,24610,,,334393344,427819008,384676352,452984832,,,,,,,,2.7830000035464764,,
1791471779.0270638,601172,frontend_frame,2391,0,24610,67,8,336211456,427819008,384676352,452984832,,,,,,,,,,
1791471779.3829696,601172,tracking_feedback_accumulate,2392,,24610,,,340290048,450887680,384676352,452984832,,,,,,,,2.872199984267354,,
1791471779.3879695,601172,frontend_frame,2392,0,24610,67,8,342108160,452984832,384676352,452984832,,,,,,,,,,
1791471779.752058,601172,tracking_feedback_accumulate,2393,,24610,,,328499712,452984832,384676352,452984832,,,,,,,,3.3923001028597355,,
1791471779.7560582,601172,frontend_frame,2393,0,24610,67,8,330317824,452984832,384676352,452984832,,,,,,,,,,
1791471780.149184,601172,tracking_feedback_accumulate,2394,,24610,,,334478336,452984832,384676352,452984832,,,,,,,,3.0090000946074724,,
1791471780.1541839,601172,frontend_frame,2394,0,24610,67,8,336296448,452984832,384676352,452984832,,,,,,,,,,
1791471780.4913754,601172,tracking_feedback_accumulate,2395,,24610,,,340211200,452984832,384676352,452984832,,,,,,,,2.871899865567684,,
1791471780.4963863,601172,frontend_frame,2395,0,24610,67,8,330401792,452984832,384676352,452984832,,,,,,,,,,
1791471780.8692873,601172,tracking_feedback_accumulate,2396,,24610,,,334480384,452984832,384676352,452984832,,,,,,,,2.941699931398034,,
1791471780.8742871,601172,frontend_frame,2396,0,24610,67,8,336298496,452984832,384676352,452984832,,,,,,,,,,
1791471781.0809774,601172,tracking_feedback_accumulate,2397,,24610,,,340213248,452984832,384676352,452984832,,,,,,,,2.9088000301271677,,
1791471781.0859785,601172,frontend_frame,2397,0,24610,67,8,342031360,452984832,384676352,452984832,,,,,,,,,,
1791471781.4288006,601172,tracking_feedback_accumulate,2398,,24610,,,328504832,452984832,384676352,452984832,,,,,,,,2.8813998214900494,,
1791471781.4333053,601172,frontend_frame,2398,0,24610,67,8,330322944,452984832,384676352,452984832,,,,,,,,,,
1791471781.8539557,601172,tracking_feedback_accumulate,2399,,24610,,,334401536,452984832,384676352,452984832,,,,,,,,2.8707999736070633,,
1791471781.9030514,601172,frontend_frame,2399,0,24610,68,8,340215296,452984832,384676352,452984832,,,,,,,,,,
1791471792.6293404,601172,tracking_feedback_accumulate,2400,,24611,,,332505088,452984832,384676352,452984832,,,,,,,,2.887000096961856,,
1791471792.6353405,601172,frontend_frame,2400,0,24611,68,8,334322688,406847488,384676352,452984832,,,,,,,,,,
1791471793.0385823,601172,tracking_feedback_accumulate,2401,,24611,,,338483200,448790528,384676352,452984832,,,,,,,,2.742999931797385,,
1791471793.0435822,601172,frontend_frame,2401,0,24611,68,8,340301312,448790528,384676352,452984832,,,,,,,,,,
1791471793.4877276,601172,tracking_feedback_accumulate,2402,,24611,,,344134144,452984832,386939904,452984832,,,,,,,,2.915299963206053,,
1791471793.4937277,601172,frontend_frame,2402,0,24611,68,8,334324736,452984832,386939904,452984832,,,,,,,,,,
1791471793.8714073,601172,tracking_feedback_accumulate,2403,,24611,,,338403328,452984832,386939904,452984832,,,,,,,,2.810500096529722,,
1791471793.8764076,601172,frontend_frame,2403,0,24611,68,8,340221440,452984832,386939904,452984832,,,,,,,,,,
1791471794.265572,601172,tracking_feedback_accumulate,2404,,24611,,,344136192,452984832,386939904,452984832,,,,,,,,2.9974000062793493,,
1791471794.2705717,601172,frontend_frame,2404,0,24611,68,8,345954816,452984832,386939904,452984832,,,,,,,,,,
1791471794.6547859,601172,tracking_feedback_accumulate,2405,,24611,,,332592128,452984832,386939904,452984832,,,,,,,,3.040399868041277,,
1791471794.6597853,601172,frontend_frame,2405,0,24611,68,8,334410240,452984832,386939904,452984832,,,,,,,,,,
1791471795.0602305,601172,tracking_feedback_accumulate,2406,,24611,,,338324992,452984832,386939904,452984832,,,,,,,,2.988399937748909,,
1791471795.0642304,601172,frontend_frame,2406,0,24611,68,8,340143104,452984832,386939904,452984832,,,,,,,,,,
1791471795.396599,601172,tracking_feedback_accumulate,2407,,24611,,,344303616,452984832,386939904,452984832,,,,,,,,3.0704999808222055,,
1791471795.401599,601172,frontend_frame,2407,0,24611,68,8,334494208,452984832,386939904,452984832,,,,,,,,,,
1791471795.7232096,601172,tracking_feedback_accumulate,2408,,24611,,,338408960,452984832,386939904,452984832,,,,,,,,2.8462999034672976,,
1791471795.7282116,601172,frontend_frame,2408,0,24611,68,8,340227072,452984832,386939904,452984832,,,,,,,,,,
1791471796.1283374,601172,tracking_feedback_accumulate,2409,,24611,,,344141824,452984832,386939904,452984832,,,,,,,,2.9700000304728746,,
1791471796.1333373,601172,frontend_frame,2409,0,24611,68,8,345959936,452984832,386939904,452984832,,,,,,,,,,
1791471796.5110326,601172,tracking_feedback_accumulate,2410,,24611,,,332597248,452984832,386939904,452984832,,,,,,,,2.8920001350343227,,
1791471796.5170326,601172,frontend_frame,2410,0,24611,68,8,334415360,406847488,386939904,452984832,,,,,,,,,,
1791471796.9031982,601172,tracking_feedback_accumulate,2411,,24611,,,338330112,448790528,386939904,452984832,,,,,,,,2.849400043487549,,
1791471796.9071982,601172,frontend_frame,2411,0,24611,68,8,340148224,448790528,386939904,452984832,,,,,,,,,,
1791471797.2487905,601172,tracking_feedback_accumulate,2412,,24611,,,344308736,450887680,386939904,452984832,,,,,,,,2.907400019466877,,
1791471797.2537904,601172,frontend_frame,2412,0,24611,68,8,334499328,450887680,386939904,452984832,,,,,,,,,,
1791471797.6634865,601172,tracking_feedback_accumulate,2413,,24611,,,338414080,450887680,386939904,452984832,,,,,,,,2.8448000084608793,,
1791471797.667488,601172,frontend_frame,2413,0,24611,68,8,340232192,450887680,386939904,452984832,,,,,,,,,,
1791471798.0185614,601172,tracking_feedback_accumulate,2414,,24611,,,344146944,450887680,386939904,452984832,,,,,,,,2.9267999343574047,,
1791471798.0235615,601172,frontend_frame,2414,0,24611,68,8,334337536,450887680,386939904,452984832,,,,,,,,,,
1791471798.4087708,601172,tracking_feedback_accumulate,2415,,24611,,,338498048,450887680,386939904,452984832,,,,,,,,3.1150998547673225,,
1791471798.4137704,601172,frontend_frame,2415,0,24611,68,8,340316160,450887680,386939904,452984832,,,,,,,,,,
1791471798.7778509,601172,tracking_feedback_accumulate,2416,,24611,,,344230912,450887680,387217408,452984832,,,,,,,,2.859200118109584,,
1791471798.7828507,601172,frontend_frame,2416,0,24611,68,8,346049024,452984832,387217408,452984832,,,,,,,,,,
1791471799.1495798,601172,tracking_feedback_accumulate,2417,,24611,,,338336256,452984832,387217408,452984832,,,,,,,,3.1089000403881073,,
1791471799.1535797,601172,frontend_frame,2417,0,24611,68,8,340154368,452984832,387217408,452984832,,,,,,,,,,
1791471799.559545,601172,tracking_feedback_accumulate,2418,,24611,,,344232960,452984832,387217408,452984832,,,,,,,,3.0680999625474215,,
1791471799.6105452,601172,frontend_frame,2418,0,24611,69,8,350046720,452984832,387217408,452984832,,,,,,,,,,
1791471810.3003287,601172,tracking_feedback_accumulate,2419,,24922,,,354148352,457179136,396841472,457179136,,,,,,,,2.904399996623397,,
1791471810.3053288,601172,frontend_frame,2419,0,24922,69,8,344415744,457179136,396841472,457179136,,,,,,,,,,
1791471810.6426113,601172,tracking_feedback_accumulate,2420,,24922,,,348330496,457179136,396841472,457179136,,,,,,,,3.140100045129657,,
1791471810.6491153,601172,frontend_frame,2420,0,24922,69,8,350223360,434110464,396841472,457179136,,,,,,,,,,
1791471811.0483556,601172,tracking_feedback_accumulate,2421,,24922,,,354301952,459276288,396957696,459276288,,,,,,,,3.24480002745986,,
1791471811.0543568,601172,frontend_frame,2421,0,24922,69,8,356194816,461373440,396957696,461373440,,,,,,,,,,
1791471811.5353467,601172,tracking_feedback_accumulate,2422,,24922,,,342444032,461373440,396957696,461373440,,,,,,,,3.238899866119027,,
1791471811.5413454,601172,frontend_frame,2422,0,24922,69,8,344336896,461373440,396957696,461373440,,,,,,,,,,
1791471812.011882,601172,tracking_feedback_accumulate,2423,,24922,,,348251648,461373440,396957696,461373440,,,,,,,,3.0767000280320644,,
1791471812.0168831,601172,frontend_frame,2423,0,24922,69,8,350145024,461373440,396957696,461373440,,,,,,,,,,
1791471812.4170337,601172,tracking_feedback_accumulate,2424,,24922,,,342446592,461373440,396957696,461373440,,,,,,,,2.91600008495152,,
1791471812.422034,601172,frontend_frame,2424,0,24922,69,8,344339456,461373440,396957696,461373440,,,,,,,,,,
1791471812.8161366,601172,tracking_feedback_accumulate,2425,,24922,,,348254208,461373440,396957696,461373440,,,,,,,,2.9511998873203993,,
1791471812.8201363,601172,frontend_frame,2425,0,24922,69,8,350147072,461373440,396957696,461373440,,,,,,,,,,
1791471813.265597,601172,tracking_feedback_accumulate,2426,,24922,,,354225664,461373440,396978688,461373440,,,,,,,,2.951500006020069,,
1791471813.272598,601172,frontend_frame,2426,0,24922,69,8,338527744,461373440,396978688,461373440,,,,,,,,,,
1791471813.6477494,601172,tracking_feedback_accumulate,2427,,24922,,,342442496,461373440,396978688,461373440,,,,,,,,2.8705999720841646,,
1791471813.6527493,601172,frontend_frame,2427,0,24922,69,8,344335360,461373440,396978688,461373440,,,,,,,,,,
1791471813.9238358,601172,tracking_feedback_accumulate,2428,,24922,,,348413952,461373440,396978688,461373440,,,,,,,,2.939000027254224,,
1791471813.927836,601172,frontend_frame,2428,0,24922,69,8,350306816,461373440,396978688,461373440,,,,,,,,,,
1791471814.3431478,601172,tracking_feedback_accumulate,2429,,24922,,,336719872,461373440,396978688,461373440,,,,,,,,2.8176000341773033,,
1791471814.3476522,601172,frontend_frame,2429,0,24922,69,8,338612736,461373440,396978688,461373440,,,,,,,,,,
1791471814.7093587,601172,tracking_feedback_accumulate,2430,,24922,,,342527488,461373440,396978688,461373440,,,,,,,,2.935900120064616,,
1791471814.7143586,601172,frontend_frame,2430,0,24922,69,8,344420352,429916160,396978688,461373440,,,,,,,,,,
1791471815.0396476,601172,tracking_feedback_accumulate,2431,,24922,,,348498944,452984832,396978688,461373440,,,,,,,,3.014399902895093,,
1791471815.0446475,601172,frontend_frame,2431,0,24922,69,8,338614784,452984832,396978688,461373440,,,,,,,,,,
1791471815.36716,601172,tracking_feedback_accumulate,2432,,24922,,,342529536,452984832,396978688,461373440,,,,,,,,2.980499994009733,,
1791471815.3711627,601172,frontend_frame,2432,0,24922,69,8,344422400,452984832,396978688,461373440,,,,,,,,,,
1791471815.7631762,601172,tracking_feedback_accumulate,2433,,24922,,,348337152,452984832,396978688,461373440,,,,,,,,2.9883000534027815,,
1791471815.7681758,601172,frontend_frame,2433,0,24922,69,8,350230016,455081984,396978688,461373440,,,,,,,,,,
1791471816.0788603,601172,tracking_feedback_accumulate,2434,,24922,,,336643072,455081984,396978688,461373440,,,,,,,,2.954700030386448,,
1791471816.0838602,601172,frontend_frame,2434,0,24922,69,8,338535936,455081984,396978688,461373440,,,,,,,,,,
1791471816.4716601,601172,tracking_feedback_accumulate,2435,,24922,,,342450688,455081984,396978688,461373440,,,,,,,,2.9292001854628325,,
1791471816.47666,601172,frontend_frame,2435,0,24922,69,8,344343552,455081984,396978688,461373440,,,,,,,,,,
1791471816.8648875,601172,tracking_feedback_accumulate,2436,,24922,,,348504064,455081984,396978688,461373440,,,,,,,,2.8774000238627195,,
1791471816.869887,601172,frontend_frame,2436,0,24922,69,8,338619904,455081984,396978688,461373440,,,,,,,,,,
1791471817.2216365,601172,tracking_feedback_accumulate,2437,,24922,,,342452736,455081984,396978688,461373440,,,,,,,,2.9392000287771225,,
1791471817.2266374,601172,frontend_frame,2437,0,24922,69,8,344345600,455081984,396978688,461373440,,,,,,,,,,
1791471817.5482376,601172,tracking_feedback_accumulate,2438,,24922,,,348506112,455081984,396978688,461373440,,,,,,,,2.9513000044971704,,
1791471817.5522375,601172,frontend_frame,2438,0,24922,69,8,350398976,455081984,396978688,461373440,,,,,,,,,,
1791471817.9734216,601172,tracking_feedback_accumulate,2439,,24922,,,336566272,455081984,396978688,461373440,,,,,,,,2.9903999529778957,,
1791471817.9784212,601172,frontend_frame,2439,0,24922,69,8,338459136,455081984,396978688,461373440,,,,,,,,,,
1791471818.2984974,601172,tracking_feedback_accumulate,2440,,24922,,,342537728,455081984,396978688,461373440,,,,,,,,3.0188001692295074,,
1791471818.303497,601172,frontend_frame,2440,0,24922,69,8,344430592,429916160,396978688,461373440,,,,,,,,,,
1791471818.6833613,601172,tracking_feedback_accumulate,2441,,24922,,,336568320,452984832,396978688,461373440,,,,,,,,2.903599990531802,,
1791471818.6873615,601172,frontend_frame,2441,0,24922,69,8,338461184,452984832,396978688,461373440,,,,,,,,,,
1791471819.0906153,601172,tracking_feedback_accumulate,2442,,24922,,,342539776,452984832,396978688,461373440,,,,,,,,3.0322999227792025,,
1791471819.095615,601172,frontend_frame,2442,0,24922,69,8,344432640,452984832,396978688,461373440,,,,,,,,,,
1791471819.4959278,601172,tracking_feedback_accumulate,2443,,24922,,,348347392,452984832,396978688,461373440,,,,,,,,2.9446000698953867,,
1791471819.5004318,601172,frontend_frame,2443,0,24922,69,8,338463232,452984832,396978688,461373440,,,,,,,,,,
1791471819.8180406,601172,tracking_feedback_accumulate,2444,,24922,,,342623744,452984832,396978688,461373440,,,,,,,,2.895199926570058,,
1791471819.8230407,601172,frontend_frame,2444,0,24922,69,8,344516608,452984832,396978688,461373440,,,,,,,,,,
1791471820.2238655,601172,tracking_feedback_accumulate,2445,,24922,,,348431360,452984832,396978688,461373440,,,,,,,,3.285400103777647,,
1791471820.2288659,601172,frontend_frame,2445,0,24922,69,8,350324224,455081984,396978688,461373440,,,,,,,,,,
1791471820.6826057,601172,tracking_feedback_accumulate,2446,,24922,,,336573440,455081984,396978688,461373440,,,,,,,,2.888699993491173,,
1791471820.6876059,601172,frontend_frame,2446,0,24922,69,8,338466304,455081984,396978688,461373440,,,,,,,,,,
1791471821.0622432,601172,tracking_feedback_accumulate,2447,,24922,,,342626816,455081984,396978688,461373440,,,,,,,,2.8728998731821775,,
1791471821.0662434,601172,frontend_frame,2447,0,24922,69,8,344519680,455081984,396978688,461373440,,,,,,,,,,
1791471821.4177642,601172,tracking_feedback_accumulate,2448,,24922,,,348352512,455081984,396978688,461373440,,,,,,,,2.9842001385986805,,
1791471821.4227648,601172,frontend_frame,2448,0,24922,69,8,338468352,455081984,396978688,461373440,,,,,,,,,,
1791471821.7546582,601172,tracking_feedback_accumulate,2449,,24922,,,342628864,455081984,396978688,461373440,,,,,,,,3.0141999013721943,,
1791471821.8036582,601172,frontend_frame,2449,0,24922,70,8,348517376,455081984,396978688,461373440,,,,,,,,,,
1791471832.7440152,601172,tracking_feedback_accumulate,2450,,24976,,,340661760,455081984,396978688,461373440,,,,,,,,3.0245999805629253,,
1791471832.750015,601172,frontend_frame,2450,0,24976,70,8,342568448,429916160,396978688,461373440,,,,,,,,,,
1791471833.0601966,601172,tracking_feedback_accumulate,2451,,24976,,,346483200,450887680,396978688,461373440,,,,,,,,2.8144000098109245,,
1791471833.0641966,601172,frontend_frame,2451,0,24976,70,8,348389888,450887680,396978688,461373440,,,,,,,,,,
1791471833.496788,601172,tracking_feedback_accumulate,2452,,24976,,,352550400,455081984,396978688,461373440,,,,,,,,2.9966000001877546,,
1791471833.5017934,601172,frontend_frame,2452,0,24976,70,8,342652416,455081984,396978688,461373440,,,,,,,,,,
1791471833.9124584,601172,tracking_feedback_accumulate,2453,,24976,,,346567168,455081984,396978688,461373440,,,,,,,,2.870299853384495,,
1791471833.917458,601172,frontend_frame,2453,0,24976,70,8,348473856,455081984,396978688,461373440,,,,,,,,,,
1791471834.3710966,601172,tracking_feedback_accumulate,2454,,24976,,,352552448,455081984,396978688,461373440,,,,,,,,2.8919000178575516,,
1791471834.3760967,601172,frontend_frame,2454,0,24976,70,8,354459648,457179136,396978688,461373440,,,,,,,,,,
1791471834.7598007,601172,tracking_feedback_accumulate,2455,,24976,,,340667392,457179136,396978688,461373440,,,,,,,,2.9301000759005547,,
1791471834.7638006,601172,frontend_frame,2455,0,24976,70,8,342574080,457179136,396978688,461373440,,,,,,,,,,
1791471835.0890527,601172,tracking_feedback_accumulate,2456,,24976,,,346488832,457179136,396978688,461373440,,,,,,,,3.1894000712782145,,
1791471835.0960596,601172,frontend_frame,2456,0,24976,70,8,348395520,457179136,396978688,461373440,,,,,,,,,,
1791471835.5341485,601172,tracking_feedback_accumulate,2457,,24976,,,340669440,457179136,396978688,461373440,,,,,,,,2.9700000304728746,,
1791471835.539394,601172,frontend_frame,2457,0,24976,70,8,342576128,457179136,396978688,461373440,,,,,,,,,,
1791471835.9425926,601172,tracking_feedback_accumulate,2458,,24976,,,346654720,457179136,396978688,461373440,,,,,,,,2.9242001473903656,,
1791471835.9465966,601172,frontend_frame,2458,0,24976,70,8,348561408,457179136,396978688,461373440,,,,,,,,,,
1791471836.3877556,601172,tracking_feedback_accumulate,2459,,24976,,,352476160,457179136,396978688,461373440,,,,,,,,3.2295999117195606,,
1791471836.3927557,601172,frontend_frame,2459,0,24976,70,8,342578176,457179136,396978688,461373440,,,,,,,,,,
1791471836.69705,601172,tracking_feedback_accumulate,2460,,24976,,,346656768,457179136,396978688,461373440,,,,,,,,2.960900077596307,,
1791471836.7020502,601172,frontend_frame,2460,0,24976,70,8,348563456,408944640,396978688,461373440,,,,,,,,,,
1791471837.1582253,601172,tracking_feedback_accumulate,2461,,24976,,,352396288,455081984,396978688,461373440,,,,,,,,2.92899995110929,,
1791471837.1642275,601172,frontend_frame,2461,0,24976,70,8,354302976,457179136,396978688,461373440,,,,,,,,,,
1791471837.5765235,601172,tracking_feedback_accumulate,2462,,24976,,,340674560,457179136,396978688,461373440,,,,,,,,2.9980000108480453,,
1791471837.5805235,601172,frontend_frame,2462,0,24976,70,8,342581248,457179136,396978688,461373440,,,,,,,,,,
1791471838.0047555,601172,tracking_feedback_accumulate,2463,,24976,,,346659840,457179136,396978688,461373440,,,,,,,,2.9360000044107437,,
1791471838.0097554,601172,frontend_frame,2463,0,24976,70,8,348566528,457179136,396978688,461373440,,,,,,,,,,
1791471838.5058985,601172,tracking_feedback_accumulate,2464,,24976,,,352399360,457179136,396978688,461373440,,,,,,,,2.8899998869746923,,
1791471838.5108988,601172,frontend_frame,2464,0,24976,70,8,342501376,457179136,396978688,461373440,,,,,,,,,,
1791471838.990603,601172,tracking_feedback_accumulate,2465,,24976,,,346661888,457179136,396978688,461373440,,,,,,,,2.890900010243058,,
1791471838.9956028,601172,frontend_frame,2465,0,24976,70,8,348568576,457179136,396978688,461373440,,,,,,,,,,
1791471839.4316823,601172,tracking_feedback_accumulate,2466,,24976,,,352483328,457179136,396978688,461373440,,,,,,,,2.9236001428216696,,
1791471839.4366822,601172,frontend_frame,2466,0,24976,70,8,354390016,457179136,396978688,461373440,,,,,,,,,,
1791471839.8328311,601172,tracking_feedback_accumulate,2467,,24976,,,340761600,457179136,396978688,461373440,,,,,,,,2.944099949672818,,
1791471839.8378315,601172,frontend_frame,2467,0,24976,70,8,342668288,457179136,396978688,461373440,,,,,,,,,,
1791471840.2052522,601172,tracking_feedback_accumulate,2468,,24976,,,346501120,457179136,396978688,461373440,,,,,,,,3.052900079637766,,
1791471840.2102528,601172,frontend_frame,2468,0,24976,70,8,348407808,457179136,396978688,461373440,,,,,,,,,,
1791471840.6089966,601172,tracking_feedback_accumulate,2469,,24976,,,352486400,457179136,396978688,461373440,,,,,,,,2.9862001538276672,,
1791471840.6139967,601172,frontend_frame,2469,0,24976,70,8,342588416,457179136,396978688,461373440,,,,,,,,,,
1791471841.0692253,601172,tracking_feedback_accumulate,2470,,24976,,,346667008,457179136,396978688,461373440,,,,,,,,2.8824000619351864,,
1791471841.0752263,601172,frontend_frame,2470,0,24976,70,8,348573696,408944640,396978688,461373440,,,,,,,,,,
1791471841.4162538,601172,tracking_feedback_accumulate,2471,,24976,,,352488448,455081984,396978688,461373440,,,,,,,,2.875400008633733,,
1791471841.421254,601172,frontend_frame,2471,0,24976,70,8,354395136,457179136,396978688,461373440,,,,,,,,,,
1791471841.8464313,601172,tracking_feedback_accumulate,2472,,24976,,,340602880,457179136,396978688,461373440,,,,,,,,2.9037001077085733,,
1791471841.8504307,601172,frontend_frame,2472,0,24976,70,8,342509568,457179136,396978688,461373440,,,,,,,,,,
1791471842.2831304,601172,tracking_feedback_accumulate,2473,,24976,,,346670080,457179136,396978688,461373440,,,,,,,,2.8603000100702047,,
1791471842.33213,601172,frontend_frame,2473,0,24976,71,8,352572416,457179136,396978688,461373440,,,,,,,,,,
1791471853.3320649,601172,tracking_feedback_accumulate,2474,,25521,,,344720384,457179136,396978688,461373440,,,,,,,,2.9073001351207495,,
1791471853.337066,601172,frontend_frame,2474,0,25521,71,8,346759680,457179136,396978688,461373440,,,,,,,,,,
1791471853.7557268,601172,tracking_feedback_accumulate,2475,,25521,,,350838272,457179136,396978688,461373440,,,,,,,,3.183000022545457,,
1791471853.760726,601172,frontend_frame,2475,0,25521,71,8,352873984,457179136,396978688,461373440,,,,,,,,,,
1791471854.15436,601172,tracking_feedback_accumulate,2476,,25521,,,356706816,457179136,399584768,461373440,,,,,,,,2.956199925392866,,
1791471854.1603599,601172,frontend_frame,2476,0,25521,71,8,346679808,457179136,399584768,461373440,,,,,,,,,,
1791471854.5544674,601172,tracking_feedback_accumulate,2477,,25521,,,350758400,457179136,399584768,461373440,,,,,,,,2.972399815917015,,
1791471854.5594685,601172,frontend_frame,2477,0,25521,71,8,352794112,457179136,399584768,461373440,,,,,,,,,,
1791471854.8925822,601172,tracking_feedback_accumulate,2478,,25521,,,356708864,457179136,399584768,461373440,,,,,,,,2.9037001077085733,,
1791471854.8965821,601172,frontend_frame,2478,0,25521,71,8,358745088,457179136,399584768,461373440,,,,,,,,,,
1791471855.295966,601172,tracking_feedback_accumulate,2479,,25521,,,344729600,457179136,399584768,461373440,,,,,,,,3.1712001655250788,,
1791471855.3019657,601172,frontend_frame,2479,0,25521,71,8,346765312,457179136,399584768,461373440,,,,,,,,,,
1791471855.700177,601172,tracking_feedback_accumulate,2480,,25521,,,350843904,457179136,399584768,461373440,,,,,,,,2.9168000910431147,,
1791471855.705177,601172,frontend_frame,2480,0,25521,71,8,352879616,429916160,399584768,461373440,,,,,,,,,,
1791471856.1123142,601172,tracking_feedback_accumulate,2481,,25521,,,356794368,455081984,399584768,461373440,,,,,,,,2.9271000530570745,,
1791471856.1183162,601172,frontend_frame,2481,0,25521,71,8,346767360,455081984,399584768,461373440,,,,,,,,,,
1791471856.5144484,601172,tracking_feedback_accumulate,2482,,25521,,,350682112,455081984,399584768,461373440,,,,,,,,3.2426000107079744,,
1791471856.5194485,601172,frontend_frame,2482,0,25521,71,8,352717824,455081984,399584768,461373440,,,,,,,,,,
1791471856.9262018,601172,tracking_feedback_accumulate,2483,,25521,,,356796416,455081984,399584768,461373440,,,,,,,,2.8848000802099705,,
1791471856.9312017,601172,frontend_frame,2483,0,25521,71,8,358832128,457179136,399584768,461373440,,,,,,,,,,
1791471857.4034827,601172,tracking_feedback_accumulate,2484,,25521,,,344816640,457179136,399584768,461373440,,,,,,,,3.2597000245004892,,
1791471857.4084826,601172,frontend_frame,2484,0,25521,71,8,346852352,457179136,399584768,461373440,,,,,,,,,,
1791471857.822198,601172,tracking_feedback_accumulate,2485,,25521,,,350685184,457179136,399584768,461373440,,,,,,,,3.1291001942008734,,
1791471857.8271983,601172,frontend_frame,2485,0,25521,71,8,352720896,457179136,399584768,461373440,,,,,,,,,,
1791471858.2978425,601172,tracking_feedback_accumulate,2486,,25521,,,344736768,457179136,399584768,461373440,,,,,,,,2.8717999812215567,,
1791471858.3028421,601172,frontend_frame,2486,0,25521,71,8,346772480,457179136,399584768,461373440,,,,,,,,,,
1791471858.6739974,601172,tracking_feedback_accumulate,2487,,25521,,,350687232,457179136,399584768,461373440,,,,,,,,2.9223000165075064,,
1791471858.6789973,601172,frontend_frame,2487,0,25521,71,8,352722944,457179136,399584768,461373440,,,,,,,,,,
1791471859.0565727,601172,tracking_feedback_accumulate,2488,,25521,,,356883456,457179136,399584768,461373440,,,,,,,,3.2524000853300095,,
1791471859.0625725,601172,frontend_frame,2488,0,25521,71,8,346856448,457179136,399584768,461373440,,,,,,,,,,
1791471859.4836135,601172,tracking_feedback_accumulate,2489,,25521,,,350771200,457179136,399584768,461373440,,,,,,,,2.902299864217639,,
1791471859.4886134,601172,frontend_frame,2489,0,25521,71,8,352806912,457179136,399584768,461373440,,,,,,,,,,
1791471859.8859062,601172,tracking_feedback_accumulate,2490,,25521,,,356885504,457179136,399584768,461373440,,,,,,,,2.9357001185417175,,
1791471859.8909051,601172,frontend_frame,2490,0,25521,71,8,358921216,436207616,399584768,461373440,,,,,,,,,,
1791471860.2556214,601172,tracking_feedback_accumulate,2491,,25521,,,344659968,457179136,399584768,461373440,,,,,,,,3.127399832010269,,
1791471860.2607937,601172,frontend_frame,2491,0,25521,71,8,346695680,457179136,399584768,461373440,,,,,,,,,,
1791471860.5504372,601172,tracking_feedback_accumulate,2492,,25521,,,350856192,457179136,399584768,461373440,,,,,,,,2.976600080728531,,
1791471860.5554368,601172,frontend_frame,2492,0,25521,71,8,352891904,457179136,399584768,461373440,,,,,,,,,,
1791471860.9948106,601172,tracking_feedback_accumulate,2493,,25521,,,356724736,457179136,399584768,461373440,,,,,,,,2.7255001477897167,,
1791471860.9998105,601172,frontend_frame,2493,0,25521,71,8,346697728,457179136,399584768,461373440,,,,,,,,,,
1791471861.4169614,601172,tracking_feedback_accumulate,2494,,25521,,,350776320,457179136,399584768,461373440,,,,,,,,3.204700071364641,,
1791471861.4219625,601172,frontend_frame,2494,0,25521,71,8,352812032,457179136,399584768,461373440,,,,,,,,,,
1791471861.8727486,601172,tracking_feedback_accumulate,2495,,25521,,,356890624,457179136,399584768,461373440,,,,,,,,2.791699953377247,,
1791471861.8777509,601172,frontend_frame,2495,0,25521,71,8,358926336,457179136,399584768,461373440,,,,,,,,,,
1791471862.2275243,601172,tracking_feedback_accumulate,2496,,25521,,,344747008,457179136,399584768,461373440,,,,,,,,2.8858999721705914,,
1791471862.2315245,601172,frontend_frame,2496,0,25521,71,8,346782720,457179136,399584768,461373440,,,,,,,,,,
1791471862.6841521,601172,tracking_feedback_accumulate,2497,,25521,,,350861312,457179136,399584768,461373440,,,,,,,,2.8894999995827675,,
1791471862.6891532,601172,frontend_frame,2497,0,25521,71,8,352897024,457179136,399584768,461373440,,,,,,,,,,
1791471863.168,601172,tracking_feedback_accumulate,2498,,25521,,,356729856,457179136,399584768,461373440,,,,,,,,2.89909983985126,,
1791471863.173504,601172,frontend_frame,2498,0,25521,71,8,346702848,457179136,399584768,461373440,,,,,,,,,,
1791471863.6475828,601172,tracking_feedback_accumulate,2499,,25521,,,350781440,457179136,399584768,461373440,,,,,,,,3.0354999471455812,,
1791471863.6525826,601172,frontend_frame,2499,0,25521,71,8,352817152,457179136,399584768,461373440,,,,,,,,,,
1791471864.0994594,601172,tracking_feedback_accumulate,2500,,25521,,,356731904,457179136,399584768,461373440,,,,,,,,2.9182001017034054,,
1791471864.1504586,601172,frontend_frame,2500,0,25521,72,8,362763264,459276288,399584768,461373440,,,,,,,,,,
1791471875.2326403,601172,tracking_feedback_accumulate,2501,,25632,,,348756992,459276288,399584768,461373440,,,,,,,,3.0763999093323946,,
1791471875.2366421,601172,frontend_frame,2501,0,25632,72,8,350815232,459276288,399584768,461373440,,,,,,,,,,
1791471875.5977695,601172,tracking_feedback_accumulate,2502,,25632,,,354729984,480247808,399584768,480247808,,,,,,,,2.995199989527464,,
1791471875.603769,601172,frontend_frame,2502,0,25632,72,8,356787712,480247808,399584768,480247808,,,,,,,,,,
1791471876.034151,601172,tracking_feedback_accumulate,2503,,25632,,,348841472,480247808,399584768,480247808,,,,,,,,2.8689999599009752,,
1791471876.0387204,601172,frontend_frame,2503,0,25632,72,8,350899200,480247808,399584768,480247808,,,,,,,,,,
1791471876.3807569,601172,tracking_feedback_accumulate,2504,,25632,,,354813952,480247808,399584768,480247808,,,,,,,,2.9579000547528267,,
1791471876.3847556,601172,frontend_frame,2504,0,25632,72,8,356871680,480247808,399584768,480247808,,,,,,,,,,
1791471876.8085787,601172,tracking_feedback_accumulate,2505,,25632,,,360786432,480247808,403929600,480247808,,,,,,,,2.906800014898181,,
1791471876.8135781,601172,frontend_frame,2505,0,25632,72,8,350737920,480247808,403929600,480247808,,,,,,,,,,
1791471877.2373526,601172,tracking_feedback_accumulate,2506,,25632,,,354898432,480247808,403929600,480247808,,,,,,,,2.924900036305189,,
1791471877.2423527,601172,frontend_frame,2506,0,25632,72,8,356956160,480247808,403929600,480247808,,,,,,,,,,
1791471877.6724367,601172,tracking_feedback_accumulate,2507,,25632,,,360870912,480247808,403937280,480247808,,,,,,,,3.0855999793857336,,
1791471877.677437,601172,frontend_frame,2507,0,25632,72,8,362928640,480247808,403937280,480247808,,,,,,,,,,
1791471878.1306598,601172,tracking_feedback_accumulate,2508,,25632,,,348847104,480247808,403937280,480247808,,,,,,,,2.8129001148045063,,
1791471878.1356597,601172,frontend_frame,2508,0,25632,72,8,350904832,480247808,403937280,480247808,,,,,,,,,,
1791471878.4802213,601172,tracking_feedback_accumulate,2509,,25632,,,354737664,480247808,403937280,480247808,,,,,,,,2.8784999158233404,,
1791471878.4842236,601172,frontend_frame,2509,0,25632,72,8,356795392,480247808,403937280,480247808,,,,,,,,,,
1791471878.8264098,601172,tracking_feedback_accumulate,2510,,25632,,,360955904,480247808,403939840,480247808,,,,,,,,2.797699999064207,,
1791471878.83141,601172,frontend_frame,2510,0,25632,72,8,350906880,432013312,403939840,480247808,,,,,,,,,,
1791471879.1070876,601172,tracking_feedback_accumulate,2511,,25632,,,354821632,452984832,403939840,480247808,,,,,,,,2.97619984485209,,
1791471879.1120875,601172,frontend_frame,2511,0,25632,72,8,356879360,452984832,403939840,480247808,,,,,,,,,,
1791471879.4821155,601172,tracking_feedback_accumulate,2512,,25632,,,360957952,478150656,403939840,480247808,,,,,,,,2.9601999558508396,,
1791471879.4881158,601172,frontend_frame,2512,0,25632,72,8,363015680,480247808,403939840,480247808,,,,,,,,,,
1791471879.9338467,601172,tracking_feedback_accumulate,2513,,25632,,,348770304,480247808,403939840,480247808,,,,,,,,2.9728999361395836,,
1791471879.9388468,601172,frontend_frame,2513,0,25632,72,8,350828032,480247808,403939840,480247808,,,,,,,,,,
1791471880.380253,601172,tracking_feedback_accumulate,2514,,25632,,,354906624,480247808,403939840,480247808,,,,,,,,2.858299994841218,,
1791471880.3847578,601172,frontend_frame,2514,0,25632,72,8,356964352,480247808,403939840,480247808,,,,,,,,,,
1791471880.9625752,601172,tracking_feedback_accumulate,2515,,25632,,,310985728,480247808,403939840,480247808,,,,,,,,2.7964001055806875,,
1791471880.9680798,601172,frontend_frame,2515,0,25632,72,8,313043456,480247808,403939840,480247808,,,,,,,,,,
1791471881.221369,601172,tracking_feedback_accumulate,2516,,25632,,,317203968,480247808,403939840,480247808,,,,,,,,2.85349995829165,,
1791471881.2263694,601172,frontend_frame,2516,0,25632,72,8,319261696,480247808,403939840,480247808,,,,,,,,,,
1791471881.6176076,601172,tracking_feedback_accumulate,2517,,25632,,,323176448,480247808,403939840,480247808,,,,,,,,3.1328999903053045,,
1791471881.6226077,601172,frontend_frame,2517,0,25632,72,8,325234176,480247808,403939840,480247808,,,,,,,,,,
1791471881.9848437,601172,tracking_feedback_accumulate,2518,,25632,,,323095552,480247808,403939840,480247808,,,,,,,,3.0553999822586775,,
1791471881.9888425,601172,frontend_frame,2518,0,25632,72,8,325153280,480247808,403939840,480247808,,,,,,,,,,
1791471882.400461,601172,tracking_feedback_accumulate,2519,,25632,,,329313792,480247808,403939840,480247808,,,,,,,,2.873999997973442,,
1791471882.405461,601172,frontend_frame,2519,0,25632,72,8,331371520,480247808,403939840,480247808,,,,,,,,,,
1791471882.7460773,601172,tracking_feedback_accumulate,2520,,25632,,,323097600,480247808,403939840,480247808,,,,,,,,2.872199984267354,,
1791471882.752078,601172,frontend_frame,2520,0,25632,72,8,325155328,425721856,403939840,480247808,,,,,,,,,,
1791471883.1460085,601172,tracking_feedback_accumulate,2521,,25632,,,329233920,446693376,403939840,480247808,,,,,,,,3.0552998650819063,,
1791471883.1504009,601172,frontend_frame,2521,0,25632,72,8,331291648,446693376,403939840,480247808,,,,,,,,,,
1791471883.519619,601172,tracking_feedback_accumulate,2522,,25632,,,323263488,467664896,403939840,480247808,,,,,,,,2.85919988527894,,
1791471883.524618,601172,frontend_frame,2522,0,25632,72,8,325321216,467664896,403939840,480247808,,,,,,,,,,
1791471883.9310086,601172,tracking_feedback_accumulate,2523,,25632,,,329154048,467664896,403939840,480247808,,,,,,,,2.862299792468548,,
1791471883.9360085,601172,frontend_frame,2523,0,25632,72,8,331211776,467664896,403939840,480247808,,,,,,,,,,
1791471884.3342128,601172,tracking_feedback_accumulate,2524,,25632,,,323265536,467664896,403939840,480247808,,,,,,,,2.9027999844402075,,
1791471884.3392131,601172,frontend_frame,2524,0,25632,72,8,325323264,467664896,403939840,480247808,,,,,,,,,,
1791471884.617778,601172,tracking_feedback_accumulate,2525,,25632,,,329238016,467664896,403939840,480247808,,,,,,,,3.129499964416027,,
1791471884.6227775,601172,frontend_frame,2525,0,25632,72,8,331295744,467664896,403939840,480247808,,,,,,,,,,
1791471884.9725978,601172,tracking_feedback_accumulate,2526,,25632,,,323267584,467664896,403939840,480247808,,,,,,,,5.630800034850836,,
1791471884.9781601,601172,frontend_frame,2526,0,25632,72,8,325325312,467664896,403939840,480247808,,,,,,,,,,
1791471885.4053504,601172,tracking_feedback_accumulate,2527,,25632,,,329240064,467664896,403939840,480247808,,,,,,,,3.1532999128103256,,
1791471885.4103503,601172,frontend_frame,2527,0,25632,72,8,331297792,467664896,403939840,480247808,,,,,,,,,,
1791471885.7424173,601172,tracking_feedback_accumulate,2528,,25632,,,335376384,467664896,403939840,480247808,,,,,,,,3.005000064149499,,
1791471885.7484174,601172,frontend_frame,2528,0,25632,72,8,325327360,467664896,403939840,480247808,,,,,,,,,,
1791471886.1823874,601172,tracking_feedback_accumulate,2529,,25632,,,329242112,467664896,403939840,480247808,,,,,,,,2.9506999999284744,,
1791471886.1878932,601172,frontend_frame,2529,0,25632,72,8,331299840,467664896,403939840,480247808,,,,,,,,,,
1791471886.5806284,601172,tracking_feedback_accumulate,2530,,25632,,,335214592,467664896,403939840,480247808,,,,,,,,2.9478000942617655,,
1791471886.5861568,601172,frontend_frame,2530,0,25632,72,8,325165568,425721856,403939840,480247808,,,,,,,,,,
1791471886.9584222,601172,tracking_feedback_accumulate,2531,,25632,,,329326080,446693376,403939840,480247808,,,,,,,,2.790600061416626,,
1791471886.9624226,601172,frontend_frame,2531,0,25632,72,8,331383808,446693376,403939840,480247808,,,,,,,,,,
1791471887.339553,601172,tracking_feedback_accumulate,2532,,25632,,,335298560,446693376,403939840,480247808,,,,,,,,2.9182001017034054,,
1791471887.347553,601172,frontend_frame,2532,0,25632,72,8,337356288,446693376,403939840,480247808,,,,,,,,,,
1791471887.7696896,601172,tracking_feedback_accumulate,2533,,25632,,,329164288,467664896,403939840,480247808,,,,,,,,2.844899892807007,,
1791471887.7746916,601172,frontend_frame,2533,0,25632,72,8,331222016,467664896,403939840,480247808,,,,,,,,,,
1791471888.1189942,601172,tracking_feedback_accumulate,2534,,25632,,,335300608,467664896,403939840,480247808,,,,,,,,2.99279997125268,,
1791471888.1229944,601172,frontend_frame,2534,0,25632,72,8,337358336,467664896,403939840,480247808,,,,,,,,,,
1791471888.4845188,601172,tracking_feedback_accumulate,2535,,25632,,,341273088,467664896,403939840,480247808,,,,,,,,3.0503999441862106,,
1791471888.4900236,601172,frontend_frame,2535,0,25632,72,8,331224064,467664896,403939840,480247808,,,,,,,,,,
1791471888.8546648,601172,tracking_feedback_accumulate,2536,,25632,,,335384576,467664896,403939840,480247808,,,,,,,,2.827799879014492,,
1791471888.8596644,601172,frontend_frame,2536,0,25632,72,8,337442304,467664896,403939840,480247808,,,,,,,,,,
1791471889.2728865,601172,tracking_feedback_accumulate,2537,,25632,,,341275136,467664896,403939840,480247808,,,,,,,,2.898199949413538,,
1791471889.2778864,601172,frontend_frame,2537,0,25632,72,8,313065984,467664896,403939840,480247808,,,,,,,,,,
1791471889.6759589,601172,tracking_feedback_accumulate,2538,,25632,,,317226496,467664896,403939840,480247808,,,,,,,,2.7844998985528946,,
1791471889.6809587,601172,frontend_frame,2538,0,25632,72,8,319284224,467664896,403939840,480247808,,,,,,,,,,
1791471890.0517793,601172,tracking_feedback_accumulate,2539,,25632,,,323198976,467664896,403939840,480247808,,,,,,,,2.9781998600810766,,
1791471890.0567796,601172,frontend_frame,2539,0,25632,72,8,325256704,467664896,403939840,480247808,,,,,,,,,,
1791471890.4360814,601172,tracking_feedback_accumulate,2540,,25632,,,317228544,467664896,403939840,480247808,,,,,,,,2.9289000667631626,,
1791471890.4410815,601172,frontend_frame,2540,0,25632,72,8,319286272,425721856,403939840,480247808,,,,,,,,,,
1791471890.8116522,601172,tracking_feedback_accumulate,2541,,25632,,,323119104,446693376,403939840,480247808,,,,,,,,2.9045999981462955,,
1791471890.8166523,601172,frontend_frame,2541,0,25632,72,8,325176832,446693376,403939840,480247808,,,,,,,,,,
1791471891.2014332,601172,tracking_feedback_accumulate,2542,,25632,,,329255424,446693376,403939840,480247808,,,,,,,,2.87580001167953,,
1791471891.2064333,601172,frontend_frame,2542,0,25632,72,8,319206400,446693376,403939840,480247808,,,,,,,,,,
1791471891.618132,601172,tracking_feedback_accumulate,2543,,25632,,,323121152,467664896,403939840,480247808,,,,,,,,3.022500080987811,,
1791471891.6231322,601172,frontend_frame,2543,0,25632,72,8,325178880,467664896,403939840,480247808,,,,,,,,,,
1791471892.0145423,601172,tracking_feedback_accumulate,2544,,25632,,,329257472,467664896,403939840,480247808,,,,,,,,2.9136999510228634,,
1791471892.0195425,601172,frontend_frame,2544,0,25632,72,8,319208448,467664896,403939840,480247808,,,,,,,,,,
1791471892.3987036,601172,tracking_feedback_accumulate,2545,,25632,,,323123200,467664896,403939840,480247808,,,,,,,,2.8354001697152853,,
1791471892.4037035,601172,frontend_frame,2545,0,25632,72,8,325180928,467664896,403939840,480247808,,,,,,,,,,
1791471892.831774,601172,tracking_feedback_accumulate,2546,,25632,,,329341440,467664896,403939840,480247808,,,,,,,,2.9192001093178988,,
1791471892.8367734,601172,frontend_frame,2546,0,25632,72,8,331399168,467664896,403939840,480247808,,,,,,,,,,
1791471893.273567,601172,tracking_feedback_accumulate,2547,,25632,,,317153792,467664896,403939840,480247808,,,,,,,,2.9567000456154346,,
1791471893.2785692,601172,frontend_frame,2547,0,25632,72,8,319211520,467664896,403939840,480247808,,,,,,,,,,
1791471893.6646383,601172,tracking_feedback_accumulate,2548,,25632,,,323126272,467664896,403939840,480247808,,,,,,,,3.0037998221814632,,
1791471893.6696382,601172,frontend_frame,2548,0,25632,72,8,325184000,467664896,403939840,480247808,,,,,,,,,,
1791471894.1304874,601172,tracking_feedback_accumulate,2549,,25632,,,317237760,467664896,403939840,480247808,,,,,,,,2.965599996969104,,
1791471894.1344876,601172,frontend_frame,2549,0,25632,72,8,319295488,467664896,403939840,480247808,,,,,,,,,,
1791471894.5800662,601172,tracking_feedback_accumulate,2550,,25632,,,323128320,467664896,403939840,480247808,,,,,,,,2.8509998228400946,,
1791471894.585066,601172,frontend_frame,2550,0,25632,72,8,325186048,425721856,403939840,480247808,,,,,,,,,,
1791471894.9532373,601172,tracking_feedback_accumulate,2551,,25632,,,329264640,446693376,403939840,480247808,,,,,,,,2.9315000865608454,,
1791471894.9592373,601172,frontend_frame,2551,0,25632,72,8,319215616,446693376,403939840,480247808,,,,,,,,,,
1791471895.2838187,601172,tracking_feedback_accumulate,2552,,25632,,,323294208,467664896,403939840,480247808,,,,,,,,2.851800061762333,,
1791471895.287819,601172,frontend_frame,2552,0,25632,72,8,325351936,467664896,403939840,480247808,,,,,,,,,,
1791471895.7360642,601172,tracking_feedback_accumulate,2553,,25632,,,329266688,467664896,403939840,480247808,,,,,,,,2.913899952545762,,
1791471895.7410643,601172,frontend_frame,2553,0,25632,72,8,331324416,467664896,403939840,480247808,,,,,,,,,,
1791471896.1364467,601172,tracking_feedback_accumulate,2554,,25632,,,317242880,467664896,403939840,480247808,,,,,,,,2.9387001413851976,,
1791471896.1404467,601172,frontend_frame,2554,0,25632,72,8,319300608,467664896,403939840,480247808,,,,,,,,,,
1791471896.562541,601172,tracking_feedback_accumulate,2555,,25632,,,323133440,467664896,403939840,480247808,,,,,,,,3.022899851202965,,
1791471896.566541,601172,frontend_frame,2555,0,25632,72,8,325191168,467664896,403939840,480247808,,,,,,,,,,
1791471896.7741466,601172,tracking_feedback_accumulate,2556,,25632,,,329351680,467664896,403939840,480247808,,,,,,,,2.9637000989168882,,
1791471896.7791505,601172,frontend_frame,2556,0,25632,72,8,319302656,467664896,403939840,480247808,,,,,,,,,,
1791471897.1880977,601172,tracking_feedback_accumulate,2557,,25632,,,323135488,467664896,403939840,480247808,,,,,,,,3.083700081333518,,
1791471897.1930978,601172,frontend_frame,2557,0,25632,72,8,325193216,467664896,403939840,480247808,,,,,,,,,,
1791471897.6028204,601172,tracking_feedback_accumulate,2558,,25632,,,329353728,467664896,403939840,480247808,,,,,,,,3.212499897927046,,
1791471897.6078196,601172,frontend_frame,2558,0,25632,72,8,331411456,467664896,403939840,480247808,,,,,,,,,,
1791471898.0045733,601172,tracking_feedback_accumulate,2559,,25632,,,317084160,467664896,403939840,480247808,,,,,,,,2.772900043055415,,
1791471898.0095735,601172,frontend_frame,2559,0,25632,72,8,319141888,467664896,403939840,480247808,,,,,,,,,,
1791471898.3651607,601172,tracking_feedback_accumulate,2560,,25632,,,323220480,467664896,403939840,480247808,,,,,,,,2.880800049751997,,
1791471898.3701606,601172,frontend_frame,2560,0,25632,72,8,325278208,425721856,403939840,480247808,,,,,,,,,,
1791471898.7707415,601172,tracking_feedback_accumulate,2561,,25632,,,317250048,467664896,403939840,480247808,,,,,,,,2.8024998027831316,,
1791471898.7747412,601172,frontend_frame,2561,0,25632,72,8,319307776,467664896,403939840,480247808,,,,,,,,,,
1791471899.1550286,601172,tracking_feedback_accumulate,2562,,25632,,,323222528,467664896,403939840,480247808,,,,,,,,2.939400030300021,,
1791471899.1600287,601172,frontend_frame,2562,0,25632,72,8,325280256,467664896,403939840,480247808,,,,,,,,,,
1791471899.541775,601172,tracking_feedback_accumulate,2563,,25632,,,329195008,467664896,403939840,480247808,,,,,,,,3.0420999974012375,,
1791471899.546775,601172,frontend_frame,2563,0,25632,72,8,319145984,467664896,403939840,480247808,,,,,,,,,,
1791471899.962469,601172,tracking_feedback_accumulate,2564,,25632,,,323306496,467664896,403939840,480247808,,,,,,,,2.9869999270886183,,
1791471899.9664693,601172,frontend_frame,2564,0,25632,72,8,325364224,467664896,403939840,480247808,,,,,,,,,,
1791471900.4009883,601172,tracking_feedback_accumulate,2565,,25632,,,329278976,467664896,403939840,480247808,,,,,,,,3.20159993134439,,
1791471900.4054894,601172,frontend_frame,2565,0,25632,72,8,331336704,467664896,403939840,480247808,,,,,,,,,,
1791471900.8045387,601172,tracking_feedback_accumulate,2566,,25632,,,317091328,467664896,403939840,480247808,,,,,,,,2.860400127246976,,
1791471900.8085387,601172,frontend_frame,2566,0,25632,72,8,319149056,467664896,403939840,480247808,,,,,,,,,,
1791471901.1345267,601172,tracking_feedback_accumulate,2567,,25632,,,323227648,467664896,403939840,480247808,,,,,,,,2.857800107449293,,
1791471901.1385267,601172,frontend_frame,2567,0,25632,72,8,325285376,467664896,403939840,480247808,,,,,,,,,,
1791471901.4495595,601172,tracking_feedback_accumulate,2568,,25632,,,329200128,467664896,403939840,480247808,,,,,,,,2.886200090870261,,
1791471901.4545608,601172,frontend_frame,2568,0,25632,72,8,319151104,467664896,403939840,480247808,,,,,,,,,,
1791471901.8491838,601172,tracking_feedback_accumulate,2569,,25632,,,323229696,467664896,403939840,480247808,,,,,,,,2.9325999785214663,,
1791471901.8531837,601172,frontend_frame,2569,0,25632,72,8,325287424,467664896,403939840,480247808,,,,,,,,,,
1791471902.2514846,601172,tracking_feedback_accumulate,2570,,25632,,,329366016,467664896,403939840,480247808,,,,,,,,2.9145001899451017,,
1791471902.2574854,601172,frontend_frame,2570,0,25632,72,8,331423744,425721856,403939840,480247808,,,,,,,,,,
1791471902.6625447,601172,tracking_feedback_accumulate,2571,,25632,,,317178368,446693376,403939840,480247808,,,,,,,,2.890799893066287,,
1791471902.667546,601172,frontend_frame,2571,0,25632,72,8,319236096,446693376,403939840,480247808,,,,,,,,,,
1791471903.0333736,601172,tracking_feedback_accumulate,2572,,25632,,,323150848,467664896,403939840,480247808,,,,,,,,2.807399956509471,,
1791471903.0389125,601172,frontend_frame,2572,0,25632,72,8,325208576,467664896,403939840,480247808,,,,,,,,,,
1791471903.4499812,601172,tracking_feedback_accumulate,2573,,25632,,,329369088,467664896,403939840,480247808,,,,,,,,2.9781998600810766,,
1791471903.454981,601172,frontend_frame,2573,0,25632,72,8,319320064,467664896,403939840,480247808,,,,,,,,,,
1791471903.7790365,601172,tracking_feedback_accumulate,2574,,25632,,,323234816,467664896,403939840,480247808,,,,,,,,2.841699868440628,,
1791471903.8275442,601172,frontend_frame,2574,0,25632,73,8,329288192,467664896,403939840,480247808,,,,,,,,,,
1791471914.7269237,601172,tracking_feedback_accumulate,2575,,26137,,,333238784,467664896,403939840,480247808,,,,,,,,2.8488999232649803,,
1791471914.731924,601172,frontend_frame,2575,0,26137,73,8,323314176,467664896,403939840,480247808,,,,,,,,,,
1791471915.1056037,601172,tracking_feedback_accumulate,2576,,26137,,,327474688,467664896,403939840,480247808,,,,,,,,2.79999990016222,,
1791471915.1106038,601172,frontend_frame,2576,0,26137,73,8,329653248,467664896,403939840,480247808,,,,,,,,,,
1791471915.4812825,601172,tracking_feedback_accumulate,2577,,26137,,,333568000,467664896,403939840,480247808,,,,,,,,2.911799820140004,,
1791471915.4862828,601172,frontend_frame,2577,0,26137,73,8,335746560,467664896,403939840,480247808,,,,,,,,,,
1791471915.8808932,601172,tracking_feedback_accumulate,2578,,26137,,,321138688,467664896,403939840,480247808,,,,,,,,2.9776999726891518,,
1791471915.8858938,601172,frontend_frame,2578,0,26137,73,8,323317248,467664896,403939840,480247808,,,,,,,,,,
1791471916.3221126,601172,tracking_feedback_accumulate,2579,,26137,,,327477760,467664896,403939840,480247808,,,,,,,,2.894800156354904,,
1791471916.3271334,601172,frontend_frame,2579,0,26137,73,8,329656832,467664896,403939840,480247808,,,,,,,,,,
1791471916.7203288,601172,tracking_feedback_accumulate,2580,,26137,,,321141248,467664896,403939840,480247808,,,,,,,,2.88909999653697,,
1791471916.7253287,601172,frontend_frame,2580,0,26137,73,8,323319808,425721856,403939840,480247808,,,,,,,,,,
1791471917.1666398,601172,tracking_feedback_accumulate,2581,,26137,,,327398400,467664896,403939840,480247808,,,,,,,,2.933399984613061,,
1791471917.1706398,601172,frontend_frame,2581,0,26137,73,8,329576960,467664896,403939840,480247808,,,,,,,,,,
1791471917.5837636,601172,tracking_feedback_accumulate,2582,,26137,,,333655552,467664896,403939840,480247808,,,,,,,,3.115700092166662,,
1791471917.588762,601172,frontend_frame,2582,0,26137,73,8,323485696,467664896,403939840,480247808,,,,,,,,,,
1791471917.9578164,601172,tracking_feedback_accumulate,2583,,26137,,,327400448,467664896,403939840,480247808,,,,,,,,2.8684998396784067,,
1791471917.9628172,601172,frontend_frame,2583,0,26137,73,8,329579008,467664896,403939840,480247808,,,,,,,,,,
1791471918.3725696,601172,tracking_feedback_accumulate,2584,,26137,,,333493760,467664896,403939840,480247808,,,,,,,,2.957399934530258,,
1791471918.3775694,601172,frontend_frame,2584,0,26137,73,8,335672320,467664896,403939840,480247808,,,,,,,,,,
1791471918.802278,601172,tracking_feedback_accumulate,2585,,26137,,,321310208,467664896,403939840,480247808,,,,,,,,3.046599915251136,,
1791471918.8067863,601172,frontend_frame,2585,0,26137,73,8,323488768,467664896,403939840,480247808,,,,,,,,,,
1791471919.234743,601172,tracking_feedback_accumulate,2586,,26137,,,327403520,467664896,403939840,480247808,,,,,,,,2.926700050011277,,
1791471919.239743,601172,frontend_frame,2586,0,26137,73,8,329582080,467664896,403939840,480247808,,,,,,,,,,
1791471919.6798348,601172,tracking_feedback_accumulate,2587,,26137,,,333496832,467664896,403939840,480247808,,,,,,,,2.84620001912117,,
1791471919.6848347,601172,frontend_frame,2587,0,26137,73,8,323326976,467664896,403939840,480247808,,,,,,,,,,
1791471920.120061,601172,tracking_feedback_accumulate,2588,,26137,,,327487488,467664896,403939840,480247808,,,,,,,,3.0221000779420137,,
1791471920.1250606,601172,frontend_frame,2588,0,26137,73,8,329666048,467664896,403939840,480247808,,,,,,,,,,
1791471920.5625672,601172,tracking_feedback_accumulate,2589,,26137,,,333580800,467664896,403939840,480247808,,,,,,,,3.1361000146716833,,
1791471920.567567,601172,frontend_frame,2589,0,26137,73,8,335759360,467664896,403939840,480247808,,,,,,,,,,
1791471920.861595,601172,tracking_feedback_accumulate,2590,,26137,,,321151488,467664896,403939840,480247808,,,,,,,,2.9209000058472157,,
1791471920.8665955,601172,frontend_frame,2590,0,26137,73,8,323330048,425721856,403939840,480247808,,,,,,,,,,
1791471921.2143154,601172,tracking_feedback_accumulate,2591,,26137,,,327408640,467664896,403939840,480247808,,,,,,,,2.9156000819057226,,
1791471921.2193162,601172,frontend_frame,2591,0,26137,73,8,329587200,467664896,403939840,480247808,,,,,,,,,,
1791471921.6104932,601172,tracking_feedback_accumulate,2592,,26137,,,333501952,467664896,403939840,480247808,,,,,,,,2.953900024294853,,
1791471921.6144934,601172,frontend_frame,2592,0,26137,73,8,323332096,467664896,403939840,480247808,,,,,,,,,,
1791471921.9791322,601172,tracking_feedback_accumulate,2593,,26137,,,327492608,467664896,403939840,480247808,,,,,,,,2.8540000785142183,,
1791471921.984132,601172,frontend_frame,2593,0,26137,73,8,329671168,467664896,403939840,480247808,,,,,,,,,,
1791471922.348308,601172,tracking_feedback_accumulate,2594,,26137,,,333585920,467664896,403939840,480247808,,,,,,,,3.025699872523546,,
1791471922.354308,601172,frontend_frame,2594,0,26137,73,8,323416064,467664896,403939840,480247808,,,,,,,,,,
1791471922.7664058,601172,tracking_feedback_accumulate,2595,,26137,,,327494656,467664896,403939840,480247808,,,,,,,,2.822999842464924,,
1791471922.771406,601172,frontend_frame,2595,0,26137,73,8,329673216,467664896,403939840,480247808,,,,,,,,,,
1791471923.1593874,601172,tracking_feedback_accumulate,2596,,26137,,,333506048,467664896,403939840,480247808,,,,,,,,3.1830999068915844,,
1791471923.1643877,601172,frontend_frame,2596,0,26137,73,8,335684608,467664896,403939840,480247808,,,,,,,,,,
1791471923.5209825,601172,tracking_feedback_accumulate,2597,,26137,,,327496704,467664896,403939840,480247808,,,,,,,,2.7447000611573458,,
1791471923.5259821,601172,frontend_frame,2597,0,26137,73,8,329675264,467664896,403939840,480247808,,,,,,,,,,
1791471923.8925033,601172,tracking_feedback_accumulate,2598,,26137,,,333508096,467664896,403939840,480247808,,,,,,,,2.98580015078187,,
1791471923.897508,601172,frontend_frame,2598,0,26137,73,8,335686656,467664896,403939840,480247808,,,,,,,,,,
1791471924.2610784,601172,tracking_feedback_accumulate,2599,,26137,,,339765248,467664896,403939840,480247808,,,,,,,,2.90570012293756,,
1791471924.266078,601172,frontend_frame,2599,0,26137,73,8,329595392,467664896,403939840,480247808,,,,,,,,,,
1791471924.681781,601172,tracking_feedback_accumulate,2600,,26137,,,333673984,467664896,403939840,480247808,,,,,,,,3.0995002016425133,,
1791471924.6867812,601172,frontend_frame,2600,0,26137,73,8,335852544,425721856,403939840,480247808,,,,,,,,,,
1791471925.0474463,601172,tracking_feedback_accumulate,2601,,26137,,,339767296,467664896,403939840,480247808,,,,,,,,3.122299909591675,,
1791471925.0515506,601172,frontend_frame,2601,0,26137,73,8,341945856,467664896,403939840,480247808,,,,,,,,,,
1791471925.4990005,601172,tracking_feedback_accumulate,2602,,26137,,,327501824,467664896,403939840,480247808,,,,,,,,2.9426000546664,,
1791471925.5030005,601172,frontend_frame,2602,0,26137,73,8,329680384,467664896,403939840,480247808,,,,,,,,,,
1791471925.9225924,601172,tracking_feedback_accumulate,2603,,26137,,,333513216,467664896,403939840,480247808,,,,,,,,2.89939995855093,,
1791471925.9275923,601172,frontend_frame,2603,0,26137,73,8,335691776,467664896,403939840,480247808,,,,,,,,,,
1791471926.3507974,601172,tracking_feedback_accumulate,2604,,26137,,,339852288,467664896,403939840,480247808,,,,,,,,2.8941999189555645,,
1791471926.3557968,601172,frontend_frame,2604,0,26137,73,8,329682432,467664896,403939840,480247808,,,,,,,,,,
1791471926.7804847,601172,tracking_feedback_accumulate,2605,,26137,,,333515264,467664896,403939840,480247808,,,,,,,,3.093200037255883,,
1791471926.7844844,601172,frontend_frame,2605,0,26137,73,8,335693824,467664896,403939840,480247808,,,,,,,,,,
1791471927.1883175,601172,tracking_feedback_accumulate,2606,,26137,,,339772416,467664896,403939840,480247808,,,,,,,,3.1298999674618244,,
1791471927.1923192,601172,frontend_frame,2606,0,26137,73,8,341950976,467664896,403939840,480247808,,,,,,,,,,
1791471927.5479283,601172,tracking_feedback_accumulate,2607,,26137,,,327506944,467664896,403939840,480247808,,,,,,,,2.9085001442581415,,
1791471927.5529287,601172,frontend_frame,2607,0,26137,73,8,329685504,467664896,403939840,480247808,,,,,,,,,,
1791471927.9424665,601172,tracking_feedback_accumulate,2608,,26137,,,333600256,467664896,403939840,480247808,,,,,,,,2.941400045529008,,
1791471927.9474652,601172,frontend_frame,2608,0,26137,73,8,335778816,467664896,403939840,480247808,,,,,,,,,,
1791471928.3188043,601172,tracking_feedback_accumulate,2609,,26137,,,339857408,467664896,403939840,480247808,,,,,,,,7.093500113114715,,
1791471928.325804,601172,frontend_frame,2609,0,26137,73,8,329687552,467664896,403939840,480247808,,,,,,,,,,
1791471928.7083368,601172,tracking_feedback_accumulate,2610,,26137,,,333520384,467664896,403939840,480247808,,,,,,,,3.083700081333518,,
1791471928.713841,601172,frontend_frame,2610,0,26137,73,8,335698944,425721856,403939840,480247808,,,,,,,,,,
1791471929.1161284,601172,tracking_feedback_accumulate,2611,,26137,,,339859456,467664896,403939840,480247808,,,,,,,,2.898500068113208,,
1791471929.1211288,601172,frontend_frame,2611,0,26137,73,8,329689600,467664896,403939840,480247808,,,,,,,,,,
1791471929.4876566,601172,tracking_feedback_accumulate,2612,,26137,,,333522432,467664896,403939840,480247808,,,,,,,,2.817800035700202,,
1791471929.4926565,601172,frontend_frame,2612,0,26137,73,8,335700992,467664896,403939840,480247808,,,,,,,,,,
1791471929.8783138,601172,tracking_feedback_accumulate,2613,,26137,,,339861504,467664896,403939840,480247808,,,,,,,,3.242800012230873,,
1791471929.8833158,601172,frontend_frame,2613,0,26137,73,8,342040064,467664896,403939840,480247808,,,,,,,,,,
1791471930.253799,601172,tracking_feedback_accumulate,2614,,26137,,,333524480,467664896,403939840,480247808,,,,,,,,3.0642999336123466,,
1791471930.2587986,601172,frontend_frame,2614,0,26137,73,8,335703040,467664896,403939840,480247808,,,,,,,,,,
1791471930.527919,601172,tracking_feedback_accumulate,2615,,26137,,,339863552,467664896,403939840,480247808,,,,,,,,2.933999989181757,,
1791471930.531919,601172,frontend_frame,2615,0,26137,73,8,342042112,467664896,403939840,480247808,,,,,,,,,,
1791471930.9399576,601172,tracking_feedback_accumulate,2616,,26137,,,345956864,467664896,403939840,480247808,,,,,,,,2.88309995085001,,
1791471930.944959,601172,frontend_frame,2616,0,26137,73,8,335787008,467664896,403939840,480247808,,,,,,,,,,
1791471931.3901818,601172,tracking_feedback_accumulate,2617,,26137,,,339701760,467664896,403939840,480247808,,,,,,,,2.7897001709789038,,
1791471931.395182,601172,frontend_frame,2617,0,26137,73,8,341880320,467664896,403939840,480247808,,,,,,,,,,
1791471931.7658231,601172,tracking_feedback_accumulate,2618,,26137,,,345958912,467664896,403939840,480247808,,,,,,,,2.8364998288452625,,
1791471931.7708235,601172,frontend_frame,2618,0,26137,73,8,348137472,469762048,403939840,480247808,,,,,,,,,,
1791471932.1375484,601172,tracking_feedback_accumulate,2619,,26137,,,333529600,469762048,403939840,480247808,,,,,,,,3.0185000505298376,,
1791471932.1425474,601172,frontend_frame,2619,0,26137,73,8,335708160,469762048,403939840,480247808,,,,,,,,,,
1791471932.5361323,601172,tracking_feedback_accumulate,2620,,26137,,,339786752,469762048,403939840,480247808,,,,,,,,2.873099874705076,,
1791471932.5411325,601172,frontend_frame,2620,0,26137,73,8,341965312,425721856,403939840,480247808,,,,,,,,,,
1791471932.9296744,601172,tracking_feedback_accumulate,2621,,26137,,,345880064,467664896,403939840,480247808,,,,,,,,2.9152000788599253,,
1791471932.9346745,601172,frontend_frame,2621,0,26137,73,8,335710208,467664896,403939840,480247808,,,,,,,,,,
1791471933.3323736,601172,tracking_feedback_accumulate,2622,,26137,,,339788800,467664896,403939840,480247808,,,,,,,,2.9064000118523836,,
1791471933.3363736,601172,frontend_frame,2622,0,26137,73,8,341967360,467664896,403939840,480247808,,,,,,,,,,
1791471933.7237835,601172,tracking_feedback_accumulate,2623,,26137,,,345882112,467664896,403939840,480247808,,,,,,,,2.8557998593896627,,
1791471933.7287836,601172,frontend_frame,2623,0,26137,73,8,348060672,469762048,403939840,480247808,,,,,,,,,,
1791471934.161013,601172,tracking_feedback_accumulate,2624,,26137,,,327524352,469762048,403939840,480247808,,,,,,,,2.8031000401824713,,
1791471934.166013,601172,frontend_frame,2624,0,26137,73,8,329702912,469762048,403939840,480247808,,,,,,,,,,
1791471934.5803945,601172,tracking_feedback_accumulate,2625,,26137,,,333617664,469762048,403939840,480247808,,,,,,,,3.0498001724481583,,
1791471934.5853944,601172,frontend_frame,2625,0,26137,73,8,335796224,469762048,403939840,480247808,,,,,,,,,,
1791471934.9959686,601172,tracking_feedback_accumulate,2626,,26137,,,339874816,469762048,403939840,480247808,,,,,,,,2.898499835282564,,
1791471935.0009701,601172,frontend_frame,2626,0,26137,73,8,329704960,469762048,403939840,480247808,,,,,,,,,,
1791471935.3769212,601172,tracking_feedback_accumulate,2627,,26137,,,333537792,469762048,403939840,480247808,,,,,,,,2.7341998647898436,,
1791471935.3819227,601172,frontend_frame,2627,0,26137,73,8,335716352,469762048,403939840,480247808,,,,,,,,,,
1791471935.7795422,601172,tracking_feedback_accumulate,2628,,26137,,,339876864,469762048,403939840,480247808,,,,,,,,2.92630004696548,,
1791471935.7845423,601172,frontend_frame,2628,0,26137,73,8,329707008,469762048,403939840,480247808,,,,,,,,,,
1791471936.1913106,601172,tracking_feedback_accumulate,2629,,26137,,,333539840,469762048,403939840,480247808,,,,,,,,2.9130999464541674,,
1791471936.1963105,601172,frontend_frame,2629,0,26137,73,8,335718400,469762048,403939840,480247808,,,,,,,,,,
1791471936.5770693,601172,tracking_feedback_accumulate,2630,,26137,,,339796992,469762048,403939840,480247808,,,,,,,,2.873999997973442,,
1791471936.5820775,601172,frontend_frame,2630,0,26137,73,8,341975552,425721856,403939840,480247808,,,,,,,,,,
1791471936.994299,601172,tracking_feedback_accumulate,2631,,26137,,,333541888,467664896,403939840,480247808,,,,,,,,2.887899987399578,,
1791471936.9982986,601172,frontend_frame,2631,0,26137,73,8,335720448,467664896,403939840,480247808,,,,,,,,,,
1791471937.3139997,601172,tracking_feedback_accumulate,2632,,26137,,,339799040,467664896,403939840,480247808,,,,,,,,2.942000050097704,,
1791471937.3185036,601172,frontend_frame,2632,0,26137,73,8,341977600,467664896,403939840,480247808,,,,,,,,,,
1791471937.692576,601172,tracking_feedback_accumulate,2633,,26137,,,345892352,467664896,403939840,480247808,,,,,,,,2.965599996969104,,
1791471937.697576,601172,frontend_frame,2633,0,26137,73,8,335722496,467664896,403939840,480247808,,,,,,,,,,
1791471938.1076982,601172,tracking_feedback_accumulate,2634,,26137,,,339801088,467664896,403939840,480247808,,,,,,,,3.164400113746524,,
1791471938.112698,601172,frontend_frame,2634,0,26137,73,8,341979648,467664896,403939840,480247808,,,,,,,,,,
1791471938.4952347,601172,tracking_feedback_accumulate,2635,,26137,,,345894400,467664896,403939840,480247808,,,,,,,,2.8965999372303486,,
1791471938.5007408,601172,frontend_frame,2635,0,26137,73,8,348072960,469762048,403939840,480247808,,,,,,,,,,
1791471938.8922951,601172,tracking_feedback_accumulate,2636,,26137,,,333628928,469762048,403939840,480247808,,,,,,,,2.832400146871805,,
1791471938.896295,601172,frontend_frame,2636,0,26137,73,8,335807488,469762048,403939840,480247808,,,,,,,,,,
1791471939.262849,601172,tracking_feedback_accumulate,2637,,26137,,,339722240,469762048,403939840,480247808,,,,,,,,2.8165001422166824,,
1791471939.2678497,601172,frontend_frame,2637,0,26137,73,8,341900800,469762048,403939840,480247808,,,,,,,,,,
1791471939.6009624,601172,tracking_feedback_accumulate,2638,,26137,,,345979392,469762048,403939840,480247808,,,,,,,,2.9196999967098236,,
1791471939.6089659,601172,frontend_frame,2638,0,26137,73,8,335809536,469762048,403939840,480247808,,,,,,,,,,
1791471940.007071,601172,tracking_feedback_accumulate,2639,,26137,,,339888128,469762048,403939840,480247808,,,,,,,,3.119599772617221,,
1791471940.012071,601172,frontend_frame,2639,0,26137,73,8,342066688,469762048,403939840,480247808,,,,,,,,,,
1791471940.3353884,601172,tracking_feedback_accumulate,2640,,26137,,,345899520,469762048,403939840,480247808,,,,,,,,2.972999820485711,,
1791471940.3413885,601172,frontend_frame,2640,0,26137,73,8,348078080,425721856,403939840,480247808,,,,,,,,,,
1791471940.745972,601172,tracking_feedback_accumulate,2641,,26137,,,333715968,467664896,403939840,480247808,,,,,,,,2.849800046533346,,
1791471940.7509718,601172,frontend_frame,2641,0,26137,73,8,335894528,467664896,403939840,480247808,,,,,,,,,,
1791471941.0750825,601172,tracking_feedback_accumulate,2642,,26137,,,339727360,467664896,403939840,480247808,,,,,,,,2.9299999587237835,,
1791471941.0800824,601172,frontend_frame,2642,0,26137,73,8,341905920,467664896,403939840,480247808,,,,,,,,,,
1791471941.49322,601172,tracking_feedback_accumulate,2643,,26137,,,346066432,467664896,403939840,480247808,,,,,,,,2.883800072595477,,
1791471941.4987245,601172,frontend_frame,2643,0,26137,73,8,335896576,467664896,403939840,480247808,,,,,,,,,,
1791471941.888379,601172,tracking_feedback_accumulate,2644,,26137,,,339811328,467664896,403939840,480247808,,,,,,,,3.1725000590085983,,
1791471941.893883,601172,frontend_frame,2644,0,26137,73,8,341989888,467664896,403939840,480247808,,,,,,,,,,
1791471942.238238,601172,tracking_feedback_accumulate,2645,,26137,,,345904640,467664896,403939840,480247808,,,,,,,,2.88609997369349,,
1791471942.2432384,601172,frontend_frame,2645,0,26137,73,8,335734784,467664896,403939840,480247808,,,,,,,,,,
1791471942.6684184,601172,tracking_feedback_accumulate,2646,,26137,,,339895296,467664896,403939840,480247808,,,,,,,,3.054700093343854,,
1791471942.673418,601172,frontend_frame,2646,0,26137,73,8,342073856,467664896,403939840,480247808,,,,,,,,,,
1791471943.0162578,601172,tracking_feedback_accumulate,2647,,26137,,,345906688,467664896,403939840,480247808,,,,,,,,2.939899917691946,,
1791471943.0217626,601172,frontend_frame,2647,0,26137,73,8,348085248,469762048,403939840,480247808,,,,,,,,,,
1791471943.3269114,601172,tracking_feedback_accumulate,2648,,26137,,,339897344,469762048,403939840,480247808,,,,,,,,2.9019000940024853,,
1791471943.3309114,601172,frontend_frame,2648,0,26137,73,8,342075904,469762048,403939840,480247808,,,,,,,,,,
1791471943.656943,601172,tracking_feedback_accumulate,2649,,26137,,,345908736,469762048,403939840,480247808,,,,,,,,2.8023000340908766,,
1791471943.6609433,601172,frontend_frame,2649,0,26137,73,8,348087296,469762048,403939840,480247808,,,,,,,,,,
1791471944.0501125,601172,tracking_feedback_accumulate,2650,,26137,,,352165888,471859200,403939840,480247808,,,,,,,,3.234399948269129,,
1791471944.0561125,601172,frontend_frame,2650,0,26137,73,8,341996032,427819008,403939840,480247808,,,,,,,,,,
1791471944.269207,601172,tracking_feedback_accumulate,2651,,26137,,,346074624,469762048,403939840,480247808,,,,,,,,3.051700070500374,,
1791471944.2742076,601172,frontend_frame,2651,0,26137,73,8,348253184,469762048,403939840,480247808,,,,,,,,,,
1791471944.5808206,601172,tracking_feedback_accumulate,2652,,26137,,,352086016,471859200,403939840,480247808,,,,,,,,2.952499780803919,,
1791471944.5858202,601172,frontend_frame,2652,0,26137,73,8,354264576,473956352,403939840,480247808,,,,,,,,,,
1791471944.8943396,601172,tracking_feedback_accumulate,2653,,26137,,,327472128,473956352,403939840,480247808,,,,,,,,2.86280014552176,,
1791471944.8993394,601172,frontend_frame,2653,0,26137,73,8,329650688,473956352,403939840,480247808,,,,,,,,,,
1791471945.304502,601172,tracking_feedback_accumulate,2654,,26137,,,333565440,473956352,403939840,480247808,,,,,,,,2.9423001687973738,,
1791471945.309502,601172,frontend_frame,2654,0,26137,73,8,335744000,473956352,403939840,480247808,,,,,,,,,,
1791471945.6625628,601172,tracking_feedback_accumulate,2655,,26137,,,339822592,473956352,403939840,480247808,,,,,,,,2.841699868440628,,
1791471945.6675627,601172,frontend_frame,2655,0,26137,73,8,329652736,473956352,403939840,480247808,,,,,,,,,,
1791471946.0321114,601172,tracking_feedback_accumulate,2656,,26137,,,333731328,473956352,403939840,480247808,,,,,,,,2.821199828758836,,
1791471946.0366518,601172,frontend_frame,2656,0,26137,73,8,335909888,473956352,403939840,480247808,,,,,,,,,,
1791471946.3847647,601172,tracking_feedback_accumulate,2657,,26137,,,339742720,473956352,403939840,480247808,,,,,,,,3.1860999297350645,,
1791471946.3897598,601172,frontend_frame,2657,0,26137,73,8,341921280,473956352,403939840,480247808,,,,,,,,,,
1791471946.7934237,601172,tracking_feedback_accumulate,2658,,26137,,,327477248,473956352,403939840,480247808,,,,,,,,3.2136000227183104,,
1791471946.7984242,601172,frontend_frame,2658,0,26137,73,8,329655808,473956352,403939840,480247808,,,,,,,,,,
1791471947.1766505,601172,tracking_feedback_accumulate,2659,,26137,,,333734400,473956352,403939840,480247808,,,,,,,,2.8442000038921833,,
1791471947.1816504,601172,frontend_frame,2659,0,26137,73,8,335912960,473956352,403939840,480247808,,,,,,,,,,
1791471947.5793474,601172,tracking_feedback_accumulate,2660,,26137,,,327397376,473956352,403939840,480247808,,,,,,,,3.1097999308258295,,
1791471947.5843468,601172,frontend_frame,2660,0,26137,73,8,329575936,427819008,403939840,480247808,,,,,,,,,,
1791471947.9419284,601172,tracking_feedback_accumulate,2661,,26137,,,333736448,469762048,403939840,480247808,,,,,,,,2.908000024035573,,
1791471947.9469285,601172,frontend_frame,2661,0,26137,73,8,335915008,469762048,403939840,480247808,,,,,,,,,,
1791471948.3470979,601172,tracking_feedback_accumulate,2662,,26137,,,339747840,469762048,403939840,480247808,,,,,,,,2.8748000040650368,,
1791471948.3520977,601172,frontend_frame,2662,0,26137,73,8,329577984,469762048,403939840,480247808,,,,,,,,,,
1791471948.6980886,601172,tracking_feedback_accumulate,2663,,26137,,,333738496,469762048,403939840,480247808,,,,,,,,2.900599967688322,,
1791471948.7030883,601172,frontend_frame,2663,0,26137,73,8,335917056,469762048,403939840,480247808,,,,,,,,,,
1791471949.0657268,601172,tracking_feedback_accumulate,2664,,26137,,,339749888,469762048,403939840,480247808,,,,,,,,2.7582000475376844,,
1791471949.0697267,601172,frontend_frame,2664,0,26137,73,8,341928448,469762048,403939840,480247808,,,,,,,,,,
1791471949.4044192,601172,tracking_feedback_accumulate,2665,,26137,,,327566336,469762048,403939840,480247808,,,,,,,,2.8902001213282347,,
1791471949.4094222,601172,frontend_frame,2665,0,26137,73,8,329744896,469762048,403939840,480247808,,,,,,,,,,
1791471949.774998,601172,tracking_feedback_accumulate,2666,,26137,,,333577728,469762048,403939840,480247808,,,,,,,,2.906200010329485,,
1791471949.7799983,601172,frontend_frame,2666,0,26137,73,8,335756288,469762048,403939840,480247808,,,,,,,,,,
1791471950.170632,601172,tracking_feedback_accumulate,2667,,26137,,,339916800,469762048,403939840,480247808,,,,,,,,2.964500105008483,,
1791471950.1756322,601172,frontend_frame,2667,0,26137,73,8,329746944,469762048,403939840,480247808,,,,,,,,,,
1791471950.574291,601172,tracking_feedback_accumulate,2668,,26137,,,333579776,469762048,403939840,480247808,,,,,,,,2.8051999397575855,,
1791471950.578291,601172,frontend_frame,2668,0,26137,73,8,335758336,469762048,403939840,480247808,,,,,,,,,,
1791471950.964831,601172,tracking_feedback_accumulate,2669,,26137,,,339918848,469762048,403939840,480247808,,,,,,,,3.212299896404147,,
1791471950.9693334,601172,frontend_frame,2669,0,26137,73,8,342097408,469762048,403939840,480247808,,,,,,,,,,
1791471951.3525603,601172,tracking_feedback_accumulate,2670,,26137,,,327407616,469762048,403939840,480247808,,,,,,,,2.8574999887496233,,
1791471951.3575606,601172,frontend_frame,2670,0,26137,73,8,329586176,427819008,403939840,480247808,,,,,,,,,,
1791471951.691229,601172,tracking_feedback_accumulate,2671,,26137,,,333746688,469762048,403939840,480247808,,,,,,,,2.844400005415082,,
1791471951.696229,601172,frontend_frame,2671,0,26137,73,8,335925248,469762048,403939840,480247808,,,,,,,,,,
1791471952.1160161,601172,tracking_feedback_accumulate,2672,,26137,,,339840000,469762048,403939840,480247808,,,,,,,,2.9203000012785196,,
1791471952.121016,601172,frontend_frame,2672,0,26137,73,8,329670144,469762048,403939840,480247808,,,,,,,,,,
1791471952.496647,601172,tracking_feedback_accumulate,2673,,26137,,,333748736,469762048,403939840,480247808,,,,,,,,2.854499965906143,,
1791471952.5006518,601172,frontend_frame,2673,0,26137,73,8,335927296,469762048,403939840,480247808,,,,,,,,,,
1791471952.8652165,601172,tracking_feedback_accumulate,2674,,26137,,,339760128,469762048,403939840,480247808,,,,,,,,3.248400054872036,,
1791471952.8712175,601172,frontend_frame,2674,0,26137,73,8,329590272,469762048,403939840,480247808,,,,,,,,,,
1791471953.2404182,601172,tracking_feedback_accumulate,2675,,26137,,,333750784,469762048,403939840,480247808,,,,,,,,3.003499936312437,,
1791471953.2454183,601172,frontend_frame,2675,0,26137,73,8,335929344,469762048,403939840,480247808,,,,,,,,,,
1791471953.6044939,601172,tracking_feedback_accumulate,2676,,26137,,,339844096,469762048,403939840,480247808,,,,,,,,2.8206000570207834,,
1791471953.6094935,601172,frontend_frame,2676,0,26137,73,8,342022656,469762048,403939840,480247808,,,,,,,,,,
1791471953.9305193,601172,tracking_feedback_accumulate,2677,,26137,,,333752832,469762048,403939840,480247808,,,,,,,,2.958300057798624,,
1791471953.9345193,601172,frontend_frame,2677,0,26137,73,8,335931392,469762048,403939840,480247808,,,,,,,,,,
1791471954.3222687,601172,tracking_feedback_accumulate,2678,,26137,,,339846144,469762048,403939840,480247808,,,,,,,,3.1429999507963657,,
1791471954.3277743,601172,frontend_frame,2678,0,26137,73,8,342024704,469762048,403939840,480247808,,,,,,,,,,
1791471954.7467034,601172,tracking_feedback_accumulate,2679,,26137,,,345939456,469762048,403939840,480247808,,,,,,,,2.9600998386740685,,
1791471954.7517033,601172,frontend_frame,2679,0,26137,73,8,335769600,469762048,403939840,480247808,,,,,,,,,,
1791471955.1038942,601172,tracking_feedback_accumulate,2680,,26137,,,339848192,469762048,403939840,480247808,,,,,,,,2.839100081473589,,
1791471955.108894,601172,frontend_frame,2680,0,26137,73,8,342026752,427819008,403939840,480247808,,,,,,,,,,
1791471955.530431,601172,tracking_feedback_accumulate,2681,,26137,,,346105344,469762048,403939840,480247808,,,,,,,,2.906300127506256,,
1791471955.5354311,601172,frontend_frame,2681,0,26137,73,8,348283904,469762048,403939840,480247808,,,,,,,,,,
1791471955.8204474,601172,tracking_feedback_accumulate,2682,,26137,,,327419904,469762048,403939840,480247808,,,,,,,,3.146999981254339,,
1791471955.8244474,601172,frontend_frame,2682,0,26137,73,8,329598464,469762048,403939840,480247808,,,,,,,,,,
1791471956.1060889,601172,tracking_feedback_accumulate,2683,,26137,,,333677056,469762048,403939840,480247808,,,,,,,,2.9242001473903656,,
1791471956.111089,601172,frontend_frame,2683,0,26137,73,8,335855616,469762048,403939840,480247808,,,,,,,,,,
1791471956.4942908,601172,tracking_feedback_accumulate,2684,,26137,,,339934208,469762048,403939840,480247808,,,,,,,,2.932900097221136,,
1791471956.4997957,601172,frontend_frame,2684,0,26137,73,8,329764352,469762048,403939840,480247808,,,,,,,,,,
1791471956.8409352,601172,tracking_feedback_accumulate,2685,,26137,,,333597184,469762048,403939840,480247808,,,,,,,,2.9637000989168882,,
1791471956.845935,601172,frontend_frame,2685,0,26137,73,8,335775744,469762048,403939840,480247808,,,,,,,,,,
1791471957.1921985,601172,tracking_feedback_accumulate,2686,,26137,,,339936256,469762048,403939840,480247808,,,,,,,,2.9341999907046556,,
1791471957.1961982,601172,frontend_frame,2686,0,26137,73,8,342114816,469762048,403939840,480247808,,,,,,,,,,
1791471957.5419219,601172,tracking_feedback_accumulate,2687,,26137,,,327506944,469762048,403939840,480247808,,,,,,,,2.8941999189555645,,
1791471957.5459218,601172,frontend_frame,2687,0,26137,73,8,329685504,469762048,403939840,480247808,,,,,,,,,,
1791471957.953458,601172,tracking_feedback_accumulate,2688,,26137,,,333600256,469762048,403939840,480247808,,,,,,,,2.8782000299543142,,
1791471957.9574583,601172,frontend_frame,2688,0,26137,73,8,335778816,469762048,403939840,480247808,,,,,,,,,,
1791471958.3172312,601172,tracking_feedback_accumulate,2689,,26137,,,339857408,469762048,403939840,480247808,,,,,,,,2.8806000482290983,,
1791471958.3222313,601172,frontend_frame,2689,0,26137,73,8,329687552,469762048,403939840,480247808,,,,,,,,,,
1791471958.6754076,601172,tracking_feedback_accumulate,2690,,26137,,,333766144,469762048,403939840,480247808,,,,,,,,2.9672998934984207,,
1791471958.6804078,601172,frontend_frame,2690,0,26137,73,8,335944704,427819008,403939840,480247808,,,,,,,,,,
1791471959.0010028,601172,tracking_feedback_accumulate,2691,,26137,,,339777536,469762048,403939840,480247808,,,,,,,,2.7795000933110714,,
1791471959.0060027,601172,frontend_frame,2691,0,26137,73,8,329607680,469762048,403939840,480247808,,,,,,,,,,
1791471959.4322484,601172,tracking_feedback_accumulate,2692,,26137,,,333768192,469762048,403939840,480247808,,,,,,,,3.2291999086737633,,
1791471959.4372509,601172,frontend_frame,2692,0,26137,73,8,335946752,469762048,403939840,480247808,,,,,,,,,,
1791471959.7788198,601172,tracking_feedback_accumulate,2693,,26137,,,339861504,469762048,403939840,480247808,,,,,,,,2.8715000953525305,,
1791471959.7891486,601172,frontend_frame,2693,0,26137,73,8,342040064,469762048,403939840,480247808,,,,,,,,,,
1791471960.0777779,601172,tracking_feedback_accumulate,2694,,26137,,,333606400,469762048,403939840,480247808,,,,,,,,2.846800023689866,,
1791471960.0827785,601172,frontend_frame,2694,0,26137,73,8,335784960,469762048,403939840,480247808,,,,,,,,,,
1791471960.4294634,601172,tracking_feedback_accumulate,2695,,26137,,,339863552,469762048,403939840,480247808,,,,,,,,2.9925000853836536,,
1791471960.4334636,601172,frontend_frame,2695,0,26137,73,8,342042112,469762048,403939840,480247808,,,,,,,,,,
1791471960.8545291,601172,tracking_feedback_accumulate,2696,,26137,,,345956864,469762048,403939840,480247808,,,,,,,,2.887799870222807,,
1791471960.8595283,601172,frontend_frame,2696,0,26137,73,8,335787008,469762048,403939840,480247808,,,,,,,,,,
1791471961.1476705,601172,tracking_feedback_accumulate,2697,,26137,,,339947520,469762048,403939840,480247808,,,,,,,,2.8752998914569616,,
1791471961.1526704,601172,frontend_frame,2697,0,26137,73,8,342126080,469762048,403939840,480247808,,,,,,,,,,
1791471961.540355,601172,tracking_feedback_accumulate,2698,,26137,,,345958912,469762048,403939840,480247808,,,,,,,,2.913600066676736,,
1791471961.5443554,601172,frontend_frame,2698,0,26137,73,8,348137472,469762048,403939840,480247808,,,,,,,,,,
1791471961.9004664,601172,tracking_feedback_accumulate,2699,,26137,,,333693440,469762048,403939840,480247808,,,,,,,,2.875200007110834,,
1791471961.9054694,601172,frontend_frame,2699,0,26137,73,8,335872000,469762048,403939840,480247808,,,,,,,,,,
1791471962.223651,601172,tracking_feedback_accumulate,2700,,26137,,,339786752,469762048,403939840,480247808,,,,,,,,2.8632001485675573,,
1791471962.229153,601172,frontend_frame,2700,0,26137,73,8,341965312,427819008,403939840,480247808,,,,,,,,,,
1791471962.619798,601172,tracking_feedback_accumulate,2701,,26137,,,346125824,469762048,403939840,480247808,,,,,,,,2.8526000678539276,,
1791471962.6247988,601172,frontend_frame,2701,0,26137,73,8,335955968,469762048,403939840,480247808,,,,,,,,,,
1791471963.0174305,601172,tracking_feedback_accumulate,2702,,26137,,,339788800,469762048,403939840,480247808,,,,,,,,2.697200048714876,,
1791471963.0214303,601172,frontend_frame,2702,0,26137,73,8,341967360,469762048,403939840,480247808,,,,,,,,,,
1791471963.3506465,601172,tracking_feedback_accumulate,2703,,26137,,,346045952,469762048,403939840,480247808,,,,,,,,2.941400045529008,,
1791471963.3556464,601172,frontend_frame,2703,0,26137,73,8,348224512,469762048,403939840,480247808,,,,,,,,,,
1791471963.7927685,601172,tracking_feedback_accumulate,2704,,26137,,,333780480,469762048,403939840,480247808,,,,,,,,3.0294000171124935,,
1791471963.797768,601172,frontend_frame,2704,0,26137,73,8,335959040,469762048,403939840,480247808,,,,,,,,,,
1791471964.2213984,601172,tracking_feedback_accumulate,2705,,26137,,,339873792,469762048,403939840,480247808,,,,,,,,2.8270999900996685,,
1791471964.2253983,601172,frontend_frame,2705,0,26137,73,8,342052352,469762048,403939840,480247808,,,,,,,,,,
1791471964.486132,601172,tracking_feedback_accumulate,2706,,26137,,,345967104,469762048,403939840,480247808,,,,,,,,2.930800197646022,,
1791471964.4911325,601172,frontend_frame,2706,0,26137,73,8,335797248,469762048,403939840,480247808,,,,,,,,,,
1791471964.8432004,601172,tracking_feedback_accumulate,2707,,26137,,,339957760,469762048,403939840,480247808,,,,,,,,2.8121001087129116,,
1791471964.8482008,601172,frontend_frame,2707,0,26137,73,8,342136320,469762048,403939840,480247808,,,,,,,,,,
1791471965.2449224,601172,tracking_feedback_accumulate,2708,,26137,,,346051072,469762048,403939840,480247808,,,,,,,,2.9227000195533037,,
1791471965.249922,601172,frontend_frame,2708,0,26137,73,8,335881216,469762048,403939840,480247808,,,,,,,,,,
1791471965.6351023,601172,tracking_feedback_accumulate,2709,,26137,,,339959808,469762048,403939840,480247808,,,,,,,,2.90239998139441,,
1791471965.639101,601172,frontend_frame,2709,0,26137,73,8,342138368,469762048,403939840,480247808,,,,,,,,,,
1791471966.0091672,601172,tracking_feedback_accumulate,2710,,26137,,,346053120,469762048,403939840,480247808,,,,,,,,3.174500074237585,,
1791471966.0141695,601172,frontend_frame,2710,0,26137,73,8,348231680,427819008,403939840,480247808,,,,,,,,,,
1791471966.4453259,601172,tracking_feedback_accumulate,2711,,26137,,,327449600,469762048,403939840,480247808,,,,,,,,2.8541998472064734,,
1791471966.4503257,601172,frontend_frame,2711,0,26137,73,8,329628160,469762048,403939840,480247808,,,,,,,,,,
1791471966.8714414,601172,tracking_feedback_accumulate,2712,,26137,,,333788672,469762048,403939840,480247808,,,,,,,,2.819300163537264,,
1791471966.8764424,601172,frontend_frame,2712,0,26137,73,8,335967232,469762048,403939840,480247808,,,,,,,,,,
1791471967.275572,601172,tracking_feedback_accumulate,2713,,26137,,,339800064,469762048,403939840,480247808,,,,,,,,2.9325999785214663,,
1791471967.280572,601172,frontend_frame,2713,0,26137,73,8,329630208,469762048,403939840,480247808,,,,,,,,,,
1791471967.6674345,601172,tracking_feedback_accumulate,2714,,26137,,,333790720,469762048,403939840,480247808,,,,,,,,2.8429001104086637,,
1791471967.6724355,601172,frontend_frame,2714,0,26137,73,8,335969280,469762048,403939840,480247808,,,,,,,,,,
1791471968.1086032,601172,tracking_feedback_accumulate,2715,,26137,,,339802112,469762048,403939840,480247808,,,,,,,,2.9273999389261007,,
1791471968.1126032,601172,frontend_frame,2715,0,26137,73,8,341980672,469762048,403939840,480247808,,,,,,,,,,
1791471968.5152206,601172,tracking_feedback_accumulate,2716,,26137,,,327536640,469762048,403939840,480247808,,,,,,,,2.836700063198805,,
1791471968.5202227,601172,frontend_frame,2716,0,26137,73,8,329715200,469762048,403939840,480247808,,,,,,,,,,
1791471968.614729,601172,tracking_feedback_accumulate,2717,,26137,,,333629952,469762048,403939840,480247808,,,,,,,,3.1315998639911413,,
1791471968.6197312,601172,frontend_frame,2717,0,26137,73,8,335808512,469762048,403939840,480247808,,,,,,,,,,
1791471968.9908342,601172,tracking_feedback_accumulate,2718,,26137,,,339969024,469762048,403939840,480247808,,,,,,,,2.852099947631359,,
1791471968.995834,601172,frontend_frame,2718,0,26137,73,8,329799168,469762048,403939840,480247808,,,,,,,,,,
1791471969.3284736,601172,tracking_feedback_accumulate,2719,,26137,,,333632000,469762048,403939840,480247808,,,,,,,,2.877499908208847,,
1791471969.3329785,601172,frontend_frame,2719,0,26137,73,8,335810560,469762048,403939840,480247808,,,,,,,,,,
1791471969.6963842,601172,tracking_feedback_accumulate,2720,,26137,,,339889152,469762048,403939840,480247808,,,,,,,,2.716599963605404,,
1791471969.7013843,601172,frontend_frame,2720,0,26137,73,8,342067712,427819008,403939840,480247808,,,,,,,,,,
1791471970.0935204,601172,tracking_feedback_accumulate,2721,,26137,,,327459840,469762048,403939840,480247808,,,,,,,,2.8267998713999987,,
1791471970.0985203,601172,frontend_frame,2721,0,26137,73,8,329638400,469762048,403939840,480247808,,,,,,,,,,
1791471970.5003393,601172,tracking_feedback_accumulate,2722,,26137,,,333798912,469762048,403939840,480247808,,,,,,,,2.8805998153984547,,
1791471970.5058646,601172,frontend_frame,2722,0,26137,73,8,335977472,469762048,403939840,480247808,,,,,,,,,,
1791471970.8613987,601172,tracking_feedback_accumulate,2723,,26137,,,339810304,469762048,403939840,480247808,,,,,,,,2.632299903780222,,
1791471970.866399,601172,frontend_frame,2723,0,26137,73,8,329640448,469762048,403939840,480247808,,,,,,,,,,
1791471971.1440933,601172,tracking_feedback_accumulate,2724,,26137,,,333800960,469762048,403939840,480247808,,,,,,,,2.97220004722476,,
1791471971.149094,601172,frontend_frame,2724,0,26137,73,8,335979520,469762048,403939840,480247808,,,,,,,,,,
1791471971.538861,601172,tracking_feedback_accumulate,2725,,26137,,,339894272,469762048,403939840,480247808,,,,,,,,2.8166999109089375,,
1791471971.543861,601172,frontend_frame,2725,0,26137,73,8,329724416,469762048,403939840,480247808,,,,,,,,,,
1791471971.9575665,601172,tracking_feedback_accumulate,2726,,26137,,,333803008,469762048,403939840,480247808,,,,,,,,2.8589998837560415,,
1791471971.9625664,601172,frontend_frame,2726,0,26137,73,8,335981568,469762048,403939840,480247808,,,,,,,,,,
1791471972.3664823,601172,tracking_feedback_accumulate,2727,,26137,,,339814400,469762048,403939840,480247808,,,,,,,,2.971000038087368,,
1791471972.3714821,601172,frontend_frame,2727,0,26137,73,8,341992960,469762048,403939840,480247808,,,,,,,,,,
1791471972.7905834,601172,tracking_feedback_accumulate,2728,,26137,,,333723136,469762048,403939840,480247808,,,,,,,,2.8915998991578817,,
1791471972.7945833,601172,frontend_frame,2728,0,26137,73,8,335901696,469762048,403939840,480247808,,,,,,,,,,
1791471973.2112768,601172,tracking_feedback_accumulate,2729,,26137,,,339980288,469762048,403939840,480247808,,,,,,,,3.2528999727219343,,
1791471973.2152767,601172,frontend_frame,2729,0,26137,73,8,342158848,469762048,403939840,480247808,,,,,,,,,,
1791471973.5438964,601172,tracking_feedback_accumulate,2730,,26137,,,346073600,469762048,403939840,480247808,,,,,,,,2.901199972257018,,
1791471973.5488982,601172,frontend_frame,2730,0,26137,73,8,335903744,427819008,403939840,480247808,,,,,,,,,,
1791471973.921927,601172,tracking_feedback_accumulate,2731,,26137,,,339982336,469762048,403939840,480247808,,,,,,,,3.134500002488494,,
1791471973.9259272,601172,frontend_frame,2731,0,26137,73,8,342160896,469762048,403939840,480247808,,,,,,,,,,
1791471974.2467256,601172,tracking_feedback_accumulate,2732,,26137,,,345993728,469762048,403939840,480247808,,,,,,,,2.900599967688322,,
1791471974.251726,601172,frontend_frame,2732,0,26137,73,8,348172288,469762048,403939840,480247808,,,,,,,,,,
1791471974.6669285,601172,tracking_feedback_accumulate,2733,,26137,,,333810176,469762048,403939840,480247808,,,,,,,,2.9857999179512262,,
1791471974.6709287,601172,frontend_frame,2733,0,26137,73,8,335988736,469762048,403939840,480247808,,,,,,,,,,
1791471974.9800029,601172,tracking_feedback_accumulate,2734,,26137,,,339903488,469762048,403939840,480247808,,,,,,,,2.8424998745322227,,
1791471974.9850023,601172,frontend_frame,2734,0,26137,73,8,342082048,469762048,403939840,480247808,,,,,,,,,,
1791471975.4283338,601172,tracking_feedback_accumulate,2735,,26137,,,346160640,469762048,403939840,480247808,,,,,,,,2.9310998506844044,,
1791471975.433334,601172,frontend_frame,2735,0,26137,73,8,335990784,469762048,403939840,480247808,,,,,,,,,,
1791471975.7793965,601172,tracking_feedback_accumulate,2736,,26137,,,339823616,469762048,403939840,480247808,,,,,,,,2.835500054061413,,
1791471975.7833967,601172,frontend_frame,2736,0,26137,73,8,342002176,469762048,403939840,480247808,,,,,,,,,,
1791471976.1760275,601172,tracking_feedback_accumulate,2737,,26137,,,346162688,469762048,403939840,480247808,,,,,,,,3.063499927520752,,
1791471976.1810277,601172,frontend_frame,2737,0,26137,73,8,348341248,469762048,403939840,480247808,,,,,,,,,,
1791471976.5634837,601172,tracking_feedback_accumulate,2738,,26137,,,333733376,469762048,403939840,480247808,,,,,,,,3.213200019672513,,
1791471976.5684896,601172,frontend_frame,2738,0,26137,73,8,335911936,469762048,403939840,480247808,,,,,,,,,,
1791471976.9886863,601172,tracking_feedback_accumulate,2739,,26137,,,339826688,469762048,403939840,480247808,,,,,,,,2.946699969470501,,
1791471976.9926865,601172,frontend_frame,2739,0,26137,73,8,342005248,469762048,403939840,480247808,,,,,,,,,,
1791471977.391856,601172,tracking_feedback_accumulate,2740,,26137,,,327561216,469762048,403939840,480247808,,,,,,,,2.8371999505907297,,
1791471977.3968558,601172,frontend_frame,2740,0,26137,73,8,329739776,427819008,403939840,480247808,,,,,,,,,,
1791471977.7314467,601172,tracking_feedback_accumulate,2741,,26137,,,333654528,469762048,403939840,480247808,,,,,,,,2.8387000784277916,,
1791471977.7354465,601172,frontend_frame,2741,0,26137,73,8,335833088,469762048,403939840,480247808,,,,,,,,,,
1791471978.1325693,601172,tracking_feedback_accumulate,2742,,26137,,,339911680,469762048,403939840,480247808,,,,,,,,2.8511998243629932,,
1791471978.1380775,601172,frontend_frame,2742,0,26137,73,8,329741824,469762048,403939840,480247808,,,,,,,,,,
1791471978.5522506,601172,tracking_feedback_accumulate,2743,,26137,,,333656576,469762048,403939840,480247808,,,,,,,,2.9000998474657536,,
1791471978.5572505,601172,frontend_frame,2743,0,26137,73,8,335835136,469762048,403939840,480247808,,,,,,,,,,
1791471978.918778,601172,tracking_feedback_accumulate,2744,,26137,,,339913728,469762048,403939840,480247808,,,,,,,,2.852599835023284,,
1791471978.9227798,601172,frontend_frame,2744,0,26137,73,8,342092288,469762048,403939840,480247808,,,,,,,,,,
1791471979.2978835,601172,tracking_feedback_accumulate,2745,,26137,,,327648256,469762048,403939840,480247808,,,,,,,,2.9305999632924795,,
1791471979.3028834,601172,frontend_frame,2745,0,26137,73,8,329826816,469762048,403939840,480247808,,,,,,,,,,
1791471979.7304628,601172,tracking_feedback_accumulate,2746,,26137,,,333741568,469762048,403939840,480247808,,,,,,,,2.985000144690275,,
1791471979.7354617,601172,frontend_frame,2746,0,26137,73,8,335920128,469762048,403939840,480247808,,,,,,,,,,
1791471980.0856133,601172,tracking_feedback_accumulate,2747,,26137,,,339998720,469762048,403939840,480247808,,,,,,,,2.956399926915765,,
1791471980.0906134,601172,frontend_frame,2747,0,26137,73,8,329828864,469762048,403939840,480247808,,,,,,,,,,
1791471980.489282,601172,tracking_feedback_accumulate,2748,,26137,,,333661696,469762048,403939840,480247808,,,,,,,,2.969800028949976,,
1791471980.494282,601172,frontend_frame,2748,0,26137,73,8,335840256,469762048,403939840,480247808,,,,,,,,,,
1791471980.8818316,601172,tracking_feedback_accumulate,2749,,26137,,,340000768,469762048,403939840,480247808,,,,,,,,2.949800109490752,,
1791471980.8858314,601172,frontend_frame,2749,0,26137,73,8,342179328,469762048,403939840,480247808,,,,,,,,,,
1791471981.3179095,601172,tracking_feedback_accumulate,2750,,26137,,,327489536,469762048,403939840,480247808,,,,,,,,2.8130998834967613,,
1791471981.3229094,601172,frontend_frame,2750,0,26137,73,8,329668096,427819008,403939840,480247808,,,,,,,,,,
1791471981.6192281,601172,tracking_feedback_accumulate,2751,,26137,,,333828608,469762048,403939840,480247808,,,,,,,,2.895600162446499,,
1791471981.624231,601172,frontend_frame,2751,0,26137,73,8,336007168,469762048,403939840,480247808,,,,,,,,,,
1791471982.0504222,601172,tracking_feedback_accumulate,2752,,26137,,,339921920,469762048,403939840,480247808,,,,,,,,2.8880999889224768,,
1791471982.055424,601172,frontend_frame,2752,0,26137,73,8,329752064,469762048,403939840,480247808,,,,,,,,,,
1791471982.4905584,601172,tracking_feedback_accumulate,2753,,26137,,,333830656,469762048,403939840,480247808,,,,,,,,2.951700007542968,,
1791471982.4945588,601172,frontend_frame,2753,0,26137,73,8,336009216,469762048,403939840,480247808,,,,,,,,,,
1791471982.9306922,601172,tracking_feedback_accumulate,2754,,26137,,,339923968,469762048,403939840,480247808,,,,,,,,2.926400164142251,,
1791471982.936692,601172,frontend_frame,2754,0,26137,73,8,329754112,469762048,403939840,480247808,,,,,,,,,,
1791471983.376973,601172,tracking_feedback_accumulate,2755,,26137,,,333668864,469762048,403939840,480247808,,,,,,,,2.8612997848540545,,
1791471983.3819728,601172,frontend_frame,2755,0,26137,73,8,335847424,469762048,403939840,480247808,,,,,,,,,,
1791471983.7407024,601172,tracking_feedback_accumulate,2756,,26137,,,339926016,469762048,403939840,480247808,,,,,,,,2.951399888843298,,
1791471983.7452068,601172,frontend_frame,2756,0,26137,73,8,342104576,469762048,403939840,480247808,,,,,,,,,,
1791471984.0868032,601172,tracking_feedback_accumulate,2757,,26137,,,333670912,469762048,403939840,480247808,,,,,,,,2.974499948322773,,
1791471984.0908031,601172,frontend_frame,2757,0,26137,73,8,335849472,469762048,403939840,480247808,,,,,,,,,,
1791471984.5375602,601172,tracking_feedback_accumulate,2758,,26137,,,340009984,469762048,403939840,480247808,,,,,,,,2.9162000864744186,,
1791471984.5420618,601172,frontend_frame,2758,0,26137,73,8,342188544,469762048,403939840,480247808,,,,,,,,,,
1791471984.969139,601172,tracking_feedback_accumulate,2759,,26137,,,346103296,469762048,403939840,480247808,,,,,,,,2.8475001454353333,,
1791471984.9741383,601172,frontend_frame,2759,0,26137,73,8,335933440,469762048,403939840,480247808,,,,,,,,,,
1791471985.3944566,601172,tracking_feedback_accumulate,2760,,26137,,,340012032,469762048,403939840,480247808,,,,,,,,3.027500119060278,,
1791471985.3994563,601172,frontend_frame,2760,0,26137,73,8,342190592,427819008,403939840,480247808,,,,,,,,,,
1791471985.7517467,601172,tracking_feedback_accumulate,2761,,26137,,,346023424,469762048,403939840,480247808,,,,,,,,3.1733999494463205,,
1791471985.7577472,601172,frontend_frame,2761,0,26137,73,8,348201984,469762048,403939840,480247808,,,,,,,,,,
1791471986.186882,601172,tracking_feedback_accumulate,2762,,26137,,,333839872,469762048,403939840,480247808,,,,,,,,2.987300045788288,,
1791471986.1908817,601172,frontend_frame,2762,0,26137,73,8,336018432,469762048,403939840,480247808,,,,,,,,,,
1791471986.6270423,601172,tracking_feedback_accumulate,2763,,26137,,,339851264,469762048,403939840,480247808,,,,,,,,2.920400118455291,,
1791471986.6320457,601172,frontend_frame,2763,0,26137,73,8,342029824,469762048,403939840,480247808,,,,,,,,,,
1791471987.0616179,601172,tracking_feedback_accumulate,2764,,26137,,,346190336,469762048,403939840,480247808,,,,,,,,2.812500111758709,,
1791471987.0676177,601172,frontend_frame,2764,0,26137,73,8,336020480,469762048,403939840,480247808,,,,,,,,,,
1791471987.4967248,601172,tracking_feedback_accumulate,2765,,26137,,,339935232,469762048,403939840,480247808,,,,,,,,2.824299968779087,,
1791471987.5017292,601172,frontend_frame,2765,0,26137,73,8,342113792,469762048,403939840,480247808,,,,,,,,,,
1791471987.8487933,601172,tracking_feedback_accumulate,2766,,26137,,,346028544,469762048,403939840,480247808,,,,,,,,2.889599883928895,,
1791471987.8527935,601172,frontend_frame,2766,0,26137,73,8,348207104,469762048,403939840,480247808,,,,,,,,,,
1791471988.2729704,601172,tracking_feedback_accumulate,2767,,26137,,,333844992,469762048,403939840,480247808,,,,,,,,2.9203000012785196,,
1791471988.2769709,601172,frontend_frame,2767,0,26137,73,8,336023552,469762048,403939840,480247808,,,,,,,,,,
1791471988.702661,601172,tracking_feedback_accumulate,2768,,26137,,,339856384,469762048,403939840,480247808,,,,,,,,2.8915000148117542,,
1791471988.7076612,601172,frontend_frame,2768,0,26137,73,8,342034944,469762048,403939840,480247808,,,,,,,,,,
1791471989.1473694,601172,tracking_feedback_accumulate,2769,,26137,,,346195456,469762048,403939840,480247808,,,,,,,,2.959500066936016,,
1791471989.1523695,601172,frontend_frame,2769,0,26137,73,8,329851392,469762048,403939840,480247808,,,,,,,,,,
1791471989.5750322,601172,tracking_feedback_accumulate,2770,,26137,,,333766144,469762048,403939840,480247808,,,,,,,,2.8878001030534506,,
1791471989.5800326,601172,frontend_frame,2770,0,26137,73,8,335944704,427819008,403939840,480247808,,,,,,,,,,
1791471989.9363613,601172,tracking_feedback_accumulate,2771,,26137,,,340023296,469762048,403939840,480247808,,,,,,,,2.879600040614605,,
1791471989.942361,601172,frontend_frame,2771,0,26137,73,8,329853440,469762048,403939840,480247808,,,,,,,,,,
1791471990.297473,601172,tracking_feedback_accumulate,2772,,26137,,,333768192,469762048,403939840,480247808,,,,,,,,2.949800109490752,,
1791471990.3024738,601172,frontend_frame,2772,0,26137,73,8,335946752,469762048,403939840,480247808,,,,,,,,,,
1791471990.738605,601172,tracking_feedback_accumulate,2773,,26137,,,339861504,469762048,403939840,480247808,,,,,,,,3.0606999062001705,,
1791471990.7436051,601172,frontend_frame,2773,0,26137,73,8,342040064,469762048,403939840,480247808,,,,,,,,,,
1791471991.1242254,601172,tracking_feedback_accumulate,2774,,26137,,,333852160,469762048,403939840,480247808,,,,,,,,2.959399949759245,,
1791471991.1282253,601172,frontend_frame,2774,0,26137,73,8,336030720,469762048,403939840,480247808,,,,,,,,,,
1791471991.5339031,601172,tracking_feedback_accumulate,2775,,26137,,,339945472,469762048,403939840,480247808,,,,,,,,2.881100168451667,,
1791471991.5389028,601172,frontend_frame,2775,0,26137,73,8,342124032,469762048,403939840,480247808,,,,,,,,,,
1791471991.971624,601172,tracking_feedback_accumulate,2776,,26137,,,346202624,469762048,403939840,480247808,,,,,,,,2.757800044491887,,
1791471991.9766238,601172,frontend_frame,2776,0,26137,73,8,336032768,469762048,403939840,480247808,,,,,,,,,,
1791471992.3965218,601172,tracking_feedback_accumulate,2777,,26137,,,339865600,469762048,403939840,480247808,,,,,,,,2.928100060671568,,
1791471992.4015234,601172,frontend_frame,2777,0,26137,73,8,342044160,469762048,403939840,480247808,,,,,,,,,,
1791471992.8213115,601172,tracking_feedback_accumulate,2778,,26137,,,346122752,469762048,403939840,480247808,,,,,,,,2.9664000030606985,,
1791471992.8253117,601172,frontend_frame,2778,0,26137,73,8,348301312,469762048,403939840,480247808,,,,,,,,,,
1791471993.2587497,601172,tracking_feedback_accumulate,2779,,26137,,,333857280,469762048,403939840,480247808,,,,,,,,2.929599955677986,,
1791471993.2632804,601172,frontend_frame,2779,0,26137,73,8,336035840,469762048,403939840,480247808,,,,,,,,,,
1791471993.6952598,601172,tracking_feedback_accumulate,2780,,26137,,,339950592,469762048,403939840,480247808,,,,,,,,2.8201001696288586,,
1791471993.7002606,601172,frontend_frame,2780,0,26137,73,8,342129152,427819008,403939840,480247808,,,,,,,,,,
1791471994.15628,601172,tracking_feedback_accumulate,2781,,26137,,,346043904,469762048,403939840,480247808,,,,,,,,2.89639993570745,,
1791471994.1622796,601172,frontend_frame,2781,0,26137,73,8,335874048,469762048,403939840,480247808,,,,,,,,,,
1791471994.5669398,601172,tracking_feedback_accumulate,2782,,26137,,,339952640,469762048,403939840,480247808,,,,,,,,2.798000117763877,,
1791471994.5719402,601172,frontend_frame,2782,0,26137,73,8,342131200,469762048,403939840,480247808,,,,,,,,,,
1791471994.974526,601172,tracking_feedback_accumulate,2783,,26137,,,346045952,469762048,403939840,480247808,,,,,,,,2.914499957114458,,
1791471994.9795258,601172,frontend_frame,2783,0,26137,73,8,348224512,469762048,403939840,480247808,,,,,,,,,,
1791471995.4268212,601172,tracking_feedback_accumulate,2784,,26137,,,333780480,469762048,403939840,480247808,,,,,,,,3.638399997726083,,
1791471995.4318223,601172,frontend_frame,2784,0,26137,73,8,335959040,469762048,403939840,480247808,,,,,,,,,,
1791471995.8690689,601172,tracking_feedback_accumulate,2785,,26137,,,340037632,469762048,403939840,480247808,,,,,,,,2.915899967774749,,
1791471995.8740687,601172,frontend_frame,2785,0,26137,73,8,342216192,469762048,403939840,480247808,,,,,,,,,,
1791471996.3542242,601172,tracking_feedback_accumulate,2786,,26137,,,346130944,469762048,403939840,480247808,,,,,,,,3.023300087079406,,
1791471996.360224,601172,frontend_frame,2786,0,26137,73,8,335961088,469762048,403939840,480247808,,,,,,,,,,
1791471996.796427,601172,tracking_feedback_accumulate,2787,,26137,,,339875840,469762048,403939840,480247808,,,,,,,,2.902400214225054,,
1791471996.801427,601172,frontend_frame,2787,0,26137,73,8,342054400,469762048,403939840,480247808,,,,,,,,,,
1791471997.0456076,601172,tracking_feedback_accumulate,2788,,26137,,,346132992,469762048,403939840,480247808,,,,,,,,2.979899989441037,,
1791471997.0511122,601172,frontend_frame,2788,0,26137,73,8,335963136,469762048,403939840,480247808,,,,,,,,,,
1791471997.4777226,601172,tracking_feedback_accumulate,2789,,26137,,,340041728,469762048,403939840,480247808,,,,,,,,2.946699969470501,,
1791471997.4817245,601172,frontend_frame,2789,0,26137,73,8,342220288,469762048,403939840,480247808,,,,,,,,,,
1791471997.9009678,601172,tracking_feedback_accumulate,2790,,26137,,,346053120,469762048,403939840,480247808,,,,,,,,2.834599930793047,,
1791471997.905968,601172,frontend_frame,2790,0,26137,73,8,348231680,427819008,403939840,480247808,,,,,,,,,,
1791471998.3288345,601172,tracking_feedback_accumulate,2791,,26137,,,339961856,469762048,403939840,480247808,,,,,,,,2.871899865567684,,
1791471998.3328342,601172,frontend_frame,2791,0,26137,73,8,342140416,469762048,403939840,480247808,,,,,,,,,,
1791471998.777521,601172,tracking_feedback_accumulate,2792,,26137,,,346219008,469762048,403939840,480247808,,,,,,,,3.0231999699026346,,
1791471998.782521,601172,frontend_frame,2792,0,26137,73,8,348397568,469762048,403939840,480247808,,,,,,,,,,
1791471999.135638,601172,tracking_feedback_accumulate,2793,,26137,,,352312320,471859200,403939840,480247808,,,,,,,,2.9295000713318586,,
1791471999.14064,601172,frontend_frame,2793,0,26137,73,8,342142464,471859200,403939840,480247808,,,,,,,,,,
1791471999.6151135,601172,tracking_feedback_accumulate,2794,,26137,,,346057216,471859200,403939840,480247808,,,,,,,,2.849399810656905,,
1791471999.6201134,601172,frontend_frame,2794,0,26137,73,8,348235776,471859200,403939840,480247808,,,,,,,,,,
1791472000.026699,601172,tracking_feedback_accumulate,2795,,26137,,,352396288,473956352,403939840,480247808,,,,,,,,3.2051000744104385,,
1791472000.032203,601172,frontend_frame,2795,0,26137,73,8,354574848,476053504,403939840,480247808,,,,,,,,,,
1791472000.4544346,601172,tracking_feedback_accumulate,2796,,26137,,,339885056,476053504,403939840,480247808,,,,,,,,3.222899977117777,,
1791472000.459436,601172,frontend_frame,2796,0,26137,73,8,342063616,476053504,403939840,480247808,,,,,,,,,,
1791472000.895125,601172,tracking_feedback_accumulate,2797,,26137,,,346142208,476053504,403939840,480247808,,,,,,,,2.9008998535573483,,
1791472000.900126,601172,frontend_frame,2797,0,26137,73,8,348320768,476053504,403939840,480247808,,,,,,,,,,
1791472001.1878145,601172,tracking_feedback_accumulate,2798,,26137,,,352235520,476053504,403939840,480247808,,,,,,,,2.8256000950932503,,
1791472001.1928146,601172,frontend_frame,2798,0,26137,73,8,329717248,476053504,403939840,480247808,,,,,,,,,,
1791472001.4563444,601172,tracking_feedback_accumulate,2799,,26137,,,333795840,476053504,403939840,480247808,,,,,,,,2.861900022253394,,
1791472001.4613445,601172,frontend_frame,2799,0,26137,73,8,335974400,476053504,403939840,480247808,,,,,,,,,,
1791472001.7745392,601172,tracking_feedback_accumulate,2800,,26137,,,340052992,476053504,403939840,480247808,,,,,,,,2.9007000848650932,,
1791472001.7795389,601172,frontend_frame,2800,0,26137,73,8,342231552,427819008,403939840,480247808,,,,,,,,,,
1791472002.2149,601172,tracking_feedback_accumulate,2801,,26137,,,327623680,469762048,403939840,480247808,,,,,,,,2.938200021162629,,
1791472002.2199008,601172,frontend_frame,2801,0,26137,73,8,329802240,469762048,403939840,480247808,,,,,,,,,,
1791472002.6151576,601172,tracking_feedback_accumulate,2802,,26137,,,333716992,469762048,403939840,480247808,,,,,,,,2.8446000069379807,,
1791472002.6201572,601172,frontend_frame,2802,0,26137,73,8,335895552,469762048,403939840,480247808,,,,,,,,,,
1791472003.0288918,601172,tracking_feedback_accumulate,2803,,26137,,,340056064,469762048,403939840,480247808,,,,,,,,2.9025000985711813,,
1791472003.0338964,601172,frontend_frame,2803,0,26137,73,8,329886208,469762048,403939840,480247808,,,,,,,,,,
1791472003.4504628,601172,tracking_feedback_accumulate,2804,,26137,,,333719040,469762048,403939840,480247808,,,,,,,,2.914800075814128,,
1791472003.4549673,601172,frontend_frame,2804,0,26137,73,8,335897600,469762048,403939840,480247808,,,,,,,,,,
1791472003.7865214,601172,tracking_feedback_accumulate,2805,,26137,,,339976192,469762048,403939840,480247808,,,,,,,,2.9217000119388103,,
1791472003.7925217,601172,frontend_frame,2805,0,26137,73,8,329806336,469762048,403939840,480247808,,,,,,,,,,
1791472004.2164764,601172,tracking_feedback_accumulate,2806,,26137,,,333721088,469762048,403939840,480247808,,,,,,,,2.914499957114458,,
1791472004.2204766,601172,frontend_frame,2806,0,26137,73,8,335899648,469762048,403939840,480247808,,,,,,,,,,
1791472004.6388104,601172,tracking_feedback_accumulate,2807,,26137,,,340060160,469762048,403939840,480247808,,,,,,,,4.4883000664412975,,
1791472004.6438122,601172,frontend_frame,2807,0,26137,73,8,342238720,469762048,403939840,480247808,,,,,,,,,,
1791472005.0764759,601172,tracking_feedback_accumulate,2808,,26137,,,333723136,469762048,403939840,480247808,,,,,,,,2.870699856430292,,
1791472005.0814755,601172,frontend_frame,2808,0,26137,73,8,335901696,469762048,403939840,480247808,,,,,,,,,,
1791472005.5103128,601172,tracking_feedback_accumulate,2809,,26137,,,339980288,469762048,403939840,480247808,,,,,,,,2.9583999421447515,,
1791472005.5153127,601172,frontend_frame,2809,0,26137,73,8,342158848,469762048,403939840,480247808,,,,,,,,,,
1791472005.9074612,601172,tracking_feedback_accumulate,2810,,26137,,,346237440,469762048,403939840,480247808,,,,,,,,2.8923999052494764,,
1791472005.912461,601172,frontend_frame,2810,0,26137,73,8,336067584,427819008,403939840,480247808,,,,,,,,,,
1791472006.2950866,601172,tracking_feedback_accumulate,2811,,26137,,,339900416,469762048,403939840,480247808,,,,,,,,2.921799896284938,,
1791472006.3000865,601172,frontend_frame,2811,0,26137,73,8,342078976,469762048,403939840,480247808,,,,,,,,,,
1791472006.7273378,601172,tracking_feedback_accumulate,2812,,26137,,,346157568,469762048,403939840,480247808,,,,,,,,2.90300021879375,,
1791472006.7333379,601172,frontend_frame,2812,0,26137,73,8,348336128,469762048,403939840,480247808,,,,,,,,,,
1791472007.1090534,601172,tracking_feedback_accumulate,2813,,26137,,,333892096,469762048,403939840,480247808,,,,,,,,2.901199972257018,,
1791472007.1585598,601172,frontend_frame,2813,0,26137,74,8,340066304,469762048,403939840,480247808,,,,,,,,,,
1791472018.3164637,601172,tracking_feedback_accumulate,2814,,24913,,,343902208,469762048,403939840,480247808,,,,,,,,2.9853000305593014,,
1791472018.3204637,601172,frontend_frame,2814,0,24913,74,8,345778688,469762048,403939840,480247808,,,,,,,,,,
1791472018.70719,601172,tracking_feedback_accumulate,2815,,24913,,,337636864,469762048,403939840,480247808,,,,,,,,2.9515998903661966,,
1791472018.71319,601172,frontend_frame,2815,0,24913,74,8,339523584,469762048,403939840,480247808,,,,,,,,,,
1791472019.1083543,601172,tracking_feedback_accumulate,2816,,24913,,,343684096,469762048,403939840,480247808,,,,,,,,2.937999786809087,,
1791472019.1133544,601172,frontend_frame,2816,0,24913,74,8,345570816,469762048,403939840,480247808,,,,,,,,,,
1791472019.5524623,601172,tracking_feedback_accumulate,2817,,24913,,,349485568,469762048,403939840,480247808,,,,,,,,2.971000038087368,,
1791472019.5574625,601172,frontend_frame,2817,0,24913,74,8,339607552,469762048,403939840,480247808,,,,,,,,,,
1791472019.9515812,601172,tracking_feedback_accumulate,2818,,24913,,,343522304,469762048,403939840,480247808,,,,,,,,2.8915000148117542,,
1791472019.9565809,601172,frontend_frame,2818,0,24913,74,8,345409536,469762048,403939840,480247808,,,,,,,,,,
1791472020.3508048,601172,tracking_feedback_accumulate,2819,,24913,,,349488128,469762048,403939840,480247808,,,,,,,,3.0354999471455812,,
1791472020.3558068,601172,frontend_frame,2819,0,24913,74,8,351374848,469762048,403939840,480247808,,,,,,,,,,
1791472020.8237147,601172,tracking_feedback_accumulate,2820,,24913,,,337806336,469762048,403939840,480247808,,,,,,,,2.957100048661232,,
1791472020.828715,601172,frontend_frame,2820,0,24913,74,8,339693056,427819008,403939840,480247808,,,,,,,,,,
1791472021.2428918,601172,tracking_feedback_accumulate,2821,,24913,,,343525888,469762048,403939840,480247808,,,,,,,,3.164099995046854,,
1791472021.2468934,601172,frontend_frame,2821,0,24913,74,8,345412608,469762048,403939840,480247808,,,,,,,,,,
1791472021.651568,601172,tracking_feedback_accumulate,2822,,24913,,,349573120,469762048,403939840,480247808,,,,,,,,2.8593000024557114,,
1791472021.6576154,601172,frontend_frame,2822,0,24913,74,8,339695104,469762048,403939840,480247808,,,,,,,,,,
1791472022.0654058,601172,tracking_feedback_accumulate,2823,,24913,,,343527936,469762048,403939840,480247808,,,,,,,,2.882600063458085,,
1791472022.0699103,601172,frontend_frame,2823,0,24913,74,8,345414656,469762048,403939840,480247808,,,,,,,,,,
1791472022.5339854,601172,tracking_feedback_accumulate,2824,,24913,,,349493248,469762048,403939840,480247808,,,,,,,,2.912200056016445,,
1791472022.5389853,601172,frontend_frame,2824,0,24913,74,8,351379968,469762048,403939840,480247808,,,,,,,,,,
1791472023.0132005,601172,tracking_feedback_accumulate,2825,,24913,,,337811456,469762048,403939840,480247808,,,,,,,,2.891399897634983,,
1791472023.0182028,601172,frontend_frame,2825,0,24913,74,8,339698176,469762048,403939840,480247808,,,,,,,,,,
1791472023.4993372,601172,tracking_feedback_accumulate,2826,,24913,,,343612928,469762048,403939840,480247808,,,,,,,,2.9120000544935465,,
1791472023.504337,601172,frontend_frame,2826,0,24913,74,8,345499648,469762048,403939840,480247808,,,,,,,,,,
1791472023.9010363,601172,tracking_feedback_accumulate,2827,,24913,,,349414400,469762048,403939840,480247808,,,,,,,,2.902400214225054,,
1791472023.9075456,601172,frontend_frame,2827,0,24913,74,8,333362176,469762048,403939840,480247808,,,,,,,,,,
1791472024.3815057,601172,tracking_feedback_accumulate,2828,,24913,,,337522688,469762048,403939840,480247808,,,,,,,,3.240099875256419,,
1791472024.3865058,601172,frontend_frame,2828,0,24913,74,8,339409408,469762048,403939840,480247808,,,,,,,,,,
1791472024.695403,601172,tracking_feedback_accumulate,2829,,24913,,,343324160,469762048,403939840,480247808,,,,,,,,2.8635000344365835,,
1791472024.7004027,601172,frontend_frame,2829,0,24913,74,8,333446144,469762048,403939840,480247808,,,,,,,,,,
1791472025.0465627,601172,tracking_feedback_accumulate,2830,,24913,,,337360896,469762048,403939840,480247808,,,,,,,,2.9346998780965805,,
1791472025.0515625,601172,frontend_frame,2830,0,24913,74,8,339247616,427819008,403939840,480247808,,,,,,,,,,
1791472025.5171957,601172,tracking_feedback_accumulate,2831,,24913,,,343326208,469762048,403939840,480247808,,,,,,,,2.940499922260642,,
1791472025.522196,601172,frontend_frame,2831,0,24913,74,8,345212928,469762048,403939840,480247808,,,,,,,,,,
1791472025.991027,601172,tracking_feedback_accumulate,2832,,24913,,,337362944,469762048,403939840,480247808,,,,,,,,2.9822001233696938,,
1791472025.9960291,601172,frontend_frame,2832,0,24913,74,8,339249664,469762048,403939840,480247808,,,,,,,,,,
1791472026.3836563,601172,tracking_feedback_accumulate,2833,,24913,,,343328256,469762048,403939840,480247808,,,,,,,,2.8822000604122877,,
1791472026.388657,601172,frontend_frame,2833,0,24913,74,8,345214976,469762048,403939840,480247808,,,,,,,,,,
1791472026.7695057,601172,tracking_feedback_accumulate,2834,,24913,,,349129728,469762048,403939840,480247808,,,,,,,,2.9732000548392534,,
1791472026.774506,601172,frontend_frame,2834,0,24913,74,8,339251712,469762048,403939840,480247808,,,,,,,,,,
1791472027.1509259,601172,tracking_feedback_accumulate,2835,,24913,,,343412224,469762048,403939840,480247808,,,,,,,,3.1179001089185476,,
1791472027.1549284,601172,frontend_frame,2835,0,24913,74,8,345298944,469762048,403939840,480247808,,,,,,,,,,
1791472027.6145449,601172,tracking_feedback_accumulate,2836,,24913,,,349131776,469762048,403939840,480247808,,,,,,,,3.1139999628067017,,
1791472027.6195447,601172,frontend_frame,2836,0,24913,74,8,351018496,469762048,403939840,480247808,,,,,,,,,,
1791472028.0152762,601172,tracking_feedback_accumulate,2837,,24913,,,337449984,469762048,403939840,480247808,,,,,,,,3.072699997574091,,
1791472028.020277,601172,frontend_frame,2837,0,24913,74,8,339336704,469762048,403939840,480247808,,,,,,,,,,
1791472028.469365,601172,tracking_feedback_accumulate,2838,,24913,,,343415296,469762048,403939840,480247808,,,,,,,,2.8915000148117542,,
1791472028.4738693,601172,frontend_frame,2838,0,24913,74,8,345302016,469762048,403939840,480247808,,,,,,,,,,
1791472028.9254565,601172,tracking_feedback_accumulate,2839,,24913,,,349216768,469762048,403939840,480247808,,,,,,,,2.9928002040833235,,
1791472028.9304574,601172,frontend_frame,2839,0,24913,74,8,339338752,469762048,403939840,480247808,,,,,,,,,,
1791472029.3860967,601172,tracking_feedback_accumulate,2840,,24913,,,343253504,469762048,403939840,480247808,,,,,,,,3.1594999600201845,,
1791472029.391096,601172,frontend_frame,2840,0,24913,74,8,345140224,427819008,403939840,480247808,,,,,,,,,,
1791472029.8205833,601172,tracking_feedback_accumulate,2841,,24913,,,349300736,469762048,403939840,480247808,,,,,,,,2.898300066590309,,
1791472029.8255835,601172,frontend_frame,2841,0,24913,74,8,351187456,469762048,403939840,480247808,,,,,,,,,,
1791472030.2737904,601172,tracking_feedback_accumulate,2842,,24913,,,337373184,469762048,403939840,480247808,,,,,,,,3.0514998361468315,,
1791472030.2787905,601172,frontend_frame,2842,0,24913,74,8,339259904,469762048,403939840,480247808,,,,,,,,,,
1791472030.7533789,601172,tracking_feedback_accumulate,2843,,24913,,,343420416,469762048,403939840,480247808,,,,,,,,3.2114998903125525,,
1791472030.7583811,601172,frontend_frame,2843,0,24913,74,8,345307136,469762048,403939840,480247808,,,,,,,,,,
1791472031.1516736,601172,tracking_feedback_accumulate,2844,,24913,,,349139968,469762048,403939840,480247808,,,,,,,,2.857500221580267,,
1791472031.1566758,601172,frontend_frame,2844,0,24913,74,8,339261952,469762048,403939840,480247808,,,,,,,,,,
1791472031.5988586,601172,tracking_feedback_accumulate,2845,,24913,,,343422464,469762048,403939840,480247808,,,,,,,,2.8279998805373907,,
1791472031.6038587,601172,frontend_frame,2845,0,24913,74,8,345309184,469762048,403939840,480247808,,,,,,,,,,
1791472031.9246118,601172,tracking_feedback_accumulate,2846,,24913,,,349223936,469762048,403939840,480247808,,,,,,,,2.994399983435869,,
1791472031.9296117,601172,frontend_frame,2846,0,24913,74,8,339345920,469762048,403939840,480247808,,,,,,,,,,
1791472032.2498286,601172,tracking_feedback_accumulate,2847,,24913,,,343260672,469762048,403939840,480247808,,,,,,,,3.202499821782112,,
1791472032.2548282,601172,frontend_frame,2847,0,24913,74,8,345147392,469762048,403939840,480247808,,,,,,,,,,
1791472032.6899812,601172,tracking_feedback_accumulate,2848,,24913,,,349225984,469762048,403939840,480247808,,,,,,,,2.9694000259041786,,
1791472032.6949804,601172,frontend_frame,2848,0,24913,74,8,351112704,469762048,403939840,480247808,,,,,,,,,,
1791472033.0403087,601172,tracking_feedback_accumulate,2849,,24913,,,343262720,469762048,403939840,480247808,,,,,,,,2.934300107881427,,
1791472033.0453088,601172,frontend_frame,2849,0,24913,74,8,345149440,469762048,403939840,480247808,,,,,,,,,,
1791472033.4909468,601172,tracking_feedback_accumulate,2850,,24913,,,349309952,469762048,403939840,480247808,,,,,,,,2.9478000942617655,,
1791472033.4959462,601172,frontend_frame,2850,0,24913,74,8,351196672,427819008,403939840,480247808,,,,,,,,,,
1791472033.9430914,601172,tracking_feedback_accumulate,2851,,24913,,,355111424,469762048,403939840,480247808,,,,,,,,2.9431998264044523,,
1791472033.9480917,601172,frontend_frame,2851,0,24913,74,8,345233408,469762048,403939840,480247808,,,,,,,,,,
1791472034.3827455,601172,tracking_feedback_accumulate,2852,,24913,,,349148160,469762048,403939840,480247808,,,,,,,,2.9002998489886522,,
1791472034.3877456,601172,frontend_frame,2852,0,24913,74,8,351034880,469762048,403939840,480247808,,,,,,,,,,
1791472034.7830374,601172,tracking_feedback_accumulate,2853,,24913,,,355195392,469762048,403939840,480247808,,,,,,,,2.85649998113513,,
1791472034.7880373,601172,frontend_frame,2853,0,24913,74,8,357082112,469762048,403939840,480247808,,,,,,,,,,
1791472035.1001623,601172,tracking_feedback_accumulate,2854,,24913,,,343349760,469762048,403939840,480247808,,,,,,,,2.9408999253064394,,
1791472035.1051621,601172,frontend_frame,2854,0,24913,74,8,345236480,469762048,403939840,480247808,,,,,,,,,,
1791472035.5379643,601172,tracking_feedback_accumulate,2855,,24913,,,349315072,469762048,403939840,480247808,,,,,,,,2.9399001505225897,,
1791472035.542965,601172,frontend_frame,2855,0,24913,74,8,351201792,469762048,403939840,480247808,,,,,,,,,,
1791472035.9866745,601172,tracking_feedback_accumulate,2856,,24913,,,355034624,469762048,403939840,480247808,,,,,,,,3.1983000226318836,,
1791472035.9926746,601172,frontend_frame,2856,0,24913,74,8,333391872,469762048,403939840,480247808,,,,,,,,,,
1791472036.4392865,601172,tracking_feedback_accumulate,2857,,24913,,,337470464,469762048,403939840,480247808,,,,,,,,2.9247000347822905,,
1791472036.443287,601172,frontend_frame,2857,0,24913,74,8,339357184,469762048,403939840,480247808,,,,,,,,,,
1791472036.8872027,601172,tracking_feedback_accumulate,2858,,24913,,,343271936,469762048,403939840,480247808,,,,,,,,2.965399995446205,,
1791472036.8912024,601172,frontend_frame,2858,0,24913,74,8,345158656,469762048,403939840,480247808,,,,,,,,,,
1791472037.3334312,601172,tracking_feedback_accumulate,2859,,24913,,,331672064,469762048,403939840,480247808,,,,,,,,3.2001000363379717,,
1791472037.3384311,601172,frontend_frame,2859,0,24913,74,8,333558784,469762048,403939840,480247808,,,,,,,,,,
1791472037.691132,601172,tracking_feedback_accumulate,2860,,24913,,,337391616,469762048,403939840,480247808,,,,,,,,2.8680001851171255,,
1791472037.6961322,601172,frontend_frame,2860,0,24913,74,8,339278336,427819008,403939840,480247808,,,,,,,,,,
1791472038.0548234,601172,tracking_feedback_accumulate,2861,,24913,,,343438848,469762048,403939840,480247808,,,,,,,,2.9790999833494425,,
1791472038.0598254,601172,frontend_frame,2861,0,24913,74,8,333560832,469762048,403939840,480247808,,,,,,,,,,
1791472038.5113108,601172,tracking_feedback_accumulate,2862,,24913,,,337475584,469762048,403939840,480247808,,,,,,,,3.0376999638974667,,
1791472038.5153108,601172,frontend_frame,2862,0,24913,74,8,339362304,469762048,403939840,480247808,,,,,,,,,,
1791472038.961479,601172,tracking_feedback_accumulate,2863,,24913,,,343277056,469762048,403939840,480247808,,,,,,,,2.9442000668495893,,
1791472038.9664776,601172,frontend_frame,2863,0,24913,74,8,333399040,469762048,403939840,480247808,,,,,,,,,,
1791472039.4101598,601172,tracking_feedback_accumulate,2864,,24913,,,337559552,469762048,403939840,480247808,,,,,,,,2.9265000484883785,,
1791472039.4601665,601172,frontend_frame,2864,0,24913,75,8,343441920,469762048,403939840,480247808,,,,,,,,,,
1791472050.5929806,601172,tracking_feedback_accumulate,2865,,23731,,,341402112,469762048,403939840,480247808,,,,,,,,2.9375997837632895,,
1791472050.598981,601172,frontend_frame,2865,0,23731,75,8,343004672,469762048,403939840,480247808,,,,,,,,,,
1791472050.9831176,601172,tracking_feedback_accumulate,2866,,23731,,,346919424,469762048,403939840,480247808,,,,,,,,3.3448999747633934,,
1791472050.9881175,601172,frontend_frame,2866,0,23731,75,8,348532224,469762048,403939840,480247808,,,,,,,,,,
1791472051.3021965,601172,tracking_feedback_accumulate,2867,,23731,,,352610816,469762048,403939840,480247808,,,,,,,,2.8982998337596655,,
1791472051.3081965,601172,frontend_frame,2867,0,23731,75,8,343006720,469762048,403939840,480247808,,,,,,,,,,
1791472051.7548196,601172,tracking_feedback_accumulate,2868,,23731,,,347085312,469762048,403939840,480247808,,,,,,,,3.306000027805567,,
1791472051.7598197,601172,frontend_frame,2868,0,23731,75,8,348698112,469762048,403939840,480247808,,,,,,,,,,
1791472052.1293979,601172,tracking_feedback_accumulate,2869,,23731,,,352530944,469762048,403939840,480247808,,,,,,,,2.8461001347750425,,
1791472052.1339025,601172,frontend_frame,2869,0,23731,75,8,354144256,469762048,403939840,480247808,,,,,,,,,,
1791472052.5814977,601172,tracking_feedback_accumulate,2870,,23731,,,341479424,469762048,403939840,480247808,,,,,,,,2.8995999600738287,,
1791472052.5864973,601172,frontend_frame,2870,0,23731,75,8,343092224,427819008,403939840,480247808,,,,,,,,,,
1791472053.0807145,601172,tracking_feedback_accumulate,2871,,23731,,,347006976,469762048,403939840,480247808,,,,,,,,2.8603000100702047,,
1791472053.0857143,601172,frontend_frame,2871,0,23731,75,8,348619776,469762048,403939840,480247808,,,,,,,,,,
1791472053.5147226,601172,tracking_feedback_accumulate,2872,,23731,,,341481472,469762048,403939840,480247808,,,,,,,,2.9519000090658665,,
1791472053.5187225,601172,frontend_frame,2872,0,23731,75,8,343094272,469762048,403939840,480247808,,,,,,,,,,
1791472053.9607725,601172,tracking_feedback_accumulate,2873,,23731,,,347009024,469762048,403939840,480247808,,,,,,,,2.879000036045909,,
1791472053.965773,601172,frontend_frame,2873,0,23731,75,8,348621824,469762048,403939840,480247808,,,,,,,,,,
1791472054.3419402,601172,tracking_feedback_accumulate,2874,,23731,,,352700416,469762048,403939840,480247808,,,,,,,,3.1473999843001366,,
1791472054.3469398,601172,frontend_frame,2874,0,23731,75,8,343096320,469762048,403939840,480247808,,,,,,,,,,
1791472054.7725244,601172,tracking_feedback_accumulate,2875,,23731,,,347011072,469762048,403939840,480247808,,,,,,,,2.836999949067831,,
1791472054.7775245,601172,frontend_frame,2875,0,23731,75,8,348623872,469762048,403939840,480247808,,,,,,,,,,
1791472055.022834,601172,tracking_feedback_accumulate,2876,,23731,,,352702464,469762048,403939840,480247808,,,,,,,,2.83290003426373,,
1791472055.0268342,601172,frontend_frame,2876,0,23731,75,8,354315264,469762048,403939840,480247808,,,,,,,,,,
1791472055.4144366,601172,tracking_feedback_accumulate,2877,,23731,,,341322752,469762048,403939840,480247808,,,,,,,,2.961500082165003,,
1791472055.4194365,601172,frontend_frame,2877,0,23731,75,8,342935552,469762048,403939840,480247808,,,,,,,,,,
1791472055.859732,601172,tracking_feedback_accumulate,2878,,23731,,,347014144,469762048,403939840,480247808,,,,,,,,3.198100021108985,,
1791472055.8647313,601172,frontend_frame,2878,0,23731,75,8,348626944,469762048,403939840,480247808,,,,,,,,,,
1791472056.308536,601172,tracking_feedback_accumulate,2879,,23731,,,352705536,469762048,403939840,480247808,,,,,,,,2.8848000802099705,,
1791472056.313536,601172,frontend_frame,2879,0,23731,75,8,343101440,469762048,403939840,480247808,,,,,,,,,,
1791472056.6842065,601172,tracking_feedback_accumulate,2880,,23731,,,346934272,469762048,403939840,480247808,,,,,,,,2.8339000418782234,,
1791472056.6902068,601172,frontend_frame,2880,0,23731,75,8,348547072,448790528,403939840,480247808,,,,,,,,,,
1791472057.1224918,601172,tracking_feedback_accumulate,2881,,23731,,,352707584,469762048,403939840,480247808,,,,,,,,2.9867999255657196,,
1791472057.1274922,601172,frontend_frame,2881,0,23731,75,8,354320384,469762048,403939840,480247808,,,,,,,,,,
1791472057.4780135,601172,tracking_feedback_accumulate,2882,,23731,,,341327872,469762048,403939840,480247808,,,,,,,,3.0773000326007605,,
1791472057.482518,601172,frontend_frame,2882,0,23731,75,8,342940672,469762048,403939840,480247808,,,,,,,,,,
1791472057.8506367,601172,tracking_feedback_accumulate,2883,,23731,,,347101184,469762048,403939840,480247808,,,,,,,,2.916499972343445,,
1791472057.8546379,601172,frontend_frame,2883,0,23731,75,8,348713984,469762048,403939840,480247808,,,,,,,,,,
1791472058.2769382,601172,tracking_feedback_accumulate,2884,,23731,,,352628736,469762048,403939840,480247808,,,,,,,,2.962399972602725,,
1791472058.28244,601172,frontend_frame,2884,0,23731,75,8,337142272,469762048,403939840,480247808,,,,,,,,,,
1791472058.6580863,601172,tracking_feedback_accumulate,2885,,23731,,,341057024,469762048,403939840,480247808,,,,,,,,2.8530999552458525,,
1791472058.6630862,601172,frontend_frame,2885,0,23731,75,8,342669824,469762048,403939840,480247808,,,,,,,,,,
1791472059.0272672,601172,tracking_feedback_accumulate,2886,,23731,,,346830336,469762048,403939840,480247808,,,,,,,,2.990799956023693,,
1791472059.032772,601172,frontend_frame,2886,0,23731,75,8,337226240,469762048,403939840,480247808,,,,,,,,,,
1791472059.4013593,601172,tracking_feedback_accumulate,2887,,23731,,,341140992,469762048,403939840,480247808,,,,,,,,2.8413000982254744,,
1791472059.406361,601172,frontend_frame,2887,0,23731,75,8,342753792,469762048,403939840,480247808,,,,,,,,,,
1791472059.792944,601172,tracking_feedback_accumulate,2888,,23731,,,346668544,469762048,403939840,480247808,,,,,,,,2.932799980044365,,
1791472059.7979455,601172,frontend_frame,2888,0,23731,75,8,348281344,469762048,403939840,480247808,,,,,,,,,,
1791472060.2156677,601172,tracking_feedback_accumulate,2889,,23731,,,341224960,469762048,403939840,480247808,,,,,,,,2.8188000433146954,,
1791472060.2206693,601172,frontend_frame,2889,0,23731,75,8,342837760,469762048,403939840,480247808,,,,,,,,,,
1791472060.580904,601172,tracking_feedback_accumulate,2890,,23731,,,346670592,469762048,403939840,480247808,,,,,,,,3.176199970766902,,
1791472060.6294138,601172,frontend_frame,2890,0,23731,76,8,352279040,469762048,403939840,480247808,,,,,,,,,,
1791472071.5123947,601172,tracking_feedback_accumulate,2891,,23667,,,356435968,469762048,403939840,480247808,,,,,,,,3.012700006365776,,
1791472071.517395,601172,frontend_frame,2891,0,23667,76,8,346810880,469762048,403939840,480247808,,,,,,,,,,
1791472071.894986,601172,tracking_feedback_accumulate,2892,,23667,,,350725632,469762048,403939840,480247808,,,,,,,,2.8988998383283615,,
1791472071.9004905,601172,frontend_frame,2892,0,23667,76,8,352318464,469762048,403939840,480247808,,,,,,,,,,
1791472072.3347998,601172,tracking_feedback_accumulate,2893,,23667,,,356233216,469762048,403939840,480247808,,,,,,,,2.956999931484461,,
1791472072.3398,601172,frontend_frame,2893,0,23667,76,8,346649088,469762048,403939840,480247808,,,,,,,,,,
1791472072.785419,601172,tracking_feedback_accumulate,2894,,23667,,,350727680,469762048,403939840,480247808,,,,,,,,2.8512999415397644,,
1791472072.7899234,601172,frontend_frame,2894,0,23667,76,8,352320512,469762048,403939840,480247808,,,,,,,,,,
1791472073.2297213,601172,tracking_feedback_accumulate,2895,,23667,,,356235264,469762048,403939840,480247808,,,,,,,,3.0447999015450478,,
1791472073.233721,601172,frontend_frame,2895,0,23667,76,8,357828608,469762048,403939840,480247808,,,,,,,,,,
1791472073.6038141,601172,tracking_feedback_accumulate,2896,,23667,,,350812160,469762048,403939840,480247808,,,,,,,,2.9651999939233065,,
1791472073.608321,601172,frontend_frame,2896,0,23667,76,8,352404992,469762048,403939840,480247808,,,,,,,,,,
1791472074.063289,601172,tracking_feedback_accumulate,2897,,23667,,,356237824,469762048,403939840,480247808,,,,,,,,2.8435001149773598,,
1791472074.068289,601172,frontend_frame,2897,0,23667,76,8,357830656,469762048,403939840,480247808,,,,,,,,,,
1791472074.4708264,601172,tracking_feedback_accumulate,2898,,23667,,,361991168,469762048,404511744,480247808,,,,,,,,2.950900001451373,,
1791472074.4758284,601172,frontend_frame,2898,0,23667,76,8,352407040,469762048,404511744,480247808,,,,,,,,,,
1791472074.9131012,601172,tracking_feedback_accumulate,2899,,23667,,,356239872,469762048,404511744,480247808,,,,,,,,2.9770999681204557,,
1791472074.9181015,601172,frontend_frame,2899,0,23667,76,8,357832704,469762048,404511744,480247808,,,,,,,,,,
1791472075.3988907,601172,tracking_feedback_accumulate,2900,,23667,,,361911296,469762048,404536832,480247808,,,,,,,,2.865700051188469,,
1791472075.4038906,601172,frontend_frame,2900,0,23667,76,8,363504128,448790528,404536832,480247808,,,,,,,,,,
1791472075.855283,601172,tracking_feedback_accumulate,2901,,23667,,,350653440,469762048,404536832,480247808,,,,,,,,2.967500127851963,,
1791472075.8602831,601172,frontend_frame,2901,0,23667,76,8,352246272,469762048,404536832,480247808,,,,,,,,,,
1791472076.2401297,601172,tracking_feedback_accumulate,2902,,23667,,,356324864,469762048,404536832,480247808,,,,,,,,2.864799927920103,,
1791472076.24513,601172,frontend_frame,2902,0,23667,76,8,357917696,469762048,404536832,480247808,,,,,,,,,,
1791472076.5386987,601172,tracking_feedback_accumulate,2903,,23667,,,361832448,469762048,404536832,480247808,,,,,,,,2.949699992313981,,
1791472076.544699,601172,frontend_frame,2903,0,23667,76,8,352248320,469762048,404536832,480247808,,,,,,,,,,
1791472076.9283986,601172,tracking_feedback_accumulate,2904,,23667,,,356326912,469762048,404536832,480247808,,,,,,,,3.145999973639846,,
1791472076.9323983,601172,frontend_frame,2904,0,23667,76,8,357919744,469762048,404536832,480247808,,,,,,,,,,
1791472077.322618,601172,tracking_feedback_accumulate,2905,,23667,,,361834496,469762048,404536832,480247808,,,,,,,,2.9248998034745455,,
1791472077.327618,601172,frontend_frame,2905,0,23667,76,8,363427328,469762048,404536832,480247808,,,,,,,,,,
1791472077.661706,601172,tracking_feedback_accumulate,2906,,23667,,,350822400,469762048,404536832,480247808,,,,,,,,3.4447000361979008,,
1791472077.666705,601172,frontend_frame,2906,0,23667,76,8,352415232,469762048,404536832,480247808,,,,,,,,,,
1791472078.0273697,601172,tracking_feedback_accumulate,2907,,23667,,,356248064,469762048,404536832,480247808,,,,,,,,3.0580000020563602,,
1791472078.0318775,601172,frontend_frame,2907,0,23667,76,8,357840896,469762048,404536832,480247808,,,,,,,,,,
1791472078.362437,601172,tracking_feedback_accumulate,2908,,23667,,,362001408,469762048,404536832,480247808,,,,,,,,2.810399979352951,,
1791472078.368437,601172,frontend_frame,2908,0,23667,76,8,352417280,469762048,404536832,480247808,,,,,,,,,,
1791472078.7510157,601172,tracking_feedback_accumulate,2909,,23667,,,356332032,469762048,404536832,480247808,,,,,,,,2.8971999417990446,,
1791472078.7560158,601172,frontend_frame,2909,0,23667,76,8,357924864,469762048,404536832,480247808,,,,,,,,,,
1791472079.1607254,601172,tracking_feedback_accumulate,2910,,23667,,,362003456,469762048,404536832,480247808,,,,,,,,2.9366000089794397,,
1791472079.165725,601172,frontend_frame,2910,0,23667,76,8,352419328,448790528,404536832,480247808,,,,,,,,,,
1791472079.4972603,601172,tracking_feedback_accumulate,2911,,23667,,,356252160,469762048,404536832,480247808,,,,,,,,2.9594998341053724,,
1791472079.50126,601172,frontend_frame,2911,0,23667,76,8,357844992,469762048,404536832,480247808,,,,,,,,,,
1791472079.9113972,601172,tracking_feedback_accumulate,2912,,23667,,,362005504,469762048,404536832,480247808,,,,,,,,2.915899967774749,,
1791472079.9153972,601172,frontend_frame,2912,0,23667,76,8,363598336,469762048,404536832,480247808,,,,,,,,,,
1791472080.295229,601172,tracking_feedback_accumulate,2913,,23667,,,339550720,469762048,404536832,480247808,,,,,,,,2.909099915996194,,
1791472080.3002286,601172,frontend_frame,2913,0,23667,76,8,341143552,469762048,404536832,480247808,,,,,,,,,,
1791472080.7329504,601172,tracking_feedback_accumulate,2914,,23667,,,345058304,469762048,404536832,480247808,,,,,,,,3.2210000790655613,,
1791472080.783953,601172,frontend_frame,2914,0,23667,77,8,350646784,469762048,404536832,480247808,,,,,,,,,,
1791472091.632273,601172,tracking_feedback_accumulate,2915,,23977,,,354830336,469762048,404536832,480247808,,,,,,,,2.8178999200463295,,
1791472091.6372728,601172,frontend_frame,2915,0,23977,77,8,345322496,469762048,404536832,480247808,,,,,,,,,,
1791472092.0204508,601172,tracking_feedback_accumulate,2916,,23977,,,349155328,469762048,404536832,480247808,,,,,,,,2.9271000530570745,,
1791472092.0264509,601172,frontend_frame,2916,0,23977,77,8,350822400,469762048,404536832,480247808,,,,,,,,,,
1791472092.366745,601172,tracking_feedback_accumulate,2917,,23977,,,354900992,469762048,404536832,480247808,,,,,,,,3.141700057312846,,
1791472092.3727465,601172,frontend_frame,2917,0,23977,77,8,345242624,469762048,404536832,480247808,,,,,,,,,,
1791472092.6503117,601172,tracking_feedback_accumulate,2918,,23977,,,349321216,490733568,404536832,490733568,,,,,,,,2.929900074377656,,
1791472092.6543117,601172,frontend_frame,2918,0,23977,77,8,350988288,490733568,404536832,490733568,,,,,,,,,,
1791472093.067686,601172,tracking_feedback_accumulate,2919,,23977,,,354821120,490733568,404536832,490733568,,,,,,,,3.2724998891353607,,
1791472093.071686,601172,frontend_frame,2919,0,23977,77,8,356488704,490733568,404536832,490733568,,,,,,,,,,
1791472093.4737227,601172,tracking_feedback_accumulate,2920,,23977,,,349241856,490733568,404536832,490733568,,,,,,,,2.910899929702282,,
1791472093.4787228,601172,frontend_frame,2920,0,23977,77,8,350908928,448790528,404536832,490733568,,,,,,,,,,
1791472093.8443108,601172,tracking_feedback_accumulate,2921,,23977,,,354823680,490733568,404536832,490733568,,,,,,,,2.816000021994114,,
1791472093.8483107,601172,frontend_frame,2921,0,23977,77,8,356490752,490733568,404536832,490733568,,,,,,,,,,
1791472094.2010908,601172,tracking_feedback_accumulate,2922,,23977,,,360651264,490733568,404536832,490733568,,,,,,,,2.981400117278099,,
1791472094.2055948,601172,frontend_frame,2922,0,23977,77,8,350992896,490733568,404536832,490733568,,,,,,,,,,
1791472094.602865,601172,tracking_feedback_accumulate,2923,,23977,,,354825728,490733568,404536832,490733568,,,,,,,,2.860100008547306,,
1791472094.6073692,601172,frontend_frame,2923,0,23977,77,8,356492800,490733568,404536832,490733568,,,,,,,,,,
1791472094.9018893,601172,tracking_feedback_accumulate,2924,,23977,,,360653312,490733568,404536832,490733568,,,,,,,,2.896500052884221,,
1791472094.9063945,601172,frontend_frame,2924,0,23977,77,8,362320384,490733568,404536832,490733568,,,,,,,,,,
1791472095.2045822,601172,tracking_feedback_accumulate,2925,,23977,,,349165056,490733568,404536832,490733568,,,,,,,,2.8833001852035522,,
1791472095.209585,601172,frontend_frame,2925,0,23977,77,8,350832128,490733568,404536832,490733568,,,,,,,,,,
1791472095.555499,601172,tracking_feedback_accumulate,2926,,23977,,,354992640,490733568,404536832,490733568,,,,,,,,2.8741999994963408,,
1791472095.5604987,601172,frontend_frame,2926,0,23977,77,8,356659712,490733568,404536832,490733568,,,,,,,,,,
1791472095.9710338,601172,tracking_feedback_accumulate,2927,,23977,,,360574464,490733568,404536832,490733568,,,,,,,,2.9152000788599253,,
1791472095.9775887,601172,frontend_frame,2927,0,23977,77,8,350916096,490733568,404536832,490733568,,,,,,,,,,
1791472096.38677,601172,tracking_feedback_accumulate,2928,,23977,,,354830848,490733568,404536832,490733568,,,,,,,,2.849599812179804,,
1791472096.3907716,601172,frontend_frame,2928,0,23977,77,8,356497920,490733568,404536832,490733568,,,,,,,,,,
1791472096.7145333,601172,tracking_feedback_accumulate,2929,,23977,,,360576512,490733568,404536832,490733568,,,,,,,,2.9017000924795866,,
1791472096.7195325,601172,frontend_frame,2929,0,23977,77,8,362243584,490733568,404536832,490733568,,,,,,,,,,
1791472097.0527844,601172,tracking_feedback_accumulate,2930,,23977,,,349170176,490733568,404536832,490733568,,,,,,,,2.836399944499135,,
1791472097.0577843,601172,frontend_frame,2930,0,23977,77,8,350837248,448790528,404536832,490733568,,,,,,,,,,
1791472097.453755,601172,tracking_feedback_accumulate,2931,,23977,,,354997760,469762048,404536832,490733568,,,,,,,,2.9583999421447515,,
1791472097.458752,601172,frontend_frame,2931,0,23977,77,8,356664832,469762048,404536832,490733568,,,,,,,,,,
1791472097.8238492,601172,tracking_feedback_accumulate,2932,,23977,,,360579584,469762048,404536832,490733568,,,,,,,,2.927500056102872,,
1791472097.8298492,601172,frontend_frame,2932,0,23977,77,8,350921216,469762048,404536832,490733568,,,,,,,,,,
1791472098.170534,601172,tracking_feedback_accumulate,2933,,23977,,,354835968,490733568,404536832,490733568,,,,,,,,2.849400043487549,,
1791472098.1755338,601172,frontend_frame,2933,0,23977,77,8,356503040,490733568,404536832,490733568,,,,,,,,,,
1791472098.5426092,601172,tracking_feedback_accumulate,2934,,23977,,,360663552,490733568,404536832,490733568,,,,,,,,2.9520001262426376,,
1791472098.5476093,601172,frontend_frame,2934,0,23977,77,8,351005184,490733568,404536832,490733568,,,,,,,,,,
1791472098.9386585,601172,tracking_feedback_accumulate,2935,,23977,,,354919936,490733568,404536832,490733568,,,,,,,,2.9036998748779297,,
1791472098.988222,601172,frontend_frame,2935,0,23977,78,8,360582656,490733568,404536832,490733568,,,,,,,,,,
1791472110.0160897,601172,tracking_feedback_accumulate,2936,,24346,,,364688896,490733568,407270912,490733568,,,,,,,,4.630000097677112,,
1791472110.0210893,601172,frontend_frame,2936,0,24346,78,8,366447104,490733568,407270912,490733568,,,,,,,,,,
1791472110.4140558,601172,tracking_feedback_accumulate,2937,,24346,,,358947840,490733568,407270912,490733568,,,,,,,,2.820800058543682,,
1791472110.4190562,601172,frontend_frame,2937,0,24346,78,8,360703488,490733568,407270912,490733568,,,,,,,,,,
1791472110.7626982,601172,tracking_feedback_accumulate,2938,,24346,,,364618240,490733568,407377920,490733568,,,,,,,,3.0718001071363688,,
1791472110.7676992,601172,frontend_frame,2938,0,24346,78,8,366373888,490733568,407377920,490733568,,,,,,,,,,
1791472110.9982617,601172,tracking_feedback_accumulate,2939,,24346,,,370452480,490733568,413123072,490733568,,,,,,,,2.8733001090586185,,
1791472111.0042617,601172,frontend_frame,2939,0,24346,78,8,360705536,490733568,413123072,490733568,,,,,,,,,,
1791472111.3279395,601172,tracking_feedback_accumulate,2940,,24346,,,364784128,490733568,413123072,490733568,,,,,,,,2.89939995855093,,
1791472111.3329396,601172,frontend_frame,2940,0,24346,78,8,366540288,448790528,413123072,490733568,,,,,,,,,,
1791472111.7375813,601172,tracking_feedback_accumulate,2941,,24346,,,370455040,490733568,413123072,490733568,,,,,,,,2.8913000132888556,,
1791472111.7445812,601172,frontend_frame,2941,0,24346,78,8,349382656,490733568,413123072,490733568,,,,,,,,,,
1791472112.15285,601172,tracking_feedback_accumulate,2942,,24346,,,353297408,490733568,413123072,490733568,,,,,,,,3.089499892666936,,
1791472112.1568484,601172,frontend_frame,2942,0,24346,78,8,355053056,490733568,413123072,490733568,,,,,,,,,,
1791472112.6119177,601172,tracking_feedback_accumulate,2943,,24346,,,359213568,490733568,413123072,490733568,,,,,,,,2.930199960246682,,
1791472112.6169205,601172,frontend_frame,2943,0,24346,78,8,360969216,490733568,413123072,490733568,,,,,,,,,,
1791472113.0012643,601172,tracking_feedback_accumulate,2944,,24346,,,353299456,490733568,413123072,490733568,,,,,,,,3.0194001737982035,,
1791472113.0062642,601172,frontend_frame,2944,0,24346,78,8,355055104,490733568,413123072,490733568,,,,,,,,,,
1791472113.4287066,601172,tracking_feedback_accumulate,2945,,24346,,,359215616,490733568,413123072,490733568,,,,,,,,2.8509001713246107,,
1791472113.4337065,601172,frontend_frame,2945,0,24346,78,8,360971264,490733568,413123072,490733568,,,,,,,,,,
1791472113.802764,601172,tracking_feedback_accumulate,2946,,24346,,,364886016,490733568,413123072,490733568,,,,,,,,2.878599800169468,,
1791472113.807764,601172,frontend_frame,2946,0,24346,78,8,355139072,490733568,413123072,490733568,,,,,,,,,,
1791472114.148421,601172,tracking_feedback_accumulate,2947,,24346,,,359217664,490733568,413123072,490733568,,,,,,,,3.143399953842163,,
1791472114.1544213,601172,frontend_frame,2947,0,24346,78,8,360973312,490733568,413123072,490733568,,,,,,,,,,
1791472114.4565544,601172,tracking_feedback_accumulate,2948,,24346,,,364806144,490733568,413123072,490733568,,,,,,,,2.8226999565958977,,
1791472114.4625566,601172,frontend_frame,2948,0,24346,78,8,366561792,490733568,413123072,490733568,,,,,,,,,,
1791472114.7966602,601172,tracking_feedback_accumulate,2949,,24346,,,353468416,490733568,413123072,490733568,,,,,,,,3.0170001555234194,,
1791472114.8016624,601172,frontend_frame,2949,0,24346,78,8,355224064,490733568,413123072,490733568,,,,,,,,,,
1791472115.1578236,601172,tracking_feedback_accumulate,2950,,24346,,,359056896,490733568,413123072,490733568,,,,,,,,3.0094000976532698,,
1791472115.1628237,601172,frontend_frame,2950,0,24346,78,8,360812544,448790528,413123072,490733568,,,,,,,,,,
1791472115.567749,601172,tracking_feedback_accumulate,2951,,24346,,,364891136,490733568,413123072,490733568,,,,,,,,3.0279001221060753,,
1791472115.5752544,601172,frontend_frame,2951,0,24346,78,8,355144192,490733568,413123072,490733568,,,,,,,,,,
1791472116.021204,601172,tracking_feedback_accumulate,2952,,24346,,,359058944,490733568,413123072,490733568,,,,,,,,2.933700103312731,,
1791472116.0262039,601172,frontend_frame,2952,0,24346,78,8,360814592,490733568,413123072,490733568,,,,,,,,,,
1791472116.416417,601172,tracking_feedback_accumulate,2953,,24346,,,364975104,490733568,413123072,490733568,,,,,,,,2.9328998643904924,,
1791472116.4204168,601172,frontend_frame,2953,0,24346,78,8,366730752,490733568,413123072,490733568,,,,,,,,,,
1791472116.8111105,601172,tracking_feedback_accumulate,2954,,24346,,,353391616,490733568,413123072,490733568,,,,,,,,2.9198999982327223,,
1791472116.8166149,601172,frontend_frame,2954,0,24346,78,8,355147264,490733568,413123072,490733568,,,,,,,,,,
1791472117.0488114,601172,tracking_feedback_accumulate,2955,,24346,,,359225856,490733568,413123072,490733568,,,,,,,,2.9462999664247036,,
1791472117.0538118,601172,frontend_frame,2955,0,24346,78,8,360981504,490733568,413123072,490733568,,,,,,,,,,
1791472117.4579122,601172,tracking_feedback_accumulate,2956,,24346,,,364814336,490733568,413123072,490733568,,,,,,,,2.913899952545762,,
1791472117.4629123,601172,frontend_frame,2956,0,24346,78,8,355067392,490733568,413123072,490733568,,,,,,,,,,
1791472117.813996,601172,tracking_feedback_accumulate,2957,,24346,,,359145984,490733568,413123072,490733568,,,,,,,,2.902599982917309,,
1791472117.8189988,601172,frontend_frame,2957,0,24346,78,8,360901632,490733568,413123072,490733568,,,,,,,,,,
1791472118.1456716,601172,tracking_feedback_accumulate,2958,,24346,,,364980224,490733568,413123072,490733568,,,,,,,,3.0414999928325415,,
1791472118.1506724,601172,frontend_frame,2958,0,24346,78,8,355233280,490733568,413123072,490733568,,,,,,,,,,
1791472118.5488555,601172,tracking_feedback_accumulate,2959,,24346,,,359066112,490733568,413123072,490733568,,,,,,,,2.8423001058399677,,
1791472118.5528555,601172,frontend_frame,2959,0,24346,78,8,360821760,490733568,413123072,490733568,,,,,,,,,,
1791472118.9700818,601172,tracking_feedback_accumulate,2960,,24346,,,364982272,490733568,413123072,490733568,,,,,,,,2.9831998981535435,,
1791472119.019155,601172,frontend_frame,2960,0,24346,79,8,370733568,490733568,413123072,490733568,,,,,,,,,,
1791472130.0371332,601172,tracking_feedback_accumulate,2961,,24786,,,363175424,490733568,413123072,490733568,,,,,,,,2.864600159227848,,
1791472130.0421336,601172,frontend_frame,2961,0,24786,79,8,365035008,490733568,413123072,490733568,,,,,,,,,,
1791472130.3682396,601172,tracking_feedback_accumulate,2962,,24786,,,369113600,490733568,413123072,490733568,,,,,,,,2.9855999164283276,,
1791472130.3732405,601172,frontend_frame,2962,0,24786,79,8,370970112,490733568,413123072,490733568,,,,,,,,,,
1791472130.7325964,601172,tracking_feedback_accumulate,2963,,24786,,,374802944,490733568,417494528,490733568,,,,,,,,3.154299920424819,,
1791472130.7395983,601172,frontend_frame,2963,0,24786,79,8,364955136,490733568,417494528,490733568,,,,,,,,,,
1791472131.1397626,601172,tracking_feedback_accumulate,2964,,24786,,,369033728,490733568,417494528,490733568,,,,,,,,3.002400044351816,,
1791472131.1447625,601172,frontend_frame,2964,0,24786,79,8,370890240,490733568,417494528,490733568,,,,,,,,,,
1791472131.4883657,601172,tracking_feedback_accumulate,2965,,24786,,,374804992,490733568,417885184,490733568,,,,,,,,2.8487001545727253,,
1791472131.4933655,601172,frontend_frame,2965,0,24786,79,8,376662016,490733568,417885184,490733568,,,,,,,,,,
1791472131.859036,601172,tracking_feedback_accumulate,2966,,24786,,,363184128,490733568,417885184,490733568,,,,,,,,3.255499992519617,,
1791472131.8640358,601172,frontend_frame,2966,0,24786,79,8,365040640,490733568,417885184,490733568,,,,,,,,,,
1791472132.2551699,601172,tracking_feedback_accumulate,2967,,24786,,,369119232,490733568,417885184,490733568,,,,,,,,2.9091001488268375,,
1791472132.2601697,601172,frontend_frame,2967,0,24786,79,8,370975744,490733568,417885184,490733568,,,,,,,,,,
1791472132.6799233,601172,tracking_feedback_accumulate,2968,,24786,,,363104256,490733568,417885184,490733568,,,,,,,,2.9392000287771225,,
1791472132.6849234,601172,frontend_frame,2968,0,24786,79,8,364960768,490733568,417885184,490733568,,,,,,,,,,
1791472133.0004876,601172,tracking_feedback_accumulate,2969,,24786,,,369121280,490733568,417885184,490733568,,,,,,,,2.90939980186522,,
1791472133.0044878,601172,frontend_frame,2969,0,24786,79,8,370977792,490733568,417885184,490733568,,,,,,,,,,
1791472133.4343328,601172,tracking_feedback_accumulate,2970,,24786,,,374810624,490733568,417885184,490733568,,,,,,,,2.740599913522601,,
1791472133.440332,601172,frontend_frame,2970,0,24786,79,8,359211520,448790528,417885184,490733568,,,,,,,,,,
1791472133.8314695,601172,tracking_feedback_accumulate,2971,,24786,,,363372032,490733568,417885184,490733568,,,,,,,,2.873099874705076,,
1791472133.8354697,601172,frontend_frame,2971,0,24786,79,8,365228544,490733568,417885184,490733568,,,,,,,,,,
1791472134.1406589,601172,tracking_feedback_accumulate,2972,,24786,,,369061376,490733568,417885184,490733568,,,,,,,,3.034799825400114,,
1791472134.145659,601172,frontend_frame,2972,0,24786,79,8,370917888,490733568,417885184,490733568,,,,,,,,,,
1791472134.5778441,601172,tracking_feedback_accumulate,2973,,24786,,,357521920,490733568,417885184,490733568,,,,,,,,2.7958001010119915,,
1791472134.5818439,601172,frontend_frame,2973,0,24786,79,8,359378432,490733568,417885184,490733568,,,,,,,,,,
1791472134.9849052,601172,tracking_feedback_accumulate,2974,,24786,,,363211264,490733568,417885184,490733568,,,,,,,,2.7487999759614468,,
1791472134.9899049,601172,frontend_frame,2974,0,24786,79,8,365067776,490733568,417885184,490733568,,,,,,,,,,
1791472135.367046,601172,tracking_feedback_accumulate,2975,,24786,,,369146368,490733568,417885184,490733568,,,,,,,,2.909800037741661,,
1791472135.372046,601172,frontend_frame,2975,0,24786,79,8,359298560,490733568,417885184,490733568,,,,,,,,,,
1791472135.8239493,601172,tracking_feedback_accumulate,2976,,24786,,,363213312,490733568,417885184,490733568,,,,,,,,2.9597000684589148,,
1791472135.8284533,601172,frontend_frame,2976,0,24786,79,8,365069824,490733568,417885184,490733568,,,,,,,,,,
1791472136.2221086,601172,tracking_feedback_accumulate,2977,,24786,,,369148416,490733568,417885184,490733568,,,,,,,,2.8268001042306423,,
1791472136.226109,601172,frontend_frame,2977,0,24786,79,8,371004928,490733568,417885184,490733568,,,,,,,,,,
1791472136.6603649,601172,tracking_feedback_accumulate,2978,,24786,,,357363200,490733568,417885184,490733568,,,,,,,,2.785000018775463,,
1791472136.665365,601172,frontend_frame,2978,0,24786,79,8,359219712,490733568,417885184,490733568,,,,,,,,,,
1791472137.0590882,601172,tracking_feedback_accumulate,2979,,24786,,,363298304,490733568,417885184,490733568,,,,,,,,2.8210999444127083,,
1791472137.0630884,601172,frontend_frame,2979,0,24786,79,8,365154816,490733568,417885184,490733568,,,,,,,,,,
1791472137.4142094,601172,tracking_feedback_accumulate,2980,,24786,,,369069568,490733568,417885184,490733568,,,,,,,,2.9506999999284744,,
1791472137.4202108,601172,frontend_frame,2980,0,24786,79,8,359221760,448790528,417885184,490733568,,,,,,,,,,
1791472137.7653012,601172,tracking_feedback_accumulate,2981,,24786,,,363300352,490733568,417885184,490733568,,,,,,,,2.8741999994963408,,
1791472137.7703009,601172,frontend_frame,2981,0,24786,79,8,365156864,490733568,417885184,490733568,,,,,,,,,,
1791472138.0250027,601172,tracking_feedback_accumulate,2982,,24786,,,369071616,490733568,417885184,490733568,,,,,,,,2.8777001425623894,,
1791472138.030507,601172,frontend_frame,2982,0,24786,79,8,359223808,490733568,417885184,490733568,,,,,,,,,,
1791472138.414633,601172,tracking_feedback_accumulate,2983,,24786,,,363302400,490733568,417885184,490733568,,,,,,,,2.985399914905429,,
1791472138.418633,601172,frontend_frame,2983,0,24786,79,8,365158912,490733568,417885184,490733568,,,,,,,,,,
1791472138.718245,601172,tracking_feedback_accumulate,2984,,24786,,,369073664,490733568,417885184,490733568,,,,,,,,2.8238999657332897,,
1791472138.7222452,601172,frontend_frame,2984,0,24786,79,8,370930176,490733568,417885184,490733568,,,,,,,,,,
1791472139.1229045,601172,tracking_feedback_accumulate,2985,,24786,,,363386368,490733568,417885184,490733568,,,,,,,,2.873299876227975,,
1791472139.1724086,601172,frontend_frame,2985,0,24786,80,8,369238528,490733568,417885184,490733568,,,,,,,,,,
1791472150.1774669,601172,tracking_feedback_accumulate,2986,,25525,,,367271424,490733568,417885184,490733568,,,,,,,,3.1040001194924116,,
1791472150.183467,601172,frontend_frame,2986,0,25525,80,8,369312256,490733568,417885184,490733568,,,,,,,,,,
1791472150.5641904,601172,tracking_feedback_accumulate,2987,,25525,,,373390848,490733568,417885184,490733568,,,,,,,,2.992300083860755,,
1791472150.5691893,601172,frontend_frame,2987,0,25525,80,8,375426560,490733568,417885184,490733568,,,,,,,,,,
1791472150.936797,601172,tracking_feedback_accumulate,2988,,25525,,,379341312,492830720,422476800,492830720,,,,,,,,3.086599987000227,,
1791472150.9427977,601172,frontend_frame,2988,0,25525,80,8,369314304,492830720,422476800,492830720,,,,,,,,,,
1791472151.2875235,601172,tracking_feedback_accumulate,2989,,25525,,,373392896,492830720,422476800,492830720,,,,,,,,3.017999930307269,,
1791472151.2915237,601172,frontend_frame,2989,0,25525,80,8,375428608,492830720,422476800,492830720,,,,,,,,,,
1791472151.733798,601172,tracking_feedback_accumulate,2990,,25525,,,379507200,494927872,422478848,494927872,,,,,,,,2.9551999177783728,,
1791472151.7393029,601172,frontend_frame,2990,0,25525,80,8,381543424,452984832,422478848,497025024,,,,,,,,,,
1791472152.1010466,601172,tracking_feedback_accumulate,2991,,25525,,,367364096,494927872,422478848,497025024,,,,,,,,2.9807998798787594,,
1791472152.1060467,601172,frontend_frame,2991,0,25525,80,8,369399808,494927872,422478848,497025024,,,,,,,,,,
1791472152.3902693,601172,tracking_feedback_accumulate,2992,,25525,,,373478400,494927872,422478848,497025024,,,,,,,,3.1057000160217285,,
1791472152.395269,601172,frontend_frame,2992,0,25525,80,8,375514112,494927872,422478848,497025024,,,,,,,,,,
1791472152.7394207,601172,tracking_feedback_accumulate,2993,,25525,,,379346944,494927872,422478848,497025024,,,,,,,,2.8287998866289854,,
1791472152.7444208,601172,frontend_frame,2993,0,25525,80,8,369319936,494927872,422478848,497025024,,,,,,,,,,
1791472153.1246605,601172,tracking_feedback_accumulate,2994,,25525,,,373398528,494927872,422478848,497025024,,,,,,,,2.8115001041442156,,
1791472153.1296604,601172,frontend_frame,2994,0,25525,80,8,375434240,494927872,422478848,497025024,,,,,,,,,,
1791472153.476789,601172,tracking_feedback_accumulate,2995,,25525,,,379512832,494927872,422484480,497025024,,,,,,,,3.0706000979989767,,
1791472153.4817922,601172,frontend_frame,2995,0,25525,80,8,381548544,497025024,422484480,497025024,,,,,,,,,,
1791472153.8659244,601172,tracking_feedback_accumulate,2996,,25525,,,361435136,497025024,422484480,497025024,,,,,,,,2.8820999432355165,,
1791472153.8709247,601172,frontend_frame,2996,0,25525,80,8,363470848,497025024,422484480,497025024,,,,,,,,,,
1791472154.300086,601172,tracking_feedback_accumulate,2997,,25525,,,367631360,497025024,422484480,497025024,,,,,,,,3.080999944359064,,
1791472154.3050864,601172,frontend_frame,2997,0,25525,80,8,369667072,497025024,422484480,497025024,,,,,,,,,,
1791472154.5937328,601172,tracking_feedback_accumulate,2998,,25525,,,361519104,497025024,422484480,497025024,,,,,,,,2.9811998829245567,,
1791472154.5987318,601172,frontend_frame,2998,0,25525,80,8,363554816,497025024,422484480,497025024,,,,,,,,,,
1791472154.9993162,601172,tracking_feedback_accumulate,2999,,25525,,,367633408,497025024,422484480,497025024,,,,,,,,3.056699875742197,,
1791472155.0043182,601172,frontend_frame,2999,0,25525,80,8,369669120,497025024,422484480,497025024,,,,,,,,,,
1791472155.3944085,601172,tracking_feedback_accumulate,3000,,25525,,,373501952,497025024,422484480,497025024,,,,,,,,2.8965999372303486,,
1791472155.4004083,601172,frontend_frame,3000,0,25525,80,8,363474944,469762048,422484480,497025024,,,,,,,,,,
1791472155.7642336,601172,tracking_feedback_accumulate,3001,,25525,,,367635456,490733568,422484480,497025024,,,,,,,,2.9217000119388103,,
1791472155.7692337,601172,frontend_frame,3001,0,25525,80,8,369671168,490733568,422484480,497025024,,,,,,,,,,
1791472156.1023812,601172,tracking_feedback_accumulate,3002,,25525,,,373504000,490733568,422484480,497025024,,,,,,,,2.9510001186281443,,
1791472156.1063826,601172,frontend_frame,3002,0,25525,80,8,375539712,490733568,422484480,497025024,,,,,,,,,,
1791472156.4359207,601172,tracking_feedback_accumulate,3003,,25525,,,361524224,490733568,422484480,497025024,,,,,,,,3.056699875742197,,
1791472156.4404254,601172,frontend_frame,3003,0,25525,80,8,363559936,490733568,422484480,497025024,,,,,,,,,,
1791472156.7872436,601172,tracking_feedback_accumulate,3004,,25525,,,367474688,490733568,422484480,497025024,,,,,,,,2.9792001005262136,,
1791472156.792245,601172,frontend_frame,3004,0,25525,80,8,369510400,490733568,422484480,497025024,,,,,,,,,,
1791472157.2254536,601172,tracking_feedback_accumulate,3005,,25525,,,373588992,490733568,422484480,497025024,,,,,,,,2.92630004696548,,
1791472157.2304535,601172,frontend_frame,3005,0,25525,80,8,363561984,490733568,422484480,497025024,,,,,,,,,,
1791472157.4597313,601172,tracking_feedback_accumulate,3006,,25525,,,367476736,490733568,422484480,497025024,,,,,,,,2.844400005415082,,
1791472157.4647315,601172,frontend_frame,3006,0,25525,80,8,369512448,490733568,422484480,497025024,,,,,,,,,,
1791472157.849821,601172,tracking_feedback_accumulate,3007,,25525,,,373672960,490733568,422484480,497025024,,,,,,,,3.0471000354737043,,
1791472157.8998213,601172,frontend_frame,3007,0,25525,81,8,379704320,490733568,422484480,497025024,,,,,,,,,,
1791472168.9859402,601172,tracking_feedback_accumulate,3008,,26385,,,365583872,490733568,422484480,497025024,,,,,,,,2.9358998872339725,,
1791472168.9899404,601172,frontend_frame,3008,0,26385,81,8,367829504,490733568,422484480,497025024,,,,,,,,,,
1791472169.3470192,601172,tracking_feedback_accumulate,3009,,26385,,,371908096,490733568,422484480,497025024,,,,,,,,2.8665000572800636,,
1791472169.3530195,601172,frontend_frame,3009,0,26385,81,8,374147072,490733568,422484480,497025024,,,,,,,,,,
1791472169.7137356,601172,tracking_feedback_accumulate,3010,,26385,,,365592576,490733568,422484480,497025024,,,,,,,,2.8882999904453754,,
1791472169.7187343,601172,frontend_frame,3010,0,26385,81,8,367831552,469762048,422484480,497025024,,,,,,,,,,
1791472170.1088662,601172,tracking_feedback_accumulate,3011,,26385,,,371910144,490733568,422484480,497025024,,,,,,,,3.059100126847625,,
1791472170.1138663,601172,frontend_frame,3011,0,26385,81,8,374149120,490733568,422484480,497025024,,,,,,,,,,
1791472170.4928982,601172,tracking_feedback_accumulate,3012,,26385,,,378063872,492830720,422484480,497025024,,,,,,,,2.986299805343151,,
1791472170.498403,601172,frontend_frame,3012,0,26385,81,8,367834112,492830720,422484480,497025024,,,,,,,,,,
1791472170.8906858,601172,tracking_feedback_accumulate,3013,,26385,,,371912704,492830720,422484480,497025024,,,,,,,,2.982799895107746,,
1791472170.894686,601172,frontend_frame,3013,0,26385,81,8,374151680,492830720,422484480,497025024,,,,,,,,,,
1791472171.2358165,601172,tracking_feedback_accumulate,3014,,26385,,,377984512,492830720,422484480,497025024,,,,,,,,2.9038998764008284,,
1791472171.2408166,601172,frontend_frame,3014,0,26385,81,8,380223488,494927872,422484480,497025024,,,,,,,,,,
1791472171.627506,601172,tracking_feedback_accumulate,3015,,26385,,,365680128,494927872,422484480,497025024,,,,,,,,2.881699940189719,,
1791472171.6325085,601172,frontend_frame,3015,0,26385,81,8,367919104,494927872,422484480,497025024,,,,,,,,,,
1791472172.1102557,601172,tracking_feedback_accumulate,3016,,26385,,,371833856,494927872,422484480,497025024,,,,,,,,2.831100020557642,,
1791472172.1142557,601172,frontend_frame,3016,0,26385,81,8,374072832,494927872,422484480,497025024,,,,,,,,,,
1791472172.4947946,601172,tracking_feedback_accumulate,3017,,26385,,,378151424,494927872,422484480,497025024,,,,,,,,2.904199995100498,,
1791472172.4998462,601172,frontend_frame,3017,0,26385,81,8,367921152,494927872,422484480,497025024,,,,,,,,,,
1791472172.815947,601172,tracking_feedback_accumulate,3018,,26385,,,371835904,494927872,422484480,497025024,,,,,,,,2.8935999143868685,,
1791472172.820947,601172,frontend_frame,3018,0,26385,81,8,374074880,494927872,422484480,497025024,,,,,,,,,,
1791472173.2401931,601172,tracking_feedback_accumulate,3019,,26385,,,378153472,494927872,422484480,497025024,,,,,,,,2.839999971911311,,
1791472173.2441933,601172,frontend_frame,3019,0,26385,81,8,380392448,494927872,422484480,497025024,,,,,,,,,,
1791472173.5898852,601172,tracking_feedback_accumulate,3020,,26385,,,365603328,494927872,422484480,497025024,,,,,,,,2.854099962860346,,
1791472173.5948846,601172,frontend_frame,3020,0,26385,81,8,367842304,469762048,422484480,497025024,,,,,,,,,,
1791472173.9776783,601172,tracking_feedback_accumulate,3021,,26385,,,371757056,490733568,422484480,497025024,,,,,,,,2.9234997928142548,,
1791472173.9826784,601172,frontend_frame,3021,0,26385,81,8,373996032,490733568,422484480,497025024,,,,,,,,,,
1791472174.3657675,601172,tracking_feedback_accumulate,3022,,26385,,,378156544,490733568,422484480,497025024,,,,,,,,3.2462000381201506,,
1791472174.3702774,601172,frontend_frame,3022,0,26385,81,8,367926272,490733568,422484480,497025024,,,,,,,,,,
1791472174.7634695,601172,tracking_feedback_accumulate,3023,,26385,,,371759104,490733568,422484480,497025024,,,,,,,,3.113500075414777,,
1791472174.7684696,601172,frontend_frame,3023,0,26385,81,8,373998080,490733568,422484480,497025024,,,,,,,,,,
1791472175.2131164,601172,tracking_feedback_accumulate,3024,,26385,,,378158592,490733568,422484480,497025024,,,,,,,,2.8886001091450453,,
1791472175.2181163,601172,frontend_frame,3024,0,26385,81,8,367928320,490733568,422484480,497025024,,,,,,,,,,
1791472175.593121,601172,tracking_feedback_accumulate,3025,,26385,,,371843072,490733568,422484480,497025024,,,,,,,,3.150099888443947,,
1791472175.5971208,601172,frontend_frame,3025,0,26385,81,8,374082048,490733568,422484480,497025024,,,,,,,,,,
1791472176.0133343,601172,tracking_feedback_accumulate,3026,,26385,,,377996800,490733568,422484480,497025024,,,,,,,,2.933999989181757,,
1791472176.018336,601172,frontend_frame,3026,0,26385,81,8,380235776,494927872,422484480,497025024,,,,,,,,,,
1791472176.4085193,601172,tracking_feedback_accumulate,3027,,26385,,,371845120,494927872,422484480,497025024,,,,,,,,3.062899922952056,,
1791472176.4135191,601172,frontend_frame,3027,0,26385,81,8,374084096,494927872,422484480,497025024,,,,,,,,,,
1791472176.8331664,601172,tracking_feedback_accumulate,3028,,26385,,,378162688,494927872,422484480,497025024,,,,,,,,2.9704999178647995,,
1791472176.838166,601172,frontend_frame,3028,0,26385,81,8,380401664,494927872,422484480,497025024,,,,,,,,,,
1791472177.2999015,601172,tracking_feedback_accumulate,3029,,26385,,,384234496,497025024,427465216,497025024,,,,,,,,2.9953999910503626,,
1791472177.3504095,601172,frontend_frame,3029,0,26385,82,8,377999872,497025024,427465216,497025024,,,,,,,,,,
1791472188.4718153,601172,tracking_feedback_accumulate,3030,,26997,,,382200320,497025024,427465216,497025024,,,,,,,,3.485799999907613,,
1791472188.476815,601172,frontend_frame,3030,0,26997,82,8,384582656,471859200,427465216,497025024,,,,,,,,,,
1791472188.8504682,601172,tracking_feedback_accumulate,3031,,26997,,,388497408,497025024,431761920,497025024,,,,,,,,2.821899950504303,,
1791472188.8559718,601172,frontend_frame,3031,0,26997,82,8,378267136,497025024,431761920,497025024,,,,,,,,,,
1791472189.1931303,601172,tracking_feedback_accumulate,3032,,26997,,,382181888,517996544,431761920,517996544,,,,,,,,3.080700058490038,,
1791472189.198129,601172,frontend_frame,3032,0,26997,82,8,384560128,517996544,431761920,517996544,,,,,,,,,,
1791472189.4791555,601172,tracking_feedback_accumulate,3033,,26997,,,388720640,517996544,431922688,517996544,,,,,,,,2.8832999523729086,,
1791472189.4841578,601172,frontend_frame,3033,0,26997,82,8,391098880,520093696,431922688,520093696,,,,,,,,,,
1791472189.8641837,601172,tracking_feedback_accumulate,3034,,26997,,,382183936,520093696,431922688,520093696,,,,,,,,2.9764999635517597,,
1791472189.8681848,601172,frontend_frame,3034,0,26997,82,8,384562688,520093696,431922688,520093696,,,,,,,,,,
1791472190.274336,601172,tracking_feedback_accumulate,3035,,26997,,,388723200,520093696,431922688,520093696,,,,,,,,2.9811998829245567,,
1791472190.2793362,601172,frontend_frame,3035,0,26997,82,8,391101440,522190848,431922688,522190848,,,,,,,,,,
1791472190.6636539,601172,tracking_feedback_accumulate,3036,,26997,,,395016192,524288000,438297088,524288000,,,,,,,,2.9356000013649464,,
1791472190.6697161,601172,frontend_frame,3036,0,26997,82,8,384646656,524288000,438297088,524288000,,,,,,,,,,
1791472191.0378428,601172,tracking_feedback_accumulate,3037,,26997,,,388725248,524288000,438297088,524288000,,,,,,,,2.8315000236034393,,
1791472191.0418427,601172,frontend_frame,3037,0,26997,82,8,391103488,524288000,438297088,524288000,,,,,,,,,,
1791472191.3033628,601172,tracking_feedback_accumulate,3038,,26997,,,395018240,524288000,438297088,524288000,,,,,,,,2.9320998582988977,,
1791472191.3083632,601172,frontend_frame,3038,0,26997,82,8,397396480,526385152,438297088,526385152,,,,,,,,,,
1791472191.65957,601172,tracking_feedback_accumulate,3039,,26997,,,382189568,526385152,438297088,526385152,,,,,,,,2.9966000001877546,,
1791472191.6645699,601172,frontend_frame,3039,0,26997,82,8,384567808,526385152,438297088,526385152,,,,,,,,,,
1791472192.0624256,601172,tracking_feedback_accumulate,3040,,26997,,,388646400,526385152,438297088,526385152,,,,,,,,2.958799945190549,,
1791472192.0674257,601172,frontend_frame,3040,0,26997,82,8,391024640,478150656,438297088,526385152,,,,,,,,,,
1791472192.419946,601172,tracking_feedback_accumulate,3041,,26997,,,395103232,524288000,438297088,526385152,,,,,,,,3.05530009791255,,
1791472192.4249458,601172,frontend_frame,3041,0,26997,82,8,384733696,524288000,438297088,526385152,,,,,,,,,,
1791472192.7773626,601172,tracking_feedback_accumulate,3042,,26997,,,388566528,524288000,438297088,526385152,,,,,,,,2.87910015322268,,
1791472192.7813628,601172,frontend_frame,3042,0,26997,82,8,390944768,524288000,438297088,526385152,,,,,,,,,,
1791472193.2300181,601172,tracking_feedback_accumulate,3043,,26997,,,395105280,526385152,438297088,526385152,,,,,,,,3.2829998526722193,,
1791472193.2350175,601172,frontend_frame,3043,0,26997,82,8,397483520,528482304,438297088,528482304,,,,,,,,,,
1791472193.615096,601172,tracking_feedback_accumulate,3044,,26997,,,382276608,528482304,438297088,528482304,,,,,,,,3.015300026163459,,
1791472193.6190963,601172,frontend_frame,3044,0,26997,82,8,384654848,528482304,438297088,528482304,,,,,,,,,,
1791472194.0613165,601172,tracking_feedback_accumulate,3045,,26997,,,388569600,528482304,438297088,528482304,,,,,,,,3.0144001357257366,,
1791472194.0653167,601172,frontend_frame,3045,0,26997,82,8,390947840,528482304,438297088,528482304,,,,,,,,,,
1791472194.4748554,601172,tracking_feedback_accumulate,3046,,26997,,,382360576,528482304,438297088,528482304,,,,,,,,2.9488999862223864,,
1791472194.4798572,601172,frontend_frame,3046,0,26997,82,8,384738816,528482304,438297088,528482304,,,,,,,,,,
1791472194.8620641,601172,tracking_feedback_accumulate,3047,,26997,,,388653568,528482304,438297088,528482304,,,,,,,,2.9211000073701143,,
1791472194.8660638,601172,frontend_frame,3047,0,26997,82,8,391031808,528482304,438297088,528482304,,,,,,,,,,
1791472195.09175,601172,tracking_feedback_accumulate,3048,,26997,,,394946560,528482304,438297088,528482304,,,,,,,,2.918099984526634,,
1791472195.0967498,601172,frontend_frame,3048,0,26997,82,8,384577024,528482304,438297088,528482304,,,,,,,,,,
1791472195.4857779,601172,tracking_feedback_accumulate,3049,,26997,,,388737536,528482304,438297088,528482304,,,,,,,,3.0012999195605516,,
1791472195.4907782,601172,frontend_frame,3049,0,26997,82,8,391115776,528482304,438297088,528482304,,,,,,,,,,
1791472195.8566346,601172,tracking_feedback_accumulate,3050,,26997,,,394948608,528482304,438297088,528482304,,,,,,,,2.871700096875429,,
1791472195.906139,601172,frontend_frame,3050,0,26997,83,8,401322496,528482304,438297088,528482304,,,,,,,,,,
1791472207.1569302,601172,tracking_feedback_accumulate,3051,,27860,,,386338304,528482304,438297088,528482304,,,,,,,,2.9435998294502497,,
1791472207.1609323,601172,frontend_frame,3051,0,27860,83,8,388926464,528482304,438297088,528482304,,,,,,,,,,
1791472207.575507,601172,tracking_feedback_accumulate,3052,,27860,,,393005056,528482304,438297088,528482304,,,,,,,,2.9498999938368797,,
1791472207.5805068,601172,frontend_frame,3052,0,27860,83,8,395586560,528482304,438297088,528482304,,,,,,,,,,
1791472207.9591286,601172,tracking_feedback_accumulate,3053,,27860,,,379891200,528482304,442723840,528482304,,,,,,,,3.093200037255883,,
1791472207.9641304,601172,frontend_frame,3053,0,27860,83,8,382472704,528482304,442723840,528482304,,,,,,,,,,
1791472208.3693347,601172,tracking_feedback_accumulate,3054,,27860,,,386551296,528482304,442723840,528482304,,,,,,,,3.235999960452318,,
1791472208.373335,601172,frontend_frame,3054,0,27860,83,8,389132800,528482304,442723840,528482304,,,,,,,,,,
1791472208.7569447,601172,tracking_feedback_accumulate,3055,,27860,,,393211392,528482304,442723840,528482304,,,,,,,,3.0023998115211725,,
1791472208.7619445,601172,frontend_frame,3055,0,27860,83,8,382639104,528482304,442723840,528482304,,,,,,,,,,
1791472209.0746524,601172,tracking_feedback_accumulate,3056,,27860,,,386553856,528482304,442723840,528482304,,,,,,,,2.9978000093251467,,
1791472209.0786524,601172,frontend_frame,3056,0,27860,83,8,389135360,528482304,442723840,528482304,,,,,,,,,,
1791472209.5089183,601172,tracking_feedback_accumulate,3057,,27860,,,393050112,528482304,442723840,528482304,,,,,,,,2.9939000960439444,,
1791472209.5139182,601172,frontend_frame,3057,0,27860,83,8,395631616,528482304,442723840,528482304,,,,,,,,,,
1791472209.8005068,601172,tracking_feedback_accumulate,3058,,27860,,,380060672,528482304,442723840,528482304,,,,,,,,2.9146000742912292,,
1791472209.8055081,601172,frontend_frame,3058,0,27860,83,8,382642176,528482304,442723840,528482304,,,,,,,,,,
1791472210.1746294,601172,tracking_feedback_accumulate,3059,,27860,,,386556928,528482304,442723840,528482304,,,,,,,,2.911499934270978,,
1791472210.1796296,601172,frontend_frame,3059,0,27860,83,8,389138432,528482304,442723840,528482304,,,,,,,,,,
1791472210.6037016,601172,tracking_feedback_accumulate,3060,,27860,,,393217024,528482304,442723840,528482304,,,,,,,,2.9531000182032585,,
1791472210.6097019,601172,frontend_frame,3060,0,27860,83,8,382644224,473956352,442723840,528482304,,,,,,,,,,
1791472210.957489,601172,tracking_feedback_accumulate,3061,,27860,,,386558976,515899392,442723840,528482304,,,,,,,,2.9435998294502497,,
1791472210.962489,601172,frontend_frame,3061,0,27860,83,8,389140480,515899392,442723840,528482304,,,,,,,,,,
1791472211.386627,601172,tracking_feedback_accumulate,3062,,27860,,,393055232,520093696,442723840,528482304,,,,,,,,2.900499850511551,,
1791472211.391627,601172,frontend_frame,3062,0,27860,83,8,395636736,522190848,442723840,528482304,,,,,,,,,,
1791472211.8003252,601172,tracking_feedback_accumulate,3063,,27860,,,380065792,522190848,442723840,528482304,,,,,,,,3.056999994441867,,
1791472211.8053243,601172,frontend_frame,3063,0,27860,83,8,382647296,522190848,442723840,528482304,,,,,,,,,,
1791472212.069031,601172,tracking_feedback_accumulate,3064,,27860,,,386562048,522190848,442723840,528482304,,,,,,,,3.0310999136418104,,
1791472212.073031,601172,frontend_frame,3064,0,27860,83,8,389143552,522190848,442723840,528482304,,,,,,,,,,
1791472212.5297227,601172,tracking_feedback_accumulate,3065,,27860,,,393058304,522190848,442723840,528482304,,,,,,,,2.843900118023157,,
1791472212.5347228,601172,frontend_frame,3065,0,27860,83,8,382485504,522190848,442723840,528482304,,,,,,,,,,
1791472212.906955,601172,tracking_feedback_accumulate,3066,,27860,,,386564096,522190848,442723840,528482304,,,,,,,,2.879600040614605,,
1791472212.911955,601172,frontend_frame,3066,0,27860,83,8,389145600,522190848,442723840,528482304,,,,,,,,,,
1791472213.320623,601172,tracking_feedback_accumulate,3067,,27860,,,393224192,522190848,442723840,528482304,,,,,,,,5.591599969193339,,
1791472213.3246224,601172,frontend_frame,3067,0,27860,83,8,395805696,522190848,442723840,528482304,,,,,,,,,,
1791472213.6842055,601172,tracking_feedback_accumulate,3068,,27860,,,379907072,522190848,442723840,528482304,,,,,,,,2.987199928611517,,
1791472213.7342055,601172,frontend_frame,3068,0,27860,84,8,386484224,522190848,442723840,528482304,,,,,,,,,,
1791472224.9780812,601172,tracking_feedback_accumulate,3069,,28666,,,390617088,522190848,442723840,528482304,,,,,,,,3.0100999865680933,,
1791472224.982638,601172,frontend_frame,3069,0,28666,84,8,393393664,522190848,442723840,528482304,,,,,,,,,,
1791472225.4072757,601172,tracking_feedback_accumulate,3070,,28666,,,384128512,522190848,442723840,528482304,,,,,,,,3.4363002050668,,
1791472225.412276,601172,frontend_frame,3070,0,28666,84,8,386899456,473956352,442723840,528482304,,,,,,,,,,
1791472225.8370402,601172,tracking_feedback_accumulate,3071,,28666,,,390732288,515899392,442723840,528482304,,,,,,,,2.920700004324317,,
1791472225.8410401,601172,frontend_frame,3071,0,28666,84,8,393503232,515899392,442723840,528482304,,,,,,,,,,
1791472226.2159307,601172,tracking_feedback_accumulate,3072,,28666,,,397663744,520093696,442723840,528482304,,,,,,,,2.8423001058399677,,
1791472226.2209306,601172,frontend_frame,3072,0,28666,84,8,386901504,520093696,442723840,528482304,,,,,,,,,,
1791472226.621551,601172,tracking_feedback_accumulate,3073,,28666,,,390816256,520093696,442723840,528482304,,,,,,,,3.132200101390481,,
1791472226.6265514,601172,frontend_frame,3073,0,28666,84,8,393587712,520093696,442723840,528482304,,,,,,,,,,
1791472226.933751,601172,tracking_feedback_accumulate,3074,,28666,,,397502464,520093696,442723840,528482304,,,,,,,,2.898699836805463,,
1791472226.9387505,601172,frontend_frame,3074,0,28666,84,8,400273408,522190848,442723840,528482304,,,,,,,,,,
1791472227.2026713,601172,tracking_feedback_accumulate,3075,,28666,,,384134144,522190848,442723840,528482304,,,,,,,,2.9464999679476023,,
1791472227.2066717,601172,frontend_frame,3075,0,28666,84,8,386905088,522190848,442723840,528482304,,,,,,,,,,
1791472227.6157947,601172,tracking_feedback_accumulate,3076,,28666,,,390737920,522190848,442723840,528482304,,,,,,,,2.913600066676736,,
1791472227.6197946,601172,frontend_frame,3076,0,28666,84,8,393508864,522190848,442723840,528482304,,,,,,,,,,
1791472227.9667795,601172,tracking_feedback_accumulate,3077,,28666,,,397669376,522190848,442723840,528482304,,,,,,,,2.9514001216739416,,
1791472227.972286,601172,frontend_frame,3077,0,28666,84,8,386907136,522190848,442723840,528482304,,,,,,,,,,
1791472228.3650715,601172,tracking_feedback_accumulate,3078,,28666,,,390739968,522190848,442723840,528482304,,,,,,,,3.3386999275535345,,
1791472228.3700716,601172,frontend_frame,3078,0,28666,84,8,393510912,522190848,442723840,528482304,,,,,,,,,,
1791472228.8227003,601172,tracking_feedback_accumulate,3079,,28666,,,397589504,522190848,442723840,528482304,,,,,,,,2.9987001325935125,,
1791472228.8277004,601172,frontend_frame,3079,0,28666,84,8,386827264,522190848,442723840,528482304,,,,,,,,,,
1791472229.2245076,601172,tracking_feedback_accumulate,3080,,28666,,,390905856,522190848,442723840,528482304,,,,,,,,2.883699955418706,,
1791472229.2295077,601172,frontend_frame,3080,0,28666,84,8,393676800,478150656,442723840,528482304,,,,,,,,,,
1791472229.575141,601172,tracking_feedback_accumulate,3081,,28666,,,397509632,522190848,442723840,528482304,,,,,,,,2.913700183853507,,
1791472229.5806503,601172,frontend_frame,3081,0,28666,84,8,400280576,524288000,442723840,528482304,,,,,,,,,,
1791472229.930711,601172,tracking_feedback_accumulate,3082,,28666,,,384059392,524288000,442723840,528482304,,,,,,,,2.9677001293748617,,
1791472229.9357107,601172,frontend_frame,3082,0,28666,84,8,386830336,524288000,442723840,528482304,,,,,,,,,,
1791472230.3348708,601172,tracking_feedback_accumulate,3083,,28666,,,390908928,524288000,442723840,528482304,,,,,,,,2.932199975475669,,
1791472230.339871,601172,frontend_frame,3083,0,28666,84,8,393679872,524288000,442723840,528482304,,,,,,,,,,
1791472230.6399672,601172,tracking_feedback_accumulate,3084,,28666,,,397594624,524288000,442723840,528482304,,,,,,,,2.9178999830037355,,
1791472230.6449673,601172,frontend_frame,3084,0,28666,84,8,386832384,524288000,442723840,528482304,,,,,,,,,,
1791472230.9681802,601172,tracking_feedback_accumulate,3085,,28666,,,390747136,524288000,442723840,528482304,,,,,,,,2.9996000230312347,,
1791472230.973183,601172,frontend_frame,3085,0,28666,84,8,393518080,524288000,442723840,528482304,,,,,,,,,,
1791472231.264868,601172,tracking_feedback_accumulate,3086,,28666,,,397678592,524288000,442723840,528482304,,,,,,,,2.9166999738663435,,
1791472231.2688682,601172,frontend_frame,3086,0,28666,84,8,400449536,524288000,442723840,528482304,,,,,,,,,,
1791472231.4923964,601172,tracking_feedback_accumulate,3087,,28666,,,383982592,524288000,442723840,528482304,,,,,,,,3.0233999714255333,,
1791472231.4969006,601172,frontend_frame,3087,0,28666,84,8,386753536,524288000,442723840,528482304,,,,,,,,,,
1791472231.8360806,601172,tracking_feedback_accumulate,3088,,28666,,,390832128,524288000,442723840,528482304,,,,,,,,2.921400126069784,,
1791472231.8865905,601172,frontend_frame,3088,0,28666,85,8,397598720,524288000,442723840,528482304,,,,,,,,,,
1791472243.0869567,601172,tracking_feedback_accumulate,3089,,29549,,,388041216,524288000,442723840,528482304,,,,,,,,2.9402999207377434,,
1791472243.0914612,601172,frontend_frame,3089,0,29549,85,8,391030272,524288000,442723840,528482304,,,,,,,,,,
1791472243.4541478,601172,tracking_feedback_accumulate,3090,,29549,,,395190784,524288000,442723840,528482304,,,,,,,,2.9984000138938427,,
1791472243.4601479,601172,frontend_frame,3090,0,29549,85,8,398173184,476053504,442723840,528482304,,,,,,,,,,
1791472243.826763,601172,tracking_feedback_accumulate,3091,,29549,,,402087936,522190848,447072256,528482304,,,,,,,,2.9947999864816666,,
1791472243.8317633,601172,frontend_frame,3091,0,29549,85,8,391114240,522190848,447072256,528482304,,,,,,,,,,
1791472244.1439874,601172,tracking_feedback_accumulate,3092,,29549,,,395192832,522190848,447072256,528482304,,,,,,,,2.9585000593215227,,
1791472244.1489875,601172,frontend_frame,3092,0,29549,85,8,398175232,522190848,447072256,528482304,,,,,,,,,,
1791472244.5796096,601172,tracking_feedback_accumulate,3093,,29549,,,402089984,522190848,447074304,528482304,,,,,,,,3.0088999774307013,,
1791472244.584609,601172,frontend_frame,3093,0,29549,85,8,405072896,524288000,447074304,528482304,,,,,,,,,,
1791472244.9592056,601172,tracking_feedback_accumulate,3094,,29549,,,388217344,524288000,447074304,528482304,,,,,,,,3.1977000180631876,,
1791472244.9642072,601172,frontend_frame,3094,0,29549,85,8,391199744,524288000,447074304,528482304,,,,,,,,,,
1791472245.3437312,601172,tracking_feedback_accumulate,3095,,29549,,,395032576,524288000,447074304,528482304,,,,,,,,2.966000000014901,,
1791472245.3487313,601172,frontend_frame,3095,0,29549,85,8,398014976,524288000,447074304,528482304,,,,,,,,,,
1791472245.6693468,601172,tracking_feedback_accumulate,3096,,29549,,,388137472,524288000,447074304,528482304,,,,,,,,2.935699885711074,,
1791472245.6743467,601172,frontend_frame,3096,0,29549,85,8,391119872,524288000,447074304,528482304,,,,,,,,,,
1791472245.948966,601172,tracking_feedback_accumulate,3097,,29549,,,395198464,524288000,447074304,528482304,,,,,,,,3.05499997921288,,
1791472245.952965,601172,frontend_frame,3097,0,29549,85,8,398180864,524288000,447074304,528482304,,,,,,,,,,
1791472246.3114362,601172,tracking_feedback_accumulate,3098,,29549,,,402013696,524288000,447079936,528482304,,,,,,,,2.807699842378497,,
1791472246.3164363,601172,frontend_frame,3098,0,29549,85,8,391040000,524288000,447079936,528482304,,,,,,,,,,
1791472246.6545892,601172,tracking_feedback_accumulate,3099,,29549,,,395118592,524288000,447079936,528482304,,,,,,,,2.823399845510721,,
1791472246.6585891,601172,frontend_frame,3099,0,29549,85,8,398100992,524288000,447079936,528482304,,,,,,,,,,
1791472247.0749063,601172,tracking_feedback_accumulate,3100,,29549,,,402179584,524288000,447081984,528482304,,,,,,,,2.881599823012948,,
1791472247.0799105,601172,frontend_frame,3100,0,29549,85,8,405161984,480247808,447081984,528482304,,,,,,,,,,
1791472247.4319403,601172,tracking_feedback_accumulate,3101,,29549,,,388142592,522190848,447081984,528482304,,,,,,,,2.9239999130368233,,
1791472247.4369402,601172,frontend_frame,3101,0,29549,85,8,391124992,522190848,447081984,528482304,,,,,,,,,,
1791472247.6750293,601172,tracking_feedback_accumulate,3102,,29549,,,395039744,522190848,447081984,528482304,,,,,,,,2.9825998935848475,,
1791472247.680031,601172,frontend_frame,3102,0,29549,85,8,398022144,522190848,447081984,528482304,,,,,,,,,,
1791472248.087708,601172,tracking_feedback_accumulate,3103,,29549,,,402100736,522190848,447085056,528482304,,,,,,,,3.003300167620182,,
1791472248.093212,601172,frontend_frame,3103,0,29549,85,8,391127040,522190848,447085056,528482304,,,,,,,,,,
1791472248.4917574,601172,tracking_feedback_accumulate,3104,,29549,,,395041792,522190848,447085056,528482304,,,,,,,,3.007899969816208,,
1791472248.4962654,601172,frontend_frame,3104,0,29549,85,8,398024192,522190848,447085056,528482304,,,,,,,,,,
1791472248.80233,601172,tracking_feedback_accumulate,3105,,29549,,,402102784,522190848,447087104,528482304,,,,,,,,2.894399920478463,,
1791472248.8073304,601172,frontend_frame,3105,0,29549,85,8,405085184,524288000,447087104,528482304,,,,,,,,,,
1791472249.2020419,601172,tracking_feedback_accumulate,3106,,29549,,,388229632,524288000,447087104,528482304,,,,,,,,2.9080999083817005,,
1791472249.2070417,601172,frontend_frame,3106,0,29549,85,8,391212032,524288000,447087104,528482304,,,,,,,,,,
1791472249.5746143,601172,tracking_feedback_accumulate,3107,,29549,,,395126784,524288000,447087104,528482304,,,,,,,,2.9498999938368797,,
1791472249.5786166,601172,frontend_frame,3107,0,29549,85,8,398109184,524288000,447087104,528482304,,,,,,,,,,
1791472249.9411469,601172,tracking_feedback_accumulate,3108,,29549,,,402023936,524288000,447090176,528482304,,,,,,,,2.840900095179677,,
1791472249.9937153,601172,frontend_frame,3108,0,29549,86,8,395045888,524288000,447090176,528482304,,,,,,,,,,
1791472261.1974955,601172,tracking_feedback_accumulate,3109,,30187,,,399168512,524288000,447090176,528482304,,,,,,,,2.93530011549592,,
1791472261.2029998,601172,frontend_frame,3109,0,30187,86,8,402306560,524288000,447090176,528482304,,,,,,,,,,
1791472261.6298912,601172,tracking_feedback_accumulate,3110,,30187,,,406385152,524288000,450539008,528482304,,,,,,,,2.8200000524520874,,
1791472261.6368911,601172,frontend_frame,3110,0,30187,86,8,395411456,497025024,450539008,528482304,,,,,,,,,,
1791472262.00906,601172,tracking_feedback_accumulate,3111,,30187,,,399244288,517996544,450539008,528482304,,,,,,,,3.0089998617768288,,
1791472262.0140638,601172,frontend_frame,3111,0,30187,86,8,402377728,517996544,450539008,528482304,,,,,,,,,,
1791472262.4102635,601172,tracking_feedback_accumulate,3112,,30187,,,406538240,522190848,450770432,528482304,,,,,,,,3.02140018902719,,
1791472262.4152634,601172,frontend_frame,3112,0,30187,86,8,409671680,524288000,450770432,528482304,,,,,,,,,,
1791472262.6998925,601172,tracking_feedback_accumulate,3113,,30187,,,392117248,524288000,450770432,528482304,,,,,,,,2.9672998934984207,,
1791472262.7038963,601172,frontend_frame,3113,0,30187,86,8,395251200,524288000,450770432,528482304,,,,,,,,,,
1791472263.0930583,601172,tracking_feedback_accumulate,3114,,30187,,,399329792,524288000,450770432,528482304,,,,,,,,3.6248001269996166,,
1791472263.0980585,601172,frontend_frame,3114,0,30187,86,8,402463232,524288000,450770432,528482304,,,,,,,,,,
1791472263.5023527,601172,tracking_feedback_accumulate,3115,,30187,,,406541824,524288000,450770432,528482304,,,,,,,,2.9659001156687737,,
1791472263.506903,601172,frontend_frame,3115,0,30187,86,8,395417088,524288000,450770432,528482304,,,,,,,,,,
1791472263.913544,601172,tracking_feedback_accumulate,3116,,30187,,,399249920,524288000,450770432,528482304,,,,,,,,3.010000102221966,,
1791472263.9190488,601172,frontend_frame,3116,0,30187,86,8,402383360,524288000,450770432,528482304,,,,,,,,,,
1791472264.343254,601172,tracking_feedback_accumulate,3117,,30187,,,406461952,524288000,450776064,528482304,,,,,,,,2.95890006236732,,
1791472264.348254,601172,frontend_frame,3117,0,30187,86,8,409595392,524288000,450776064,528482304,,,,,,,,,,
1791472264.7843285,601172,tracking_feedback_accumulate,3118,,30187,,,392286720,524288000,450776064,528482304,,,,,,,,2.9041001107543707,,
1791472264.7893305,601172,frontend_frame,3118,0,30187,86,8,395420160,524288000,450776064,528482304,,,,,,,,,,
1791472265.1535366,601172,tracking_feedback_accumulate,3119,,30187,,,399334912,524288000,450776064,528482304,,,,,,,,2.895300043746829,,
1791472265.1585367,601172,frontend_frame,3119,0,30187,86,8,402468352,524288000,450776064,528482304,,,,,,,,,,
1791472265.5025778,601172,tracking_feedback_accumulate,3120,,30187,,,406383104,524288000,450776064,528482304,,,,,,,,2.8236000798642635,,
1791472265.5081227,601172,frontend_frame,3120,0,30187,86,8,395258368,497025024,450776064,528482304,,,,,,,,,,
1791472265.9307563,601172,tracking_feedback_accumulate,3121,,30187,,,399418880,517996544,450776064,528482304,,,,,,,,2.825800096616149,,
1791472265.9357553,601172,frontend_frame,3121,0,30187,86,8,402552320,517996544,450776064,528482304,,,,,,,,,,
1791472266.373325,601172,tracking_feedback_accumulate,3122,,30187,,,406385152,522190848,450781184,528482304,,,,,,,,3.1342001166194677,,
1791472266.379325,601172,frontend_frame,3122,0,30187,86,8,395260416,522190848,450781184,528482304,,,,,,,,,,
1791472266.759016,601172,tracking_feedback_accumulate,3123,,30187,,,399339008,522190848,450781184,528482304,,,,,,,,3.037499962374568,,
1791472266.7640162,601172,frontend_frame,3123,0,30187,86,8,402472448,522190848,450781184,528482304,,,,,,,,,,
1791472267.1342351,601172,tracking_feedback_accumulate,3124,,30187,,,406551040,522190848,450781184,528482304,,,,,,,,2.988399937748909,,
1791472267.139235,601172,frontend_frame,3124,0,30187,86,8,409684480,524288000,450781184,528482304,,,,,,,,,,
1791472267.5583825,601172,tracking_feedback_accumulate,3125,,30187,,,399341056,524288000,450781184,528482304,,,,,,,,3.0998000875115395,,
1791472267.5633826,601172,frontend_frame,3125,0,30187,86,8,402474496,524288000,450781184,528482304,,,,,,,,,,
1791472267.9754648,601172,tracking_feedback_accumulate,3126,,30187,,,406553088,524288000,450781184,528482304,,,,,,,,2.9732000548392534,,
1791472267.9794648,601172,frontend_frame,3126,0,30187,86,8,409686528,524288000,450781184,528482304,,,,,,,,,,
1791472268.334097,601172,tracking_feedback_accumulate,3127,,30187,,,413519360,528482304,457915392,528482304,,,,,,,,2.9134999494999647,,
1791472268.339097,601172,frontend_frame,3127,0,30187,86,8,402394624,528482304,457915392,528482304,,,,,,,,,,
1791472268.611665,601172,tracking_feedback_accumulate,3128,,30187,,,406473216,528482304,457915392,528482304,,,,,,,,2.9963001143187284,,
1791472268.616665,601172,frontend_frame,3128,0,30187,86,8,409606656,528482304,457915392,528482304,,,,,,,,,,
1791472269.0087416,601172,tracking_feedback_accumulate,3129,,30187,,,413685248,528482304,457915392,528482304,,,,,,,,3.1273001804947853,,
1791472269.0137436,601172,frontend_frame,3129,0,30187,86,8,416818688,532676608,457915392,532676608,,,,,,,,,,
1791472269.3916006,601172,tracking_feedback_accumulate,3130,,30187,,,399346176,532676608,457915392,532676608,,,,,,,,3.3293000888079405,,
1791472269.3976007,601172,frontend_frame,3130,0,30187,86,8,402479616,501219328,457915392,532676608,,,,,,,,,,
1791472269.754167,601172,tracking_feedback_accumulate,3131,,30187,,,406558208,522190848,457915392,532676608,,,,,,,,2.9030998703092337,,
1791472269.759166,601172,frontend_frame,3131,0,30187,86,8,409691648,524288000,457915392,532676608,,,,,,,,,,
1791472270.1357548,601172,tracking_feedback_accumulate,3132,,30187,,,413524480,528482304,457920512,532676608,,,,,,,,2.841199981048703,,
1791472270.140755,601172,frontend_frame,3132,0,30187,86,8,402399744,528482304,457920512,532676608,,,,,,,,,,
1791472270.5049987,601172,tracking_feedback_accumulate,3133,,30187,,,406478336,528482304,457920512,532676608,,,,,,,,3.175100078806281,,
1791472270.5099993,601172,frontend_frame,3133,0,30187,86,8,409611776,528482304,457920512,532676608,,,,,,,,,,
1791472270.920509,601172,tracking_feedback_accumulate,3134,,30187,,,413690368,528482304,457920512,532676608,,,,,,,,3.061499912291765,,
1791472270.9255092,601172,frontend_frame,3134,0,30187,86,8,416823808,530579456,457920512,532676608,,,,,,,,,,
1791472271.3293226,601172,tracking_feedback_accumulate,3135,,30187,,,399269376,530579456,457920512,532676608,,,,,,,,2.971299923956394,,
1791472271.3793225,601172,frontend_frame,3135,0,30187,87,8,406398464,530579456,457920512,532676608,,,,,,,,,,
1791472282.5358114,601172,tracking_feedback_accumulate,3136,,30985,,,410615808,551550976,457920512,551550976,,,,,,,,2.7821999974548817,,
1791472282.5408113,601172,frontend_frame,3136,0,30985,87,8,413948416,551550976,457920512,551550976,,,,,,,,,,
1791472282.8778365,601172,tracking_feedback_accumulate,3137,,30985,,,417781248,551550976,462623744,551550976,,,,,,,,3.1842999160289764,,
1791472282.8838367,601172,frontend_frame,3137,0,30985,87,8,406656512,551550976,462623744,551550976,,,,,,,,,,
1791472283.2652462,601172,tracking_feedback_accumulate,3138,,30985,,,410735104,551550976,462623744,551550976,,,,,,,,3.076300024986267,,
1791472283.270246,601172,frontend_frame,3138,0,30985,87,8,414061568,551550976,462623744,551550976,,,,,,,,,,
1791472283.663342,601172,tracking_feedback_accumulate,3139,,30985,,,418140160,551550976,463183872,551550976,,,,,,,,3.031100146472454,,
1791472283.668342,601172,frontend_frame,3139,0,30985,87,8,421466624,553648128,463183872,553648128,,,,,,,,,,
1791472283.9733794,601172,tracking_feedback_accumulate,3140,,30985,,,396285952,553648128,463183872,553648128,,,,,,,,5.506799789145589,,
1791472283.9783792,601172,frontend_frame,3140,0,30985,87,8,399612928,497025024,463183872,553648128,,,,,,,,,,
1791472284.3255305,601172,tracking_feedback_accumulate,3141,,30985,,,403691520,538968064,463183872,553648128,,,,,,,,3.1845001503825188,,
1791472284.3305306,601172,frontend_frame,3141,0,30985,87,8,407017984,538968064,463183872,553648128,,,,,,,,,,
1791472284.6476307,601172,tracking_feedback_accumulate,3142,,30985,,,410850816,543162368,463183872,553648128,,,,,,,,3.2313999254256487,,
1791472284.6536305,601172,frontend_frame,3142,0,30985,87,8,399533056,543162368,463183872,553648128,,,,,,,,,,
1791472284.9775689,601172,tracking_feedback_accumulate,3143,,30985,,,403611648,543162368,463183872,553648128,,,,,,,,2.898099832236767,,
1791472284.9825687,601172,frontend_frame,3143,0,30985,87,8,406938112,543162368,463183872,553648128,,,,,,,,,,
1791472285.3136356,601172,tracking_feedback_accumulate,3144,,30985,,,410852864,543162368,463183872,553648128,,,,,,,,2.882900182157755,,
1791472285.3186355,601172,frontend_frame,3144,0,30985,87,8,414179328,547356672,463183872,553648128,,,,,,,,,,
1791472285.6172304,601172,tracking_feedback_accumulate,3145,,30985,,,396291584,547356672,463183872,553648128,,,,,,,,2.986700041219592,,
1791472285.622229,601172,frontend_frame,3145,0,30985,87,8,399618048,547356672,463183872,553648128,,,,,,,,,,
1791472286.0074124,601172,tracking_feedback_accumulate,3146,,30985,,,403532800,547356672,463183872,553648128,,,,,,,,3.0300000216811895,,
1791472286.0119164,601172,frontend_frame,3146,0,30985,87,8,406859264,547356672,463183872,553648128,,,,,,,,,,
1791472286.3425996,601172,tracking_feedback_accumulate,3147,,30985,,,396375552,547356672,463183872,553648128,,,,,,,,2.857399871572852,,
1791472286.3496077,601172,frontend_frame,3147,0,30985,87,8,399702016,547356672,463183872,553648128,,,,,,,,,,
1791472286.7632484,601172,tracking_feedback_accumulate,3148,,30985,,,403534848,547356672,463183872,553648128,,,,,,,,2.9400999192148447,,
1791472286.7672484,601172,frontend_frame,3148,0,30985,87,8,406861312,547356672,463183872,553648128,,,,,,,,,,
1791472287.1454604,601172,tracking_feedback_accumulate,3149,,30985,,,411021824,547356672,463183872,553648128,,,,,,,,3.1010000966489315,,
1791472287.1514606,601172,frontend_frame,3149,0,30985,87,8,399704064,547356672,463183872,553648128,,,,,,,,,,
1791472287.5492527,601172,tracking_feedback_accumulate,3150,,30985,,,403618816,547356672,463183872,553648128,,,,,,,,2.95290001668036,,
1791472287.5562527,601172,frontend_frame,3150,0,30985,87,8,406945280,497025024,463183872,553648128,,,,,,,,,,
1791472287.9192934,601172,tracking_feedback_accumulate,3151,,30985,,,410860032,543162368,463183872,553648128,,,,,,,,2.872099867090583,,
1791472287.9242933,601172,frontend_frame,3151,0,30985,87,8,414186496,545259520,463183872,553648128,,,,,,,,,,
1791472288.3381371,601172,tracking_feedback_accumulate,3152,,30985,,,396298752,545259520,463183872,553648128,,,,,,,,3.217799821868539,,
1791472288.3441372,601172,frontend_frame,3152,0,30985,87,8,399625216,545259520,463183872,553648128,,,,,,,,,,
1791472288.687256,601172,tracking_feedback_accumulate,3153,,30985,,,403703808,545259520,463183872,553648128,,,,,,,,3.0582998879253864,,
1791472288.6912558,601172,frontend_frame,3153,0,30985,87,8,407030272,545259520,463183872,553648128,,,,,,,,,,
1791472289.0268,601172,tracking_feedback_accumulate,3154,,30985,,,410863104,545259520,463183872,553648128,,,,,,,,3.217600053176284,,
1791472289.0328448,601172,frontend_frame,3154,0,30985,87,8,399545344,545259520,463183872,553648128,,,,,,,,,,
1791472289.3444316,601172,tracking_feedback_accumulate,3155,,30985,,,403705856,545259520,463183872,553648128,,,,,,,,3.220299957320094,,
1791472289.3494334,601172,frontend_frame,3155,0,30985,87,8,407032320,545259520,463183872,553648128,,,,,,,,,,
1791472289.661999,601172,tracking_feedback_accumulate,3156,,30985,,,410947072,545259520,463183872,553648128,,,,,,,,3.0755999032408,,
1791472289.666998,601172,frontend_frame,3156,0,30985,87,8,414273536,547356672,463183872,553648128,,,,,,,,,,
1791472290.070627,601172,tracking_feedback_accumulate,3157,,30985,,,396385792,547356672,463183872,553648128,,,,,,,,2.8415999840945005,,
1791472290.0746272,601172,frontend_frame,3157,0,30985,87,8,399712256,547356672,463183872,553648128,,,,,,,,,,
1791472290.4187403,601172,tracking_feedback_accumulate,3158,,30985,,,403545088,547356672,463183872,553648128,,,,,,,,3.10120009817183,,
1791472290.42274,601172,frontend_frame,3158,0,30985,87,8,406871552,547356672,463183872,553648128,,,,,,,,,,
1791472290.8238237,601172,tracking_feedback_accumulate,3159,,30985,,,411032064,547356672,463183872,553648128,,,,,,,,2.9990999028086662,,
1791472290.8288233,601172,frontend_frame,3159,0,30985,87,8,399714304,547356672,463183872,553648128,,,,,,,,,,
1791472291.1919675,601172,tracking_feedback_accumulate,3160,,30985,,,403547136,547356672,463183872,553648128,,,,,,,,2.9696000274270773,,
1791472291.1969676,601172,frontend_frame,3160,0,30985,87,8,406873600,497025024,463183872,553648128,,,,,,,,,,
1791472291.5431159,601172,tracking_feedback_accumulate,3161,,30985,,,411034112,543162368,463183872,553648128,,,,,,,,3.214099910110235,,
1791472291.5481174,601172,frontend_frame,3161,0,30985,87,8,414360576,545259520,463183872,553648128,,,,,,,,,,
1791472291.9618359,601172,tracking_feedback_accumulate,3162,,30985,,,396227072,545259520,463183872,553648128,,,,,,,,2.972300164401531,,
1791472291.966836,601172,frontend_frame,3162,0,30985,87,8,399553536,545259520,463183872,553648128,,,,,,,,,,
1791472292.3630526,601172,tracking_feedback_accumulate,3163,,30985,,,403714048,545259520,463183872,553648128,,,,,,,,3.046599915251136,,
1791472292.3680522,601172,frontend_frame,3163,0,30985,87,8,407040512,545259520,463183872,553648128,,,,,,,,,,
1791472292.790236,601172,tracking_feedback_accumulate,3164,,30985,,,396311040,545259520,463183872,553648128,,,,,,,,2.930800197646022,,
1791472292.7952359,601172,frontend_frame,3164,0,30985,87,8,399637504,545259520,463183872,553648128,,,,,,,,,,
1791472293.1909714,601172,tracking_feedback_accumulate,3165,,30985,,,403552256,545259520,463183872,553648128,,,,,,,,3.036599839106202,,
1791472293.1959713,601172,frontend_frame,3165,0,30985,87,8,406878720,545259520,463183872,553648128,,,,,,,,,,
1791472293.5169106,601172,tracking_feedback_accumulate,3166,,30985,,,411039232,545259520,463183872,553648128,,,,,,,,2.9141998384147882,,
1791472293.5219104,601172,frontend_frame,3166,0,30985,87,8,399721472,545259520,463183872,553648128,,,,,,,,,,
1791472293.8819172,601172,tracking_feedback_accumulate,3167,,30985,,,403554304,545259520,463183872,553648128,,,,,,,,3.0144001357257366,,
1791472293.8859167,601172,frontend_frame,3167,0,30985,87,8,406880768,545259520,463183872,553648128,,,,,,,,,,
1791472294.2655845,601172,tracking_feedback_accumulate,3168,,30985,,,411041280,545259520,463183872,553648128,,,,,,,,2.9821000061929226,,
1791472294.2705843,601172,frontend_frame,3168,0,30985,87,8,414367744,547356672,463183872,553648128,,,,,,,,,,
1791472294.6822734,601172,tracking_feedback_accumulate,3169,,30985,,,396316160,547356672,463183872,553648128,,,,,,,,3.352000145241618,,
1791472294.687273,601172,frontend_frame,3169,0,30985,87,8,399642624,547356672,463183872,553648128,,,,,,,,,,
1791472295.0753875,601172,tracking_feedback_accumulate,3170,,30985,,,403557376,547356672,463183872,553648128,,,,,,,,3.150900127366185,,
1791472295.0813875,601172,frontend_frame,3170,0,30985,87,8,406883840,497025024,463183872,553648128,,,,,,,,,,
1791472295.480581,601172,tracking_feedback_accumulate,3171,,30985,,,410962432,543162368,463183872,553648128,,,,,,,,2.9422000516206026,,
1791472295.4865828,601172,frontend_frame,3171,0,30985,87,8,399644672,543162368,463183872,553648128,,,,,,,,,,
1791472295.8930163,601172,tracking_feedback_accumulate,3172,,30985,,,403559424,543162368,463183872,553648128,,,,,,,,3.0514998361468315,,
1791472295.8980167,601172,frontend_frame,3172,0,30985,87,8,406885888,543162368,463183872,553648128,,,,,,,,,,
1791472296.2987182,601172,tracking_feedback_accumulate,3173,,30985,,,410964480,543162368,463183872,553648128,,,,,,,,3.1202000100165606,,
1791472296.3037205,601172,frontend_frame,3173,0,30985,87,8,414290944,547356672,463183872,553648128,,,,,,,,,,
1791472296.6904407,601172,tracking_feedback_accumulate,3174,,30985,,,396403200,547356672,463183872,553648128,,,,,,,,2.955300034955144,,
1791472296.6954432,601172,frontend_frame,3174,0,30985,87,8,399729664,547356672,463183872,553648128,,,,,,,,,,
1791472297.070197,601172,tracking_feedback_accumulate,3175,,30985,,,403644416,547356672,463183872,553648128,,,,,,,,3.14839999191463,,
1791472297.0751972,601172,frontend_frame,3175,0,30985,87,8,406970880,547356672,463183872,553648128,,,,,,,,,,
1791472297.42735,601172,tracking_feedback_accumulate,3176,,30985,,,410885632,547356672,463183872,553648128,,,,,,,,3.301100106909871,,
1791472297.432349,601172,frontend_frame,3176,0,30985,87,8,399567872,547356672,463183872,553648128,,,,,,,,,,
1791472297.817471,601172,tracking_feedback_accumulate,3177,,30985,,,403646464,547356672,463183872,553648128,,,,,,,,2.9732000548392534,,
1791472297.8224735,601172,frontend_frame,3177,0,30985,87,8,406972928,547356672,463183872,553648128,,,,,,,,,,
1791472298.1100914,601172,tracking_feedback_accumulate,3178,,30985,,,411051520,547356672,463183872,553648128,,,,,,,,2.9209000058472157,,
1791472298.1140907,601172,frontend_frame,3178,0,30985,87,8,414377984,547356672,463183872,553648128,,,,,,,,,,
1791472298.504241,601172,tracking_feedback_accumulate,3179,,30985,,,396244480,547356672,463183872,553648128,,,,,,,,2.8909998945891857,,
1791472298.508241,601172,frontend_frame,3179,0,30985,87,8,399570944,547356672,463183872,553648128,,,,,,,,,,
1791472298.9269128,601172,tracking_feedback_accumulate,3180,,30985,,,403649536,547356672,463183872,553648128,,,,,,,,3.0626999214291573,,
1791472298.9319127,601172,frontend_frame,3180,0,30985,87,8,406976000,497025024,463183872,553648128,,,,,,,,,,
1791472299.3126256,601172,tracking_feedback_accumulate,3181,,30985,,,396410368,543162368,463183872,553648128,,,,,,,,2.9140999540686607,,
1791472299.3181279,601172,frontend_frame,3181,0,30985,87,8,399736832,543162368,463183872,553648128,,,,,,,,,,
1791472299.6592178,601172,tracking_feedback_accumulate,3182,,30985,,,403651584,543162368,463183872,553648128,,,,,,,,2.9297000728547573,,
1791472299.6642172,601172,frontend_frame,3182,0,30985,87,8,406978048,543162368,463183872,553648128,,,,,,,,,,
1791472299.929741,601172,tracking_feedback_accumulate,3183,,30985,,,410892800,543162368,463183872,553648128,,,,,,,,2.997600007802248,,
1791472299.9347408,601172,frontend_frame,3183,0,30985,87,8,399575040,543162368,463183872,553648128,,,,,,,,,,
1791472300.2944226,601172,tracking_feedback_accumulate,3184,,30985,,,403735552,543162368,463183872,553648128,,,,,,,,2.9577999375760555,,
1791472300.2984223,601172,frontend_frame,3184,0,30985,87,8,407062016,543162368,463183872,553648128,,,,,,,,,,
1791472300.694138,601172,tracking_feedback_accumulate,3185,,30985,,,410894848,543162368,463183872,553648128,,,,,,,,2.9339001048356295,,
1791472300.6991382,601172,frontend_frame,3185,0,30985,87,8,414221312,547356672,463183872,553648128,,,,,,,,,,
1791472301.0610225,601172,tracking_feedback_accumulate,3186,,30985,,,396333568,547356672,463183872,553648128,,,,,,,,2.988100051879883,,
1791472301.066022,601172,frontend_frame,3186,0,30985,87,8,399660032,547356672,463183872,553648128,,,,,,,,,,
1791472301.345615,601172,tracking_feedback_accumulate,3187,,30985,,,403574784,547356672,463183872,553648128,,,,,,,,2.948499983176589,,
1791472301.349615,601172,frontend_frame,3187,0,30985,87,8,406901248,547356672,463183872,553648128,,,,,,,,,,
1791472301.6204205,601172,tracking_feedback_accumulate,3188,,30985,,,410979840,547356672,463183872,553648128,,,,,,,,2.9377001337707043,,
1791472301.6254203,601172,frontend_frame,3188,0,30985,87,8,399662080,547356672,463183872,553648128,,,,,,,,,,
1791472301.9875612,601172,tracking_feedback_accumulate,3189,,30985,,,403576832,547356672,463183872,553648128,,,,,,,,2.9334998689591885,,
1791472301.9925604,601172,frontend_frame,3189,0,30985,87,8,406903296,547356672,463183872,553648128,,,,,,,,,,
1791472302.3056223,601172,tracking_feedback_accumulate,3190,,30985,,,411063808,547356672,463183872,553648128,,,,,,,,2.966800006106496,,
1791472302.3116221,601172,frontend_frame,3190,0,30985,87,8,414390272,503316480,463183872,553648128,,,,,,,,,,
1791472302.7038555,601172,tracking_feedback_accumulate,3191,,30985,,,396338688,545259520,463183872,553648128,,,,,,,,2.984300022944808,,
1791472302.7088575,601172,frontend_frame,3191,0,30985,87,8,399665152,545259520,463183872,553648128,,,,,,,,,,
1791472303.0207021,601172,tracking_feedback_accumulate,3192,,30985,,,403579904,545259520,463183872,553648128,,,,,,,,2.8995999600738287,,
1791472303.0257022,601172,frontend_frame,3192,0,30985,87,8,406906368,545259520,463183872,553648128,,,,,,,,,,
1791472303.2803094,601172,tracking_feedback_accumulate,3193,,30985,,,410984960,545259520,463183872,553648128,,,,,,,,2.9136999510228634,,
1791472303.2853096,601172,frontend_frame,3193,0,30985,87,8,399667200,545259520,463183872,553648128,,,,,,,,,,
1791472303.6346164,601172,tracking_feedback_accumulate,3194,,30985,,,403745792,545259520,463183872,553648128,,,,,,,,3.0125000048428774,,
1791472303.6396155,601172,frontend_frame,3194,0,30985,87,8,407072256,545259520,463183872,553648128,,,,,,,,,,
1791472304.0587885,601172,tracking_feedback_accumulate,3195,,30985,,,410905088,545259520,463183872,553648128,,,,,,,,3.222099971026182,,
1791472304.0637894,601172,frontend_frame,3195,0,30985,87,8,414231552,545259520,463183872,553648128,,,,,,,,,,
1791472304.3744054,601172,tracking_feedback_accumulate,3196,,30985,,,396343808,545259520,463183872,553648128,,,,,,,,3.025500103831291,,
1791472304.3794053,601172,frontend_frame,3196,0,30985,87,8,399670272,545259520,463183872,553648128,,,,,,,,,,
1791472304.7237513,601172,tracking_feedback_accumulate,3197,,30985,,,403585024,545259520,463183872,553648128,,,,,,,,2.777599962428212,,
1791472304.7277515,601172,frontend_frame,3197,0,30985,87,8,406911488,545259520,463183872,553648128,,,,,,,,,,
1791472305.0273244,601172,tracking_feedback_accumulate,3198,,30985,,,396345856,545259520,463183872,553648128,,,,,,,,2.9198001138865948,,
1791472305.0773852,601172,frontend_frame,3198,0,30985,88,8,403667968,545259520,463183872,553648128,,,,,,,,,,
1791472316.2748284,601172,tracking_feedback_accumulate,3199,,28281,,,407406592,545259520,463183872,553648128,,,,,,,,2.9563000425696373,,
1791472316.2808287,601172,frontend_frame,3199,0,28281,88,8,410064384,545259520,463183872,553648128,,,,,,,,,,
1791472316.5325878,601172,tracking_feedback_accumulate,3200,,28281,,,414142976,545259520,463183872,553648128,,,,,,,,2.9307000804692507,,
1791472316.538588,601172,frontend_frame,3200,0,28281,88,8,402825216,497025024,463183872,553648128,,,,,,,,,,
1791472316.9026363,601172,tracking_feedback_accumulate,3201,,28281,,,406903808,538968064,463183872,553648128,,,,,,,,2.9265000484883785,,
1791472316.9086406,601172,frontend_frame,3201,0,28281,88,8,409584128,538968064,463183872,553648128,,,,,,,,,,
1791472317.2594557,601172,tracking_feedback_accumulate,3202,,28281,,,413416960,543162368,463183872,553648128,,,,,,,,3.642199793830514,,
1791472317.265455,601172,frontend_frame,3202,0,28281,88,8,402745344,543162368,463183872,553648128,,,,,,,,,,
1791472317.6457067,601172,tracking_feedback_accumulate,3203,,28281,,,406823936,543162368,463183872,553648128,,,,,,,,2.970099914819002,,
1791472317.650211,601172,frontend_frame,3203,0,28281,88,8,409504768,543162368,463183872,553648128,,,,,,,,,,
1791472318.025779,601172,tracking_feedback_accumulate,3204,,28281,,,413583360,543162368,463183872,553648128,,,,,,,,2.9443001840263605,,
1791472318.0312831,601172,frontend_frame,3204,0,28281,88,8,416263680,545259520,463183872,553648128,,,,,,,,,,
1791472318.4424305,601172,tracking_feedback_accumulate,3205,,28281,,,406826496,545259520,463183872,553648128,,,,,,,,2.83590005710721,,
1791472318.446431,601172,frontend_frame,3205,0,28281,88,8,409506816,545259520,463183872,553648128,,,,,,,,,,
1791472318.869621,601172,tracking_feedback_accumulate,3206,,28281,,,413585408,545259520,463183872,553648128,,,,,,,,2.785000018775463,,
1791472318.8746212,601172,frontend_frame,3206,0,28281,88,8,416265728,545259520,463183872,553648128,,,,,,,,,,
1791472319.2210276,601172,tracking_feedback_accumulate,3207,,28281,,,420180480,549453824,463871488,553648128,,,,,,,,2.9462999664247036,,
1791472319.2260275,601172,frontend_frame,3207,0,28281,88,8,409508864,549453824,463871488,553648128,,,,,,,,,,
1791472319.6205232,601172,tracking_feedback_accumulate,3208,,28281,,,413587456,549453824,463871488,553648128,,,,,,,,2.948199864476919,,
1791472319.625523,601172,frontend_frame,3208,0,28281,88,8,416267776,549453824,463871488,553648128,,,,,,,,,,
1791472319.9450598,601172,tracking_feedback_accumulate,3209,,28281,,,420100608,549453824,463876096,553648128,,,,,,,,2.9969001188874245,,
1791472319.95006,601172,frontend_frame,3209,0,28281,88,8,422780928,551550976,463876096,553648128,,,,,,,,,,
1791472320.3363814,601172,tracking_feedback_accumulate,3210,,28281,,,406831616,551550976,463876096,553648128,,,,,,,,2.879499923437834,,
1791472320.3423815,601172,frontend_frame,3210,0,28281,88,8,409511936,501219328,463876096,553648128,,,,,,,,,,
1791472320.7416713,601172,tracking_feedback_accumulate,3211,,28281,,,413590528,543162368,463876096,553648128,,,,,,,,2.913899952545762,,
1791472320.7476714,601172,frontend_frame,3211,0,28281,88,8,416270848,545259520,463876096,553648128,,,,,,,,,,
1791472321.092418,601172,tracking_feedback_accumulate,3212,,28281,,,420185600,549453824,463886848,553648128,,,,,,,,3.0996999703347683,,
1791472321.0974197,601172,frontend_frame,3212,0,28281,88,8,409513984,549453824,463886848,553648128,,,,,,,,,,
1791472321.5079286,601172,tracking_feedback_accumulate,3213,,28281,,,413428736,549453824,463886848,553648128,,,,,,,,2.7999000158160925,,
1791472321.5129285,601172,frontend_frame,3213,0,28281,88,8,416109056,549453824,463886848,553648128,,,,,,,,,,
1791472321.8635142,601172,tracking_feedback_accumulate,3214,,28281,,,420187648,549453824,463888896,553648128,,,,,,,,2.738500013947487,,
1791472321.868514,601172,frontend_frame,3214,0,28281,88,8,422867968,551550976,463888896,553648128,,,,,,,,,,
1791472322.2772014,601172,tracking_feedback_accumulate,3215,,28281,,,406754816,551550976,463888896,553648128,,,,,,,,2.902999985963106,,
1791472322.2822013,601172,frontend_frame,3215,0,28281,88,8,409435136,551550976,463888896,553648128,,,,,,,,,,
1791472322.6124318,601172,tracking_feedback_accumulate,3216,,28281,,,413513728,551550976,463888896,553648128,,,,,,,,3.153800033032894,,
1791472322.6184359,601172,frontend_frame,3216,0,28281,88,8,416194048,551550976,463888896,553648128,,,,,,,,,,
1791472323.0035453,601172,tracking_feedback_accumulate,3217,,28281,,,420272640,551550976,463888896,553648128,,,,,,,,2.922399900853634,,
1791472323.0085459,601172,frontend_frame,3217,0,28281,88,8,409601024,551550976,463888896,553648128,,,,,,,,,,
1791472323.406234,601172,tracking_feedback_accumulate,3218,,28281,,,413515776,551550976,463888896,553648128,,,,,,,,2.909099915996194,,
1791472323.4112344,601172,frontend_frame,3218,0,28281,88,8,416196096,551550976,463888896,553648128,,,,,,,,,,
1791472323.8515484,601172,tracking_feedback_accumulate,3219,,28281,,,420110848,551550976,463895552,553648128,,,,,,,,2.9571999330073595,,
1791472323.8565497,601172,frontend_frame,3219,0,28281,88,8,422791168,551550976,463895552,553648128,,,,,,,,,,
1791472324.235627,601172,tracking_feedback_accumulate,3220,,28281,,,406841856,551550976,463895552,553648128,,,,,,,,3.0781999230384827,,
1791472324.241627,601172,frontend_frame,3220,0,28281,88,8,409522176,501219328,463895552,553648128,,,,,,,,,,
1791472324.5287302,601172,tracking_feedback_accumulate,3221,,28281,,,413600768,543162368,463895552,553648128,,,,,,,,2.827299991622567,,
1791472324.5332353,601172,frontend_frame,3221,0,28281,88,8,416281088,545259520,463895552,553648128,,,,,,,,,,
1791472324.9427686,601172,tracking_feedback_accumulate,3222,,28281,,,406843904,545259520,463895552,553648128,,,,,,,,5.305699771270156,,
1791472324.9477687,601172,frontend_frame,3222,0,28281,88,8,409524224,545259520,463895552,553648128,,,,,,,,,,
1791472325.3474445,601172,tracking_feedback_accumulate,3223,,28281,,,413602816,545259520,463895552,553648128,,,,,,,,2.9619999695569277,,
1791472325.351444,601172,frontend_frame,3223,0,28281,88,8,416283136,545259520,463895552,553648128,,,,,,,,,,
1791472325.763628,601172,tracking_feedback_accumulate,3224,,28281,,,420197888,549453824,463899136,553648128,,,,,,,,2.9130999464541674,,
1791472325.7686281,601172,frontend_frame,3224,0,28281,88,8,409526272,549453824,463899136,553648128,,,,,,,,,,
1791472326.2164383,601172,tracking_feedback_accumulate,3225,,28281,,,413441024,549453824,463899136,553648128,,,,,,,,2.8699999675154686,,
1791472326.22144,601172,frontend_frame,3225,0,28281,88,8,416121344,549453824,463899136,553648128,,,,,,,,,,
1791472326.5030997,601172,tracking_feedback_accumulate,3226,,28281,,,420281856,549453824,463904768,553648128,,,,,,,,2.905899891629815,,
1791472326.5080996,601172,frontend_frame,3226,0,28281,88,8,422962176,551550976,463904768,553648128,,,,,,,,,,
1791472326.8891878,601172,tracking_feedback_accumulate,3227,,28281,,,400091136,551550976,463904768,553648128,,,,,,,,2.9593000654131174,,
1791472326.894188,601172,frontend_frame,3227,0,28281,88,8,402771456,551550976,463904768,553648128,,,,,,,,,,
1791472327.162852,601172,tracking_feedback_accumulate,3228,,28281,,,406931968,551550976,463904768,553648128,,,,,,,,2.9644998721778393,,
1791472327.1668518,601172,frontend_frame,3228,0,28281,88,8,409612288,551550976,463904768,553648128,,,,,,,,,,
1791472327.5691342,601172,tracking_feedback_accumulate,3229,,28281,,,413527040,551550976,463904768,553648128,,,,,,,,3.090800018981099,,
1791472327.574134,601172,frontend_frame,3229,0,28281,88,8,402855424,551550976,463904768,553648128,,,,,,,,,,
1791472327.8817883,601172,tracking_feedback_accumulate,3230,,28281,,,406934016,551550976,463904768,553648128,,,,,,,,2.9790999833494425,,
1791472327.8877878,601172,frontend_frame,3230,0,28281,88,8,409614336,497025024,463904768,553648128,,,,,,,,,,
1791472328.3114867,601172,tracking_feedback_accumulate,3231,,28281,,,413529088,543162368,463904768,553648128,,,,,,,,2.9541999101638794,,
1791472328.315487,601172,frontend_frame,3231,0,28281,88,8,416209408,543162368,463904768,553648128,,,,,,,,,,
1791472328.6547441,601172,tracking_feedback_accumulate,3232,,28281,,,400260096,543162368,463904768,553648128,,,,,,,,2.966600004583597,,
1791472328.6587443,601172,frontend_frame,3232,0,28281,88,8,402940416,543162368,463904768,553648128,,,,,,,,,,
1791472329.0864182,601172,tracking_feedback_accumulate,3233,,28281,,,406855168,543162368,463904768,553648128,,,,,,,,3.2942998223006725,,
1791472329.0914183,601172,frontend_frame,3233,0,28281,88,8,409535488,543162368,463904768,553648128,,,,,,,,,,
1791472329.4234579,601172,tracking_feedback_accumulate,3234,,28281,,,413450240,543162368,463904768,553648128,,,,,,,,2.8535001911222935,,
1791472329.4284575,601172,frontend_frame,3234,0,28281,88,8,402778624,543162368,463904768,553648128,,,,,,,,,,
1791472329.8030615,601172,tracking_feedback_accumulate,3235,,28281,,,406857216,543162368,463904768,553648128,,,,,,,,2.878500148653984,,
1791472329.8080614,601172,frontend_frame,3235,0,28281,88,8,409537536,543162368,463904768,553648128,,,,,,,,,,
1791472330.1062152,601172,tracking_feedback_accumulate,3236,,28281,,,413452288,543162368,463904768,553648128,,,,,,,,2.8961999341845512,,
1791472330.111215,601172,frontend_frame,3236,0,28281,88,8,416132608,545259520,463904768,553648128,,,,,,,,,,
1791472330.4672484,601172,tracking_feedback_accumulate,3237,,28281,,,400183296,545259520,463904768,553648128,,,,,,,,2.9096000362187624,,
1791472330.4722486,601172,frontend_frame,3237,0,28281,88,8,402863616,545259520,463904768,553648128,,,,,,,,,,
1791472330.8504806,601172,tracking_feedback_accumulate,3238,,28281,,,406778368,545259520,463904768,553648128,,,,,,,,3.1460998579859734,,
1791472330.854481,601172,frontend_frame,3238,0,28281,88,8,409458688,545259520,463904768,553648128,,,,,,,,,,
1791472331.2374985,601172,tracking_feedback_accumulate,3239,,28281,,,400185344,545259520,463904768,553648128,,,,,,,,2.8568000998347998,,
1791472331.242499,601172,frontend_frame,3239,0,28281,88,8,402865664,545259520,463904768,553648128,,,,,,,,,,
1791472331.5442646,601172,tracking_feedback_accumulate,3240,,28281,,,406944256,545259520,463904768,553648128,,,,,,,,2.737700007855892,,
1791472331.5502636,601172,frontend_frame,3240,0,28281,88,8,409624576,497025024,463904768,553648128,,,,,,,,,,
1791472331.8713331,601172,tracking_feedback_accumulate,3241,,28281,,,413457408,543162368,463904768,553648128,,,,,,,,2.9150000773370266,,
1791472331.8763342,601172,frontend_frame,3241,0,28281,88,8,402785792,543162368,463904768,553648128,,,,,,,,,,
1791472332.2440348,601172,tracking_feedback_accumulate,3242,,28281,,,406864384,543162368,463904768,553648128,,,,,,,,2.8423999901860952,,
1791472332.2490346,601172,frontend_frame,3242,0,28281,88,8,409544704,543162368,463904768,553648128,,,,,,,,,,
1791472332.633745,601172,tracking_feedback_accumulate,3243,,28281,,,413623296,543162368,463904768,553648128,,,,,,,,2.930999966338277,,
1791472332.639249,601172,frontend_frame,3243,0,28281,88,8,416303616,545259520,463904768,553648128,,,,,,,,,,
1791472333.0294902,601172,tracking_feedback_accumulate,3244,,28281,,,400108544,545259520,463904768,553648128,,,,,,,,2.8632001485675573,,
1791472333.03349,601172,frontend_frame,3244,0,28281,88,8,402788864,545259520,463904768,553648128,,,,,,,,,,
1791472333.3500545,601172,tracking_feedback_accumulate,3245,,28281,,,406949376,545259520,463904768,553648128,,,,,,,,3.0179000459611416,,
1791472333.354056,601172,frontend_frame,3245,0,28281,88,8,409629696,545259520,463904768,553648128,,,,,,,,,,
1791472333.701263,601172,tracking_feedback_accumulate,3246,,28281,,,413462528,545259520,463904768,553648128,,,,,,,,2.9833000153303146,,
1791472333.7072628,601172,frontend_frame,3246,0,28281,88,8,402790912,545259520,463904768,553648128,,,,,,,,,,
1791472334.0849745,601172,tracking_feedback_accumulate,3247,,28281,,,406951424,545259520,463904768,553648128,,,,,,,,2.9287999495863914,,
1791472334.0899758,601172,frontend_frame,3247,0,28281,88,8,409631744,545259520,463904768,553648128,,,,,,,,,,
1791472334.487524,601172,tracking_feedback_accumulate,3248,,28281,,,413546496,545259520,463904768,553648128,,,,,,,,2.988700056448579,,
1791472334.491523,601172,frontend_frame,3248,0,28281,88,8,416226816,545259520,463904768,553648128,,,,,,,,,,
1791472334.873305,601172,tracking_feedback_accumulate,3249,,28281,,,400113664,545259520,463904768,553648128,,,,,,,,2.983800135552883,,
1791472334.877305,601172,frontend_frame,3249,0,28281,88,8,402793984,545259520,463904768,553648128,,,,,,,,,,
1791472335.2614923,601172,tracking_feedback_accumulate,3250,,28281,,,406872576,545259520,463904768,553648128,,,,,,,,2.908000024035573,,
1791472335.2664921,601172,frontend_frame,3250,0,28281,88,8,409552896,497025024,463904768,553648128,,,,,,,,,,
1791472335.6721563,601172,tracking_feedback_accumulate,3251,,28281,,,413631488,543162368,463904768,553648128,,,,,,,,2.889900002628565,,
1791472335.6771579,601172,frontend_frame,3251,0,28281,88,8,402959872,543162368,463904768,553648128,,,,,,,,,,
1791472336.0825322,601172,tracking_feedback_accumulate,3252,,28281,,,406874624,543162368,463904768,553648128,,,,,,,,2.845600014552474,,
1791472336.0865326,601172,frontend_frame,3252,0,28281,88,8,409554944,543162368,463904768,553648128,,,,,,,,,,
1791472336.4660778,601172,tracking_feedback_accumulate,3253,,28281,,,413469696,543162368,463904768,553648128,,,,,,,,3.208199981600046,,
1791472336.471077,601172,frontend_frame,3253,0,28281,88,8,416150016,545259520,463904768,553648128,,,,,,,,,,
1791472336.891239,601172,tracking_feedback_accumulate,3254,,28281,,,400200704,545259520,463904768,553648128,,,,,,,,3.069800091907382,,
1791472336.8962374,601172,frontend_frame,3254,0,28281,88,8,402881024,545259520,463904768,553648128,,,,,,,,,,
1791472337.278479,601172,tracking_feedback_accumulate,3255,,28281,,,406795776,545259520,463904768,553648128,,,,,,,,2.9730000533163548,,
1791472337.282479,601172,frontend_frame,3255,0,28281,88,8,409476096,545259520,463904768,553648128,,,,,,,,,,
1791472337.6612227,601172,tracking_feedback_accumulate,3256,,28281,,,400284672,545259520,463904768,553648128,,,,,,,,2.9631999786943197,,
1791472337.6662228,601172,frontend_frame,3256,0,28281,88,8,402964992,545259520,463904768,553648128,,,,,,,,,,
1791472337.9312456,601172,tracking_feedback_accumulate,3257,,28281,,,406879744,545259520,463904768,553648128,,,,,,,,2.9923999682068825,,
1791472337.9352455,601172,frontend_frame,3257,0,28281,88,8,409560064,545259520,463904768,553648128,,,,,,,,,,
1791472338.2540164,601172,tracking_feedback_accumulate,3258,,28281,,,413474816,545259520,463904768,553648128,,,,,,,,2.941400045529008,,
1791472338.2590165,601172,frontend_frame,3258,0,28281,88,8,402803200,545259520,463904768,553648128,,,,,,,,,,
1791472338.6177545,601172,tracking_feedback_accumulate,3259,,28281,,,406881792,545259520,463904768,553648128,,,,,,,,2.8409999795258045,,
1791472338.6217544,601172,frontend_frame,3259,0,28281,88,8,409562112,545259520,463904768,553648128,,,,,,,,,,
1791472338.970315,601172,tracking_feedback_accumulate,3260,,28281,,,413640704,545259520,463904768,553648128,,,,,,,,2.986400155350566,,
1791472338.9753149,601172,frontend_frame,3260,0,28281,88,8,416321024,501219328,463904768,553648128,,,,,,,,,,
1791472339.3065164,601172,tracking_feedback_accumulate,3261,,28281,,,400125952,543162368,463904768,553648128,,,,,,,,2.8911998961120844,,
1791472339.3115177,601172,frontend_frame,3261,0,28281,88,8,402806272,543162368,463904768,553648128,,,,,,,,,,
1791472339.618289,601172,tracking_feedback_accumulate,3262,,28281,,,406966784,543162368,463904768,553648128,,,,,,,,2.907400019466877,,
1791472339.6232889,601172,frontend_frame,3262,0,28281,88,8,409647104,543162368,463904768,553648128,,,,,,,,,,
1791472340.0297813,601172,tracking_feedback_accumulate,3263,,28281,,,413479936,543162368,463904768,553648128,,,,,,,,2.8722998686134815,,
1791472340.0347815,601172,frontend_frame,3263,0,28281,88,8,402808320,543162368,463904768,553648128,,,,,,,,,,
1791472340.414823,601172,tracking_feedback_accumulate,3264,,28281,,,406968832,543162368,463904768,553648128,,,,,,,,2.9901000671088696,,
1791472340.4198232,601172,frontend_frame,3264,0,28281,88,8,409649152,543162368,463904768,553648128,,,,,,,,,,
1791472340.7005277,601172,tracking_feedback_accumulate,3265,,28281,,,413481984,543162368,463904768,553648128,,,,,,,,2.971100155264139,,
1791472340.7055273,601172,frontend_frame,3265,0,28281,88,8,416162304,545259520,463904768,553648128,,,,,,,,,,
1791472341.0739455,601172,tracking_feedback_accumulate,3266,,28281,,,400212992,545259520,463904768,553648128,,,,,,,,2.8697000816464424,,
1791472341.0789454,601172,frontend_frame,3266,0,28281,88,8,402893312,545259520,463904768,553648128,,,,,,,,,,
1791472341.5034854,601172,tracking_feedback_accumulate,3267,,28281,,,406971904,545259520,463904768,553648128,,,,,,,,2.9157998505979776,,
1791472341.509042,601172,frontend_frame,3267,0,28281,88,8,409652224,545259520,463904768,553648128,,,,,,,,,,
1791472341.8882957,601172,tracking_feedback_accumulate,3268,,28281,,,413485056,545259520,463904768,553648128,,,,,,,,2.998699899762869,,
1791472341.8932955,601172,frontend_frame,3268,0,28281,88,8,402813440,545259520,463904768,553648128,,,,,,,,,,
1791472342.28448,601172,tracking_feedback_accumulate,3269,,28281,,,406973952,545259520,463904768,553648128,,,,,,,,2.8297998942434788,,
1791472342.2894802,601172,frontend_frame,3269,0,28281,88,8,409654272,545259520,463904768,553648128,,,,,,,,,,
1791472342.6536815,601172,tracking_feedback_accumulate,3270,,28281,,,413569024,545259520,463904768,553648128,,,,,,,,2.935199998319149,,
1791472342.6586826,601172,frontend_frame,3270,0,28281,88,8,416249344,501219328,463904768,553648128,,,,,,,,,,
1791472343.046852,601172,tracking_feedback_accumulate,3271,,28281,,,400136192,543162368,463904768,553648128,,,,,,,,3.0040000565350056,,
1791472343.051856,601172,frontend_frame,3271,0,28281,88,8,402816512,543162368,463904768,553648128,,,,,,,,,,
1791472343.4118848,601172,tracking_feedback_accumulate,3272,,28281,,,406895104,543162368,463904768,553648128,,,,,,,,2.935900120064616,,
1791472343.4168851,601172,frontend_frame,3272,0,28281,88,8,409575424,543162368,463904768,553648128,,,,,,,,,,
1791472343.8250194,601172,tracking_feedback_accumulate,3273,,28281,,,400138240,543162368,463904768,553648128,,,,,,,,2.9269999358803034,,
1791472343.8300214,601172,frontend_frame,3273,0,28281,88,8,402818560,543162368,463904768,553648128,,,,,,,,,,
1791472344.1702468,601172,tracking_feedback_accumulate,3274,,28281,,,406979072,543162368,463904768,553648128,,,,,,,,2.848000032827258,,
1791472344.1752465,601172,frontend_frame,3274,0,28281,88,8,409659392,543162368,463904768,553648128,,,,,,,,,,
1791472344.4102921,601172,tracking_feedback_accumulate,3275,,28281,,,413574144,543162368,463904768,553648128,,,,,,,,2.9090000316500664,,
1791472344.4152923,601172,frontend_frame,3275,0,28281,88,8,402902528,543162368,463904768,553648128,,,,,,,,,,
1791472344.6654716,601172,tracking_feedback_accumulate,3276,,28281,,,406981120,543162368,463904768,553648128,,,,,,,,2.928399946540594,,
1791472344.6694715,601172,frontend_frame,3276,0,28281,88,8,409661440,543162368,463904768,553648128,,,,,,,,,,
1791472345.015568,601172,tracking_feedback_accumulate,3277,,28281,,,413494272,543162368,463904768,553648128,,,,,,,,2.944699954241514,,
1791472345.020568,601172,frontend_frame,3277,0,28281,88,8,416174592,545259520,463904768,553648128,,,,,,,,,,
1791472345.380924,601172,tracking_feedback_accumulate,3278,,28281,,,400225280,545259520,463904768,553648128,,,,,,,,2.8309000190347433,,
1791472345.3859239,601172,frontend_frame,3278,0,28281,88,8,402905600,545259520,463904768,553648128,,,,,,,,,,
1791472345.6391485,601172,tracking_feedback_accumulate,3279,,28281,,,406820352,545259520,463904768,553648128,,,,,,,,2.93960003182292,,
1791472345.644655,601172,frontend_frame,3279,0,28281,88,8,409500672,545259520,463904768,553648128,,,,,,,,,,
1791472346.0524483,601172,tracking_feedback_accumulate,3280,,28281,,,413579264,545259520,463904768,553648128,,,,,,,,3.00180003978312,,
1791472346.0584478,601172,frontend_frame,3280,0,28281,88,8,402907648,497025024,463904768,553648128,,,,,,,,,,
1791472346.4479842,601172,tracking_feedback_accumulate,3281,,28281,,,406986240,538968064,463904768,553648128,,,,,,,,2.9060000088065863,,
1791472346.451984,601172,frontend_frame,3281,0,28281,88,8,409666560,538968064,463904768,553648128,,,,,,,,,,
1791472346.8627589,601172,tracking_feedback_accumulate,3282,,28281,,,413499392,543162368,463904768,553648128,,,,,,,,2.939700148999691,,
1791472346.867759,601172,frontend_frame,3282,0,28281,88,8,416179712,545259520,463904768,553648128,,,,,,,,,,
1791472347.2835276,601172,tracking_feedback_accumulate,3283,,28281,,,400312320,545259520,463904768,553648128,,,,,,,,2.9645999893546104,,
1791472347.2885277,601172,frontend_frame,3283,0,28281,88,8,402992640,545259520,463904768,553648128,,,,,,,,,,
1791472347.6961367,601172,tracking_feedback_accumulate,3284,,28281,,,406825472,545259520,463904768,553648128,,,,,,,,2.872300101444125,,
1791472347.701138,601172,frontend_frame,3284,0,28281,88,8,409505792,545259520,463904768,553648128,,,,,,,,,,
1791472348.0592563,601172,tracking_feedback_accumulate,3285,,28281,,,413666304,545259520,463904768,553648128,,,,,,,,2.8694998472929,,
1791472348.0652585,601172,frontend_frame,3285,0,28281,88,8,402994688,545259520,463904768,553648128,,,,,,,,,,
1791472348.374777,601172,tracking_feedback_accumulate,3286,,28281,,,406909440,545259520,463904768,553648128,,,,,,,,2.946500200778246,,
1791472348.379777,601172,frontend_frame,3286,0,28281,88,8,409589760,545259520,463904768,553648128,,,,,,,,,,
1791472348.7660563,601172,tracking_feedback_accumulate,3287,,28281,,,413504512,545259520,463904768,553648128,,,,,,,,3.028100123628974,,
1791472348.7710562,601172,frontend_frame,3287,0,28281,88,8,416184832,545259520,463904768,553648128,,,,,,,,,,
1791472349.126667,601172,tracking_feedback_accumulate,3288,,28281,,,400235520,545259520,463904768,553648128,,,,,,,,2.950299996882677,,
1791472349.13067,601172,frontend_frame,3288,0,28281,88,8,402915840,545259520,463904768,553648128,,,,,,,,,,
1791472349.540256,601172,tracking_feedback_accumulate,3289,,28281,,,406830592,545259520,463904768,553648128,,,,,,,,3.043200122192502,,
1791472349.54476,601172,frontend_frame,3289,0,28281,88,8,409510912,545259520,463904768,553648128,,,,,,,,,,
1791472349.9443443,601172,tracking_feedback_accumulate,3290,,28281,,,400237568,545259520,463904768,553648128,,,,,,,,2.9153001960366964,,
1791472349.949347,601172,frontend_frame,3290,0,28281,88,8,402917888,497025024,463904768,553648128,,,,,,,,,,
1791472350.3049648,601172,tracking_feedback_accumulate,3291,,28281,,,406832640,538968064,463904768,553648128,,,,,,,,2.9678000137209892,,
1791472350.3099647,601172,frontend_frame,3291,0,28281,88,8,409512960,538968064,463904768,553648128,,,,,,,,,,
1791472350.6637685,601172,tracking_feedback_accumulate,3292,,28281,,,413591552,543162368,463904768,553648128,,,,,,,,2.7799000963568687,,
1791472350.6697683,601172,frontend_frame,3292,0,28281,88,8,402919936,543162368,463904768,553648128,,,,,,,,,,
1791472351.049105,601172,tracking_feedback_accumulate,3293,,28281,,,406834688,543162368,463904768,553648128,,,,,,,,2.924199914559722,,
1791472351.0541048,601172,frontend_frame,3293,0,28281,88,8,409515008,543162368,463904768,553648128,,,,,,,,,,
1791472351.2564492,601172,tracking_feedback_accumulate,3294,,28281,,,413593600,543162368,463904768,553648128,,,,,,,,3.0586000066250563,,
1791472351.261449,601172,frontend_frame,3294,0,28281,88,8,416273920,545259520,463904768,553648128,,,,,,,,,,
1791472351.6212225,601172,tracking_feedback_accumulate,3295,,28281,,,400324608,545259520,463904768,553648128,,,,,,,,2.993799978867173,,
1791472351.6262226,601172,frontend_frame,3295,0,28281,88,8,403004928,545259520,463904768,553648128,,,,,,,,,,
1791472352.0033932,601172,tracking_feedback_accumulate,3296,,28281,,,406919680,545259520,463904768,553648128,,,,,,,,2.8973000589758158,,
1791472352.0083933,601172,frontend_frame,3296,0,28281,88,8,409600000,545259520,463904768,553648128,,,,,,,,,,
1791472352.3945105,601172,tracking_feedback_accumulate,3297,,28281,,,413514752,545259520,463904768,553648128,,,,,,,,2.927300054579973,,
1791472352.3995109,601172,frontend_frame,3297,0,28281,88,8,402843136,545259520,463904768,553648128,,,,,,,,,,
1791472352.6937375,601172,tracking_feedback_accumulate,3298,,28281,,,407003648,545259520,463904768,553648128,,,,,,,,3.126199822872877,,
1791472352.6997373,601172,frontend_frame,3298,0,28281,88,8,409683968,545259520,463904768,553648128,,,,,,,,,,
1791472353.0588887,601172,tracking_feedback_accumulate,3299,,28281,,,413598720,545259520,463904768,553648128,,,,,,,,3.0420999974012375,,
1791472353.0638883,601172,frontend_frame,3299,0,28281,88,8,416279040,545259520,463904768,553648128,,,,,,,,,,
1791472353.3946562,601172,tracking_feedback_accumulate,3300,,28281,,,400165888,545259520,463904768,553648128,,,,,,,,3.039899980649352,,
1791472353.3996563,601172,frontend_frame,3300,0,28281,88,8,402846208,497025024,463904768,553648128,,,,,,,,,,
1791472353.7350154,601172,tracking_feedback_accumulate,3301,,28281,,,406924800,538968064,463904768,553648128,,,,,,,,2.8480999171733856,,
1791472353.7400148,601172,frontend_frame,3301,0,28281,88,8,409605120,538968064,463904768,553648128,,,,,,,,,,
1791472354.128504,601172,tracking_feedback_accumulate,3302,,28281,,,413519872,543162368,463904768,553648128,,,,,,,,2.870299853384495,,
1791472354.1335058,601172,frontend_frame,3302,0,28281,88,8,402848256,543162368,463904768,553648128,,,,,,,,,,
1791472354.5065458,601172,tracking_feedback_accumulate,3303,,28281,,,407008768,543162368,463904768,553648128,,,,,,,,2.976600080728531,,
1791472354.5115457,601172,frontend_frame,3303,0,28281,88,8,409689088,543162368,463904768,553648128,,,,,,,,,,
1791472354.8806262,601172,tracking_feedback_accumulate,3304,,28281,,,413521920,543162368,463904768,553648128,,,,,,,,2.8868999797850847,,
1791472354.886626,601172,frontend_frame,3304,0,28281,88,8,416202240,545259520,463904768,553648128,,,,,,,,,,
1791472355.254257,601172,tracking_feedback_accumulate,3305,,28281,,,400334848,545259520,463904768,553648128,,,,,,,,2.8621999081224203,,
1791472355.258257,601172,frontend_frame,3305,0,28281,88,8,403015168,545259520,463904768,553648128,,,,,,,,,,
1791472355.6183608,601172,tracking_feedback_accumulate,3306,,28281,,,406848000,545259520,463904768,553648128,,,,,,,,3.2128000166267157,,
1791472355.622358,601172,frontend_frame,3306,0,28281,88,8,409528320,545259520,463904768,553648128,,,,,,,,,,
1791472356.0617716,601172,tracking_feedback_accumulate,3307,,28281,,,400254976,545259520,463904768,553648128,,,,,,,,2.8891998808830976,,
1791472356.0657713,601172,frontend_frame,3307,0,28281,88,8,402935296,545259520,463904768,553648128,,,,,,,,,,
1791472356.4292974,601172,tracking_feedback_accumulate,3308,,28281,,,407013888,545259520,463904768,553648128,,,,,,,,2.840300090610981,,
1791472356.433301,601172,frontend_frame,3308,0,28281,88,8,409694208,545259520,463904768,553648128,,,,,,,,,,
1791472356.7776308,601172,tracking_feedback_accumulate,3309,,28281,,,413608960,545259520,463904768,553648128,,,,,,,,2.914499957114458,,
1791472356.782631,601172,frontend_frame,3309,0,28281,88,8,402937344,545259520,463904768,553648128,,,,,,,,,,
1791472357.1876752,601172,tracking_feedback_accumulate,3310,,28281,,,406852096,545259520,463904768,553648128,,,,,,,,2.921900013461709,,
1791472357.192675,601172,frontend_frame,3310,0,28281,88,8,409532416,497025024,463904768,553648128,,,,,,,,,,
1791472357.5865884,601172,tracking_feedback_accumulate,3311,,28281,,,413611008,543162368,463904768,553648128,,,,,,,,2.9909000732004642,,
1791472357.5915883,601172,frontend_frame,3311,0,28281,88,8,416291328,545259520,463904768,553648128,,,,,,,,,,
1791472357.9567225,601172,tracking_feedback_accumulate,3312,,28281,,,400178176,545259520,463904768,553648128,,,,,,,,2.8741999994963408,,
1791472357.9617233,601172,frontend_frame,3312,0,28281,88,8,402858496,545259520,463904768,553648128,,,,,,,,,,
1791472358.3493836,601172,tracking_feedback_accumulate,3313,,28281,,,407019008,545259520,463904768,553648128,,,,,,,,2.868399955332279,,
1791472358.354385,601172,frontend_frame,3313,0,28281,88,8,409699328,545259520,463904768,553648128,,,,,,,,,,
1791472358.6860147,601172,tracking_feedback_accumulate,3314,,28281,,,413532160,545259520,463904768,553648128,,,,,,,,2.911600051447749,,
1791472358.692015,601172,frontend_frame,3314,0,28281,88,8,402860544,545259520,463904768,553648128,,,,,,,,,,
1791472359.053638,601172,tracking_feedback_accumulate,3315,,28281,,,407021056,545259520,463904768,553648128,,,,,,,,2.911800052970648,,
1791472359.0586395,601172,frontend_frame,3315,0,28281,88,8,409701376,545259520,463904768,553648128,,,,,,,,,,
1791472359.4386642,601172,tracking_feedback_accumulate,3316,,28281,,,413616128,545259520,463904768,553648128,,,,,,,,2.877000020816922,,
1791472359.4436643,601172,frontend_frame,3316,0,28281,88,8,416296448,545259520,463904768,553648128,,,,,,,,,,
1791472359.6818075,601172,tracking_feedback_accumulate,3317,,28281,,,400183296,545259520,463904768,553648128,,,,,,,,2.911200048401952,,
1791472359.6868095,601172,frontend_frame,3317,0,28281,88,8,402863616,545259520,463904768,553648128,,,,,,,,,,
1791472360.0414577,601172,tracking_feedback_accumulate,3318,,28281,,,406942208,545259520,463904768,553648128,,,,,,,,2.845000009983778,,
1791472360.0464578,601172,frontend_frame,3318,0,28281,88,8,409622528,545259520,463904768,553648128,,,,,,,,,,
1791472360.3964863,601172,tracking_feedback_accumulate,3319,,28281,,,413537280,545259520,463904768,553648128,,,,,,,,2.865100046619773,,
1791472360.4014866,601172,frontend_frame,3319,0,28281,88,8,402865664,545259520,463904768,553648128,,,,,,,,,,
1791472360.7601485,601172,tracking_feedback_accumulate,3320,,28281,,,406944256,545259520,463904768,553648128,,,,,,,,2.8969000559300184,,
1791472360.7651486,601172,frontend_frame,3320,0,28281,88,8,409624576,497025024,463904768,553648128,,,,,,,,,,
1791472361.1298652,601172,tracking_feedback_accumulate,3321,,28281,,,413539328,543162368,463904768,553648128,,,,,,,,2.7938999701291323,,
1791472361.134865,601172,frontend_frame,3321,0,28281,88,8,416219648,545259520,463904768,553648128,,,,,,,,,,
1791472361.5309448,601172,tracking_feedback_accumulate,3322,,28281,,,400270336,545259520,463904768,553648128,,,,,,,,2.9044998809695244,,
1791472361.5359511,601172,frontend_frame,3322,0,28281,88,8,402950656,545259520,463904768,553648128,,,,,,,,,,
1791472361.9166656,601172,tracking_feedback_accumulate,3323,,28281,,,406865408,545259520,463904768,553648128,,,,,,,,2.961300080642104,,
1791472361.9206655,601172,frontend_frame,3323,0,28281,88,8,409545728,545259520,463904768,553648128,,,,,,,,,,
1791472362.240888,601172,tracking_feedback_accumulate,3324,,28281,,,400354304,545259520,463904768,553648128,,,,,,,,3.2740000169724226,,
1791472362.2468877,601172,frontend_frame,3324,0,28281,88,8,403034624,545259520,463904768,553648128,,,,,,,,,,
1791472362.6196928,601172,tracking_feedback_accumulate,3325,,28281,,,406867456,545259520,463904768,553648128,,,,,,,,2.8535998426377773,,
1791472362.624693,601172,frontend_frame,3325,0,28281,88,8,409547776,545259520,463904768,553648128,,,,,,,,,,
1791472363.0104902,601172,tracking_feedback_accumulate,3326,,28281,,,413626368,545259520,463904768,553648128,,,,,,,,2.946200082078576,,
1791472363.0154922,601172,frontend_frame,3326,0,28281,88,8,402954752,545259520,463904768,553648128,,,,,,,,,,
1791472363.401594,601172,tracking_feedback_accumulate,3327,,28281,,,406869504,545259520,463904768,553648128,,,,,,,,2.8933000285178423,,
1791472363.4055936,601172,frontend_frame,3327,0,28281,88,8,409549824,545259520,463904768,553648128,,,,,,,,,,
1791472363.7383475,601172,tracking_feedback_accumulate,3328,,28281,,,413710336,545259520,463904768,553648128,,,,,,,,2.9352998826652765,,
1791472363.7423468,601172,frontend_frame,3328,0,28281,88,8,416390656,545259520,463904768,553648128,,,,,,,,,,
1791472364.1804667,601172,tracking_feedback_accumulate,3329,,28281,,,400195584,545259520,463904768,553648128,,,,,,,,2.961799968034029,,
1791472364.1854665,601172,frontend_frame,3329,0,28281,88,8,402875904,545259520,463904768,553648128,,,,,,,,,,
1791472364.4984913,601172,tracking_feedback_accumulate,3330,,28281,,,406954496,545259520,463904768,553648128,,,,,,,,2.95290001668036,,
1791472364.5040247,601172,frontend_frame,3330,0,28281,88,8,409634816,497025024,463904768,553648128,,,,,,,,,,
1791472364.8816578,601172,tracking_feedback_accumulate,3331,,28281,,,413713408,543162368,463904768,553648128,,,,,,,,2.9341999907046556,,
1791472364.886657,601172,frontend_frame,3331,0,28281,88,8,403041792,543162368,463904768,553648128,,,,,,,,,,
1791472365.2548008,601172,tracking_feedback_accumulate,3332,,28281,,,406874624,543162368,463904768,553648128,,,,,,,,2.7947998605668545,,
1791472365.259801,601172,frontend_frame,3332,0,28281,88,8,409554944,543162368,463904768,553648128,,,,,,,,,,
1791472365.612372,601172,tracking_feedback_accumulate,3333,,28281,,,413633536,543162368,463904768,553648128,,,,,,,,2.7712001465260983,,
1791472365.6173718,601172,frontend_frame,3333,0,28281,88,8,416313856,545259520,463904768,553648128,,,,,,,,,,
1791472365.9520302,601172,tracking_feedback_accumulate,3334,,28281,,,400200704,545259520,463904768,553648128,,,,,,,,2.894800156354904,,
1791472365.9565344,601172,frontend_frame,3334,0,28281,88,8,402881024,545259520,463904768,553648128,,,,,,,,,,
1791472366.3509579,601172,tracking_feedback_accumulate,3335,,28281,,,407041536,545259520,463904768,553648128,,,,,,,,2.9437001794576645,,
1791472366.3564634,601172,frontend_frame,3335,0,28281,88,8,409721856,545259520,463904768,553648128,,,,,,,,,,
1791472366.7890594,601172,tracking_feedback_accumulate,3336,,28281,,,413554688,545259520,463904768,553648128,,,,,,,,2.953499788418412,,
1791472366.7950592,601172,frontend_frame,3336,0,28281,88,8,402883072,545259520,463904768,553648128,,,,,,,,,,
1791472367.1882236,601172,tracking_feedback_accumulate,3337,,28281,,,406961664,545259520,463904768,553648128,,,,,,,,2.9090000316500664,,
1791472367.1922252,601172,frontend_frame,3337,0,28281,88,8,409641984,545259520,463904768,553648128,,,,,,,,,,
1791472367.5904055,601172,tracking_feedback_accumulate,3338,,28281,,,413720576,545259520,463904768,553648128,,,,,,,,2.921900013461709,,
1791472367.5954053,601172,frontend_frame,3338,0,28281,88,8,416400896,545259520,463904768,553648128,,,,,,,,,,
1791472367.921512,601172,tracking_feedback_accumulate,3339,,28281,,,400205824,545259520,463904768,553648128,,,,,,,,2.9682000167667866,,
1791472367.9265122,601172,frontend_frame,3339,0,28281,88,8,402886144,545259520,463904768,553648128,,,,,,,,,,
1791472368.295627,601172,tracking_feedback_accumulate,3340,,28281,,,406964736,545259520,463904768,553648128,,,,,,,,2.9847000259906054,,
1791472368.3016272,601172,frontend_frame,3340,0,28281,88,8,409645056,497025024,463904768,553648128,,,,,,,,,,
1791472368.6332853,601172,tracking_feedback_accumulate,3341,,28281,,,400207872,543162368,463904768,553648128,,,,,,,,3.2560001127421856,,
1791472368.6382878,601172,frontend_frame,3341,0,28281,88,8,402888192,543162368,463904768,553648128,,,,,,,,,,
1791472368.9830105,601172,tracking_feedback_accumulate,3342,,28281,,,406966784,543162368,463904768,553648128,,,,,,,,2.9229000210762024,,
1791472368.9880106,601172,frontend_frame,3342,0,28281,88,8,409647104,543162368,463904768,553648128,,,,,,,,,,
1791472369.405102,601172,tracking_feedback_accumulate,3343,,28281,,,413561856,543162368,463904768,553648128,,,,,,,,2.888699993491173,,
1791472369.4101021,601172,frontend_frame,3343,0,28281,88,8,402890240,543162368,463904768,553648128,,,,,,,,,,
1791472369.7446206,601172,tracking_feedback_accumulate,3344,,28281,,,406968832,543162368,463904768,553648128,,,,,,,,2.9558001551777124,,
1791472369.7496204,601172,frontend_frame,3344,0,28281,88,8,409649152,543162368,463904768,553648128,,,,,,,,,,
1791472370.182262,601172,tracking_feedback_accumulate,3345,,28281,,,413563904,543162368,463904768,553648128,,,,,,,,2.9085001442581415,,
1791472370.187262,601172,frontend_frame,3345,0,28281,88,8,416244224,545259520,463904768,553648128,,,,,,,,,,
1791472370.5818872,601172,tracking_feedback_accumulate,3346,,28281,,,400294912,545259520,463904768,553648128,,,,,,,,2.9593000654131174,,
1791472370.5868874,601172,frontend_frame,3346,0,28281,88,8,402975232,545259520,463904768,553648128,,,,,,,,,,
1791472371.0303,601172,tracking_feedback_accumulate,3347,,28281,,,407053824,545259520,463904768,553648128,,,,,,,,2.8275998774915934,,
1791472371.0352998,601172,frontend_frame,3347,0,28281,88,8,409734144,545259520,463904768,553648128,,,,,,,,,,
1791472371.304351,601172,tracking_feedback_accumulate,3348,,28281,,,413648896,545259520,463904768,553648128,,,,,,,,3.0016000382602215,,
1791472371.3103523,601172,frontend_frame,3348,0,28281,88,8,402977280,545259520,463904768,553648128,,,,,,,,,,
1791472371.6344943,601172,tracking_feedback_accumulate,3349,,28281,,,407055872,545259520,463904768,553648128,,,,,,,,2.844299888238311,,
1791472371.638494,601172,frontend_frame,3349,0,28281,88,8,409736192,545259520,463904768,553648128,,,,,,,,,,
1791472371.9913669,601172,tracking_feedback_accumulate,3350,,28281,,,413569024,545259520,463904768,553648128,,,,,,,,2.9904998373240232,,
1791472371.9973671,601172,frontend_frame,3350,0,28281,88,8,416249344,501219328,463904768,553648128,,,,,,,,,,
1791472372.3724446,601172,tracking_feedback_accumulate,3351,,28281,,,400381952,543162368,463904768,553648128,,,,,,,,2.795599866658449,,
1791472372.3774445,601172,frontend_frame,3351,0,28281,88,8,403062272,543162368,463904768,553648128,,,,,,,,,,
1791472372.761186,601172,tracking_feedback_accumulate,3352,,28281,,,406977024,543162368,463904768,553648128,,,,,,,,2.932199975475669,,
1791472372.7661855,601172,frontend_frame,3352,0,28281,88,8,409657344,543162368,463904768,553648128,,,,,,,,,,
1791472373.1888027,601172,tracking_feedback_accumulate,3353,,28281,,,413735936,543162368,463904768,553648128,,,,,,,,3.007099963724613,,
1791472373.1948028,601172,frontend_frame,3353,0,28281,88,8,403064320,543162368,463904768,553648128,,,,,,,,,,
1791472373.573382,601172,tracking_feedback_accumulate,3354,,28281,,,406979072,543162368,463904768,553648128,,,,,,,,3.0825999565422535,,
1791472373.577384,601172,frontend_frame,3354,0,28281,88,8,409659392,543162368,463904768,553648128,,,,,,,,,,
1791472373.905181,601172,tracking_feedback_accumulate,3355,,28281,,,413737984,543162368,463904768,553648128,,,,,,,,2.873999997973442,,
1791472373.910181,601172,frontend_frame,3355,0,28281,88,8,416418304,545259520,463904768,553648128,,,,,,,,,,
1791472374.3084078,601172,tracking_feedback_accumulate,3356,,28281,,,400305152,545259520,463904768,553648128,,,,,,,,2.8988998383283615,,
1791472374.313407,601172,frontend_frame,3356,0,28281,88,8,402985472,545259520,463904768,553648128,,,,,,,,,,
1791472374.6184916,601172,tracking_feedback_accumulate,3357,,28281,,,406900224,545259520,463904768,553648128,,,,,,,,2.933399984613061,,
1791472374.6224916,601172,frontend_frame,3357,0,28281,88,8,409580544,545259520,463904768,553648128,,,,,,,,,,
1791472375.0137634,601172,tracking_feedback_accumulate,3358,,28281,,,400389120,545259520,463904768,553648128,,,,,,,,2.6525999419391155,,
1791472375.0187643,601172,frontend_frame,3358,0,28281,88,8,403069440,545259520,463904768,553648128,,,,,,,,,,
1791472375.3233547,601172,tracking_feedback_accumulate,3359,,28281,,,406984192,545259520,463904768,553648128,,,,,,,,3.180400002747774,,
1791472375.3293545,601172,frontend_frame,3359,0,28281,88,8,409664512,545259520,463904768,553648128,,,,,,,,,,
1791472375.6359384,601172,tracking_feedback_accumulate,3360,,28281,,,413579264,545259520,463904768,553648128,,,,,,,,2.898000180721283,,
1791472375.64194,601172,frontend_frame,3360,0,28281,88,8,402907648,497025024,463904768,553648128,,,,,,,,,,
1791472376.027409,601172,tracking_feedback_accumulate,3361,,28281,,,406986240,538968064,463904768,553648128,,,,,,,,3.0262998770922422,,
1791472376.0319135,601172,frontend_frame,3361,0,28281,88,8,409666560,538968064,463904768,553648128,,,,,,,,,,
1791472376.4254942,601172,tracking_feedback_accumulate,3362,,28281,,,413581312,543162368,463904768,553648128,,,,,,,,2.862999914214015,,
1791472376.430495,601172,frontend_frame,3362,0,28281,88,8,416261632,545259520,463904768,553648128,,,,,,,,,,
1791472376.753486,601172,tracking_feedback_accumulate,3363,,28281,,,400312320,545259520,463904768,553648128,,,,,,,,2.8741999994963408,,
1791472376.75799,601172,frontend_frame,3363,0,28281,88,8,402992640,545259520,463904768,553648128,,,,,,,,,,
1791472377.098755,601172,tracking_feedback_accumulate,3364,,28281,,,406907392,545259520,463904768,553648128,,,,,,,,2.9486999846994877,,
1791472377.103755,601172,frontend_frame,3364,0,28281,88,8,409587712,545259520,463904768,553648128,,,,,,,,,,
1791472377.5089414,601172,tracking_feedback_accumulate,3365,,28281,,,413748224,545259520,463904768,553648128,,,,,,,,2.8786000330001116,,
1791472377.5139415,601172,frontend_frame,3365,0,28281,88,8,403076608,545259520,463904768,553648128,,,,,,,,,,
1791472377.9334805,601172,tracking_feedback_accumulate,3366,,28281,,,406909440,545259520,463904768,553648128,,,,,,,,2.908100141212344,,
1791472377.9374814,601172,frontend_frame,3366,0,28281,88,8,409589760,545259520,463904768,553648128,,,,,,,,,,
1791472378.3046465,601172,tracking_feedback_accumulate,3367,,28281,,,413668352,545259520,463904768,553648128,,,,,,,,3.1477001029998064,,
1791472378.310647,601172,frontend_frame,3367,0,28281,88,8,416348672,545259520,463904768,553648128,,,,,,,,,,
1791472378.7037024,601172,tracking_feedback_accumulate,3368,,28281,,,400399360,545259520,463904768,553648128,,,,,,,,2.956500044092536,,
1791472378.7087028,601172,frontend_frame,3368,0,28281,88,8,403079680,545259520,463904768,553648128,,,,,,,,,,
1791472379.072057,601172,tracking_feedback_accumulate,3369,,28281,,,406994432,545259520,463904768,553648128,,,,,,,,2.9708000365644693,,
1791472379.0770574,601172,frontend_frame,3369,0,28281,88,8,409674752,545259520,463904768,553648128,,,,,,,,,,
1791472379.3480713,601172,tracking_feedback_accumulate,3370,,28281,,,413753344,545259520,463904768,553648128,,,,,,,,3.2093001063913107,,
1791472379.3540728,601172,frontend_frame,3370,0,28281,88,8,403081728,497025024,463904768,553648128,,,,,,,,,,
1791472379.749346,601172,tracking_feedback_accumulate,3371,,28281,,,406914560,538968064,463904768,553648128,,,,,,,,2.8322997968643904,,
1791472379.753346,601172,frontend_frame,3371,0,28281,88,8,409594880,538968064,463904768,553648128,,,,,,,,,,
1791472380.0244567,601172,tracking_feedback_accumulate,3372,,28281,,,413755392,543162368,463904768,553648128,,,,,,,,2.9319999739527702,,
1791472380.0299654,601172,frontend_frame,3372,0,28281,88,8,416435712,545259520,463904768,553648128,,,,,,,,,,
1791472380.431136,601172,tracking_feedback_accumulate,3373,,28281,,,400322560,545259520,463904768,553648128,,,,,,,,2.9037001077085733,,
1791472380.436136,601172,frontend_frame,3373,0,28281,88,8,403002880,545259520,463904768,553648128,,,,,,,,,,
1791472380.746915,601172,tracking_feedback_accumulate,3374,,28281,,,407081472,545259520,463904768,553648128,,,,,,,,3.0962000600993633,,
1791472380.753915,601172,frontend_frame,3374,0,28281,88,8,409761792,545259520,463904768,553648128,,,,,,,,,,
1791472381.137398,601172,tracking_feedback_accumulate,3375,,28281,,,400324608,545259520,463904768,553648128,,,,,,,,3.0628000386059284,,
1791472381.1423976,601172,frontend_frame,3375,0,28281,88,8,403004928,545259520,463904768,553648128,,,,,,,,,,
1791472381.4304237,601172,tracking_feedback_accumulate,3376,,28281,,,407083520,545259520,463904768,553648128,,,,,,,,2.7559001464396715,,
1791472381.4354239,601172,frontend_frame,3376,0,28281,88,8,409763840,545259520,463904768,553648128,,,,,,,,,,
1791472381.790171,601172,tracking_feedback_accumulate,3377,,28281,,,413678592,545259520,463904768,553648128,,,,,,,,2.967099891975522,,
1791472381.7951722,601172,frontend_frame,3377,0,28281,88,8,403006976,545259520,463904768,553648128,,,,,,,,,,
1791472382.1808708,601172,tracking_feedback_accumulate,3378,,28281,,,406921728,545259520,463904768,553648128,,,,,,,,2.81660002656281,,
1791472382.1858706,601172,frontend_frame,3378,0,28281,88,8,409602048,545259520,463904768,553648128,,,,,,,,,,
1791472382.6025314,601172,tracking_feedback_accumulate,3379,,28281,,,413762560,545259520,463904768,553648128,,,,,,,,2.8458000160753727,,
1791472382.6075313,601172,frontend_frame,3379,0,28281,88,8,416442880,545259520,463904768,553648128,,,,,,,,,,
1791472382.8072224,601172,tracking_feedback_accumulate,3380,,28281,,,400329728,545259520,463904768,553648128,,,,,,,,2.8244000859558582,,
1791472382.812222,601172,frontend_frame,3380,0,28281,88,8,403010048,497025024,463904768,553648128,,,,,,,,,,
1791472383.1943803,601172,tracking_feedback_accumulate,3381,,28281,,,407088640,538968064,463904768,553648128,,,,,,,,3.087300108745694,,
1791472383.1993804,601172,frontend_frame,3381,0,28281,88,8,409768960,538968064,463904768,553648128,,,,,,,,,,
1791472383.5634992,601172,tracking_feedback_accumulate,3382,,28281,,,413683712,543162368,463904768,553648128,,,,,,,,2.8081999626010656,,
1791472383.568499,601172,frontend_frame,3382,0,28281,88,8,403012096,543162368,463904768,553648128,,,,,,,,,,
1791472383.9569912,601172,tracking_feedback_accumulate,3383,,28281,,,406926848,543162368,463904768,553648128,,,,,,,,3.268799977377057,,
1791472383.9614933,601172,frontend_frame,3383,0,28281,88,8,409607168,543162368,463904768,553648128,,,,,,,,,,
1791472384.3522081,601172,tracking_feedback_accumulate,3384,,28281,,,413767680,543162368,463904768,553648128,,,,,,,,2.93929991312325,,
1791472384.3572078,601172,frontend_frame,3384,0,28281,88,8,416448000,545259520,463904768,553648128,,,,,,,,,,
1791472384.654289,601172,tracking_feedback_accumulate,3385,,28281,,,400252928,545259520,463904768,553648128,,,,,,,,2.8788000345230103,,
1791472384.659289,601172,frontend_frame,3385,0,28281,88,8,402933248,545259520,463904768,553648128,,,,,,,,,,
1791472385.0651345,601172,tracking_feedback_accumulate,3386,,28281,,,407093760,545259520,463904768,553648128,,,,,,,,2.881299937143922,,
1791472385.0701349,601172,frontend_frame,3386,0,28281,88,8,409774080,545259520,463904768,553648128,,,,,,,,,,
1791472385.4081612,601172,tracking_feedback_accumulate,3387,,28281,,,413606912,545259520,463904768,553648128,,,,,,,,2.952100010588765,,
1791472385.4131613,601172,frontend_frame,3387,0,28281,88,8,402935296,545259520,463904768,553648128,,,,,,,,,,
1791472385.786417,601172,tracking_feedback_accumulate,3388,,28281,,,407013888,545259520,463904768,553648128,,,,,,,,2.9503998812288046,,
1791472385.7914171,601172,frontend_frame,3388,0,28281,88,8,409694208,545259520,463904768,553648128,,,,,,,,,,
1791472386.149973,601172,tracking_feedback_accumulate,3389,,28281,,,413608960,545259520,463904768,553648128,,,,,,,,2.808899851515889,,
1791472386.1539733,601172,frontend_frame,3389,0,28281,88,8,416289280,545259520,463904768,553648128,,,,,,,,,,
1791472386.4770017,601172,tracking_feedback_accumulate,3390,,28281,,,400421888,545259520,463904768,553648128,,,,,,,,3.0155000276863575,,
1791472386.4830036,601172,frontend_frame,3390,0,28281,88,8,403102208,497025024,463904768,553648128,,,,,,,,,,
1791472386.8607113,601172,tracking_feedback_accumulate,3391,,28281,,,406935040,538968064,463904768,553648128,,,,,,,,2.961099846288562,,
1791472386.8662155,601172,frontend_frame,3391,0,28281,88,8,409615360,538968064,463904768,553648128,,,,,,,,,,
1791472387.2564194,601172,tracking_feedback_accumulate,3392,,28281,,,400423936,543162368,463904768,553648128,,,,,,,,2.8571998700499535,,
1791472387.2604191,601172,frontend_frame,3392,0,28281,88,8,403104256,543162368,463904768,553648128,,,,,,,,,,
1791472387.685026,601172,tracking_feedback_accumulate,3393,,28281,,,407019008,543162368,463904768,553648128,,,,,,,,2.888699993491173,,
1791472387.690026,601172,frontend_frame,3393,0,28281,88,8,409699328,543162368,463904768,553648128,,,,,,,,,,
1791472388.099801,601172,tracking_feedback_accumulate,3394,,28281,,,413777920,543162368,463904768,553648128,,,,,,,,2.9635000973939896,,
1791472388.1048007,601172,frontend_frame,3394,0,28281,88,8,403106304,543162368,463904768,553648128,,,,,,,,,,
1791472388.4883378,601172,tracking_feedback_accumulate,3395,,28281,,,407021056,543162368,463904768,553648128,,,,,,,,2.986599924042821,,
1791472388.4933376,601172,frontend_frame,3395,0,28281,88,8,409701376,543162368,463904768,553648128,,,,,,,,,,
1791472388.82897,601172,tracking_feedback_accumulate,3396,,28281,,,413779968,543162368,463904768,553648128,,,,,,,,2.9015999753028154,,
1791472388.83397,601172,frontend_frame,3396,0,28281,88,8,416460288,545259520,463904768,553648128,,,,,,,,,,
1791472388.8359697,601172,frontend_complete,3397,0,28281,88,8,396432384,545259520,463904768,553648128,,,,,,,,,,
